"Subject","Session","Block","Trial","Shape","Label","Matching","ACC","RT_ms","Response","Age","Sex","Hand"
1,1,1,1,1,3,"Nonmatching",1,623.053465255452,2,22,"f","R"
1,1,1,2,2,3,"Nonmatching",1,574.301888483205,2,22,"f","R"
1,1,1,3,3,3,"Matching",1,464.385587579727,1,22,"f","R"
1,1,1,4,2,2,"Matching",1,599.031894076688,1,22,"f","R"
1,1,1,5,3,2,"Nonmatching",0,543.604975560811,1,22,"f","R"
1,1,1,6,3,1,"Nonmatching",1,875.614408876572,2,22,"f","R"
1,1,1,7,3,3,"Matching",1,841.801229702924,1,22,"f","R"
1,1,1,8,2,3,"Nonmatching",1,641.71604853891,2,22,"f","R"
1,1,1,9,2,2,"Matching",0,457.069425102418,2,22,"f","R"
1,1,1,10,2,1,"Nonmatching",0,904.350525056088,1,22,"f","R"
1,1,1,11,2,2,"Matching",1,885.081531573633,1,22,"f","R"
1,1,1,12,3,3,"Matching",0,834.532759018657,2,22,"f","R"
1,1,1,13,1,2,"Nonmatching",1,689.699123385253,2,22,"f","R"
1,1,1,14,2,2,"Matching",1,598.230490851165,1,22,"f","R"
1,1,1,15,1,3,"Nonmatching",1,816.428290448584,2,22,"f","R"
1,1,1,16,2,1,"Nonmatching",0,601.026497659859,1,22,"f","R"
1,1,1,17,1,1,"Matching",1,570.398405805463,1,22,"f","R"
1,1,1,18,3,3,"Matching",1,797.065422614196,1,22,"f","R"
1,1,1,19,2,1,"Nonmatching",0,526.265084908118,1,22,"f","R"
1,1,1,20,1,1,"Matching",1,530.301983867048,1,22,"f","R"
1,1,1,21,1,2,"Nonmatching",1,637.747065107305,2,22,"f","R"
1,1,1,22,2,3,"Nonmatching",0,781.665501275256,1,22,"f","R"
1,1,1,23,3,2,"Nonmatching",3,1008.35032704481,1,22,"f","R"
1,1,1,24,1,1,"Matching",1,526.990120895334,1,22,"f","R"
1,1,1,25,1,1,"Matching",1,490.97195092645,1,22,"f","R"
1,1,1,26,3,1,"Nonmatching",1,784.311792076551,2,22,"f","R"
1,1,1,27,1,1,"Matching",0,522.351339438956,2,22,"f","R"
1,1,1,28,1,3,"Nonmatching",1,917.091779875591,2,22,"f","R"
1,1,1,29,1,2,"Nonmatching",1,881.698734607198,2,22,"f","R"
1,1,1,30,1,2,"Nonmatching",1,535.120666009789,2,22,"f","R"
1,1,1,31,1,1,"Matching",1,722.993126082201,1,22,"f","R"
1,1,1,32,2,2,"Matching",1,846.953754394235,1,22,"f","R"
1,1,1,33,3,2,"Nonmatching",1,670.938439895508,2,22,"f","R"
1,1,1,34,2,1,"Nonmatching",1,893.267918343554,2,22,"f","R"
1,1,1,35,3,3,"Matching",3,1074.26672333258,1,22,"f","R"
1,1,1,36,3,3,"Matching",1,521.008121227169,1,22,"f","R"
1,1,1,37,2,3,"Nonmatching",1,757.710034543379,2,22,"f","R"
1,1,1,38,2,2,"Matching",1,432.974505153652,1,22,"f","R"
1,1,1,39,1,3,"Nonmatching",1,929.155086806531,2,22,"f","R"
1,1,1,40,1,2,"Nonmatching",1,684.350096433718,2,22,"f","R"
1,1,1,41,3,2,"Nonmatching",0,809.805470046285,1,22,"f","R"
1,1,1,42,3,3,"Matching",1,610.406990328102,1,22,"f","R"
1,1,1,43,1,3,"Nonmatching",1,635.407752491119,2,22,"f","R"
1,1,1,44,1,1,"Matching",1,634.326537292054,1,22,"f","R"
1,1,1,45,2,3,"Nonmatching",1,770.314854613844,2,22,"f","R"
1,1,1,46,2,2,"Matching",1,691.094259244892,1,22,"f","R"
1,1,1,47,2,1,"Nonmatching",1,600.382356611135,2,22,"f","R"
1,1,1,48,2,2,"Matching",1,752.367044527546,1,22,"f","R"
1,1,1,49,3,1,"Nonmatching",1,610.374089028028,2,22,"f","R"
1,1,1,50,3,1,"Nonmatching",1,546.997431624732,2,22,"f","R"
1,1,1,51,2,2,"Matching",1,677.842581505047,1,22,"f","R"
1,1,1,52,1,1,"Matching",1,618.953178470747,1,22,"f","R"
1,1,1,53,1,1,"Matching",1,499.046956231268,1,22,"f","R"
1,1,1,54,3,2,"Nonmatching",1,632.458407513695,2,22,"f","R"
1,1,1,55,3,3,"Matching",0,696.332206578518,2,22,"f","R"
1,1,1,56,3,1,"Nonmatching",0,855.045964966394,1,22,"f","R"
1,1,1,57,3,3,"Matching",1,989.666312639201,1,22,"f","R"
1,1,1,58,1,1,"Matching",1,525.699122178139,1,22,"f","R"
1,1,1,59,2,2,"Matching",1,641.024215698053,1,22,"f","R"
1,1,1,60,3,3,"Matching",1,744.97723143395,1,22,"f","R"
1,1,2,1,2,3,"Nonmatching",1,671.01541082684,2,22,"f","R"
1,1,2,2,2,2,"Matching",1,717.612405217551,1,22,"f","R"
1,1,2,3,3,1,"Nonmatching",1,641.778832670752,2,22,"f","R"
1,1,2,4,3,1,"Nonmatching",1,753.627254872299,2,22,"f","R"
1,1,2,5,2,1,"Nonmatching",1,803.042290887333,2,22,"f","R"
1,1,2,6,3,3,"Matching",1,643.152235561956,1,22,"f","R"
1,1,2,7,3,3,"Matching",1,626.463428432999,1,22,"f","R"
1,1,2,8,1,2,"Nonmatching",1,777.675992262175,2,22,"f","R"
1,1,2,9,1,2,"Nonmatching",1,827.644615288591,2,22,"f","R"
1,1,2,10,1,3,"Nonmatching",1,731.66095848137,2,22,"f","R"
1,1,2,11,2,2,"Matching",1,615.650974596974,1,22,"f","R"
1,1,2,12,2,1,"Nonmatching",1,552.345553036048,2,22,"f","R"
1,1,2,13,3,1,"Nonmatching",1,793.730317439895,2,22,"f","R"
1,1,2,14,3,2,"Nonmatching",1,818.982517978839,2,22,"f","R"
1,1,2,15,1,1,"Matching",1,562.367470131448,1,22,"f","R"
1,1,2,16,3,2,"Nonmatching",1,829.087141094078,2,22,"f","R"
1,1,2,17,2,2,"Matching",1,468.474706032794,1,22,"f","R"
1,1,2,18,3,2,"Nonmatching",1,618.395063757362,2,22,"f","R"
1,1,2,19,1,2,"Nonmatching",1,618.950461849636,2,22,"f","R"
1,1,2,20,1,3,"Nonmatching",0,842.962434300716,1,22,"f","R"
1,1,2,21,2,3,"Nonmatching",3,1201.60924307129,2,22,"f","R"
1,1,2,22,2,2,"Matching",1,690.952693101281,1,22,"f","R"
1,1,2,23,3,3,"Matching",1,703.769711464702,1,22,"f","R"
1,1,2,24,2,1,"Nonmatching",0,612.283571816533,1,22,"f","R"
1,1,2,25,2,2,"Matching",0,556.285257328909,2,22,"f","R"
1,1,2,26,3,2,"Nonmatching",1,870.973212645822,2,22,"f","R"
1,1,2,27,2,3,"Nonmatching",1,838.399114541517,2,22,"f","R"
1,1,2,28,1,1,"Matching",1,557.648397429148,1,22,"f","R"
1,1,2,29,3,3,"Matching",1,633.631384136606,1,22,"f","R"
1,1,2,30,2,1,"Nonmatching",1,681.736103239473,2,22,"f","R"
1,1,2,31,3,3,"Matching",0,679.691091242603,2,22,"f","R"
1,1,2,32,1,3,"Nonmatching",1,662.41156994738,2,22,"f","R"
1,1,2,33,2,3,"Nonmatching",1,843.692903530609,2,22,"f","R"
1,1,2,34,1,2,"Nonmatching",0,579.026394427729,1,22,"f","R"
1,1,2,35,1,1,"Matching",1,630.282695856749,1,22,"f","R"
1,1,2,36,2,2,"Matching",1,662.95247939388,1,22,"f","R"
1,1,2,37,3,3,"Matching",1,662.377159413154,1,22,"f","R"
1,1,2,38,2,3,"Nonmatching",1,676.264224644456,2,22,"f","R"
1,1,2,39,1,1,"Matching",1,858.390729237726,1,22,"f","R"
1,1,2,40,1,1,"Matching",1,553.210042240607,1,22,"f","R"
1,1,2,41,3,3,"Matching",1,755.788779729755,1,22,"f","R"
1,1,2,42,3,3,"Matching",1,470.331365633683,1,22,"f","R"
1,1,2,43,3,3,"Matching",1,468.344308219912,1,22,"f","R"
1,1,2,44,1,1,"Matching",1,618.378462183955,1,22,"f","R"
1,1,2,45,3,1,"Nonmatching",1,586.512194800434,2,22,"f","R"
1,1,2,46,1,1,"Matching",1,650.966143393816,1,22,"f","R"
1,1,2,47,2,2,"Matching",1,625.026939563213,1,22,"f","R"
1,1,2,48,3,3,"Matching",1,624.323032850953,1,22,"f","R"
1,1,2,49,2,2,"Matching",1,528.407291571057,1,22,"f","R"
1,1,2,50,1,3,"Nonmatching",0,547.672662892182,1,22,"f","R"
1,1,2,51,2,1,"Nonmatching",1,734.411084577914,2,22,"f","R"
1,1,2,52,2,2,"Matching",1,642.353548957544,1,22,"f","R"
1,1,2,53,1,1,"Matching",1,561.070132631357,1,22,"f","R"
1,1,2,54,3,1,"Nonmatching",1,667.022883345908,2,22,"f","R"
1,1,2,55,3,2,"Nonmatching",1,712.966983131992,2,22,"f","R"
1,1,2,56,1,3,"Nonmatching",1,741.161284325244,2,22,"f","R"
1,1,2,57,2,2,"Matching",1,688.287084105468,1,22,"f","R"
1,1,2,58,1,1,"Matching",1,630.54892472519,1,22,"f","R"
1,1,2,59,1,2,"Nonmatching",1,853.661997437939,2,22,"f","R"
1,1,2,60,1,1,"Matching",1,748.993001117924,1,22,"f","R"
1,1,3,1,2,1,"Nonmatching",1,721.789361086849,2,22,"f","R"
1,1,3,2,1,3,"Nonmatching",0,526.463398248325,1,22,"f","R"
1,1,3,3,2,2,"Matching",1,625.783367616805,1,22,"f","R"
1,1,3,4,2,3,"Nonmatching",1,777.6370540264,2,22,"f","R"
1,1,3,5,2,1,"Nonmatching",1,747.767805000422,2,22,"f","R"
1,1,3,6,1,1,"Matching",1,558.364378012811,1,22,"f","R"
1,1,3,7,3,3,"Matching",1,520.995745508571,1,22,"f","R"
1,1,3,8,3,3,"Matching",1,468.995391744102,1,22,"f","R"
1,1,3,9,3,3,"Matching",1,475.059493739536,1,22,"f","R"
1,1,3,10,3,2,"Nonmatching",1,680.953716362183,2,22,"f","R"
1,1,3,11,3,2,"Nonmatching",1,534.374198899968,2,22,"f","R"
1,1,3,12,3,3,"Matching",1,601.67999595842,1,22,"f","R"
1,1,3,13,2,2,"Matching",1,778.353940150737,1,22,"f","R"
1,1,3,14,1,1,"Matching",1,651.751548739412,1,22,"f","R"
1,1,3,15,1,3,"Nonmatching",1,601.65162236035,2,22,"f","R"
1,1,3,16,2,3,"Nonmatching",1,722.360757058595,2,22,"f","R"
1,1,3,17,2,2,"Matching",1,470.301482801005,1,22,"f","R"
1,1,3,18,3,2,"Nonmatching",1,628.316465872103,2,22,"f","R"
1,1,3,19,3,1,"Nonmatching",1,748.331654802314,2,22,"f","R"
1,1,3,20,3,1,"Nonmatching",1,559.086395533086,2,22,"f","R"
1,1,3,21,1,1,"Matching",1,785.124363632804,1,22,"f","R"
1,1,3,22,1,1,"Matching",1,481.644583293019,1,22,"f","R"
1,1,3,23,3,1,"Nonmatching",1,679.809113337342,2,22,"f","R"
1,1,3,24,2,2,"Matching",1,548.407357977339,1,22,"f","R"
1,1,3,25,2,3,"Nonmatching",1,631.727636437063,2,22,"f","R"
1,1,3,26,3,2,"Nonmatching",1,751.090232608931,2,22,"f","R"
1,1,3,27,1,1,"Matching",1,545.126283378522,1,22,"f","R"
1,1,3,28,2,3,"Nonmatching",1,731.729175855435,2,22,"f","R"
1,1,3,29,3,2,"Nonmatching",1,652.442476040051,2,22,"f","R"
1,1,3,30,1,3,"Nonmatching",0,635.707486352658,1,22,"f","R"
1,1,3,31,1,3,"Nonmatching",1,763.634683321925,2,22,"f","R"
1,1,3,32,1,1,"Matching",3,1038.29865993021,2,22,"f","R"
1,1,3,33,1,1,"Matching",1,677.722144636391,1,22,"f","R"
1,1,3,34,1,2,"Nonmatching",1,603.03226957376,2,22,"f","R"
1,1,3,35,1,2,"Nonmatching",1,540.321184340883,2,22,"f","R"
1,1,3,36,2,2,"Matching",1,630.960945592051,1,22,"f","R"
1,1,3,37,1,1,"Matching",1,662.317695595902,1,22,"f","R"
1,1,3,38,2,2,"Matching",1,619.778125745597,1,22,"f","R"
1,1,3,39,1,3,"Nonmatching",1,658.975346098941,2,22,"f","R"
1,1,3,40,3,3,"Matching",1,665.050314578821,1,22,"f","R"
1,1,3,41,3,1,"Nonmatching",1,686.421670948221,2,22,"f","R"
1,1,3,42,1,1,"Matching",1,682.367264875666,1,22,"f","R"
1,1,3,43,2,1,"Nonmatching",1,727.753249948364,2,22,"f","R"
1,1,3,44,3,3,"Matching",0,786.352578218157,2,22,"f","R"
1,1,3,45,1,2,"Nonmatching",1,948.276477209674,2,22,"f","R"
1,1,3,46,2,2,"Matching",1,519.108901229174,1,22,"f","R"
1,1,3,47,2,2,"Matching",1,547.616217542782,1,22,"f","R"
1,1,3,48,1,2,"Nonmatching",1,766.974316197775,2,22,"f","R"
1,1,3,49,1,2,"Nonmatching",1,552.961924179726,2,22,"f","R"
1,1,3,50,2,2,"Matching",0,634.452709249672,2,22,"f","R"
1,1,3,51,2,3,"Nonmatching",1,753.661665406526,2,22,"f","R"
1,1,3,52,2,1,"Nonmatching",1,859.075317755924,2,22,"f","R"
1,1,3,53,3,3,"Matching",1,657.704872963222,1,22,"f","R"
1,1,3,54,3,3,"Matching",1,496.972363248915,1,22,"f","R"
1,1,3,55,3,3,"Matching",1,397.614663031618,1,22,"f","R"
1,1,3,56,3,3,"Matching",1,447.168548569607,1,22,"f","R"
1,1,3,57,3,1,"Nonmatching",1,725.705219483189,2,22,"f","R"
1,1,3,58,1,1,"Matching",3,1010.29271113339,1,22,"f","R"
1,1,3,59,2,1,"Nonmatching",1,689.830728585548,2,22,"f","R"
1,1,3,60,2,2,"Matching",1,527.119009474518,1,22,"f","R"
1,1,4,1,3,1,"Nonmatching",1,672.942400729426,2,22,"f","R"
1,1,4,2,3,1,"Nonmatching",1,415.624049863254,2,22,"f","R"
1,1,4,3,1,1,"Matching",1,544.459201974405,1,22,"f","R"
1,1,4,4,2,2,"Matching",1,579.659668991553,1,22,"f","R"
1,1,4,5,1,2,"Nonmatching",1,677.048120755899,2,22,"f","R"
1,1,4,6,3,2,"Nonmatching",1,707.088215065141,2,22,"f","R"
1,1,4,7,2,3,"Nonmatching",1,671.622122873487,2,22,"f","R"
1,1,4,8,1,3,"Nonmatching",1,677.70886337803,2,22,"f","R"
1,1,4,9,3,3,"Matching",1,651.220902083878,1,22,"f","R"
1,1,4,10,2,1,"Nonmatching",1,729.611720629691,2,22,"f","R"
1,1,4,11,3,3,"Matching",1,652.464812702419,1,22,"f","R"
1,1,4,12,2,1,"Nonmatching",1,635.012936890689,2,22,"f","R"
1,1,4,13,3,1,"Nonmatching",1,634.288806443692,2,22,"f","R"
1,1,4,14,2,2,"Matching",1,585.652233297878,1,22,"f","R"
1,1,4,15,3,2,"Nonmatching",1,627.081912504309,2,22,"f","R"
1,1,4,16,2,1,"Nonmatching",1,755.031747982684,2,22,"f","R"
1,1,4,17,1,1,"Matching",1,797.209403532634,1,22,"f","R"
1,1,4,18,1,2,"Nonmatching",1,653.048584392764,2,22,"f","R"
1,1,4,19,1,1,"Matching",1,684.429482139421,1,22,"f","R"
1,1,4,20,2,1,"Nonmatching",1,625.767671584072,2,22,"f","R"
1,1,4,21,1,2,"Nonmatching",1,785.724736896555,2,22,"f","R"
1,1,4,22,2,2,"Matching",1,827.642502361414,1,22,"f","R"
1,1,4,23,2,2,"Matching",1,530.963933875682,1,22,"f","R"
1,1,4,24,3,2,"Nonmatching",1,590.968962642819,2,22,"f","R"
1,1,4,25,1,1,"Matching",1,608.433516019886,1,22,"f","R"
1,1,4,26,1,1,"Matching",1,545.074969424149,1,22,"f","R"
1,1,4,27,3,3,"Matching",1,700.365483376117,1,22,"f","R"
1,1,4,28,2,3,"Nonmatching",1,513.079511614706,2,22,"f","R"
1,1,4,29,1,3,"Nonmatching",1,629.065347756296,2,22,"f","R"
1,1,4,30,1,1,"Matching",1,485.063601874572,1,22,"f","R"
1,1,4,31,3,1,"Nonmatching",1,898.328379764735,2,22,"f","R"
1,1,4,32,3,2,"Nonmatching",1,694.356015649646,2,22,"f","R"
1,1,4,33,2,2,"Matching",1,605.103844088262,1,22,"f","R"
1,1,4,34,3,3,"Matching",0,518.372998757513,2,22,"f","R"
1,1,4,35,1,1,"Matching",1,571.175057593791,1,22,"f","R"
1,1,4,36,3,2,"Nonmatching",1,772.393975297746,2,22,"f","R"
1,1,4,37,2,2,"Matching",1,581.101591103561,1,22,"f","R"
1,1,4,38,2,1,"Nonmatching",1,598.342476009748,2,22,"f","R"
1,1,4,39,2,2,"Matching",1,703.066106599181,1,22,"f","R"
1,1,4,40,1,3,"Nonmatching",0,634.346157333766,1,22,"f","R"
1,1,4,41,3,3,"Matching",1,776.93978794332,1,22,"f","R"
1,1,4,42,2,2,"Matching",1,722.315781887119,1,22,"f","R"
1,1,4,43,2,2,"Matching",1,766.318704971582,1,22,"f","R"
1,1,4,44,3,3,"Matching",1,663.697135422808,1,22,"f","R"
1,1,4,45,1,3,"Nonmatching",1,748.375724433572,2,22,"f","R"
1,1,4,46,3,3,"Matching",1,839.018202305851,1,22,"f","R"
1,1,4,47,1,3,"Nonmatching",1,797.608143141133,2,22,"f","R"
1,1,4,48,3,3,"Matching",1,525.807183328652,1,22,"f","R"
1,1,4,49,1,2,"Nonmatching",1,712.323445777201,2,22,"f","R"
1,1,4,50,1,1,"Matching",1,788.967476953076,1,22,"f","R"
1,1,4,51,3,3,"Matching",1,654.421081743749,1,22,"f","R"
1,1,4,52,1,1,"Matching",1,700.454528178852,1,22,"f","R"
1,1,4,53,3,3,"Matching",1,912.985456155184,1,22,"f","R"
1,1,4,54,2,3,"Nonmatching",1,845.015898007659,2,22,"f","R"
1,1,4,55,2,3,"Nonmatching",1,748.360933941058,2,22,"f","R"
1,1,4,56,2,2,"Matching",1,807.039044223075,1,22,"f","R"
1,1,4,57,1,2,"Nonmatching",1,695.040000473455,2,22,"f","R"
1,1,4,58,3,1,"Nonmatching",1,667.681513039952,2,22,"f","R"
1,1,4,59,2,3,"Nonmatching",1,768.272257391345,2,22,"f","R"
1,1,4,60,1,1,"Matching",1,802.315141972031,1,22,"f","R"
1,2,1,1,1,2,"Nonmatching",1,630.068985647085,2,22,"f","R"
1,2,1,2,1,3,"Nonmatching",1,790.036313750534,2,22,"f","R"
1,2,1,3,3,3,"Matching",1,616.795574937896,1,22,"f","R"
1,2,1,4,2,1,"Nonmatching",1,568.703533400367,2,22,"f","R"
1,2,1,5,2,2,"Matching",1,554.861141494257,1,22,"f","R"
1,2,1,6,2,1,"Nonmatching",1,581.345480625714,2,22,"f","R"
1,2,1,7,2,1,"Nonmatching",1,542.712411921457,2,22,"f","R"
1,2,1,8,1,1,"Matching",1,593.460101510573,1,22,"f","R"
1,2,1,9,3,2,"Nonmatching",1,602.73072194741,2,22,"f","R"
1,2,1,10,3,1,"Nonmatching",1,738.12108077982,2,22,"f","R"
1,2,1,11,3,1,"Nonmatching",1,626.305559878347,2,22,"f","R"
1,2,1,12,3,2,"Nonmatching",1,690.099671391181,2,22,"f","R"
1,2,1,13,3,3,"Matching",1,695.668442805072,1,22,"f","R"
1,2,1,14,3,2,"Nonmatching",1,540.317257648894,2,22,"f","R"
1,2,1,15,3,3,"Matching",1,678.785548191627,1,22,"f","R"
1,2,1,16,3,3,"Matching",1,693.326715415424,1,22,"f","R"
1,2,1,17,2,2,"Matching",1,546.101849517981,1,22,"f","R"
1,2,1,18,1,3,"Nonmatching",1,580.08194996637,2,22,"f","R"
1,2,1,19,2,3,"Nonmatching",1,693.021850157493,2,22,"f","R"
1,2,1,20,2,3,"Nonmatching",1,721.686428648354,2,22,"f","R"
1,2,1,21,1,1,"Matching",1,644.969350549218,1,22,"f","R"
1,2,1,22,3,3,"Matching",1,764.11220225873,1,22,"f","R"
1,2,1,23,2,2,"Matching",1,526.759809111354,1,22,"f","R"
1,2,1,24,3,3,"Matching",1,546.107584606943,1,22,"f","R"
1,2,1,25,1,2,"Nonmatching",1,588.822225594413,2,22,"f","R"
1,2,1,26,2,2,"Matching",1,773.442890206752,1,22,"f","R"
1,2,1,27,3,1,"Nonmatching",1,582.788911972784,2,22,"f","R"
1,2,1,28,2,3,"Nonmatching",1,822.765561104461,2,22,"f","R"
1,2,1,29,1,1,"Matching",1,567.099519562362,1,22,"f","R"
1,2,1,30,1,3,"Nonmatching",0,952.062538803148,1,22,"f","R"
1,2,1,31,1,1,"Matching",1,522.157852963574,1,22,"f","R"
1,2,1,32,1,1,"Matching",1,629.392848839416,1,22,"f","R"
1,2,1,33,2,2,"Matching",1,516.698953780178,1,22,"f","R"
1,2,1,34,1,1,"Matching",1,600.115823212946,1,22,"f","R"
1,2,1,35,2,2,"Matching",1,688.795995109103,1,22,"f","R"
1,2,1,36,1,1,"Matching",1,533.335843261739,1,22,"f","R"
1,2,1,37,2,3,"Nonmatching",1,792.79217493513,2,22,"f","R"
1,2,1,38,3,3,"Matching",1,706.084873653708,1,22,"f","R"
1,2,1,39,1,1,"Matching",1,622.742560378356,1,22,"f","R"
1,2,1,40,2,2,"Matching",1,414.035729374518,1,22,"f","R"
1,2,1,41,1,1,"Matching",1,605.488696061002,1,22,"f","R"
1,2,1,42,3,1,"Nonmatching",1,566.83751654964,2,22,"f","R"
1,2,1,43,1,3,"Nonmatching",1,648.377502646326,2,22,"f","R"
1,2,1,44,3,2,"Nonmatching",1,927.493719395898,2,22,"f","R"
1,2,1,45,3,3,"Matching",1,420.107679387002,1,22,"f","R"
1,2,1,46,1,2,"Nonmatching",1,676.061380919236,2,22,"f","R"
1,2,1,47,2,3,"Nonmatching",1,593.467647680882,2,22,"f","R"
1,2,1,48,1,1,"Matching",1,498.521438287753,1,22,"f","R"
1,2,1,49,3,3,"Matching",1,606.681594571455,1,22,"f","R"
1,2,1,50,2,2,"Matching",1,543.790306806841,1,22,"f","R"
1,2,1,51,1,2,"Nonmatching",1,530.094310592176,2,22,"f","R"
1,2,1,52,2,1,"Nonmatching",1,645.458040500671,2,22,"f","R"
1,2,1,53,2,1,"Nonmatching",1,506.834600709226,2,22,"f","R"
1,2,1,54,2,2,"Matching",1,655.688835574438,1,22,"f","R"
1,2,1,55,3,3,"Matching",0,678.082547019585,2,22,"f","R"
1,2,1,56,2,2,"Matching",1,603.394784884586,1,22,"f","R"
1,2,1,57,1,3,"Nonmatching",1,602.925413127195,2,22,"f","R"
1,2,1,58,1,2,"Nonmatching",1,611.568494089624,2,22,"f","R"
1,2,1,59,3,1,"Nonmatching",1,620.744636481504,2,22,"f","R"
1,2,1,60,3,2,"Nonmatching",1,676.793359382827,2,22,"f","R"
1,2,2,1,1,1,"Matching",1,718.121919914665,1,22,"f","R"
1,2,2,2,3,2,"Nonmatching",1,522.734984025192,2,22,"f","R"
1,2,2,3,2,2,"Matching",1,551.479551913872,1,22,"f","R"
1,2,2,4,3,3,"Matching",1,546.091284880276,1,22,"f","R"
1,2,2,5,3,3,"Matching",1,484.870417245475,1,22,"f","R"
1,2,2,6,1,1,"Matching",1,546.055365111897,1,22,"f","R"
1,2,2,7,1,1,"Matching",1,556.771831669721,1,22,"f","R"
1,2,2,8,3,3,"Matching",1,487.447283285292,1,22,"f","R"
1,2,2,9,3,3,"Matching",1,564.81785968208,1,22,"f","R"
1,2,2,10,1,2,"Nonmatching",1,718.80892320678,2,22,"f","R"
1,2,2,11,3,3,"Matching",1,555.553578028594,1,22,"f","R"
1,2,2,12,1,2,"Nonmatching",1,549.542601068424,2,22,"f","R"
1,2,2,13,2,1,"Nonmatching",1,792.081929440428,2,22,"f","R"
1,2,2,14,3,3,"Matching",1,505.567447888097,1,22,"f","R"
1,2,2,15,1,3,"Nonmatching",1,725.509620080629,2,22,"f","R"
1,2,2,16,3,3,"Matching",1,578.074668817862,1,22,"f","R"
1,2,2,17,3,3,"Matching",1,498.696509425827,1,22,"f","R"
1,2,2,18,2,2,"Matching",1,534.86409355537,1,22,"f","R"
1,2,2,19,2,3,"Nonmatching",1,609.468545976597,2,22,"f","R"
1,2,2,20,1,1,"Matching",1,538.16478819499,1,22,"f","R"
1,2,2,21,2,3,"Nonmatching",1,556.829786253729,2,22,"f","R"
1,2,2,22,2,2,"Matching",1,526.74833893434,1,22,"f","R"
1,2,2,23,1,1,"Matching",1,674.254827885306,1,22,"f","R"
1,2,2,24,1,2,"Nonmatching",1,511.504472385241,2,22,"f","R"
1,2,2,25,2,3,"Nonmatching",1,603.5055626553,2,22,"f","R"
1,2,2,26,2,1,"Nonmatching",1,778.749356761182,2,22,"f","R"
1,2,2,27,1,2,"Nonmatching",1,629.465593915484,2,22,"f","R"
1,2,2,28,2,3,"Nonmatching",1,557.764002065596,2,22,"f","R"
1,2,2,29,3,1,"Nonmatching",1,680.17766558296,2,22,"f","R"
1,2,2,30,1,2,"Nonmatching",1,661.217763213244,2,22,"f","R"
1,2,2,31,2,2,"Matching",1,618.751240285746,1,22,"f","R"
1,2,2,32,2,2,"Matching",1,482.742397382026,1,22,"f","R"
1,2,2,33,3,2,"Nonmatching",1,503.570429531464,2,22,"f","R"
1,2,2,34,2,1,"Nonmatching",1,531.402514576257,2,22,"f","R"
1,2,2,35,2,2,"Matching",1,758.809056019345,1,22,"f","R"
1,2,2,36,3,3,"Matching",1,457.462426938946,1,22,"f","R"
1,2,2,37,3,1,"Nonmatching",1,671.365248572329,2,22,"f","R"
1,2,2,38,3,2,"Nonmatching",1,556.842463817702,2,22,"f","R"
1,2,2,39,1,1,"Matching",1,535.457826189486,1,22,"f","R"
1,2,2,40,1,3,"Nonmatching",1,610.108461170057,2,22,"f","R"
1,2,2,41,2,2,"Matching",1,504.020181246233,1,22,"f","R"
1,2,2,42,3,1,"Nonmatching",1,484.849287970064,2,22,"f","R"
1,2,2,43,2,1,"Nonmatching",1,682.775660898187,2,22,"f","R"
1,2,2,44,3,2,"Nonmatching",1,558.009101658172,2,22,"f","R"
1,2,2,45,1,3,"Nonmatching",1,657.56541706287,2,22,"f","R"
1,2,2,46,2,1,"Nonmatching",1,648.788617972968,2,22,"f","R"
1,2,2,47,1,3,"Nonmatching",1,600.134839561179,2,22,"f","R"
1,2,2,48,1,1,"Matching",1,616.788934308715,1,22,"f","R"
1,2,2,49,2,2,"Matching",1,592.694618053429,1,22,"f","R"
1,2,2,50,2,2,"Matching",1,738.029017509689,1,22,"f","R"
1,2,2,51,3,3,"Matching",1,533.405569870411,1,22,"f","R"
1,2,2,52,2,2,"Matching",1,552.80345193114,1,22,"f","R"
1,2,2,53,1,1,"Matching",1,738.900449190623,1,22,"f","R"
1,2,2,54,3,2,"Nonmatching",1,542.46097354644,2,22,"f","R"
1,2,2,55,1,1,"Matching",1,585.456633894864,1,22,"f","R"
1,2,2,56,3,1,"Nonmatching",0,458.053141105665,1,22,"f","R"
1,2,2,57,1,1,"Matching",1,568.03252798727,1,22,"f","R"
1,2,2,58,3,1,"Nonmatching",1,545.559430837784,2,22,"f","R"
1,2,2,59,2,3,"Nonmatching",1,634.728594531225,2,22,"f","R"
1,2,2,60,1,3,"Nonmatching",1,634.126410187491,2,22,"f","R"
1,2,3,1,3,3,"Matching",1,718.797754874686,1,22,"f","R"
1,2,3,2,3,3,"Matching",1,522.029266231584,1,22,"f","R"
1,2,3,3,1,3,"Nonmatching",1,606.055564330745,2,22,"f","R"
1,2,3,4,2,2,"Matching",1,582.848375788672,1,22,"f","R"
1,2,3,5,1,2,"Nonmatching",1,640.733232709863,2,22,"f","R"
1,2,3,6,3,2,"Nonmatching",1,648.701384251581,2,22,"f","R"
1,2,3,7,1,3,"Nonmatching",1,679.745722827647,2,22,"f","R"
1,2,3,8,1,1,"Matching",1,580.700434037681,1,22,"f","R"
1,2,3,9,2,2,"Matching",1,558.726893323183,1,22,"f","R"
1,2,3,10,1,1,"Matching",1,825.428151631968,1,22,"f","R"
1,2,3,11,3,3,"Matching",1,568.745490103538,1,22,"f","R"
1,2,3,12,2,1,"Nonmatching",1,562.73330575641,2,22,"f","R"
1,2,3,13,3,2,"Nonmatching",1,644.963011766777,2,22,"f","R"
1,2,3,14,2,3,"Nonmatching",1,587.451841171969,2,22,"f","R"
1,2,3,15,2,3,"Nonmatching",1,580.740881507154,2,22,"f","R"
1,2,3,16,1,3,"Nonmatching",1,902.767939656769,2,22,"f","R"
1,2,3,17,1,1,"Matching",1,553.434009873854,1,22,"f","R"
1,2,3,18,3,1,"Nonmatching",1,853.460361099678,2,22,"f","R"
1,2,3,19,3,3,"Matching",1,802.075472937759,1,22,"f","R"
1,2,3,20,2,3,"Nonmatching",1,491.064615207506,2,22,"f","R"
1,2,3,21,3,1,"Nonmatching",1,608.081258134007,2,22,"f","R"
1,2,3,22,2,2,"Matching",1,560.78397919191,1,22,"f","R"
1,2,3,23,3,1,"Nonmatching",1,587.582238985306,2,22,"f","R"
1,2,3,24,1,2,"Nonmatching",1,652.800463649328,2,22,"f","R"
1,2,3,25,2,1,"Nonmatching",1,876.049669263011,2,22,"f","R"
1,2,3,26,3,3,"Matching",1,848.75034380093,1,22,"f","R"
1,2,3,27,2,2,"Matching",1,543.384021028032,1,22,"f","R"
1,2,3,28,3,3,"Matching",1,690.046244509176,1,22,"f","R"
1,2,3,29,2,2,"Matching",1,567.481657598364,1,22,"f","R"
1,2,3,30,2,1,"Nonmatching",1,537.55324660051,2,22,"f","R"
1,2,3,31,1,2,"Nonmatching",1,612.026697514921,2,22,"f","R"
1,2,3,32,2,1,"Nonmatching",1,852.113218879822,2,22,"f","R"
1,2,3,33,1,1,"Matching",1,538.138527525007,1,22,"f","R"
1,2,3,34,2,1,"Nonmatching",1,581.404340749941,2,22,"f","R"
1,2,3,35,2,3,"Nonmatching",1,534.840247659304,2,22,"f","R"
1,2,3,36,3,3,"Matching",1,592.77853146159,1,22,"f","R"
1,2,3,37,2,2,"Matching",1,658.137114882265,1,22,"f","R"
1,2,3,38,3,2,"Nonmatching",1,496.029693043056,2,22,"f","R"
1,2,3,39,1,2,"Nonmatching",1,636.715048251062,2,22,"f","R"
1,2,3,40,3,3,"Matching",1,691.639693710385,1,22,"f","R"
1,2,3,41,2,2,"Matching",1,545.033311883344,1,22,"f","R"
1,2,3,42,3,3,"Matching",1,667.41709256894,1,22,"f","R"
1,2,3,43,3,3,"Matching",1,418.08892806057,1,22,"f","R"
1,2,3,44,2,2,"Matching",1,514.20781222987,1,22,"f","R"
1,2,3,45,1,3,"Nonmatching",1,550.737008812575,2,22,"f","R"
1,2,3,46,1,2,"Nonmatching",1,537.474162742001,2,22,"f","R"
1,2,3,47,2,3,"Nonmatching",1,700.71260450004,2,22,"f","R"
1,2,3,48,1,1,"Matching",1,633.541732956473,1,22,"f","R"
1,2,3,49,1,3,"Nonmatching",1,624.049255129648,2,22,"f","R"
1,2,3,50,1,1,"Matching",0,743.44807291709,2,22,"f","R"
1,2,3,51,3,1,"Nonmatching",1,704.840661189337,2,22,"f","R"
1,2,3,52,2,2,"Matching",1,724.090940170754,1,22,"f","R"
1,2,3,53,3,2,"Nonmatching",1,608.128044385921,2,22,"f","R"
1,2,3,54,2,2,"Matching",1,623.438015380998,1,22,"f","R"
1,2,3,55,1,1,"Matching",1,615.439377314033,1,22,"f","R"
1,2,3,56,1,1,"Matching",1,456.08660927337,1,22,"f","R"
1,2,3,57,1,1,"Matching",1,470.112222180433,1,22,"f","R"
1,2,3,58,3,2,"Nonmatching",1,530.76682523897,2,22,"f","R"
1,2,3,59,3,1,"Nonmatching",1,598.132086113765,2,22,"f","R"
1,2,3,60,1,1,"Matching",1,487.425550316402,1,22,"f","R"
1,2,4,1,1,1,"Matching",1,506.34802368586,1,22,"f","R"
1,2,4,2,2,3,"Nonmatching",1,574.751637515874,2,22,"f","R"
1,2,4,3,1,1,"Matching",1,514.900550610946,1,22,"f","R"
1,2,4,4,3,2,"Nonmatching",1,566.78771182942,2,22,"f","R"
1,2,4,5,1,1,"Matching",1,577.42841484287,1,22,"f","R"
1,2,4,6,1,2,"Nonmatching",1,522.819802972663,2,22,"f","R"
1,2,4,7,2,1,"Nonmatching",1,717.412579960182,2,22,"f","R"
1,2,4,8,2,1,"Nonmatching",1,520.133668395829,2,22,"f","R"
1,2,4,9,3,3,"Matching",1,692.072843851747,1,22,"f","R"
1,2,4,10,2,1,"Nonmatching",1,673.318499145353,2,22,"f","R"
1,2,4,11,1,1,"Matching",1,606.773054149016,1,22,"f","R"
1,2,4,12,3,1,"Nonmatching",1,647.370239910742,2,22,"f","R"
1,2,4,13,1,3,"Nonmatching",1,702.089025859095,2,22,"f","R"
1,2,4,14,1,1,"Matching",1,690.134987466081,1,22,"f","R"
1,2,4,15,3,3,"Matching",1,607.59528480321,1,22,"f","R"
1,2,4,16,1,3,"Nonmatching",1,527.378293183574,2,22,"f","R"
1,2,4,17,1,3,"Nonmatching",1,756.087001675041,2,22,"f","R"
1,2,4,18,1,1,"Matching",1,502.775666935122,1,22,"f","R"
1,2,4,19,1,1,"Matching",1,739.468223000586,1,22,"f","R"
1,2,4,20,3,2,"Nonmatching",1,574.177826769301,2,22,"f","R"
1,2,4,21,3,1,"Nonmatching",1,792.101247635401,2,22,"f","R"
1,2,4,22,3,2,"Nonmatching",1,648.80159738459,2,22,"f","R"
1,2,4,23,3,3,"Matching",1,695.395271462075,1,22,"f","R"
1,2,4,24,1,3,"Nonmatching",1,586.81856660769,2,22,"f","R"
1,2,4,25,1,2,"Nonmatching",1,659.573000059027,2,22,"f","R"
1,2,4,26,2,2,"Matching",1,393.677974523598,1,22,"f","R"
1,2,4,27,2,2,"Matching",1,450.328278076086,1,22,"f","R"
1,2,4,28,1,1,"Matching",1,640.793300221048,1,22,"f","R"
1,2,4,29,3,2,"Nonmatching",1,640.772774639117,2,22,"f","R"
1,2,4,30,3,3,"Matching",1,584.411338464633,1,22,"f","R"
1,2,4,31,3,3,"Matching",1,457.490800537016,1,22,"f","R"
1,2,4,32,3,3,"Matching",1,455.411981699399,1,22,"f","R"
1,2,4,33,3,2,"Nonmatching",1,557.385184345549,2,22,"f","R"
1,2,4,34,3,3,"Matching",1,566.808539258091,1,22,"f","R"
1,2,4,35,2,3,"Nonmatching",1,784.765766963574,2,22,"f","R"
1,2,4,36,1,3,"Nonmatching",1,810.134480363558,2,22,"f","R"
1,2,4,37,1,2,"Nonmatching",1,578.932215546047,2,22,"f","R"
1,2,4,38,2,1,"Nonmatching",1,588.405375178809,2,22,"f","R"
1,2,4,39,2,2,"Matching",1,693.438700573097,1,22,"f","R"
1,2,4,40,2,3,"Nonmatching",1,626.094568973713,2,22,"f","R"
1,2,4,41,3,3,"Matching",1,721.430764418074,1,22,"f","R"
1,2,4,42,1,1,"Matching",1,589.012992765674,1,22,"f","R"
1,2,4,43,2,2,"Matching",1,652.681536013006,1,22,"f","R"
1,2,4,44,1,2,"Nonmatching",1,530.713700203705,2,22,"f","R"
1,2,4,45,2,3,"Nonmatching",1,605.750397227894,2,22,"f","R"
1,2,4,46,3,3,"Matching",1,509.74078159561,1,22,"f","R"
1,2,4,47,2,1,"Nonmatching",1,649.478639733388,2,22,"f","R"
1,2,4,48,2,3,"Nonmatching",1,638.024761469751,2,22,"f","R"
1,2,4,49,2,2,"Matching",1,613.479787958568,1,22,"f","R"
1,2,4,50,1,1,"Matching",1,533.871621312755,1,22,"f","R"
1,2,4,51,2,2,"Matching",1,712.693507257427,1,22,"f","R"
1,2,4,52,3,1,"Nonmatching",1,540.776064768579,2,22,"f","R"
1,2,4,53,2,2,"Matching",1,503.43822063769,1,22,"f","R"
1,2,4,54,2,2,"Matching",1,690.894433987523,1,22,"f","R"
1,2,4,55,1,2,"Nonmatching",1,767.350112767417,2,22,"f","R"
1,2,4,56,2,2,"Matching",1,552.802848238571,1,22,"f","R"
1,2,4,57,3,1,"Nonmatching",1,586.709298070673,2,22,"f","R"
1,2,4,58,3,3,"Matching",1,851.45368364465,1,22,"f","R"
1,2,4,59,2,2,"Matching",1,514.087979054239,1,22,"f","R"
1,2,4,60,3,1,"Nonmatching",1,590.725067753738,2,22,"f","R"
2,1,1,1,1,2,"Nonmatching",1,724.824257829994,2,20,"f","R"
2,1,1,2,3,3,"Matching",1,534.831384475751,1,20,"f","R"
2,1,1,3,3,2,"Nonmatching",1,576.188870125122,2,20,"f","R"
2,1,1,4,2,2,"Matching",0,736.193989477556,2,20,"f","R"
2,1,1,5,1,1,"Matching",1,450.177639545643,1,20,"f","R"
2,1,1,6,3,1,"Nonmatching",0,840.168158480765,1,20,"f","R"
2,1,1,7,2,3,"Nonmatching",0,744.873646299823,1,20,"f","R"
2,1,1,8,3,1,"Nonmatching",1,570.318518329543,2,20,"f","R"
2,1,1,9,3,1,"Nonmatching",1,730.865455939579,2,20,"f","R"
2,1,1,10,1,1,"Matching",1,636.192450049634,1,20,"f","R"
2,1,1,11,2,1,"Nonmatching",1,544.215857805739,2,20,"f","R"
2,1,1,12,2,2,"Matching",3,1001.47907492635,1,20,"f","R"
2,1,1,13,1,1,"Matching",1,552.223599618912,1,20,"f","R"
2,1,1,14,2,2,"Matching",1,434.19445372075,1,20,"f","R"
2,1,1,15,1,2,"Nonmatching",1,656.188411315213,2,20,"f","R"
2,1,1,16,3,3,"Matching",0,604.908558110253,2,20,"f","R"
2,1,1,17,2,3,"Nonmatching",1,547.530155559514,2,20,"f","R"
2,1,1,18,3,1,"Nonmatching",3,1044.8915459225,2,20,"f","R"
2,1,1,19,2,1,"Nonmatching",1,937.53093734739,2,20,"f","R"
2,1,1,20,1,3,"Nonmatching",1,508.272027002761,2,20,"f","R"
2,1,1,21,3,2,"Nonmatching",1,847.035214391269,2,20,"f","R"
2,1,1,22,2,1,"Nonmatching",1,763.028331035571,2,20,"f","R"
2,1,1,23,1,3,"Nonmatching",1,626.844802250218,2,20,"f","R"
2,1,1,24,3,3,"Matching",0,696.906279756888,2,20,"f","R"
2,1,1,25,1,1,"Matching",1,508.299797074983,1,20,"f","R"
2,1,1,26,1,2,"Nonmatching",1,719.502364961556,2,20,"f","R"
2,1,1,27,3,3,"Matching",1,450.257629427654,1,20,"f","R"
2,1,1,28,2,2,"Matching",0,912.193463053541,2,20,"f","R"
2,1,1,29,1,1,"Matching",1,763.473255888812,1,20,"f","R"
2,1,1,30,3,3,"Matching",1,644.155518268349,1,20,"f","R"
2,1,1,31,1,2,"Nonmatching",0,970.2947930287,1,20,"f","R"
2,1,1,32,2,2,"Matching",0,698.207247272251,2,20,"f","R"
2,1,1,33,3,2,"Nonmatching",1,622.235272104717,2,20,"f","R"
2,1,1,34,1,1,"Matching",1,484.274156846539,1,20,"f","R"
2,1,1,35,3,3,"Matching",0,983.652197782646,2,20,"f","R"
2,1,1,36,1,1,"Matching",1,752.265013248405,1,20,"f","R"
2,1,1,37,3,3,"Matching",1,809.576103558811,1,20,"f","R"
2,1,1,38,2,3,"Nonmatching",0,720.180920640075,1,20,"f","R"
2,1,1,39,2,3,"Nonmatching",1,634.935854280172,2,20,"f","R"
2,1,1,40,2,2,"Matching",1,600.790739352817,1,20,"f","R"
2,1,1,41,3,1,"Nonmatching",0,576.2087921334,1,20,"f","R"
2,1,1,42,2,2,"Matching",1,991.563348040188,1,20,"f","R"
2,1,1,43,1,3,"Nonmatching",1,559.561237514743,2,20,"f","R"
2,1,1,44,1,3,"Nonmatching",1,576.856257404984,2,20,"f","R"
2,1,1,45,1,3,"Nonmatching",1,457.538821633136,2,20,"f","R"
2,1,1,46,3,2,"Nonmatching",1,798.840253995309,2,20,"f","R"
2,1,1,47,1,1,"Matching",1,550.17314200137,1,20,"f","R"
2,1,1,48,3,3,"Matching",1,782.833523978695,1,20,"f","R"
2,1,1,49,3,3,"Matching",1,558.830763874994,1,20,"f","R"
2,1,1,50,1,2,"Nonmatching",1,568.251459038322,2,20,"f","R"
2,1,1,51,2,1,"Nonmatching",1,729.521022224162,2,20,"f","R"
2,1,1,52,1,1,"Matching",1,739.783875013472,1,20,"f","R"
2,1,1,53,2,1,"Nonmatching",1,732.873352902857,2,20,"f","R"
2,1,1,54,2,2,"Matching",1,575.562232407606,1,20,"f","R"
2,1,1,55,3,2,"Nonmatching",1,847.702601671244,2,20,"f","R"
2,1,1,56,1,1,"Matching",1,573.623156927738,1,20,"f","R"
2,1,1,57,2,2,"Matching",1,918.369587492407,1,20,"f","R"
2,1,1,58,2,2,"Matching",1,569.583215112061,1,20,"f","R"
2,1,1,59,3,3,"Matching",0,578.178354323086,2,20,"f","R"
2,1,1,60,2,3,"Nonmatching",1,603.539070959982,2,20,"f","R"
2,1,2,1,1,2,"Nonmatching",1,884.131503192634,2,20,"f","R"
2,1,2,2,3,3,"Matching",1,527.488011456285,1,20,"f","R"
2,1,2,3,3,2,"Nonmatching",1,698.187325263802,2,20,"f","R"
2,1,2,4,3,1,"Nonmatching",1,493.479332101288,2,20,"f","R"
2,1,2,5,3,2,"Nonmatching",1,617.608838437036,2,20,"f","R"
2,1,2,6,2,3,"Nonmatching",0,560.865223516203,1,20,"f","R"
2,1,2,7,1,1,"Matching",1,561.554042047419,1,20,"f","R"
2,1,2,8,2,2,"Matching",3,1074.20376273183,2,20,"f","R"
2,1,2,9,1,2,"Nonmatching",1,606.851557622122,2,20,"f","R"
2,1,2,10,2,1,"Nonmatching",1,589.609059390114,2,20,"f","R"
2,1,2,11,3,3,"Matching",1,797.548945635526,1,20,"f","R"
2,1,2,12,1,3,"Nonmatching",1,566.791115456112,2,20,"f","R"
2,1,2,13,1,3,"Nonmatching",1,470.933957463444,2,20,"f","R"
2,1,2,14,1,1,"Matching",0,499.621951344352,2,20,"f","R"
2,1,2,15,1,2,"Nonmatching",1,999.094470895898,2,20,"f","R"
2,1,2,16,1,3,"Nonmatching",1,534.143169641538,2,20,"f","R"
2,1,2,17,3,3,"Matching",1,599.537162069396,1,20,"f","R"
2,1,2,18,3,1,"Nonmatching",1,606.203790501922,2,20,"f","R"
2,1,2,19,3,2,"Nonmatching",3,1029.5362052093,2,20,"f","R"
2,1,2,20,1,2,"Nonmatching",1,668.228548728734,2,20,"f","R"
2,1,2,21,1,1,"Matching",1,521.567552791339,1,20,"f","R"
2,1,2,22,2,3,"Nonmatching",1,948.386922658187,2,20,"f","R"
2,1,2,23,3,1,"Nonmatching",1,597.618914143595,2,20,"f","R"
2,1,2,24,2,1,"Nonmatching",1,604.178084470504,2,20,"f","R"
2,1,2,25,1,1,"Matching",0,378.924463720978,2,20,"f","R"
2,1,2,26,2,1,"Nonmatching",1,634.915026725821,2,20,"f","R"
2,1,2,27,1,1,"Matching",1,345.92033654485,1,20,"f","R"
2,1,2,28,1,1,"Matching",1,458.24031780603,1,20,"f","R"
2,1,2,29,1,1,"Matching",1,367.491947562257,1,20,"f","R"
2,1,2,30,3,3,"Matching",1,583.576916738821,1,20,"f","R"
2,1,2,31,1,1,"Matching",1,511.528671671613,1,20,"f","R"
2,1,2,32,2,2,"Matching",1,801.46905355241,1,20,"f","R"
2,1,2,33,2,2,"Matching",1,431.619081367671,1,20,"f","R"
2,1,2,34,3,3,"Matching",1,526.21421031597,1,20,"f","R"
2,1,2,35,2,2,"Matching",1,472.212890030164,1,20,"f","R"
2,1,2,36,2,2,"Matching",1,540.172293806677,1,20,"f","R"
2,1,2,37,2,2,"Matching",1,429.481087652903,1,20,"f","R"
2,1,2,38,1,2,"Nonmatching",1,490.924787302674,2,20,"f","R"
2,1,2,39,2,1,"Nonmatching",0,517.600960188247,1,20,"f","R"
2,1,2,40,2,2,"Matching",1,568.382461335659,1,20,"f","R"
2,1,2,41,2,2,"Matching",1,504.740096400155,1,20,"f","R"
2,1,2,42,2,1,"Nonmatching",0,580.207984386448,1,20,"f","R"
2,1,2,43,2,3,"Nonmatching",3,1108.19463301868,1,20,"f","R"
2,1,2,44,3,3,"Matching",1,690.134909856056,1,20,"f","R"
2,1,2,45,3,2,"Nonmatching",1,653.485356999568,2,20,"f","R"
2,1,2,46,2,3,"Nonmatching",0,714.946262020248,1,20,"f","R"
2,1,2,47,1,3,"Nonmatching",1,718.116276137721,2,20,"f","R"
2,1,2,48,2,2,"Matching",1,689.609995120804,1,20,"f","R"
2,1,2,49,3,1,"Nonmatching",0,830.149501217988,1,20,"f","R"
2,1,2,50,1,1,"Matching",1,436.261211163242,1,20,"f","R"
2,1,2,51,2,2,"Matching",0,530.902824797636,2,20,"f","R"
2,1,2,52,2,3,"Nonmatching",1,669.557588164935,2,20,"f","R"
2,1,2,53,1,1,"Matching",1,514.873456135206,1,20,"f","R"
2,1,2,54,3,2,"Nonmatching",0,854.922518608419,1,20,"f","R"
2,1,2,55,1,3,"Nonmatching",1,573.54075225669,2,20,"f","R"
2,1,2,56,3,1,"Nonmatching",1,862.249289954207,2,20,"f","R"
2,1,2,57,3,3,"Matching",1,683.590831959805,1,20,"f","R"
2,1,2,58,3,3,"Matching",1,551.621713487634,1,20,"f","R"
2,1,2,59,3,3,"Matching",1,554.26319068647,1,20,"f","R"
2,1,2,60,3,3,"Matching",1,564.812497808134,1,20,"f","R"
2,1,3,1,1,1,"Matching",1,696.892394720635,1,20,"f","R"
2,1,3,2,2,2,"Matching",1,420.857876520927,1,20,"f","R"
2,1,3,3,2,3,"Nonmatching",1,610.88304767668,2,20,"f","R"
2,1,3,4,3,3,"Matching",0,634.167045866661,2,20,"f","R"
2,1,3,5,3,1,"Nonmatching",1,616.940545611214,2,20,"f","R"
2,1,3,6,1,1,"Matching",1,400.936471862451,1,20,"f","R"
2,1,3,7,3,3,"Matching",1,554.267718415645,1,20,"f","R"
2,1,3,8,2,2,"Matching",1,540.353101124992,1,20,"f","R"
2,1,3,9,1,3,"Nonmatching",1,493.560227529201,2,20,"f","R"
2,1,3,10,2,1,"Nonmatching",0,561.530196007197,1,20,"f","R"
2,1,3,11,3,3,"Matching",1,634.362040069732,1,20,"f","R"
2,1,3,12,3,3,"Matching",1,600.836620341738,1,20,"f","R"
2,1,3,13,1,1,"Matching",1,643.585628089795,1,20,"f","R"
2,1,3,14,2,2,"Matching",1,561.637955961487,1,20,"f","R"
2,1,3,15,1,1,"Matching",1,490.22238558382,1,20,"f","R"
2,1,3,16,3,3,"Matching",1,510.194198960448,1,20,"f","R"
2,1,3,17,1,1,"Matching",1,593.527658063977,1,20,"f","R"
2,1,3,18,3,1,"Nonmatching",1,544.884150631447,2,20,"f","R"
2,1,3,19,2,2,"Matching",1,570.146464620962,1,20,"f","R"
2,1,3,20,2,2,"Matching",1,530.176275189888,1,20,"f","R"
2,1,3,21,1,3,"Nonmatching",1,581.035955127732,2,20,"f","R"
2,1,3,22,1,2,"Nonmatching",1,660.37324046431,2,20,"f","R"
2,1,3,23,3,3,"Matching",0,544.928220528732,2,20,"f","R"
2,1,3,24,3,2,"Nonmatching",1,683.506918045964,2,20,"f","R"
2,1,3,25,2,2,"Matching",1,680.39395331607,1,20,"f","R"
2,1,3,26,1,3,"Nonmatching",1,580.194703047596,2,20,"f","R"
2,1,3,27,1,1,"Matching",1,588.148715807961,1,20,"f","R"
2,1,3,28,2,3,"Nonmatching",1,916.816878235181,2,20,"f","R"
2,1,3,29,2,2,"Matching",1,529.621779290665,1,20,"f","R"
2,1,3,30,3,2,"Nonmatching",3,1131.5534896645,2,20,"f","R"
2,1,3,31,2,3,"Nonmatching",1,702.28461831573,2,20,"f","R"
2,1,3,32,3,1,"Nonmatching",0,538.849895039903,1,20,"f","R"
2,1,3,33,1,3,"Nonmatching",1,429.497689326467,2,20,"f","R"
2,1,3,34,1,2,"Nonmatching",1,812.239917554848,2,20,"f","R"
2,1,3,35,1,1,"Matching",1,627.50313407173,1,20,"f","R"
2,1,3,36,2,2,"Matching",1,746.199365401253,1,20,"f","R"
2,1,3,37,1,1,"Matching",1,652.159034200849,1,20,"f","R"
2,1,3,38,2,1,"Nonmatching",1,577.524550230692,2,20,"f","R"
2,1,3,39,1,1,"Matching",1,554.801084912015,1,20,"f","R"
2,1,3,40,1,2,"Nonmatching",1,716.81893080563,2,20,"f","R"
2,1,3,41,1,3,"Nonmatching",1,592.26079944176,2,20,"f","R"
2,1,3,42,2,1,"Nonmatching",1,656.845233893705,2,20,"f","R"
2,1,3,43,3,3,"Matching",1,750.238703519699,1,20,"f","R"
2,1,3,44,2,1,"Nonmatching",1,648.14565506299,2,20,"f","R"
2,1,3,45,3,3,"Matching",1,614.094113205283,1,20,"f","R"
2,1,3,46,3,2,"Nonmatching",1,766.155482650106,2,20,"f","R"
2,1,3,47,3,1,"Nonmatching",1,655.730808820181,2,20,"f","R"
2,1,3,48,3,1,"Nonmatching",1,636.928055115732,2,20,"f","R"
2,1,3,49,2,3,"Nonmatching",1,706.842834197118,2,20,"f","R"
2,1,3,50,2,1,"Nonmatching",1,526.261600547969,2,20,"f","R"
2,1,3,51,1,2,"Nonmatching",1,593.564785443164,2,20,"f","R"
2,1,3,52,3,2,"Nonmatching",1,808.918677283032,2,20,"f","R"
2,1,3,53,1,1,"Matching",1,552.194924000787,1,20,"f","R"
2,1,3,54,3,3,"Matching",1,634.157084862522,1,20,"f","R"
2,1,3,55,2,2,"Matching",1,671.637325097777,1,20,"f","R"
2,1,3,56,2,3,"Nonmatching",1,580.17991246561,2,20,"f","R"
2,1,3,57,3,3,"Matching",1,828.138283919998,1,20,"f","R"
2,1,3,58,1,2,"Nonmatching",1,714.230578962429,2,20,"f","R"
2,1,3,59,2,2,"Matching",1,860.891574899938,1,20,"f","R"
2,1,3,60,3,2,"Nonmatching",1,691.705428181535,2,20,"f","R"
2,1,4,1,2,2,"Matching",0,812.841501837511,2,20,"f","R"
2,1,4,2,1,1,"Matching",1,452.335857117532,1,20,"f","R"
2,1,4,3,3,2,"Nonmatching",1,514.246214720515,2,20,"f","R"
2,1,4,4,3,2,"Nonmatching",1,516.935384000021,2,20,"f","R"
2,1,4,5,3,1,"Nonmatching",1,606.813222848473,2,20,"f","R"
2,1,4,6,2,2,"Matching",1,484.820804681817,1,20,"f","R"
2,1,4,7,2,1,"Nonmatching",1,536.242526734213,2,20,"f","R"
2,1,4,8,1,1,"Matching",1,642.209802118941,1,20,"f","R"
2,1,4,9,3,1,"Nonmatching",1,454.864442935559,2,20,"f","R"
2,1,4,10,2,3,"Nonmatching",1,924.125538664157,2,20,"f","R"
2,1,4,11,2,1,"Nonmatching",1,630.864520208888,2,20,"f","R"
2,1,4,12,3,3,"Matching",1,581.522535089334,1,20,"f","R"
2,1,4,13,1,1,"Matching",1,558.143756435243,1,20,"f","R"
2,1,4,14,1,1,"Matching",1,543.65049535636,1,20,"f","R"
2,1,4,15,1,2,"Nonmatching",1,665.485952245035,2,20,"f","R"
2,1,4,16,2,1,"Nonmatching",1,574.199989624162,2,20,"f","R"
2,1,4,17,2,3,"Nonmatching",3,1006.85680978791,2,20,"f","R"
2,1,4,18,3,2,"Nonmatching",1,611.590278973267,2,20,"f","R"
2,1,4,19,3,3,"Matching",1,466.136979330258,1,20,"f","R"
2,1,4,20,3,3,"Matching",1,446.917976390523,1,20,"f","R"
2,1,4,21,3,3,"Matching",1,444.872348350714,1,20,"f","R"
2,1,4,22,1,1,"Matching",1,586.209036630748,1,20,"f","R"
2,1,4,23,1,3,"Nonmatching",0,474.199657590702,1,20,"f","R"
2,1,4,24,1,1,"Matching",1,471.520449315449,1,20,"f","R"
2,1,4,25,3,3,"Matching",1,436.23827066881,1,20,"f","R"
2,1,4,26,3,3,"Matching",1,497.590812037856,1,20,"f","R"
2,1,4,27,1,2,"Nonmatching",1,557.519835355379,2,20,"f","R"
2,1,4,28,1,1,"Matching",1,543.041968555713,1,20,"f","R"
2,1,4,29,2,1,"Nonmatching",1,504.849365597465,2,20,"f","R"
2,1,4,30,3,3,"Matching",1,564.875584167908,1,20,"f","R"
2,1,4,31,2,2,"Matching",1,669.604676548374,1,20,"f","R"
2,1,4,32,1,2,"Nonmatching",1,610.200266117545,2,20,"f","R"
2,1,4,33,2,2,"Matching",3,1034.23991212151,2,20,"f","R"
2,1,4,34,3,3,"Matching",1,776.78659074536,1,20,"f","R"
2,1,4,35,1,3,"Nonmatching",1,512.246769518356,2,20,"f","R"
2,1,4,36,2,2,"Matching",1,530.938442933802,1,20,"f","R"
2,1,4,37,3,2,"Nonmatching",1,493.80502675308,2,20,"f","R"
2,1,4,38,1,1,"Matching",1,482.201362431738,1,20,"f","R"
2,1,4,39,2,2,"Matching",1,702.932385435815,1,20,"f","R"
2,1,4,40,1,1,"Matching",1,890.166966178754,1,20,"f","R"
2,1,4,41,3,1,"Nonmatching",1,534.956047952164,2,20,"f","R"
2,1,4,42,2,2,"Matching",1,512.938606535727,1,20,"f","R"
2,1,4,43,3,2,"Nonmatching",1,484.144060094991,2,20,"f","R"
2,1,4,44,1,2,"Nonmatching",1,608.93793522439,2,20,"f","R"
2,1,4,45,3,3,"Matching",1,800.30089942602,1,20,"f","R"
2,1,4,46,2,3,"Nonmatching",1,583.633966126513,2,20,"f","R"
2,1,4,47,2,3,"Nonmatching",1,679.603713651204,2,20,"f","R"
2,1,4,48,2,2,"Matching",1,715.462724994381,1,20,"f","R"
2,1,4,49,3,1,"Nonmatching",1,550.197893587324,2,20,"f","R"
2,1,4,50,3,3,"Matching",1,696.167958053252,1,20,"f","R"
2,1,4,51,2,2,"Matching",1,659.503614614664,1,20,"f","R"
2,1,4,52,2,2,"Matching",0,689.056404767484,2,20,"f","R"
2,1,4,53,3,1,"Nonmatching",1,700.870155722441,2,20,"f","R"
2,1,4,54,1,3,"Nonmatching",1,568.353483869032,2,20,"f","R"
2,1,4,55,2,3,"Nonmatching",1,842.147077977415,2,20,"f","R"
2,1,4,56,1,3,"Nonmatching",1,520.242437386969,2,20,"f","R"
2,1,4,57,1,2,"Nonmatching",1,514.929599976881,2,20,"f","R"
2,1,4,58,1,3,"Nonmatching",1,518.51978736147,2,20,"f","R"
2,1,4,59,2,1,"Nonmatching",1,641.553281388951,2,20,"f","R"
2,1,4,60,1,1,"Matching",1,695.61406585126,1,20,"f","R"
2,2,1,1,3,1,"Nonmatching",1,603.222148207806,2,20,"f","R"
2,2,1,2,1,2,"Nonmatching",1,873.696916833524,2,20,"f","R"
2,2,1,3,3,3,"Matching",1,621.785837811785,1,20,"f","R"
2,2,1,4,3,1,"Nonmatching",1,514.394138830085,2,20,"f","R"
2,2,1,5,1,3,"Nonmatching",1,493.09932298911,2,20,"f","R"
2,2,1,6,3,3,"Matching",1,664.384826800415,1,20,"f","R"
2,2,1,7,3,3,"Matching",1,532.406652870122,1,20,"f","R"
2,2,1,8,1,1,"Matching",1,550.586994737387,1,20,"f","R"
2,2,1,9,3,3,"Matching",1,551.112815018314,1,20,"f","R"
2,2,1,10,2,2,"Matching",1,696.340331900501,1,20,"f","R"
2,2,1,11,3,1,"Nonmatching",1,715.834922622435,2,20,"f","R"
2,2,1,12,2,2,"Matching",1,589.774490719265,1,20,"f","R"
2,2,1,13,2,2,"Matching",1,749.12671152515,1,20,"f","R"
2,2,1,14,2,2,"Matching",1,726.389964867394,1,20,"f","R"
2,2,1,15,2,2,"Matching",1,728.464268525386,1,20,"f","R"
2,2,1,16,1,1,"Matching",1,739.056136301315,1,20,"f","R"
2,2,1,17,3,2,"Nonmatching",1,628.638103140474,2,20,"f","R"
2,2,1,18,1,1,"Matching",1,545.706102690474,1,20,"f","R"
2,2,1,19,1,3,"Nonmatching",1,739.136126182984,2,20,"f","R"
2,2,1,20,2,3,"Nonmatching",1,701.207338911445,2,20,"f","R"
2,2,1,21,1,1,"Matching",1,648.545622763322,1,20,"f","R"
2,2,1,22,2,3,"Nonmatching",1,749.847526009034,2,20,"f","R"
2,2,1,23,1,3,"Nonmatching",1,854.396716616975,2,20,"f","R"
2,2,1,24,1,2,"Nonmatching",0,787.068176438879,1,20,"f","R"
2,2,1,25,2,1,"Nonmatching",1,787.717452802099,2,20,"f","R"
2,2,1,26,1,2,"Nonmatching",1,947.979143474186,2,20,"f","R"
2,2,1,27,1,1,"Matching",1,517.055538037312,1,20,"f","R"
2,2,1,28,2,3,"Nonmatching",1,671.74208485585,2,20,"f","R"
2,2,1,29,2,1,"Nonmatching",1,539.817036280965,2,20,"f","R"
2,2,1,30,2,1,"Nonmatching",1,588.510952431534,2,20,"f","R"
2,2,1,31,3,3,"Matching",1,731.751098055611,1,20,"f","R"
2,2,1,32,3,3,"Matching",1,477.158999667608,1,20,"f","R"
2,2,1,33,1,1,"Matching",1,609.717024780366,1,20,"f","R"
2,2,1,34,2,2,"Matching",1,936.42860450791,1,20,"f","R"
2,2,1,35,1,1,"Matching",1,762.630814704153,1,20,"f","R"
2,2,1,36,2,3,"Nonmatching",1,915.239737530101,2,20,"f","R"
2,2,1,37,3,2,"Nonmatching",1,693.812349779364,2,20,"f","R"
2,2,1,38,2,1,"Nonmatching",1,736.468086306559,2,20,"f","R"
2,2,1,39,3,3,"Matching",1,547.089474876884,1,20,"f","R"
2,2,1,40,3,1,"Nonmatching",1,637.132424915762,2,20,"f","R"
2,2,1,41,3,2,"Nonmatching",1,819.157702321718,2,20,"f","R"
2,2,1,42,1,1,"Matching",1,585.097648333431,1,20,"f","R"
2,2,1,43,3,3,"Matching",0,721.031548317114,2,20,"f","R"
2,2,1,44,2,2,"Matching",1,575.133927517982,1,20,"f","R"
2,2,1,45,1,3,"Nonmatching",1,615.83821277236,2,20,"f","R"
2,2,1,46,2,2,"Matching",1,645.841662901603,1,20,"f","R"
2,2,1,47,1,3,"Nonmatching",1,578.386346306161,2,20,"f","R"
2,2,1,48,1,2,"Nonmatching",1,690.409308534072,2,20,"f","R"
2,2,1,49,2,3,"Nonmatching",1,757.902054357146,2,20,"f","R"
2,2,1,50,2,1,"Nonmatching",1,591.08964511961,2,20,"f","R"
2,2,1,51,2,2,"Matching",1,590.507077299208,1,20,"f","R"
2,2,1,52,3,1,"Nonmatching",1,565.917885713134,2,20,"f","R"
2,2,1,53,3,2,"Nonmatching",1,767.727226659645,2,20,"f","R"
2,2,1,54,1,1,"Matching",1,607.758932837896,1,20,"f","R"
2,2,1,55,1,2,"Nonmatching",1,495.045340987417,2,20,"f","R"
2,2,1,56,3,2,"Nonmatching",1,715.102034193478,2,20,"f","R"
2,2,1,57,3,3,"Matching",1,541.121927828044,1,20,"f","R"
2,2,1,58,3,3,"Matching",1,510.50331022816,1,20,"f","R"
2,2,1,59,2,2,"Matching",1,752.572615273493,1,20,"f","R"
2,2,1,60,1,1,"Matching",1,593.80598077405,1,20,"f","R"
2,2,2,1,1,1,"Matching",1,634.407939348876,1,20,"f","R"
2,2,2,2,3,3,"Matching",0,625.135451853566,2,20,"f","R"
2,2,2,3,1,1,"Matching",1,392.503141797079,1,20,"f","R"
2,2,2,4,2,3,"Nonmatching",1,577.076323332676,2,20,"f","R"
2,2,2,5,2,2,"Matching",1,544.465806745848,1,20,"f","R"
2,2,2,6,2,3,"Nonmatching",1,721.768964474904,2,20,"f","R"
2,2,2,7,1,2,"Nonmatching",1,555.78603522099,2,20,"f","R"
2,2,2,8,2,1,"Nonmatching",1,819.785547434094,2,20,"f","R"
2,2,2,9,1,3,"Nonmatching",1,609.740267123925,2,20,"f","R"
2,2,2,10,3,2,"Nonmatching",1,680.359259015404,2,20,"f","R"
2,2,2,11,3,3,"Matching",1,500.441186765784,1,20,"f","R"
2,2,2,12,3,1,"Nonmatching",1,487.802785404256,2,20,"f","R"
2,2,2,13,1,1,"Matching",1,675.077512012194,1,20,"f","R"
2,2,2,14,3,2,"Nonmatching",1,647.320419249354,2,20,"f","R"
2,2,2,15,1,1,"Matching",1,668.42386307053,1,20,"f","R"
2,2,2,16,1,2,"Nonmatching",1,656.501446615493,2,20,"f","R"
2,2,2,17,1,3,"Nonmatching",1,588.483182359141,2,20,"f","R"
2,2,2,18,1,2,"Nonmatching",3,1083.95650965758,2,20,"f","R"
2,2,2,19,3,3,"Matching",1,623.815467875374,1,20,"f","R"
2,2,2,20,1,3,"Nonmatching",1,534.00494126754,2,20,"f","R"
2,2,2,21,3,1,"Nonmatching",1,647.146252600578,2,20,"f","R"
2,2,2,22,2,1,"Nonmatching",1,564.404718623791,2,20,"f","R"
2,2,2,23,2,2,"Matching",1,541.814066694315,1,20,"f","R"
2,2,2,24,1,1,"Matching",1,646.493354053746,1,20,"f","R"
2,2,2,25,2,2,"Matching",0,571.118737288543,2,20,"f","R"
2,2,2,26,2,3,"Nonmatching",1,723.077176356583,2,20,"f","R"
2,2,2,27,2,2,"Matching",1,565.082670605534,1,20,"f","R"
2,2,2,28,1,1,"Matching",1,501.081407670426,1,20,"f","R"
2,2,2,29,2,1,"Nonmatching",1,617.033231425012,2,20,"f","R"
2,2,2,30,3,1,"Nonmatching",1,519.048040721373,2,20,"f","R"
2,2,2,31,1,3,"Nonmatching",1,664.519149432635,2,20,"f","R"
2,2,2,32,3,1,"Nonmatching",1,716.441336483058,2,20,"f","R"
2,2,2,33,1,1,"Matching",1,454.482320883471,1,20,"f","R"
2,2,2,34,2,2,"Matching",1,602.52578346126,1,20,"f","R"
2,2,2,35,1,1,"Matching",1,601.796215367358,1,20,"f","R"
2,2,2,36,3,3,"Matching",0,543.757368054685,2,20,"f","R"
2,2,2,37,3,3,"Matching",0,568.506841253566,2,20,"f","R"
2,2,2,38,3,3,"Matching",1,423.784317099035,1,20,"f","R"
2,2,2,39,2,2,"Matching",0,629.061596742304,2,20,"f","R"
2,2,2,40,1,2,"Nonmatching",1,538.522105737684,2,20,"f","R"
2,2,2,41,3,1,"Nonmatching",1,571.060782354834,2,20,"f","R"
2,2,2,42,3,2,"Nonmatching",1,866.450437218191,2,20,"f","R"
2,2,2,43,1,1,"Matching",1,495.124425323411,1,20,"f","R"
2,2,2,44,3,3,"Matching",1,650.442439437484,1,20,"f","R"
2,2,2,45,3,3,"Matching",1,490.489841743056,1,20,"f","R"
2,2,2,46,2,1,"Nonmatching",1,629.690649248914,2,20,"f","R"
2,2,2,47,3,3,"Matching",1,603.038020554777,1,20,"f","R"
2,2,2,48,2,2,"Matching",1,569.738685436732,1,20,"f","R"
2,2,2,49,1,2,"Nonmatching",1,529.88289662926,2,20,"f","R"
2,2,2,50,3,2,"Nonmatching",1,771.127853116468,2,20,"f","R"
2,2,2,51,2,1,"Nonmatching",1,923.784769871872,2,20,"f","R"
2,2,2,52,3,2,"Nonmatching",1,798.39927146395,2,20,"f","R"
2,2,2,53,1,3,"Nonmatching",1,636.410704885293,2,20,"f","R"
2,2,2,54,3,3,"Matching",1,602.558986808617,1,20,"f","R"
2,2,2,55,2,3,"Nonmatching",1,633.15587130819,2,20,"f","R"
2,2,2,56,2,2,"Matching",1,591.234834301304,1,20,"f","R"
2,2,2,57,2,3,"Nonmatching",1,694.431139433163,2,20,"f","R"
2,2,2,58,2,2,"Matching",1,585.103685305512,1,20,"f","R"
2,2,2,59,1,1,"Matching",1,625.091080107723,1,20,"f","R"
2,2,2,60,2,2,"Matching",3,1087.08305757546,1,20,"f","R"
2,2,3,1,2,2,"Matching",3,1012.42684050476,1,20,"f","R"
2,2,3,2,3,3,"Matching",0,619.099687018661,2,20,"f","R"
2,2,3,3,1,3,"Nonmatching",3,1161.78394823964,2,20,"f","R"
2,2,3,4,2,3,"Nonmatching",1,874.497721199532,2,20,"f","R"
2,2,3,5,3,3,"Matching",1,541.736491601114,1,20,"f","R"
2,2,3,6,1,2,"Nonmatching",1,943.133265865526,2,20,"f","R"
2,2,3,7,1,3,"Nonmatching",1,832.574873100839,2,20,"f","R"
2,2,3,8,2,2,"Matching",1,501.72977848797,1,20,"f","R"
2,2,3,9,1,2,"Nonmatching",3,1305.78958194246,2,20,"f","R"
2,2,3,10,2,3,"Nonmatching",1,876.477848090872,2,20,"f","R"
2,2,3,11,1,1,"Matching",1,695.663889162006,1,20,"f","R"
2,2,3,12,2,3,"Nonmatching",3,1018.43332602448,2,20,"f","R"
2,2,3,13,1,2,"Nonmatching",1,609.07529463293,2,20,"f","R"
2,2,3,14,3,1,"Nonmatching",1,639.672782829621,2,20,"f","R"
2,2,3,15,3,1,"Nonmatching",1,460.365954017561,2,20,"f","R"
2,2,3,16,1,3,"Nonmatching",1,633.244614800333,2,20,"f","R"
2,2,3,17,2,2,"Matching",1,623.252520214919,1,20,"f","R"
2,2,3,18,3,2,"Nonmatching",1,781.730285593767,2,20,"f","R"
2,2,3,19,1,1,"Matching",1,541.805916781868,1,20,"f","R"
2,2,3,20,1,1,"Matching",1,503.118885797903,1,20,"f","R"
2,2,3,21,3,2,"Nonmatching",1,538.487393147534,2,20,"f","R"
2,2,3,22,2,2,"Matching",3,1235.24575035481,2,20,"f","R"
2,2,3,23,2,1,"Nonmatching",1,664.393882258537,2,20,"f","R"
2,2,3,24,2,3,"Nonmatching",1,684.412180321488,2,20,"f","R"
2,2,3,25,1,1,"Matching",1,504.483241521939,1,20,"f","R"
2,2,3,26,1,2,"Nonmatching",3,1003.14167536817,2,20,"f","R"
2,2,3,27,3,2,"Nonmatching",1,537.838116784314,2,20,"f","R"
2,2,3,28,3,1,"Nonmatching",1,579.095388694896,2,20,"f","R"
2,2,3,29,3,3,"Matching",1,675.810702289709,1,20,"f","R"
2,2,3,30,2,3,"Nonmatching",1,711.800715930167,2,20,"f","R"
2,2,3,31,1,1,"Matching",1,514.433680998081,1,20,"f","R"
2,2,3,32,2,1,"Nonmatching",1,484.503580080855,2,20,"f","R"
2,2,3,33,2,2,"Matching",1,552.510374089707,1,20,"f","R"
2,2,3,34,2,2,"Matching",1,449.741486592302,1,20,"f","R"
2,2,3,35,1,1,"Matching",0,479.811645264817,2,20,"f","R"
2,2,3,36,2,2,"Matching",1,452.392019249146,1,20,"f","R"
2,2,3,37,3,3,"Matching",1,674.510338471464,1,20,"f","R"
2,2,3,38,1,2,"Nonmatching",1,438.458385496233,2,20,"f","R"
2,2,3,39,2,2,"Matching",1,603.067299869963,1,20,"f","R"
2,2,3,40,3,3,"Matching",0,410.449852839065,2,20,"f","R"
2,2,3,41,1,1,"Matching",1,473.146526075652,1,20,"f","R"
2,2,3,42,2,1,"Nonmatching",1,629.335675281709,2,20,"f","R"
2,2,3,43,3,1,"Nonmatching",1,611.718281074445,2,20,"f","R"
2,2,3,44,1,1,"Matching",1,434.530429515235,1,20,"f","R"
2,2,3,45,3,3,"Matching",1,561.151997987054,1,20,"f","R"
2,2,3,46,1,3,"Nonmatching",1,634.55312853057,2,20,"f","R"
2,2,3,47,3,2,"Nonmatching",1,551.839062778072,2,20,"f","R"
2,2,3,48,3,3,"Matching",1,545.149493850658,1,20,"f","R"
2,2,3,49,2,2,"Matching",1,522.442328357101,1,20,"f","R"
2,2,3,50,3,1,"Nonmatching",1,637.833317391141,2,20,"f","R"
2,2,3,51,3,3,"Matching",1,508.42749732783,1,20,"f","R"
2,2,3,52,3,3,"Matching",1,367.81192538001,1,20,"f","R"
2,2,3,53,3,2,"Nonmatching",0,473.27722652426,1,20,"f","R"
2,2,3,54,3,3,"Matching",1,479.044949791387,1,20,"f","R"
2,2,3,55,1,3,"Nonmatching",1,571.754128615339,2,20,"f","R"
2,2,3,56,2,1,"Nonmatching",1,589.025302465416,2,20,"f","R"
2,2,3,57,2,2,"Matching",1,605.076102379371,1,20,"f","R"
2,2,3,58,1,1,"Matching",1,549.166495171903,1,20,"f","R"
2,2,3,59,2,1,"Nonmatching",1,487.039712114893,2,20,"f","R"
2,2,3,60,1,1,"Matching",1,867.099411732852,1,20,"f","R"
2,2,4,1,2,3,"Nonmatching",3,1024.35801056981,1,20,"f","R"
2,2,4,2,3,3,"Matching",1,679.894110305213,1,20,"f","R"
2,2,4,3,1,1,"Matching",1,531.920978453854,1,20,"f","R"
2,2,4,4,2,2,"Matching",1,638.537832050588,1,20,"f","R"
2,2,4,5,1,1,"Matching",1,484.429929019825,1,20,"f","R"
2,2,4,6,3,1,"Nonmatching",1,552.338622229854,2,20,"f","R"
2,2,4,7,3,3,"Matching",1,769.056266096413,1,20,"f","R"
2,2,4,8,1,3,"Nonmatching",3,1042.37927821896,2,20,"f","R"
2,2,4,9,1,1,"Matching",1,440.518804117801,1,20,"f","R"
2,2,4,10,1,1,"Matching",1,446.461599580289,1,20,"f","R"
2,2,4,11,2,1,"Nonmatching",1,541.181392004546,2,20,"f","R"
2,2,4,12,3,2,"Nonmatching",0,719.783706157614,1,20,"f","R"
2,2,4,13,2,3,"Nonmatching",1,531.19925842384,2,20,"f","R"
2,2,4,14,2,2,"Matching",1,517.150318501081,1,20,"f","R"
2,2,4,15,2,3,"Nonmatching",1,607.834394990732,2,20,"f","R"
2,2,4,16,2,2,"Matching",1,534.40609807194,1,20,"f","R"
2,2,4,17,2,2,"Matching",1,505.7099542787,1,20,"f","R"
2,2,4,18,2,1,"Nonmatching",1,621.177311011706,2,20,"f","R"
2,2,4,19,1,2,"Nonmatching",1,635.059026803447,2,20,"f","R"
2,2,4,20,3,3,"Matching",1,713.14152746254,1,20,"f","R"
2,2,4,21,2,2,"Matching",1,779.768873316698,1,20,"f","R"
2,2,4,22,1,3,"Nonmatching",1,531.798427918147,2,20,"f","R"
2,2,4,23,3,3,"Matching",1,742.505360384257,1,20,"f","R"
2,2,4,24,1,1,"Matching",1,577.10288601038,1,20,"f","R"
2,2,4,25,3,3,"Matching",1,577.117676592479,1,20,"f","R"
2,2,4,26,3,3,"Matching",1,561.832364757265,1,20,"f","R"
2,2,4,27,2,3,"Nonmatching",1,794.455921203735,2,20,"f","R"
2,2,4,28,1,2,"Nonmatching",1,626.311152195285,2,20,"f","R"
2,2,4,29,3,1,"Nonmatching",1,657.141667520136,2,20,"f","R"
2,2,4,30,2,1,"Nonmatching",1,526.447255733729,2,20,"f","R"
2,2,4,31,3,1,"Nonmatching",1,681.85491888562,2,20,"f","R"
2,2,4,32,2,2,"Matching",1,822.52391803695,1,20,"f","R"
2,2,4,33,1,1,"Matching",1,532.476379898981,1,20,"f","R"
2,2,4,34,3,2,"Nonmatching",3,1031.29569905514,2,20,"f","R"
2,2,4,35,1,2,"Nonmatching",1,693.209558102353,2,20,"f","R"
2,2,4,36,2,1,"Nonmatching",1,817.730260238477,2,20,"f","R"
2,2,4,37,3,2,"Nonmatching",1,688.379074773366,2,20,"f","R"
2,2,4,38,1,1,"Matching",1,563.057870119792,1,20,"f","R"
2,2,4,39,3,3,"Matching",0,843.794887837248,2,20,"f","R"
2,2,4,40,3,1,"Nonmatching",1,592.971671211671,2,20,"f","R"
2,2,4,41,1,3,"Nonmatching",1,673.879173024943,2,20,"f","R"
2,2,4,42,3,2,"Nonmatching",1,518.044092239961,2,20,"f","R"
2,2,4,43,2,2,"Matching",1,649.778070644061,1,20,"f","R"
2,2,4,44,1,1,"Matching",1,591.160277694144,1,20,"f","R"
2,2,4,45,1,2,"Nonmatching",1,790.493856329704,2,20,"f","R"
2,2,4,46,1,2,"Nonmatching",1,782.601118837647,2,20,"f","R"
2,2,4,47,2,2,"Matching",1,671.059605145729,1,20,"f","R"
2,2,4,48,2,2,"Matching",1,668.001878711493,1,20,"f","R"
2,2,4,49,1,1,"Matching",1,595.082800400178,1,20,"f","R"
2,2,4,50,3,3,"Matching",1,554.517365506854,1,20,"f","R"
2,2,4,51,3,3,"Matching",1,555.154266077352,1,20,"f","R"
2,2,4,52,3,2,"Nonmatching",1,675.932347280195,2,20,"f","R"
2,2,4,53,2,3,"Nonmatching",1,857.020988445129,2,20,"f","R"
2,2,4,54,1,1,"Matching",1,533.924347688298,1,20,"f","R"
2,2,4,55,3,3,"Matching",1,543.79721207124,1,20,"f","R"
2,2,4,56,1,3,"Nonmatching",1,569.800564402613,2,20,"f","R"
2,2,4,57,2,2,"Matching",1,554.460919816847,1,20,"f","R"
2,2,4,58,3,1,"Nonmatching",1,643.180565543389,2,20,"f","R"
2,2,4,59,2,1,"Nonmatching",1,545.123534870527,2,20,"f","R"
2,2,4,60,1,3,"Nonmatching",1,602.405949562581,2,20,"f","R"
3,1,1,1,3,1,"Nonmatching",1,558.175107604711,2,20,"f","R"
3,1,1,2,1,2,"Nonmatching",1,704.237259669753,2,20,"f","R"
3,1,1,3,1,3,"Nonmatching",1,509.029017078774,2,20,"f","R"
3,1,1,4,2,2,"Matching",0,775.6053108169,2,20,"f","R"
3,1,1,5,3,1,"Nonmatching",1,726.978396768573,2,20,"f","R"
3,1,1,6,1,1,"Matching",1,432.381665588309,1,20,"f","R"
3,1,1,7,2,3,"Nonmatching",1,542.334188106906,2,20,"f","R"
3,1,1,8,3,2,"Nonmatching",1,672.352579631479,2,20,"f","R"
3,1,1,9,3,3,"Matching",1,750.540255287433,1,20,"f","R"
3,1,1,10,1,1,"Matching",1,417.007401226329,1,20,"f","R"
3,1,1,11,1,2,"Nonmatching",1,600.301449200742,2,20,"f","R"
3,1,1,12,2,2,"Matching",1,575.818656127467,1,20,"f","R"
3,1,1,13,2,2,"Matching",1,649.01710620461,1,20,"f","R"
3,1,1,14,2,3,"Nonmatching",1,647.610198320308,2,20,"f","R"
3,1,1,15,1,3,"Nonmatching",1,598.932875857827,2,20,"f","R"
3,1,1,16,2,1,"Nonmatching",1,736.257167069198,2,20,"f","R"
3,1,1,17,3,3,"Matching",1,651.03042428882,1,20,"f","R"
3,1,1,18,2,2,"Matching",1,721.530062223337,1,20,"f","R"
3,1,1,19,3,3,"Matching",1,668.346167198706,1,20,"f","R"
3,1,1,20,2,2,"Matching",1,730.336442298722,1,20,"f","R"
3,1,1,21,1,1,"Matching",1,286.355433291192,1,20,"f","R"
3,1,1,22,2,2,"Matching",1,706.363468452764,1,20,"f","R"
3,1,1,23,1,3,"Nonmatching",1,526.348080303706,2,20,"f","R"
3,1,1,24,2,3,"Nonmatching",1,514.320994987429,2,20,"f","R"
3,1,1,25,3,3,"Matching",0,334.23859685081,2,20,"f","R"
3,1,1,26,1,3,"Nonmatching",1,569.685733064489,2,20,"f","R"
3,1,1,27,1,1,"Matching",1,338.9718563526,1,20,"f","R"
3,1,1,28,1,1,"Matching",1,277.666169770328,1,20,"f","R"
3,1,1,29,2,3,"Nonmatching",1,651.044309241115,2,20,"f","R"
3,1,1,30,3,3,"Matching",1,560.346593406393,1,20,"f","R"
3,1,1,31,1,2,"Nonmatching",1,626.957539155228,2,20,"f","R"
3,1,1,32,3,3,"Matching",1,610.400940920499,1,20,"f","R"
3,1,1,33,1,2,"Nonmatching",1,699.067227863907,2,20,"f","R"
3,1,1,34,3,3,"Matching",1,584.367259044484,1,20,"f","R"
3,1,1,35,3,2,"Nonmatching",1,657.06192683092,2,20,"f","R"
3,1,1,36,1,1,"Matching",1,335.046942552253,1,20,"f","R"
3,1,1,37,2,1,"Nonmatching",1,656.409635919317,2,20,"f","R"
3,1,1,38,2,2,"Matching",1,494.969899178159,1,20,"f","R"
3,1,1,39,3,3,"Matching",1,644.298033502309,1,20,"f","R"
3,1,1,40,2,1,"Nonmatching",1,691.024520165683,2,20,"f","R"
3,1,1,41,1,2,"Nonmatching",1,960.332527346054,2,20,"f","R"
3,1,1,42,3,2,"Nonmatching",1,618.394447592436,2,20,"f","R"
3,1,1,43,2,2,"Matching",1,475.010883935283,1,20,"f","R"
3,1,1,44,3,3,"Matching",1,769.61968898695,1,20,"f","R"
3,1,1,45,2,1,"Nonmatching",1,539.686991765393,2,20,"f","R"
3,1,1,46,1,1,"Matching",1,501.761753781921,1,20,"f","R"
3,1,1,47,1,1,"Matching",1,394.209516931369,1,20,"f","R"
3,1,1,48,1,1,"Matching",1,315.07253312293,1,20,"f","R"
3,1,1,49,2,2,"Matching",1,583.076260327744,1,20,"f","R"
3,1,1,50,3,2,"Nonmatching",1,432.360838160093,2,20,"f","R"
3,1,1,51,2,3,"Nonmatching",1,663.102484776573,2,20,"f","R"
3,1,1,52,3,1,"Nonmatching",0,492.914020696389,1,20,"f","R"
3,1,1,53,3,3,"Matching",0,569.704749412267,2,20,"f","R"
3,1,1,54,3,1,"Nonmatching",1,643.068309683258,2,20,"f","R"
3,1,1,55,1,3,"Nonmatching",1,448.894194192235,2,20,"f","R"
3,1,1,56,3,1,"Nonmatching",1,534.400748946155,2,20,"f","R"
3,1,1,57,1,1,"Matching",1,465.116346184914,1,20,"f","R"
3,1,1,58,3,2,"Nonmatching",1,496.301345365282,2,20,"f","R"
3,1,1,59,2,2,"Matching",1,453.087449787745,1,20,"f","R"
3,1,1,60,2,1,"Nonmatching",1,490.469061703607,2,20,"f","R"
3,1,2,1,2,2,"Matching",0,379.005494158719,2,20,"f","R"
3,1,2,2,2,2,"Matching",1,442.320876663416,1,20,"f","R"
3,1,2,3,1,2,"Nonmatching",1,425.278305097891,2,20,"f","R"
3,1,2,4,3,2,"Nonmatching",1,527.061344266713,2,20,"f","R"
3,1,2,5,3,1,"Nonmatching",1,498.218374323187,2,20,"f","R"
3,1,2,6,2,1,"Nonmatching",1,573.645359245347,2,20,"f","R"
3,1,2,7,3,3,"Matching",1,533.590894010558,1,20,"f","R"
3,1,2,8,3,3,"Matching",1,529.007954210101,1,20,"f","R"
3,1,2,9,2,2,"Matching",1,586.90941270379,1,20,"f","R"
3,1,2,10,3,3,"Matching",1,539.699065636796,1,20,"f","R"
3,1,2,11,2,2,"Matching",1,502.317755567674,1,20,"f","R"
3,1,2,12,3,2,"Nonmatching",0,305.664572397291,1,20,"f","R"
3,1,2,13,3,1,"Nonmatching",1,589.556609044848,2,20,"f","R"
3,1,2,14,1,1,"Matching",1,389.004169051077,1,20,"f","R"
3,1,2,15,2,3,"Nonmatching",1,765.679984694543,2,20,"f","R"
3,1,2,16,3,3,"Matching",1,493.922188972647,1,20,"f","R"
3,1,2,17,1,3,"Nonmatching",1,569.642870820189,2,20,"f","R"
3,1,2,18,3,3,"Matching",1,602.384192045974,1,20,"f","R"
3,1,2,19,2,2,"Matching",1,673.658670688837,1,20,"f","R"
3,1,2,20,2,1,"Nonmatching",1,478.977452592062,2,20,"f","R"
3,1,2,21,1,3,"Nonmatching",1,666.276101918356,2,20,"f","R"
3,1,2,22,2,3,"Nonmatching",1,760.977815411934,2,20,"f","R"
3,1,2,23,1,1,"Matching",1,426.332354085844,1,20,"f","R"
3,1,2,24,3,1,"Nonmatching",1,480.423902406073,2,20,"f","R"
3,1,2,25,1,2,"Nonmatching",1,573.65773496349,2,20,"f","R"
3,1,2,26,3,3,"Matching",0,517.673305428161,2,20,"f","R"
3,1,2,27,3,3,"Matching",1,417.049357930409,1,20,"f","R"
3,1,2,28,1,1,"Matching",1,368.999574943246,1,20,"f","R"
3,1,2,29,2,2,"Matching",0,410.414463656707,2,20,"f","R"
3,1,2,30,2,2,"Matching",1,561.763160388182,1,20,"f","R"
3,1,2,31,3,2,"Nonmatching",1,516.324050280673,2,20,"f","R"
3,1,2,32,2,1,"Nonmatching",1,671.580757391894,2,20,"f","R"
3,1,2,33,2,1,"Nonmatching",1,588.900092278436,2,20,"f","R"
3,1,2,34,3,3,"Matching",1,494.302214080108,1,20,"f","R"
3,1,2,35,1,3,"Nonmatching",1,491.625436753566,2,20,"f","R"
3,1,2,36,3,3,"Matching",1,600.337670815406,1,20,"f","R"
3,1,2,37,1,1,"Matching",1,554.251703038517,1,20,"f","R"
3,1,2,38,1,1,"Matching",1,372.935958921516,1,20,"f","R"
3,1,2,39,1,1,"Matching",1,399.64306098409,1,20,"f","R"
3,1,2,40,1,1,"Matching",1,312.345045535949,1,20,"f","R"
3,1,2,41,3,1,"Nonmatching",1,436.258585748874,2,20,"f","R"
3,1,2,42,2,2,"Matching",1,515.116059430056,1,20,"f","R"
3,1,2,43,3,1,"Nonmatching",1,478.946362372881,2,20,"f","R"
3,1,2,44,1,2,"Nonmatching",1,722.316674955891,2,20,"f","R"
3,1,2,45,3,2,"Nonmatching",1,572.944169153743,2,20,"f","R"
3,1,2,46,2,3,"Nonmatching",1,534.271256673492,2,20,"f","R"
3,1,2,47,1,2,"Nonmatching",1,511.592601859775,2,20,"f","R"
3,1,2,48,1,2,"Nonmatching",1,466.918673363125,2,20,"f","R"
3,1,2,49,2,2,"Matching",1,639.632387681104,1,20,"f","R"
3,1,2,50,1,1,"Matching",1,406.952280984569,1,20,"f","R"
3,1,2,51,1,3,"Nonmatching",1,622.287969326408,2,20,"f","R"
3,1,2,52,1,1,"Matching",1,534.875252098573,1,20,"f","R"
3,1,2,53,3,2,"Nonmatching",1,626.256349064533,2,20,"f","R"
3,1,2,54,2,2,"Matching",1,489.680939737354,1,20,"f","R"
3,1,2,55,2,3,"Nonmatching",1,629.654238370222,2,20,"f","R"
3,1,2,56,2,1,"Nonmatching",1,556.24811770258,2,20,"f","R"
3,1,2,57,3,3,"Matching",1,589.562042287525,1,20,"f","R"
3,1,2,58,1,1,"Matching",1,415.00706255465,1,20,"f","R"
3,1,2,59,1,3,"Nonmatching",1,525.689450609661,2,20,"f","R"
3,1,2,60,2,3,"Nonmatching",1,552.31807250675,2,20,"f","R"
3,1,3,1,3,1,"Nonmatching",1,447.630965379176,2,20,"f","R"
3,1,3,2,3,3,"Matching",1,534.302950586152,1,20,"f","R"
3,1,3,3,3,3,"Matching",0,368.335813853719,2,20,"f","R"
3,1,3,4,2,2,"Matching",1,600.33193572599,1,20,"f","R"
3,1,3,5,3,3,"Matching",1,527.651756585783,1,20,"f","R"
3,1,3,6,3,2,"Nonmatching",1,569.677281353961,2,20,"f","R"
3,1,3,7,3,1,"Nonmatching",1,594.365330243818,2,20,"f","R"
3,1,3,8,2,3,"Nonmatching",1,698.316534899277,2,20,"f","R"
3,1,3,9,1,1,"Matching",1,332.921941156656,1,20,"f","R"
3,1,3,10,1,3,"Nonmatching",1,454.925394887141,2,20,"f","R"
3,1,3,11,2,2,"Matching",1,549.685968504946,1,20,"f","R"
3,1,3,12,3,3,"Matching",0,472.307845937848,2,20,"f","R"
3,1,3,13,2,2,"Matching",1,572.279200677258,1,20,"f","R"
3,1,3,14,1,1,"Matching",1,358.362192244385,1,20,"f","R"
3,1,3,15,1,1,"Matching",1,392.270151310186,1,20,"f","R"
3,1,3,16,2,3,"Nonmatching",1,673.706362481425,2,20,"f","R"
3,1,3,17,3,3,"Matching",1,503.745792727386,1,20,"f","R"
3,1,3,18,1,2,"Nonmatching",1,850.327181638932,2,20,"f","R"
3,1,3,19,2,2,"Matching",1,720.206765899547,1,20,"f","R"
3,1,3,20,1,1,"Matching",1,236.261543847377,1,20,"f","R"
3,1,3,21,1,1,"Matching",1,298.908939407738,1,20,"f","R"
3,1,3,22,3,3,"Matching",1,583.572496449051,1,20,"f","R"
3,1,3,23,3,2,"Nonmatching",1,601.091985941821,2,20,"f","R"
3,1,3,24,1,2,"Nonmatching",1,712.336412717832,2,20,"f","R"
3,1,3,25,3,3,"Matching",1,516.973020877231,1,20,"f","R"
3,1,3,26,1,3,"Nonmatching",1,592.282889245325,2,20,"f","R"
3,1,3,27,2,2,"Matching",1,999.609133405102,1,20,"f","R"
3,1,3,28,3,1,"Nonmatching",1,584.969745236322,2,20,"f","R"
3,1,3,29,1,2,"Nonmatching",1,585.607849348435,2,20,"f","R"
3,1,3,30,2,2,"Matching",1,505.880755067665,1,20,"f","R"
3,1,3,31,3,3,"Matching",1,540.893171535117,1,20,"f","R"
3,1,3,32,2,2,"Matching",1,519.745181789858,1,20,"f","R"
3,1,3,33,1,1,"Matching",1,346.261456311822,1,20,"f","R"
3,1,3,34,2,1,"Nonmatching",1,565.095548940917,2,20,"f","R"
3,1,3,35,2,1,"Nonmatching",1,502.207279642789,2,20,"f","R"
3,1,3,36,1,1,"Matching",1,378.278345243416,1,20,"f","R"
3,1,3,37,1,3,"Nonmatching",1,571.585254908769,2,20,"f","R"
3,1,3,38,2,3,"Nonmatching",1,676.211388984939,2,20,"f","R"
3,1,3,39,3,2,"Nonmatching",1,696.282389386397,2,20,"f","R"
3,1,3,40,2,2,"Matching",1,789.598022424343,1,20,"f","R"
3,1,3,41,1,1,"Matching",1,446.985013250469,1,20,"f","R"
3,1,3,42,1,2,"Nonmatching",1,574.265956243835,2,20,"f","R"
3,1,3,43,2,2,"Matching",1,671.727756778182,1,20,"f","R"
3,1,3,44,2,1,"Nonmatching",1,588.931182497618,2,20,"f","R"
3,1,3,45,3,3,"Matching",1,574.259315614654,1,20,"f","R"
3,1,3,46,1,1,"Matching",1,440.378492575292,1,20,"f","R"
3,1,3,47,3,1,"Nonmatching",1,704.330228481012,2,20,"f","R"
3,1,3,48,1,1,"Matching",1,355.642552673999,1,20,"f","R"
3,1,3,49,3,2,"Nonmatching",1,661.587515741303,2,20,"f","R"
3,1,3,50,2,2,"Matching",1,341.547515005004,1,20,"f","R"
3,1,3,51,2,3,"Nonmatching",1,639.618502729263,2,20,"f","R"
3,1,3,52,1,2,"Nonmatching",1,533.022818353402,2,20,"f","R"
3,1,3,53,3,1,"Nonmatching",1,454.885551111147,2,20,"f","R"
3,1,3,54,2,1,"Nonmatching",1,516.270623399123,2,20,"f","R"
3,1,3,55,2,1,"Nonmatching",1,366.292612937286,2,20,"f","R"
3,1,3,56,1,3,"Nonmatching",1,622.269556672109,2,20,"f","R"
3,1,3,57,3,3,"Matching",1,668.320208374553,1,20,"f","R"
3,1,3,58,3,2,"Nonmatching",1,674.213766933917,2,20,"f","R"
3,1,3,59,1,3,"Nonmatching",1,509.672252586824,2,20,"f","R"
3,1,3,60,2,3,"Nonmatching",1,720.202540044738,2,20,"f","R"
3,1,4,1,3,3,"Matching",1,561.287751694636,1,20,"f","R"
3,1,4,2,3,3,"Matching",1,330.342358495727,1,20,"f","R"
3,1,4,3,3,2,"Nonmatching",1,444.277447551485,2,20,"f","R"
3,1,4,4,3,1,"Nonmatching",1,450.2808783418,2,20,"f","R"
3,1,4,5,2,2,"Matching",1,431.01550702022,1,20,"f","R"
3,1,4,6,3,2,"Nonmatching",1,525.716314973579,2,20,"f","R"
3,1,4,7,3,2,"Nonmatching",1,479.587786799584,2,20,"f","R"
3,1,4,8,3,1,"Nonmatching",1,571.61604328121,2,20,"f","R"
3,1,4,9,3,3,"Matching",1,531.084961966826,1,20,"f","R"
3,1,4,10,3,1,"Nonmatching",1,454.204282907995,2,20,"f","R"
3,1,4,11,2,1,"Nonmatching",1,498.321304078218,2,20,"f","R"
3,1,4,12,1,3,"Nonmatching",1,518.237155230509,2,20,"f","R"
3,1,4,13,1,1,"Matching",1,609.005503214121,1,20,"f","R"
3,1,4,14,1,2,"Nonmatching",1,679.681117826931,2,20,"f","R"
3,1,4,15,3,3,"Matching",1,483.74089677236,1,20,"f","R"
3,1,4,16,1,1,"Matching",1,383.687741552876,1,20,"f","R"
3,1,4,17,3,3,"Matching",1,527.623382988168,1,20,"f","R"
3,1,4,18,1,1,"Matching",1,289.589721638094,1,20,"f","R"
3,1,4,19,2,3,"Nonmatching",1,997.553254923332,2,20,"f","R"
3,1,4,20,2,3,"Nonmatching",1,541.596172707614,2,20,"f","R"
3,1,4,21,1,1,"Matching",1,335.551932230828,1,20,"f","R"
3,1,4,22,3,1,"Nonmatching",1,578.24188215136,2,20,"f","R"
3,1,4,23,3,2,"Nonmatching",1,443.009389189683,2,20,"f","R"
3,1,4,24,3,1,"Nonmatching",1,551.644954166932,2,20,"f","R"
3,1,4,25,1,3,"Nonmatching",1,641.643290990942,2,20,"f","R"
3,1,4,26,2,3,"Nonmatching",1,741.627323295688,2,20,"f","R"
3,1,4,27,1,2,"Nonmatching",0,288.285139814434,1,20,"f","R"
3,1,4,28,2,1,"Nonmatching",1,579.61890720344,2,20,"f","R"
3,1,4,29,2,2,"Matching",1,723.694605549099,1,20,"f","R"
3,1,4,30,2,1,"Nonmatching",1,501.606906379493,2,20,"f","R"
3,1,4,31,1,1,"Matching",1,456.292458995449,1,20,"f","R"
3,1,4,32,2,2,"Matching",0,444.974411787371,2,20,"f","R"
3,1,4,33,1,2,"Nonmatching",1,666.282440700797,2,20,"f","R"
3,1,4,34,2,2,"Matching",1,543.671671229731,1,20,"f","R"
3,1,4,35,2,2,"Matching",1,745.623472938405,1,20,"f","R"
3,1,4,36,3,3,"Matching",0,403.728557275826,2,20,"f","R"
3,1,4,37,2,2,"Matching",1,484.401337547297,1,20,"f","R"
3,1,4,38,1,1,"Matching",1,352.257039085998,1,20,"f","R"
3,1,4,39,1,1,"Matching",1,298.248498633257,1,20,"f","R"
3,1,4,40,2,2,"Matching",1,566.367833157074,1,20,"f","R"
3,1,4,41,1,3,"Nonmatching",1,526.937888929751,2,20,"f","R"
3,1,4,42,2,2,"Matching",1,465.783427588576,1,20,"f","R"
3,1,4,43,2,3,"Nonmatching",1,814.975187533946,2,20,"f","R"
3,1,4,44,2,2,"Matching",1,565.035179582992,1,20,"f","R"
3,1,4,45,1,3,"Nonmatching",1,519.045199085213,2,20,"f","R"
3,1,4,46,1,1,"Matching",1,410.310326514718,1,20,"f","R"
3,1,4,47,2,1,"Nonmatching",1,522.38332272691,2,20,"f","R"
3,1,4,48,3,3,"Matching",1,483.704675157696,1,20,"f","R"
3,1,4,49,2,2,"Matching",1,735.684865556777,1,20,"f","R"
3,1,4,50,1,1,"Matching",1,337.57762603318,1,20,"f","R"
3,1,4,51,2,1,"Nonmatching",1,691.605575234917,2,20,"f","R"
3,1,4,52,1,3,"Nonmatching",1,526.96746991478,2,20,"f","R"
3,1,4,53,3,3,"Matching",3,1218.31584668826,1,20,"f","R"
3,1,4,54,1,2,"Nonmatching",1,801.568058697285,2,20,"f","R"
3,1,4,55,3,2,"Nonmatching",1,672.240594472896,2,20,"f","R"
3,1,4,56,1,1,"Matching",1,333.110293552636,1,20,"f","R"
3,1,4,57,3,3,"Matching",1,599.590298164912,1,20,"f","R"
3,1,4,58,1,2,"Nonmatching",1,816.303615252764,2,20,"f","R"
3,1,4,59,3,3,"Matching",1,480.389190025107,1,20,"f","R"
3,1,4,60,2,3,"Nonmatching",1,541.574741585009,2,20,"f","R"
3,2,1,1,2,2,"Matching",1,434.42729164326,1,20,"f","R"
3,2,1,2,1,2,"Nonmatching",1,825.722754673734,2,20,"f","R"
3,2,1,3,2,1,"Nonmatching",1,474.594043882462,2,20,"f","R"
3,2,1,4,2,2,"Matching",1,519.703839143403,1,20,"f","R"
3,2,1,5,3,3,"Matching",1,403.689025710264,1,20,"f","R"
3,2,1,6,2,2,"Matching",1,733.032850030213,1,20,"f","R"
3,2,1,7,1,2,"Nonmatching",1,463.71216528496,2,20,"f","R"
3,2,1,8,3,3,"Matching",1,564.492469419747,1,20,"f","R"
3,2,1,9,2,2,"Matching",1,541.962323226471,1,20,"f","R"
3,2,1,10,1,2,"Nonmatching",1,544.500854723083,2,20,"f","R"
3,2,1,11,3,3,"Matching",1,457.142469917926,1,20,"f","R"
3,2,1,12,1,3,"Nonmatching",1,615.800688496165,2,20,"f","R"
3,2,1,13,3,2,"Nonmatching",1,790.506893469683,2,20,"f","R"
3,2,1,14,2,2,"Matching",1,373.719865396197,1,20,"f","R"
3,2,1,15,3,2,"Nonmatching",1,543.218005868766,2,20,"f","R"
3,2,1,16,1,1,"Matching",1,616.379932484961,1,20,"f","R"
3,2,1,17,3,3,"Matching",1,487.694798227494,1,20,"f","R"
3,2,1,18,1,3,"Nonmatching",1,500.443901063591,2,20,"f","R"
3,2,1,19,1,1,"Matching",1,383.151672019267,1,20,"f","R"
3,2,1,20,1,1,"Matching",1,231.737474534384,1,20,"f","R"
3,2,1,21,2,1,"Nonmatching",1,470.491644170579,2,20,"f","R"
3,2,1,22,2,1,"Nonmatching",1,324.514311053463,2,20,"f","R"
3,2,1,23,3,3,"Matching",1,414.388890693772,1,20,"f","R"
3,2,1,24,3,3,"Matching",1,749.748219675894,1,20,"f","R"
3,2,1,25,1,1,"Matching",1,335.109133354308,1,20,"f","R"
3,2,1,26,1,2,"Nonmatching",1,473.735289768229,2,20,"f","R"
3,2,1,27,2,3,"Nonmatching",3,1125.6591555557,1,20,"f","R"
3,2,1,28,3,2,"Nonmatching",1,665.815494081471,2,20,"f","R"
3,2,1,29,2,2,"Matching",1,415.747503092462,1,20,"f","R"
3,2,1,30,3,3,"Matching",1,543.799664632388,1,20,"f","R"
3,2,1,31,3,2,"Nonmatching",3,1010.49887038334,2,20,"f","R"
3,2,1,32,1,1,"Matching",1,337.090455678663,1,20,"f","R"
3,2,1,33,3,1,"Nonmatching",1,595.081321191174,2,20,"f","R"
3,2,1,34,1,3,"Nonmatching",1,491.119250052179,2,20,"f","R"
3,2,1,35,1,1,"Matching",1,526.455548124432,1,20,"f","R"
3,2,1,36,3,1,"Nonmatching",1,409.789651166648,2,20,"f","R"
3,2,1,37,2,3,"Nonmatching",1,591.041705612042,2,20,"f","R"
3,2,1,38,2,2,"Matching",1,806.437763311806,1,20,"f","R"
3,2,1,39,3,1,"Nonmatching",1,550.646153505113,2,20,"f","R"
3,2,1,40,3,1,"Nonmatching",1,537.125530276171,2,20,"f","R"
3,2,1,41,1,1,"Matching",1,347.036609230599,1,20,"f","R"
3,2,1,42,2,1,"Nonmatching",1,421.807379232632,2,20,"f","R"
3,2,1,43,3,1,"Nonmatching",1,445.038413670773,2,20,"f","R"
3,2,1,44,2,2,"Matching",1,474.516167410911,1,20,"f","R"
3,2,1,45,2,3,"Nonmatching",1,367.156810659253,2,20,"f","R"
3,2,1,46,1,1,"Matching",1,360.512559134804,1,20,"f","R"
3,2,1,47,1,1,"Matching",1,273.769639931743,1,20,"f","R"
3,2,1,48,1,3,"Nonmatching",1,351.193945058185,2,20,"f","R"
3,2,1,49,3,3,"Matching",1,585.037671127793,1,20,"f","R"
3,2,1,50,2,1,"Nonmatching",1,433.164364676486,2,20,"f","R"
3,2,1,51,3,3,"Matching",1,529.064711769934,1,20,"f","R"
3,2,1,52,3,2,"Nonmatching",1,515.092827590706,2,20,"f","R"
3,2,1,53,3,3,"Matching",0,454.445167009908,2,20,"f","R"
3,2,1,54,2,2,"Matching",1,477.696123334681,1,20,"f","R"
3,2,1,55,1,2,"Nonmatching",1,514.468004736955,2,20,"f","R"
3,2,1,56,2,3,"Nonmatching",1,639.095714454015,2,20,"f","R"
3,2,1,57,2,3,"Nonmatching",1,581.087704043966,2,20,"f","R"
3,2,1,58,2,2,"Matching",1,557.854254831,1,20,"f","R"
3,2,1,59,1,1,"Matching",1,424.610630363532,1,20,"f","R"
3,2,1,60,1,3,"Nonmatching",1,399.75173619132,2,20,"f","R"
3,2,2,1,2,2,"Matching",1,593.02061316157,1,20,"f","R"
3,2,2,2,1,1,"Matching",1,289.728279677547,1,20,"f","R"
3,2,2,3,3,3,"Matching",1,493.988001936486,1,20,"f","R"
3,2,2,4,3,2,"Nonmatching",1,410.426547892712,2,20,"f","R"
3,2,2,5,1,1,"Matching",1,369.192767251661,1,20,"f","R"
3,2,2,6,2,2,"Matching",1,441.806540098696,1,20,"f","R"
3,2,2,7,2,1,"Nonmatching",1,439.83336763722,2,20,"f","R"
3,2,2,8,3,3,"Matching",1,461.063761556034,1,20,"f","R"
3,2,2,9,3,2,"Nonmatching",1,442.395141337329,2,20,"f","R"
3,2,2,10,3,3,"Matching",1,487.801651991504,1,20,"f","R"
3,2,2,11,2,2,"Matching",1,524.38669023104,1,20,"f","R"
3,2,2,12,1,1,"Matching",1,320.548346090618,1,20,"f","R"
3,2,2,13,3,2,"Nonmatching",1,603.76877363251,2,20,"f","R"
3,2,2,14,2,1,"Nonmatching",1,562.368071717174,2,20,"f","R"
3,2,2,15,1,1,"Matching",1,364.461318830763,1,20,"f","R"
3,2,2,16,3,3,"Matching",1,454.462975970273,1,20,"f","R"
3,2,2,17,2,2,"Matching",1,420.481366288186,1,20,"f","R"
3,2,2,18,2,3,"Nonmatching",1,372.822776738758,2,20,"f","R"
3,2,2,19,2,3,"Nonmatching",1,517.239863803297,2,20,"f","R"
3,2,2,20,2,3,"Nonmatching",1,321.810065669524,2,20,"f","R"
3,2,2,21,3,3,"Matching",1,436.40499180583,1,20,"f","R"
3,2,2,22,1,3,"Nonmatching",1,451.710133253073,2,20,"f","R"
3,2,2,23,3,3,"Matching",1,553.019876655526,1,20,"f","R"
3,2,2,24,1,3,"Nonmatching",1,539.083912243768,2,20,"f","R"
3,2,2,25,2,3,"Nonmatching",1,813.174681799865,2,20,"f","R"
3,2,2,26,2,2,"Matching",1,437.07388429084,1,20,"f","R"
3,2,2,27,3,1,"Nonmatching",1,460.428072217837,2,20,"f","R"
3,2,2,28,3,3,"Matching",1,481.055376252698,1,20,"f","R"
3,2,2,29,2,1,"Nonmatching",1,408.040449023247,2,20,"f","R"
3,2,2,30,2,2,"Matching",1,437.847517610862,1,20,"f","R"
3,2,2,31,1,2,"Nonmatching",1,461.200196305072,2,20,"f","R"
3,2,2,32,3,1,"Nonmatching",1,578.490916116607,2,20,"f","R"
3,2,2,33,3,1,"Nonmatching",1,395.786676768694,2,20,"f","R"
3,2,2,34,1,2,"Nonmatching",1,507.042875569823,2,20,"f","R"
3,2,2,35,1,1,"Matching",1,398.381955461446,1,20,"f","R"
3,2,2,36,3,2,"Nonmatching",1,615.401345194186,2,20,"f","R"
3,2,2,37,3,1,"Nonmatching",1,629.829923565012,2,20,"f","R"
3,2,2,38,1,1,"Matching",1,366.443546696246,1,20,"f","R"
3,2,2,39,2,1,"Nonmatching",1,400.016455825607,2,20,"f","R"
3,2,2,40,3,2,"Nonmatching",1,440.379710325942,2,20,"f","R"
3,2,2,41,3,1,"Nonmatching",1,478.367732442166,2,20,"f","R"
3,2,2,42,1,2,"Nonmatching",1,468.429728753108,2,20,"f","R"
3,2,2,43,1,3,"Nonmatching",1,553.165668654401,2,20,"f","R"
3,2,2,44,2,2,"Matching",0,465.740273862139,2,20,"f","R"
3,2,2,45,3,3,"Matching",1,639.047720814233,1,20,"f","R"
3,2,2,46,1,3,"Nonmatching",1,477.827426689146,2,20,"f","R"
3,2,2,47,1,2,"Nonmatching",1,603.254728549473,2,20,"f","R"
3,2,2,48,3,3,"Matching",1,411.753466377377,1,20,"f","R"
3,2,2,49,1,3,"Nonmatching",1,427.737763099685,2,20,"f","R"
3,2,2,50,2,2,"Matching",1,555.274672170526,1,20,"f","R"
3,2,2,51,2,2,"Matching",1,246.487217888898,1,20,"f","R"
3,2,2,52,3,3,"Matching",1,492.496275104713,1,20,"f","R"
3,2,2,53,1,1,"Matching",1,369.158960411369,1,20,"f","R"
3,2,2,54,1,1,"Matching",1,250.976283337877,1,20,"f","R"
3,2,2,55,2,3,"Nonmatching",1,729.67782296837,2,20,"f","R"
3,2,2,56,1,1,"Matching",1,501.762065992807,1,20,"f","R"
3,2,2,57,2,1,"Nonmatching",1,834.359195006982,2,20,"f","R"
3,2,2,58,1,1,"Matching",1,345.294953256598,1,20,"f","R"
3,2,2,59,2,2,"Matching",1,450.359972564002,1,20,"f","R"
3,2,2,60,1,2,"Nonmatching",1,480.073166800139,2,20,"f","R"
3,2,3,1,1,1,"Matching",1,491.73803596932,1,20,"f","R"
3,2,3,2,1,1,"Matching",1,297.06013818759,1,20,"f","R"
3,2,3,3,2,1,"Nonmatching",1,429.109354909997,2,20,"f","R"
3,2,3,4,3,3,"Matching",1,435.8284644386,1,20,"f","R"
3,2,3,5,3,3,"Matching",1,522.51614567831,1,20,"f","R"
3,2,3,6,3,3,"Matching",1,333.767726223414,1,20,"f","R"
3,2,3,7,2,2,"Matching",1,544.451955543082,1,20,"f","R"
3,2,3,8,2,2,"Matching",1,259.185610464556,1,20,"f","R"
3,2,3,9,1,1,"Matching",1,345.282577538455,1,20,"f","R"
3,2,3,10,2,1,"Nonmatching",1,427.061626292016,2,20,"f","R"
3,2,3,11,1,1,"Matching",1,609.723908935848,1,20,"f","R"
3,2,3,12,1,2,"Nonmatching",1,482.512994397439,2,20,"f","R"
3,2,3,13,3,2,"Nonmatching",1,509.784851802578,2,20,"f","R"
3,2,3,14,3,3,"Matching",1,401.054506934088,1,20,"f","R"
3,2,3,15,2,2,"Matching",1,537.788083978739,1,20,"f","R"
3,2,3,16,1,3,"Nonmatching",1,653.079672504646,2,20,"f","R"
3,2,3,17,2,2,"Matching",1,394.444665943411,1,20,"f","R"
3,2,3,18,1,3,"Nonmatching",1,619.168091276151,2,20,"f","R"
3,2,3,19,2,3,"Nonmatching",1,601.733722579411,2,20,"f","R"
3,2,3,20,2,2,"Matching",1,569.717135494102,1,20,"f","R"
3,2,3,21,2,3,"Nonmatching",1,419.123055736236,2,20,"f","R"
3,2,3,22,3,3,"Matching",1,386.44995188497,1,20,"f","R"
3,2,3,23,2,2,"Matching",1,482.479791251535,1,20,"f","R"
3,2,3,24,3,3,"Matching",1,566.380822932842,1,20,"f","R"
3,2,3,25,1,3,"Nonmatching",1,399.141703830537,2,20,"f","R"
3,2,3,26,3,1,"Nonmatching",1,453.808873977323,2,20,"f","R"
3,2,3,27,2,1,"Nonmatching",1,489.066691884545,2,20,"f","R"
3,2,3,28,1,2,"Nonmatching",1,589.083625489366,2,20,"f","R"
3,2,3,29,1,2,"Nonmatching",1,476.47304014572,2,20,"f","R"
3,2,3,30,2,1,"Nonmatching",1,458.476330879421,2,20,"f","R"
3,2,3,31,1,1,"Matching",1,407.822817487613,1,20,"f","R"
3,2,3,32,3,1,"Nonmatching",1,592.3948847676,2,20,"f","R"
3,2,3,33,3,3,"Matching",1,425.163915528174,1,20,"f","R"
3,2,3,34,1,1,"Matching",1,385.774720617519,1,20,"f","R"
3,2,3,35,1,1,"Matching",1,371.09319463616,1,20,"f","R"
3,2,3,36,2,3,"Nonmatching",1,341.121317701436,2,20,"f","R"
3,2,3,37,2,2,"Matching",1,415.714601792388,1,20,"f","R"
3,2,3,38,2,3,"Nonmatching",1,432.479172464809,2,20,"f","R"
3,2,3,39,3,3,"Matching",1,279.168773450692,1,20,"f","R"
3,2,3,40,2,2,"Matching",1,548.633740961122,1,20,"f","R"
3,2,3,41,3,1,"Nonmatching",1,311.120161628423,2,20,"f","R"
3,2,3,42,3,3,"Matching",1,595.246129538282,1,20,"f","R"
3,2,3,43,2,1,"Nonmatching",1,603.053396741416,2,20,"f","R"
3,2,3,44,2,2,"Matching",1,521.744927132204,1,20,"f","R"
3,2,3,45,2,3,"Nonmatching",1,444.394574468788,2,20,"f","R"
3,2,3,46,3,2,"Nonmatching",1,465.847731318718,2,20,"f","R"
3,2,3,47,3,3,"Matching",1,678.475552114833,1,20,"f","R"
3,2,3,48,1,3,"Nonmatching",1,515.823296821509,2,20,"f","R"
3,2,3,49,3,2,"Nonmatching",1,495.124153250799,2,20,"f","R"
3,2,3,50,1,1,"Matching",1,316.375314228935,1,20,"f","R"
3,2,3,51,3,1,"Nonmatching",1,385.093150567627,2,20,"f","R"
3,2,3,52,1,2,"Nonmatching",1,448.478259680087,2,20,"f","R"
3,2,3,53,1,1,"Matching",1,301.831430384482,1,20,"f","R"
3,2,3,54,1,1,"Matching",1,322.382970874969,1,20,"f","R"
3,2,3,55,3,2,"Nonmatching",1,357.776016143362,2,20,"f","R"
3,2,3,56,1,2,"Nonmatching",1,519.970671704868,2,20,"f","R"
3,2,3,57,2,2,"Matching",1,459.163937865924,1,20,"f","R"
3,2,3,58,3,1,"Nonmatching",1,409.159395070674,2,20,"f","R"
3,2,3,59,3,2,"Nonmatching",1,537.130057978175,2,20,"f","R"
3,2,3,60,1,3,"Nonmatching",1,451.921727852096,2,20,"f","R"
3,2,4,1,3,1,"Nonmatching",1,515.100373761015,2,20,"f","R"
3,2,4,2,2,2,"Matching",1,357.802578660994,1,20,"f","R"
3,2,4,3,3,3,"Matching",1,431.107580654498,1,20,"f","R"
3,2,4,4,1,1,"Matching",1,309.099297375724,1,20,"f","R"
3,2,4,5,2,3,"Nonmatching",1,503.779006237892,2,20,"f","R"
3,2,4,6,1,1,"Matching",1,331.810551641865,1,20,"f","R"
3,2,4,7,1,2,"Nonmatching",1,405.788370128903,2,20,"f","R"
3,2,4,8,2,2,"Matching",1,516.408577745096,1,20,"f","R"
3,2,4,9,2,2,"Matching",1,223.761173129787,1,20,"f","R"
3,2,4,10,1,1,"Matching",1,343.251450493881,1,20,"f","R"
3,2,4,11,2,2,"Matching",1,423.033179044069,1,20,"f","R"
3,2,4,12,3,2,"Nonmatching",1,573.09751768662,2,20,"f","R"
3,2,4,13,2,2,"Matching",1,343.702711443257,1,20,"f","R"
3,2,4,14,2,2,"Matching",1,473.079376694841,1,20,"f","R"
3,2,4,15,3,3,"Matching",0,349.939469801939,2,20,"f","R"
3,2,4,16,3,3,"Matching",1,415.025787419836,1,20,"f","R"
3,2,4,17,1,2,"Nonmatching",1,493.696719785476,2,20,"f","R"
3,2,4,18,1,2,"Nonmatching",1,409.142189803788,2,20,"f","R"
3,2,4,19,2,2,"Matching",1,417.722184787635,1,20,"f","R"
3,2,4,20,2,3,"Nonmatching",1,448.483994769049,2,20,"f","R"
3,2,4,21,1,2,"Nonmatching",0,325.873225298892,1,20,"f","R"
3,2,4,22,3,3,"Matching",1,441.769714790098,1,20,"f","R"
3,2,4,23,2,3,"Nonmatching",1,465.178536986969,2,20,"f","R"
3,2,4,24,3,2,"Nonmatching",1,540.41264181069,2,20,"f","R"
3,2,4,25,2,1,"Nonmatching",1,574.450696842177,2,20,"f","R"
3,2,4,26,3,2,"Nonmatching",1,654.471789895979,2,20,"f","R"
3,2,4,27,1,3,"Nonmatching",1,476.435912990382,2,20,"f","R"
3,2,4,28,3,2,"Nonmatching",1,536.449091620852,2,20,"f","R"
3,2,4,29,1,1,"Matching",1,371.095005717507,1,20,"f","R"
3,2,4,30,2,2,"Matching",1,659.176675800154,1,20,"f","R"
3,2,4,31,1,2,"Nonmatching",1,633.094396591332,2,20,"f","R"
3,2,4,32,1,3,"Nonmatching",1,344.438010221893,2,20,"f","R"
3,2,4,33,2,3,"Nonmatching",1,409.733809510726,2,20,"f","R"
3,2,4,34,3,1,"Nonmatching",1,456.469653424392,2,20,"f","R"
3,2,4,35,2,1,"Nonmatching",1,486.447567294817,2,20,"f","R"
3,2,4,36,1,1,"Matching",1,306.366074698417,1,20,"f","R"
3,2,4,37,3,1,"Nonmatching",1,431.04177805526,2,20,"f","R"
3,2,4,38,2,2,"Matching",1,613.086482168001,1,20,"f","R"
3,2,4,39,2,1,"Nonmatching",1,476.468210597886,2,20,"f","R"
3,2,4,40,1,1,"Matching",1,511.812960379757,1,20,"f","R"
3,2,4,41,3,3,"Matching",0,483.677821157471,2,20,"f","R"
3,2,4,42,3,3,"Matching",1,463.268148657335,1,20,"f","R"
3,2,4,43,3,3,"Matching",1,364.379518351598,1,20,"f","R"
3,2,4,44,3,1,"Nonmatching",1,445.80148235309,2,20,"f","R"
3,2,4,45,2,1,"Nonmatching",1,572.420173491082,2,20,"f","R"
3,2,4,46,1,1,"Matching",1,285.768653497144,1,20,"f","R"
3,2,4,47,3,3,"Matching",1,562.416970897175,1,20,"f","R"
3,2,4,48,3,3,"Matching",1,467.810942835968,1,20,"f","R"
3,2,4,49,3,1,"Nonmatching",1,577.148905291324,2,20,"f","R"
3,2,4,50,1,3,"Nonmatching",1,402.473186843054,2,20,"f","R"
3,2,4,51,1,1,"Matching",1,481.832631734505,1,20,"f","R"
3,2,4,52,1,3,"Nonmatching",1,472.306045219739,2,20,"f","R"
3,2,4,53,2,3,"Nonmatching",1,483.727324030951,2,20,"f","R"
3,2,4,54,1,1,"Matching",1,400.414893588277,1,20,"f","R"
3,2,4,55,1,1,"Matching",1,393.787847330714,1,20,"f","R"
3,2,4,56,3,3,"Matching",1,473.918510769181,1,20,"f","R"
3,2,4,57,1,3,"Nonmatching",1,559.095146982145,2,20,"f","R"
3,2,4,58,3,2,"Nonmatching",1,696.332506317958,2,20,"f","R"
3,2,4,59,2,2,"Matching",1,556.576537373076,1,20,"f","R"
3,2,4,60,2,1,"Nonmatching",1,494.596223216831,2,20,"f","R"
4,1,1,1,1,1,"Matching",1,462.736674990992,1,20,"f","R"
4,1,1,2,1,1,"Matching",1,268.834258420611,1,20,"f","R"
4,1,1,3,2,2,"Matching",0,465.354306149493,2,20,"f","R"
4,1,1,4,2,2,"Matching",1,567.916125499778,1,20,"f","R"
4,1,1,5,1,1,"Matching",1,362.051146609247,1,20,"f","R"
4,1,1,6,3,3,"Matching",1,364.641913241485,1,20,"f","R"
4,1,1,7,3,2,"Nonmatching",1,606.67227981503,2,20,"f","R"
4,1,1,8,1,1,"Matching",1,407.360434279781,1,20,"f","R"
4,1,1,9,3,3,"Matching",0,342.029528212151,2,20,"f","R"
4,1,1,10,2,2,"Matching",1,577.317502351889,1,20,"f","R"
4,1,1,11,3,1,"Nonmatching",1,563.983038092374,2,20,"f","R"
4,1,1,12,3,3,"Matching",1,518.04349052145,1,20,"f","R"
4,1,1,13,2,3,"Nonmatching",1,425.502139525179,2,20,"f","R"
4,1,1,14,1,2,"Nonmatching",0,328.746076367679,1,20,"f","R"
4,1,1,15,3,2,"Nonmatching",1,731.255162765592,2,20,"f","R"
4,1,1,16,3,1,"Nonmatching",1,511.331886645621,2,20,"f","R"
4,1,1,17,1,1,"Matching",1,427.334360596888,1,20,"f","R"
4,1,1,18,1,3,"Nonmatching",1,603.310289980982,2,20,"f","R"
4,1,1,19,1,1,"Matching",1,508.067092063811,1,20,"f","R"
4,1,1,20,2,1,"Nonmatching",1,679.944219153185,2,20,"f","R"
4,1,1,21,1,1,"Matching",1,438.052099243578,1,20,"f","R"
4,1,1,22,2,3,"Nonmatching",1,917.399768172345,2,20,"f","R"
4,1,1,23,2,1,"Nonmatching",1,674.587613694712,2,20,"f","R"
4,1,1,24,2,2,"Matching",1,695.935554890639,1,20,"f","R"
4,1,1,25,2,2,"Matching",1,620.578747193576,1,20,"f","R"
4,1,1,26,2,2,"Matching",1,314.138112816636,1,20,"f","R"
4,1,1,27,3,1,"Nonmatching",1,420.613399414378,2,20,"f","R"
4,1,1,28,3,3,"Matching",1,451.322269748744,1,20,"f","R"
4,1,1,29,2,3,"Nonmatching",1,465.260129382386,2,20,"f","R"
4,1,1,30,3,2,"Nonmatching",1,607.39701833154,2,20,"f","R"
4,1,1,31,3,3,"Matching",1,551.298453893196,1,20,"f","R"
4,1,1,32,1,3,"Nonmatching",1,513.281526826631,2,20,"f","R"
4,1,1,33,1,1,"Matching",1,548.61260494863,1,20,"f","R"
4,1,1,34,3,3,"Matching",0,479.384833306995,2,20,"f","R"
4,1,1,35,1,2,"Nonmatching",0,565.240841256127,1,20,"f","R"
4,1,1,36,3,3,"Matching",1,920.733686085896,1,20,"f","R"
4,1,1,37,1,1,"Matching",1,476.04850060452,1,20,"f","R"
4,1,1,38,2,1,"Nonmatching",1,401.249509141053,2,20,"f","R"
4,1,1,39,3,3,"Matching",1,505.977997824175,1,20,"f","R"
4,1,1,40,1,2,"Nonmatching",1,574.720698747569,2,20,"f","R"
4,1,1,41,3,1,"Nonmatching",1,512.651870623358,2,20,"f","R"
4,1,1,42,3,2,"Nonmatching",1,364.016482918487,2,20,"f","R"
4,1,1,43,2,1,"Nonmatching",1,429.291546993682,2,20,"f","R"
4,1,1,44,2,2,"Matching",0,340.035516284388,2,20,"f","R"
4,1,1,45,3,2,"Nonmatching",1,726.683665544897,2,20,"f","R"
4,1,1,46,3,3,"Matching",1,714.578328831067,1,20,"f","R"
4,1,1,47,3,1,"Nonmatching",1,559.953359129395,2,20,"f","R"
4,1,1,48,2,3,"Nonmatching",1,650.670940814962,2,20,"f","R"
4,1,1,49,2,2,"Matching",3,1025.19684983963,2,20,"f","R"
4,1,1,50,1,3,"Nonmatching",0,617.297049089757,1,20,"f","R"
4,1,1,51,2,1,"Nonmatching",1,753.263850572239,2,20,"f","R"
4,1,1,52,3,3,"Matching",1,525.986033034314,1,20,"f","R"
4,1,1,53,2,2,"Matching",0,305.422234160687,2,20,"f","R"
4,1,1,54,1,2,"Nonmatching",1,508.723310945697,2,20,"f","R"
4,1,1,55,1,2,"Nonmatching",1,344.772124695282,2,20,"f","R"
4,1,1,56,1,3,"Nonmatching",1,413.427591370237,2,20,"f","R"
4,1,1,57,1,3,"Nonmatching",1,229.403774306775,2,20,"f","R"
4,1,1,58,1,1,"Matching",0,355.302415354345,2,20,"f","R"
4,1,1,59,2,2,"Matching",0,340.636195021489,2,20,"f","R"
4,1,1,60,2,3,"Nonmatching",1,350.004066677684,2,20,"f","R"
4,1,2,1,1,2,"Nonmatching",1,646.082238223698,2,20,"f","R"
4,1,2,2,3,3,"Matching",1,532.612515601613,1,20,"f","R"
4,1,2,3,2,3,"Nonmatching",1,416.028620854831,2,20,"f","R"
4,1,2,4,1,3,"Nonmatching",1,304.07387641344,2,20,"f","R"
4,1,2,5,2,1,"Nonmatching",1,516.693925379059,2,20,"f","R"
4,1,2,6,2,2,"Matching",0,288.662090009893,2,20,"f","R"
4,1,2,7,1,1,"Matching",0,829.343887542564,2,20,"f","R"
4,1,2,8,3,3,"Matching",1,516.667664550368,1,20,"f","R"
4,1,2,9,3,3,"Matching",1,640.64171885093,1,20,"f","R"
4,1,2,10,3,1,"Nonmatching",1,566.051908475401,2,20,"f","R"
4,1,2,11,3,1,"Nonmatching",1,359.388540007785,2,20,"f","R"
4,1,2,12,2,2,"Matching",1,521.317944258044,1,20,"f","R"
4,1,2,13,2,2,"Matching",1,331.43403825261,1,20,"f","R"
4,1,2,14,3,1,"Nonmatching",1,349.331849820373,2,20,"f","R"
4,1,2,15,1,1,"Matching",1,551.356408826905,1,20,"f","R"
4,1,2,16,2,3,"Nonmatching",0,512.650059532007,1,20,"f","R"
4,1,2,17,2,2,"Matching",0,547.968761860375,2,20,"f","R"
4,1,2,18,1,1,"Matching",1,909.96674611506,1,20,"f","R"
4,1,2,19,1,1,"Matching",1,322.064959201725,1,20,"f","R"
4,1,2,20,1,1,"Matching",1,308.691254622772,1,20,"f","R"
4,1,2,21,1,3,"Nonmatching",1,406.717496737656,2,20,"f","R"
4,1,2,22,3,2,"Nonmatching",0,493.951443598235,1,20,"f","R"
4,1,2,23,3,1,"Nonmatching",1,748.02406052595,2,20,"f","R"
4,1,2,24,3,2,"Nonmatching",1,406.62845139741,2,20,"f","R"
4,1,2,25,2,2,"Matching",1,494.647506496221,1,20,"f","R"
4,1,2,26,1,2,"Nonmatching",1,434.022722129157,2,20,"f","R"
4,1,2,27,2,3,"Nonmatching",1,529.273164412643,2,20,"f","R"
4,1,2,28,3,3,"Matching",1,516.608502222425,1,20,"f","R"
4,1,2,29,3,2,"Nonmatching",1,416.606962794503,2,20,"f","R"
4,1,2,30,2,2,"Matching",0,424.12570985698,2,20,"f","R"
4,1,2,31,3,3,"Matching",0,454.596119788675,2,20,"f","R"
4,1,2,32,3,2,"Nonmatching",1,661.273976989378,2,20,"f","R"
4,1,2,33,3,1,"Nonmatching",1,497.952748791249,2,20,"f","R"
4,1,2,34,3,3,"Matching",1,485.40490201367,1,20,"f","R"
4,1,2,35,1,3,"Nonmatching",1,481.200754553356,2,20,"f","R"
4,1,2,36,2,2,"Matching",1,549.281501471796,1,20,"f","R"
4,1,2,37,2,2,"Matching",1,247.950862237758,1,20,"f","R"
4,1,2,38,1,2,"Nonmatching",1,464.004137309985,2,20,"f","R"
4,1,2,39,2,3,"Nonmatching",1,549.255240642196,2,20,"f","R"
4,1,2,40,1,3,"Nonmatching",1,599.276686985831,2,20,"f","R"
4,1,2,41,1,1,"Matching",1,440.023170676341,1,20,"f","R"
4,1,2,42,1,2,"Nonmatching",1,503.344972386458,2,20,"f","R"
4,1,2,43,3,3,"Matching",1,419.397553207091,1,20,"f","R"
4,1,2,44,2,1,"Nonmatching",1,578.085707067657,2,20,"f","R"
4,1,2,45,3,3,"Matching",1,498.727896026139,1,20,"f","R"
4,1,2,46,2,2,"Matching",1,599.941055779709,1,20,"f","R"
4,1,2,47,1,1,"Matching",1,495.961151653319,1,20,"f","R"
4,1,2,48,1,1,"Matching",1,364.70379220691,1,20,"f","R"
4,1,2,49,3,2,"Nonmatching",1,541.998196325949,2,20,"f","R"
4,1,2,50,2,1,"Nonmatching",1,607.434145710613,2,20,"f","R"
4,1,2,51,2,3,"Nonmatching",1,568.738059268526,2,20,"f","R"
4,1,2,52,3,3,"Matching",1,657.380129901867,1,20,"f","R"
4,1,2,53,1,1,"Matching",1,558.086123618978,1,20,"f","R"
4,1,2,54,1,3,"Nonmatching",1,407.298555314355,2,20,"f","R"
4,1,2,55,2,1,"Nonmatching",1,455.264110765711,2,20,"f","R"
4,1,2,56,3,3,"Matching",1,508.622191660379,1,20,"f","R"
4,1,2,57,2,2,"Matching",1,738.088411631452,1,20,"f","R"
4,1,2,58,2,1,"Nonmatching",1,609.974503624926,2,20,"f","R"
4,1,2,59,1,1,"Matching",1,547.255191742806,1,20,"f","R"
4,1,2,60,1,2,"Nonmatching",1,429.283095232677,2,20,"f","R"
4,1,3,1,3,2,"Nonmatching",1,461.39254312402,2,20,"f","R"
4,1,3,2,1,3,"Nonmatching",1,731.279310654372,2,20,"f","R"
4,1,3,3,2,2,"Matching",1,421.917989112899,1,20,"f","R"
4,1,3,4,2,3,"Nonmatching",1,413.284515128453,2,20,"f","R"
4,1,3,5,2,2,"Matching",0,549.392883609471,2,20,"f","R"
4,1,3,6,1,1,"Matching",1,615.99487418016,1,20,"f","R"
4,1,3,7,2,2,"Matching",1,591.919428930851,1,20,"f","R"
4,1,3,8,2,1,"Nonmatching",1,408.613709714245,2,20,"f","R"
4,1,3,9,2,1,"Nonmatching",1,593.332080431992,2,20,"f","R"
4,1,3,10,3,2,"Nonmatching",0,601.954687866964,1,20,"f","R"
4,1,3,11,1,1,"Matching",1,580.123185195134,1,20,"f","R"
4,1,3,12,1,1,"Matching",1,557.363196194729,1,20,"f","R"
4,1,3,13,3,3,"Matching",1,369.262611785416,1,20,"f","R"
4,1,3,14,1,1,"Matching",1,498.577273568571,1,20,"f","R"
4,1,3,15,1,3,"Nonmatching",0,360.707920288405,1,20,"f","R"
4,1,3,16,2,3,"Nonmatching",1,714.756721360573,2,20,"f","R"
4,1,3,17,1,2,"Nonmatching",1,589.349188004235,2,20,"f","R"
4,1,3,18,2,1,"Nonmatching",1,804.590792160525,2,20,"f","R"
4,1,3,19,3,3,"Matching",1,389.604189711008,1,20,"f","R"
4,1,3,20,3,2,"Nonmatching",1,587.458710150713,2,20,"f","R"
4,1,3,21,1,2,"Nonmatching",1,595.994385184895,2,20,"f","R"
4,1,3,22,3,1,"Nonmatching",1,581.374649538247,2,20,"f","R"
4,1,3,23,2,3,"Nonmatching",1,478.675187221143,2,20,"f","R"
4,1,3,24,3,1,"Nonmatching",1,603.37065970316,2,20,"f","R"
4,1,3,25,3,3,"Matching",1,485.486702987146,1,20,"f","R"
4,1,3,26,1,2,"Nonmatching",1,592.640545263293,2,20,"f","R"
4,1,3,27,3,1,"Nonmatching",1,376.6989541773,2,20,"f","R"
4,1,3,28,3,3,"Matching",1,505.378828330322,1,20,"f","R"
4,1,3,29,3,2,"Nonmatching",1,516.763350559813,2,20,"f","R"
4,1,3,30,1,2,"Nonmatching",1,720.68593363565,2,20,"f","R"
4,1,3,31,1,2,"Nonmatching",1,420.870272582306,2,20,"f","R"
4,1,3,32,1,3,"Nonmatching",1,460.018830092849,2,20,"f","R"
4,1,3,33,1,3,"Nonmatching",1,306.013253742094,2,20,"f","R"
4,1,3,34,1,3,"Nonmatching",1,278.002909993575,2,20,"f","R"
4,1,3,35,2,2,"Matching",1,803.380077379643,1,20,"f","R"
4,1,3,36,2,1,"Nonmatching",1,363.935889339245,2,20,"f","R"
4,1,3,37,2,1,"Nonmatching",1,388.668459015662,2,20,"f","R"
4,1,3,38,1,1,"Matching",1,588.668519385465,1,20,"f","R"
4,1,3,39,3,3,"Matching",1,492.64866499152,1,20,"f","R"
4,1,3,40,1,1,"Matching",1,650.373318084348,1,20,"f","R"
4,1,3,41,3,3,"Matching",1,431.294916227671,1,20,"f","R"
4,1,3,42,1,1,"Matching",1,334.054687897151,1,20,"f","R"
4,1,3,43,2,3,"Nonmatching",1,568.00517083957,2,20,"f","R"
4,1,3,44,1,1,"Matching",1,577.367911069814,1,20,"f","R"
4,1,3,45,3,1,"Nonmatching",1,442.700266011343,2,20,"f","R"
4,1,3,46,2,2,"Matching",0,736.001128483622,2,20,"f","R"
4,1,3,47,3,3,"Matching",1,594.632142402133,1,20,"f","R"
4,1,3,48,3,2,"Nonmatching",1,442.058837712011,2,20,"f","R"
4,1,3,49,2,3,"Nonmatching",1,800.076646175967,2,20,"f","R"
4,1,3,50,2,2,"Matching",1,640.670998166115,1,20,"f","R"
4,1,3,51,3,3,"Matching",1,566.749480616181,1,20,"f","R"
4,1,3,52,1,1,"Matching",1,513.474709938237,1,20,"f","R"
4,1,3,53,3,1,"Nonmatching",0,555.994010893301,1,20,"f","R"
4,1,3,54,2,2,"Matching",1,732.660268051859,1,20,"f","R"
4,1,3,55,3,3,"Matching",1,519.448595807717,1,20,"f","R"
4,1,3,56,1,1,"Matching",1,514.065729519643,1,20,"f","R"
4,1,3,57,3,3,"Matching",1,779.342363206979,1,20,"f","R"
4,1,3,58,2,2,"Matching",1,601.33801115353,1,20,"f","R"
4,1,3,59,2,2,"Matching",1,465.336195232794,1,20,"f","R"
4,1,3,60,2,2,"Matching",1,286.102715633206,1,20,"f","R"
4,1,4,1,2,2,"Matching",1,501.285459310566,1,20,"f","R"
4,1,4,2,2,2,"Matching",1,441.477175437285,1,20,"f","R"
4,1,4,3,2,2,"Matching",1,288.030019017697,1,20,"f","R"
4,1,4,4,2,3,"Nonmatching",1,435.922255441255,2,20,"f","R"
4,1,4,5,1,1,"Matching",1,507.352616401022,1,20,"f","R"
4,1,4,6,3,3,"Matching",1,421.912555837935,1,20,"f","R"
4,1,4,7,2,1,"Nonmatching",1,525.299629291567,2,20,"f","R"
4,1,4,8,1,3,"Nonmatching",1,583.9361368553,2,20,"f","R"
4,1,4,9,1,2,"Nonmatching",1,769.294124780572,2,20,"f","R"
4,1,4,10,3,3,"Matching",1,465.940194304039,1,20,"f","R"
4,1,4,11,2,2,"Matching",1,327.302334459091,1,20,"f","R"
4,1,4,12,1,2,"Nonmatching",1,425.94615883263,2,20,"f","R"
4,1,4,13,1,1,"Matching",1,538.002022558885,1,20,"f","R"
4,1,4,14,1,1,"Matching",1,477.957693071858,1,20,"f","R"
4,1,4,15,1,2,"Nonmatching",1,459.262095624581,2,20,"f","R"
4,1,4,16,1,1,"Matching",0,768.670807397484,2,20,"f","R"
4,1,4,17,1,1,"Matching",1,442.698454919991,1,20,"f","R"
4,1,4,18,3,1,"Nonmatching",1,464.024059318945,2,20,"f","R"
4,1,4,19,2,1,"Nonmatching",1,677.366733860254,2,20,"f","R"
4,1,4,20,3,1,"Nonmatching",1,515.424953816819,2,20,"f","R"
4,1,4,21,2,2,"Matching",1,638.648914317855,1,20,"f","R"
4,1,4,22,1,3,"Nonmatching",1,438.084397044804,2,20,"f","R"
4,1,4,23,1,2,"Nonmatching",1,579.937246450754,2,20,"f","R"
4,1,4,24,3,3,"Matching",1,349.330038728112,1,20,"f","R"
4,1,4,25,3,3,"Matching",1,398.767106160449,1,20,"f","R"
4,1,4,26,3,2,"Nonmatching",3,1997.97916054513,2,20,"f","R"
4,1,4,27,2,2,"Matching",4,0,0,20,"f","R"
4,1,4,28,2,3,"Nonmatching",1,738.654377777948,2,20,"f","R"
4,1,4,29,2,3,"Nonmatching",1,596.680788927642,2,20,"f","R"
4,1,4,30,2,2,"Matching",1,445.279260547522,1,20,"f","R"
4,1,4,31,2,3,"Nonmatching",1,563.311726780285,2,20,"f","R"
4,1,4,32,3,3,"Matching",1,468.05675676751,1,20,"f","R"
4,1,4,33,3,3,"Matching",1,593.272616255945,1,20,"f","R"
4,1,4,34,3,3,"Matching",1,321.9882896542,1,20,"f","R"
4,1,4,35,3,3,"Matching",1,323.490288345056,1,20,"f","R"
4,1,4,36,3,3,"Matching",1,388.739091590651,1,20,"f","R"
4,1,4,37,3,3,"Matching",1,291.945901054078,1,20,"f","R"
4,1,4,38,1,3,"Nonmatching",1,498.018249940287,2,20,"f","R"
4,1,4,39,2,1,"Nonmatching",1,717.942129757375,2,20,"f","R"
4,1,4,40,3,2,"Nonmatching",1,513.974269390019,2,20,"f","R"
4,1,4,41,2,2,"Matching",1,518.54033333575,1,20,"f","R"
4,1,4,42,1,1,"Matching",0,498.69831486194,2,20,"f","R"
4,1,4,43,2,1,"Nonmatching",1,607.378605566282,2,20,"f","R"
4,1,4,44,3,1,"Nonmatching",1,511.211750898383,2,20,"f","R"
4,1,4,45,3,2,"Nonmatching",1,515.933568727178,2,20,"f","R"
4,1,4,46,1,3,"Nonmatching",1,551.938372949735,2,20,"f","R"
4,1,4,47,2,1,"Nonmatching",1,593.987091919189,2,20,"f","R"
4,1,4,48,1,1,"Matching",1,521.993481450409,1,20,"f","R"
4,1,4,49,1,2,"Nonmatching",1,739.302446746933,2,20,"f","R"
4,1,4,50,1,1,"Matching",1,509.931309088188,1,20,"f","R"
4,1,4,51,2,3,"Nonmatching",1,473.388006942969,2,20,"f","R"
4,1,4,52,1,1,"Matching",1,588.0476167913,1,20,"f","R"
4,1,4,53,3,2,"Nonmatching",1,588.5707204352,2,20,"f","R"
4,1,4,54,3,1,"Nonmatching",1,452.721338062474,2,20,"f","R"
4,1,4,55,3,2,"Nonmatching",1,394.02929035532,2,20,"f","R"
4,1,4,56,1,1,"Matching",1,442.194367738466,1,20,"f","R"
4,1,4,57,3,1,"Nonmatching",1,447.99197401835,2,20,"f","R"
4,1,4,58,1,3,"Nonmatching",1,549.325269520523,2,20,"f","R"
4,1,4,59,2,2,"Matching",1,578.05371111499,1,20,"f","R"
4,1,4,60,2,2,"Matching",0,562.011966659611,2,20,"f","R"
4,2,1,1,1,1,"Matching",1,468.975848790251,1,20,"f","R"
4,2,1,2,1,1,"Matching",1,250.302829619613,1,20,"f","R"
4,2,1,3,3,1,"Nonmatching",1,449.367762990732,2,20,"f","R"
4,2,1,4,2,2,"Matching",1,543.699981798454,1,20,"f","R"
4,2,1,5,1,1,"Matching",1,368.985477761271,1,20,"f","R"
4,2,1,6,1,1,"Matching",1,770.189974460664,1,20,"f","R"
4,2,1,7,3,3,"Matching",1,483.041088538812,1,20,"f","R"
4,2,1,8,1,3,"Nonmatching",1,472.27445041699,2,20,"f","R"
4,2,1,9,2,3,"Nonmatching",1,566.233584340807,2,20,"f","R"
4,2,1,10,1,3,"Nonmatching",1,590.186479053955,2,20,"f","R"
4,2,1,11,3,1,"Nonmatching",1,510.967216523568,2,20,"f","R"
4,2,1,12,2,3,"Nonmatching",1,579.626607230239,2,20,"f","R"
4,2,1,13,2,3,"Nonmatching",1,565.625661237391,2,20,"f","R"
4,2,1,14,2,3,"Nonmatching",1,623.597800006792,2,20,"f","R"
4,2,1,15,1,3,"Nonmatching",1,480.172017487348,2,20,"f","R"
4,2,1,16,3,3,"Matching",0,428.460822616216,2,20,"f","R"
4,2,1,17,2,2,"Matching",1,500.99987352587,1,20,"f","R"
4,2,1,18,2,2,"Matching",0,585.533180859784,2,20,"f","R"
4,2,1,19,3,1,"Nonmatching",1,746.976005148099,2,20,"f","R"
4,2,1,20,2,2,"Matching",1,668.292523903801,1,20,"f","R"
4,2,1,21,3,1,"Nonmatching",1,584.352650939763,2,20,"f","R"
4,2,1,22,1,2,"Nonmatching",1,690.215184857152,2,20,"f","R"
4,2,1,23,1,1,"Matching",1,320.290656065481,1,20,"f","R"
4,2,1,24,2,1,"Nonmatching",1,517.624185800742,2,20,"f","R"
4,2,1,25,1,3,"Nonmatching",1,545.779718731865,2,20,"f","R"
4,2,1,26,2,2,"Matching",1,652.96887729528,1,20,"f","R"
4,2,1,27,1,2,"Nonmatching",1,529.76363140715,2,20,"f","R"
4,2,1,28,2,1,"Nonmatching",1,678.946874342728,2,20,"f","R"
4,2,1,29,2,2,"Matching",1,604.907032136907,1,20,"f","R"
4,2,1,30,3,2,"Nonmatching",1,478.954662036813,2,20,"f","R"
4,2,1,31,3,3,"Matching",1,436.291077445276,1,20,"f","R"
4,2,1,32,2,2,"Matching",1,594.320899484046,1,20,"f","R"
4,2,1,33,2,1,"Nonmatching",1,858.99806182988,2,20,"f","R"
4,2,1,34,1,2,"Nonmatching",1,864.952025691309,2,20,"f","R"
4,2,1,35,3,3,"Matching",1,406.90913360686,1,20,"f","R"
4,2,1,36,1,1,"Matching",1,526.244076598232,1,20,"f","R"
4,2,1,37,3,2,"Nonmatching",1,529.00719878744,2,20,"f","R"
4,2,1,38,1,1,"Matching",1,442.915748921223,1,20,"f","R"
4,2,1,39,3,3,"Matching",1,384.894408827677,1,20,"f","R"
4,2,1,40,2,2,"Matching",1,633.579933586589,1,20,"f","R"
4,2,1,41,3,2,"Nonmatching",1,561.039373434141,2,20,"f","R"
4,2,1,42,2,2,"Matching",1,778.395125265888,1,20,"f","R"
4,2,1,43,1,1,"Matching",1,426.253705569252,1,20,"f","R"
4,2,1,44,3,3,"Matching",1,409.843705807361,1,20,"f","R"
4,2,1,45,3,1,"Nonmatching",1,406.991538277907,2,20,"f","R"
4,2,1,46,3,3,"Matching",1,534.987725325664,1,20,"f","R"
4,2,1,47,1,1,"Matching",1,393.66492208228,1,20,"f","R"
4,2,1,48,1,3,"Nonmatching",1,585.676558949672,2,20,"f","R"
4,2,1,49,3,2,"Nonmatching",1,681.556959285444,2,20,"f","R"
4,2,1,50,2,1,"Nonmatching",1,494.375202049923,2,20,"f","R"
4,2,1,51,1,2,"Nonmatching",0,490.987555083848,1,20,"f","R"
4,2,1,52,3,3,"Matching",1,445.596768287942,1,20,"f","R"
4,2,1,53,2,1,"Nonmatching",1,604.888015674078,2,20,"f","R"
4,2,1,54,2,3,"Nonmatching",1,565.02498250029,2,20,"f","R"
4,2,1,55,3,3,"Matching",1,431.047363367725,1,20,"f","R"
4,2,1,56,1,2,"Nonmatching",1,540.332860538001,2,20,"f","R"
4,2,1,57,3,2,"Nonmatching",1,504.178943101579,2,20,"f","R"
4,2,1,58,1,1,"Matching",1,428.89065503914,1,20,"f","R"
4,2,1,59,2,2,"Matching",1,507.672237081351,1,20,"f","R"
4,2,1,60,3,3,"Matching",1,486.229515421655,1,20,"f","R"
4,2,2,1,1,1,"Matching",1,426.238311289126,1,20,"f","R"
4,2,2,2,3,3,"Matching",1,361.544909489567,1,20,"f","R"
4,2,2,3,3,2,"Nonmatching",1,667.559333626741,2,20,"f","R"
4,2,2,4,1,1,"Matching",1,416.887645003953,1,20,"f","R"
4,2,2,5,3,2,"Nonmatching",1,408.234550859561,2,20,"f","R"
4,2,2,6,2,2,"Matching",1,489.040631539865,1,20,"f","R"
4,2,2,7,1,2,"Nonmatching",1,462.218062077227,2,20,"f","R"
4,2,2,8,2,2,"Matching",1,564.302658773158,1,20,"f","R"
4,2,2,9,2,1,"Nonmatching",1,550.996568283153,2,20,"f","R"
4,2,2,10,2,2,"Matching",1,705.538831465674,1,20,"f","R"
4,2,2,11,2,1,"Nonmatching",1,510.331825197682,2,20,"f","R"
4,2,2,12,2,3,"Nonmatching",1,737.629564743656,2,20,"f","R"
4,2,2,13,3,3,"Matching",1,468.891633028761,1,20,"f","R"
4,2,2,14,2,3,"Nonmatching",1,482.856055340562,2,20,"f","R"
4,2,2,15,3,3,"Matching",1,528.235673736162,1,20,"f","R"
4,2,2,16,2,2,"Matching",1,660.189699779039,1,20,"f","R"
4,2,2,17,1,3,"Nonmatching",1,674.227471302402,2,20,"f","R"
4,2,2,18,2,1,"Nonmatching",1,463.516916653134,2,20,"f","R"
4,2,2,19,1,2,"Nonmatching",1,525.567332011633,2,20,"f","R"
4,2,2,20,3,1,"Nonmatching",1,506.296712958829,2,20,"f","R"
4,2,2,21,1,1,"Matching",1,349.682259059591,1,20,"f","R"
4,2,2,22,3,2,"Nonmatching",1,432.517064256899,2,20,"f","R"
4,2,2,23,2,2,"Matching",1,360.325441099121,1,20,"f","R"
4,2,2,24,3,1,"Nonmatching",1,466.337088229011,2,20,"f","R"
4,2,2,25,2,1,"Nonmatching",1,391.562848351896,2,20,"f","R"
4,2,2,26,3,3,"Matching",1,400.946717985789,1,20,"f","R"
4,2,2,27,1,1,"Matching",1,409.062219751831,1,20,"f","R"
4,2,2,28,1,2,"Nonmatching",1,649.025225186961,2,20,"f","R"
4,2,2,29,2,2,"Matching",1,559.567257756498,1,20,"f","R"
4,2,2,30,1,2,"Nonmatching",1,586.284482053998,2,20,"f","R"
4,2,2,31,2,2,"Matching",1,644.288314927508,1,20,"f","R"
4,2,2,32,3,3,"Matching",1,468.245978848245,1,20,"f","R"
4,2,2,33,2,3,"Nonmatching",1,946.907545883732,2,20,"f","R"
4,2,2,34,2,2,"Matching",1,532.517094441573,1,20,"f","R"
4,2,2,35,1,1,"Matching",1,472.924028628768,1,20,"f","R"
4,2,2,36,1,1,"Matching",1,391.06811847796,1,20,"f","R"
4,2,2,37,3,2,"Nonmatching",1,776.278562801963,2,20,"f","R"
4,2,2,38,3,3,"Matching",1,394.239641838794,1,20,"f","R"
4,2,2,39,1,3,"Nonmatching",1,858.216273925791,2,20,"f","R"
4,2,2,40,2,2,"Matching",1,504.307832457926,1,20,"f","R"
4,2,2,41,3,2,"Nonmatching",1,476.976648085838,2,20,"f","R"
4,2,2,42,1,3,"Nonmatching",1,562.302006176651,2,20,"f","R"
4,2,2,43,1,1,"Matching",1,477.608719078489,1,20,"f","R"
4,2,2,44,1,2,"Nonmatching",1,570.353817886826,2,20,"f","R"
4,2,2,45,1,1,"Matching",1,595.609491207142,1,20,"f","R"
4,2,2,46,2,3,"Nonmatching",1,516.364269697078,2,20,"f","R"
4,2,2,47,3,1,"Nonmatching",1,984.276403980402,2,20,"f","R"
4,2,2,48,1,1,"Matching",1,602.97157883997,1,20,"f","R"
4,2,2,49,2,2,"Matching",1,658.247002114877,1,20,"f","R"
4,2,2,50,1,1,"Matching",1,576.900914269572,1,20,"f","R"
4,2,2,51,3,3,"Matching",1,418.331386913451,1,20,"f","R"
4,2,2,52,3,3,"Matching",1,392.858382592749,1,20,"f","R"
4,2,2,53,2,1,"Nonmatching",1,433.008171948131,2,20,"f","R"
4,2,2,54,1,3,"Nonmatching",1,608.273549700243,2,20,"f","R"
4,2,2,55,3,3,"Matching",1,502.914801116276,1,20,"f","R"
4,2,2,56,2,3,"Nonmatching",1,650.269445162849,2,20,"f","R"
4,2,2,57,3,1,"Nonmatching",1,608.968405203996,2,20,"f","R"
4,2,2,58,1,3,"Nonmatching",1,529.003878452386,2,20,"f","R"
4,2,2,59,3,3,"Matching",1,492.286107809377,1,20,"f","R"
4,2,2,60,3,1,"Nonmatching",1,705.519211306637,2,20,"f","R"
4,2,3,1,1,1,"Matching",1,644.297974083202,1,20,"f","R"
4,2,3,2,1,3,"Nonmatching",1,376.958808832569,2,20,"f","R"
4,2,3,3,2,2,"Matching",1,593.642343806096,1,20,"f","R"
4,2,3,4,2,2,"Matching",1,346.289178817642,1,20,"f","R"
4,2,3,5,2,2,"Matching",1,365.049371867826,1,20,"f","R"
4,2,3,6,1,2,"Nonmatching",1,438.95398589575,2,20,"f","R"
4,2,3,7,3,3,"Matching",1,422.309751611465,1,20,"f","R"
4,2,3,8,1,2,"Nonmatching",1,526.226569378196,2,20,"f","R"
4,2,3,9,1,2,"Nonmatching",1,666.97344547174,2,20,"f","R"
4,2,3,10,2,2,"Matching",1,568.956560664446,1,20,"f","R"
4,2,3,11,3,1,"Nonmatching",1,562.892120211473,2,20,"f","R"
4,2,3,12,1,3,"Nonmatching",1,533.630010271736,2,20,"f","R"
4,2,3,13,3,3,"Matching",1,384.382171733705,1,20,"f","R"
4,2,3,14,2,2,"Matching",1,490.36091736707,1,20,"f","R"
4,2,3,15,2,3,"Nonmatching",1,567.561718231445,2,20,"f","R"
4,2,3,16,3,2,"Nonmatching",1,690.265291726064,2,20,"f","R"
4,2,3,17,1,3,"Nonmatching",1,558.214070431859,2,20,"f","R"
4,2,3,18,2,1,"Nonmatching",1,512.872484960099,2,20,"f","R"
4,2,3,19,2,1,"Nonmatching",1,381.66674162585,2,20,"f","R"
4,2,3,20,3,3,"Matching",1,421.544263533178,1,20,"f","R"
4,2,3,21,1,2,"Nonmatching",1,821.660897836409,2,20,"f","R"
4,2,3,22,3,3,"Matching",1,531.63750758722,1,20,"f","R"
4,2,3,23,3,3,"Matching",1,413.544067935618,1,20,"f","R"
4,2,3,24,1,1,"Matching",1,805.611003468584,1,20,"f","R"
4,2,3,25,2,2,"Matching",1,957.64581023559,1,20,"f","R"
4,2,3,26,3,2,"Nonmatching",1,566.8653534849,2,20,"f","R"
4,2,3,27,2,2,"Matching",1,608.746546475231,1,20,"f","R"
4,2,3,28,2,1,"Nonmatching",1,590.975813172008,2,20,"f","R"
4,2,3,29,2,1,"Nonmatching",1,575.725817625425,2,20,"f","R"
4,2,3,30,1,3,"Nonmatching",1,546.304633467116,2,20,"f","R"
4,2,3,31,3,3,"Matching",1,436.442605448065,1,20,"f","R"
4,2,3,32,2,2,"Matching",1,523.653309965994,1,20,"f","R"
4,2,3,33,1,1,"Matching",1,520.30520516837,1,20,"f","R"
4,2,3,34,1,1,"Matching",1,306.921177366348,1,20,"f","R"
4,2,3,35,3,2,"Nonmatching",1,606.235467875194,2,20,"f","R"
4,2,3,36,2,3,"Nonmatching",1,551.630148518598,2,20,"f","R"
4,2,3,37,3,3,"Matching",1,617.568072144422,1,20,"f","R"
4,2,3,38,3,1,"Nonmatching",1,760.272134633851,2,20,"f","R"
4,2,3,39,2,1,"Nonmatching",1,778.249030538063,2,20,"f","R"
4,2,3,40,1,1,"Matching",1,386.242162878261,1,20,"f","R"
4,2,3,41,3,2,"Nonmatching",1,506.982513004004,2,20,"f","R"
4,2,3,42,2,3,"Nonmatching",1,454.947132724556,2,20,"f","R"
4,2,3,43,1,1,"Matching",1,484.340848659485,1,20,"f","R"
4,2,3,44,1,1,"Matching",1,482.204364187965,1,20,"f","R"
4,2,3,45,2,2,"Matching",1,469.664063624805,1,20,"f","R"
4,2,3,46,2,3,"Nonmatching",1,498.982619255003,2,20,"f","R"
4,2,3,47,3,1,"Nonmatching",1,686.912961046801,2,20,"f","R"
4,2,3,48,3,1,"Nonmatching",1,603.024704196287,2,20,"f","R"
4,2,3,49,1,3,"Nonmatching",1,490.197919116326,2,20,"f","R"
4,2,3,50,1,1,"Matching",1,502.202136544838,1,20,"f","R"
4,2,3,51,3,2,"Nonmatching",1,666.69393365828,2,20,"f","R"
4,2,3,52,3,1,"Nonmatching",1,472.934291481579,2,20,"f","R"
4,2,3,53,3,3,"Matching",1,518.604288242386,1,20,"f","R"
4,2,3,54,1,2,"Nonmatching",1,691.102619774028,2,20,"f","R"
4,2,3,55,3,3,"Matching",1,480.230877966278,1,20,"f","R"
4,2,3,56,1,1,"Matching",1,508.296761859128,1,20,"f","R"
4,2,3,57,1,1,"Matching",1,447.64964069509,1,20,"f","R"
4,2,3,58,2,3,"Nonmatching",1,581.539723730202,2,20,"f","R"
4,2,3,59,2,2,"Matching",1,470.277721851744,1,20,"f","R"
4,2,3,60,3,3,"Matching",1,514.885815197886,1,20,"f","R"
4,2,4,1,3,3,"Matching",1,479.614804949961,1,20,"f","R"
4,2,4,2,3,1,"Nonmatching",1,517.026525550136,2,20,"f","R"
4,2,4,3,1,3,"Nonmatching",1,520.968064718545,2,20,"f","R"
4,2,4,4,2,1,"Nonmatching",1,618.220668841786,2,20,"f","R"
4,2,4,5,1,1,"Matching",1,514.308680652903,1,20,"f","R"
4,2,4,6,1,3,"Nonmatching",1,566.966472769309,2,20,"f","R"
4,2,4,7,3,3,"Matching",1,441.560448655764,1,20,"f","R"
4,2,4,8,2,3,"Nonmatching",1,478.917534657739,2,20,"f","R"
4,2,4,9,2,2,"Matching",1,516.258622682471,1,20,"f","R"
4,2,4,10,3,2,"Nonmatching",1,447.561199051961,2,20,"f","R"
4,2,4,11,1,2,"Nonmatching",1,478.248336286015,2,20,"f","R"
4,2,4,12,1,1,"Matching",1,499.636121498952,1,20,"f","R"
4,2,4,13,1,1,"Matching",1,432.31542938338,1,20,"f","R"
4,2,4,14,1,1,"Matching",1,344.313579656045,1,20,"f","R"
4,2,4,15,2,2,"Matching",1,498.346020533063,1,20,"f","R"
4,2,4,16,2,2,"Matching",1,438.886673655361,1,20,"f","R"
4,2,4,17,3,3,"Matching",1,516.987285231153,1,20,"f","R"
4,2,4,18,1,2,"Nonmatching",1,568.340487648129,2,20,"f","R"
4,2,4,19,2,1,"Nonmatching",1,578.247159076454,2,20,"f","R"
4,2,4,20,3,1,"Nonmatching",1,482.268054243832,2,20,"f","R"
4,2,4,21,1,3,"Nonmatching",1,542.255938041308,2,20,"f","R"
4,2,4,22,1,3,"Nonmatching",1,583.604368232045,2,20,"f","R"
4,2,4,23,3,3,"Matching",1,464.897572201153,1,20,"f","R"
4,2,4,24,3,2,"Nonmatching",1,541.667333249279,2,20,"f","R"
4,2,4,25,3,2,"Nonmatching",1,584.350839848412,2,20,"f","R"
4,2,4,26,2,1,"Nonmatching",1,593.038646583409,2,20,"f","R"
4,2,4,27,2,2,"Matching",1,744.299815359227,1,20,"f","R"
4,2,4,28,3,3,"Matching",1,538.259160576672,1,20,"f","R"
4,2,4,29,1,1,"Matching",1,492.40111213112,1,20,"f","R"
4,2,4,30,2,2,"Matching",1,447.631529777937,1,20,"f","R"
4,2,4,31,1,1,"Matching",1,462.253378364949,1,20,"f","R"
4,2,4,32,2,2,"Matching",1,523.623125104677,1,20,"f","R"
4,2,4,33,3,3,"Matching",1,494.909775940869,1,20,"f","R"
4,2,4,34,2,3,"Nonmatching",1,499.65543980943,2,20,"f","R"
4,2,4,35,1,3,"Nonmatching",1,485.582955696373,2,20,"f","R"
4,2,4,36,1,2,"Nonmatching",3,1002.2777496215,2,20,"f","R"
4,2,4,37,3,3,"Matching",1,514.286947553046,1,20,"f","R"
4,2,4,38,2,2,"Matching",1,638.372383990827,1,20,"f","R"
4,2,4,39,1,2,"Nonmatching",1,772.979055630458,2,20,"f","R"
4,2,4,40,2,3,"Nonmatching",1,613.647360530194,2,20,"f","R"
4,2,4,41,2,1,"Nonmatching",1,540.319881048163,2,20,"f","R"
4,2,4,42,2,2,"Matching",1,726.250475789129,1,20,"f","R"
4,2,4,43,3,1,"Nonmatching",1,624.975738917783,2,20,"f","R"
4,2,4,44,1,1,"Matching",1,432.96017801822,1,20,"f","R"
4,2,4,45,3,2,"Nonmatching",3,1169.06661466783,2,20,"f","R"
4,2,4,46,3,3,"Matching",1,554.300905032505,1,20,"f","R"
4,2,4,47,2,3,"Nonmatching",1,597.556112901657,2,20,"f","R"
4,2,4,48,3,1,"Nonmatching",1,855.624601748787,2,20,"f","R"
4,2,4,49,1,2,"Nonmatching",1,740.903112934575,2,20,"f","R"
4,2,4,50,2,2,"Matching",1,533.578997856239,1,20,"f","R"
4,2,4,51,2,3,"Nonmatching",1,634.225889615664,2,20,"f","R"
4,2,4,52,2,2,"Matching",1,703.57108036751,1,20,"f","R"
4,2,4,53,1,1,"Matching",1,482.997924186748,1,20,"f","R"
4,2,4,54,3,1,"Nonmatching",1,472.25332101425,2,20,"f","R"
4,2,4,55,3,3,"Matching",1,788.30873921197,1,20,"f","R"
4,2,4,56,1,1,"Matching",1,533.625784391006,1,20,"f","R"
4,2,4,57,2,1,"Nonmatching",1,520.877811984064,2,20,"f","R"
4,2,4,58,3,3,"Matching",1,452.864981002676,1,20,"f","R"
4,2,4,59,1,1,"Matching",1,434.301593248165,1,20,"f","R"
4,2,4,60,3,2,"Nonmatching",1,480.32294179211,2,20,"f","R"
5,1,1,1,3,3,"Matching",3,1379.65773755332,1,21,"f","L"
5,1,1,2,3,3,"Matching",1,876.366117194721,1,21,"f","L"
5,1,1,3,2,2,"Matching",0,729.807362148676,2,21,"f","L"
5,1,1,4,1,1,"Matching",1,893.085314962718,1,21,"f","L"
5,1,1,5,3,3,"Matching",0,873.704447472392,2,21,"f","L"
5,1,1,6,2,2,"Matching",0,855.730781642706,2,21,"f","L"
5,1,1,7,2,2,"Matching",3,1038.29904842996,1,21,"f","L"
5,1,1,8,3,1,"Nonmatching",1,773.085604734206,2,21,"f","L"
5,1,1,9,1,3,"Nonmatching",1,742.365022100785,2,21,"f","L"
5,1,1,10,3,1,"Nonmatching",1,777.170775750619,2,21,"f","L"
5,1,1,11,3,3,"Matching",1,705.682697724569,1,21,"f","L"
5,1,1,12,1,2,"Nonmatching",3,1221.71700905619,1,21,"f","L"
5,1,1,13,3,3,"Matching",0,692.432907054354,2,21,"f","L"
5,1,1,14,2,1,"Nonmatching",1,833.777590567024,2,21,"f","L"
5,1,1,15,3,3,"Matching",1,665.038958806235,1,21,"f","L"
5,1,1,16,2,3,"Nonmatching",1,951.014512978873,2,21,"f","L"
5,1,1,17,3,3,"Matching",1,825.636527504685,1,21,"f","L"
5,1,1,18,2,3,"Nonmatching",1,856.962611324889,2,21,"f","L"
5,1,1,19,1,2,"Nonmatching",1,862.31583343033,2,21,"f","L"
5,1,1,20,2,2,"Matching",1,900.318126245111,1,21,"f","L"
5,1,1,21,3,2,"Nonmatching",1,945.653141056482,2,21,"f","L"
5,1,1,22,3,2,"Nonmatching",3,1299.67030638136,1,21,"f","L"
5,1,1,23,1,1,"Matching",1,678.972428533598,1,21,"f","L"
5,1,1,24,3,2,"Nonmatching",1,603.792181756944,2,21,"f","L"
5,1,1,25,1,3,"Nonmatching",3,1019.65226812081,2,21,"f","L"
5,1,1,26,3,3,"Matching",1,907.126543375398,1,21,"f","L"
5,1,1,27,2,2,"Matching",1,687.711144810237,1,21,"f","L"
5,1,1,28,1,1,"Matching",1,349.030726887577,1,21,"f","L"
5,1,1,29,3,3,"Matching",1,911.254274545172,1,21,"f","L"
5,1,1,30,2,2,"Matching",1,627.044815807949,1,21,"f","L"
5,1,1,31,1,3,"Nonmatching",1,778.379363363001,2,21,"f","L"
5,1,1,32,1,2,"Nonmatching",1,994.981264141643,2,21,"f","L"
5,1,1,33,3,1,"Nonmatching",1,907.100282855936,2,21,"f","L"
5,1,1,34,1,2,"Nonmatching",1,743.059869424542,2,21,"f","L"
5,1,1,35,1,1,"Matching",1,754.377851723348,1,21,"f","L"
5,1,1,36,2,3,"Nonmatching",0,893.644332010808,1,21,"f","L"
5,1,1,37,2,2,"Matching",1,857.714809209483,1,21,"f","L"
5,1,1,38,1,1,"Matching",1,591.067601487794,1,21,"f","L"
5,1,1,39,1,3,"Nonmatching",0,943.668207954488,1,21,"f","L"
5,1,1,40,1,1,"Matching",1,730.38509359003,1,21,"f","L"
5,1,1,41,1,1,"Matching",1,509.045130933828,1,21,"f","L"
5,1,1,42,3,1,"Nonmatching",1,625.078597099218,2,21,"f","L"
5,1,1,43,3,2,"Nonmatching",1,855.706935883063,2,21,"f","L"
5,1,1,44,3,1,"Nonmatching",0,637.241745560459,1,21,"f","L"
5,1,1,45,3,3,"Matching",3,1059.62379809489,1,21,"f","L"
5,1,1,46,1,1,"Matching",1,561.786819781446,1,21,"f","L"
5,1,1,47,2,3,"Nonmatching",1,579.097633863512,2,21,"f","L"
5,1,1,48,2,2,"Matching",1,709.011445025226,1,21,"f","L"
5,1,1,49,2,1,"Nonmatching",1,681.027087843631,2,21,"f","L"
5,1,1,50,1,1,"Matching",1,653.671473918166,1,21,"f","L"
5,1,1,51,1,3,"Nonmatching",0,971.692408684248,1,21,"f","L"
5,1,1,52,2,1,"Nonmatching",1,701.05812958991,2,21,"f","L"
5,1,1,53,2,2,"Matching",1,681.909079103661,1,21,"f","L"
5,1,1,54,1,2,"Nonmatching",1,654.304141160083,2,21,"f","L"
5,1,1,55,3,2,"Nonmatching",3,1476.96141601818,1,21,"f","L"
5,1,1,56,2,1,"Nonmatching",1,811.69641718634,2,21,"f","L"
5,1,1,57,2,1,"Nonmatching",1,659.734937445592,2,21,"f","L"
5,1,1,58,2,3,"Nonmatching",1,850.372428170886,2,21,"f","L"
5,1,1,59,2,2,"Matching",1,479.769480593859,1,21,"f","L"
5,1,1,60,1,1,"Matching",1,509.773483059234,1,21,"f","L"
5,1,2,1,3,1,"Nonmatching",1,659.232969113873,2,21,"f","L"
5,1,2,2,1,1,"Matching",1,496.354961001543,1,21,"f","L"
5,1,2,3,3,2,"Nonmatching",1,692.403326238491,2,21,"f","L"
5,1,2,4,2,2,"Matching",1,376.426486206128,1,21,"f","L"
5,1,2,5,1,3,"Nonmatching",1,617.650793909888,2,21,"f","L"
5,1,2,6,2,1,"Nonmatching",1,737.202566072028,2,21,"f","L"
5,1,2,7,3,3,"Matching",1,692.476372742476,1,21,"f","L"
5,1,2,8,3,1,"Nonmatching",1,464.344896279727,2,21,"f","L"
5,1,2,9,2,3,"Nonmatching",1,589.69541385386,2,21,"f","L"
5,1,2,10,1,1,"Matching",1,565.117981842377,1,21,"f","L"
5,1,2,11,3,1,"Nonmatching",1,493.823688344037,2,21,"f","L"
5,1,2,12,1,1,"Matching",1,641.666794112552,1,21,"f","L"
5,1,2,13,3,3,"Matching",1,759.776048742424,1,21,"f","L"
5,1,2,14,1,1,"Matching",1,713.004251454095,1,21,"f","L"
5,1,2,15,3,1,"Nonmatching",1,580.34938531955,2,21,"f","L"
5,1,2,16,2,2,"Matching",1,573.708492196147,1,21,"f","L"
5,1,2,17,1,2,"Nonmatching",1,535.105829560507,2,21,"f","L"
5,1,2,18,3,3,"Matching",1,746.346358417213,1,21,"f","L"
5,1,2,19,2,2,"Matching",1,468.325628906314,1,21,"f","L"
5,1,2,20,2,1,"Nonmatching",1,424.507385511333,2,21,"f","L"
5,1,2,21,2,2,"Matching",1,743.666276146541,1,21,"f","L"
5,1,2,22,2,3,"Nonmatching",1,578.448666988606,2,21,"f","L"
5,1,2,23,1,1,"Matching",1,493.128539175359,1,21,"f","L"
5,1,2,24,2,3,"Nonmatching",1,488.373573974968,2,21,"f","L"
5,1,2,25,2,3,"Nonmatching",1,557.709194891686,2,21,"f","L"
5,1,2,26,1,1,"Matching",1,439.690795623846,1,21,"f","L"
5,1,2,27,3,2,"Nonmatching",1,781.744030226037,2,21,"f","L"
5,1,2,28,3,3,"Matching",1,558.43603779158,1,21,"f","L"
5,1,2,29,1,3,"Nonmatching",1,520.356170796276,2,21,"f","L"
5,1,2,30,1,1,"Matching",1,676.408556610113,1,21,"f","L"
5,1,2,31,3,1,"Nonmatching",1,497.809552336093,2,21,"f","L"
5,1,2,32,1,3,"Nonmatching",0,438.03034595976,1,21,"f","L"
5,1,2,33,2,2,"Matching",1,636.334701161104,1,21,"f","L"
5,1,2,34,3,3,"Matching",1,675.034256060371,1,21,"f","L"
5,1,2,35,2,1,"Nonmatching",1,631.824532302744,2,21,"f","L"
5,1,2,36,1,3,"Nonmatching",1,721.076795688077,2,21,"f","L"
5,1,2,37,3,2,"Nonmatching",1,684.324745103822,2,21,"f","L"
5,1,2,38,2,2,"Matching",1,626.387699116549,1,21,"f","L"
5,1,2,39,3,3,"Matching",0,480.459196551692,2,21,"f","L"
5,1,2,40,1,1,"Matching",1,415.068992389479,1,21,"f","L"
5,1,2,41,1,2,"Nonmatching",1,631.083804530135,2,21,"f","L"
5,1,2,42,1,1,"Matching",1,381.830720126345,1,21,"f","L"
5,1,2,43,1,2,"Nonmatching",0,566.500432208613,1,21,"f","L"
5,1,2,44,3,3,"Matching",1,959.704028511169,1,21,"f","L"
5,1,2,45,1,1,"Matching",1,865.723965981033,1,21,"f","L"
5,1,2,46,1,2,"Nonmatching",1,711.121643827028,2,21,"f","L"
5,1,2,47,2,1,"Nonmatching",1,803.655868528949,2,21,"f","L"
5,1,2,48,2,1,"Nonmatching",1,683.748221043061,2,21,"f","L"
5,1,2,49,2,3,"Nonmatching",1,673.063509676012,2,21,"f","L"
5,1,2,50,1,3,"Nonmatching",1,615.057643015462,2,21,"f","L"
5,1,2,51,3,2,"Nonmatching",1,671.052316054102,2,21,"f","L"
5,1,2,52,3,3,"Matching",0,507.671735919757,2,21,"f","L"
5,1,2,53,1,2,"Nonmatching",0,656.424602693278,1,21,"f","L"
5,1,2,54,2,2,"Matching",1,751.290580469231,1,21,"f","L"
5,1,2,55,3,2,"Nonmatching",1,713.005458834687,2,21,"f","L"
5,1,2,56,2,2,"Matching",3,1069.08784804682,1,21,"f","L"
5,1,2,57,2,2,"Matching",1,618.425328328613,1,21,"f","L"
5,1,2,58,3,3,"Matching",1,586.418583902287,1,21,"f","L"
5,1,2,59,2,2,"Matching",1,515.015324338037,1,21,"f","L"
5,1,2,60,3,3,"Matching",1,439.09163318358,1,21,"f","L"
5,1,3,1,3,2,"Nonmatching",1,679.640713492063,2,21,"f","L"
5,1,3,2,1,1,"Matching",1,556.451104689586,1,21,"f","L"
5,1,3,3,2,1,"Nonmatching",1,526.459176026037,2,21,"f","L"
5,1,3,4,1,1,"Matching",1,601.188466285748,1,21,"f","L"
5,1,3,5,2,2,"Matching",1,424.342578109645,1,21,"f","L"
5,1,3,6,3,2,"Nonmatching",1,614.352231114481,2,21,"f","L"
5,1,3,7,1,2,"Nonmatching",1,727.018313812096,2,21,"f","L"
5,1,3,8,1,2,"Nonmatching",1,338.442002249394,2,21,"f","L"
5,1,3,9,1,3,"Nonmatching",1,796.348803362434,2,21,"f","L"
5,1,3,10,1,2,"Nonmatching",1,404.418691359751,2,21,"f","L"
5,1,3,11,3,1,"Nonmatching",1,613.900972753072,2,21,"f","L"
5,1,3,12,3,2,"Nonmatching",1,645.683446300609,2,21,"f","L"
5,1,3,13,3,3,"Matching",1,668.346275107979,1,21,"f","L"
5,1,3,14,3,3,"Matching",1,570.380348585331,1,21,"f","L"
5,1,3,15,3,1,"Nonmatching",1,507.010393397195,2,21,"f","L"
5,1,3,16,1,1,"Matching",1,615.6522777801,1,21,"f","L"
5,1,3,17,3,3,"Matching",1,575.096677618149,1,21,"f","L"
5,1,3,18,1,1,"Matching",0,456.353548366224,2,21,"f","L"
5,1,3,19,2,2,"Matching",1,511.075944485128,1,21,"f","L"
5,1,3,20,2,2,"Matching",0,554.398860139372,2,21,"f","L"
5,1,3,21,2,1,"Nonmatching",1,758.402955572819,2,21,"f","L"
5,1,3,22,2,3,"Nonmatching",1,601.127191739124,2,21,"f","L"
5,1,3,23,2,2,"Matching",1,649.107878484756,1,21,"f","L"
5,1,3,24,1,3,"Nonmatching",1,575.759227520848,2,21,"f","L"
5,1,3,25,3,1,"Nonmatching",1,594.425325913562,2,21,"f","L"
5,1,3,26,1,1,"Matching",1,579.691061248013,1,21,"f","L"
5,1,3,27,3,2,"Nonmatching",1,580.640967645195,2,21,"f","L"
5,1,3,28,3,3,"Matching",1,413.688353093676,1,21,"f","L"
5,1,3,29,3,2,"Nonmatching",1,476.390325168268,2,21,"f","L"
5,1,3,30,2,2,"Matching",1,770.446271546462,1,21,"f","L"
5,1,3,31,1,1,"Matching",1,450.345926175032,1,21,"f","L"
5,1,3,32,2,3,"Nonmatching",1,544.361002731875,2,21,"f","L"
5,1,3,33,2,3,"Nonmatching",0,811.588960345489,1,21,"f","L"
5,1,3,34,2,2,"Matching",0,587.665505837776,2,21,"f","L"
5,1,3,35,1,2,"Nonmatching",1,613.087500321399,2,21,"f","L"
5,1,3,36,1,1,"Matching",1,405.063130558574,1,21,"f","L"
5,1,3,37,1,3,"Nonmatching",1,661.017778942096,2,21,"f","L"
5,1,3,38,2,2,"Matching",1,461.158318001253,1,21,"f","L"
5,1,3,39,2,2,"Matching",1,498.351062370602,1,21,"f","L"
5,1,3,40,3,3,"Matching",1,693.873009826348,1,21,"f","L"
5,1,3,41,1,1,"Matching",1,617.101435903805,1,21,"f","L"
5,1,3,42,2,3,"Nonmatching",3,1079.67989298049,2,21,"f","L"
5,1,3,43,1,1,"Matching",1,565.037992902035,1,21,"f","L"
5,1,3,44,1,3,"Nonmatching",1,575.647544849289,2,21,"f","L"
5,1,3,45,3,3,"Matching",1,562.389604362579,1,21,"f","L"
5,1,3,46,1,1,"Matching",1,491.675758910787,1,21,"f","L"
5,1,3,47,3,3,"Matching",0,615.766677056854,2,21,"f","L"
5,1,3,48,1,2,"Nonmatching",0,407.712122788325,1,21,"f","L"
5,1,3,49,3,1,"Nonmatching",1,640.341996152529,2,21,"f","L"
5,1,3,50,3,3,"Matching",1,607.172242717752,1,21,"f","L"
5,1,3,51,3,3,"Matching",1,630.462909246035,1,21,"f","L"
5,1,3,52,2,2,"Matching",1,605.025822509106,1,21,"f","L"
5,1,3,53,2,1,"Nonmatching",1,675.733329214836,2,21,"f","L"
5,1,3,54,2,1,"Nonmatching",1,616.940552487449,2,21,"f","L"
5,1,3,55,3,3,"Matching",1,569.781186145519,1,21,"f","L"
5,1,3,56,2,1,"Nonmatching",1,826.481391822654,2,21,"f","L"
5,1,3,57,1,3,"Nonmatching",1,730.347362957218,2,21,"f","L"
5,1,3,58,2,3,"Nonmatching",1,638.419243132375,2,21,"f","L"
5,1,3,59,3,1,"Nonmatching",1,485.759595771924,2,21,"f","L"
5,1,3,60,2,2,"Matching",1,490.376617780385,1,21,"f","L"
5,1,4,1,2,2,"Matching",1,444.35188701118,1,21,"f","L"
5,1,4,2,3,2,"Nonmatching",1,570.350465924548,2,21,"f","L"
5,1,4,3,1,1,"Matching",1,507.072875324411,1,21,"f","L"
5,1,4,4,3,3,"Matching",0,567.658913541891,2,21,"f","L"
5,1,4,5,2,3,"Nonmatching",0,601.752614699308,1,21,"f","L"
5,1,4,6,1,3,"Nonmatching",1,561.719508333226,2,21,"f","L"
5,1,4,7,2,1,"Nonmatching",1,595.703941579814,2,21,"f","L"
5,1,4,8,3,2,"Nonmatching",1,691.719647181799,2,21,"f","L"
5,1,4,9,2,3,"Nonmatching",1,583.091949517438,2,21,"f","L"
5,1,4,10,1,2,"Nonmatching",1,600.347525954021,2,21,"f","L"
5,1,4,11,2,1,"Nonmatching",1,657.024368823386,2,21,"f","L"
5,1,4,12,1,3,"Nonmatching",1,501.751648795107,2,21,"f","L"
5,1,4,13,2,2,"Matching",1,481.720908894204,1,21,"f","L"
5,1,4,14,1,2,"Nonmatching",1,639.058249120353,2,21,"f","L"
5,1,4,15,3,3,"Matching",1,606.569759981539,1,21,"f","L"
5,1,4,16,1,3,"Nonmatching",1,510.328877966003,2,21,"f","L"
5,1,4,17,3,3,"Matching",1,634.408929689926,1,21,"f","L"
5,1,4,18,3,1,"Nonmatching",1,649.009175150695,2,21,"f","L"
5,1,4,19,2,2,"Matching",1,455.962960861598,1,21,"f","L"
5,1,4,20,1,1,"Matching",1,661.016269717038,1,21,"f","L"
5,1,4,21,3,2,"Nonmatching",1,426.388483913797,2,21,"f","L"
5,1,4,22,2,2,"Matching",1,522.528851524385,1,21,"f","L"
5,1,4,23,1,3,"Nonmatching",1,558.353332245588,2,21,"f","L"
5,1,4,24,3,3,"Matching",1,793.645780866882,1,21,"f","L"
5,1,4,25,3,2,"Nonmatching",1,578.344832288622,2,21,"f","L"
5,1,4,26,3,1,"Nonmatching",1,633.775356913247,2,21,"f","L"
5,1,4,27,3,3,"Matching",0,337.842537964207,2,21,"f","L"
5,1,4,28,1,1,"Matching",1,500.423530539592,1,21,"f","L"
5,1,4,29,1,1,"Matching",1,393.033699458101,1,21,"f","L"
5,1,4,30,2,1,"Nonmatching",1,457.701588396048,2,21,"f","L"
5,1,4,31,3,2,"Nonmatching",1,856.447965500593,2,21,"f","L"
5,1,4,32,2,2,"Matching",1,461.696507739816,1,21,"f","L"
5,1,4,33,3,3,"Matching",0,363.100026891061,2,21,"f","L"
5,1,4,34,2,2,"Matching",1,463.656689547406,1,21,"f","L"
5,1,4,35,3,1,"Nonmatching",1,493.129444710576,2,21,"f","L"
5,1,4,36,1,1,"Matching",1,490.424309299669,1,21,"f","L"
5,1,4,37,1,3,"Nonmatching",1,527.116594562813,2,21,"f","L"
5,1,4,38,2,1,"Nonmatching",1,906.329370577623,2,21,"f","L"
5,1,4,39,2,1,"Nonmatching",1,694.408482959716,2,21,"f","L"
5,1,4,40,3,1,"Nonmatching",1,618.361035330963,2,21,"f","L"
5,1,4,41,2,3,"Nonmatching",1,578.369885428401,2,21,"f","L"
5,1,4,42,1,2,"Nonmatching",1,594.442531082223,2,21,"f","L"
5,1,4,43,1,1,"Matching",1,698.970569168068,1,21,"f","L"
5,1,4,44,3,3,"Matching",1,407.799959700242,1,21,"f","L"
5,1,4,45,3,3,"Matching",1,343.112148988894,1,21,"f","L"
5,1,4,46,1,1,"Matching",1,633.709856535916,1,21,"f","L"
5,1,4,47,2,2,"Matching",1,472.492901777969,1,21,"f","L"
5,1,4,48,1,2,"Nonmatching",1,477.132260321014,2,21,"f","L"
5,1,4,49,1,1,"Matching",0,513.657927112035,2,21,"f","L"
5,1,4,50,2,2,"Matching",1,471.785678807009,1,21,"f","L"
5,1,4,51,2,3,"Nonmatching",1,589.01837538815,2,21,"f","L"
5,1,4,52,3,3,"Matching",1,415.847148949524,1,21,"f","L"
5,1,4,53,1,1,"Matching",0,727.004730783847,2,21,"f","L"
5,1,4,54,1,1,"Matching",1,467.091988153697,1,21,"f","L"
5,1,4,55,1,2,"Nonmatching",0,512.985718167329,1,21,"f","L"
5,1,4,56,2,2,"Matching",1,605.021596678398,1,21,"f","L"
5,1,4,57,3,1,"Nonmatching",1,597.236107094886,2,21,"f","L"
5,1,4,58,2,2,"Matching",1,573.78576453084,1,21,"f","L"
5,1,4,59,2,3,"Nonmatching",1,567.670685498797,2,21,"f","L"
5,1,4,60,3,3,"Matching",1,657.774755638002,1,21,"f","L"
5,2,1,1,2,2,"Matching",1,508.812401625619,1,21,"f","L"
5,2,1,2,2,2,"Matching",1,496.713244316197,1,21,"f","L"
5,2,1,3,1,3,"Nonmatching",1,437.438722876323,2,21,"f","L"
5,2,1,4,1,2,"Nonmatching",1,524.017846427341,2,21,"f","L"
5,2,1,5,1,3,"Nonmatching",1,727.381426647298,2,21,"f","L"
5,2,1,6,3,3,"Matching",1,290.83891690243,1,21,"f","L"
5,2,1,7,2,2,"Matching",1,600.029374493715,1,21,"f","L"
5,2,1,8,3,1,"Nonmatching",1,544.992757670116,2,21,"f","L"
5,2,1,9,3,2,"Nonmatching",1,530.784307095018,2,21,"f","L"
5,2,1,10,3,1,"Nonmatching",1,565.996947882923,2,21,"f","L"
5,2,1,11,2,2,"Matching",0,607.999593252316,2,21,"f","L"
5,2,1,12,1,1,"Matching",0,650.018840101438,2,21,"f","L"
5,2,1,13,1,2,"Nonmatching",3,1312.70970427795,2,21,"f","L"
5,2,1,14,3,3,"Matching",1,532.749016578236,1,21,"f","L"
5,2,1,15,2,2,"Matching",1,424.041028128158,1,21,"f","L"
5,2,1,16,3,1,"Nonmatching",1,631.313501849945,2,21,"f","L"
5,2,1,17,2,2,"Matching",1,446.705668005052,1,21,"f","L"
5,2,1,18,3,2,"Nonmatching",1,549.360153815542,2,21,"f","L"
5,2,1,19,2,2,"Matching",1,776.657028692171,1,21,"f","L"
5,2,1,20,1,3,"Nonmatching",0,946.085678256168,1,21,"f","L"
5,2,1,21,3,3,"Matching",1,605.382294754236,1,21,"f","L"
5,2,1,22,3,3,"Matching",1,518.06334896628,1,21,"f","L"
5,2,1,23,3,3,"Matching",1,522.733797550245,1,21,"f","L"
5,2,1,24,1,2,"Nonmatching",1,574.060134919819,2,21,"f","L"
5,2,1,25,2,3,"Nonmatching",1,600.046579662376,2,21,"f","L"
5,2,1,26,2,1,"Nonmatching",1,704.622309266597,2,21,"f","L"
5,2,1,27,1,1,"Matching",1,325.49314433345,1,21,"f","L"
5,2,1,28,3,3,"Matching",1,384.769476843758,1,21,"f","L"
5,2,1,29,1,1,"Matching",1,537.409806120195,1,21,"f","L"
5,2,1,30,2,2,"Matching",1,469.333180940339,1,21,"f","L"
5,2,1,31,1,1,"Matching",1,547.480866483056,1,21,"f","L"
5,2,1,32,2,1,"Nonmatching",1,550.020892647808,2,21,"f","L"
5,2,1,33,1,1,"Matching",1,962.026115774279,1,21,"f","L"
5,2,1,34,1,2,"Nonmatching",1,556.066245471811,2,21,"f","L"
5,2,1,35,1,1,"Matching",1,470.807392204733,1,21,"f","L"
5,2,1,36,1,3,"Nonmatching",1,884.734462816596,2,21,"f","L"
5,2,1,37,2,1,"Nonmatching",1,561.526320727353,2,21,"f","L"
5,2,1,38,2,1,"Nonmatching",1,516.324117740623,2,21,"f","L"
5,2,1,39,3,3,"Matching",1,543.432822409159,1,21,"f","L"
5,2,1,40,1,2,"Nonmatching",1,810.09240577896,2,21,"f","L"
5,2,1,41,2,2,"Matching",1,770.116348128795,1,21,"f","L"
5,2,1,42,1,1,"Matching",1,900.751870824934,1,21,"f","L"
5,2,1,43,1,1,"Matching",1,761.52010271835,1,21,"f","L"
5,2,1,44,2,3,"Nonmatching",1,499.48931331528,2,21,"f","L"
5,2,1,45,1,1,"Matching",0,729.398657171259,2,21,"f","L"
5,2,1,46,2,1,"Nonmatching",1,652.817547479572,2,21,"f","L"
5,2,1,47,3,2,"Nonmatching",1,570.654718973856,2,21,"f","L"
5,2,1,48,3,3,"Matching",1,308.05374425654,1,21,"f","L"
5,2,1,49,1,1,"Matching",1,576.07736544378,1,21,"f","L"
5,2,1,50,3,1,"Nonmatching",3,1098.06164656038,2,21,"f","L"
5,2,1,51,3,3,"Matching",1,454.031447565285,1,21,"f","L"
5,2,1,52,3,2,"Nonmatching",0,572.124704407543,1,21,"f","L"
5,2,1,53,1,3,"Nonmatching",1,622.169709506124,2,21,"f","L"
5,2,1,54,2,3,"Nonmatching",1,446.045231018616,2,21,"f","L"
5,2,1,55,2,3,"Nonmatching",1,412.928904159344,2,21,"f","L"
5,2,1,56,3,3,"Matching",1,492.062113816246,1,21,"f","L"
5,2,1,57,3,1,"Nonmatching",1,440.716458362658,2,21,"f","L"
5,2,1,58,2,3,"Nonmatching",1,408.056521230719,2,21,"f","L"
5,2,1,59,3,2,"Nonmatching",1,633.366953780751,2,21,"f","L"
5,2,1,60,2,2,"Matching",1,816.750504071024,1,21,"f","L"
5,2,2,1,3,2,"Nonmatching",1,654.694721895794,2,21,"f","L"
5,2,2,2,1,1,"Matching",1,534.169801266216,1,21,"f","L"
5,2,2,3,1,2,"Nonmatching",3,1216.77217654633,2,21,"f","L"
5,2,2,4,2,3,"Nonmatching",1,504.66776713256,2,21,"f","L"
5,2,2,5,3,3,"Matching",1,476.761889665795,1,21,"f","L"
5,2,2,6,3,3,"Matching",1,554.029093173995,1,21,"f","L"
5,2,2,7,1,1,"Matching",1,668.795413785119,1,21,"f","L"
5,2,2,8,3,3,"Matching",1,473.41714457707,1,21,"f","L"
5,2,2,9,2,2,"Matching",1,478.812926836326,1,21,"f","L"
5,2,2,10,1,3,"Nonmatching",1,451.363439096895,2,21,"f","L"
5,2,2,11,1,1,"Matching",0,896.727068819928,2,21,"f","L"
5,2,2,12,1,2,"Nonmatching",1,933.445312758522,2,21,"f","L"
5,2,2,13,2,2,"Matching",1,496.055825779877,1,21,"f","L"
5,2,2,14,2,2,"Matching",1,324.162611316751,1,21,"f","L"
5,2,2,15,3,3,"Matching",1,439.618044195413,1,21,"f","L"
5,2,2,16,3,2,"Nonmatching",1,966.057256525346,2,21,"f","L"
5,2,2,17,1,2,"Nonmatching",0,887.975976895177,1,21,"f","L"
5,2,2,18,1,1,"Matching",1,974.678253230195,1,21,"f","L"
5,2,2,19,3,3,"Matching",1,544.110766410085,1,21,"f","L"
5,2,2,20,2,2,"Matching",1,514.77776550837,1,21,"f","L"
5,2,2,21,2,2,"Matching",1,462.688061987137,1,21,"f","L"
5,2,2,22,2,3,"Nonmatching",1,484.047221988476,2,21,"f","L"
5,2,2,23,3,2,"Nonmatching",1,538.127895513753,2,21,"f","L"
5,2,2,24,3,2,"Nonmatching",1,494.1819716596,2,21,"f","L"
5,2,2,25,3,3,"Matching",1,427.449462524237,1,21,"f","L"
5,2,2,26,2,2,"Matching",0,458.734193571217,2,21,"f","L"
5,2,2,27,1,2,"Nonmatching",1,672.746565595844,2,21,"f","L"
5,2,2,28,3,1,"Nonmatching",1,526.189621620688,2,21,"f","L"
5,2,2,29,1,1,"Matching",1,378.164805127199,1,21,"f","L"
5,2,2,30,2,1,"Nonmatching",1,443.326814424836,2,21,"f","L"
5,2,2,31,2,2,"Matching",0,530.773440672419,2,21,"f","L"
5,2,2,32,2,3,"Nonmatching",1,742.776128300648,2,21,"f","L"
5,2,2,33,3,3,"Matching",1,321.426989555221,1,21,"f","L"
5,2,2,34,3,1,"Nonmatching",1,500.925190257476,2,21,"f","L"
5,2,2,35,1,1,"Matching",1,433.409393196598,1,21,"f","L"
5,2,2,36,2,2,"Matching",1,424.678223045703,1,21,"f","L"
5,2,2,37,3,1,"Nonmatching",1,527.660814433148,2,21,"f","L"
5,2,2,38,1,3,"Nonmatching",1,563.380253073774,2,21,"f","L"
5,2,2,39,1,1,"Matching",0,613.36579469571,2,21,"f","L"
5,2,2,40,2,3,"Nonmatching",1,525.417501961783,2,21,"f","L"
5,2,2,41,3,1,"Nonmatching",1,656.724931757708,2,21,"f","L"
5,2,2,42,1,1,"Matching",1,846.043661424119,1,21,"f","L"
5,2,2,43,3,3,"Matching",1,804.763331278082,1,21,"f","L"
5,2,2,44,1,3,"Nonmatching",1,581.68262817253,2,21,"f","L"
5,2,2,45,2,3,"Nonmatching",1,590.785973279708,2,21,"f","L"
5,2,2,46,2,1,"Nonmatching",1,855.391501027952,2,21,"f","L"
5,2,2,47,3,1,"Nonmatching",1,484.800023563366,2,21,"f","L"
5,2,2,48,3,2,"Nonmatching",3,1210.0407299049,2,21,"f","L"
5,2,2,49,2,1,"Nonmatching",1,522.696972453559,2,21,"f","L"
5,2,2,50,2,1,"Nonmatching",1,726.13601393823,2,21,"f","L"
5,2,2,51,1,2,"Nonmatching",1,696.717590884873,2,21,"f","L"
5,2,2,52,2,1,"Nonmatching",1,517.465393906605,2,21,"f","L"
5,2,2,53,2,2,"Matching",1,642.808969042562,1,21,"f","L"
5,2,2,54,3,3,"Matching",1,586.151746102587,1,21,"f","L"
5,2,2,55,1,1,"Matching",1,434.727550565185,1,21,"f","L"
5,2,2,56,1,3,"Nonmatching",1,666.040775785405,2,21,"f","L"
5,2,2,57,3,3,"Matching",1,456.002193949644,1,21,"f","L"
5,2,2,58,1,3,"Nonmatching",1,582.072611987314,2,21,"f","L"
5,2,2,59,1,1,"Matching",1,760.66618304958,1,21,"f","L"
5,2,2,60,2,2,"Matching",1,490.089556360545,1,21,"f","L"
5,2,3,1,3,1,"Nonmatching",1,576.089439245152,2,21,"f","L"
5,2,3,2,2,1,"Nonmatching",1,530.108174164525,2,21,"f","L"
5,2,3,3,1,1,"Matching",1,605.425458597892,1,21,"f","L"
5,2,3,4,1,2,"Nonmatching",1,500.71963377286,2,21,"f","L"
5,2,3,5,1,3,"Nonmatching",1,657.417062475361,2,21,"f","L"
5,2,3,6,2,3,"Nonmatching",1,528.09456578234,2,21,"f","L"
5,2,3,7,2,1,"Nonmatching",1,594.063406920213,2,21,"f","L"
5,2,3,8,1,1,"Matching",1,466.07627276353,1,21,"f","L"
5,2,3,9,3,3,"Matching",1,488.074740598677,1,21,"f","L"
5,2,3,10,2,2,"Matching",1,532.712493326471,1,21,"f","L"
5,2,3,11,2,2,"Matching",1,464.007426735407,1,21,"f","L"
5,2,3,12,3,3,"Matching",0,557.481295103571,2,21,"f","L"
5,2,3,13,1,2,"Nonmatching",4,0,0,21,"f","L"
5,2,3,14,3,1,"Nonmatching",1,803.506146610744,2,21,"f","L"
5,2,3,15,1,1,"Matching",1,476.171782577694,1,21,"f","L"
5,2,3,16,3,2,"Nonmatching",1,616.6963530668,2,21,"f","L"
5,2,3,17,2,1,"Nonmatching",1,720.877873025529,2,21,"f","L"
5,2,3,18,3,2,"Nonmatching",1,597.221913608337,2,21,"f","L"
5,2,3,19,2,3,"Nonmatching",1,556.719740022345,2,21,"f","L"
5,2,3,20,2,2,"Matching",0,574.838895169705,2,21,"f","L"
5,2,3,21,1,1,"Matching",1,497.378208979171,1,21,"f","L"
5,2,3,22,1,3,"Nonmatching",1,981.477916853692,2,21,"f","L"
5,2,3,23,3,3,"Matching",1,558.791302655663,1,21,"f","L"
5,2,3,24,1,1,"Matching",1,559.429101263049,1,21,"f","L"
5,2,3,25,2,2,"Matching",1,634.198838760312,1,21,"f","L"
5,2,3,26,1,3,"Nonmatching",1,705.458721922696,2,21,"f","L"
5,2,3,27,3,3,"Matching",1,614.666746895637,1,21,"f","L"
5,2,3,28,1,1,"Matching",1,694.076748472071,1,21,"f","L"
5,2,3,29,3,3,"Matching",1,738.065232480039,1,21,"f","L"
5,2,3,30,3,1,"Nonmatching",1,580.672352763031,2,21,"f","L"
5,2,3,31,2,2,"Matching",1,574.155517957479,1,21,"f","L"
5,2,3,32,3,2,"Nonmatching",1,598.665336676277,2,21,"f","L"
5,2,3,33,1,3,"Nonmatching",1,799.354871526702,2,21,"f","L"
5,2,3,34,2,2,"Matching",1,392.733055011377,1,21,"f","L"
5,2,3,35,3,2,"Nonmatching",1,426.037129496763,2,21,"f","L"
5,2,3,36,1,2,"Nonmatching",1,633.402269652834,2,21,"f","L"
5,2,3,37,2,3,"Nonmatching",1,456.15734230978,2,21,"f","L"
5,2,3,38,3,3,"Matching",1,461.424236728817,1,21,"f","L"
5,2,3,39,1,2,"Nonmatching",1,586.77113216163,2,21,"f","L"
5,2,3,40,3,1,"Nonmatching",1,532.118462251674,2,21,"f","L"
5,2,3,41,1,1,"Matching",1,534.733949680231,1,21,"f","L"
5,2,3,42,3,3,"Matching",1,385.464927857356,1,21,"f","L"
5,2,3,43,2,1,"Nonmatching",1,394.07747289988,2,21,"f","L"
5,2,3,44,1,1,"Matching",1,714.025688362199,1,21,"f","L"
5,2,3,45,3,3,"Matching",1,541.625676046351,1,21,"f","L"
5,2,3,46,3,1,"Nonmatching",1,655.336142644956,2,21,"f","L"
5,2,3,47,2,2,"Matching",1,517.327148870208,1,21,"f","L"
5,2,3,48,1,1,"Matching",1,688.131910053016,1,21,"f","L"
5,2,3,49,2,1,"Nonmatching",3,1004.06256779115,2,21,"f","L"
5,2,3,50,3,3,"Matching",1,436.34211978042,1,21,"f","L"
5,2,3,51,1,2,"Nonmatching",1,586.873155791181,2,21,"f","L"
5,2,3,52,2,2,"Matching",1,596.016948136821,1,21,"f","L"
5,2,3,53,2,2,"Matching",1,412.08947305222,1,21,"f","L"
5,2,3,54,2,3,"Nonmatching",1,932.228273483815,2,21,"f","L"
5,2,3,55,2,3,"Nonmatching",1,774.735483053519,2,21,"f","L"
5,2,3,56,1,1,"Matching",1,406.686144667219,1,21,"f","L"
5,2,3,57,3,3,"Matching",1,486.863738225111,1,21,"f","L"
5,2,3,58,1,3,"Nonmatching",1,539.509440343863,2,21,"f","L"
5,2,3,59,2,2,"Matching",1,405.394247818549,1,21,"f","L"
5,2,3,60,3,2,"Nonmatching",1,406.415087804817,2,21,"f","L"
5,2,4,1,2,2,"Matching",1,492.05305846408,1,21,"f","L"
5,2,4,2,3,3,"Matching",1,480.655992760148,1,21,"f","L"
5,2,4,3,2,1,"Nonmatching",1,550.688573915977,2,21,"f","L"
5,2,4,4,3,3,"Matching",1,513.507903348909,1,21,"f","L"
5,2,4,5,1,2,"Nonmatching",1,614.042531316045,2,21,"f","L"
5,2,4,6,3,1,"Nonmatching",1,479.162765258479,2,21,"f","L"
5,2,4,7,2,3,"Nonmatching",1,676.306828056113,2,21,"f","L"
5,2,4,8,1,3,"Nonmatching",1,474.037738016705,2,21,"f","L"
5,2,4,9,2,2,"Matching",1,479.572670847119,1,21,"f","L"
5,2,4,10,3,2,"Nonmatching",1,476.100547143687,2,21,"f","L"
5,2,4,11,1,3,"Nonmatching",1,674.164029988788,2,21,"f","L"
5,2,4,12,1,1,"Matching",1,559.986307240251,1,21,"f","L"
5,2,4,13,2,3,"Nonmatching",1,538.188264525161,2,21,"f","L"
5,2,4,14,3,3,"Matching",1,486.151383888682,1,21,"f","L"
5,2,4,15,1,1,"Matching",1,610.665186961342,1,21,"f","L"
5,2,4,16,3,2,"Nonmatching",1,506.063800526135,2,21,"f","L"
5,2,4,17,2,2,"Matching",1,486.739981751271,1,21,"f","L"
5,2,4,18,3,3,"Matching",1,483.364750311921,1,21,"f","L"
5,2,4,19,1,2,"Nonmatching",1,632.042759511023,2,21,"f","L"
5,2,4,20,1,1,"Matching",1,503.528000193,1,21,"f","L"
5,2,4,21,3,3,"Matching",1,523.322395413743,1,21,"f","L"
5,2,4,22,2,1,"Nonmatching",1,638.751869617408,2,21,"f","L"
5,2,4,23,1,1,"Matching",1,694.095161020414,1,21,"f","L"
5,2,4,24,3,3,"Matching",1,434.70219558003,1,21,"f","L"
5,2,4,25,1,3,"Nonmatching",1,617.359808504261,2,21,"f","L"
5,2,4,26,3,3,"Matching",1,713.459427032831,1,21,"f","L"
5,2,4,27,2,2,"Matching",1,812.920090283114,1,21,"f","L"
5,2,4,28,1,3,"Nonmatching",1,948.056424640527,2,21,"f","L"
5,2,4,29,3,3,"Matching",1,549.402713968448,1,21,"f","L"
5,2,4,30,3,3,"Matching",1,496.065786666804,1,21,"f","L"
5,2,4,31,2,2,"Matching",1,644.694293276189,1,21,"f","L"
5,2,4,32,3,2,"Nonmatching",1,474.812574280804,2,21,"f","L"
5,2,4,33,1,1,"Matching",1,472.845751882232,1,21,"f","L"
5,2,4,34,1,1,"Matching",1,477.43289122991,1,21,"f","L"
5,2,4,35,3,2,"Nonmatching",1,593.991567796365,2,21,"f","L"
5,2,4,36,2,2,"Matching",1,563.471108436715,1,21,"f","L"
5,2,4,37,2,1,"Nonmatching",1,580.723364577352,2,21,"f","L"
5,2,4,38,2,2,"Matching",0,653.528392592307,2,21,"f","L"
5,2,4,39,1,3,"Nonmatching",1,908.142245227282,2,21,"f","L"
5,2,4,40,2,2,"Matching",1,528.045666882463,1,21,"f","L"
5,2,4,41,3,1,"Nonmatching",1,444.055770240993,2,21,"f","L"
5,2,4,42,2,2,"Matching",1,498.160591369924,1,21,"f","L"
5,2,4,43,2,3,"Nonmatching",1,445.49164718228,2,21,"f","L"
5,2,4,44,2,1,"Nonmatching",1,650.146822405986,2,21,"f","L"
5,2,4,45,3,1,"Nonmatching",1,463.434222970136,2,21,"f","L"
5,2,4,46,2,3,"Nonmatching",1,622.039312440393,2,21,"f","L"
5,2,4,47,1,2,"Nonmatching",1,758.696945890733,2,21,"f","L"
5,2,4,48,3,1,"Nonmatching",1,553.558818573947,2,21,"f","L"
5,2,4,49,3,2,"Nonmatching",1,571.486000264485,2,21,"f","L"
5,2,4,50,1,2,"Nonmatching",1,541.329867889544,2,21,"f","L"
5,2,4,51,3,3,"Matching",0,640.018411480924,2,21,"f","L"
5,2,4,52,1,1,"Matching",0,751.391993639118,2,21,"f","L"
5,2,4,53,1,1,"Matching",1,514.080201579418,1,21,"f","L"
5,2,4,54,1,1,"Matching",1,405.510458165736,1,21,"f","L"
5,2,4,55,2,2,"Matching",1,773.443586203939,1,21,"f","L"
5,2,4,56,2,3,"Nonmatching",1,838.691017653218,2,21,"f","L"
5,2,4,57,1,1,"Matching",1,614.076036116785,1,21,"f","L"
5,2,4,58,2,1,"Nonmatching",1,908.739294752195,2,21,"f","L"
5,2,4,59,3,1,"Nonmatching",1,656.882193032288,2,21,"f","L"
5,2,4,60,1,2,"Nonmatching",1,606.707394558725,2,21,"f","L"
6,1,1,1,2,3,"Nonmatching",1,993.904524599657,2,20,"f","R"
6,1,1,2,3,3,"Matching",3,1307.19225277016,2,20,"f","R"
6,1,1,3,2,2,"Matching",1,400.057508862119,1,20,"f","R"
6,1,1,4,1,2,"Nonmatching",1,592.68493915124,2,20,"f","R"
6,1,1,5,2,2,"Matching",0,704.533698964951,2,20,"f","R"
6,1,1,6,3,1,"Nonmatching",1,940.59580594012,2,20,"f","R"
6,1,1,7,3,3,"Matching",0,680.707954435093,2,20,"f","R"
6,1,1,8,2,3,"Nonmatching",1,773.92576864122,2,20,"f","R"
6,1,1,9,3,3,"Matching",1,536.055593940546,1,20,"f","R"
6,1,1,10,3,2,"Nonmatching",1,651.307082879612,2,20,"f","R"
6,1,1,11,2,3,"Nonmatching",1,465.927317723072,2,20,"f","R"
6,1,1,12,3,3,"Matching",0,592.040494310822,2,20,"f","R"
6,1,1,13,2,2,"Matching",1,811.034623071919,1,20,"f","R"
6,1,1,14,1,1,"Matching",1,467.202926105074,1,20,"f","R"
6,1,1,15,1,2,"Nonmatching",1,449.243289783226,2,20,"f","R"
6,1,1,16,1,1,"Matching",1,791.919815600522,1,20,"f","R"
6,1,1,17,2,2,"Matching",1,465.317283521017,1,20,"f","R"
6,1,1,18,1,2,"Nonmatching",1,646.569281375832,2,20,"f","R"
6,1,1,19,1,3,"Nonmatching",1,759.310001143149,2,20,"f","R"
6,1,1,20,3,3,"Matching",0,770.669435649779,2,20,"f","R"
6,1,1,21,3,1,"Nonmatching",1,565.45888027722,2,20,"f","R"
6,1,1,22,2,2,"Matching",1,375.976401177923,1,20,"f","R"
6,1,1,23,2,3,"Nonmatching",1,696.648531489245,2,20,"f","R"
6,1,1,24,3,3,"Matching",1,909.258581387803,1,20,"f","R"
6,1,1,25,2,2,"Matching",1,586.172273168813,1,20,"f","R"
6,1,1,26,2,2,"Matching",1,554.168870741705,1,20,"f","R"
6,1,1,27,3,1,"Nonmatching",1,484.019465185611,2,20,"f","R"
6,1,1,28,1,2,"Nonmatching",0,538.68981882124,1,20,"f","R"
6,1,1,29,3,3,"Matching",3,1231.94071553507,2,20,"f","R"
6,1,1,30,1,3,"Nonmatching",1,648.007585667528,2,20,"f","R"
6,1,1,31,3,1,"Nonmatching",1,567.212615415883,2,20,"f","R"
6,1,1,32,2,1,"Nonmatching",1,353.873603321517,2,20,"f","R"
6,1,1,33,3,1,"Nonmatching",1,627.349732752464,2,20,"f","R"
6,1,1,34,3,2,"Nonmatching",0,643.213640490558,1,20,"f","R"
6,1,1,35,3,3,"Matching",1,530.574945245917,1,20,"f","R"
6,1,1,36,3,3,"Matching",1,622.654189926379,1,20,"f","R"
6,1,1,37,1,3,"Nonmatching",1,525.95637358263,2,20,"f","R"
6,1,1,38,1,1,"Matching",1,906.007983502604,1,20,"f","R"
6,1,1,39,1,1,"Matching",3,1358.55435561052,1,20,"f","R"
6,1,1,40,1,1,"Matching",1,369.932202826476,1,20,"f","R"
6,1,1,41,3,2,"Nonmatching",0,770.56378895486,1,20,"f","R"
6,1,1,42,1,1,"Matching",1,460.085055483432,1,20,"f","R"
6,1,1,43,2,3,"Nonmatching",1,617.324163233661,2,20,"f","R"
6,1,1,44,3,2,"Nonmatching",0,370.066525053062,1,20,"f","R"
6,1,1,45,1,2,"Nonmatching",1,916.349285716024,2,20,"f","R"
6,1,1,46,1,3,"Nonmatching",1,577.287687957323,2,20,"f","R"
6,1,1,47,2,1,"Nonmatching",1,532.005401497372,2,20,"f","R"
6,1,1,48,1,1,"Matching",1,663.365898507891,1,20,"f","R"
6,1,1,49,3,2,"Nonmatching",3,1037.8423814027,2,20,"f","R"
6,1,1,50,1,3,"Nonmatching",1,533.229695770387,2,20,"f","R"
6,1,1,51,1,1,"Matching",1,913.338656752785,1,20,"f","R"
6,1,1,52,2,1,"Nonmatching",1,620.744097678653,2,20,"f","R"
6,1,1,53,2,1,"Nonmatching",1,276.708351666457,2,20,"f","R"
6,1,1,54,1,1,"Matching",0,322.067005594818,2,20,"f","R"
6,1,1,55,3,3,"Matching",1,885.344697328946,1,20,"f","R"
6,1,1,56,1,1,"Matching",0,585.998408893374,2,20,"f","R"
6,1,1,57,2,1,"Nonmatching",1,451.889890419807,2,20,"f","R"
6,1,1,58,2,2,"Matching",3,1282.53280489207,1,20,"f","R"
6,1,1,59,2,2,"Matching",1,303.349127849742,1,20,"f","R"
6,1,1,60,2,2,"Matching",1,387.362398282221,1,20,"f","R"
6,1,2,1,3,2,"Nonmatching",1,414.663919081249,2,20,"f","R"
6,1,2,2,2,1,"Nonmatching",3,1295.17358288649,2,20,"f","R"
6,1,2,3,3,2,"Nonmatching",1,541.205719403479,2,20,"f","R"
6,1,2,4,3,2,"Nonmatching",1,473.33013257412,2,20,"f","R"
6,1,2,5,3,3,"Matching",0,303.329205901264,2,20,"f","R"
6,1,2,6,3,3,"Matching",1,260.008929493324,1,20,"f","R"
6,1,2,7,3,1,"Nonmatching",1,449.312714754342,2,20,"f","R"
6,1,2,8,1,3,"Nonmatching",1,552.559720651061,2,20,"f","R"
6,1,2,9,3,2,"Nonmatching",0,651.972657059105,1,20,"f","R"
6,1,2,10,2,1,"Nonmatching",1,458.734287024527,2,20,"f","R"
6,1,2,11,1,1,"Matching",1,735.899297201286,1,20,"f","R"
6,1,2,12,2,3,"Nonmatching",0,658.812525948179,1,20,"f","R"
6,1,2,13,2,2,"Matching",1,281.358315490252,1,20,"f","R"
6,1,2,14,3,3,"Matching",0,349.258955678579,2,20,"f","R"
6,1,2,15,2,1,"Nonmatching",1,479.904073639318,2,20,"f","R"
6,1,2,16,2,2,"Matching",1,406.048582018684,1,20,"f","R"
6,1,2,17,1,1,"Matching",0,341.315833444241,2,20,"f","R"
6,1,2,18,2,2,"Matching",1,617.514629132529,1,20,"f","R"
6,1,2,19,2,2,"Matching",1,545.284285530215,1,20,"f","R"
6,1,2,20,3,3,"Matching",1,531.247461921794,1,20,"f","R"
6,1,2,21,1,1,"Matching",1,334.663713824739,1,20,"f","R"
6,1,2,22,1,2,"Nonmatching",1,521.296448785506,2,20,"f","R"
6,1,2,23,2,3,"Nonmatching",1,685.32622424982,2,20,"f","R"
6,1,2,24,1,1,"Matching",1,514.034898658338,1,20,"f","R"
6,1,2,25,2,2,"Matching",1,476.733163547124,1,20,"f","R"
6,1,2,26,2,2,"Matching",1,344.024312859801,1,20,"f","R"
6,1,2,27,1,1,"Matching",0,465.994629760189,2,20,"f","R"
6,1,2,28,3,2,"Nonmatching",1,641.21963458274,2,20,"f","R"
6,1,2,29,3,1,"Nonmatching",0,560.854797304273,1,20,"f","R"
6,1,2,30,2,3,"Nonmatching",1,963.263964539692,2,20,"f","R"
6,1,2,31,3,3,"Matching",0,510.641526811469,2,20,"f","R"
6,1,2,32,1,2,"Nonmatching",0,443.891530056135,1,20,"f","R"
6,1,2,33,1,3,"Nonmatching",1,619.29009730602,2,20,"f","R"
6,1,2,34,2,1,"Nonmatching",1,635.28651618526,2,20,"f","R"
6,1,2,35,1,3,"Nonmatching",3,1090.59509659801,2,20,"f","R"
6,1,2,36,1,1,"Matching",1,839.86802094978,1,20,"f","R"
6,1,2,37,3,3,"Matching",0,615.233264213657,2,20,"f","R"
6,1,2,38,2,2,"Matching",1,496.598062553858,1,20,"f","R"
6,1,2,39,1,1,"Matching",1,526.027005944798,1,20,"f","R"
6,1,2,40,2,1,"Nonmatching",1,649.995856469559,2,20,"f","R"
6,1,2,41,3,3,"Matching",1,649.233389178789,1,20,"f","R"
6,1,2,42,2,2,"Matching",1,480.62669703404,1,20,"f","R"
6,1,2,43,2,2,"Matching",1,406.556591698063,1,20,"f","R"
6,1,2,44,1,2,"Nonmatching",1,526.775890089539,2,20,"f","R"
6,1,2,45,2,3,"Nonmatching",1,931.384923364931,2,20,"f","R"
6,1,2,46,3,3,"Matching",1,919.342105664782,1,20,"f","R"
6,1,2,47,2,2,"Matching",1,402.727049923669,1,20,"f","R"
6,1,2,48,3,3,"Matching",1,833.97716123045,1,20,"f","R"
6,1,2,49,3,1,"Nonmatching",1,400.620152975989,2,20,"f","R"
6,1,2,50,3,3,"Matching",1,544.7216414168,1,20,"f","R"
6,1,2,51,1,1,"Matching",1,467.892648100133,1,20,"f","R"
6,1,2,52,1,1,"Matching",1,521.470011212841,1,20,"f","R"
6,1,2,53,1,3,"Nonmatching",1,627.938335768249,2,20,"f","R"
6,1,2,54,1,2,"Nonmatching",1,987.908923728355,2,20,"f","R"
6,1,2,55,2,3,"Nonmatching",1,843.91278013436,2,20,"f","R"
6,1,2,56,3,1,"Nonmatching",1,682.695923389019,2,20,"f","R"
6,1,2,57,1,3,"Nonmatching",1,686.495884088799,2,20,"f","R"
6,1,2,58,1,2,"Nonmatching",1,708.02758609625,2,20,"f","R"
6,1,2,59,1,1,"Matching",0,301.952176692794,2,20,"f","R"
6,1,2,60,3,1,"Nonmatching",1,504.774814907705,2,20,"f","R"
6,1,3,1,2,2,"Matching",1,546.559592064114,1,20,"f","R"
6,1,3,2,1,1,"Matching",1,781.117893796363,1,20,"f","R"
6,1,3,3,3,1,"Nonmatching",1,967.239902448455,2,20,"f","R"
6,1,3,4,2,1,"Nonmatching",1,738.007703388121,2,20,"f","R"
6,1,3,5,1,1,"Matching",1,635.919792659934,1,20,"f","R"
6,1,3,6,1,1,"Matching",1,394.036250936097,1,20,"f","R"
6,1,3,7,1,1,"Matching",1,298.06437831212,1,20,"f","R"
6,1,3,8,2,2,"Matching",0,891.332148312813,2,20,"f","R"
6,1,3,9,3,1,"Nonmatching",0,616.590673322207,1,20,"f","R"
6,1,3,10,1,3,"Nonmatching",1,489.336814274338,2,20,"f","R"
6,1,3,11,2,2,"Matching",1,527.36419125722,1,20,"f","R"
6,1,3,12,1,1,"Matching",1,649.889002383588,1,20,"f","R"
6,1,3,13,3,3,"Matching",1,775.990105063556,1,20,"f","R"
6,1,3,14,3,1,"Nonmatching",0,264.550831840097,1,20,"f","R"
6,1,3,15,1,3,"Nonmatching",1,781.935297369273,2,20,"f","R"
6,1,3,16,3,3,"Matching",0,584.605683604423,2,20,"f","R"
6,1,3,17,2,3,"Nonmatching",3,1489.92270066083,2,20,"f","R"
6,1,3,18,1,2,"Nonmatching",0,456.004074575048,1,20,"f","R"
6,1,3,19,3,2,"Nonmatching",1,830.789045819529,2,20,"f","R"
6,1,3,20,2,3,"Nonmatching",1,534.6139693238,2,20,"f","R"
6,1,3,21,2,1,"Nonmatching",1,473.930507649584,2,20,"f","R"
6,1,3,22,1,2,"Nonmatching",1,622.57601137162,2,20,"f","R"
6,1,3,23,3,3,"Matching",1,741.938062294139,1,20,"f","R"
6,1,3,24,1,1,"Matching",0,520.028990291848,2,20,"f","R"
6,1,3,25,1,1,"Matching",1,421.228804715611,1,20,"f","R"
6,1,3,26,3,2,"Nonmatching",1,684.720114067204,2,20,"f","R"
6,1,3,27,3,2,"Nonmatching",0,706.063161262136,1,20,"f","R"
6,1,3,28,2,2,"Matching",1,678.065277818405,1,20,"f","R"
6,1,3,29,2,3,"Nonmatching",3,1042.88957680001,2,20,"f","R"
6,1,3,30,1,3,"Nonmatching",1,561.954730324487,2,20,"f","R"
6,1,3,31,3,3,"Matching",1,915.922473067894,1,20,"f","R"
6,1,3,32,1,3,"Nonmatching",1,535.885955532649,2,20,"f","R"
6,1,3,33,3,3,"Matching",1,611.231669250628,1,20,"f","R"
6,1,3,34,2,2,"Matching",1,490.665547851222,1,20,"f","R"
6,1,3,35,2,2,"Matching",1,494.611904685371,1,20,"f","R"
6,1,3,36,1,1,"Matching",1,555.3690171987,1,20,"f","R"
6,1,3,37,2,3,"Nonmatching",1,622.718785333745,2,20,"f","R"
6,1,3,38,2,2,"Matching",1,518.608495014178,1,20,"f","R"
6,1,3,39,3,2,"Nonmatching",1,625.957309311161,2,20,"f","R"
6,1,3,40,2,2,"Matching",1,641.88309582778,1,20,"f","R"
6,1,3,41,2,1,"Nonmatching",1,503.880138323893,2,20,"f","R"
6,1,3,42,3,3,"Matching",1,516.560458367167,1,20,"f","R"
6,1,3,43,1,2,"Nonmatching",0,623.90625418675,1,20,"f","R"
6,1,3,44,3,3,"Matching",1,789.800542896501,1,20,"f","R"
6,1,3,45,2,2,"Matching",1,709.225317771143,1,20,"f","R"
6,1,3,46,3,3,"Matching",0,480.637563551227,2,20,"f","R"
6,1,3,47,2,1,"Nonmatching",1,605.821652917257,2,20,"f","R"
6,1,3,48,3,1,"Nonmatching",1,799.41831617225,2,20,"f","R"
6,1,3,49,2,2,"Matching",1,591.952656630383,1,20,"f","R"
6,1,3,50,3,1,"Nonmatching",0,743.310261939769,1,20,"f","R"
6,1,3,51,3,2,"Nonmatching",1,728.526063425761,2,20,"f","R"
6,1,3,52,1,2,"Nonmatching",1,740.008048097934,2,20,"f","R"
6,1,3,53,2,3,"Nonmatching",1,662.625767946793,2,20,"f","R"
6,1,3,54,3,3,"Matching",1,468.623723230394,1,20,"f","R"
6,1,3,55,1,1,"Matching",1,856.647432763566,1,20,"f","R"
6,1,3,56,1,2,"Nonmatching",1,964.526593470055,2,20,"f","R"
6,1,3,57,1,1,"Matching",1,677.879641482832,1,20,"f","R"
6,1,3,58,2,1,"Nonmatching",1,589.24357351998,2,20,"f","R"
6,1,3,59,1,3,"Nonmatching",1,637.994693752262,2,20,"f","R"
6,1,3,60,3,3,"Matching",1,725.212379370987,1,20,"f","R"
6,1,4,1,3,3,"Matching",1,982.651340483699,1,20,"f","R"
6,1,4,2,3,3,"Matching",1,399.953371405445,1,20,"f","R"
6,1,4,3,2,3,"Nonmatching",1,502.663390243924,2,20,"f","R"
6,1,4,4,1,2,"Nonmatching",1,595.238268848334,2,20,"f","R"
6,1,4,5,3,3,"Matching",1,476.579523067812,1,20,"f","R"
6,1,4,6,3,3,"Matching",1,385.259425353979,1,20,"f","R"
6,1,4,7,3,1,"Nonmatching",1,553.890869010047,2,20,"f","R"
6,1,4,8,2,1,"Nonmatching",1,521.935158519227,2,20,"f","R"
6,1,4,9,2,2,"Matching",3,1261.2154147514,1,20,"f","R"
6,1,4,10,1,3,"Nonmatching",3,1179.42072491678,2,20,"f","R"
6,1,4,11,3,1,"Nonmatching",3,1100.67650794144,2,20,"f","R"
6,1,4,12,2,2,"Matching",1,538.025150185149,1,20,"f","R"
6,1,4,13,3,3,"Matching",1,547.977370712488,1,20,"f","R"
6,1,4,14,1,2,"Nonmatching",1,396.717564058235,2,20,"f","R"
6,1,4,15,3,2,"Nonmatching",1,437.310042798345,2,20,"f","R"
6,1,4,16,2,1,"Nonmatching",1,468.610140083911,2,20,"f","R"
6,1,4,17,1,1,"Matching",1,569.880647239643,1,20,"f","R"
6,1,4,18,1,2,"Nonmatching",1,395.366493751681,2,20,"f","R"
6,1,4,19,3,1,"Nonmatching",1,779.350877358866,2,20,"f","R"
6,1,4,20,3,2,"Nonmatching",1,316.65578187085,2,20,"f","R"
6,1,4,21,1,2,"Nonmatching",1,633.404797621097,2,20,"f","R"
6,1,4,22,2,3,"Nonmatching",1,543.898200890453,2,20,"f","R"
6,1,4,23,1,1,"Matching",1,473.913906026155,1,20,"f","R"
6,1,4,24,1,1,"Matching",1,446.730709525582,1,20,"f","R"
6,1,4,25,2,2,"Matching",1,916.55635323832,1,20,"f","R"
6,1,4,26,3,3,"Matching",1,600.002331102587,1,20,"f","R"
6,1,4,27,1,3,"Nonmatching",1,470.700435408617,2,20,"f","R"
6,1,4,28,2,2,"Matching",1,603.238138450251,1,20,"f","R"
6,1,4,29,3,1,"Nonmatching",1,466.628208083421,2,20,"f","R"
6,1,4,30,1,3,"Nonmatching",1,512.688356067429,2,20,"f","R"
6,1,4,31,3,2,"Nonmatching",1,795.30684864585,2,20,"f","R"
6,1,4,32,3,2,"Nonmatching",1,529.898504549237,2,20,"f","R"
6,1,4,33,2,3,"Nonmatching",0,666.655736593839,1,20,"f","R"
6,1,4,34,1,1,"Matching",1,791.932493204058,1,20,"f","R"
6,1,4,35,1,1,"Matching",1,415.958543867873,1,20,"f","R"
6,1,4,36,3,3,"Matching",1,967.989993983338,1,20,"f","R"
6,1,4,37,1,1,"Matching",1,521.850943010577,1,20,"f","R"
6,1,4,38,2,2,"Matching",1,524.665974664003,1,20,"f","R"
6,1,4,39,1,1,"Matching",0,432.089888668543,2,20,"f","R"
6,1,4,40,2,1,"Nonmatching",1,544.559549201949,2,20,"f","R"
6,1,4,41,1,3,"Nonmatching",3,1330.63827289288,2,20,"f","R"
6,1,4,42,1,3,"Nonmatching",1,518.55597351414,2,20,"f","R"
6,1,4,43,3,3,"Matching",1,906.591455107446,1,20,"f","R"
6,1,4,44,2,2,"Matching",1,502.673049370514,1,20,"f","R"
6,1,4,45,2,2,"Matching",1,305.902155698732,1,20,"f","R"
6,1,4,46,1,1,"Matching",1,419.900976682129,1,20,"f","R"
6,1,4,47,2,3,"Nonmatching",0,442.672669042167,1,20,"f","R"
6,1,4,48,3,2,"Nonmatching",1,576.104143124667,2,20,"f","R"
6,1,4,49,2,2,"Matching",1,536.681022375433,1,20,"f","R"
6,1,4,50,3,1,"Nonmatching",1,635.387333316885,2,20,"f","R"
6,1,4,51,2,1,"Nonmatching",1,841.260444391537,2,20,"f","R"
6,1,4,52,1,1,"Matching",1,424.536451816039,1,20,"f","R"
6,1,4,53,2,1,"Nonmatching",1,470.041200031119,2,20,"f","R"
6,1,4,54,2,3,"Nonmatching",1,467.980183933378,2,20,"f","R"
6,1,4,55,2,2,"Matching",1,697.317727840527,1,20,"f","R"
6,1,4,56,1,2,"Nonmatching",0,443.887606036242,1,20,"f","R"
6,1,4,57,1,1,"Matching",1,400.843520274066,1,20,"f","R"
6,1,4,58,2,2,"Matching",0,648.157302126947,2,20,"f","R"
6,1,4,59,3,3,"Matching",1,678.668369524075,1,20,"f","R"
6,1,4,60,3,3,"Matching",1,514.016184101365,1,20,"f","R"
6,2,1,1,1,3,"Nonmatching",1,539.397650007231,2,20,"f","R"
6,2,1,2,2,3,"Nonmatching",1,436.613980329639,2,20,"f","R"
6,2,1,3,2,2,"Matching",1,490.687581062048,1,20,"f","R"
6,2,1,4,2,1,"Nonmatching",1,645.386036718264,2,20,"f","R"
6,2,1,5,3,2,"Nonmatching",1,906.607753211574,2,20,"f","R"
6,2,1,6,3,1,"Nonmatching",1,662.729601884166,2,20,"f","R"
6,2,1,7,2,3,"Nonmatching",1,651.369563682238,2,20,"f","R"
6,2,1,8,3,3,"Matching",1,545.379365884401,1,20,"f","R"
6,2,1,9,3,1,"Nonmatching",1,442.69560779594,2,20,"f","R"
6,2,1,10,3,3,"Matching",1,792.023649537441,1,20,"f","R"
6,2,1,11,1,2,"Nonmatching",1,960.635473093134,2,20,"f","R"
6,2,1,12,2,2,"Matching",1,611.413078047008,1,20,"f","R"
6,2,1,13,1,3,"Nonmatching",1,602.233587631417,2,20,"f","R"
6,2,1,14,1,1,"Matching",1,498.692280226351,1,20,"f","R"
6,2,1,15,3,3,"Matching",0,606.701235444234,2,20,"f","R"
6,2,1,16,3,2,"Nonmatching",1,359.412205102672,2,20,"f","R"
6,2,1,17,2,1,"Nonmatching",0,674.06851074702,1,20,"f","R"
6,2,1,18,1,1,"Matching",1,424.088206309534,1,20,"f","R"
6,2,1,19,1,2,"Nonmatching",1,678.011849104223,2,20,"f","R"
6,2,1,20,2,2,"Matching",1,730.745246046354,1,20,"f","R"
6,2,1,21,3,2,"Nonmatching",1,597.372028571044,2,20,"f","R"
6,2,1,22,1,1,"Matching",1,486.766277586867,1,20,"f","R"
6,2,1,23,3,1,"Nonmatching",1,874.868467521992,2,20,"f","R"
6,2,1,24,2,2,"Matching",1,450.025375503174,1,20,"f","R"
6,2,1,25,3,2,"Nonmatching",1,952.100125671677,2,20,"f","R"
6,2,1,26,1,2,"Nonmatching",1,930.746513806298,2,20,"f","R"
6,2,1,27,1,2,"Nonmatching",1,702.691822625638,2,20,"f","R"
6,2,1,28,2,2,"Matching",1,283.52225998151,1,20,"f","R"
6,2,1,29,2,2,"Matching",1,344.008615107668,1,20,"f","R"
6,2,1,30,1,2,"Nonmatching",1,394.086959678134,2,20,"f","R"
6,2,1,31,2,3,"Nonmatching",0,554.687141571776,1,20,"f","R"
6,2,1,32,2,2,"Matching",1,509.507181482149,1,20,"f","R"
6,2,1,33,1,1,"Matching",0,441.276319908866,2,20,"f","R"
6,2,1,34,2,2,"Matching",1,808.676587165792,1,20,"f","R"
6,2,1,35,2,1,"Nonmatching",0,385.27481791516,1,20,"f","R"
6,2,1,36,3,2,"Nonmatching",1,778.732691596815,2,20,"f","R"
6,2,1,37,1,1,"Matching",1,500.915388540307,1,20,"f","R"
6,2,1,38,3,3,"Matching",1,744.653784381626,1,20,"f","R"
6,2,1,39,3,3,"Matching",1,379.975579688107,1,20,"f","R"
6,2,1,40,1,1,"Matching",1,325.335108974286,1,20,"f","R"
6,2,1,41,2,3,"Nonmatching",1,384.01641485234,2,20,"f","R"
6,2,1,42,2,1,"Nonmatching",1,737.314357548712,2,20,"f","R"
6,2,1,43,3,3,"Matching",1,572.894594854915,1,20,"f","R"
6,2,1,44,3,1,"Nonmatching",1,693.314923814796,2,20,"f","R"
6,2,1,45,2,1,"Nonmatching",1,507.365270200353,2,20,"f","R"
6,2,1,46,3,3,"Matching",1,480.677405776078,1,20,"f","R"
6,2,1,47,1,1,"Matching",1,581.95908129619,1,20,"f","R"
6,2,1,48,1,1,"Matching",1,495.970217665672,1,20,"f","R"
6,2,1,49,3,3,"Matching",1,996.649525915018,1,20,"f","R"
6,2,1,50,1,1,"Matching",0,389.927800215446,2,20,"f","R"
6,2,1,51,2,2,"Matching",1,583.267591077856,1,20,"f","R"
6,2,1,52,1,1,"Matching",1,416.774134682782,1,20,"f","R"
6,2,1,53,3,1,"Nonmatching",1,520.724747570057,2,20,"f","R"
6,2,1,54,1,3,"Nonmatching",1,500.683569505782,2,20,"f","R"
6,2,1,55,2,2,"Matching",1,457.986004903432,1,20,"f","R"
6,2,1,56,3,3,"Matching",1,551.981378785058,1,20,"f","R"
6,2,1,57,2,3,"Nonmatching",1,466.249689396136,2,20,"f","R"
6,2,1,58,1,3,"Nonmatching",1,552.64242524936,2,20,"f","R"
6,2,1,59,1,3,"Nonmatching",1,427.350878102516,2,20,"f","R"
6,2,1,60,3,3,"Matching",1,498.69228022726,1,20,"f","R"
6,2,2,1,2,2,"Matching",1,500.730959594875,1,20,"f","R"
6,2,2,2,2,2,"Matching",1,401.330398943173,1,20,"f","R"
6,2,2,3,1,2,"Nonmatching",1,817.42262428179,2,20,"f","R"
6,2,2,4,1,1,"Matching",1,498.630401448281,1,20,"f","R"
6,2,2,5,2,2,"Matching",1,518.000873920755,1,20,"f","R"
6,2,2,6,3,3,"Matching",1,393.412933763102,1,20,"f","R"
6,2,2,7,2,2,"Matching",1,320.711707749069,1,20,"f","R"
6,2,2,8,3,3,"Matching",1,333.306001197343,1,20,"f","R"
6,2,2,9,3,1,"Nonmatching",1,504.021401376122,2,20,"f","R"
6,2,2,10,1,1,"Matching",1,581.295921898345,1,20,"f","R"
6,2,2,11,3,2,"Nonmatching",1,566.662647234807,2,20,"f","R"
6,2,2,12,3,3,"Matching",0,455.940986733367,2,20,"f","R"
6,2,2,13,3,3,"Matching",1,270.593217433998,1,20,"f","R"
6,2,2,14,3,1,"Nonmatching",1,436.740454516439,2,20,"f","R"
6,2,2,15,3,3,"Matching",1,380.10477050284,1,20,"f","R"
6,2,2,16,2,1,"Nonmatching",1,364.115294121802,2,20,"f","R"
6,2,2,17,3,2,"Nonmatching",0,358.013141011725,1,20,"f","R"
6,2,2,18,1,1,"Matching",1,408.054962011192,1,20,"f","R"
6,2,2,19,1,1,"Matching",1,319.18073621182,1,20,"f","R"
6,2,2,20,2,3,"Nonmatching",0,432.012915834093,1,20,"f","R"
6,2,2,21,2,1,"Nonmatching",1,478.611258266938,2,20,"f","R"
6,2,2,22,2,2,"Matching",0,394.716312132914,2,20,"f","R"
6,2,2,23,1,3,"Nonmatching",1,474.082637218999,2,20,"f","R"
6,2,2,24,2,3,"Nonmatching",0,463.468766532969,1,20,"f","R"
6,2,2,25,1,3,"Nonmatching",1,765.277830354535,2,20,"f","R"
6,2,2,26,2,3,"Nonmatching",1,503.356732740031,2,20,"f","R"
6,2,2,27,3,1,"Nonmatching",1,476.009632938258,2,20,"f","R"
6,2,2,28,3,3,"Matching",1,633.951743982834,1,20,"f","R"
6,2,2,29,1,1,"Matching",1,626.004094033306,1,20,"f","R"
6,2,2,30,3,2,"Nonmatching",3,1080.80436291857,2,20,"f","R"
6,2,2,31,3,1,"Nonmatching",1,759.351050759506,2,20,"f","R"
6,2,2,32,3,2,"Nonmatching",1,746.029304352305,2,20,"f","R"
6,2,2,33,1,2,"Nonmatching",1,420.717473039076,2,20,"f","R"
6,2,2,34,2,1,"Nonmatching",1,669.398624975656,2,20,"f","R"
6,2,2,35,2,3,"Nonmatching",1,435.96168744898,2,20,"f","R"
6,2,2,36,3,3,"Matching",1,627.43636137111,1,20,"f","R"
6,2,2,37,1,2,"Nonmatching",1,842.684862018359,2,20,"f","R"
6,2,2,38,3,3,"Matching",1,538.145585745951,1,20,"f","R"
6,2,2,39,2,2,"Matching",1,452.029040538036,1,20,"f","R"
6,2,2,40,2,1,"Nonmatching",1,513.347891621379,2,20,"f","R"
6,2,2,41,1,2,"Nonmatching",1,628.586099262066,2,20,"f","R"
6,2,2,42,1,3,"Nonmatching",1,834.590815933552,2,20,"f","R"
6,2,2,43,1,1,"Matching",1,490.024421664202,1,20,"f","R"
6,2,2,44,1,1,"Matching",1,429.988725155454,1,20,"f","R"
6,2,2,45,1,3,"Nonmatching",1,572.599991500283,2,20,"f","R"
6,2,2,46,3,2,"Nonmatching",1,668.714939933125,2,20,"f","R"
6,2,2,47,3,3,"Matching",1,474.716517389425,1,20,"f","R"
6,2,2,48,1,3,"Nonmatching",1,975.42510486619,2,20,"f","R"
6,2,2,49,3,1,"Nonmatching",1,697.29689867836,2,20,"f","R"
6,2,2,50,2,2,"Matching",1,854.678478542155,1,20,"f","R"
6,2,2,51,2,3,"Nonmatching",3,1106.6678812731,2,20,"f","R"
6,2,2,52,2,1,"Nonmatching",1,759.939351926732,2,20,"f","R"
6,2,2,53,2,2,"Matching",1,650.609511172661,1,20,"f","R"
6,2,2,54,1,2,"Nonmatching",1,583.907508202174,2,20,"f","R"
6,2,2,55,2,2,"Matching",1,481.975652734945,1,20,"f","R"
6,2,2,56,3,3,"Matching",0,591.338998583524,2,20,"f","R"
6,2,2,57,2,2,"Matching",1,449.332936878818,1,20,"f","R"
6,2,2,58,1,1,"Matching",1,456.626784708533,1,20,"f","R"
6,2,2,59,1,1,"Matching",1,342.715197711186,1,20,"f","R"
6,2,2,60,1,1,"Matching",1,320.696313515327,1,20,"f","R"
6,2,3,1,2,3,"Nonmatching",1,731.955957172431,2,20,"f","R"
6,2,3,2,1,2,"Nonmatching",1,632.007542944848,2,20,"f","R"
6,2,3,3,3,2,"Nonmatching",1,494.697929609174,2,20,"f","R"
6,2,3,4,3,2,"Nonmatching",1,730.684574658881,2,20,"f","R"
6,2,3,5,3,3,"Matching",1,534.045286584842,1,20,"f","R"
6,2,3,6,1,1,"Matching",1,521.299465590346,1,20,"f","R"
6,2,3,7,1,1,"Matching",1,267.263233603444,1,20,"f","R"
6,2,3,8,3,2,"Nonmatching",1,696.033666051335,2,20,"f","R"
6,2,3,9,3,3,"Matching",1,660.843355604811,1,20,"f","R"
6,2,3,10,2,3,"Nonmatching",0,745.979499482019,1,20,"f","R"
6,2,3,11,3,3,"Matching",0,868.61508871425,2,20,"f","R"
6,2,3,12,2,1,"Nonmatching",1,842.913662574574,2,20,"f","R"
6,2,3,13,3,3,"Matching",1,498.720653910823,1,20,"f","R"
6,2,3,14,1,3,"Nonmatching",0,757.340443226894,1,20,"f","R"
6,2,3,15,3,3,"Matching",3,1503.37635284086,2,20,"f","R"
6,2,3,16,3,1,"Nonmatching",1,884.646220079048,2,20,"f","R"
6,2,3,17,1,1,"Matching",1,425.324876337982,1,20,"f","R"
6,2,3,18,2,2,"Matching",0,632.618482690305,2,20,"f","R"
6,2,3,19,3,3,"Matching",1,697.331913011112,1,20,"f","R"
6,2,3,20,1,2,"Nonmatching",1,493.604033543306,2,20,"f","R"
6,2,3,21,1,1,"Matching",1,679.971142526483,1,20,"f","R"
6,2,3,22,3,2,"Nonmatching",1,571.413126342122,2,20,"f","R"
6,2,3,23,1,2,"Nonmatching",1,565.353533758753,2,20,"f","R"
6,2,3,24,1,2,"Nonmatching",1,447.417109524395,2,20,"f","R"
6,2,3,25,3,3,"Matching",1,413.963630744547,1,20,"f","R"
6,2,3,26,2,2,"Matching",1,430.060564907762,1,20,"f","R"
6,2,3,27,3,1,"Nonmatching",1,492.064610270063,2,20,"f","R"
6,2,3,28,3,3,"Matching",1,440.776460117377,1,20,"f","R"
6,2,3,29,3,2,"Nonmatching",1,438.69642761365,2,20,"f","R"
6,2,3,30,3,3,"Matching",1,331.414321659395,1,20,"f","R"
6,2,3,31,1,1,"Matching",1,542.145671471189,1,20,"f","R"
6,2,3,32,1,2,"Nonmatching",1,504.006912686236,2,20,"f","R"
6,2,3,33,3,1,"Nonmatching",1,515.411624348417,2,20,"f","R"
6,2,3,34,3,1,"Nonmatching",1,511.952449703131,2,20,"f","R"
6,2,3,35,2,3,"Nonmatching",1,572.068437700182,2,20,"f","R"
6,2,3,36,2,3,"Nonmatching",0,837.356646411536,1,20,"f","R"
6,2,3,37,2,2,"Matching",1,388.1553505189,1,20,"f","R"
6,2,3,38,2,2,"Matching",1,429.080465424704,1,20,"f","R"
6,2,3,39,2,1,"Nonmatching",1,435.287963381597,2,20,"f","R"
6,2,3,40,1,1,"Matching",0,410.246074467977,2,20,"f","R"
6,2,3,41,3,1,"Nonmatching",1,552.721207499417,2,20,"f","R"
6,2,3,42,1,1,"Matching",1,386.942828306928,1,20,"f","R"
6,2,3,43,2,2,"Matching",1,500.423074940045,1,20,"f","R"
6,2,3,44,1,1,"Matching",1,560.736773181816,1,20,"f","R"
6,2,3,45,3,3,"Matching",1,626.079254110664,1,20,"f","R"
6,2,3,46,2,1,"Nonmatching",1,538.09427163651,2,20,"f","R"
6,2,3,47,2,2,"Matching",1,692.080064872243,1,20,"f","R"
6,2,3,48,1,3,"Nonmatching",1,512.739064809466,2,20,"f","R"
6,2,3,49,2,2,"Matching",1,565.41933655717,1,20,"f","R"
6,2,3,50,2,2,"Matching",1,277.366076134058,1,20,"f","R"
6,2,3,51,1,1,"Matching",0,401.285725483831,2,20,"f","R"
6,2,3,52,1,3,"Nonmatching",1,473.927185653338,2,20,"f","R"
6,2,3,53,2,1,"Nonmatching",1,424.314592084556,2,20,"f","R"
6,2,3,54,2,1,"Nonmatching",1,367.30793724746,2,20,"f","R"
6,2,3,55,2,3,"Nonmatching",1,560.73526394357,2,20,"f","R"
6,2,3,56,1,3,"Nonmatching",1,555.366298897752,2,20,"f","R"
6,2,3,57,1,1,"Matching",1,381.354118135278,1,20,"f","R"
6,2,3,58,2,2,"Matching",1,510.671106214431,1,20,"f","R"
6,2,3,59,2,2,"Matching",1,355.371369939348,1,20,"f","R"
6,2,3,60,1,3,"Nonmatching",1,517.380878744916,2,20,"f","R"
6,2,4,1,1,1,"Matching",1,659.961054776431,1,20,"f","R"
6,2,4,2,2,2,"Matching",0,370.01973698716,2,20,"f","R"
6,2,4,3,2,3,"Nonmatching",1,539.927392721438,2,20,"f","R"
6,2,4,4,3,3,"Matching",1,712.011672221706,1,20,"f","R"
6,2,4,5,3,3,"Matching",1,347.953160855468,1,20,"f","R"
6,2,4,6,3,3,"Matching",1,309.380043230703,1,20,"f","R"
6,2,4,7,1,1,"Matching",1,401.408879344672,1,20,"f","R"
6,2,4,8,3,2,"Nonmatching",0,536.77700827302,1,20,"f","R"
6,2,4,9,3,2,"Nonmatching",1,595.270866728242,2,20,"f","R"
6,2,4,10,3,3,"Matching",1,547.376993965372,1,20,"f","R"
6,2,4,11,1,1,"Matching",1,510.238558459605,1,20,"f","R"
6,2,4,12,1,3,"Nonmatching",1,408.043491797798,2,20,"f","R"
6,2,4,13,2,3,"Nonmatching",0,496.758643858811,1,20,"f","R"
6,2,4,14,2,1,"Nonmatching",0,589.437961767544,1,20,"f","R"
6,2,4,15,2,2,"Matching",1,654.84292516976,1,20,"f","R"
6,2,4,16,1,2,"Nonmatching",1,500.604787255725,2,20,"f","R"
6,2,4,17,1,3,"Nonmatching",1,546.091122761936,2,20,"f","R"
6,2,4,18,1,2,"Nonmatching",1,579.969904951213,2,20,"f","R"
6,2,4,19,1,2,"Nonmatching",1,467.966900962892,2,20,"f","R"
6,2,4,20,2,1,"Nonmatching",1,489.5354283899,2,20,"f","R"
6,2,4,21,3,1,"Nonmatching",1,590.044977492653,2,20,"f","R"
6,2,4,22,2,2,"Matching",1,447.362173242254,1,20,"f","R"
6,2,4,23,3,1,"Nonmatching",1,653.398885770912,2,20,"f","R"
6,2,4,24,2,2,"Matching",1,539.347543288386,1,20,"f","R"
6,2,4,25,3,2,"Nonmatching",1,542.041534014061,2,20,"f","R"
6,2,4,26,2,3,"Nonmatching",1,423.949356366393,2,20,"f","R"
6,2,4,27,3,3,"Matching",1,576.035018329094,1,20,"f","R"
6,2,4,28,1,2,"Nonmatching",1,513.963660929221,2,20,"f","R"
6,2,4,29,3,3,"Matching",1,549.357416727617,1,20,"f","R"
6,2,4,30,2,3,"Nonmatching",1,440.091869533717,2,20,"f","R"
6,2,4,31,2,1,"Nonmatching",1,662.022674569016,2,20,"f","R"
6,2,4,32,3,3,"Matching",1,636.06467788486,1,20,"f","R"
6,2,4,33,2,3,"Nonmatching",1,795.308356212445,2,20,"f","R"
6,2,4,34,2,2,"Matching",1,460.009290039125,1,20,"f","R"
6,2,4,35,2,1,"Nonmatching",1,498.069870268409,2,20,"f","R"
6,2,4,36,2,1,"Nonmatching",1,502.749113319624,2,20,"f","R"
6,2,4,37,3,1,"Nonmatching",1,515.966420421137,2,20,"f","R"
6,2,4,38,3,1,"Nonmatching",1,264.091719816861,2,20,"f","R"
6,2,4,39,2,2,"Matching",1,549.381564543182,1,20,"f","R"
6,2,4,40,2,2,"Matching",1,447.385717363431,1,20,"f","R"
6,2,4,41,1,1,"Matching",1,524.914393649851,1,20,"f","R"
6,2,4,42,1,1,"Matching",1,328.621626736094,1,20,"f","R"
6,2,4,43,2,2,"Matching",1,385.945825352792,1,20,"f","R"
6,2,4,44,3,2,"Nonmatching",0,649.956010901406,1,20,"f","R"
6,2,4,45,3,3,"Matching",3,1288.00500017951,2,20,"f","R"
6,2,4,46,1,1,"Matching",1,388.632873581628,1,20,"f","R"
6,2,4,47,1,1,"Matching",1,317.318335901291,1,20,"f","R"
6,2,4,48,1,1,"Matching",1,408.730799012119,1,20,"f","R"
6,2,4,49,3,3,"Matching",1,416.039437380277,1,20,"f","R"
6,2,4,50,3,1,"Nonmatching",1,430.676032368865,2,20,"f","R"
6,2,4,51,1,1,"Matching",3,1006.59510579317,2,20,"f","R"
6,2,4,52,3,2,"Nonmatching",1,766.613808276816,2,20,"f","R"
6,2,4,53,2,2,"Matching",1,450.013905289779,1,20,"f","R"
6,2,4,54,1,2,"Nonmatching",1,752.149266477318,2,20,"f","R"
6,2,4,55,1,3,"Nonmatching",1,441.98203983251,2,20,"f","R"
6,2,4,56,3,3,"Matching",1,417.305386635235,1,20,"f","R"
6,2,4,57,1,1,"Matching",1,433.412583619429,1,20,"f","R"
6,2,4,58,1,3,"Nonmatching",0,311.407856081132,1,20,"f","R"
6,2,4,59,1,3,"Nonmatching",1,445.369072877838,2,20,"f","R"
6,2,4,60,2,2,"Matching",1,492.070043529566,1,20,"f","R"
7,1,1,1,1,3,"Nonmatching",1,875.201861863843,2,20,"f","R"
7,1,1,2,2,2,"Matching",3,1023.9144097186,1,20,"f","R"
7,1,1,3,2,2,"Matching",1,591.151006726705,1,20,"f","R"
7,1,1,4,2,3,"Nonmatching",1,679.81032566604,2,20,"f","R"
7,1,1,5,2,2,"Matching",1,348.449305689883,1,20,"f","R"
7,1,1,6,3,1,"Nonmatching",1,662.488137985747,2,20,"f","R"
7,1,1,7,1,1,"Matching",1,747.131894545419,1,20,"f","R"
7,1,1,8,3,2,"Nonmatching",1,805.160891234209,2,20,"f","R"
7,1,1,9,1,2,"Nonmatching",0,429.181941317893,1,20,"f","R"
7,1,1,10,2,2,"Matching",0,700.462263673671,2,20,"f","R"
7,1,1,11,1,2,"Nonmatching",1,912.415617587158,2,20,"f","R"
7,1,1,12,2,2,"Matching",0,587.21211523698,2,20,"f","R"
7,1,1,13,3,2,"Nonmatching",1,731.900045095699,2,20,"f","R"
7,1,1,14,1,3,"Nonmatching",0,791.000924969467,1,20,"f","R"
7,1,1,15,3,3,"Matching",3,1166.41872849323,1,20,"f","R"
7,1,1,16,3,1,"Nonmatching",1,783.777259382532,2,20,"f","R"
7,1,1,17,3,2,"Nonmatching",3,1095.71609412387,2,20,"f","R"
7,1,1,18,3,2,"Nonmatching",1,507.861668598707,2,20,"f","R"
7,1,1,19,2,3,"Nonmatching",0,751.807309541618,1,20,"f","R"
7,1,1,20,1,1,"Matching",1,785.769495096702,1,20,"f","R"
7,1,1,21,3,3,"Matching",0,682.414117373355,2,20,"f","R"
7,1,1,22,3,3,"Matching",0,879.847695178341,2,20,"f","R"
7,1,1,23,1,2,"Nonmatching",0,667.948674965828,1,20,"f","R"
7,1,1,24,1,1,"Matching",1,570.481259338976,1,20,"f","R"
7,1,1,25,2,2,"Matching",1,699.824144537615,1,20,"f","R"
7,1,1,26,1,2,"Nonmatching",0,495.882596733281,1,20,"f","R"
7,1,1,27,3,3,"Matching",0,556.424828960644,2,20,"f","R"
7,1,1,28,2,1,"Nonmatching",1,926.392962245245,2,20,"f","R"
7,1,1,29,2,1,"Nonmatching",1,368.415129791174,2,20,"f","R"
7,1,1,30,1,3,"Nonmatching",0,601.461128401297,1,20,"f","R"
7,1,1,31,2,2,"Matching",1,713.121412366945,1,20,"f","R"
7,1,1,32,3,1,"Nonmatching",1,621.444761882685,2,20,"f","R"
7,1,1,33,1,1,"Matching",1,668.030779225319,1,20,"f","R"
7,1,1,34,2,3,"Nonmatching",1,649.143479094164,2,20,"f","R"
7,1,1,35,2,1,"Nonmatching",1,502.428600323583,2,20,"f","R"
7,1,1,36,3,3,"Matching",1,538.402340242101,1,20,"f","R"
7,1,1,37,1,1,"Matching",0,598.459795112376,2,20,"f","R"
7,1,1,38,3,2,"Nonmatching",0,446.42202473824,1,20,"f","R"
7,1,1,39,1,2,"Nonmatching",1,621.597801808093,2,20,"f","R"
7,1,1,40,2,2,"Matching",0,419.791568464916,2,20,"f","R"
7,1,1,41,1,1,"Matching",1,339.184805910918,1,20,"f","R"
7,1,1,42,3,1,"Nonmatching",0,901.803340163042,1,20,"f","R"
7,1,1,43,3,3,"Matching",0,529.750000164768,2,20,"f","R"
7,1,1,44,1,1,"Matching",1,460.451288266086,1,20,"f","R"
7,1,1,45,2,1,"Nonmatching",0,706.518660244456,1,20,"f","R"
7,1,1,46,3,3,"Matching",0,734.775807163714,2,20,"f","R"
7,1,1,47,2,2,"Matching",0,849.09904620099,2,20,"f","R"
7,1,1,48,1,1,"Matching",1,647.538521928709,1,20,"f","R"
7,1,1,49,1,3,"Nonmatching",0,557.109131742891,1,20,"f","R"
7,1,1,50,3,3,"Matching",1,854.423748927729,1,20,"f","R"
7,1,1,51,1,3,"Nonmatching",1,555.773428252905,2,20,"f","R"
7,1,1,52,1,1,"Matching",1,917.800992947377,1,20,"f","R"
7,1,1,53,2,3,"Nonmatching",0,521.093132279475,1,20,"f","R"
7,1,1,54,3,3,"Matching",0,324.564814308815,2,20,"f","R"
7,1,1,55,2,1,"Nonmatching",0,455.861297922183,1,20,"f","R"
7,1,1,56,3,3,"Matching",1,669.270191322539,1,20,"f","R"
7,1,1,57,3,1,"Nonmatching",1,722.382591752648,2,20,"f","R"
7,1,1,58,2,2,"Matching",0,669.33569361845,2,20,"f","R"
7,1,1,59,2,3,"Nonmatching",0,755.153359979431,1,20,"f","R"
7,1,1,60,1,1,"Matching",1,509.101382549943,1,20,"f","R"
7,1,2,1,3,3,"Matching",1,497.862758291376,1,20,"f","R"
7,1,2,2,1,2,"Nonmatching",0,830.3871231833,1,20,"f","R"
7,1,2,3,3,3,"Matching",1,543.815184305913,1,20,"f","R"
7,1,2,4,1,1,"Matching",1,491.32158436305,1,20,"f","R"
7,1,2,5,2,1,"Nonmatching",0,647.864825990382,1,20,"f","R"
7,1,2,6,1,3,"Nonmatching",3,1030.4507539845,2,20,"f","R"
7,1,2,7,1,1,"Matching",1,555.819008191065,1,20,"f","R"
7,1,2,8,3,3,"Matching",1,766.478616306358,1,20,"f","R"
7,1,2,9,3,2,"Nonmatching",0,816.445095431391,1,20,"f","R"
7,1,2,10,2,2,"Matching",1,647.875994584865,1,20,"f","R"
7,1,2,11,1,1,"Matching",1,702.486797754318,1,20,"f","R"
7,1,2,12,1,3,"Nonmatching",3,1011.1417639605,2,20,"f","R"
7,1,2,13,1,1,"Matching",1,650.488540055449,1,20,"f","R"
7,1,2,14,3,2,"Nonmatching",1,721.115409096456,2,20,"f","R"
7,1,2,15,1,3,"Nonmatching",1,499.304714352547,2,20,"f","R"
7,1,2,16,1,2,"Nonmatching",0,366.673130957224,1,20,"f","R"
7,1,2,17,3,3,"Matching",0,264.523659548558,2,20,"f","R"
7,1,2,18,3,3,"Matching",1,246.488492965909,1,20,"f","R"
7,1,2,19,3,3,"Matching",1,381.140384487935,1,20,"f","R"
7,1,2,20,2,2,"Matching",0,606.482467961996,2,20,"f","R"
7,1,2,21,2,2,"Matching",1,318.476119371098,1,20,"f","R"
7,1,2,22,3,1,"Nonmatching",1,825.731630543942,2,20,"f","R"
7,1,2,23,1,3,"Nonmatching",1,848.445230662037,2,20,"f","R"
7,1,2,24,2,2,"Matching",1,639.155133673285,1,20,"f","R"
7,1,2,25,2,2,"Matching",1,358.519151662222,1,20,"f","R"
7,1,2,26,1,1,"Matching",1,745.067515750179,1,20,"f","R"
7,1,2,27,1,1,"Matching",1,371.070840369157,1,20,"f","R"
7,1,2,28,3,1,"Nonmatching",1,661.12738062202,2,20,"f","R"
7,1,2,29,3,3,"Matching",1,729.751449063315,1,20,"f","R"
7,1,2,30,1,2,"Nonmatching",0,581.773613591395,1,20,"f","R"
7,1,2,31,3,2,"Nonmatching",0,871.120797188723,1,20,"f","R"
7,1,2,32,3,1,"Nonmatching",0,572.686302049988,1,20,"f","R"
7,1,2,33,1,1,"Matching",1,591.122330606595,1,20,"f","R"
7,1,2,34,3,1,"Nonmatching",1,695.837861985638,2,20,"f","R"
7,1,2,35,2,2,"Matching",1,547.853989435225,1,20,"f","R"
7,1,2,36,3,2,"Nonmatching",1,430.442483187562,2,20,"f","R"
7,1,2,37,1,2,"Nonmatching",0,685.348137243182,1,20,"f","R"
7,1,2,38,3,3,"Matching",0,657.805176642341,2,20,"f","R"
7,1,2,39,3,2,"Nonmatching",1,855.1053350252,2,20,"f","R"
7,1,2,40,2,2,"Matching",1,364.033116782139,1,20,"f","R"
7,1,2,41,3,1,"Nonmatching",1,693.144419671171,2,20,"f","R"
7,1,2,42,2,3,"Nonmatching",1,857.368937391584,2,20,"f","R"
7,1,2,43,2,3,"Nonmatching",1,583.095431802576,2,20,"f","R"
7,1,2,44,3,3,"Matching",1,543.089225686344,1,20,"f","R"
7,1,2,45,2,2,"Matching",1,577.836231370839,1,20,"f","R"
7,1,2,46,2,3,"Nonmatching",1,610.521273091763,2,20,"f","R"
7,1,2,47,1,1,"Matching",1,537.864436599193,1,20,"f","R"
7,1,2,48,2,1,"Nonmatching",0,405.078304008384,1,20,"f","R"
7,1,2,49,2,2,"Matching",1,549.178222478076,1,20,"f","R"
7,1,2,50,2,3,"Nonmatching",1,519.207450990507,2,20,"f","R"
7,1,2,51,2,1,"Nonmatching",0,618.380642983993,1,20,"f","R"
7,1,2,52,1,1,"Matching",1,529.786826340114,1,20,"f","R"
7,1,2,53,2,1,"Nonmatching",1,652.515790820871,2,20,"f","R"
7,1,2,54,3,3,"Matching",0,617.82070400659,2,20,"f","R"
7,1,2,55,1,1,"Matching",1,168.460468246394,1,20,"f","R"
7,1,2,56,1,3,"Nonmatching",1,538.415018105297,2,20,"f","R"
7,1,2,57,1,2,"Nonmatching",1,347.71881926099,2,20,"f","R"
7,1,2,58,2,3,"Nonmatching",0,445.882309971694,1,20,"f","R"
7,1,2,59,2,2,"Matching",1,627.756224995665,1,20,"f","R"
7,1,2,60,2,1,"Nonmatching",1,450.50067458169,2,20,"f","R"
7,1,3,1,1,2,"Nonmatching",1,669.76643912767,2,20,"f","R"
7,1,3,2,1,2,"Nonmatching",1,394.496513827562,2,20,"f","R"
7,1,3,3,1,1,"Matching",1,626.446782794574,1,20,"f","R"
7,1,3,4,2,2,"Matching",1,625.720220466974,1,20,"f","R"
7,1,3,5,1,1,"Matching",1,585.163130990168,1,20,"f","R"
7,1,3,6,2,2,"Matching",0,641.81205166642,2,20,"f","R"
7,1,3,7,3,3,"Matching",0,719.761292518797,2,20,"f","R"
7,1,3,8,1,1,"Matching",1,595.932976148106,1,20,"f","R"
7,1,3,9,2,1,"Nonmatching",1,611.867843321761,2,20,"f","R"
7,1,3,10,2,3,"Nonmatching",0,610.586775386764,1,20,"f","R"
7,1,3,11,1,3,"Nonmatching",0,578.45050404967,1,20,"f","R"
7,1,3,12,2,2,"Matching",1,771.138636754131,1,20,"f","R"
7,1,3,13,2,1,"Nonmatching",1,644.695058228081,2,20,"f","R"
7,1,3,14,3,3,"Matching",1,778.500853279638,1,20,"f","R"
7,1,3,15,1,1,"Matching",0,491.198126119798,2,20,"f","R"
7,1,3,16,3,2,"Nonmatching",0,319.764129945725,1,20,"f","R"
7,1,3,17,3,3,"Matching",1,403.069768183741,1,20,"f","R"
7,1,3,18,1,3,"Nonmatching",1,683.81200276599,2,20,"f","R"
7,1,3,19,3,2,"Nonmatching",0,577.186038078707,1,20,"f","R"
7,1,3,20,2,2,"Matching",1,530.452112327112,1,20,"f","R"
7,1,3,21,3,3,"Matching",1,517.129790623585,1,20,"f","R"
7,1,3,22,2,2,"Matching",1,633.836769878144,1,20,"f","R"
7,1,3,23,3,3,"Matching",1,329.596115048389,1,20,"f","R"
7,1,3,24,1,1,"Matching",0,483.926163909473,2,20,"f","R"
7,1,3,25,2,2,"Matching",1,551.728887899571,1,20,"f","R"
7,1,3,26,1,1,"Matching",1,497.849174866133,1,20,"f","R"
7,1,3,27,3,1,"Nonmatching",0,278.443651965972,1,20,"f","R"
7,1,3,28,2,1,"Nonmatching",0,475.884776118164,1,20,"f","R"
7,1,3,29,3,2,"Nonmatching",1,713.622187980491,2,20,"f","R"
7,1,3,30,2,2,"Matching",1,483.828061393069,1,20,"f","R"
7,1,3,31,1,2,"Nonmatching",1,480.444882926349,2,20,"f","R"
7,1,3,32,2,2,"Matching",1,340.560052261935,1,20,"f","R"
7,1,3,33,1,3,"Nonmatching",1,247.205697822665,2,20,"f","R"
7,1,3,34,3,3,"Matching",1,164.37729059453,1,20,"f","R"
7,1,3,35,2,1,"Nonmatching",1,190.487954458604,2,20,"f","R"
7,1,3,36,2,3,"Nonmatching",0,111.388348408127,1,20,"f","R"
7,1,3,37,1,3,"Nonmatching",1,218.439021527047,2,20,"f","R"
7,1,3,38,1,1,"Matching",0,257.778130533097,2,20,"f","R"
7,1,3,39,1,2,"Nonmatching",1,583.15278404234,2,20,"f","R"
7,1,3,40,3,1,"Nonmatching",0,455.307396022818,1,20,"f","R"
7,1,3,41,3,3,"Matching",1,580.487715993968,1,20,"f","R"
7,1,3,42,1,3,"Nonmatching",0,365.151485466868,1,20,"f","R"
7,1,3,43,3,1,"Nonmatching",1,574.504971773877,2,20,"f","R"
7,1,3,44,3,3,"Matching",0,294.49986440568,2,20,"f","R"
7,1,3,45,3,3,"Matching",0,321.87952204913,2,20,"f","R"
7,1,3,46,1,2,"Nonmatching",1,531.826754969643,2,20,"f","R"
7,1,3,47,2,3,"Nonmatching",0,333.750530220186,1,20,"f","R"
7,1,3,48,3,3,"Matching",1,496.453402450697,1,20,"f","R"
7,1,3,49,1,1,"Matching",0,500.515148476097,2,20,"f","R"
7,1,3,50,2,2,"Matching",0,448.475234938996,2,20,"f","R"
7,1,3,51,1,1,"Matching",1,181.194778559984,1,20,"f","R"
7,1,3,52,2,1,"Nonmatching",0,326.397671165523,1,20,"f","R"
7,1,3,53,3,1,"Nonmatching",1,41.8167605871531,2,20,"f","R"
7,1,3,54,3,2,"Nonmatching",1,144.451914914953,2,20,"f","R"
7,1,3,55,2,2,"Matching",1,281.731142748413,1,20,"f","R"
7,1,3,56,1,1,"Matching",1,264.539657805017,1,20,"f","R"
7,1,3,57,3,2,"Nonmatching",1,29.8256145656524,2,20,"f","R"
7,1,3,58,2,3,"Nonmatching",0,115.762815069957,1,20,"f","R"
7,1,3,59,2,3,"Nonmatching",1,39.1661815260704,2,20,"f","R"
7,1,3,60,3,1,"Nonmatching",0,46.4499160380001,1,20,"f","R"
7,1,4,1,1,3,"Nonmatching",1,574.539383118008,2,20,"f","R"
7,1,4,2,1,1,"Matching",1,559.692699239804,1,20,"f","R"
7,1,4,3,3,2,"Nonmatching",1,705.164241812327,2,20,"f","R"
7,1,4,4,3,3,"Matching",1,620.395819593796,1,20,"f","R"
7,1,4,5,1,3,"Nonmatching",1,555.728753876338,2,20,"f","R"
7,1,4,6,1,1,"Matching",1,589.876579577776,1,20,"f","R"
7,1,4,7,3,1,"Nonmatching",1,654.527043330745,2,20,"f","R"
7,1,4,8,2,2,"Matching",1,571.11877476791,1,20,"f","R"
7,1,4,9,2,1,"Nonmatching",1,404.577528394839,2,20,"f","R"
7,1,4,10,1,1,"Matching",1,331.751351866387,1,20,"f","R"
7,1,4,11,3,3,"Matching",1,510.495041987724,1,20,"f","R"
7,1,4,12,1,1,"Matching",0,338.526160709989,2,20,"f","R"
7,1,4,13,1,2,"Nonmatching",0,452.431935808818,1,20,"f","R"
7,1,4,14,3,3,"Matching",1,491.739048301497,1,20,"f","R"
7,1,4,15,2,1,"Nonmatching",1,593.154411034902,2,20,"f","R"
7,1,4,16,3,3,"Matching",1,521.855011512798,1,20,"f","R"
7,1,4,17,1,2,"Nonmatching",1,556.567907707176,2,20,"f","R"
7,1,4,18,3,1,"Nonmatching",1,589.786325262594,2,20,"f","R"
7,1,4,19,3,3,"Matching",0,485.803393289189,2,20,"f","R"
7,1,4,20,3,2,"Nonmatching",1,833.846368832383,2,20,"f","R"
7,1,4,21,2,2,"Matching",1,471.727644261591,1,20,"f","R"
7,1,4,22,3,3,"Matching",1,573.164136767446,1,20,"f","R"
7,1,4,23,3,2,"Nonmatching",0,429.860810730133,1,20,"f","R"
7,1,4,24,3,3,"Matching",1,405.24462550502,1,20,"f","R"
7,1,4,25,2,3,"Nonmatching",1,285.105869306335,2,20,"f","R"
7,1,4,26,3,1,"Nonmatching",1,393.885259687977,2,20,"f","R"
7,1,4,27,1,2,"Nonmatching",0,363.823328324088,1,20,"f","R"
7,1,4,28,2,2,"Matching",1,421.793463503491,1,20,"f","R"
7,1,4,29,1,1,"Matching",0,428.594231781972,2,20,"f","R"
7,1,4,30,2,1,"Nonmatching",0,154.522968303354,1,20,"f","R"
7,1,4,31,3,3,"Matching",0,52.4888050831578,2,20,"f","R"
7,1,4,32,2,2,"Matching",1,42.4950262918173,1,20,"f","R"
7,1,4,33,2,2,"Matching",1,241.091345304085,1,20,"f","R"
7,1,4,34,3,2,"Nonmatching",1,423.837618087418,2,20,"f","R"
7,1,4,35,2,2,"Matching",1,518.489038717689,1,20,"f","R"
7,1,4,36,2,1,"Nonmatching",0,305.740601641901,1,20,"f","R"
7,1,4,37,3,1,"Nonmatching",1,477.874295147103,2,20,"f","R"
7,1,4,38,3,3,"Matching",0,361.945193383235,2,20,"f","R"
7,1,4,39,1,1,"Matching",1,435.085901670845,1,20,"f","R"
7,1,4,40,1,2,"Nonmatching",0,457.772636792015,1,20,"f","R"
7,1,4,41,2,3,"Nonmatching",0,159.203212961529,1,20,"f","R"
7,1,4,42,1,1,"Matching",0,17.4677160607644,2,20,"f","R"
7,1,4,43,2,2,"Matching",1,345.11261272246,1,20,"f","R"
7,1,4,44,2,2,"Matching",3,1339.03599194036,2,20,"f","R"
7,1,4,45,3,2,"Nonmatching",1,899.747413277055,2,20,"f","R"
7,1,4,46,2,3,"Nonmatching",1,815.070452788405,2,20,"f","R"
7,1,4,47,3,1,"Nonmatching",0,614.376551052374,1,20,"f","R"
7,1,4,48,2,2,"Matching",1,502.416224313492,1,20,"f","R"
7,1,4,49,1,3,"Nonmatching",1,625.752216979436,2,20,"f","R"
7,1,4,50,1,1,"Matching",1,543.764472851763,1,20,"f","R"
7,1,4,51,2,2,"Matching",0,473.756404297092,2,20,"f","R"
7,1,4,52,1,3,"Nonmatching",0,350.409243036665,1,20,"f","R"
7,1,4,53,2,1,"Nonmatching",1,679.739993708154,2,20,"f","R"
7,1,4,54,3,3,"Matching",0,772.383482221812,2,20,"f","R"
7,1,4,55,1,1,"Matching",1,581.10500721159,1,20,"f","R"
7,1,4,56,1,3,"Nonmatching",1,557.769588067458,2,20,"f","R"
7,1,4,57,2,3,"Nonmatching",1,487.835473717496,2,20,"f","R"
7,1,4,58,2,3,"Nonmatching",1,523.736164993352,2,20,"f","R"
7,1,4,59,1,2,"Nonmatching",0,517.778776500109,1,20,"f","R"
7,1,4,60,1,1,"Matching",0,137.114752262278,2,20,"f","R"
7,2,1,1,2,2,"Matching",1,490.784586920199,1,20,"f","R"
7,2,1,2,1,1,"Matching",1,584.080683556749,1,20,"f","R"
7,2,1,3,3,1,"Nonmatching",1,721.346327964966,2,20,"f","R"
7,2,1,4,1,1,"Matching",1,548.167012563681,1,20,"f","R"
7,2,1,5,3,1,"Nonmatching",1,719.730805913059,2,20,"f","R"
7,2,1,6,1,1,"Matching",1,682.798378021289,1,20,"f","R"
7,2,1,7,2,2,"Matching",1,568.065825100348,1,20,"f","R"
7,2,1,8,3,3,"Matching",1,530.066645539591,1,20,"f","R"
7,2,1,9,2,2,"Matching",1,598.053198552407,1,20,"f","R"
7,2,1,10,1,1,"Matching",1,655.37132931513,1,20,"f","R"
7,2,1,11,2,2,"Matching",1,629.386840379993,1,20,"f","R"
7,2,1,12,1,1,"Matching",1,580.031615394546,1,20,"f","R"
7,2,1,13,1,1,"Matching",1,693.434200048614,1,20,"f","R"
7,2,1,14,2,2,"Matching",1,602.677902094001,1,20,"f","R"
7,2,1,15,1,1,"Matching",1,659.575550380396,1,20,"f","R"
7,2,1,16,1,2,"Nonmatching",1,665.642209983162,2,20,"f","R"
7,2,1,17,2,1,"Nonmatching",1,790.820718831128,2,20,"f","R"
7,2,1,18,3,2,"Nonmatching",1,695.416776437924,2,20,"f","R"
7,2,1,19,3,2,"Nonmatching",1,611.347145989384,2,20,"f","R"
7,2,1,20,2,3,"Nonmatching",1,674.153886145177,2,20,"f","R"
7,2,1,21,3,2,"Nonmatching",1,638.688468186956,2,20,"f","R"
7,2,1,22,3,1,"Nonmatching",1,796.791388895144,2,20,"f","R"
7,2,1,23,1,1,"Matching",0,764.022129937985,2,20,"f","R"
7,2,1,24,1,2,"Nonmatching",1,646.201309807111,2,20,"f","R"
7,2,1,25,1,3,"Nonmatching",1,764.187244018103,2,20,"f","R"
7,2,1,26,3,3,"Matching",1,605.46401355441,1,20,"f","R"
7,2,1,27,3,3,"Matching",1,605.399416820546,1,20,"f","R"
7,2,1,28,2,2,"Matching",1,678.05595146001,1,20,"f","R"
7,2,1,29,3,3,"Matching",1,579.47771349518,1,20,"f","R"
7,2,1,30,2,3,"Nonmatching",1,740.022934076478,2,20,"f","R"
7,2,1,31,2,1,"Nonmatching",0,702.818837677114,1,20,"f","R"
7,2,1,32,2,2,"Matching",1,603.486568681546,1,20,"f","R"
7,2,1,33,3,1,"Nonmatching",1,755.529470571673,2,20,"f","R"
7,2,1,34,1,2,"Nonmatching",1,685.470388709291,2,20,"f","R"
7,2,1,35,3,3,"Matching",1,690.073660623966,1,20,"f","R"
7,2,1,36,2,2,"Matching",0,568.816535739643,2,20,"f","R"
7,2,1,37,1,3,"Nonmatching",1,681.432489141116,2,20,"f","R"
7,2,1,38,1,1,"Matching",1,429.547487023228,1,20,"f","R"
7,2,1,39,2,2,"Matching",1,830.122699807362,1,20,"f","R"
7,2,1,40,2,1,"Nonmatching",1,637.493730467213,2,20,"f","R"
7,2,1,41,1,3,"Nonmatching",1,699.37860882419,2,20,"f","R"
7,2,1,42,2,1,"Nonmatching",1,567.522186232964,2,20,"f","R"
7,2,1,43,2,3,"Nonmatching",1,688.103762097853,2,20,"f","R"
7,2,1,44,3,3,"Matching",1,484.10727688497,1,20,"f","R"
7,2,1,45,1,2,"Nonmatching",1,569.389756288729,2,20,"f","R"
7,2,1,46,1,3,"Nonmatching",1,626.766748561749,2,20,"f","R"
7,2,1,47,3,2,"Nonmatching",1,641.73447585199,2,20,"f","R"
7,2,1,48,3,1,"Nonmatching",1,606.717009077329,2,20,"f","R"
7,2,1,49,2,2,"Matching",0,526.091833435203,2,20,"f","R"
7,2,1,50,3,2,"Nonmatching",1,561.38217613352,2,20,"f","R"
7,2,1,51,3,3,"Matching",1,586.049978373921,1,20,"f","R"
7,2,1,52,1,1,"Matching",1,586.734281157078,1,20,"f","R"
7,2,1,53,2,1,"Nonmatching",1,643.350299758822,2,20,"f","R"
7,2,1,54,3,3,"Matching",1,506.142309443931,1,20,"f","R"
7,2,1,55,3,3,"Matching",1,493.337667172455,1,20,"f","R"
7,2,1,56,2,3,"Nonmatching",1,474.069729278199,2,20,"f","R"
7,2,1,57,1,3,"Nonmatching",1,446.805379823672,2,20,"f","R"
7,2,1,58,2,3,"Nonmatching",1,468.115057470641,2,20,"f","R"
7,2,1,59,1,2,"Nonmatching",1,537.326231739826,2,20,"f","R"
7,2,1,60,3,3,"Matching",1,524.770920786068,1,20,"f","R"
7,2,2,1,2,1,"Nonmatching",1,556.077999472109,2,20,"f","R"
7,2,2,2,2,3,"Nonmatching",1,678.207482115795,2,20,"f","R"
7,2,2,3,3,3,"Matching",1,581.399315397903,1,20,"f","R"
7,2,2,4,1,1,"Matching",1,526.013351422989,1,20,"f","R"
7,2,2,5,3,3,"Matching",1,568.772163217545,1,20,"f","R"
7,2,2,6,2,3,"Nonmatching",1,586.11427325377,2,20,"f","R"
7,2,2,7,2,1,"Nonmatching",1,435.353646714248,2,20,"f","R"
7,2,2,8,3,3,"Matching",1,457.402262699361,1,20,"f","R"
7,2,2,9,3,1,"Nonmatching",0,526.841940367376,1,20,"f","R"
7,2,2,10,3,2,"Nonmatching",1,609.365777015228,2,20,"f","R"
7,2,2,11,2,2,"Matching",1,592.730306949306,1,20,"f","R"
7,2,2,12,3,3,"Matching",1,609.401395774512,1,20,"f","R"
7,2,2,13,3,3,"Matching",1,456.812742040711,1,20,"f","R"
7,2,2,14,1,3,"Nonmatching",1,494.840597721122,2,20,"f","R"
7,2,2,15,3,3,"Matching",1,450.761476985463,1,20,"f","R"
7,2,2,16,1,2,"Nonmatching",1,353.064048690612,2,20,"f","R"
7,2,2,17,1,2,"Nonmatching",0,410.130735158418,1,20,"f","R"
7,2,2,18,2,3,"Nonmatching",1,322.087198166628,2,20,"f","R"
7,2,2,19,1,1,"Matching",0,349.601180794707,2,20,"f","R"
7,2,2,20,2,3,"Nonmatching",0,64.0407543232868,1,20,"f","R"
7,2,2,21,1,1,"Matching",1,477.392235112347,1,20,"f","R"
7,2,2,22,2,3,"Nonmatching",1,514.080463202845,2,20,"f","R"
7,2,2,23,3,1,"Nonmatching",1,549.471323248326,2,20,"f","R"
7,2,2,24,2,1,"Nonmatching",1,527.480361357448,2,20,"f","R"
7,2,2,25,3,1,"Nonmatching",0,586.087710111315,1,20,"f","R"
7,2,2,26,3,2,"Nonmatching",1,770.133162063757,2,20,"f","R"
7,2,2,27,1,1,"Matching",0,531.540598113679,2,20,"f","R"
7,2,2,28,3,2,"Nonmatching",1,661.434366672438,2,20,"f","R"
7,2,2,29,2,2,"Matching",1,899.343533401407,1,20,"f","R"
7,2,2,30,3,1,"Nonmatching",1,878.832561163108,2,20,"f","R"
7,2,2,31,1,1,"Matching",0,531.430421441655,2,20,"f","R"
7,2,2,32,1,2,"Nonmatching",1,559.389940419351,2,20,"f","R"
7,2,2,33,2,2,"Matching",0,650.179140448927,2,20,"f","R"
7,2,2,34,2,2,"Matching",1,472.050930421574,1,20,"f","R"
7,2,2,35,2,2,"Matching",1,445.423190833935,1,20,"f","R"
7,2,2,36,2,2,"Matching",1,523.468119370591,1,20,"f","R"
7,2,2,37,1,1,"Matching",1,502.290050022566,1,20,"f","R"
7,2,2,38,2,2,"Matching",1,553.893784679531,1,20,"f","R"
7,2,2,39,1,3,"Nonmatching",1,722.72459285432,2,20,"f","R"
7,2,2,40,1,1,"Matching",1,566.004162989884,1,20,"f","R"
7,2,2,41,3,2,"Nonmatching",1,590.823194032964,2,20,"f","R"
7,2,2,42,1,3,"Nonmatching",1,718.815886753873,2,20,"f","R"
7,2,2,43,1,1,"Matching",1,634.16186716222,1,20,"f","R"
7,2,2,44,3,1,"Nonmatching",1,592.215947909608,2,20,"f","R"
7,2,2,45,3,3,"Matching",0,536.836021012277,2,20,"f","R"
7,2,2,46,1,1,"Matching",0,674.173506648913,2,20,"f","R"
7,2,2,47,2,2,"Matching",1,168.178235490814,1,20,"f","R"
7,2,2,48,1,1,"Matching",1,601.606320762585,1,20,"f","R"
7,2,2,49,1,3,"Nonmatching",1,585.40733143036,2,20,"f","R"
7,2,2,50,2,1,"Nonmatching",1,650.117562254309,2,20,"f","R"
7,2,2,51,3,3,"Matching",1,512.752306060975,1,20,"f","R"
7,2,2,52,1,3,"Nonmatching",1,636.08437462517,2,20,"f","R"
7,2,2,53,1,2,"Nonmatching",1,458.786564666298,2,20,"f","R"
7,2,2,54,2,2,"Matching",1,656.842867058913,1,20,"f","R"
7,2,2,55,2,2,"Matching",1,430.214282279849,1,20,"f","R"
7,2,2,56,3,3,"Matching",0,653.455160783778,2,20,"f","R"
7,2,2,57,3,2,"Nonmatching",1,628.07347407761,2,20,"f","R"
7,2,2,58,3,3,"Matching",1,538.852405038597,1,20,"f","R"
7,2,2,59,1,2,"Nonmatching",0,573.473235795063,1,20,"f","R"
7,2,2,60,2,1,"Nonmatching",1,215.559034141734,2,20,"f","R"
7,2,3,1,1,3,"Nonmatching",1,584.154034053427,2,20,"f","R"
7,2,3,2,3,3,"Matching",1,472.841787629477,1,20,"f","R"
7,2,3,3,2,2,"Matching",1,557.434530880528,1,20,"f","R"
7,2,3,4,3,3,"Matching",1,535.461982077322,1,20,"f","R"
7,2,3,5,2,2,"Matching",1,753.453017620814,1,20,"f","R"
7,2,3,6,1,2,"Nonmatching",1,540.122606233126,2,20,"f","R"
7,2,3,7,1,1,"Matching",1,462.813899347566,1,20,"f","R"
7,2,3,8,3,3,"Matching",1,563.373506286553,1,20,"f","R"
7,2,3,9,1,1,"Matching",0,444.808012593057,2,20,"f","R"
7,2,3,10,1,3,"Nonmatching",0,403.328759464785,1,20,"f","R"
7,2,3,11,3,2,"Nonmatching",1,524.749187306043,2,20,"f","R"
7,2,3,12,2,2,"Matching",1,480.096242314175,1,20,"f","R"
7,2,3,13,2,2,"Matching",1,412.823573765309,1,20,"f","R"
7,2,3,14,3,2,"Nonmatching",1,660.757912090958,2,20,"f","R"
7,2,3,15,3,1,"Nonmatching",1,546.704832290743,2,20,"f","R"
7,2,3,16,2,2,"Matching",1,467.358611606869,1,20,"f","R"
7,2,3,17,1,3,"Nonmatching",1,609.386906788131,2,20,"f","R"
7,2,3,18,3,3,"Matching",1,609.434297849475,1,20,"f","R"
7,2,3,19,1,3,"Nonmatching",1,545.45425159904,2,20,"f","R"
7,2,3,20,2,3,"Nonmatching",1,691.350502604109,2,20,"f","R"
7,2,3,21,1,1,"Matching",1,495.681864529615,1,20,"f","R"
7,2,3,22,3,3,"Matching",1,610.736797410937,1,20,"f","R"
7,2,3,23,3,2,"Nonmatching",1,554.084858195893,2,20,"f","R"
7,2,3,24,2,3,"Nonmatching",1,683.390011657139,2,20,"f","R"
7,2,3,25,2,2,"Matching",1,448.290500992698,1,20,"f","R"
7,2,3,26,2,1,"Nonmatching",1,398.872792249676,2,20,"f","R"
7,2,3,27,2,2,"Matching",0,686.118770877329,2,20,"f","R"
7,2,3,28,1,1,"Matching",1,218.02638788904,1,20,"f","R"
7,2,3,29,3,1,"Nonmatching",1,482.103872576772,2,20,"f","R"
7,2,3,30,1,2,"Nonmatching",0,406.847168476816,1,20,"f","R"
7,2,3,31,2,1,"Nonmatching",0,238.831667676095,1,20,"f","R"
7,2,3,32,1,1,"Matching",0,37.4253907448292,2,20,"f","R"
7,2,3,33,3,1,"Nonmatching",0,219.621987583196,1,20,"f","R"
7,2,3,34,2,3,"Nonmatching",1,763.046236291302,2,20,"f","R"
7,2,3,35,2,2,"Matching",1,444.250488447324,1,20,"f","R"
7,2,3,36,3,2,"Nonmatching",1,578.135671073142,2,20,"f","R"
7,2,3,37,1,3,"Nonmatching",1,602.788682473147,2,20,"f","R"
7,2,3,38,2,1,"Nonmatching",0,546.084522534329,1,20,"f","R"
7,2,3,39,1,2,"Nonmatching",1,260.745958677035,2,20,"f","R"
7,2,3,40,3,3,"Matching",1,465.376940778697,1,20,"f","R"
7,2,3,41,1,1,"Matching",1,542.004665275272,1,20,"f","R"
7,2,3,42,3,1,"Nonmatching",0,704.744967389161,1,20,"f","R"
7,2,3,43,1,2,"Nonmatching",1,604.681004548183,2,20,"f","R"
7,2,3,44,3,1,"Nonmatching",1,500.09044068247,2,20,"f","R"
7,2,3,45,2,2,"Matching",1,520.197834261126,1,20,"f","R"
7,2,3,46,3,3,"Matching",1,531.400236052832,1,20,"f","R"
7,2,3,47,3,3,"Matching",1,677.325465030663,1,20,"f","R"
7,2,3,48,2,3,"Nonmatching",1,514.714054530486,2,20,"f","R"
7,2,3,49,1,2,"Nonmatching",1,574.081471395402,2,20,"f","R"
7,2,3,50,3,3,"Matching",0,374.259323711158,2,20,"f","R"
7,2,3,51,1,1,"Matching",0,470.832044388771,2,20,"f","R"
7,2,3,52,2,2,"Matching",1,243.559605250084,1,20,"f","R"
7,2,3,53,3,2,"Nonmatching",1,506.066544116948,2,20,"f","R"
7,2,3,54,1,1,"Matching",0,453.389417004473,2,20,"f","R"
7,2,3,55,1,1,"Matching",1,362.857094640276,1,20,"f","R"
7,2,3,56,2,1,"Nonmatching",1,548.017293030171,2,20,"f","R"
7,2,3,57,1,1,"Matching",0,757.425113039062,2,20,"f","R"
7,2,3,58,3,3,"Matching",1,246.090952022314,1,20,"f","R"
7,2,3,59,2,3,"Nonmatching",1,460.716316624712,2,20,"f","R"
7,2,3,60,2,1,"Nonmatching",1,538.795052798378,2,20,"f","R"
7,2,4,1,2,2,"Matching",0,821.421157545046,2,20,"f","R"
7,2,4,2,3,3,"Matching",1,468.042310681994,1,20,"f","R"
7,2,4,3,2,3,"Nonmatching",1,761.451240304268,2,20,"f","R"
7,2,4,4,1,1,"Matching",1,499.570044565189,1,20,"f","R"
7,2,4,5,1,1,"Matching",1,422.831237835453,1,20,"f","R"
7,2,4,6,2,1,"Nonmatching",1,431.457618476998,2,20,"f","R"
7,2,4,7,3,3,"Matching",1,574.139729196759,1,20,"f","R"
7,2,4,8,3,3,"Matching",1,672.165272678285,1,20,"f","R"
7,2,4,9,2,2,"Matching",1,508.779606933786,1,20,"f","R"
7,2,4,10,3,1,"Nonmatching",0,432.860031678501,1,20,"f","R"
7,2,4,11,1,3,"Nonmatching",0,496.007866737273,1,20,"f","R"
7,2,4,12,3,1,"Nonmatching",1,644.172549770701,2,20,"f","R"
7,2,4,13,1,1,"Matching",1,521.398910913376,1,20,"f","R"
7,2,4,14,1,1,"Matching",1,389.452535860983,1,20,"f","R"
7,2,4,15,3,3,"Matching",1,518.78998769007,1,20,"f","R"
7,2,4,16,3,2,"Nonmatching",1,570.736930227213,2,20,"f","R"
7,2,4,17,3,1,"Nonmatching",1,643.541373274275,2,20,"f","R"
7,2,4,18,1,2,"Nonmatching",1,425.45525375408,2,20,"f","R"
7,2,4,19,1,3,"Nonmatching",1,504.722690570816,2,20,"f","R"
7,2,4,20,2,1,"Nonmatching",1,772.030917508346,2,20,"f","R"
7,2,4,21,2,2,"Matching",0,468.121094548223,2,20,"f","R"
7,2,4,22,3,3,"Matching",1,680.689022994557,1,20,"f","R"
7,2,4,23,3,2,"Nonmatching",1,718.086909594604,2,20,"f","R"
7,2,4,24,1,1,"Matching",1,401.440663345056,1,20,"f","R"
7,2,4,25,1,3,"Nonmatching",1,609.391132741621,2,20,"f","R"
7,2,4,26,2,1,"Nonmatching",1,777.444968987766,2,20,"f","R"
7,2,4,27,3,2,"Nonmatching",1,721.340894594505,2,20,"f","R"
7,2,4,28,2,3,"Nonmatching",1,764.089745210185,2,20,"f","R"
7,2,4,29,1,1,"Matching",1,540.026012986345,1,20,"f","R"
7,2,4,30,3,3,"Matching",1,558.136643042417,1,20,"f","R"
7,2,4,31,1,1,"Matching",1,382.789412959937,1,20,"f","R"
7,2,4,32,1,2,"Nonmatching",1,519.381017617889,2,20,"f","R"
7,2,4,33,3,2,"Nonmatching",1,434.074389902889,2,20,"f","R"
7,2,4,34,3,1,"Nonmatching",1,448.167344602552,2,20,"f","R"
7,2,4,35,2,2,"Matching",1,621.375336124402,1,20,"f","R"
7,2,4,36,2,1,"Nonmatching",1,508.104661622383,2,20,"f","R"
7,2,4,37,2,1,"Nonmatching",1,463.424247926014,2,20,"f","R"
7,2,4,38,1,2,"Nonmatching",1,532.016923561969,2,20,"f","R"
7,2,4,39,1,2,"Nonmatching",1,502.788108950881,2,20,"f","R"
7,2,4,40,2,3,"Nonmatching",1,674.128832270981,2,20,"f","R"
7,2,4,41,3,3,"Matching",1,470.784653327428,1,20,"f","R"
7,2,4,42,1,3,"Nonmatching",1,507.387456765173,2,20,"f","R"
7,2,4,43,3,2,"Nonmatching",1,710.142416904091,2,20,"f","R"
7,2,4,44,2,3,"Nonmatching",1,570.113300076628,2,20,"f","R"
7,2,4,45,1,1,"Matching",1,642.69738978146,1,20,"f","R"
7,2,4,46,3,1,"Nonmatching",1,561.485410165915,2,20,"f","R"
7,2,4,47,3,3,"Matching",1,634.129266941272,1,20,"f","R"
7,2,4,48,2,2,"Matching",1,640.821065962882,1,20,"f","R"
7,2,4,49,1,2,"Nonmatching",1,479.562262771651,2,20,"f","R"
7,2,4,50,2,2,"Matching",1,444.170497164123,1,20,"f","R"
7,2,4,51,2,2,"Matching",0,538.82252150288,2,20,"f","R"
7,2,4,52,1,1,"Matching",1,533.383114295248,1,20,"f","R"
7,2,4,53,2,2,"Matching",1,456.794932660159,1,20,"f","R"
7,2,4,54,2,2,"Matching",1,550.816384208701,1,20,"f","R"
7,2,4,55,3,3,"Matching",1,632.688820149269,1,20,"f","R"
7,2,4,56,2,3,"Nonmatching",1,487.456345861574,2,20,"f","R"
7,2,4,57,1,1,"Matching",1,594.790761642798,1,20,"f","R"
7,2,4,58,2,2,"Matching",1,530.708386922925,1,20,"f","R"
7,2,4,59,1,3,"Nonmatching",1,533.446201759944,2,20,"f","R"
7,2,4,60,3,3,"Matching",1,488.849703445339,1,20,"f","R"
8,1,1,1,3,2,"Nonmatching",1,577.564487697146,2,21,"f","L"
8,1,1,2,3,3,"Matching",1,746.21415058391,1,21,"f","L"
8,1,1,3,1,1,"Matching",1,474.84361323086,1,21,"f","L"
8,1,1,4,2,3,"Nonmatching",1,702.245425336059,2,21,"f","L"
8,1,1,5,3,1,"Nonmatching",1,752.827827341662,2,21,"f","L"
8,1,1,6,2,2,"Matching",1,730.157495734147,1,21,"f","L"
8,1,1,7,2,2,"Matching",0,635.509472532249,2,21,"f","L"
8,1,1,8,3,1,"Nonmatching",1,937.491885162672,2,21,"f","L"
8,1,1,9,1,2,"Nonmatching",1,803.509238291554,2,21,"f","L"
8,1,1,10,2,2,"Matching",1,770.18729501151,1,21,"f","L"
8,1,1,11,3,3,"Matching",0,658.110377135927,2,21,"f","L"
8,1,1,12,1,1,"Matching",1,593.495872084077,1,21,"f","L"
8,1,1,13,3,3,"Matching",1,889.480999008811,1,21,"f","L"
8,1,1,14,2,3,"Nonmatching",1,932.76632105335,2,21,"f","L"
8,1,1,15,2,1,"Nonmatching",1,767.506205237169,2,21,"f","L"
8,1,1,16,2,1,"Nonmatching",1,575.545973024873,2,21,"f","L"
8,1,1,17,3,2,"Nonmatching",1,768.816564470399,2,21,"f","L"
8,1,1,18,1,3,"Nonmatching",1,681.505768148781,2,21,"f","L"
8,1,1,19,1,1,"Matching",0,885.069063842366,2,21,"f","L"
8,1,1,20,2,2,"Matching",3,1072.70067329364,1,21,"f","L"
8,1,1,21,1,1,"Matching",1,973.487673660657,1,21,"f","L"
8,1,1,22,3,2,"Nonmatching",1,700.772969141781,2,21,"f","L"
8,1,1,23,2,1,"Nonmatching",0,624.071222720431,1,21,"f","L"
8,1,1,24,2,2,"Matching",1,886.199818435216,1,21,"f","L"
8,1,1,25,1,2,"Nonmatching",1,698.208999704093,2,21,"f","L"
8,1,1,26,1,3,"Nonmatching",1,740.776506900147,2,21,"f","L"
8,1,1,27,3,1,"Nonmatching",1,798.077028025546,2,21,"f","L"
8,1,1,28,1,1,"Matching",1,942.179717205363,1,21,"f","L"
8,1,1,29,1,1,"Matching",1,760.828534893335,1,21,"f","L"
8,1,1,30,2,2,"Matching",1,745.53919936443,1,21,"f","L"
8,1,1,31,2,3,"Nonmatching",1,634.802826375562,2,21,"f","L"
8,1,1,32,3,3,"Matching",1,696.863323255457,1,21,"f","L"
8,1,1,33,2,3,"Nonmatching",0,819.49827727658,1,21,"f","L"
8,1,1,34,1,1,"Matching",1,587.446667053428,1,21,"f","L"
8,1,1,35,1,1,"Matching",1,530.832567696507,1,21,"f","L"
8,1,1,36,1,3,"Nonmatching",1,748.77359217362,2,21,"f","L"
8,1,1,37,2,1,"Nonmatching",0,645.469832731578,1,21,"f","L"
8,1,1,38,2,2,"Matching",1,826.113463317142,1,21,"f","L"
8,1,1,39,3,3,"Matching",0,583.507439226196,2,21,"f","L"
8,1,1,40,2,1,"Nonmatching",0,706.126696707997,1,21,"f","L"
8,1,1,41,2,2,"Matching",3,1084.19054057276,1,21,"f","L"
8,1,1,42,3,3,"Matching",0,792.160338015492,2,21,"f","L"
8,1,1,43,3,3,"Matching",1,682.900043499558,1,21,"f","L"
8,1,1,44,2,3,"Nonmatching",1,728.009484606446,2,21,"f","L"
8,1,1,45,1,2,"Nonmatching",1,810.476690911855,2,21,"f","L"
8,1,1,46,3,2,"Nonmatching",1,752.874313248412,2,21,"f","L"
8,1,1,47,3,3,"Matching",1,770.769576274233,1,21,"f","L"
8,1,1,48,1,1,"Matching",1,603.420613212165,1,21,"f","L"
8,1,1,49,1,2,"Nonmatching",1,690.047402617438,2,21,"f","L"
8,1,1,50,3,1,"Nonmatching",1,662.138954498005,2,21,"f","L"
8,1,1,51,2,2,"Matching",1,746.780433450112,1,21,"f","L"
8,1,1,52,1,2,"Nonmatching",1,682.184945360405,2,21,"f","L"
8,1,1,53,3,3,"Matching",0,671.469943814827,2,21,"f","L"
8,1,1,54,3,2,"Nonmatching",1,597.491848940081,2,21,"f","L"
8,1,1,55,3,3,"Matching",1,668.829906529027,1,21,"f","L"
8,1,1,56,3,1,"Nonmatching",1,705.409183715801,2,21,"f","L"
8,1,1,57,2,2,"Matching",0,956.087455357647,2,21,"f","L"
8,1,1,58,1,3,"Nonmatching",1,775.492725531421,2,21,"f","L"
8,1,1,59,1,1,"Matching",1,504.120980752305,1,21,"f","L"
8,1,1,60,1,3,"Nonmatching",1,642.984949706715,2,21,"f","L"
8,1,2,1,2,2,"Matching",1,432.85265202303,1,21,"f","L"
8,1,2,2,3,1,"Nonmatching",0,663.496705208217,1,21,"f","L"
8,1,2,3,1,2,"Nonmatching",1,644.098196620689,2,21,"f","L"
8,1,2,4,3,3,"Matching",1,761.547557167887,1,21,"f","L"
8,1,2,5,3,3,"Matching",0,906.060771239936,2,21,"f","L"
8,1,2,6,2,3,"Nonmatching",1,751.542522200907,2,21,"f","L"
8,1,2,7,1,2,"Nonmatching",1,777.400156998283,2,21,"f","L"
8,1,2,8,2,1,"Nonmatching",1,690.10958506442,2,21,"f","L"
8,1,2,9,2,2,"Matching",1,708.788769520197,1,21,"f","L"
8,1,2,10,3,3,"Matching",0,600.820722846038,2,21,"f","L"
8,1,2,11,3,2,"Nonmatching",1,642.059457560208,2,21,"f","L"
8,1,2,12,3,1,"Nonmatching",1,728.260327389762,2,21,"f","L"
8,1,2,13,1,1,"Matching",1,618.229393131514,1,21,"f","L"
8,1,2,14,2,2,"Matching",1,496.825410074507,1,21,"f","L"
8,1,2,15,1,1,"Matching",1,388.75986373796,1,21,"f","L"
8,1,2,16,1,2,"Nonmatching",0,420.79952044287,1,21,"f","L"
8,1,2,17,1,1,"Matching",1,500.770071319039,1,21,"f","L"
8,1,2,18,2,1,"Nonmatching",1,720.842806670589,2,21,"f","L"
8,1,2,19,1,1,"Matching",1,595.54276127119,1,21,"f","L"
8,1,2,20,1,1,"Matching",1,883.515408238964,1,21,"f","L"
8,1,2,21,1,1,"Matching",1,519.401260585255,1,21,"f","L"
8,1,2,22,1,2,"Nonmatching",1,458.259011295468,2,21,"f","L"
8,1,2,23,2,1,"Nonmatching",1,696.389408490177,2,21,"f","L"
8,1,2,24,2,2,"Matching",1,772.115856435448,1,21,"f","L"
8,1,2,25,3,3,"Matching",1,716.865544919528,1,21,"f","L"
8,1,2,26,1,3,"Nonmatching",1,920.104042978437,2,21,"f","L"
8,1,2,27,2,3,"Nonmatching",0,915.541179543197,1,21,"f","L"
8,1,2,28,3,3,"Matching",1,672.830109376719,1,21,"f","L"
8,1,2,29,1,1,"Matching",1,806.059624184854,1,21,"f","L"
8,1,2,30,3,3,"Matching",0,669.451730998844,2,21,"f","L"
8,1,2,31,2,2,"Matching",3,1066.08427982701,2,21,"f","L"
8,1,2,32,1,3,"Nonmatching",1,934.754046359103,2,21,"f","L"
8,1,2,33,1,3,"Nonmatching",1,594.173238156145,2,21,"f","L"
8,1,2,34,3,2,"Nonmatching",1,657.503645493762,2,21,"f","L"
8,1,2,35,3,1,"Nonmatching",1,566.152197548035,2,21,"f","L"
8,1,2,36,1,2,"Nonmatching",0,727.55398308982,1,21,"f","L"
8,1,2,37,3,1,"Nonmatching",1,858.807544997035,2,21,"f","L"
8,1,2,38,2,1,"Nonmatching",1,871.446580118572,2,21,"f","L"
8,1,2,39,2,2,"Matching",1,564.721095699042,1,21,"f","L"
8,1,2,40,3,2,"Nonmatching",1,717.435751920675,2,21,"f","L"
8,1,2,41,2,3,"Nonmatching",1,816.937930117547,2,21,"f","L"
8,1,2,42,3,2,"Nonmatching",1,584.218915087604,2,21,"f","L"
8,1,2,43,1,1,"Matching",1,648.904356425646,1,21,"f","L"
8,1,2,44,2,2,"Matching",1,885.410463587505,1,21,"f","L"
8,1,2,45,2,2,"Matching",0,873.430985002415,2,21,"f","L"
8,1,2,46,3,3,"Matching",0,582.749477458492,2,21,"f","L"
8,1,2,47,3,1,"Nonmatching",1,592.829674703808,2,21,"f","L"
8,1,2,48,1,1,"Matching",1,600.770916516922,1,21,"f","L"
8,1,2,49,2,3,"Nonmatching",0,800.956135688921,1,21,"f","L"
8,1,2,50,1,1,"Matching",1,439.562319159904,1,21,"f","L"
8,1,2,51,3,2,"Nonmatching",0,645.416705981006,1,21,"f","L"
8,1,2,52,3,3,"Matching",1,668.122354803472,1,21,"f","L"
8,1,2,53,2,2,"Matching",1,585.772268834717,1,21,"f","L"
8,1,2,54,3,3,"Matching",0,681.383516250662,2,21,"f","L"
8,1,2,55,2,2,"Matching",1,718.756676133125,1,21,"f","L"
8,1,2,56,1,3,"Nonmatching",3,1393.47848514717,2,21,"f","L"
8,1,2,57,2,1,"Nonmatching",1,857.442247873678,2,21,"f","L"
8,1,2,58,3,3,"Matching",0,767.810174771057,2,21,"f","L"
8,1,2,59,1,3,"Nonmatching",1,585.525652042634,2,21,"f","L"
8,1,2,60,2,3,"Nonmatching",1,610.071720180258,2,21,"f","L"
8,1,3,1,3,3,"Matching",0,638.946712935649,2,21,"f","L"
8,1,3,2,1,1,"Matching",1,623.401403061507,1,21,"f","L"
8,1,3,3,2,2,"Matching",1,372.758146778324,1,21,"f","L"
8,1,3,4,1,2,"Nonmatching",1,764.867677234179,2,21,"f","L"
8,1,3,5,2,3,"Nonmatching",1,694.126691877955,2,21,"f","L"
8,1,3,6,3,2,"Nonmatching",1,561.431764999725,2,21,"f","L"
8,1,3,7,3,3,"Matching",1,466.748424582875,1,21,"f","L"
8,1,3,8,3,2,"Nonmatching",1,494.227632704224,2,21,"f","L"
8,1,3,9,3,3,"Matching",1,586.286330519215,1,21,"f","L"
8,1,3,10,1,1,"Matching",1,466.125090830701,1,21,"f","L"
8,1,3,11,2,3,"Nonmatching",1,470.89110371644,2,21,"f","L"
8,1,3,12,2,1,"Nonmatching",1,675.583946577717,2,21,"f","L"
8,1,3,13,1,3,"Nonmatching",1,888.216220112554,2,21,"f","L"
8,1,3,14,2,2,"Matching",1,508.772891866101,1,21,"f","L"
8,1,3,15,3,1,"Nonmatching",1,472.057477380986,2,21,"f","L"
8,1,3,16,2,2,"Matching",1,797.391209970101,1,21,"f","L"
8,1,3,17,3,3,"Matching",1,572.15461481519,1,21,"f","L"
8,1,3,18,1,1,"Matching",1,483.488482635948,1,21,"f","L"
8,1,3,19,3,2,"Nonmatching",1,550.89697180756,2,21,"f","L"
8,1,3,20,2,2,"Matching",1,720.873897894307,1,21,"f","L"
8,1,3,21,1,3,"Nonmatching",1,610.532956970928,2,21,"f","L"
8,1,3,22,3,1,"Nonmatching",0,738.179031387062,1,21,"f","L"
8,1,3,23,3,3,"Matching",1,634.813693211072,1,21,"f","L"
8,1,3,24,3,1,"Nonmatching",1,481.516152013683,2,21,"f","L"
8,1,3,25,1,1,"Matching",1,558.933600287673,1,21,"f","L"
8,1,3,26,3,3,"Matching",0,536.083060326291,2,21,"f","L"
8,1,3,27,3,1,"Nonmatching",1,658.070833929287,2,21,"f","L"
8,1,3,28,1,3,"Nonmatching",1,528.245657162188,2,21,"f","L"
8,1,3,29,2,2,"Matching",1,594.227874189528,1,21,"f","L"
8,1,3,30,3,3,"Matching",1,618.11257465115,1,21,"f","L"
8,1,3,31,2,2,"Matching",3,1080.13932397034,2,21,"f","L"
8,1,3,32,1,1,"Matching",1,501.456794943806,1,21,"f","L"
8,1,3,33,2,1,"Nonmatching",1,529.530056733165,2,21,"f","L"
8,1,3,34,2,2,"Matching",1,588.144559370448,1,21,"f","L"
8,1,3,35,2,2,"Matching",1,516.783560683962,1,21,"f","L"
8,1,3,36,3,3,"Matching",1,719.584668618154,1,21,"f","L"
8,1,3,37,1,1,"Matching",1,506.261445466407,1,21,"f","L"
8,1,3,38,2,2,"Matching",1,748.393856647908,1,21,"f","L"
8,1,3,39,2,2,"Matching",1,548.886003548432,1,21,"f","L"
8,1,3,40,1,1,"Matching",1,390.06116727569,1,21,"f","L"
8,1,3,41,3,2,"Nonmatching",0,598.16166859855,1,21,"f","L"
8,1,3,42,3,2,"Nonmatching",1,486.206700764342,2,21,"f","L"
8,1,3,43,1,1,"Matching",1,468.075084069369,1,21,"f","L"
8,1,3,44,1,3,"Nonmatching",1,640.837542292047,2,21,"f","L"
8,1,3,45,1,2,"Nonmatching",0,712.111002582787,1,21,"f","L"
8,1,3,46,1,3,"Nonmatching",1,555.43659228988,2,21,"f","L"
8,1,3,47,2,1,"Nonmatching",1,876.777366588158,2,21,"f","L"
8,1,3,48,3,1,"Nonmatching",1,594.206442375253,2,21,"f","L"
8,1,3,49,1,2,"Nonmatching",0,554.216790017563,1,21,"f","L"
8,1,3,50,1,1,"Matching",1,354.747876411693,1,21,"f","L"
8,1,3,51,1,1,"Matching",1,340.191146700818,1,21,"f","L"
8,1,3,52,3,3,"Matching",0,477.622806380623,2,21,"f","L"
8,1,3,53,1,2,"Nonmatching",0,442.174585643897,1,21,"f","L"
8,1,3,54,1,2,"Nonmatching",0,512.950586358329,1,21,"f","L"
8,1,3,55,2,3,"Nonmatching",1,692.917756441602,2,21,"f","L"
8,1,3,56,2,1,"Nonmatching",0,745.593533541069,1,21,"f","L"
8,1,3,57,2,1,"Nonmatching",1,659.456959153886,2,21,"f","L"
8,1,3,58,2,3,"Nonmatching",1,745.57330915286,2,21,"f","L"
8,1,3,59,2,3,"Nonmatching",1,412.131106228117,2,21,"f","L"
8,1,3,60,3,3,"Matching",1,659.468731558718,1,21,"f","L"
8,1,4,1,1,1,"Matching",1,613.487528769383,1,21,"f","L"
8,1,4,2,3,2,"Nonmatching",1,890.875274359587,2,21,"f","L"
8,1,4,3,3,2,"Nonmatching",1,598.860466485803,2,21,"f","L"
8,1,4,4,2,2,"Matching",1,614.240962689564,1,21,"f","L"
8,1,4,5,2,2,"Matching",1,435.576001713343,1,21,"f","L"
8,1,4,6,1,1,"Matching",1,440.887771220332,1,21,"f","L"
8,1,4,7,3,3,"Matching",1,534.920912653433,1,21,"f","L"
8,1,4,8,3,1,"Nonmatching",1,456.725881936563,2,21,"f","L"
8,1,4,9,3,1,"Nonmatching",1,438.268260179484,2,21,"f","L"
8,1,4,10,1,1,"Matching",1,723.396814842545,1,21,"f","L"
8,1,4,11,1,2,"Nonmatching",1,789.526639717224,2,21,"f","L"
8,1,4,12,2,3,"Nonmatching",1,924.739050126391,2,21,"f","L"
8,1,4,13,2,2,"Matching",1,687.565538158196,1,21,"f","L"
8,1,4,14,2,2,"Matching",1,402.881316320418,1,21,"f","L"
8,1,4,15,3,3,"Matching",1,714.985582398185,1,21,"f","L"
8,1,4,16,3,1,"Nonmatching",1,644.791561089733,2,21,"f","L"
8,1,4,17,2,3,"Nonmatching",1,818.762954749218,2,21,"f","L"
8,1,4,18,3,3,"Matching",1,610.140543470607,1,21,"f","L"
8,1,4,19,3,3,"Matching",1,490.247050532162,1,21,"f","L"
8,1,4,20,2,3,"Nonmatching",1,780.849169806515,2,21,"f","L"
8,1,4,21,2,1,"Nonmatching",1,670.88222913435,2,21,"f","L"
8,1,4,22,1,2,"Nonmatching",1,612.151813586934,2,21,"f","L"
8,1,4,23,1,3,"Nonmatching",1,635.554449156189,2,21,"f","L"
8,1,4,24,1,1,"Matching",0,706.11311316361,2,21,"f","L"
8,1,4,25,2,1,"Nonmatching",1,606.213088049117,2,21,"f","L"
8,1,4,26,1,1,"Matching",1,452.816839763273,1,21,"f","L"
8,1,4,27,1,1,"Matching",1,387.581415811837,1,21,"f","L"
8,1,4,28,3,3,"Matching",0,755.495031715327,2,21,"f","L"
8,1,4,29,1,1,"Matching",1,556.809435826381,1,21,"f","L"
8,1,4,30,1,2,"Nonmatching",1,836.807636761478,2,21,"f","L"
8,1,4,31,2,2,"Matching",1,706.775084552191,1,21,"f","L"
8,1,4,32,2,2,"Matching",1,462.181637012691,1,21,"f","L"
8,1,4,33,2,2,"Matching",1,419.483425935141,1,21,"f","L"
8,1,4,34,3,3,"Matching",1,625.4322938521,1,21,"f","L"
8,1,4,35,3,2,"Nonmatching",1,807.406809916301,2,21,"f","L"
8,1,4,36,1,3,"Nonmatching",0,814.885607512679,1,21,"f","L"
8,1,4,37,1,3,"Nonmatching",1,446.041367901671,2,21,"f","L"
8,1,4,38,1,1,"Matching",1,588.776043248799,1,21,"f","L"
8,1,4,39,1,2,"Nonmatching",1,613.518921849391,2,21,"f","L"
8,1,4,40,1,3,"Nonmatching",1,605.486519360966,2,21,"f","L"
8,1,4,41,3,1,"Nonmatching",1,732.841000361077,2,21,"f","L"
8,1,4,42,1,2,"Nonmatching",1,543.442926447369,2,21,"f","L"
8,1,4,43,2,3,"Nonmatching",0,434.199535897733,1,21,"f","L"
8,1,4,44,1,3,"Nonmatching",1,824.113060036325,2,21,"f","L"
8,1,4,45,2,1,"Nonmatching",0,895.469530875289,1,21,"f","L"
8,1,4,46,3,3,"Matching",1,708.045296866203,1,21,"f","L"
8,1,4,47,3,3,"Matching",1,583.511061505305,1,21,"f","L"
8,1,4,48,3,1,"Nonmatching",1,592.083485340481,2,21,"f","L"
8,1,4,49,2,1,"Nonmatching",1,728.232254731665,2,21,"f","L"
8,1,4,50,3,3,"Matching",1,771.446036776524,1,21,"f","L"
8,1,4,51,1,1,"Matching",1,629.542976193079,1,21,"f","L"
8,1,4,52,3,2,"Nonmatching",1,892.167522200907,2,21,"f","L"
8,1,4,53,3,3,"Matching",1,657.385015873842,1,21,"f","L"
8,1,4,54,2,2,"Matching",1,766.117061446948,1,21,"f","L"
8,1,4,55,2,3,"Nonmatching",1,695.518552377052,2,21,"f","L"
8,1,4,56,2,2,"Matching",0,659.473863119729,2,21,"f","L"
8,1,4,57,1,1,"Matching",1,545.389297406928,1,21,"f","L"
8,1,4,58,2,2,"Matching",0,779.468779855506,2,21,"f","L"
8,1,4,59,3,2,"Nonmatching",1,644.800013072654,2,21,"f","L"
8,1,4,60,2,1,"Nonmatching",1,818.745447069887,2,21,"f","L"
8,2,1,1,3,2,"Nonmatching",0,703.218309562544,1,21,"f","L"
8,2,1,2,1,3,"Nonmatching",0,633.92774487329,1,21,"f","L"
8,2,1,3,2,2,"Matching",1,454.483994029033,1,21,"f","L"
8,2,1,4,3,3,"Matching",0,683.183185536109,2,21,"f","L"
8,2,1,5,1,3,"Nonmatching",0,663.883987750523,1,21,"f","L"
8,2,1,6,1,1,"Matching",1,461.28995340132,1,21,"f","L"
8,2,1,7,2,2,"Matching",1,505.333539071216,1,21,"f","L"
8,2,1,8,2,2,"Matching",1,451.8303731993,1,21,"f","L"
8,2,1,9,3,1,"Nonmatching",1,682.892497689863,2,21,"f","L"
8,2,1,10,2,2,"Matching",1,655.177539611032,1,21,"f","L"
8,2,1,11,2,3,"Nonmatching",1,747.098892701615,2,21,"f","L"
8,2,1,12,3,3,"Matching",0,541.243298454901,2,21,"f","L"
8,2,1,13,1,1,"Matching",1,550.566439501381,1,21,"f","L"
8,2,1,14,3,3,"Matching",1,583.205281434857,1,21,"f","L"
8,2,1,15,3,1,"Nonmatching",3,1150.49091499532,1,21,"f","L"
8,2,1,16,3,3,"Matching",1,597.893016883063,1,21,"f","L"
8,2,1,17,1,2,"Nonmatching",1,739.790945905042,2,21,"f","L"
8,2,1,18,1,1,"Matching",1,605.886781734625,1,21,"f","L"
8,2,1,19,3,3,"Matching",1,693.199087339053,1,21,"f","L"
8,2,1,20,1,1,"Matching",1,568.689000500854,1,21,"f","L"
8,2,1,21,2,2,"Matching",1,520.638269283154,1,21,"f","L"
8,2,1,22,2,1,"Nonmatching",1,651.232878367409,2,21,"f","L"
8,2,1,23,2,2,"Matching",1,529.154245946302,1,21,"f","L"
8,2,1,24,2,3,"Nonmatching",1,475.317528599589,2,21,"f","L"
8,2,1,25,1,2,"Nonmatching",1,808.759127811754,2,21,"f","L"
8,2,1,26,1,2,"Nonmatching",1,855.878631607993,2,21,"f","L"
8,2,1,27,3,3,"Matching",1,645.808214514545,1,21,"f","L"
8,2,1,28,2,3,"Nonmatching",1,619.224916598796,2,21,"f","L"
8,2,1,29,1,1,"Matching",1,483.381626024311,1,21,"f","L"
8,2,1,30,3,2,"Nonmatching",1,615.883968431262,2,21,"f","L"
8,2,1,31,2,1,"Nonmatching",0,703.274153021994,1,21,"f","L"
8,2,1,32,1,1,"Matching",1,699.188826632053,1,21,"f","L"
8,2,1,33,1,2,"Nonmatching",1,654.489004847164,2,21,"f","L"
8,2,1,34,2,3,"Nonmatching",1,691.753194519151,2,21,"f","L"
8,2,1,35,1,1,"Matching",1,505.306070125698,1,21,"f","L"
8,2,1,36,1,1,"Matching",1,533.261306009081,1,21,"f","L"
8,2,1,37,3,2,"Nonmatching",1,599.251069449565,2,21,"f","L"
8,2,1,38,1,3,"Nonmatching",0,510.472042925358,1,21,"f","L"
8,2,1,39,3,3,"Matching",1,618.003303187834,1,21,"f","L"
8,2,1,40,3,2,"Nonmatching",1,479.938650347322,2,21,"f","L"
8,2,1,41,2,2,"Matching",1,509.877989257802,1,21,"f","L"
8,2,1,42,3,1,"Nonmatching",1,849.266464132597,2,21,"f","L"
8,2,1,43,1,3,"Nonmatching",1,951.197983750717,2,21,"f","L"
8,2,1,44,3,1,"Nonmatching",0,600.453665899295,1,21,"f","L"
8,2,1,45,1,2,"Nonmatching",1,871.411867219649,2,21,"f","L"
8,2,1,46,1,1,"Matching",1,507.921657032057,1,21,"f","L"
8,2,1,47,2,3,"Nonmatching",1,575.536616075624,2,21,"f","L"
8,2,1,48,3,1,"Nonmatching",1,641.187092766813,2,21,"f","L"
8,2,1,49,1,3,"Nonmatching",1,543.332447557077,2,21,"f","L"
8,2,1,50,3,2,"Nonmatching",1,457.895878483214,2,21,"f","L"
8,2,1,51,2,1,"Nonmatching",1,655.956027624597,2,21,"f","L"
8,2,1,52,2,2,"Matching",1,541.906779126293,1,21,"f","L"
8,2,1,53,2,2,"Matching",1,567.512061857087,1,21,"f","L"
8,2,1,54,1,1,"Matching",1,527.774761565524,1,21,"f","L"
8,2,1,55,3,3,"Matching",1,384.531457951198,1,21,"f","L"
8,2,1,56,3,3,"Matching",1,488.633024223418,1,21,"f","L"
8,2,1,57,2,1,"Nonmatching",1,628.466556380772,2,21,"f","L"
8,2,1,58,2,2,"Matching",0,609.90419040445,2,21,"f","L"
8,2,1,59,2,1,"Nonmatching",1,697.218609005176,2,21,"f","L"
8,2,1,60,3,3,"Matching",1,684.576857173852,1,21,"f","L"
8,2,2,1,2,2,"Matching",1,571.160299981784,1,21,"f","L"
8,2,2,2,3,1,"Nonmatching",1,564.618163223713,2,21,"f","L"
8,2,2,3,3,1,"Nonmatching",1,509.973375923437,2,21,"f","L"
8,2,2,4,2,2,"Matching",1,680.645175761128,1,21,"f","L"
8,2,2,5,1,3,"Nonmatching",1,565.912524059968,2,21,"f","L"
8,2,2,6,2,2,"Matching",1,543.892391437112,1,21,"f","L"
8,2,2,7,3,2,"Nonmatching",1,474.619334427189,2,21,"f","L"
8,2,2,8,1,1,"Matching",1,544.883688308801,1,21,"f","L"
8,2,2,9,1,1,"Matching",1,385.526377101996,1,21,"f","L"
8,2,2,10,3,2,"Nonmatching",1,433.903717093926,2,21,"f","L"
8,2,2,11,2,2,"Matching",1,479.780779377506,1,21,"f","L"
8,2,2,12,3,3,"Matching",1,500.551527788957,1,21,"f","L"
8,2,2,13,1,1,"Matching",1,464.246940052362,1,21,"f","L"
8,2,2,14,1,1,"Matching",1,493.239958714184,1,21,"f","L"
8,2,2,15,3,3,"Matching",0,817.280236035913,2,21,"f","L"
8,2,2,16,2,3,"Nonmatching",1,608.643335643137,2,21,"f","L"
8,2,2,17,1,1,"Matching",1,610.002897493359,1,21,"f","L"
8,2,2,18,2,1,"Nonmatching",1,825.846622740755,2,21,"f","L"
8,2,2,19,2,1,"Nonmatching",1,482.686148560788,2,21,"f","L"
8,2,2,20,3,3,"Matching",1,728.835666554914,1,21,"f","L"
8,2,2,21,3,1,"Nonmatching",1,547.315444581727,2,21,"f","L"
8,2,2,22,3,2,"Nonmatching",1,573.921985451307,2,21,"f","L"
8,2,2,23,3,3,"Matching",1,951.956851089562,1,21,"f","L"
8,2,2,24,1,1,"Matching",1,497.245293122432,1,21,"f","L"
8,2,2,25,2,3,"Nonmatching",1,509.253146223273,2,21,"f","L"
8,2,2,26,2,3,"Nonmatching",1,416.453994318545,2,21,"f","L"
8,2,2,27,2,1,"Nonmatching",1,944.537519230835,2,21,"f","L"
8,2,2,28,2,1,"Nonmatching",1,387.891724936708,2,21,"f","L"
8,2,2,29,1,2,"Nonmatching",0,661.278362110352,1,21,"f","L"
8,2,2,30,2,1,"Nonmatching",1,961.149590110836,2,21,"f","L"
8,2,2,31,1,3,"Nonmatching",1,633.825113651255,2,21,"f","L"
8,2,2,32,2,2,"Matching",1,760.808311108121,1,21,"f","L"
8,2,2,33,1,2,"Nonmatching",1,625.464593105789,2,21,"f","L"
8,2,2,34,2,2,"Matching",1,504.642287597562,1,21,"f","L"
8,2,2,35,3,3,"Matching",1,883.172499815373,1,21,"f","L"
8,2,2,36,1,1,"Matching",1,511.226382413952,1,21,"f","L"
8,2,2,37,1,1,"Matching",1,330.576110985021,1,21,"f","L"
8,2,2,38,3,3,"Matching",1,629.196445490379,1,21,"f","L"
8,2,2,39,2,3,"Nonmatching",1,546.53906956537,2,21,"f","L"
8,2,2,40,1,3,"Nonmatching",1,643.87150296352,2,21,"f","L"
8,2,2,41,1,2,"Nonmatching",1,826.52700737799,2,21,"f","L"
8,2,2,42,3,1,"Nonmatching",1,560.576606028917,2,21,"f","L"
8,2,2,43,3,3,"Matching",1,642.591329384231,1,21,"f","L"
8,2,2,44,2,2,"Matching",1,528.577398100424,1,21,"f","L"
8,2,2,45,2,2,"Matching",1,404.634499699569,1,21,"f","L"
8,2,2,46,3,3,"Matching",1,612.007224907757,1,21,"f","L"
8,2,2,47,2,3,"Nonmatching",1,546.809231167572,2,21,"f","L"
8,2,2,48,3,2,"Nonmatching",1,540.434926645503,2,21,"f","L"
8,2,2,49,1,3,"Nonmatching",1,632.127472478714,2,21,"f","L"
8,2,2,50,3,2,"Nonmatching",1,502.84080777601,2,21,"f","L"
8,2,2,51,3,3,"Matching",1,554.604978129646,1,21,"f","L"
8,2,2,52,2,2,"Matching",1,483.944286612314,1,21,"f","L"
8,2,2,53,1,2,"Nonmatching",1,623.847849485173,2,21,"f","L"
8,2,2,54,1,2,"Nonmatching",1,527.809173210699,2,21,"f","L"
8,2,2,55,1,1,"Matching",1,394.480045744785,1,21,"f","L"
8,2,2,56,1,1,"Matching",1,386.038023934816,1,21,"f","L"
8,2,2,57,3,3,"Matching",1,577.255387205696,1,21,"f","L"
8,2,2,58,1,3,"Nonmatching",1,665.816775165695,2,21,"f","L"
8,2,2,59,3,1,"Nonmatching",1,550.161046169706,2,21,"f","L"
8,2,2,60,2,2,"Matching",1,479.21419465456,1,21,"f","L"
8,2,3,1,2,2,"Matching",1,563.920874619726,1,21,"f","L"
8,2,3,2,2,1,"Nonmatching",1,549.335166680976,2,21,"f","L"
8,2,3,3,2,2,"Matching",1,391.367904834624,1,21,"f","L"
8,2,3,4,1,3,"Nonmatching",1,502.439640436933,2,21,"f","L"
8,2,3,5,3,3,"Matching",1,546.625400535049,1,21,"f","L"
8,2,3,6,2,2,"Matching",1,651.873116084971,1,21,"f","L"
8,2,3,7,2,3,"Nonmatching",1,497.881002992472,2,21,"f","L"
8,2,3,8,3,2,"Nonmatching",1,621.906006374047,2,21,"f","L"
8,2,3,9,1,1,"Matching",1,573.122065624375,1,21,"f","L"
8,2,3,10,3,1,"Nonmatching",0,572.055002760862,1,21,"f","L"
8,2,3,11,1,2,"Nonmatching",0,564.003885167949,1,21,"f","L"
8,2,3,12,3,3,"Matching",1,509.81610866711,1,21,"f","L"
8,2,3,13,3,2,"Nonmatching",1,569.902463785183,2,21,"f","L"
8,2,3,14,3,3,"Matching",1,442.55069949395,1,21,"f","L"
8,2,3,15,1,1,"Matching",1,560.516838434523,1,21,"f","L"
8,2,3,16,1,2,"Nonmatching",1,585.749026484336,2,21,"f","L"
8,2,3,17,2,1,"Nonmatching",1,803.269564802576,2,21,"f","L"
8,2,3,18,2,1,"Nonmatching",1,436.16764113176,2,21,"f","L"
8,2,3,19,1,3,"Nonmatching",1,578.729050826951,2,21,"f","L"
8,2,3,20,1,1,"Matching",1,707.81286793499,1,21,"f","L"
8,2,3,21,3,3,"Matching",1,600.688208429347,1,21,"f","L"
8,2,3,22,3,3,"Matching",1,423.881778160649,1,21,"f","L"
8,2,3,23,1,2,"Nonmatching",1,631.145533159724,2,21,"f","L"
8,2,3,24,3,2,"Nonmatching",1,589.881140638681,2,21,"f","L"
8,2,3,25,2,3,"Nonmatching",1,534.601850896252,2,21,"f","L"
8,2,3,26,2,3,"Nonmatching",1,505.919140755395,2,21,"f","L"
8,2,3,27,1,1,"Matching",1,494.525867567972,1,21,"f","L"
8,2,3,28,3,1,"Nonmatching",1,538.553152983695,2,21,"f","L"
8,2,3,29,3,2,"Nonmatching",1,478.662400902067,2,21,"f","L"
8,2,3,30,2,2,"Matching",1,459.943069527071,1,21,"f","L"
8,2,3,31,1,1,"Matching",1,522.542984041138,1,21,"f","L"
8,2,3,32,2,3,"Nonmatching",1,549.182125416337,2,21,"f","L"
8,2,3,33,2,2,"Matching",1,671.129148386171,1,21,"f","L"
8,2,3,34,1,3,"Nonmatching",1,500.707285762473,2,21,"f","L"
8,2,3,35,2,2,"Matching",1,408.465059172158,1,21,"f","L"
8,2,3,36,2,3,"Nonmatching",1,520.561295866173,2,21,"f","L"
8,2,3,37,1,3,"Nonmatching",1,491.925675345556,2,21,"f","L"
8,2,3,38,3,3,"Matching",1,409.633847689292,1,21,"f","L"
8,2,3,39,1,2,"Nonmatching",1,576.583756407672,2,21,"f","L"
8,2,3,40,1,1,"Matching",0,401.967899038027,2,21,"f","L"
8,2,3,41,1,1,"Matching",1,353.807895754471,1,21,"f","L"
8,2,3,42,1,2,"Nonmatching",1,499.393002393845,2,21,"f","L"
8,2,3,43,3,1,"Nonmatching",1,559.272283927385,2,21,"f","L"
8,2,3,44,3,2,"Nonmatching",1,577.409334039658,2,21,"f","L"
8,2,3,45,3,3,"Matching",1,361.877426596948,1,21,"f","L"
8,2,3,46,3,1,"Nonmatching",1,363.85307764067,2,21,"f","L"
8,2,3,47,2,2,"Matching",1,621.266976081642,1,21,"f","L"
8,2,3,48,3,3,"Matching",0,445.242052391222,2,21,"f","L"
8,2,3,49,2,2,"Matching",1,444.641056023102,1,21,"f","L"
8,2,3,50,2,1,"Nonmatching",1,570.544210786466,2,21,"f","L"
8,2,3,51,2,2,"Matching",0,492.127617369988,2,21,"f","L"
8,2,3,52,1,3,"Nonmatching",1,568.590595269598,2,21,"f","L"
8,2,3,53,2,1,"Nonmatching",0,434.664999283996,1,21,"f","L"
8,2,3,54,1,1,"Matching",1,321.898942930602,1,21,"f","L"
8,2,3,55,3,1,"Nonmatching",1,557.441524021669,2,21,"f","L"
8,2,3,56,1,1,"Matching",1,423.948186598864,1,21,"f","L"
8,2,3,57,3,3,"Matching",1,759.447239976907,1,21,"f","L"
8,2,3,58,3,3,"Matching",1,360.607214282027,1,21,"f","L"
8,2,3,59,1,1,"Matching",1,554.756510112384,1,21,"f","L"
8,2,3,60,2,2,"Matching",1,603.899660141906,1,21,"f","L"
8,2,4,1,2,2,"Matching",1,978.44204562989,1,21,"f","L"
8,2,4,2,3,2,"Nonmatching",3,1002.54770507763,2,21,"f","L"
8,2,4,3,3,2,"Nonmatching",1,499.278900621903,2,21,"f","L"
8,2,4,4,3,2,"Nonmatching",1,367.106185555713,2,21,"f","L"
8,2,4,5,1,2,"Nonmatching",0,594.444004073921,1,21,"f","L"
8,2,4,6,3,2,"Nonmatching",1,403.194342154165,2,21,"f","L"
8,2,4,7,2,2,"Matching",1,619.402408243332,1,21,"f","L"
8,2,4,8,3,3,"Matching",1,570.583452135907,1,21,"f","L"
8,2,4,9,3,3,"Matching",1,618.636296349905,1,21,"f","L"
8,2,4,10,1,1,"Matching",1,585.248850199605,1,21,"f","L"
8,2,4,11,1,1,"Matching",1,313.881935126119,1,21,"f","L"
8,2,4,12,2,1,"Nonmatching",1,749.798093868776,2,21,"f","L"
8,2,4,13,1,2,"Nonmatching",0,432.479557945953,1,21,"f","L"
8,2,4,14,2,1,"Nonmatching",1,796.534239861103,2,21,"f","L"
8,2,4,15,1,1,"Matching",1,525.808166217757,1,21,"f","L"
8,2,4,16,1,2,"Nonmatching",1,728.563391958232,2,21,"f","L"
8,2,4,17,1,2,"Nonmatching",1,900.025150356669,2,21,"f","L"
8,2,4,18,1,1,"Matching",1,464.643881400661,1,21,"f","L"
8,2,4,19,3,2,"Nonmatching",1,527.1103753239,2,21,"f","L"
8,2,4,20,2,2,"Matching",1,641.874420105523,1,21,"f","L"
8,2,4,21,3,1,"Nonmatching",1,927.916996366548,2,21,"f","L"
8,2,4,22,2,2,"Matching",1,490.448993159589,1,21,"f","L"
8,2,4,23,2,2,"Matching",1,511.227589840928,1,21,"f","L"
8,2,4,24,2,2,"Matching",1,379.195841776891,1,21,"f","L"
8,2,4,25,1,3,"Nonmatching",1,597.152562793781,2,21,"f","L"
8,2,4,26,2,1,"Nonmatching",1,669.813657591476,2,21,"f","L"
8,2,4,27,3,3,"Matching",1,578.630645594785,1,21,"f","L"
8,2,4,28,1,1,"Matching",1,636.618494057984,1,21,"f","L"
8,2,4,29,2,1,"Nonmatching",1,548.243653437567,2,21,"f","L"
8,2,4,30,3,1,"Nonmatching",1,567.195716204878,2,21,"f","L"
8,2,4,31,1,1,"Matching",1,529.304268646229,1,21,"f","L"
8,2,4,32,3,3,"Matching",1,683.122210515648,1,21,"f","L"
8,2,4,33,2,3,"Nonmatching",1,568.445704130681,2,21,"f","L"
8,2,4,34,3,1,"Nonmatching",1,570.503460153304,2,21,"f","L"
8,2,4,35,2,2,"Matching",1,467.169213200577,1,21,"f","L"
8,2,4,36,2,2,"Matching",1,497.95858012294,1,21,"f","L"
8,2,4,37,1,1,"Matching",1,440.54184423112,1,21,"f","L"
8,2,4,38,1,3,"Nonmatching",1,550.66363730748,2,21,"f","L"
8,2,4,39,3,3,"Matching",0,505.170234683646,2,21,"f","L"
8,2,4,40,3,3,"Matching",1,502.604454106404,1,21,"f","L"
8,2,4,41,1,1,"Matching",1,506.491460751931,1,21,"f","L"
8,2,4,42,1,2,"Nonmatching",1,550.802793171897,2,21,"f","L"
8,2,4,43,2,2,"Matching",1,623.909126362378,1,21,"f","L"
8,2,4,44,1,1,"Matching",1,535.149116800312,1,21,"f","L"
8,2,4,45,2,1,"Nonmatching",0,418.557934392084,1,21,"f","L"
8,2,4,46,2,2,"Matching",1,497.162282574209,1,21,"f","L"
8,2,4,47,1,3,"Nonmatching",1,662.064698392896,2,21,"f","L"
8,2,4,48,2,3,"Nonmatching",1,587.988198286439,2,21,"f","L"
8,2,4,49,2,3,"Nonmatching",1,604.549255413076,2,21,"f","L"
8,2,4,50,1,3,"Nonmatching",0,868.607921834155,1,21,"f","L"
8,2,4,51,3,3,"Matching",1,490.591167588718,1,21,"f","L"
8,2,4,52,1,3,"Nonmatching",1,487.328400265142,2,21,"f","L"
8,2,4,53,3,1,"Nonmatching",1,659.987623551388,2,21,"f","L"
8,2,4,54,3,1,"Nonmatching",1,721.858252669335,2,21,"f","L"
8,2,4,55,2,3,"Nonmatching",1,661.576596370651,2,21,"f","L"
8,2,4,56,2,3,"Nonmatching",1,426.683610549844,2,21,"f","L"
8,2,4,57,1,1,"Matching",1,490.649124045376,1,21,"f","L"
8,2,4,58,3,3,"Matching",1,680.014295596266,1,21,"f","L"
8,2,4,59,3,3,"Matching",1,397.273426151514,1,21,"f","L"
8,2,4,60,3,3,"Matching",1,366.651891466063,1,21,"f","L"
9,1,1,1,1,1,"Matching",1,692.420896587009,1,21,"m","R"
9,1,1,2,1,3,"Nonmatching",1,721.127043285833,2,21,"m","R"
9,1,1,3,2,2,"Matching",1,659.904549368548,1,21,"m","R"
9,1,1,4,3,2,"Nonmatching",1,553.089744793851,2,21,"m","R"
9,1,1,5,2,1,"Nonmatching",1,642.59640487262,2,21,"m","R"
9,1,1,6,3,3,"Matching",1,465.2166746082,1,21,"m","R"
9,1,1,7,1,2,"Nonmatching",1,598.539282351339,2,21,"m","R"
9,1,1,8,2,3,"Nonmatching",1,629.942723816839,2,21,"m","R"
9,1,1,9,1,1,"Matching",1,459.90358346171,1,21,"m","R"
9,1,1,10,2,2,"Matching",1,745.179632082,1,21,"m","R"
9,1,1,11,2,2,"Matching",1,466.767256883941,1,21,"m","R"
9,1,1,12,2,1,"Nonmatching",1,624.496518638352,2,21,"m","R"
9,1,1,13,1,3,"Nonmatching",1,655.08135408254,2,21,"m","R"
9,1,1,14,1,2,"Nonmatching",1,620.541130251695,2,21,"m","R"
9,1,1,15,3,2,"Nonmatching",1,635.209330698217,2,21,"m","R"
9,1,1,16,1,1,"Matching",1,393.909509903551,1,21,"m","R"
9,1,1,17,3,3,"Matching",0,586.579544969027,2,21,"m","R"
9,1,1,18,1,1,"Matching",1,476.510539982883,1,21,"m","R"
9,1,1,19,2,3,"Nonmatching",1,537.867959007599,2,21,"m","R"
9,1,1,20,3,2,"Nonmatching",0,603.865051024513,1,21,"m","R"
9,1,1,21,3,3,"Matching",1,330.429812509919,1,21,"m","R"
9,1,1,22,3,3,"Matching",1,460.502747529972,1,21,"m","R"
9,1,1,23,1,3,"Nonmatching",1,633.92859863734,2,21,"m","R"
9,1,1,24,2,1,"Nonmatching",1,672.605318381102,2,21,"m","R"
9,1,1,25,3,3,"Matching",0,531.898956768146,2,21,"m","R"
9,1,1,26,1,2,"Nonmatching",0,477.886957187366,1,21,"m","R"
9,1,1,27,2,3,"Nonmatching",0,795.129691681268,1,21,"m","R"
9,1,1,28,2,2,"Matching",0,523.859291804911,2,21,"m","R"
9,1,1,29,1,3,"Nonmatching",1,765.850037813834,2,21,"m","R"
9,1,1,30,3,2,"Nonmatching",1,727.223122639771,2,21,"m","R"
9,1,1,31,1,2,"Nonmatching",1,480.55648213267,2,21,"m","R"
9,1,1,32,1,1,"Matching",0,444.536006116323,2,21,"m","R"
9,1,1,33,2,2,"Matching",1,755.308372367381,1,21,"m","R"
9,1,1,34,3,1,"Nonmatching",1,477.16584738464,2,21,"m","R"
9,1,1,35,3,3,"Matching",1,474.030574248445,1,21,"m","R"
9,1,1,36,2,3,"Nonmatching",1,533.79726549565,2,21,"m","R"
9,1,1,37,2,2,"Matching",1,639.177094765728,1,21,"m","R"
9,1,1,38,2,2,"Matching",1,620.434276810556,1,21,"m","R"
9,1,1,39,3,2,"Nonmatching",0,474.501151972618,1,21,"m","R"
9,1,1,40,3,1,"Nonmatching",1,682.582230190292,2,21,"m","R"
9,1,1,41,1,3,"Nonmatching",1,518.535937898832,2,21,"m","R"
9,1,1,42,2,1,"Nonmatching",1,617.138421667732,2,21,"m","R"
9,1,1,43,1,1,"Matching",1,463.786226991488,1,21,"m","R"
9,1,1,44,2,2,"Matching",1,532.45073103335,1,21,"m","R"
9,1,1,45,3,3,"Matching",1,447.185911079941,1,21,"m","R"
9,1,1,46,1,1,"Matching",1,460.515425056656,1,21,"m","R"
9,1,1,47,2,3,"Nonmatching",1,745.133751508547,2,21,"m","R"
9,1,1,48,3,1,"Nonmatching",1,713.94160215732,2,21,"m","R"
9,1,1,49,3,3,"Matching",1,723.761855955672,1,21,"m","R"
9,1,1,50,2,1,"Nonmatching",1,917.824306056445,2,21,"m","R"
9,1,1,51,2,2,"Matching",1,608.490839106253,1,21,"m","R"
9,1,1,52,3,3,"Matching",1,487.136722275864,1,21,"m","R"
9,1,1,53,1,1,"Matching",1,603.251700199962,1,21,"m","R"
9,1,1,54,1,1,"Matching",1,441.935905721948,1,21,"m","R"
9,1,1,55,1,1,"Matching",1,399.187285082462,1,21,"m","R"
9,1,1,56,3,1,"Nonmatching",1,558.540175814869,2,21,"m","R"
9,1,1,57,1,2,"Nonmatching",1,735.258863606305,2,21,"m","R"
9,1,1,58,3,3,"Matching",1,487.87835759822,1,21,"m","R"
9,1,1,59,3,1,"Nonmatching",1,530.473036839794,2,21,"m","R"
9,1,1,60,2,2,"Matching",1,739.104380093522,1,21,"m","R"
9,1,2,1,2,2,"Matching",1,552.559703432507,1,21,"m","R"
9,1,2,2,2,2,"Matching",1,473.227966058403,1,21,"m","R"
9,1,2,3,3,2,"Nonmatching",1,781.89737207731,2,21,"m","R"
9,1,2,4,2,2,"Matching",1,421.240748627952,1,21,"m","R"
9,1,2,5,2,1,"Nonmatching",1,563.219692463008,2,21,"m","R"
9,1,2,6,1,2,"Nonmatching",1,571.130469236323,2,21,"m","R"
9,1,2,7,3,3,"Matching",1,442.577026366962,1,21,"m","R"
9,1,2,8,1,3,"Nonmatching",1,551.877531747778,2,21,"m","R"
9,1,2,9,2,1,"Nonmatching",1,745.186272691171,2,21,"m","R"
9,1,2,10,3,2,"Nonmatching",1,562.494658663582,2,21,"m","R"
9,1,2,11,3,2,"Nonmatching",1,561.217246907745,2,21,"m","R"
9,1,2,12,1,3,"Nonmatching",1,505.41711234473,2,21,"m","R"
9,1,2,13,3,1,"Nonmatching",1,580.526025883955,2,21,"m","R"
9,1,2,14,2,3,"Nonmatching",1,692.492735905489,2,21,"m","R"
9,1,2,15,3,1,"Nonmatching",1,647.915834781998,2,21,"m","R"
9,1,2,16,2,2,"Matching",1,619.916309283781,1,21,"m","R"
9,1,2,17,1,3,"Nonmatching",1,697.814580582417,2,21,"m","R"
9,1,2,18,1,1,"Matching",1,380.522947055852,1,21,"m","R"
9,1,2,19,1,2,"Nonmatching",1,476.522915664191,2,21,"m","R"
9,1,2,20,2,3,"Nonmatching",1,600.544746365358,2,21,"m","R"
9,1,2,21,1,3,"Nonmatching",1,519.204828364764,2,21,"m","R"
9,1,2,22,2,2,"Matching",1,449.827364358953,1,21,"m","R"
9,1,2,23,1,2,"Nonmatching",1,502.443024908189,2,21,"m","R"
9,1,2,24,3,3,"Matching",1,561.839653108564,1,21,"m","R"
9,1,2,25,1,2,"Nonmatching",1,570.519835025152,2,21,"m","R"
9,1,2,26,3,2,"Nonmatching",1,578.485547747732,2,21,"m","R"
9,1,2,27,2,3,"Nonmatching",1,698.4726045971,2,21,"m","R"
9,1,2,28,2,2,"Matching",1,603.879539626178,1,21,"m","R"
9,1,2,29,2,2,"Matching",1,314.552417476534,1,21,"m","R"
9,1,2,30,1,1,"Matching",1,484.451501344211,1,21,"m","R"
9,1,2,31,3,3,"Matching",1,592.50900539837,1,21,"m","R"
9,1,2,32,1,1,"Matching",1,584.538764987428,1,21,"m","R"
9,1,2,33,1,1,"Matching",1,376.518961483271,1,21,"m","R"
9,1,2,34,1,1,"Matching",1,361.834159513819,1,21,"m","R"
9,1,2,35,2,1,"Nonmatching",1,521.830887504166,2,21,"m","R"
9,1,2,36,3,3,"Matching",1,563.084163663916,1,21,"m","R"
9,1,2,37,2,2,"Matching",1,611.110861328143,1,21,"m","R"
9,1,2,38,1,1,"Matching",1,434.449222407693,1,21,"m","R"
9,1,2,39,1,3,"Nonmatching",1,608.571130109794,2,21,"m","R"
9,1,2,40,2,3,"Nonmatching",1,590.55817548824,2,21,"m","R"
9,1,2,41,3,3,"Matching",1,493.885392418179,1,21,"m","R"
9,1,2,42,1,1,"Matching",1,559.870712445445,1,21,"m","R"
9,1,2,43,3,3,"Matching",1,519.737586339943,1,21,"m","R"
9,1,2,44,3,2,"Nonmatching",1,593.87697091779,2,21,"m","R"
9,1,2,45,1,1,"Matching",1,457.878499465551,1,21,"m","R"
9,1,2,46,2,2,"Matching",1,462.583069321681,1,21,"m","R"
9,1,2,47,1,1,"Matching",0,531.156415907844,2,21,"m","R"
9,1,2,48,3,3,"Matching",1,583.131861349557,1,21,"m","R"
9,1,2,49,2,3,"Nonmatching",0,535.117841212468,1,21,"m","R"
9,1,2,50,3,3,"Matching",1,514.566362755886,1,21,"m","R"
9,1,2,51,3,3,"Matching",1,668.572053758453,1,21,"m","R"
9,1,2,52,2,1,"Nonmatching",0,487.105933995736,1,21,"m","R"
9,1,2,53,1,2,"Nonmatching",1,506.638078922151,2,21,"m","R"
9,1,2,54,2,2,"Matching",1,421.147176405611,1,21,"m","R"
9,1,2,55,2,1,"Nonmatching",1,826.4875544196,2,21,"m","R"
9,1,2,56,1,1,"Matching",1,415.115390223491,1,21,"m","R"
9,1,2,57,3,3,"Matching",1,462.002016006409,1,21,"m","R"
9,1,2,58,3,1,"Nonmatching",1,554.477330295413,2,21,"m","R"
9,1,2,59,3,1,"Nonmatching",1,555.204477016105,2,21,"m","R"
9,1,2,60,3,1,"Nonmatching",1,515.916821214432,2,21,"m","R"
9,1,3,1,1,1,"Matching",1,466.530609715392,1,21,"m","R"
9,1,3,2,3,2,"Nonmatching",0,335.962647455744,1,21,"m","R"
9,1,3,3,1,1,"Matching",0,764.06401575332,2,21,"m","R"
9,1,3,4,3,3,"Matching",1,436.566671242417,1,21,"m","R"
9,1,3,5,1,3,"Nonmatching",1,585.767277711057,2,21,"m","R"
9,1,3,6,3,3,"Matching",1,401.883372465363,1,21,"m","R"
9,1,3,7,3,3,"Matching",1,464.47926512792,1,21,"m","R"
9,1,3,8,2,2,"Matching",1,357.205956664984,1,21,"m","R"
9,1,3,9,1,2,"Nonmatching",1,541.870435351029,2,21,"m","R"
9,1,3,10,1,1,"Matching",1,447.760625631872,1,21,"m","R"
9,1,3,11,3,1,"Nonmatching",1,557.256425295236,2,21,"m","R"
9,1,3,12,3,1,"Nonmatching",1,381.86435013813,2,21,"m","R"
9,1,3,13,2,1,"Nonmatching",1,589.789675882457,2,21,"m","R"
9,1,3,14,3,3,"Matching",1,445.292733732458,1,21,"m","R"
9,1,3,15,1,3,"Nonmatching",1,618.561323137328,2,21,"m","R"
9,1,3,16,3,3,"Matching",1,545.832766193143,1,21,"m","R"
9,1,3,17,2,2,"Matching",1,403.243188146462,1,21,"m","R"
9,1,3,18,2,3,"Nonmatching",1,633.81661381618,2,21,"m","R"
9,1,3,19,3,2,"Nonmatching",1,783.900119478403,2,21,"m","R"
9,1,3,20,2,2,"Matching",1,453.981669179484,1,21,"m","R"
9,1,3,21,2,1,"Nonmatching",1,482.545344624214,2,21,"m","R"
9,1,3,22,3,3,"Matching",1,487.1213281358,1,21,"m","R"
9,1,3,23,2,2,"Matching",1,459.106710343349,1,21,"m","R"
9,1,3,24,1,2,"Nonmatching",1,575.887258429248,2,21,"m","R"
9,1,3,25,2,2,"Matching",1,560.494024183754,1,21,"m","R"
9,1,3,26,3,2,"Nonmatching",1,449.891959377055,2,21,"m","R"
9,1,3,27,2,1,"Nonmatching",1,617.956122151554,2,21,"m","R"
9,1,3,28,2,1,"Nonmatching",1,440.611707854714,2,21,"m","R"
9,1,3,29,3,3,"Matching",1,686.572029006584,1,21,"m","R"
9,1,3,30,3,2,"Nonmatching",1,786.548817059156,2,21,"m","R"
9,1,3,31,1,1,"Matching",1,482.497954820701,1,21,"m","R"
9,1,3,32,1,1,"Matching",0,614.54979141763,2,21,"m","R"
9,1,3,33,2,2,"Matching",1,397.888140422765,1,21,"m","R"
9,1,3,34,1,3,"Nonmatching",1,508.514352899965,2,21,"m","R"
9,1,3,35,1,2,"Nonmatching",0,455.883298211575,1,21,"m","R"
9,1,3,36,1,1,"Matching",1,477.23678116563,1,21,"m","R"
9,1,3,37,1,3,"Nonmatching",1,569.122288609378,2,21,"m","R"
9,1,3,38,3,3,"Matching",1,450.516780344515,1,21,"m","R"
9,1,3,39,1,1,"Matching",1,527.78238268229,1,21,"m","R"
9,1,3,40,2,2,"Matching",1,489.859673942192,1,21,"m","R"
9,1,3,41,3,3,"Matching",1,606.013288138911,1,21,"m","R"
9,1,3,42,2,2,"Matching",1,459.772280504694,1,21,"m","R"
9,1,3,43,1,1,"Matching",1,464.537219536396,1,21,"m","R"
9,1,3,44,2,1,"Nonmatching",1,580.620503643786,2,21,"m","R"
9,1,3,45,1,3,"Nonmatching",1,572.581442372666,2,21,"m","R"
9,1,3,46,2,3,"Nonmatching",1,532.522268506455,2,21,"m","R"
9,1,3,47,3,3,"Matching",0,510.43258345544,2,21,"m","R"
9,1,3,48,1,1,"Matching",1,768.441988369432,1,21,"m","R"
9,1,3,49,2,2,"Matching",1,369.197991555666,1,21,"m","R"
9,1,3,50,2,2,"Matching",0,617.902393585609,2,21,"m","R"
9,1,3,51,3,1,"Nonmatching",1,536.463470136823,2,21,"m","R"
9,1,3,52,2,3,"Nonmatching",0,497.833234657719,1,21,"m","R"
9,1,3,53,1,2,"Nonmatching",1,616.439346613788,2,21,"m","R"
9,1,3,54,2,3,"Nonmatching",1,813.787992790367,2,21,"m","R"
9,1,3,55,1,1,"Matching",1,371.09297997813,1,21,"m","R"
9,1,3,56,1,2,"Nonmatching",1,555.092794041229,2,21,"m","R"
9,1,3,57,3,1,"Nonmatching",1,571.146165222217,2,21,"m","R"
9,1,3,58,3,2,"Nonmatching",1,738.520610165324,2,21,"m","R"
9,1,3,59,3,1,"Nonmatching",1,531.76705011947,2,21,"m","R"
9,1,3,60,2,3,"Nonmatching",1,549.263546443399,2,21,"m","R"
9,1,4,1,2,1,"Nonmatching",1,615.219587420597,2,21,"m","R"
9,1,4,2,1,1,"Matching",1,606.480243712213,1,21,"m","R"
9,1,4,3,3,2,"Nonmatching",1,532.562112161941,2,21,"m","R"
9,1,4,4,1,2,"Nonmatching",1,494.530437059439,2,21,"m","R"
9,1,4,5,1,2,"Nonmatching",1,593.221965362773,2,21,"m","R"
9,1,4,6,3,3,"Matching",1,527.878671517556,1,21,"m","R"
9,1,4,7,2,3,"Nonmatching",1,585.81617674372,2,21,"m","R"
9,1,4,8,1,3,"Nonmatching",1,514.538291089139,2,21,"m","R"
9,1,4,9,2,2,"Matching",1,444.688438284629,1,21,"m","R"
9,1,4,10,2,1,"Nonmatching",1,513.221035677361,2,21,"m","R"
9,1,4,11,3,2,"Nonmatching",1,619.142074606771,2,21,"m","R"
9,1,4,12,3,3,"Matching",1,385.228422449472,1,21,"m","R"
9,1,4,13,2,2,"Matching",1,560.513040474234,1,21,"m","R"
9,1,4,14,2,2,"Matching",1,481.138139140057,1,21,"m","R"
9,1,4,15,3,3,"Matching",1,572.608608501469,1,21,"m","R"
9,1,4,16,1,2,"Nonmatching",1,605.211283640529,2,21,"m","R"
9,1,4,17,1,1,"Matching",1,387.867460961843,1,21,"m","R"
9,1,4,18,1,1,"Matching",1,418.499988054919,1,21,"m","R"
9,1,4,19,1,3,"Nonmatching",1,553.210483145449,2,21,"m","R"
9,1,4,20,3,3,"Matching",1,603.162957511813,1,21,"m","R"
9,1,4,21,3,1,"Nonmatching",1,601.914522960215,2,21,"m","R"
9,1,4,22,3,1,"Nonmatching",1,575.884541816777,2,21,"m","R"
9,1,4,23,2,2,"Matching",1,471.823477187627,1,21,"m","R"
9,1,4,24,2,1,"Nonmatching",1,563.205505706719,2,21,"m","R"
9,1,4,25,2,3,"Nonmatching",1,651.881485928698,2,21,"m","R"
9,1,4,26,1,3,"Nonmatching",1,624.571074570213,2,21,"m","R"
9,1,4,27,3,1,"Nonmatching",1,605.782376042043,2,21,"m","R"
9,1,4,28,2,3,"Nonmatching",0,731.810274449344,1,21,"m","R"
9,1,4,29,3,3,"Matching",1,543.250776551758,1,21,"m","R"
9,1,4,30,2,2,"Matching",1,576.445069611964,1,21,"m","R"
9,1,4,31,1,1,"Matching",1,575.795799128628,1,21,"m","R"
9,1,4,32,2,3,"Nonmatching",1,663.178973454251,2,21,"m","R"
9,1,4,33,1,1,"Matching",1,499.205124173841,1,21,"m","R"
9,1,4,34,3,1,"Nonmatching",1,502.490716556622,2,21,"m","R"
9,1,4,35,1,2,"Nonmatching",1,665.128897826435,2,21,"m","R"
9,1,4,36,1,1,"Matching",0,389.160870549404,2,21,"m","R"
9,1,4,37,2,2,"Matching",1,747.862740092387,1,21,"m","R"
9,1,4,38,2,3,"Nonmatching",1,620.486797993635,2,21,"m","R"
9,1,4,39,1,1,"Matching",1,475.130500627984,1,21,"m","R"
9,1,4,40,2,1,"Nonmatching",0,431.235167497562,1,21,"m","R"
9,1,4,41,1,3,"Nonmatching",1,668.540661786665,2,21,"m","R"
9,1,4,42,3,3,"Matching",1,473.136204911953,1,21,"m","R"
9,1,4,43,3,3,"Matching",1,468.449745808357,1,21,"m","R"
9,1,4,44,3,3,"Matching",1,400.496994347122,1,21,"m","R"
9,1,4,45,2,1,"Nonmatching",1,471.177527008876,2,21,"m","R"
9,1,4,46,2,2,"Matching",1,498.468016539391,1,21,"m","R"
9,1,4,47,2,2,"Matching",1,413.202291048492,1,21,"m","R"
9,1,4,48,1,1,"Matching",1,579.072336135141,1,21,"m","R"
9,1,4,49,3,3,"Matching",0,723.252340113049,2,21,"m","R"
9,1,4,50,1,3,"Nonmatching",1,477.231046093948,2,21,"m","R"
9,1,4,51,2,2,"Matching",1,481.279403010831,1,21,"m","R"
9,1,4,52,3,2,"Nonmatching",1,636.481309227747,2,21,"m","R"
9,1,4,53,1,1,"Matching",1,466.600336113061,1,21,"m","R"
9,1,4,54,3,2,"Nonmatching",1,542.534194436939,2,21,"m","R"
9,1,4,55,1,1,"Matching",1,487.902203422436,1,21,"m","R"
9,1,4,56,3,1,"Nonmatching",0,698.514863019682,1,21,"m","R"
9,1,4,57,3,3,"Matching",1,992.477432319447,1,21,"m","R"
9,1,4,58,2,2,"Matching",1,503.171680858031,1,21,"m","R"
9,1,4,59,3,2,"Nonmatching",1,617.807613979949,2,21,"m","R"
9,1,4,60,1,2,"Nonmatching",1,473.246378657223,2,21,"m","R"
9,2,1,1,2,2,"Matching",1,690.016090620702,1,21,"m","R"
9,2,1,2,1,3,"Nonmatching",1,510.58229915543,2,21,"m","R"
9,2,1,3,3,2,"Nonmatching",1,801.266520374156,2,21,"m","R"
9,2,1,4,2,1,"Nonmatching",0,600.699593445825,1,21,"m","R"
9,2,1,5,3,3,"Matching",1,808.002211143503,1,21,"m","R"
9,2,1,6,3,3,"Matching",1,446.079344235841,1,21,"m","R"
9,2,1,7,3,2,"Nonmatching",1,691.344816176752,2,21,"m","R"
9,2,1,8,2,3,"Nonmatching",1,663.248398151154,2,21,"m","R"
9,2,1,9,1,1,"Matching",1,467.949587333351,1,21,"m","R"
9,2,1,10,1,1,"Matching",1,320.721845523622,1,21,"m","R"
9,2,1,11,1,3,"Nonmatching",1,482.722528299746,2,21,"m","R"
9,2,1,12,1,1,"Matching",1,757.220867996693,1,21,"m","R"
9,2,1,13,1,2,"Nonmatching",1,613.411530755911,2,21,"m","R"
9,2,1,14,3,1,"Nonmatching",1,636.638269229479,2,21,"m","R"
9,2,1,15,1,3,"Nonmatching",1,883.385804432692,2,21,"m","R"
9,2,1,16,2,1,"Nonmatching",1,710.712756945213,2,21,"m","R"
9,2,1,17,1,1,"Matching",1,545.309667430956,1,21,"m","R"
9,2,1,18,2,3,"Nonmatching",1,843.259620781282,2,21,"m","R"
9,2,1,19,1,2,"Nonmatching",1,609.996144645265,2,21,"m","R"
9,2,1,20,2,2,"Matching",1,434.071311513435,1,21,"m","R"
9,2,1,21,2,3,"Nonmatching",1,896.018054429987,2,21,"m","R"
9,2,1,22,3,2,"Nonmatching",1,659.364245391771,2,21,"m","R"
9,2,1,23,1,2,"Nonmatching",1,663.354949745553,2,21,"m","R"
9,2,1,24,3,1,"Nonmatching",1,724.575330742482,2,21,"m","R"
9,2,1,25,3,3,"Matching",1,957.908835121088,1,21,"m","R"
9,2,1,26,1,3,"Nonmatching",1,614.008883748284,2,21,"m","R"
9,2,1,27,3,3,"Matching",1,611.219827835157,1,21,"m","R"
9,2,1,28,1,1,"Matching",1,625.268640539616,1,21,"m","R"
9,2,1,29,3,3,"Matching",1,735.953411117407,1,21,"m","R"
9,2,1,30,1,1,"Matching",1,545.298499134333,1,21,"m","R"
9,2,1,31,3,3,"Matching",1,570.665626729351,1,21,"m","R"
9,2,1,32,2,3,"Nonmatching",1,698.5685917316,2,21,"m","R"
9,2,1,33,2,2,"Matching",1,470.594059072027,1,21,"m","R"
9,2,1,34,1,1,"Matching",1,538.049066679378,1,21,"m","R"
9,2,1,35,1,2,"Nonmatching",1,882.709971510849,2,21,"m","R"
9,2,1,36,3,1,"Nonmatching",1,589.942711888398,2,21,"m","R"
9,2,1,37,2,2,"Matching",1,516.676567434843,1,21,"m","R"
9,2,1,38,1,1,"Matching",1,503.394745107471,1,21,"m","R"
9,2,1,39,3,3,"Matching",1,498.608375017284,1,21,"m","R"
9,2,1,40,3,3,"Matching",1,509.88171487279,1,21,"m","R"
9,2,1,41,1,1,"Matching",1,457.269374628595,1,21,"m","R"
9,2,1,42,3,2,"Nonmatching",1,638.664862455698,2,21,"m","R"
9,2,1,43,2,1,"Nonmatching",1,659.349153097537,2,21,"m","R"
9,2,1,44,2,2,"Matching",1,496.541334444373,1,21,"m","R"
9,2,1,45,2,1,"Nonmatching",1,875.366966834008,2,21,"m","R"
9,2,1,46,3,1,"Nonmatching",1,706.043804902038,2,21,"m","R"
9,2,1,47,2,3,"Nonmatching",3,1043.95543589908,2,21,"m","R"
9,2,1,48,3,1,"Nonmatching",1,776.674834839469,2,21,"m","R"
9,2,1,49,2,2,"Matching",1,608.003961849136,1,21,"m","R"
9,2,1,50,3,3,"Matching",1,438.693779290588,1,21,"m","R"
9,2,1,51,3,3,"Matching",1,556.0173481108,1,21,"m","R"
9,2,1,52,2,2,"Matching",1,532.60044673334,1,21,"m","R"
9,2,1,53,3,2,"Nonmatching",1,685.321783525069,2,21,"m","R"
9,2,1,54,1,1,"Matching",1,519.977252111858,1,21,"m","R"
9,2,1,55,1,2,"Nonmatching",1,577.974522821023,2,21,"m","R"
9,2,1,56,2,2,"Matching",1,424.091381245489,1,21,"m","R"
9,2,1,57,2,1,"Nonmatching",1,646.019639120823,2,21,"m","R"
9,2,1,58,1,3,"Nonmatching",1,586.133718752535,2,21,"m","R"
9,2,1,59,2,2,"Matching",1,592.719090274841,1,21,"m","R"
9,2,1,60,2,2,"Matching",1,438.669933466372,1,21,"m","R"
9,2,2,1,1,2,"Nonmatching",1,649.261162006042,2,21,"m","R"
9,2,2,2,2,1,"Nonmatching",1,766.677397511558,2,21,"m","R"
9,2,2,3,2,1,"Nonmatching",1,478.720957493351,2,21,"m","R"
9,2,2,4,1,1,"Matching",1,523.309026913921,1,21,"m","R"
9,2,2,5,3,3,"Matching",1,446.155409396852,1,21,"m","R"
9,2,2,6,1,3,"Nonmatching",1,500.024032186047,2,21,"m","R"
9,2,2,7,3,3,"Matching",0,477.998640307305,2,21,"m","R"
9,2,2,8,3,3,"Matching",1,426.08567696243,1,21,"m","R"
9,2,2,9,3,3,"Matching",1,303.274851924471,1,21,"m","R"
9,2,2,10,1,1,"Matching",0,393.434102790707,2,21,"m","R"
9,2,2,11,2,2,"Matching",1,618.695041006504,1,21,"m","R"
9,2,2,12,1,2,"Nonmatching",1,520.628937362744,2,21,"m","R"
9,2,2,13,2,3,"Nonmatching",1,578.66725911208,2,21,"m","R"
9,2,2,14,2,2,"Matching",1,457.948226008739,1,21,"m","R"
9,2,2,15,1,3,"Nonmatching",1,541.908468077054,2,21,"m","R"
9,2,2,16,1,2,"Nonmatching",1,583.298782265956,2,21,"m","R"
9,2,2,17,3,2,"Nonmatching",1,573.274480653708,2,21,"m","R"
9,2,2,18,3,3,"Matching",1,539.23743390078,1,21,"m","R"
9,2,2,19,2,2,"Matching",0,548.846697430236,2,21,"m","R"
9,2,2,20,1,1,"Matching",1,397.370173041054,1,21,"m","R"
9,2,2,21,1,1,"Matching",1,508.640524622024,1,21,"m","R"
9,2,2,22,2,2,"Matching",1,480.602362851641,1,21,"m","R"
9,2,2,23,2,2,"Matching",1,579.929276727853,1,21,"m","R"
9,2,2,24,1,2,"Nonmatching",1,507.387864227894,2,21,"m","R"
9,2,2,25,2,3,"Nonmatching",1,652.678057345838,2,21,"m","R"
9,2,2,26,1,3,"Nonmatching",1,536.650916571489,2,21,"m","R"
9,2,2,27,3,1,"Nonmatching",1,729.343590078315,2,21,"m","R"
9,2,2,28,2,3,"Nonmatching",1,722.597032857266,2,21,"m","R"
9,2,2,29,2,1,"Nonmatching",1,797.346749801363,2,21,"m","R"
9,2,2,30,2,1,"Nonmatching",1,715.997474578216,2,21,"m","R"
9,2,2,31,2,1,"Nonmatching",1,405.903959706848,2,21,"m","R"
9,2,2,32,3,3,"Matching",1,884.0408099868,1,21,"m","R"
9,2,2,33,3,2,"Nonmatching",1,800.041629800944,2,21,"m","R"
9,2,2,34,3,3,"Matching",1,831.244645603874,1,21,"m","R"
9,2,2,35,3,3,"Matching",1,604.594914502741,1,21,"m","R"
9,2,2,36,3,1,"Nonmatching",1,883.941502693233,2,21,"m","R"
9,2,2,37,2,2,"Matching",1,631.421768764994,1,21,"m","R"
9,2,2,38,1,1,"Matching",1,517.379868330863,1,21,"m","R"
9,2,2,39,2,2,"Matching",1,477.307715092138,1,21,"m","R"
9,2,2,40,3,3,"Matching",1,552.601358308493,1,21,"m","R"
9,2,2,41,3,2,"Nonmatching",1,577.978748663554,2,21,"m","R"
9,2,2,42,3,1,"Nonmatching",1,817.919659314612,2,21,"m","R"
9,2,2,43,1,1,"Matching",1,680.30963271849,1,21,"m","R"
9,2,2,44,3,2,"Nonmatching",1,771.999544033861,2,21,"m","R"
9,2,2,45,1,1,"Matching",1,499.348501110035,1,21,"m","R"
9,2,2,46,2,2,"Matching",1,943.249991897574,1,21,"m","R"
9,2,2,47,3,1,"Nonmatching",1,655.985080786195,2,21,"m","R"
9,2,2,48,2,2,"Matching",1,605.283726796188,1,21,"m","R"
9,2,2,49,1,2,"Nonmatching",1,708.722385224064,2,21,"m","R"
9,2,2,50,3,2,"Nonmatching",1,624.001793389652,2,21,"m","R"
9,2,2,51,1,1,"Matching",1,455.336655471001,1,21,"m","R"
9,2,2,52,1,1,"Matching",3,1011.99931463088,2,21,"m","R"
9,2,2,53,1,1,"Matching",1,529.98042451236,1,21,"m","R"
9,2,2,54,2,3,"Nonmatching",1,708.067983360706,2,21,"m","R"
9,2,2,55,2,2,"Matching",1,653.502398438832,1,21,"m","R"
9,2,2,56,2,3,"Nonmatching",1,449.98432436023,2,21,"m","R"
9,2,2,57,1,3,"Nonmatching",1,598.68929989716,2,21,"m","R"
9,2,2,58,3,1,"Nonmatching",1,701.92209943616,2,21,"m","R"
9,2,2,59,1,3,"Nonmatching",1,656.654574943786,2,21,"m","R"
9,2,2,60,3,3,"Matching",1,598.020107586308,1,21,"m","R"
9,2,3,1,2,2,"Matching",1,429.246908844107,1,21,"m","R"
9,2,3,2,3,2,"Nonmatching",1,538.073214350334,2,21,"m","R"
9,2,3,3,1,1,"Matching",1,491.384297617515,1,21,"m","R"
9,2,3,4,2,3,"Nonmatching",1,638.735796236688,2,21,"m","R"
9,2,3,5,2,1,"Nonmatching",1,596.859208339083,2,21,"m","R"
9,2,3,6,1,2,"Nonmatching",1,763.958369841021,2,21,"m","R"
9,2,3,7,2,2,"Matching",1,492.654465072519,1,21,"m","R"
9,2,3,8,2,1,"Nonmatching",1,632.013688531515,2,21,"m","R"
9,2,3,9,3,2,"Nonmatching",1,749.233422369798,2,21,"m","R"
9,2,3,10,2,1,"Nonmatching",1,614.582994609009,2,21,"m","R"
9,2,3,11,2,3,"Nonmatching",1,500.641005161015,2,21,"m","R"
9,2,3,12,1,1,"Matching",1,567.281934435414,1,21,"m","R"
9,2,3,13,2,2,"Matching",1,487.334733316857,1,21,"m","R"
9,2,3,14,3,3,"Matching",0,690.059254581683,2,21,"m","R"
9,2,3,15,1,3,"Nonmatching",1,725.294025778567,2,21,"m","R"
9,2,3,16,2,3,"Nonmatching",1,710.776748270291,2,21,"m","R"
9,2,3,17,3,2,"Nonmatching",1,664.610024907233,2,21,"m","R"
9,2,3,18,3,3,"Matching",1,469.957466114465,1,21,"m","R"
9,2,3,19,3,1,"Nonmatching",1,707.335403413708,2,21,"m","R"
9,2,3,20,2,2,"Matching",1,621.253788514878,1,21,"m","R"
9,2,3,21,1,3,"Nonmatching",1,555.891176533805,2,21,"m","R"
9,2,3,22,3,1,"Nonmatching",1,820.045257988568,2,21,"m","R"
9,2,3,23,1,2,"Nonmatching",1,698.647071659252,2,21,"m","R"
9,2,3,24,1,3,"Nonmatching",1,645.287361021474,2,21,"m","R"
9,2,3,25,3,2,"Nonmatching",1,561.905455655506,2,21,"m","R"
9,2,3,26,1,1,"Matching",1,553.383440978905,1,21,"m","R"
9,2,3,27,1,1,"Matching",1,393.560274367701,1,21,"m","R"
9,2,3,28,2,1,"Nonmatching",1,487.23602971404,2,21,"m","R"
9,2,3,29,3,3,"Matching",0,562.629583916532,2,21,"m","R"
9,2,3,30,3,1,"Nonmatching",1,514.000703725287,2,21,"m","R"
9,2,3,31,1,1,"Matching",1,475.350244571928,1,21,"m","R"
9,2,3,32,3,1,"Nonmatching",1,662.67972051628,2,21,"m","R"
9,2,3,33,2,3,"Nonmatching",1,834.567063183385,2,21,"m","R"
9,2,3,34,1,2,"Nonmatching",1,495.931303925317,2,21,"m","R"
9,2,3,35,3,3,"Matching",1,618.593318945386,1,21,"m","R"
9,2,3,36,1,3,"Nonmatching",1,472.807494895278,2,21,"m","R"
9,2,3,37,2,2,"Matching",1,611.309174215421,1,21,"m","R"
9,2,3,38,3,3,"Matching",0,825.296772575712,2,21,"m","R"
9,2,3,39,3,3,"Matching",1,415.287744364832,1,21,"m","R"
9,2,3,40,1,1,"Matching",1,612.695854179947,1,21,"m","R"
9,2,3,41,1,1,"Matching",1,378.576644979148,1,21,"m","R"
9,2,3,42,2,2,"Matching",1,497.221695053668,1,21,"m","R"
9,2,3,43,2,2,"Matching",1,347.578280681773,1,21,"m","R"
9,2,3,44,1,1,"Matching",1,516.042992936491,1,21,"m","R"
9,2,3,45,3,3,"Matching",1,541.980307396443,1,21,"m","R"
9,2,3,46,3,2,"Nonmatching",1,902.541547547116,2,21,"m","R"
9,2,3,47,3,1,"Nonmatching",1,569.943913234965,2,21,"m","R"
9,2,3,48,1,1,"Matching",1,457.312236743746,1,21,"m","R"
9,2,3,49,2,3,"Nonmatching",1,781.322355824159,2,21,"m","R"
9,2,3,50,2,2,"Matching",1,435.984712534264,1,21,"m","R"
9,2,3,51,3,3,"Matching",1,538.088004797828,1,21,"m","R"
9,2,3,52,2,2,"Matching",1,553.909860190288,1,21,"m","R"
9,2,3,53,1,1,"Matching",1,449.933312407666,1,21,"m","R"
9,2,3,54,1,3,"Nonmatching",1,702.057930082447,2,21,"m","R"
9,2,3,55,3,3,"Matching",1,534.024555587166,1,21,"m","R"
9,2,3,56,1,2,"Nonmatching",0,423.290885977622,1,21,"m","R"
9,2,3,57,2,1,"Nonmatching",1,758.665804214615,2,21,"m","R"
9,2,3,58,2,2,"Matching",1,590.728718554601,1,21,"m","R"
9,2,3,59,3,3,"Matching",1,517.968467793253,1,21,"m","R"
9,2,3,60,1,2,"Nonmatching",1,608.137075882041,2,21,"m","R"
9,2,4,1,3,2,"Nonmatching",1,463.021953373755,2,21,"m","R"
9,2,4,2,2,1,"Nonmatching",1,746.724177585747,2,21,"m","R"
9,2,4,3,1,1,"Matching",1,507.345002113652,1,21,"m","R"
9,2,4,4,2,2,"Matching",1,471.240612942893,1,21,"m","R"
9,2,4,5,1,2,"Nonmatching",1,650.648143816397,2,21,"m","R"
9,2,4,6,3,2,"Nonmatching",1,800.627814495783,2,21,"m","R"
9,2,4,7,1,2,"Nonmatching",1,736.003215686651,2,21,"m","R"
9,2,4,8,3,1,"Nonmatching",1,633.305890735755,2,21,"m","R"
9,2,4,9,3,1,"Nonmatching",1,710.688005582597,2,21,"m","R"
9,2,4,10,2,2,"Matching",1,568.647485188194,1,21,"m","R"
9,2,4,11,3,2,"Nonmatching",1,777.218459265896,2,21,"m","R"
9,2,4,12,2,2,"Matching",0,546.067904277152,2,21,"m","R"
9,2,4,13,1,1,"Matching",1,715.379294219929,1,21,"m","R"
9,2,4,14,1,1,"Matching",1,293.298845652316,1,21,"m","R"
9,2,4,15,3,1,"Nonmatching",1,615.447481203773,2,21,"m","R"
9,2,4,16,1,1,"Matching",0,717.858052571501,2,21,"m","R"
9,2,4,17,3,3,"Matching",1,591.333014002885,1,21,"m","R"
9,2,4,18,2,3,"Nonmatching",1,543.33227508414,2,21,"m","R"
9,2,4,19,1,1,"Matching",1,703.886512411373,1,21,"m","R"
9,2,4,20,1,2,"Nonmatching",1,849.943092213834,2,21,"m","R"
9,2,4,21,1,3,"Nonmatching",1,734.581521601285,2,21,"m","R"
9,2,4,22,3,2,"Nonmatching",1,943.214675929994,2,21,"m","R"
9,2,4,23,3,3,"Matching",3,1086.68202178978,1,21,"m","R"
9,2,4,24,1,1,"Matching",1,457.423617872337,1,21,"m","R"
9,2,4,25,3,3,"Matching",0,501.228699085914,2,21,"m","R"
9,2,4,26,2,2,"Matching",1,567.255371997817,1,21,"m","R"
9,2,4,27,2,1,"Nonmatching",1,670.672901214857,2,21,"m","R"
9,2,4,28,3,3,"Matching",1,616.815748569024,1,21,"m","R"
9,2,4,29,2,3,"Nonmatching",1,582.592764756555,2,21,"m","R"
9,2,4,30,2,2,"Matching",1,469.309403014449,1,21,"m","R"
9,2,4,31,3,1,"Nonmatching",1,481.306569286062,2,21,"m","R"
9,2,4,32,1,1,"Matching",1,380.746011304836,1,21,"m","R"
9,2,4,33,2,3,"Nonmatching",0,540.656109528754,1,21,"m","R"
9,2,4,34,3,2,"Nonmatching",1,639.289079731498,2,21,"m","R"
9,2,4,35,2,1,"Nonmatching",1,596.632522084292,2,21,"m","R"
9,2,4,36,1,1,"Matching",1,475.319154446879,1,21,"m","R"
9,2,4,37,1,3,"Nonmatching",1,599.348531295618,2,21,"m","R"
9,2,4,38,2,2,"Matching",1,532.587769206657,1,21,"m","R"
9,2,4,39,1,1,"Matching",1,653.243716521501,1,21,"m","R"
9,2,4,40,3,3,"Matching",1,609.941208695091,1,21,"m","R"
9,2,4,41,2,1,"Nonmatching",1,609.49870263903,2,21,"m","R"
9,2,4,42,1,2,"Nonmatching",0,679.302976715007,1,21,"m","R"
9,2,4,43,3,3,"Matching",1,834.633469276014,1,21,"m","R"
9,2,4,44,2,2,"Matching",1,640.040675968521,1,21,"m","R"
9,2,4,45,1,1,"Matching",1,540.670899976249,1,21,"m","R"
9,2,4,46,2,2,"Matching",0,693.885151086761,2,21,"m","R"
9,2,4,47,2,2,"Matching",1,448.613038536678,1,21,"m","R"
9,2,4,48,2,3,"Nonmatching",1,550.660489312577,2,21,"m","R"
9,2,4,49,3,3,"Matching",1,542.67032707321,1,21,"m","R"
9,2,4,50,1,3,"Nonmatching",1,648.678599461164,2,21,"m","R"
9,2,4,51,2,3,"Nonmatching",0,700.689964562116,1,21,"m","R"
9,2,4,52,3,1,"Nonmatching",1,642.695108620501,2,21,"m","R"
9,2,4,53,1,3,"Nonmatching",1,607.450376509405,2,21,"m","R"
9,2,4,54,3,3,"Matching",1,605.370658409811,1,21,"m","R"
9,2,4,55,3,3,"Matching",1,395.443792646802,1,21,"m","R"
9,2,4,56,1,3,"Nonmatching",1,586.097799092386,2,21,"m","R"
9,2,4,57,3,3,"Matching",1,704.548460422302,1,21,"m","R"
9,2,4,58,2,2,"Matching",1,882.579272245493,1,21,"m","R"
9,2,4,59,1,2,"Nonmatching",1,749.214707924693,2,21,"m","R"
9,2,4,60,2,1,"Nonmatching",1,645.230010303749,2,21,"m","R"
10,1,1,1,2,2,"Matching",1,607.382227403377,1,22,"m","R"
10,1,1,2,3,3,"Matching",0,486.042707782872,2,22,"m","R"
10,1,1,3,3,1,"Nonmatching",1,497.303773930525,2,22,"m","R"
10,1,1,4,1,3,"Nonmatching",1,915.874526792322,2,22,"m","R"
10,1,1,5,2,2,"Matching",1,830.004633806766,1,22,"m","R"
10,1,1,6,1,3,"Nonmatching",3,1065.96814513932,1,22,"m","R"
10,1,1,7,2,1,"Nonmatching",0,654.095412965489,1,22,"m","R"
10,1,1,8,2,3,"Nonmatching",3,1082.55080230629,2,22,"m","R"
10,1,1,9,3,2,"Nonmatching",1,630.72689716364,2,22,"m","R"
10,1,1,10,1,1,"Matching",1,764.621507928496,1,22,"m","R"
10,1,1,11,2,3,"Nonmatching",1,676.725003365846,2,22,"m","R"
10,1,1,12,1,1,"Matching",1,712.591259075907,1,22,"m","R"
10,1,1,13,3,3,"Matching",0,521.979897916481,2,22,"m","R"
10,1,1,14,3,3,"Matching",3,1707.27721427102,2,22,"m","R"
10,1,1,15,2,2,"Matching",1,767.250005637379,1,22,"m","R"
10,1,1,16,1,1,"Matching",1,495.3091583061,1,22,"m","R"
10,1,1,17,1,1,"Matching",1,537.927767453766,1,22,"m","R"
10,1,1,18,2,2,"Matching",1,650.618720658258,1,22,"m","R"
10,1,1,19,2,1,"Nonmatching",1,847.334969984331,2,22,"m","R"
10,1,1,20,2,1,"Nonmatching",1,611.306863049322,2,22,"m","R"
10,1,1,21,2,3,"Nonmatching",1,784.878266394571,2,22,"m","R"
10,1,1,22,1,1,"Matching",1,447.256670454408,1,22,"m","R"
10,1,1,23,2,1,"Nonmatching",3,1154.5670514206,2,22,"m","R"
10,1,1,24,3,1,"Nonmatching",0,498.726386435919,1,22,"m","R"
10,1,1,25,1,3,"Nonmatching",1,771.244670161195,2,22,"m","R"
10,1,1,26,1,2,"Nonmatching",1,738.598233589983,2,22,"m","R"
10,1,1,27,1,3,"Nonmatching",1,723.312016208638,2,22,"m","R"
10,1,1,28,2,1,"Nonmatching",1,884.597577370641,2,22,"m","R"
10,1,1,29,2,2,"Matching",0,518.821655894953,2,22,"m","R"
10,1,1,30,3,3,"Matching",0,663.324736109189,2,22,"m","R"
10,1,1,31,3,1,"Nonmatching",1,978.677752587828,2,22,"m","R"
10,1,1,32,3,3,"Matching",1,704.8835547821,1,22,"m","R"
10,1,1,33,1,1,"Matching",1,553.386944089198,1,22,"m","R"
10,1,1,34,2,2,"Matching",0,752.669812158274,2,22,"m","R"
10,1,1,35,1,1,"Matching",1,472.009463987888,1,22,"m","R"
10,1,1,36,3,2,"Nonmatching",1,842.697066069377,2,22,"m","R"
10,1,1,37,2,2,"Matching",3,1079.2189973331,2,22,"m","R"
10,1,1,38,3,3,"Matching",0,673.94558135129,2,22,"m","R"
10,1,1,39,1,3,"Nonmatching",3,1077.44201455762,2,22,"m","R"
10,1,1,40,1,1,"Matching",1,559.951849540084,1,22,"m","R"
10,1,1,41,3,1,"Nonmatching",1,599.254953539912,2,22,"m","R"
10,1,1,42,2,2,"Matching",0,771.913566683907,2,22,"m","R"
10,1,1,43,3,3,"Matching",3,1057.91723897437,2,22,"m","R"
10,1,1,44,3,2,"Nonmatching",1,678.793270051301,2,22,"m","R"
10,1,1,45,3,2,"Nonmatching",1,554.596149627287,2,22,"m","R"
10,1,1,46,3,2,"Nonmatching",1,523.303805926389,2,22,"m","R"
10,1,1,47,1,2,"Nonmatching",1,692.697926338042,2,22,"m","R"
10,1,1,48,1,2,"Nonmatching",1,463.907243559333,2,22,"m","R"
10,1,1,49,2,2,"Matching",0,587.353364639057,2,22,"m","R"
10,1,1,50,2,3,"Nonmatching",1,985.926646991629,2,22,"m","R"
10,1,1,51,2,2,"Matching",0,914.106297626404,2,22,"m","R"
10,1,1,52,3,3,"Matching",0,851.914918966031,2,22,"m","R"
10,1,1,53,3,3,"Matching",0,746.003183725861,2,22,"m","R"
10,1,1,54,1,2,"Nonmatching",3,1433.87391041733,2,22,"m","R"
10,1,1,55,3,1,"Nonmatching",1,647.252504943481,2,22,"m","R"
10,1,1,56,1,2,"Nonmatching",3,1258.69335212428,2,22,"m","R"
10,1,1,57,2,3,"Nonmatching",3,1014.60890574936,1,22,"m","R"
10,1,1,58,1,1,"Matching",1,595.268740777101,1,22,"m","R"
10,1,1,59,3,3,"Matching",0,928.614047438714,2,22,"m","R"
10,1,1,60,1,1,"Matching",1,648.581846228353,1,22,"m","R"
10,1,2,1,2,2,"Matching",0,752.294614334005,2,22,"m","R"
10,1,2,2,1,1,"Matching",1,609.456531060914,1,22,"m","R"
10,1,2,3,2,2,"Matching",1,352.129986101318,1,22,"m","R"
10,1,2,4,1,3,"Nonmatching",1,576.709277052942,2,22,"m","R"
10,1,2,5,3,3,"Matching",1,695.293824396686,1,22,"m","R"
10,1,2,6,1,2,"Nonmatching",1,713.354030516712,2,22,"m","R"
10,1,2,7,2,3,"Nonmatching",0,849.919397795929,1,22,"m","R"
10,1,2,8,1,1,"Matching",1,421.25120518358,1,22,"m","R"
10,1,2,9,3,2,"Nonmatching",1,521.977483127557,2,22,"m","R"
10,1,2,10,2,2,"Matching",1,545.988634622972,1,22,"m","R"
10,1,2,11,3,2,"Nonmatching",1,618.017259530461,2,22,"m","R"
10,1,2,12,3,1,"Nonmatching",1,671.376849667922,2,22,"m","R"
10,1,2,13,2,3,"Nonmatching",1,850.551166939113,2,22,"m","R"
10,1,2,14,1,3,"Nonmatching",1,805.91379427824,2,22,"m","R"
10,1,2,15,2,3,"Nonmatching",1,636.169529477229,2,22,"m","R"
10,1,2,16,1,1,"Matching",1,378.949838926474,1,22,"m","R"
10,1,2,17,3,3,"Matching",1,688.645608729075,1,22,"m","R"
10,1,2,18,1,1,"Matching",1,394.728975089947,1,22,"m","R"
10,1,2,19,2,1,"Nonmatching",1,600.757254078871,2,22,"m","R"
10,1,2,20,3,1,"Nonmatching",1,838.697873816727,2,22,"m","R"
10,1,2,21,2,2,"Matching",1,875.931201887397,1,22,"m","R"
10,1,2,22,3,1,"Nonmatching",0,453.987894490183,1,22,"m","R"
10,1,2,23,3,1,"Nonmatching",1,512.709523361536,2,22,"m","R"
10,1,2,24,1,1,"Matching",1,378.033426542061,1,22,"m","R"
10,1,2,25,2,1,"Nonmatching",1,647.994750679572,2,22,"m","R"
10,1,2,26,3,3,"Matching",1,563.927195752967,1,22,"m","R"
10,1,2,27,3,2,"Nonmatching",1,555.338999059586,2,22,"m","R"
10,1,2,28,2,2,"Matching",1,571.35025680509,1,22,"m","R"
10,1,2,29,2,1,"Nonmatching",1,895.241363107743,2,22,"m","R"
10,1,2,30,3,3,"Matching",1,465.930534801828,1,22,"m","R"
10,1,2,31,3,3,"Matching",0,923.952599331642,2,22,"m","R"
10,1,2,32,3,1,"Nonmatching",1,670.985955716333,2,22,"m","R"
10,1,2,33,1,2,"Nonmatching",1,873.241730759673,2,22,"m","R"
10,1,2,34,1,2,"Nonmatching",1,804.608299033589,2,22,"m","R"
10,1,2,35,2,1,"Nonmatching",1,659.342145529536,2,22,"m","R"
10,1,2,36,1,3,"Nonmatching",1,726.572584909718,2,22,"m","R"
10,1,2,37,1,1,"Matching",1,552.642283565092,1,22,"m","R"
10,1,2,38,3,3,"Matching",1,641.091472935386,1,22,"m","R"
10,1,2,39,2,2,"Matching",1,619.924339057434,1,22,"m","R"
10,1,2,40,3,3,"Matching",0,631.361986642332,2,22,"m","R"
10,1,2,41,3,3,"Matching",1,404.72982328447,1,22,"m","R"
10,1,2,42,1,1,"Matching",1,385.300130014002,1,22,"m","R"
10,1,2,43,2,1,"Nonmatching",1,671.318592886109,2,22,"m","R"
10,1,2,44,3,2,"Nonmatching",1,587.303861466353,2,22,"m","R"
10,1,2,45,1,1,"Matching",1,425.944347394761,1,22,"m","R"
10,1,2,46,1,2,"Nonmatching",1,662.004450282893,2,22,"m","R"
10,1,2,47,3,3,"Matching",1,441.980054878059,1,22,"m","R"
10,1,2,48,3,2,"Nonmatching",1,837.93057464618,2,22,"m","R"
10,1,2,49,2,2,"Matching",1,417.373657920962,1,22,"m","R"
10,1,2,50,2,2,"Matching",1,646.064428809041,1,22,"m","R"
10,1,2,51,2,2,"Matching",1,665.346216259877,1,22,"m","R"
10,1,2,52,1,1,"Matching",1,724.01321053303,1,22,"m","R"
10,1,2,53,2,3,"Nonmatching",1,444.001535028747,2,22,"m","R"
10,1,2,54,1,1,"Matching",1,442.030161747425,1,22,"m","R"
10,1,2,55,1,2,"Nonmatching",1,534.686215215515,2,22,"m","R"
10,1,2,56,3,3,"Matching",1,480.023242773314,1,22,"m","R"
10,1,2,57,1,3,"Nonmatching",1,481.427744362918,2,22,"m","R"
10,1,2,58,2,2,"Matching",1,437.259142594485,1,22,"m","R"
10,1,2,59,1,3,"Nonmatching",1,617.905877392332,2,22,"m","R"
10,1,2,60,2,3,"Nonmatching",1,457.904380223681,2,22,"m","R"
10,1,3,1,1,1,"Matching",1,409.996477857021,1,22,"m","R"
10,1,3,2,3,1,"Nonmatching",1,424.756271259866,2,22,"m","R"
10,1,3,3,1,1,"Matching",1,429.954406197339,1,22,"m","R"
10,1,3,4,1,3,"Nonmatching",1,588.04610720199,2,22,"m","R"
10,1,3,5,2,1,"Nonmatching",1,570.677436250662,2,22,"m","R"
10,1,3,6,2,2,"Matching",1,570.09184994422,1,22,"m","R"
10,1,3,7,2,2,"Matching",1,484.040545943117,1,22,"m","R"
10,1,3,8,2,3,"Nonmatching",1,432.636029262085,2,22,"m","R"
10,1,3,9,2,2,"Matching",1,462.001371426595,1,22,"m","R"
10,1,3,10,3,3,"Matching",1,555.446457165544,1,22,"m","R"
10,1,3,11,2,2,"Matching",1,524.186411266328,1,22,"m","R"
10,1,3,12,1,2,"Nonmatching",1,541.283116618615,2,22,"m","R"
10,1,3,13,3,3,"Matching",1,541.920017189113,1,22,"m","R"
10,1,3,14,3,3,"Matching",1,447.378315445349,1,22,"m","R"
10,1,3,15,2,2,"Matching",1,468.017817950567,1,22,"m","R"
10,1,3,16,1,2,"Nonmatching",1,471.882687570996,2,22,"m","R"
10,1,3,17,3,3,"Matching",1,515.250786821525,1,22,"m","R"
10,1,3,18,1,3,"Nonmatching",1,733.318599526683,2,22,"m","R"
10,1,3,19,2,1,"Nonmatching",1,525.273669964918,2,22,"m","R"
10,1,3,20,3,3,"Matching",1,462.707395328835,1,22,"m","R"
10,1,3,21,3,3,"Matching",1,571.972668642047,1,22,"m","R"
10,1,3,22,1,2,"Nonmatching",1,483.347803379729,2,22,"m","R"
10,1,3,23,1,1,"Matching",1,470.645108264307,1,22,"m","R"
10,1,3,24,3,1,"Nonmatching",1,522.03362696946,2,22,"m","R"
10,1,3,25,2,3,"Nonmatching",1,675.336801602043,2,22,"m","R"
10,1,3,26,1,3,"Nonmatching",1,501.371485818254,2,22,"m","R"
10,1,3,27,2,3,"Nonmatching",1,495.263579165567,2,22,"m","R"
10,1,3,28,1,1,"Matching",1,417.93811482421,1,22,"m","R"
10,1,3,29,3,3,"Matching",1,625.366367672996,1,22,"m","R"
10,1,3,30,1,1,"Matching",1,542.579254556586,1,22,"m","R"
10,1,3,31,1,3,"Nonmatching",1,495.92885350512,2,22,"m","R"
10,1,3,32,2,2,"Matching",1,490.697817068849,1,22,"m","R"
10,1,3,33,2,2,"Matching",1,420.60947503569,1,22,"m","R"
10,1,3,34,2,1,"Nonmatching",0,786.033742879226,1,22,"m","R"
10,1,3,35,2,2,"Matching",1,604.201346735408,1,22,"m","R"
10,1,3,36,1,3,"Nonmatching",1,482.037478557686,2,22,"m","R"
10,1,3,37,3,3,"Matching",1,540.690587794415,1,22,"m","R"
10,1,3,38,3,2,"Nonmatching",1,606.007306977972,2,22,"m","R"
10,1,3,39,3,3,"Matching",1,668.595918411029,1,22,"m","R"
10,1,3,40,2,2,"Matching",1,456.610053377517,1,22,"m","R"
10,1,3,41,1,2,"Nonmatching",1,676.610904590689,2,22,"m","R"
10,1,3,42,3,1,"Nonmatching",0,433.360164080568,1,22,"m","R"
10,1,3,43,1,1,"Matching",1,453.314470237729,1,22,"m","R"
10,1,3,44,3,2,"Nonmatching",1,551.932033782123,2,22,"m","R"
10,1,3,45,1,1,"Matching",1,368.571378118759,1,22,"m","R"
10,1,3,46,1,1,"Matching",1,790.558453565154,1,22,"m","R"
10,1,3,47,3,2,"Nonmatching",1,709.296883330353,2,22,"m","R"
10,1,3,48,3,1,"Nonmatching",1,536.706789820528,2,22,"m","R"
10,1,3,49,2,3,"Nonmatching",1,497.914111822865,2,22,"m","R"
10,1,3,50,2,1,"Nonmatching",1,613.322306227928,2,22,"m","R"
10,1,3,51,3,2,"Nonmatching",1,515.312665786951,2,22,"m","R"
10,1,3,52,3,3,"Matching",1,565.897059791041,1,22,"m","R"
10,1,3,53,1,1,"Matching",1,566.185627063533,1,22,"m","R"
10,1,3,54,2,3,"Nonmatching",1,413.2603668927,2,22,"m","R"
10,1,3,55,2,1,"Nonmatching",1,643.86395243173,2,22,"m","R"
10,1,3,56,3,2,"Nonmatching",1,465.351891013597,2,22,"m","R"
10,1,3,57,1,2,"Nonmatching",1,486.223213252742,2,22,"m","R"
10,1,3,58,3,1,"Nonmatching",0,329.477153357857,1,22,"m","R"
10,1,3,59,1,1,"Matching",1,306.002084996635,1,22,"m","R"
10,1,3,60,2,2,"Matching",1,602.151794663769,1,22,"m","R"
10,1,4,1,1,1,"Matching",1,435.275393519987,1,22,"m","R"
10,1,4,2,1,3,"Nonmatching",1,409.339957127031,2,22,"m","R"
10,1,4,3,3,3,"Matching",0,471.282008834351,2,22,"m","R"
10,1,4,4,1,1,"Matching",1,379.373030679744,1,22,"m","R"
10,1,4,5,3,2,"Nonmatching",1,483.326070279873,2,22,"m","R"
10,1,4,6,2,2,"Matching",1,375.246156464073,1,22,"m","R"
10,1,4,7,3,2,"Nonmatching",1,455.277391758045,2,22,"m","R"
10,1,4,8,3,3,"Matching",1,723.966725846822,1,22,"m","R"
10,1,4,9,2,2,"Matching",1,375.353312720563,1,22,"m","R"
10,1,4,10,3,3,"Matching",0,567.588619409435,2,22,"m","R"
10,1,4,11,1,3,"Nonmatching",1,506.002145366438,2,22,"m","R"
10,1,4,12,1,1,"Matching",1,412.708587630732,1,22,"m","R"
10,1,4,13,1,1,"Matching",1,531.511673368641,1,22,"m","R"
10,1,4,14,1,3,"Nonmatching",1,651.95651370459,2,22,"m","R"
10,1,4,15,1,1,"Matching",1,433.347788287392,1,22,"m","R"
10,1,4,16,3,3,"Matching",1,511.924716971862,1,22,"m","R"
10,1,4,17,3,3,"Matching",1,442.034991325272,1,22,"m","R"
10,1,4,18,1,1,"Matching",1,374.660872006189,1,22,"m","R"
10,1,4,19,3,1,"Nonmatching",1,493.243306409113,2,22,"m","R"
10,1,4,20,1,3,"Nonmatching",1,528.591288053121,2,22,"m","R"
10,1,4,21,1,3,"Nonmatching",1,530.01390055897,2,22,"m","R"
10,1,4,22,2,3,"Nonmatching",1,445.250886431495,2,22,"m","R"
10,1,4,23,3,1,"Nonmatching",1,514.018640789345,2,22,"m","R"
10,1,4,24,2,2,"Matching",1,411.947023584162,1,22,"m","R"
10,1,4,25,2,2,"Matching",1,329.948037192025,1,22,"m","R"
10,1,4,26,3,3,"Matching",1,611.935915555478,1,22,"m","R"
10,1,4,27,2,1,"Nonmatching",1,481.958696070251,2,22,"m","R"
10,1,4,28,3,1,"Nonmatching",1,621.325822160088,2,22,"m","R"
10,1,4,29,1,1,"Matching",1,362.690763470255,1,22,"m","R"
10,1,4,30,1,2,"Nonmatching",1,595.523802853677,2,22,"m","R"
10,1,4,31,3,3,"Matching",1,409.95693568857,1,22,"m","R"
10,1,4,32,2,2,"Matching",1,432.020861791898,1,22,"m","R"
10,1,4,33,3,3,"Matching",1,619.979275504647,1,22,"m","R"
10,1,4,34,3,2,"Nonmatching",0,345.263533888556,1,22,"m","R"
10,1,4,35,1,1,"Matching",1,321.921278916307,1,22,"m","R"
10,1,4,36,1,1,"Matching",1,370.696996040351,1,22,"m","R"
10,1,4,37,2,2,"Matching",1,417.89404492738,1,22,"m","R"
10,1,4,38,1,2,"Nonmatching",1,502.659171994765,2,22,"m","R"
10,1,4,39,2,3,"Nonmatching",1,576.66550900467,2,22,"m","R"
10,1,4,40,3,2,"Nonmatching",1,560.114847789919,2,22,"m","R"
10,1,4,41,2,3,"Nonmatching",1,544.626089990743,2,22,"m","R"
10,1,4,42,2,2,"Matching",1,241.352451244893,1,22,"m","R"
10,1,4,43,3,3,"Matching",1,589.907305740326,1,22,"m","R"
10,1,4,44,2,3,"Nonmatching",1,515.284292016986,2,22,"m","R"
10,1,4,45,3,1,"Nonmatching",0,446.65961390092,1,22,"m","R"
10,1,4,46,1,1,"Matching",1,266.011973557397,1,22,"m","R"
10,1,4,47,2,3,"Nonmatching",1,382.022054093341,2,22,"m","R"
10,1,4,48,3,1,"Nonmatching",0,437.947357428584,1,22,"m","R"
10,1,4,49,3,2,"Nonmatching",1,634.03696903697,2,22,"m","R"
10,1,4,50,2,1,"Nonmatching",1,606.633642846646,2,22,"m","R"
10,1,4,51,1,2,"Nonmatching",1,629.345336069491,2,22,"m","R"
10,1,4,52,2,2,"Matching",1,331.525498035262,1,22,"m","R"
10,1,4,53,2,1,"Nonmatching",1,548.572760585557,2,22,"m","R"
10,1,4,54,2,2,"Matching",1,597.93828989632,1,22,"m","R"
10,1,4,55,2,1,"Nonmatching",0,347.250905146211,1,22,"m","R"
10,1,4,56,3,3,"Matching",1,489.95285469573,1,22,"m","R"
10,1,4,57,2,2,"Matching",0,426.613545766031,2,22,"m","R"
10,1,4,58,1,2,"Nonmatching",0,442.63204787876,1,22,"m","R"
10,1,4,59,1,2,"Nonmatching",1,551.28758699675,2,22,"m","R"
10,1,4,60,2,1,"Nonmatching",1,593.340531846934,2,22,"m","R"
10,2,1,1,2,2,"Matching",0,544.596507301321,2,22,"m","R"
10,2,1,2,1,3,"Nonmatching",1,498.61228613554,2,22,"m","R"
10,2,1,3,3,3,"Matching",1,533.913179396222,1,22,"m","R"
10,2,1,4,3,3,"Matching",1,567.295824730536,1,22,"m","R"
10,2,1,5,1,1,"Matching",1,383.959316955952,1,22,"m","R"
10,2,1,6,2,2,"Matching",1,446.927050244994,1,22,"m","R"
10,2,1,7,3,1,"Nonmatching",1,443.342899832714,2,22,"m","R"
10,2,1,8,3,3,"Matching",0,457.320603483822,2,22,"m","R"
10,2,1,9,2,3,"Nonmatching",1,446.683156566905,2,22,"m","R"
10,2,1,10,3,2,"Nonmatching",1,461.35269723527,2,22,"m","R"
10,2,1,11,2,3,"Nonmatching",1,482.711806830594,2,22,"m","R"
10,2,1,12,2,2,"Matching",1,487.451735575632,1,22,"m","R"
10,2,1,13,1,1,"Matching",1,412.707982408392,1,22,"m","R"
10,2,1,14,3,3,"Matching",1,651.364888901298,1,22,"m","R"
10,2,1,15,1,1,"Matching",1,376.032772419421,1,22,"m","R"
10,2,1,16,2,3,"Nonmatching",1,552.042508848899,2,22,"m","R"
10,2,1,17,2,2,"Matching",1,545.914680187707,1,22,"m","R"
10,2,1,18,1,2,"Nonmatching",1,515.248974204042,2,22,"m","R"
10,2,1,19,3,3,"Matching",1,486.697717744391,1,22,"m","R"
10,2,1,20,1,1,"Matching",1,386.025772550056,1,22,"m","R"
10,2,1,21,3,3,"Matching",1,497.995609422105,1,22,"m","R"
10,2,1,22,1,2,"Nonmatching",1,525.398633763871,2,22,"m","R"
10,2,1,23,2,2,"Matching",1,464.687218845938,1,22,"m","R"
10,2,1,24,2,3,"Nonmatching",1,957.267025354668,2,22,"m","R"
10,2,1,25,2,2,"Matching",1,455.446123606635,1,22,"m","R"
10,2,1,26,3,2,"Nonmatching",1,563.93142010711,2,22,"m","R"
10,2,1,27,1,3,"Nonmatching",1,621.294730227419,2,22,"m","R"
10,2,1,28,3,1,"Nonmatching",1,660.044545722485,2,22,"m","R"
10,2,1,29,3,2,"Nonmatching",1,681.895366705248,2,22,"m","R"
10,2,1,30,3,2,"Nonmatching",1,487.333410919746,2,22,"m","R"
10,2,1,31,3,1,"Nonmatching",1,619.932789292761,2,22,"m","R"
10,2,1,32,1,1,"Matching",1,394.645361498988,1,22,"m","R"
10,2,1,33,1,2,"Nonmatching",1,506.568713683919,2,22,"m","R"
10,2,1,34,2,2,"Matching",1,486.023086097703,1,22,"m","R"
10,2,1,35,2,3,"Nonmatching",1,506.174801246743,2,22,"m","R"
10,2,1,36,1,1,"Matching",1,381.274977254179,1,22,"m","R"
10,2,1,37,3,3,"Matching",0,669.899601038196,2,22,"m","R"
10,2,1,38,2,1,"Nonmatching",1,387.226526326231,2,22,"m","R"
10,2,1,39,3,3,"Matching",1,533.266317821472,1,22,"m","R"
10,2,1,40,2,2,"Matching",1,407.699408398003,1,22,"m","R"
10,2,1,41,2,1,"Nonmatching",1,581.286809720041,2,22,"m","R"
10,2,1,42,3,1,"Nonmatching",1,557.359572138921,2,22,"m","R"
10,2,1,43,2,1,"Nonmatching",1,623.403444627911,2,22,"m","R"
10,2,1,44,1,1,"Matching",1,397.969620256845,1,22,"m","R"
10,2,1,45,3,3,"Matching",1,517.351047933516,1,22,"m","R"
10,2,1,46,3,2,"Nonmatching",1,424.050849528612,2,22,"m","R"
10,2,1,47,2,1,"Nonmatching",1,439.256775179274,2,22,"m","R"
10,2,1,48,3,3,"Matching",1,645.236154693521,1,22,"m","R"
10,2,1,49,2,2,"Matching",1,450.691102430028,1,22,"m","R"
10,2,1,50,1,3,"Nonmatching",1,495.272934947025,2,22,"m","R"
10,2,1,51,3,1,"Nonmatching",1,530.720526632649,2,22,"m","R"
10,2,1,52,1,1,"Matching",1,420.678596841753,1,22,"m","R"
10,2,1,53,1,3,"Nonmatching",1,482.73776581118,2,22,"m","R"
10,2,1,54,1,3,"Nonmatching",1,480.639917961525,2,22,"m","R"
10,2,1,55,1,1,"Matching",1,438.612932091928,1,22,"m","R"
10,2,1,56,1,2,"Nonmatching",1,356.046168461035,2,22,"m","R"
10,2,1,57,1,1,"Matching",1,453.355218274737,1,22,"m","R"
10,2,1,58,1,2,"Nonmatching",0,626.028622001286,1,22,"m","R"
10,2,1,59,2,1,"Nonmatching",1,496.612840933267,2,22,"m","R"
10,2,1,60,2,2,"Matching",1,500.014674784325,1,22,"m","R"
10,2,2,1,2,1,"Nonmatching",1,467.536066040338,2,22,"m","R"
10,2,2,2,3,3,"Matching",1,431.353472986302,1,22,"m","R"
10,2,2,3,3,2,"Nonmatching",1,460.701006082672,2,22,"m","R"
10,2,2,4,3,1,"Nonmatching",1,440.052146271228,2,22,"m","R"
10,2,2,5,1,3,"Nonmatching",1,371.961740197548,2,22,"m","R"
10,2,2,6,1,1,"Matching",1,402.738224620407,1,22,"m","R"
10,2,2,7,3,2,"Nonmatching",1,392.79834984518,2,22,"m","R"
10,2,2,8,1,3,"Nonmatching",1,496.715469461378,2,22,"m","R"
10,2,2,9,2,1,"Nonmatching",1,420.014228047876,2,22,"m","R"
10,2,2,10,1,2,"Nonmatching",1,426.011959957577,2,22,"m","R"
10,2,2,11,3,1,"Nonmatching",1,432.709980645996,2,22,"m","R"
10,2,2,12,3,1,"Nonmatching",1,365.930804940945,2,22,"m","R"
10,2,2,13,3,2,"Nonmatching",1,413.302322323943,2,22,"m","R"
10,2,2,14,2,2,"Matching",1,644.647549901492,1,22,"m","R"
10,2,2,15,2,3,"Nonmatching",1,441.907609685586,2,22,"m","R"
10,2,2,16,2,2,"Matching",0,543.348061444703,2,22,"m","R"
10,2,2,17,1,1,"Matching",0,369.279211587127,2,22,"m","R"
10,2,2,18,2,2,"Matching",1,512.703484863778,1,22,"m","R"
10,2,2,19,3,1,"Nonmatching",1,404.203095931734,2,22,"m","R"
10,2,2,20,2,3,"Nonmatching",1,489.959493838796,2,22,"m","R"
10,2,2,21,2,2,"Matching",1,420.048035092805,1,22,"m","R"
10,2,2,22,3,1,"Nonmatching",1,441.240222405213,2,22,"m","R"
10,2,2,23,1,2,"Nonmatching",0,421.313686319991,1,22,"m","R"
10,2,2,24,3,3,"Matching",0,468.007855420183,2,22,"m","R"
10,2,2,25,1,3,"Nonmatching",1,455.243885035998,2,22,"m","R"
10,2,2,26,3,3,"Matching",1,411.372604151438,1,22,"m","R"
10,2,2,27,2,1,"Nonmatching",1,481.965033365668,2,22,"m","R"
10,2,2,28,2,2,"Matching",1,469.345950315073,1,22,"m","R"
10,2,2,29,1,1,"Matching",1,472.16612189186,1,22,"m","R"
10,2,2,30,2,1,"Nonmatching",1,729.912840118232,2,22,"m","R"
10,2,2,31,1,3,"Nonmatching",0,604.006351006319,1,22,"m","R"
10,2,2,32,1,2,"Nonmatching",1,946.615391553678,2,22,"m","R"
10,2,2,33,2,2,"Matching",1,435.233435037844,1,22,"m","R"
10,2,2,34,1,1,"Matching",1,663.893719216503,1,22,"m","R"
10,2,2,35,1,1,"Matching",1,386.721533599484,1,22,"m","R"
10,2,2,36,1,3,"Nonmatching",1,352.694441478889,2,22,"m","R"
10,2,2,37,1,1,"Matching",1,386.070446144913,1,22,"m","R"
10,2,2,38,3,3,"Matching",1,543.934553296822,1,22,"m","R"
10,2,2,39,2,3,"Nonmatching",1,392.691495437248,2,22,"m","R"
10,2,2,40,3,3,"Matching",1,576.075997140833,1,22,"m","R"
10,2,2,41,2,3,"Nonmatching",1,502.643776189871,2,22,"m","R"
10,2,2,42,1,2,"Nonmatching",1,585.394063776221,2,22,"m","R"
10,2,2,43,2,1,"Nonmatching",0,648.61233141346,1,22,"m","R"
10,2,2,44,1,1,"Matching",1,363.998671978152,1,22,"m","R"
10,2,2,45,3,2,"Nonmatching",1,387.363565596388,2,22,"m","R"
10,2,2,46,1,2,"Nonmatching",0,457.975011272538,1,22,"m","R"
10,2,2,47,3,3,"Matching",1,469.973795426085,1,22,"m","R"
10,2,2,48,3,3,"Matching",1,481.388502517802,1,22,"m","R"
10,2,2,49,2,2,"Matching",0,395.32965230137,2,22,"m","R"
10,2,2,50,2,2,"Matching",1,426.685987907149,1,22,"m","R"
10,2,2,51,1,1,"Matching",1,608.486388098754,1,22,"m","R"
10,2,2,52,3,3,"Matching",1,478.039190325035,1,22,"m","R"
10,2,2,53,1,1,"Matching",1,417.393880252348,1,22,"m","R"
10,2,2,54,3,3,"Matching",1,430.051901774277,1,22,"m","R"
10,2,2,55,2,2,"Matching",1,442.027141735707,1,22,"m","R"
10,2,2,56,2,3,"Nonmatching",1,461.252785345096,2,22,"m","R"
10,2,2,57,3,3,"Matching",1,402.637105335089,1,22,"m","R"
10,2,2,58,1,1,"Matching",1,423.344523778724,1,22,"m","R"
10,2,2,59,2,2,"Matching",1,418.624818889839,1,22,"m","R"
10,2,2,60,3,2,"Nonmatching",1,679.312448137352,2,22,"m","R"
10,2,3,1,1,1,"Matching",1,369.963804238068,1,22,"m","R"
10,2,3,2,2,2,"Matching",1,409.3973068384,1,22,"m","R"
10,2,3,3,1,1,"Matching",1,431.303366116481,1,22,"m","R"
10,2,3,4,1,2,"Nonmatching",1,739.280108076855,2,22,"m","R"
10,2,3,5,3,3,"Matching",1,380.015061150516,1,22,"m","R"
10,2,3,6,3,2,"Nonmatching",1,515.381183895443,2,22,"m","R"
10,2,3,7,1,1,"Matching",1,325.994724402335,1,22,"m","R"
10,2,3,8,1,1,"Matching",1,343.664942116447,1,22,"m","R"
10,2,3,9,1,1,"Matching",1,351.408868243198,1,22,"m","R"
10,2,3,10,3,3,"Matching",1,447.985935174074,1,22,"m","R"
10,2,3,11,1,3,"Nonmatching",1,539.878009806671,2,22,"m","R"
10,2,3,12,2,2,"Matching",1,412.638557227183,1,22,"m","R"
10,2,3,13,3,2,"Nonmatching",1,465.940494281313,2,22,"m","R"
10,2,3,14,3,1,"Nonmatching",1,565.23178392581,2,22,"m","R"
10,2,3,15,1,2,"Nonmatching",1,590.028949205589,2,22,"m","R"
10,2,3,16,3,3,"Matching",1,469.345648466515,1,22,"m","R"
10,2,3,17,3,1,"Nonmatching",0,346.611588261112,1,22,"m","R"
10,2,3,18,3,3,"Matching",0,433.973217084713,2,22,"m","R"
10,2,3,19,1,3,"Nonmatching",1,598.617447746619,2,22,"m","R"
10,2,3,20,3,3,"Matching",1,454.643206299806,1,22,"m","R"
10,2,3,21,2,2,"Matching",1,562.6666744256,1,22,"m","R"
10,2,3,22,1,3,"Nonmatching",1,425.521154115813,2,22,"m","R"
10,2,3,23,1,1,"Matching",1,446.650858765679,1,22,"m","R"
10,2,3,24,1,2,"Nonmatching",1,444.092691784135,2,22,"m","R"
10,2,3,25,3,3,"Matching",1,410.148608031704,1,22,"m","R"
10,2,3,26,1,1,"Matching",1,463.973648727915,1,22,"m","R"
10,2,3,27,2,3,"Nonmatching",1,540.642592339282,2,22,"m","R"
10,2,3,28,3,1,"Nonmatching",1,727.941768685014,2,22,"m","R"
10,2,3,29,3,1,"Nonmatching",1,681.962678945638,2,22,"m","R"
10,2,3,30,3,3,"Matching",1,404.593084337648,1,22,"m","R"
10,2,3,31,1,3,"Nonmatching",1,395.254491996639,2,22,"m","R"
10,2,3,32,3,2,"Nonmatching",1,569.909230009216,2,22,"m","R"
10,2,3,33,1,1,"Matching",1,426.112475545779,1,22,"m","R"
10,2,3,34,2,2,"Matching",1,486.6518367553,1,22,"m","R"
10,2,3,35,2,1,"Nonmatching",1,544.690080370856,2,22,"m","R"
10,2,3,36,2,3,"Nonmatching",1,463.934106560373,2,22,"m","R"
10,2,3,37,3,3,"Matching",1,388.610502210213,1,22,"m","R"
10,2,3,38,3,2,"Nonmatching",1,419.916429098521,2,22,"m","R"
10,2,3,39,3,2,"Nonmatching",1,777.319070091835,2,22,"m","R"
10,2,3,40,2,3,"Nonmatching",1,440.725872371331,2,22,"m","R"
10,2,3,41,1,1,"Matching",1,413.289946531222,1,22,"m","R"
10,2,3,42,1,1,"Matching",1,657.965110638543,1,22,"m","R"
10,2,3,43,2,2,"Matching",1,509.379527954479,1,22,"m","R"
10,2,3,44,1,2,"Nonmatching",1,527.288206071717,2,22,"m","R"
10,2,3,45,2,2,"Matching",1,426.151414016203,1,22,"m","R"
10,2,3,46,2,3,"Nonmatching",1,527.383288384954,2,22,"m","R"
10,2,3,47,1,2,"Nonmatching",0,458.179664630734,1,22,"m","R"
10,2,3,48,2,2,"Matching",1,447.354769728008,1,22,"m","R"
10,2,3,49,2,2,"Matching",1,906.581512065713,1,22,"m","R"
10,2,3,50,3,1,"Nonmatching",1,546.614667116955,2,22,"m","R"
10,2,3,51,2,2,"Matching",1,435.437786547482,1,22,"m","R"
10,2,3,52,2,1,"Nonmatching",0,528.62358432867,1,22,"m","R"
10,2,3,53,2,1,"Nonmatching",1,521.295605588421,2,22,"m","R"
10,2,3,54,2,2,"Matching",1,659.244043205035,1,22,"m","R"
10,2,3,55,2,3,"Nonmatching",1,559.337284241337,2,22,"m","R"
10,2,3,56,2,1,"Nonmatching",1,568.659576757454,2,22,"m","R"
10,2,3,57,2,1,"Nonmatching",1,433.269306122384,2,22,"m","R"
10,2,3,58,3,3,"Matching",1,447.256367080627,1,22,"m","R"
10,2,3,59,3,3,"Matching",1,667.240314771334,1,22,"m","R"
10,2,3,60,1,3,"Nonmatching",1,454.659506124699,2,22,"m","R"
10,2,4,1,2,2,"Matching",1,606.6825407961,1,22,"m","R"
10,2,4,2,3,2,"Nonmatching",1,523.236794008881,2,22,"m","R"
10,2,4,3,2,2,"Matching",1,372.691610139555,1,22,"m","R"
10,2,4,4,2,3,"Nonmatching",1,474.607171612661,2,22,"m","R"
10,2,4,5,1,1,"Matching",1,438.596632266126,1,22,"m","R"
10,2,4,6,2,3,"Nonmatching",1,508.042942303291,2,22,"m","R"
10,2,4,7,2,1,"Nonmatching",1,518.00787051252,2,22,"m","R"
10,2,4,8,1,2,"Nonmatching",1,440.845102572894,2,22,"m","R"
10,2,4,9,1,2,"Nonmatching",1,542.559934719065,2,22,"m","R"
10,2,4,10,1,2,"Nonmatching",1,360.078262212483,2,22,"m","R"
10,2,4,11,3,2,"Nonmatching",1,448.687733196493,2,22,"m","R"
10,2,4,12,1,1,"Matching",1,422.018804677464,1,22,"m","R"
10,2,4,13,2,1,"Nonmatching",1,420.621245605616,2,22,"m","R"
10,2,4,14,1,1,"Matching",1,490.620844147088,1,22,"m","R"
10,2,4,15,3,3,"Matching",1,460.061992572264,1,22,"m","R"
10,2,4,16,2,2,"Matching",1,585.382291679707,1,22,"m","R"
10,2,4,17,1,2,"Nonmatching",1,512.775022984897,2,22,"m","R"
10,2,4,18,3,1,"Nonmatching",1,556.569030625724,2,22,"m","R"
10,2,4,19,3,1,"Nonmatching",1,566.588895282621,2,22,"m","R"
10,2,4,20,2,2,"Matching",1,511.285701935776,1,22,"m","R"
10,2,4,21,3,3,"Matching",1,447.380125011478,1,22,"m","R"
10,2,4,22,1,3,"Nonmatching",1,563.209096379978,2,22,"m","R"
10,2,4,23,3,3,"Matching",1,466.641084907678,1,22,"m","R"
10,2,4,24,3,3,"Matching",1,413.95220238428,1,22,"m","R"
10,2,4,25,2,3,"Nonmatching",1,530.786933327363,2,22,"m","R"
10,2,4,26,3,2,"Nonmatching",1,684.640679826771,2,22,"m","R"
10,2,4,27,3,1,"Nonmatching",1,537.318937278542,2,22,"m","R"
10,2,4,28,3,3,"Matching",1,450.662728660063,1,22,"m","R"
10,2,4,29,3,3,"Matching",1,407.308514446413,1,22,"m","R"
10,2,4,30,2,2,"Matching",1,564.733431868262,1,22,"m","R"
10,2,4,31,1,3,"Nonmatching",1,586.679637011912,2,22,"m","R"
10,2,4,32,1,3,"Nonmatching",1,753.93908404385,2,22,"m","R"
10,2,4,33,1,3,"Nonmatching",1,401.967303266247,2,22,"m","R"
10,2,4,34,1,2,"Nonmatching",1,650.690559102259,2,22,"m","R"
10,2,4,35,1,1,"Matching",1,504.00511342832,1,22,"m","R"
10,2,4,36,1,1,"Matching",1,426.69413781914,1,22,"m","R"
10,2,4,37,2,1,"Nonmatching",1,470.706683855497,2,22,"m","R"
10,2,4,38,3,2,"Nonmatching",1,699.308107555225,2,22,"m","R"
10,2,4,39,3,3,"Matching",1,453.947445250378,1,22,"m","R"
10,2,4,40,3,3,"Matching",0,433.547912391077,2,22,"m","R"
10,2,4,41,3,3,"Matching",1,423.947919152852,1,22,"m","R"
10,2,4,42,2,3,"Nonmatching",1,538.646467472063,2,22,"m","R"
10,2,4,43,1,1,"Matching",1,387.326136367847,1,22,"m","R"
10,2,4,44,1,1,"Matching",1,410.026359343647,1,22,"m","R"
10,2,4,45,2,2,"Matching",0,399.323109430952,2,22,"m","R"
10,2,4,46,3,2,"Nonmatching",1,494.611282790174,2,22,"m","R"
10,2,4,47,3,1,"Nonmatching",1,647.913250028068,2,22,"m","R"
10,2,4,48,2,2,"Matching",1,573.271823540381,1,22,"m","R"
10,2,4,49,2,3,"Nonmatching",1,460.586907308425,2,22,"m","R"
10,2,4,50,2,1,"Nonmatching",0,529.280406907674,1,22,"m","R"
10,2,4,51,1,1,"Matching",1,402.641934912936,1,22,"m","R"
10,2,4,52,1,3,"Nonmatching",1,488.020116510597,2,22,"m","R"
10,2,4,53,3,1,"Nonmatching",1,498.097030555982,2,22,"m","R"
10,2,4,54,2,1,"Nonmatching",0,404.614213741297,1,22,"m","R"
10,2,4,55,1,1,"Matching",1,362.171884181407,1,22,"m","R"
10,2,4,56,2,2,"Matching",0,472.649683367308,2,22,"m","R"
10,2,4,57,1,1,"Matching",1,460.664784249275,1,22,"m","R"
10,2,4,58,2,2,"Matching",1,608.70371909823,1,22,"m","R"
10,2,4,59,2,2,"Matching",1,485.288084729291,1,22,"m","R"
10,2,4,60,3,3,"Matching",1,544.58624444851,1,22,"m","R"
11,1,1,1,1,1,"Matching",1,231.474472893751,1,20,"f","R"
11,1,1,2,3,2,"Nonmatching",0,62.8473675565147,1,20,"f","R"
11,1,1,3,3,3,"Matching",0,148.582161542436,2,20,"f","R"
11,1,1,4,3,2,"Nonmatching",0,158.608877920869,1,20,"f","R"
11,1,1,5,3,3,"Matching",1,200.488786123515,1,20,"f","R"
11,1,1,6,3,3,"Matching",1,225.315609597146,1,20,"f","R"
11,1,1,7,3,3,"Matching",1,241.284463932061,1,20,"f","R"
11,1,1,8,3,3,"Matching",1,189.8321173976,1,20,"f","R"
11,1,1,9,1,1,"Matching",1,206.536570137359,1,20,"f","R"
11,1,1,10,3,1,"Nonmatching",1,261.814813176898,2,20,"f","R"
11,1,1,11,1,1,"Matching",1,154.639000932093,1,20,"f","R"
11,1,1,12,3,1,"Nonmatching",0,188.491921698642,1,20,"f","R"
11,1,1,13,1,3,"Nonmatching",0,141.232516256423,1,20,"f","R"
11,1,1,14,2,2,"Matching",0,160.494810967521,2,20,"f","R"
11,1,1,15,2,2,"Matching",1,151.93355632664,1,20,"f","R"
11,1,1,16,2,1,"Nonmatching",0,137.86451994838,1,20,"f","R"
11,1,1,17,1,1,"Matching",1,245.193066207776,1,20,"f","R"
11,1,1,18,2,2,"Matching",1,163.327332687004,1,20,"f","R"
11,1,1,19,2,3,"Nonmatching",1,229.268281370878,2,20,"f","R"
11,1,1,20,1,2,"Nonmatching",0,146.538061255796,1,20,"f","R"
11,1,1,21,1,1,"Matching",1,93.2046112088756,1,20,"f","R"
11,1,1,22,1,1,"Matching",0,161.326094515516,2,20,"f","R"
11,1,1,23,3,3,"Matching",1,74.5946054407796,1,20,"f","R"
11,1,1,24,2,1,"Nonmatching",0,215.960198451285,1,20,"f","R"
11,1,1,25,1,3,"Nonmatching",0,183.902355121973,1,20,"f","R"
11,1,1,26,3,2,"Nonmatching",0,217.450713397284,1,20,"f","R"
11,1,1,27,2,2,"Matching",1,176.654130051247,1,20,"f","R"
11,1,1,28,1,2,"Nonmatching",0,225.831766048486,1,20,"f","R"
11,1,1,29,2,2,"Matching",1,387.913947211018,1,20,"f","R"
11,1,1,30,2,3,"Nonmatching",1,348.51219366783,2,20,"f","R"
11,1,1,31,1,3,"Nonmatching",0,340.524144349729,1,20,"f","R"
11,1,1,32,2,2,"Matching",1,240.544639684686,1,20,"f","R"
11,1,1,33,2,2,"Matching",1,239.17969262402,1,20,"f","R"
11,1,1,34,1,1,"Matching",0,333.924284225304,2,20,"f","R"
11,1,1,35,3,3,"Matching",0,370.661342356925,2,20,"f","R"
11,1,1,36,2,3,"Nonmatching",0,187.2495240641,1,20,"f","R"
11,1,1,37,2,1,"Nonmatching",0,164.000448995466,1,20,"f","R"
11,1,1,38,2,3,"Nonmatching",1,365.287882034409,2,20,"f","R"
11,1,1,39,2,1,"Nonmatching",1,190.444562683751,2,20,"f","R"
11,1,1,40,1,1,"Matching",1,341.820572396045,1,20,"f","R"
11,1,1,41,2,1,"Nonmatching",0,207.326198953979,1,20,"f","R"
11,1,1,42,1,1,"Matching",0,207.243795029626,2,20,"f","R"
11,1,1,43,3,1,"Nonmatching",1,486.571366929638,2,20,"f","R"
11,1,1,44,2,2,"Matching",1,537.860716690375,1,20,"f","R"
11,1,1,45,3,1,"Nonmatching",1,429.286150646931,2,20,"f","R"
11,1,1,46,1,2,"Nonmatching",0,201.950927556936,1,20,"f","R"
11,1,1,47,3,2,"Nonmatching",1,465.880737524003,2,20,"f","R"
11,1,1,48,3,2,"Nonmatching",0,270.529405523575,1,20,"f","R"
11,1,1,49,3,1,"Nonmatching",1,507.885609920322,2,20,"f","R"
11,1,1,50,2,3,"Nonmatching",0,437.301969785494,1,20,"f","R"
11,1,1,51,1,2,"Nonmatching",0,468.769402577436,1,20,"f","R"
11,1,1,52,3,3,"Matching",0,329.237825121709,2,20,"f","R"
11,1,1,53,1,2,"Nonmatching",0,266.544738086395,1,20,"f","R"
11,1,1,54,3,3,"Matching",0,384.65733203202,2,20,"f","R"
11,1,1,55,2,2,"Matching",1,487.866285747259,1,20,"f","R"
11,1,1,56,3,3,"Matching",1,347.956495406379,1,20,"f","R"
11,1,1,57,2,2,"Matching",0,374.067974937134,2,20,"f","R"
11,1,1,58,1,1,"Matching",1,211.836380065051,1,20,"f","R"
11,1,1,59,1,3,"Nonmatching",1,331.334446590972,2,20,"f","R"
11,1,1,60,1,3,"Nonmatching",1,307.921771056499,2,20,"f","R"
11,1,2,1,2,2,"Matching",0,232.611526316305,2,20,"f","R"
11,1,2,2,2,3,"Nonmatching",0,287.324412026919,1,20,"f","R"
11,1,2,3,2,3,"Nonmatching",1,226.539594632413,2,20,"f","R"
11,1,2,4,2,3,"Nonmatching",1,183.854361627709,2,20,"f","R"
11,1,2,5,2,1,"Nonmatching",1,167.357880697637,2,20,"f","R"
11,1,2,6,2,1,"Nonmatching",1,223.225326891225,2,20,"f","R"
11,1,2,7,3,1,"Nonmatching",1,212.655891623854,2,20,"f","R"
11,1,2,8,1,1,"Matching",1,242.614095025147,1,20,"f","R"
11,1,2,9,1,1,"Matching",1,191.328065568996,1,20,"f","R"
11,1,2,10,1,1,"Matching",1,183.297154136653,1,20,"f","R"
11,1,2,11,1,2,"Nonmatching",0,183.974496287192,1,20,"f","R"
11,1,2,12,3,1,"Nonmatching",1,415.911661634254,2,20,"f","R"
11,1,2,13,2,2,"Matching",0,166.086505859312,2,20,"f","R"
11,1,2,14,3,3,"Matching",0,376.270846155421,2,20,"f","R"
11,1,2,15,2,3,"Nonmatching",0,145.344562653918,1,20,"f","R"
11,1,2,16,1,3,"Nonmatching",1,436.01489896173,2,20,"f","R"
11,1,2,17,1,1,"Matching",1,328.557464512414,1,20,"f","R"
11,1,2,18,1,3,"Nonmatching",1,291.880473710535,2,20,"f","R"
11,1,2,19,1,3,"Nonmatching",1,216.161529652254,2,20,"f","R"
11,1,2,20,2,2,"Matching",1,239.226780580793,1,20,"f","R"
11,1,2,21,2,1,"Nonmatching",1,205.370841355943,2,20,"f","R"
11,1,2,22,3,3,"Matching",1,221.29109850448,1,20,"f","R"
11,1,2,23,1,1,"Matching",1,430.661662313469,1,20,"f","R"
11,1,2,24,2,2,"Matching",0,388.654375150054,2,20,"f","R"
11,1,2,25,1,1,"Matching",1,263.29808382161,1,20,"f","R"
11,1,2,26,2,2,"Matching",1,252.594025292638,1,20,"f","R"
11,1,2,27,1,1,"Matching",1,258.391277227474,1,20,"f","R"
11,1,2,28,3,1,"Nonmatching",0,151.889788674453,1,20,"f","R"
11,1,2,29,2,2,"Matching",1,417.193902924282,1,20,"f","R"
11,1,2,30,3,2,"Nonmatching",1,263.245562638986,2,20,"f","R"
11,1,2,31,3,3,"Matching",1,230.571048180991,1,20,"f","R"
11,1,2,32,3,3,"Matching",1,277.830151776925,1,20,"f","R"
11,1,2,33,3,1,"Nonmatching",1,306.545957543676,2,20,"f","R"
11,1,2,34,3,2,"Nonmatching",1,363.355162877269,2,20,"f","R"
11,1,2,35,1,1,"Matching",0,332.500175372388,2,20,"f","R"
11,1,2,36,1,3,"Nonmatching",0,423.964607815833,1,20,"f","R"
11,1,2,37,2,2,"Matching",1,439.219898495139,1,20,"f","R"
11,1,2,38,1,1,"Matching",1,374.057410331261,1,20,"f","R"
11,1,2,39,2,2,"Matching",0,447.914870859677,2,20,"f","R"
11,1,2,40,2,2,"Matching",1,277.870900970356,1,20,"f","R"
11,1,2,41,3,3,"Matching",0,363.168018433043,2,20,"f","R"
11,1,2,42,3,1,"Nonmatching",0,331.246609440313,1,20,"f","R"
11,1,2,43,2,3,"Nonmatching",1,439.184884372935,2,20,"f","R"
11,1,2,44,2,1,"Nonmatching",1,611.899888437165,2,20,"f","R"
11,1,2,45,3,3,"Matching",1,570.560284356816,1,20,"f","R"
11,1,2,46,2,2,"Matching",1,307.264954425591,1,20,"f","R"
11,1,2,47,3,2,"Nonmatching",1,310.588579389332,2,20,"f","R"
11,1,2,48,3,2,"Nonmatching",1,353.234572430665,2,20,"f","R"
11,1,2,49,1,2,"Nonmatching",0,265.208768230423,1,20,"f","R"
11,1,2,50,3,3,"Matching",1,325.907257702511,1,20,"f","R"
11,1,2,51,1,2,"Nonmatching",0,322.559183222893,1,20,"f","R"
11,1,2,52,1,1,"Matching",1,238.493596943044,1,20,"f","R"
11,1,2,53,1,3,"Nonmatching",1,366.020461980952,2,20,"f","R"
11,1,2,54,2,1,"Nonmatching",0,407.284302746575,1,20,"f","R"
11,1,2,55,3,3,"Matching",0,327.212741126004,2,20,"f","R"
11,1,2,56,1,2,"Nonmatching",0,265.19910916204,1,20,"f","R"
11,1,2,57,3,3,"Matching",0,511.282281586318,2,20,"f","R"
11,1,2,58,3,3,"Matching",1,371.217342464206,1,20,"f","R"
11,1,2,59,1,2,"Nonmatching",1,339.853140962532,2,20,"f","R"
11,1,2,60,3,2,"Nonmatching",0,558.576399304457,1,20,"f","R"
11,1,3,1,3,2,"Nonmatching",0,254.57654901993,1,20,"f","R"
11,1,3,2,3,3,"Matching",1,211.282191032751,1,20,"f","R"
11,1,3,3,2,2,"Matching",1,187.894870551645,1,20,"f","R"
11,1,3,4,1,1,"Matching",1,236.600419595561,1,20,"f","R"
11,1,3,5,2,2,"Matching",0,226.508504507365,2,20,"f","R"
11,1,3,6,3,1,"Nonmatching",0,315.257531431598,1,20,"f","R"
11,1,3,7,2,2,"Matching",0,239.271755616755,2,20,"f","R"
11,1,3,8,1,3,"Nonmatching",0,508.518882572389,1,20,"f","R"
11,1,3,9,3,3,"Matching",1,409.255356330505,1,20,"f","R"
11,1,3,10,1,3,"Nonmatching",1,385.228726279365,2,20,"f","R"
11,1,3,11,2,2,"Matching",1,321.187293707226,1,20,"f","R"
11,1,3,12,1,2,"Nonmatching",1,348.487744151498,2,20,"f","R"
11,1,3,13,1,2,"Nonmatching",1,277.84675330031,2,20,"f","R"
11,1,3,14,2,3,"Nonmatching",0,305.869822777368,1,20,"f","R"
11,1,3,15,2,1,"Nonmatching",0,197.211645424886,1,20,"f","R"
11,1,3,16,2,3,"Nonmatching",1,357.91801307505,2,20,"f","R"
11,1,3,17,2,1,"Nonmatching",0,367.277046371328,1,20,"f","R"
11,1,3,18,1,1,"Matching",1,321.196349083039,1,20,"f","R"
11,1,3,19,1,1,"Matching",1,307.90698060855,1,20,"f","R"
11,1,3,20,3,3,"Matching",0,393.259939557993,2,20,"f","R"
11,1,3,21,3,2,"Nonmatching",0,248.831818268172,1,20,"f","R"
11,1,3,22,3,3,"Matching",1,439.247366470227,1,20,"f","R"
11,1,3,23,3,1,"Nonmatching",1,510.653234776328,2,20,"f","R"
11,1,3,24,2,3,"Nonmatching",1,481.206056446808,2,20,"f","R"
11,1,3,25,1,3,"Nonmatching",1,341.858303131175,2,20,"f","R"
11,1,3,26,1,1,"Matching",1,361.295668451021,1,20,"f","R"
11,1,3,27,2,2,"Matching",1,490.603122323591,1,20,"f","R"
11,1,3,28,1,1,"Matching",1,381.827225079178,1,20,"f","R"
11,1,3,29,2,3,"Nonmatching",1,525.94776541946,2,20,"f","R"
11,1,3,30,3,3,"Matching",1,208.070550889715,1,20,"f","R"
11,1,3,31,3,3,"Matching",1,375.831660402582,1,20,"f","R"
11,1,3,32,3,3,"Matching",1,326.502799620357,1,20,"f","R"
11,1,3,33,3,3,"Matching",1,177.940899029636,1,20,"f","R"
11,1,3,34,2,2,"Matching",1,362.519351640913,1,20,"f","R"
11,1,3,35,3,1,"Nonmatching",0,252.538183804973,1,20,"f","R"
11,1,3,36,1,3,"Nonmatching",1,409.88621421593,2,20,"f","R"
11,1,3,37,3,1,"Nonmatching",0,295.551221433925,1,20,"f","R"
11,1,3,38,3,2,"Nonmatching",1,531.814441906135,2,20,"f","R"
11,1,3,39,1,2,"Nonmatching",1,453.881156486204,2,20,"f","R"
11,1,3,40,3,3,"Matching",1,594.64215220305,1,20,"f","R"
11,1,3,41,1,1,"Matching",1,281.84922964374,1,20,"f","R"
11,1,3,42,2,1,"Nonmatching",0,310.522776987909,1,20,"f","R"
11,1,3,43,1,1,"Matching",1,322.561296144158,1,20,"f","R"
11,1,3,44,3,2,"Nonmatching",0,477.841380443806,1,20,"f","R"
11,1,3,45,2,1,"Nonmatching",0,385.259816404869,1,20,"f","R"
11,1,3,46,2,2,"Matching",1,489.851827933308,1,20,"f","R"
11,1,3,47,3,2,"Nonmatching",1,413.912838228953,2,20,"f","R"
11,1,3,48,3,3,"Matching",0,365.86652058304,2,20,"f","R"
11,1,3,49,2,2,"Matching",0,430.096304983635,2,20,"f","R"
11,1,3,50,3,1,"Nonmatching",0,363.184619956428,1,20,"f","R"
11,1,3,51,2,2,"Matching",1,678.001419128123,1,20,"f","R"
11,1,3,52,2,3,"Nonmatching",1,634.525048076284,2,20,"f","R"
11,1,3,53,1,1,"Matching",1,273.295822995806,1,20,"f","R"
11,1,3,54,1,1,"Matching",1,310.605180912717,1,20,"f","R"
11,1,3,55,1,1,"Matching",1,185.936494494854,1,20,"f","R"
11,1,3,56,1,2,"Nonmatching",1,315.249683439106,2,20,"f","R"
11,1,3,57,2,1,"Nonmatching",1,469.181724046848,2,20,"f","R"
11,1,3,58,2,2,"Matching",1,377.988349201587,1,20,"f","R"
11,1,3,59,1,3,"Nonmatching",1,274.505319429863,2,20,"f","R"
11,1,3,60,1,2,"Nonmatching",1,389.910959540885,2,20,"f","R"
11,1,4,1,2,3,"Nonmatching",1,418.574545970841,2,20,"f","R"
11,1,4,2,1,3,"Nonmatching",1,415.189948139414,2,20,"f","R"
11,1,4,3,1,2,"Nonmatching",1,467.863563097126,2,20,"f","R"
11,1,4,4,1,3,"Nonmatching",1,543.967964342301,2,20,"f","R"
11,1,4,5,3,1,"Nonmatching",0,280.543746221156,1,20,"f","R"
11,1,4,6,2,3,"Nonmatching",1,380.487633072335,2,20,"f","R"
11,1,4,7,2,3,"Nonmatching",1,300.589934677191,2,20,"f","R"
11,1,4,8,1,1,"Matching",1,399.186381529034,1,20,"f","R"
11,1,4,9,1,3,"Nonmatching",1,335.930050085153,2,20,"f","R"
11,1,4,10,1,3,"Nonmatching",1,313.862399783375,2,20,"f","R"
11,1,4,11,1,2,"Nonmatching",0,444.506125358203,1,20,"f","R"
11,1,4,12,1,1,"Matching",0,314.54426962182,2,20,"f","R"
11,1,4,13,1,3,"Nonmatching",1,439.821477330042,2,20,"f","R"
11,1,4,14,1,2,"Nonmatching",1,389.89345248001,2,20,"f","R"
11,1,4,15,1,1,"Matching",1,397.28928018485,1,20,"f","R"
11,1,4,16,2,2,"Matching",1,357.296210566346,1,20,"f","R"
11,1,4,17,2,2,"Matching",1,326.538115587937,1,20,"f","R"
11,1,4,18,3,2,"Nonmatching",1,401.916275650365,2,20,"f","R"
11,1,4,19,3,2,"Nonmatching",1,351.810463577749,2,20,"f","R"
11,1,4,20,3,2,"Nonmatching",1,331.918518365001,2,20,"f","R"
11,1,4,21,2,2,"Matching",0,431.323006632283,2,20,"f","R"
11,1,4,22,3,3,"Matching",0,358.520195602068,2,20,"f","R"
11,1,4,23,3,3,"Matching",1,272.543321222201,1,20,"f","R"
11,1,4,24,2,1,"Nonmatching",1,581.886145394947,2,20,"f","R"
11,1,4,25,1,1,"Matching",1,352.6082422336,1,20,"f","R"
11,1,4,26,3,3,"Matching",1,569.823478568196,1,20,"f","R"
11,1,4,27,2,2,"Matching",1,667.237293269409,1,20,"f","R"
11,1,4,28,2,3,"Nonmatching",1,408.547225900293,2,20,"f","R"
11,1,4,29,1,1,"Matching",1,321.223515212296,1,20,"f","R"
11,1,4,30,3,3,"Matching",0,541.158684754919,2,20,"f","R"
11,1,4,31,2,1,"Nonmatching",0,361.177344866974,1,20,"f","R"
11,1,4,32,1,1,"Matching",1,218.539169633914,1,20,"f","R"
11,1,4,33,3,1,"Nonmatching",1,457.894499281338,2,20,"f","R"
11,1,4,34,2,2,"Matching",1,336.050486590466,1,20,"f","R"
11,1,4,35,2,1,"Nonmatching",0,322.541978007848,1,20,"f","R"
11,1,4,36,2,2,"Matching",1,389.190755275195,1,20,"f","R"
11,1,4,37,2,1,"Nonmatching",0,317.936111754079,1,20,"f","R"
11,1,4,38,3,3,"Matching",1,360.505435942287,1,20,"f","R"
11,1,4,39,2,2,"Matching",1,545.794735596246,1,20,"f","R"
11,1,4,40,2,2,"Matching",1,388.542692175179,1,20,"f","R"
11,1,4,41,3,2,"Nonmatching",0,317.92162315196,1,20,"f","R"
11,1,4,42,3,2,"Nonmatching",0,346.5411400839,1,20,"f","R"
11,1,4,43,1,1,"Matching",1,341.242839385359,1,20,"f","R"
11,1,4,44,3,3,"Matching",0,471.818951483783,2,20,"f","R"
11,1,4,45,3,3,"Matching",1,453.934583206319,1,20,"f","R"
11,1,4,46,3,1,"Nonmatching",1,476.592945891753,2,20,"f","R"
11,1,4,47,1,2,"Nonmatching",1,537.879732980855,2,20,"f","R"
11,1,4,48,3,1,"Nonmatching",0,467.565641215515,1,20,"f","R"
11,1,4,49,3,3,"Matching",0,545.166594324201,2,20,"f","R"
11,1,4,50,3,3,"Matching",1,276.569643390303,1,20,"f","R"
11,1,4,51,3,3,"Matching",1,290.028951094428,1,20,"f","R"
11,1,4,52,2,2,"Matching",1,175.300653133945,1,20,"f","R"
11,1,4,53,2,3,"Nonmatching",1,353.210726606449,2,20,"f","R"
11,1,4,54,2,2,"Matching",1,425.959507224434,1,20,"f","R"
11,1,4,55,2,1,"Nonmatching",0,321.212346914763,1,20,"f","R"
11,1,4,56,3,1,"Nonmatching",1,428.655594607335,2,20,"f","R"
11,1,4,57,1,1,"Matching",0,227.201240797513,2,20,"f","R"
11,1,4,58,1,1,"Matching",1,313.942087094802,1,20,"f","R"
11,1,4,59,1,1,"Matching",1,245.195179128586,1,20,"f","R"
11,1,4,60,1,2,"Nonmatching",0,243.956705490746,1,20,"f","R"
11,2,1,1,3,3,"Matching",0,582.577069089893,2,20,"f","R"
11,2,1,2,1,2,"Nonmatching",1,593.883008300509,2,20,"f","R"
11,2,1,3,2,1,"Nonmatching",1,466.871394175541,2,20,"f","R"
11,2,1,4,3,2,"Nonmatching",1,615.845314389844,2,20,"f","R"
11,2,1,5,3,3,"Matching",1,455.247309410879,1,20,"f","R"
11,2,1,6,1,3,"Nonmatching",1,566.541506816066,2,20,"f","R"
11,2,1,7,3,3,"Matching",1,633.179719477994,1,20,"f","R"
11,2,1,8,3,3,"Matching",1,424.619008160334,1,20,"f","R"
11,2,1,9,1,1,"Matching",1,480.591194873341,1,20,"f","R"
11,2,1,10,1,2,"Nonmatching",1,397.931908539249,2,20,"f","R"
11,2,1,11,1,2,"Nonmatching",1,367.25108610608,2,20,"f","R"
11,2,1,12,2,2,"Matching",1,351.877169997351,1,20,"f","R"
11,2,1,13,3,2,"Nonmatching",1,458.582404517074,2,20,"f","R"
11,2,1,14,3,3,"Matching",1,425.960713087989,1,20,"f","R"
11,2,1,15,2,1,"Nonmatching",1,529.8986245989,2,20,"f","R"
11,2,1,16,1,1,"Matching",1,333.201361827378,1,20,"f","R"
11,2,1,17,3,3,"Matching",1,416.627638537648,1,20,"f","R"
11,2,1,18,2,3,"Nonmatching",1,473.06436605686,2,20,"f","R"
11,2,1,19,1,1,"Matching",1,421.940125992478,1,20,"f","R"
11,2,1,20,2,2,"Matching",1,462.535076290806,1,20,"f","R"
11,2,1,21,3,1,"Nonmatching",1,421.960047819994,2,20,"f","R"
11,2,1,22,1,1,"Matching",1,390.197107913082,1,20,"f","R"
11,2,1,23,3,3,"Matching",1,647.192914368134,1,20,"f","R"
11,2,1,24,1,3,"Nonmatching",1,468.735292473866,2,20,"f","R"
11,2,1,25,3,3,"Matching",1,531.329977751739,1,20,"f","R"
11,2,1,26,1,2,"Nonmatching",1,357.240971250576,2,20,"f","R"
11,2,1,27,1,2,"Nonmatching",1,327.600007866749,2,20,"f","R"
11,2,1,28,2,2,"Matching",1,338.854935123891,1,20,"f","R"
11,2,1,29,2,3,"Nonmatching",1,485.280370589862,2,20,"f","R"
11,2,1,30,2,1,"Nonmatching",0,402.011657428375,1,20,"f","R"
11,2,1,31,2,2,"Matching",1,402.636478395834,1,20,"f","R"
11,2,1,32,2,2,"Matching",1,401.285718090548,1,20,"f","R"
11,2,1,33,3,1,"Nonmatching",1,345.917826825826,2,20,"f","R"
11,2,1,34,2,2,"Matching",1,523.982143541616,1,20,"f","R"
11,2,1,35,1,1,"Matching",1,326.61025523339,1,20,"f","R"
11,2,1,36,1,1,"Matching",1,433.927331348968,1,20,"f","R"
11,2,1,37,2,2,"Matching",1,377.962087090964,1,20,"f","R"
11,2,1,38,3,1,"Nonmatching",1,457.909590055351,2,20,"f","R"
11,2,1,39,3,1,"Nonmatching",0,473.584748350731,1,20,"f","R"
11,2,1,40,2,1,"Nonmatching",1,471.309735967225,2,20,"f","R"
11,2,1,41,3,2,"Nonmatching",0,572.537675184321,1,20,"f","R"
11,2,1,42,1,1,"Matching",1,445.88103181286,1,20,"f","R"
11,2,1,43,1,1,"Matching",1,484.580993689633,1,20,"f","R"
11,2,1,44,3,3,"Matching",1,490.662584442362,1,20,"f","R"
11,2,1,45,1,3,"Nonmatching",0,439.308035971408,1,20,"f","R"
11,2,1,46,2,2,"Matching",1,431.226414430967,1,20,"f","R"
11,2,1,47,3,1,"Nonmatching",1,510.837057396202,2,20,"f","R"
11,2,1,48,1,1,"Matching",1,417.881506315098,1,20,"f","R"
11,2,1,49,2,2,"Matching",1,578.558594915194,1,20,"f","R"
11,2,1,50,1,1,"Matching",1,499.95189134097,1,20,"f","R"
11,2,1,51,3,2,"Nonmatching",1,521.15686612342,2,20,"f","R"
11,2,1,52,3,3,"Matching",1,580.612656114681,1,20,"f","R"
11,2,1,53,2,3,"Nonmatching",1,469.238469551783,2,20,"f","R"
11,2,1,54,2,1,"Nonmatching",0,442.705915021179,1,20,"f","R"
11,2,1,55,2,3,"Nonmatching",1,465.857493872136,2,20,"f","R"
11,2,1,56,2,3,"Nonmatching",1,408.550242838828,2,20,"f","R"
11,2,1,57,3,2,"Nonmatching",1,535.880606210412,2,20,"f","R"
11,2,1,58,1,3,"Nonmatching",1,705.981624971173,2,20,"f","R"
11,2,1,59,2,2,"Matching",1,483.970359478917,1,20,"f","R"
11,2,1,60,1,3,"Nonmatching",1,689.264494703821,2,20,"f","R"
11,2,2,1,1,2,"Nonmatching",1,590.34748752947,2,20,"f","R"
11,2,2,2,2,3,"Nonmatching",0,589.686143211111,1,20,"f","R"
11,2,2,3,1,3,"Nonmatching",1,502.60722953044,2,20,"f","R"
11,2,2,4,1,3,"Nonmatching",1,434.739296761109,2,20,"f","R"
11,2,2,5,2,3,"Nonmatching",1,536.616808307372,2,20,"f","R"
11,2,2,6,2,3,"Nonmatching",1,442.148405684748,2,20,"f","R"
11,2,2,7,3,1,"Nonmatching",1,520.102216623854,2,20,"f","R"
11,2,2,8,3,1,"Nonmatching",1,418.637630239573,2,20,"f","R"
11,2,2,9,2,2,"Matching",1,425.951959558006,1,20,"f","R"
11,2,2,10,1,2,"Nonmatching",1,432.56510090032,2,20,"f","R"
11,2,2,11,3,3,"Matching",1,486.753378474532,1,20,"f","R"
11,2,2,12,1,2,"Nonmatching",1,507.264409582604,2,20,"f","R"
11,2,2,13,1,3,"Nonmatching",1,559.336747552152,2,20,"f","R"
11,2,2,14,3,2,"Nonmatching",1,598.556488031136,2,20,"f","R"
11,2,2,15,3,2,"Nonmatching",1,551.265086925923,2,20,"f","R"
11,2,2,16,2,1,"Nonmatching",1,576.18457708395,2,20,"f","R"
11,2,2,17,3,3,"Matching",1,568.62243229989,1,20,"f","R"
11,2,2,18,2,3,"Nonmatching",1,473.824715823866,2,20,"f","R"
11,2,2,19,2,2,"Matching",1,343.043952219887,1,20,"f","R"
11,2,2,20,2,2,"Matching",1,409.980388610165,1,20,"f","R"
11,2,2,21,3,2,"Nonmatching",1,577.395582747158,2,20,"f","R"
11,2,2,22,1,1,"Matching",1,417.942479182784,1,20,"f","R"
11,2,2,23,1,2,"Nonmatching",1,600.584590485596,2,20,"f","R"
11,2,2,24,1,1,"Matching",1,471.940593853105,1,20,"f","R"
11,2,2,25,3,3,"Matching",0,526.919707627712,2,20,"f","R"
11,2,2,26,3,3,"Matching",1,642.082361806388,1,20,"f","R"
11,2,2,27,2,2,"Matching",1,422.615958912502,1,20,"f","R"
11,2,2,28,3,1,"Nonmatching",1,533.91860800275,2,20,"f","R"
11,2,2,29,1,1,"Matching",0,351.297927757514,2,20,"f","R"
11,2,2,30,2,1,"Nonmatching",1,416.549460454917,2,20,"f","R"
11,2,2,31,2,1,"Nonmatching",1,526.602467609337,2,20,"f","R"
11,2,2,32,3,3,"Matching",1,522.194612251951,1,20,"f","R"
11,2,2,33,3,3,"Matching",1,469.204662814263,1,20,"f","R"
11,2,2,34,1,3,"Nonmatching",1,482.552589389343,2,20,"f","R"
11,2,2,35,2,2,"Matching",1,262.546486064821,1,20,"f","R"
11,2,2,36,3,3,"Matching",1,579.237748140258,1,20,"f","R"
11,2,2,37,3,3,"Matching",1,451.210724482735,1,20,"f","R"
11,2,2,38,2,3,"Nonmatching",1,651.284737091373,2,20,"f","R"
11,2,2,39,2,2,"Matching",1,519.897866965039,1,20,"f","R"
11,2,2,40,2,1,"Nonmatching",0,395.916483611472,1,20,"f","R"
11,2,2,41,2,1,"Nonmatching",0,404.83391638827,1,20,"f","R"
11,2,2,42,3,2,"Nonmatching",1,611.905018296966,2,20,"f","R"
11,2,2,43,1,1,"Matching",1,361.254917737824,1,20,"f","R"
11,2,2,44,1,1,"Matching",1,418.233760454314,1,20,"f","R"
11,2,2,45,3,2,"Nonmatching",1,545.233602589178,2,20,"f","R"
11,2,2,46,1,1,"Matching",1,418.547378321819,1,20,"f","R"
11,2,2,47,3,3,"Matching",0,506.862954565804,2,20,"f","R"
11,2,2,48,2,2,"Matching",1,438.6146959896,1,20,"f","R"
11,2,2,49,3,1,"Nonmatching",1,477.291113887986,2,20,"f","R"
11,2,2,50,2,2,"Matching",1,427.242048840526,1,20,"f","R"
11,2,2,51,1,1,"Matching",1,418.559452156842,1,20,"f","R"
11,2,2,52,2,2,"Matching",1,730.577838192403,1,20,"f","R"
11,2,2,53,3,3,"Matching",1,445.896425952924,1,20,"f","R"
11,2,2,54,1,1,"Matching",1,403.305067015935,1,20,"f","R"
11,2,2,55,2,2,"Matching",1,371.901927396721,1,20,"f","R"
11,2,2,56,1,1,"Matching",1,413.262358842076,1,20,"f","R"
11,2,2,57,1,3,"Nonmatching",1,437.459531814056,2,20,"f","R"
11,2,2,58,1,2,"Nonmatching",1,579.46503808671,2,20,"f","R"
11,2,2,59,1,1,"Matching",1,363.30414940403,1,20,"f","R"
11,2,2,60,3,1,"Nonmatching",1,476.576946540263,2,20,"f","R"
11,2,3,1,1,1,"Matching",1,449.138250683063,1,20,"f","R"
11,2,3,2,3,3,"Matching",1,447.158745415436,1,20,"f","R"
11,2,3,3,1,1,"Matching",1,405.369089129636,1,20,"f","R"
11,2,3,4,3,3,"Matching",1,476.662972616396,1,20,"f","R"
11,2,3,5,3,2,"Nonmatching",1,408.52337855631,2,20,"f","R"
11,2,3,6,2,2,"Matching",1,303.278776239495,1,20,"f","R"
11,2,3,7,2,3,"Nonmatching",1,426.566819611253,2,20,"f","R"
11,2,3,8,3,2,"Nonmatching",1,632.509923474572,2,20,"f","R"
11,2,3,9,3,1,"Nonmatching",1,501.254356304344,2,20,"f","R"
11,2,3,10,2,3,"Nonmatching",1,746.006992098046,2,20,"f","R"
11,2,3,11,2,2,"Matching",1,421.494299629558,1,20,"f","R"
11,2,3,12,3,1,"Nonmatching",1,445.499196776836,2,20,"f","R"
11,2,3,13,3,3,"Matching",1,539.927152052769,1,20,"f","R"
11,2,3,14,3,1,"Nonmatching",1,398.11905298393,2,20,"f","R"
11,2,3,15,1,2,"Nonmatching",1,852.612013786711,2,20,"f","R"
11,2,3,16,3,3,"Matching",1,616.544691290073,1,20,"f","R"
11,2,3,17,2,3,"Nonmatching",1,520.634069061998,2,20,"f","R"
11,2,3,18,1,2,"Nonmatching",0,451.309729930472,1,20,"f","R"
11,2,3,19,2,1,"Nonmatching",1,489.904951288736,2,20,"f","R"
11,2,3,20,2,2,"Matching",1,526.707509975495,1,20,"f","R"
11,2,3,21,3,3,"Matching",1,689.905917194665,1,20,"f","R"
11,2,3,22,3,2,"Nonmatching",1,510.886861966355,2,20,"f","R"
11,2,3,23,1,3,"Nonmatching",1,714.756284646683,2,20,"f","R"
11,2,3,24,1,2,"Nonmatching",1,525.24899069158,2,20,"f","R"
11,2,3,25,3,2,"Nonmatching",1,656.180677234261,2,20,"f","R"
11,2,3,26,3,3,"Matching",1,468.572597545062,1,20,"f","R"
11,2,3,27,1,1,"Matching",1,457.947018944651,1,20,"f","R"
11,2,3,28,2,2,"Matching",1,424.644665059532,1,20,"f","R"
11,2,3,29,3,1,"Nonmatching",1,408.709013770931,2,20,"f","R"
11,2,3,30,1,1,"Matching",1,327.926605106768,1,20,"f","R"
11,2,3,31,1,1,"Matching",1,322.518734355072,1,20,"f","R"
11,2,3,32,2,1,"Nonmatching",1,446.635646508184,2,20,"f","R"
11,2,3,33,1,3,"Nonmatching",1,653.314348775893,2,20,"f","R"
11,2,3,34,1,3,"Nonmatching",1,588.607346042409,2,20,"f","R"
11,2,3,35,2,2,"Matching",1,444.58913145445,1,20,"f","R"
11,2,3,36,3,3,"Matching",1,483.405907686574,1,20,"f","R"
11,2,3,37,2,2,"Matching",1,441.202118856381,1,20,"f","R"
11,2,3,38,1,1,"Matching",1,369.210971392931,1,20,"f","R"
11,2,3,39,1,1,"Matching",1,363.271851894751,1,20,"f","R"
11,2,3,40,2,1,"Nonmatching",0,405.500693933391,1,20,"f","R"
11,2,3,41,1,1,"Matching",1,397.871841209962,1,20,"f","R"
11,2,3,42,3,1,"Nonmatching",1,575.907784413175,2,20,"f","R"
11,2,3,43,1,3,"Nonmatching",1,767.844937686277,2,20,"f","R"
11,2,3,44,2,3,"Nonmatching",0,672.48065649801,1,20,"f","R"
11,2,3,45,1,1,"Matching",1,527.878068290192,1,20,"f","R"
11,2,3,46,1,3,"Nonmatching",0,563.260743966566,1,20,"f","R"
11,2,3,47,2,1,"Nonmatching",1,557.878228269146,2,20,"f","R"
11,2,3,48,2,3,"Nonmatching",1,503.26766831131,2,20,"f","R"
11,2,3,49,3,2,"Nonmatching",1,595.838667743919,2,20,"f","R"
11,2,3,50,2,2,"Matching",1,365.229020568222,1,20,"f","R"
11,2,3,51,2,2,"Matching",1,463.267958083634,1,20,"f","R"
11,2,3,52,3,3,"Matching",1,461.309883872673,1,20,"f","R"
11,2,3,53,1,1,"Matching",1,379.362350118754,1,20,"f","R"
11,2,3,54,2,2,"Matching",1,412.619728967911,1,20,"f","R"
11,2,3,55,3,3,"Matching",1,611.910753369557,1,20,"f","R"
11,2,3,56,3,3,"Matching",1,410.618792641799,1,20,"f","R"
11,2,3,57,2,1,"Nonmatching",1,514.557307843461,2,20,"f","R"
11,2,3,58,1,2,"Nonmatching",0,500.730955552172,1,20,"f","R"
11,2,3,59,1,2,"Nonmatching",1,450.290698246135,2,20,"f","R"
11,2,3,60,2,2,"Matching",1,416.608320400883,1,20,"f","R"
11,2,4,1,1,1,"Matching",1,562.792279164569,1,20,"f","R"
11,2,4,2,2,1,"Nonmatching",1,428.835795077248,2,20,"f","R"
11,2,4,3,3,2,"Nonmatching",1,577.88064907254,2,20,"f","R"
11,2,4,4,1,2,"Nonmatching",1,505.165071500414,2,20,"f","R"
11,2,4,5,1,3,"Nonmatching",1,507.169026285737,2,20,"f","R"
11,2,4,6,2,3,"Nonmatching",1,445.84450846196,2,20,"f","R"
11,2,4,7,2,2,"Matching",1,428.749165310364,1,20,"f","R"
11,2,4,8,3,2,"Nonmatching",1,435.860352351483,2,20,"f","R"
11,2,4,9,1,1,"Matching",1,578.569461366897,1,20,"f","R"
11,2,4,10,1,1,"Matching",1,403.959770725123,1,20,"f","R"
11,2,4,11,2,3,"Nonmatching",1,486.621471825856,2,20,"f","R"
11,2,4,12,2,2,"Matching",1,371.190778507298,1,20,"f","R"
11,2,4,13,3,1,"Nonmatching",1,484.589747220525,2,20,"f","R"
11,2,4,14,1,2,"Nonmatching",1,514.202035245944,2,20,"f","R"
11,2,4,15,2,2,"Matching",1,357.871829136457,1,20,"f","R"
11,2,4,16,3,3,"Matching",1,432.05075552396,1,20,"f","R"
11,2,4,17,1,1,"Matching",1,413.917364397093,1,20,"f","R"
11,2,4,18,1,3,"Nonmatching",1,405.850835150886,2,20,"f","R"
11,2,4,19,1,3,"Nonmatching",1,390.603694311721,2,20,"f","R"
11,2,4,20,3,3,"Matching",0,335.914050733663,2,20,"f","R"
11,2,4,21,1,3,"Nonmatching",1,474.775832186424,2,20,"f","R"
11,2,4,22,3,1,"Nonmatching",1,504.586131107317,2,20,"f","R"
11,2,4,23,2,3,"Nonmatching",1,515.227405692713,2,20,"f","R"
11,2,4,24,2,1,"Nonmatching",1,512.609496392542,2,20,"f","R"
11,2,4,25,2,3,"Nonmatching",1,524.597305440693,2,20,"f","R"
11,2,4,26,3,3,"Matching",1,327.858689784989,1,20,"f","R"
11,2,4,27,1,1,"Matching",0,395.247291299711,2,20,"f","R"
11,2,4,28,3,2,"Nonmatching",1,532.645422089445,2,20,"f","R"
11,2,4,29,2,3,"Nonmatching",1,751.248545770977,2,20,"f","R"
11,2,4,30,3,3,"Matching",1,552.207751602509,1,20,"f","R"
11,2,4,31,1,1,"Matching",1,473.972922150097,1,20,"f","R"
11,2,4,32,1,3,"Nonmatching",1,439.950363999742,2,20,"f","R"
11,2,4,33,3,2,"Nonmatching",1,486.661919173457,2,20,"f","R"
11,2,4,34,2,1,"Nonmatching",0,554.60803002552,1,20,"f","R"
11,2,4,35,1,1,"Matching",1,396.90442517076,1,20,"f","R"
11,2,4,36,2,2,"Matching",1,341.268494765245,1,20,"f","R"
11,2,4,37,3,1,"Nonmatching",1,415.128370060302,2,20,"f","R"
11,2,4,38,2,2,"Matching",1,535.232844955317,1,20,"f","R"
11,2,4,39,3,3,"Matching",1,434.009131581661,1,20,"f","R"
11,2,4,40,3,3,"Matching",1,248.729490995174,1,20,"f","R"
11,2,4,41,2,2,"Matching",1,263.311363520188,1,20,"f","R"
11,2,4,42,2,1,"Nonmatching",1,467.890124014048,2,20,"f","R"
11,2,4,43,2,2,"Matching",1,496.582385803777,1,20,"f","R"
11,2,4,44,1,1,"Matching",1,414.005503394037,1,20,"f","R"
11,2,4,45,2,2,"Matching",1,342.308957507157,1,20,"f","R"
11,2,4,46,1,2,"Nonmatching",0,385.349161264458,1,20,"f","R"
11,2,4,47,3,3,"Matching",1,418.653628070388,1,20,"f","R"
11,2,4,48,1,1,"Matching",1,330.487465536862,1,20,"f","R"
11,2,4,49,3,3,"Matching",0,509.223993023625,2,20,"f","R"
11,2,4,50,3,1,"Nonmatching",1,579.349732961418,2,20,"f","R"
11,2,4,51,1,2,"Nonmatching",0,396.667476156836,1,20,"f","R"
11,2,4,52,1,2,"Nonmatching",0,350.109862381032,1,20,"f","R"
11,2,4,53,3,2,"Nonmatching",1,545.188023861556,2,20,"f","R"
11,2,4,54,2,1,"Nonmatching",1,690.140149596118,2,20,"f","R"
11,2,4,55,3,3,"Matching",0,500.632553795185,2,20,"f","R"
11,2,4,56,3,3,"Matching",1,466.122514552808,1,20,"f","R"
11,2,4,57,3,1,"Nonmatching",1,399.204188915974,2,20,"f","R"
11,2,4,58,1,1,"Matching",1,415.947579774183,1,20,"f","R"
11,2,4,59,2,2,"Matching",1,368.551739995382,1,20,"f","R"
11,2,4,60,2,2,"Matching",1,339.255484604109,1,20,"f","R"
12,1,1,1,3,2,"Nonmatching",0,590.402921053737,1,21,"m","R"
12,1,1,2,1,2,"Nonmatching",0,607.12141009617,1,21,"m","R"
12,1,1,3,3,3,"Matching",0,919.732131939782,2,21,"m","R"
12,1,1,4,2,3,"Nonmatching",1,754.369803431473,2,21,"m","R"
12,1,1,5,2,1,"Nonmatching",0,813.095658183556,1,21,"m","R"
12,1,1,6,1,3,"Nonmatching",0,933.177978336971,1,21,"m","R"
12,1,1,7,1,2,"Nonmatching",1,815.712987493498,2,21,"m","R"
12,1,1,8,2,2,"Matching",0,872.423399067429,2,21,"m","R"
12,1,1,9,3,3,"Matching",0,989.940911569192,2,21,"m","R"
12,1,1,10,2,3,"Nonmatching",0,879.145265795614,1,21,"m","R"
12,1,1,11,1,1,"Matching",1,677.154815682115,1,21,"m","R"
12,1,1,12,2,2,"Matching",1,970.484655620567,1,21,"m","R"
12,1,1,13,1,3,"Nonmatching",0,853.040794179833,1,21,"m","R"
12,1,1,14,3,3,"Matching",0,668.51288993621,2,21,"m","R"
12,1,1,15,3,1,"Nonmatching",3,1066.42180349536,1,21,"m","R"
12,1,1,16,3,3,"Matching",3,1337.18876157673,1,21,"m","R"
12,1,1,17,2,2,"Matching",3,1036.46785653791,2,21,"m","R"
12,1,1,18,3,3,"Matching",3,1211.69671060898,2,21,"m","R"
12,1,1,19,1,1,"Matching",1,427.759946685455,1,21,"m","R"
12,1,1,20,1,1,"Matching",1,507.810802139829,1,21,"m","R"
12,1,1,21,3,1,"Nonmatching",1,551.005338438245,2,21,"m","R"
12,1,1,22,1,2,"Nonmatching",1,768.452852247265,2,21,"m","R"
12,1,1,23,2,1,"Nonmatching",1,697.778320211,2,21,"m","R"
12,1,1,24,2,3,"Nonmatching",0,885.775370546071,1,21,"m","R"
12,1,1,25,1,1,"Matching",1,569.814732812574,1,21,"m","R"
12,1,1,26,3,2,"Nonmatching",0,762.545373072498,1,21,"m","R"
12,1,1,27,1,3,"Nonmatching",1,635.798235578477,2,21,"m","R"
12,1,1,28,2,2,"Matching",1,601.732204987002,1,21,"m","R"
12,1,1,29,1,1,"Matching",1,690.488978092617,1,21,"m","R"
12,1,1,30,2,3,"Nonmatching",1,926.459130094827,2,21,"m","R"
12,1,1,31,2,2,"Matching",3,1106.39229477511,2,21,"m","R"
12,1,1,32,3,3,"Matching",1,897.151742862661,1,21,"m","R"
12,1,1,33,1,3,"Nonmatching",1,741.813203043421,2,21,"m","R"
12,1,1,34,1,1,"Matching",1,520.48331239439,1,21,"m","R"
12,1,1,35,1,1,"Matching",1,459.806610066607,1,21,"m","R"
12,1,1,36,3,3,"Matching",0,425.726392590605,2,21,"m","R"
12,1,1,37,2,2,"Matching",1,713.084459600395,1,21,"m","R"
12,1,1,38,3,1,"Nonmatching",0,629.172960405413,1,21,"m","R"
12,1,1,39,3,3,"Matching",0,749.133635568342,2,21,"m","R"
12,1,1,40,1,1,"Matching",1,543.830095095473,1,21,"m","R"
12,1,1,41,2,2,"Matching",1,962.480234142276,1,21,"m","R"
12,1,1,42,3,1,"Nonmatching",1,435.186931770659,2,21,"m","R"
12,1,1,43,3,1,"Nonmatching",1,714.428591466913,2,21,"m","R"
12,1,1,44,2,2,"Matching",1,606.667127935907,1,21,"m","R"
12,1,1,45,2,1,"Nonmatching",1,687.084427604077,2,21,"m","R"
12,1,1,46,2,1,"Nonmatching",0,677.050074213639,1,21,"m","R"
12,1,1,47,2,3,"Nonmatching",1,963.810480972825,2,21,"m","R"
12,1,1,48,2,2,"Matching",0,495.703050637076,2,21,"m","R"
12,1,1,49,1,1,"Matching",1,380.511885384294,1,21,"m","R"
12,1,1,50,2,1,"Nonmatching",1,509.798777095057,2,21,"m","R"
12,1,1,51,1,2,"Nonmatching",0,450.484619399049,1,21,"m","R"
12,1,1,52,3,2,"Nonmatching",1,496.734467342321,2,21,"m","R"
12,1,1,53,3,3,"Matching",0,621.81087277213,2,21,"m","R"
12,1,1,54,3,2,"Nonmatching",1,637.85654125968,2,21,"m","R"
12,1,1,55,1,2,"Nonmatching",0,420.473924902126,1,21,"m","R"
12,1,1,56,1,3,"Nonmatching",1,533.18751675306,2,21,"m","R"
12,1,1,57,3,2,"Nonmatching",0,737.11160907169,1,21,"m","R"
12,1,1,58,3,3,"Matching",1,635.70194587146,1,21,"m","R"
12,1,1,59,2,2,"Matching",0,426.417927759303,2,21,"m","R"
12,1,1,60,1,1,"Matching",1,417.884365665032,1,21,"m","R"
12,1,2,1,2,2,"Matching",1,785.759342385063,1,21,"m","R"
12,1,2,2,2,3,"Nonmatching",1,443.136114953177,2,21,"m","R"
12,1,2,3,3,3,"Matching",1,658.548565423189,1,21,"m","R"
12,1,2,4,1,3,"Nonmatching",1,513.145070801329,2,21,"m","R"
12,1,2,5,1,1,"Matching",1,397.967186886945,1,21,"m","R"
12,1,2,6,1,3,"Nonmatching",1,558.441982678687,2,21,"m","R"
12,1,2,7,3,3,"Matching",1,616.48415032596,1,21,"m","R"
12,1,2,8,3,3,"Matching",1,536.487325773578,1,21,"m","R"
12,1,2,9,3,3,"Matching",1,434.354433300086,1,21,"m","R"
12,1,2,10,2,2,"Matching",1,521.137418335456,1,21,"m","R"
12,1,2,11,2,1,"Nonmatching",1,604.437070394397,2,21,"m","R"
12,1,2,12,3,3,"Matching",1,524.493974894995,1,21,"m","R"
12,1,2,13,2,1,"Nonmatching",1,543.041364673627,2,21,"m","R"
12,1,2,14,3,2,"Nonmatching",0,881.707960506446,1,21,"m","R"
12,1,2,15,2,2,"Matching",1,423.298020511083,1,21,"m","R"
12,1,2,16,3,1,"Nonmatching",1,703.174467837471,2,21,"m","R"
12,1,2,17,1,1,"Matching",1,363.135064519611,1,21,"m","R"
12,1,2,18,3,1,"Nonmatching",1,822.423082126079,2,21,"m","R"
12,1,2,19,3,3,"Matching",1,687.14057144598,1,21,"m","R"
12,1,2,20,1,1,"Matching",1,395.750108835728,1,21,"m","R"
12,1,2,21,3,3,"Matching",1,756.533756126828,1,21,"m","R"
12,1,2,22,1,2,"Nonmatching",0,414.496416849943,1,21,"m","R"
12,1,2,23,2,1,"Nonmatching",1,597.78191220903,2,21,"m","R"
12,1,2,24,2,2,"Matching",3,1055.12481736332,2,21,"m","R"
12,1,2,25,1,1,"Matching",1,454.663713424452,1,21,"m","R"
12,1,2,26,2,2,"Matching",1,397.796038724209,1,21,"m","R"
12,1,2,27,2,2,"Matching",1,351.18004841479,1,21,"m","R"
12,1,2,28,1,2,"Nonmatching",1,842.594115586508,2,21,"m","R"
12,1,2,29,2,1,"Nonmatching",0,409.825913284749,1,21,"m","R"
12,1,2,30,1,1,"Matching",1,418.461802058573,1,21,"m","R"
12,1,2,31,2,2,"Matching",1,890.402709759655,1,21,"m","R"
12,1,2,32,3,2,"Nonmatching",1,712.475630951303,2,21,"m","R"
12,1,2,33,1,1,"Matching",1,469.016011201802,1,21,"m","R"
12,1,2,34,1,2,"Nonmatching",0,467.064559928531,1,21,"m","R"
12,1,2,35,2,3,"Nonmatching",0,856.471303648959,1,21,"m","R"
12,1,2,36,3,1,"Nonmatching",1,481.073052137162,2,21,"m","R"
12,1,2,37,2,3,"Nonmatching",1,558.902905508603,2,21,"m","R"
12,1,2,38,3,1,"Nonmatching",0,625.046689886858,1,21,"m","R"
12,1,2,39,1,3,"Nonmatching",1,632.531328056757,2,21,"m","R"
12,1,2,40,1,1,"Matching",1,344.437354131969,1,21,"m","R"
12,1,2,41,3,1,"Nonmatching",1,643.83042712916,2,21,"m","R"
12,1,2,42,2,3,"Nonmatching",1,739.725618047032,2,21,"m","R"
12,1,2,43,3,3,"Matching",1,535.119649714943,1,21,"m","R"
12,1,2,44,3,3,"Matching",1,651.044005245694,1,21,"m","R"
12,1,2,45,2,2,"Matching",0,562.419441831935,2,21,"m","R"
12,1,2,46,3,2,"Nonmatching",1,630.499283204699,2,21,"m","R"
12,1,2,47,3,2,"Nonmatching",1,541.709306751272,2,21,"m","R"
12,1,2,48,1,2,"Nonmatching",1,825.39991313206,2,21,"m","R"
12,1,2,49,1,3,"Nonmatching",1,697.152588038989,2,21,"m","R"
12,1,2,50,2,1,"Nonmatching",1,486.443844481073,2,21,"m","R"
12,1,2,51,1,1,"Matching",1,331.841211576375,1,21,"m","R"
12,1,2,52,3,2,"Nonmatching",0,734.395273417249,1,21,"m","R"
12,1,2,53,3,3,"Matching",1,563.435464257964,1,21,"m","R"
12,1,2,54,1,3,"Nonmatching",1,604.456086857226,2,21,"m","R"
12,1,2,55,1,1,"Matching",1,381.838208182671,1,21,"m","R"
12,1,2,56,2,2,"Matching",0,535.425422358458,2,21,"m","R"
12,1,2,57,1,2,"Nonmatching",1,642.453091915286,2,21,"m","R"
12,1,2,58,2,2,"Matching",0,961.732555131675,2,21,"m","R"
12,1,2,59,2,3,"Nonmatching",1,821.092533446972,2,21,"m","R"
12,1,2,60,1,1,"Matching",1,565.104988927942,1,21,"m","R"
12,1,3,1,1,1,"Matching",1,461.614381400068,1,21,"m","R"
12,1,3,2,3,2,"Nonmatching",1,755.12472680839,2,21,"m","R"
12,1,3,3,1,2,"Nonmatching",1,573.197248352244,2,21,"m","R"
12,1,3,4,3,3,"Matching",0,614.500099403358,2,21,"m","R"
12,1,3,5,1,1,"Matching",1,519.098732813745,1,21,"m","R"
12,1,3,6,3,3,"Matching",1,395.238173590769,1,21,"m","R"
12,1,3,7,2,2,"Matching",1,700.411647497276,1,21,"m","R"
12,1,3,8,1,1,"Matching",1,433.202277150031,1,21,"m","R"
12,1,3,9,1,1,"Matching",1,448.544336524719,1,21,"m","R"
12,1,3,10,3,3,"Matching",1,518.469076610472,1,21,"m","R"
12,1,3,11,2,2,"Matching",1,577.743088440911,1,21,"m","R"
12,1,3,12,2,2,"Matching",1,547.130205965004,1,21,"m","R"
12,1,3,13,2,3,"Nonmatching",1,749.871353575145,2,21,"m","R"
12,1,3,14,1,1,"Matching",1,512.410371281021,1,21,"m","R"
12,1,3,15,3,1,"Nonmatching",1,853.055282913374,2,21,"m","R"
12,1,3,16,3,2,"Nonmatching",0,578.496804423594,1,21,"m","R"
12,1,3,17,3,2,"Nonmatching",0,517.057632502656,1,21,"m","R"
12,1,3,18,2,1,"Nonmatching",1,608.509008162855,2,21,"m","R"
12,1,3,19,2,2,"Matching",0,695.7384272946,2,21,"m","R"
12,1,3,20,1,1,"Matching",1,548.454717671575,1,21,"m","R"
12,1,3,21,1,3,"Nonmatching",1,535.84831226317,2,21,"m","R"
12,1,3,22,3,1,"Nonmatching",1,817.785178211125,2,21,"m","R"
12,1,3,23,3,1,"Nonmatching",1,513.808232200518,2,21,"m","R"
12,1,3,24,2,1,"Nonmatching",1,542.495924232753,2,21,"m","R"
12,1,3,25,3,1,"Nonmatching",1,513.066590162452,2,21,"m","R"
12,1,3,26,2,2,"Matching",1,483.871490614092,1,21,"m","R"
12,1,3,27,2,2,"Matching",1,616.516146279082,1,21,"m","R"
12,1,3,28,3,3,"Matching",1,424.588121476518,1,21,"m","R"
12,1,3,29,1,2,"Nonmatching",1,559.844975025044,2,21,"m","R"
12,1,3,30,2,2,"Matching",0,546.001594006157,2,21,"m","R"
12,1,3,31,2,3,"Nonmatching",0,763.862036715636,1,21,"m","R"
12,1,3,32,1,1,"Matching",1,574.428186989735,1,21,"m","R"
12,1,3,33,2,2,"Matching",0,839.054940617189,2,21,"m","R"
12,1,3,34,1,3,"Nonmatching",1,670.585684350954,2,21,"m","R"
12,1,3,35,2,1,"Nonmatching",0,915.941818926058,1,21,"m","R"
12,1,3,36,3,1,"Nonmatching",1,552.149948372971,2,21,"m","R"
12,1,3,37,1,2,"Nonmatching",1,625.820629727059,2,21,"m","R"
12,1,3,38,2,1,"Nonmatching",1,615.806500193685,2,21,"m","R"
12,1,3,39,3,3,"Matching",1,567.240567853787,1,21,"m","R"
12,1,3,40,1,1,"Matching",1,489.131202668432,1,21,"m","R"
12,1,3,41,1,2,"Nonmatching",1,758.477963032874,2,21,"m","R"
12,1,3,42,3,2,"Nonmatching",0,655.725677209375,1,21,"m","R"
12,1,3,43,3,3,"Matching",0,507.869964467773,2,21,"m","R"
12,1,3,44,1,3,"Nonmatching",1,663.141192047078,2,21,"m","R"
12,1,3,45,2,1,"Nonmatching",1,677.166889626278,2,21,"m","R"
12,1,3,46,3,3,"Matching",1,593.703635619931,1,21,"m","R"
12,1,3,47,3,3,"Matching",1,819.049320195973,1,21,"m","R"
12,1,3,48,2,3,"Nonmatching",1,569.748024269302,2,21,"m","R"
12,1,3,49,3,3,"Matching",1,769.720918263829,1,21,"m","R"
12,1,3,50,1,3,"Nonmatching",1,634.517491920178,2,21,"m","R"
12,1,3,51,3,3,"Matching",1,799.8276006183,1,21,"m","R"
12,1,3,52,2,2,"Matching",0,783.922593584066,2,21,"m","R"
12,1,3,53,2,3,"Nonmatching",1,608.450751380587,2,21,"m","R"
12,1,3,54,2,2,"Matching",1,561.16103497061,1,21,"m","R"
12,1,3,55,1,1,"Matching",1,595.04444715185,1,21,"m","R"
12,1,3,56,1,1,"Matching",1,483.084571284053,1,21,"m","R"
12,1,3,57,1,2,"Nonmatching",1,534.50689703368,2,21,"m","R"
12,1,3,58,1,3,"Nonmatching",1,593.137367624422,2,21,"m","R"
12,1,3,59,2,3,"Nonmatching",1,792.37797688802,2,21,"m","R"
12,1,3,60,3,2,"Nonmatching",1,601.067836193124,2,21,"m","R"
12,1,4,1,2,1,"Nonmatching",1,641.199212783249,2,21,"m","R"
12,1,4,2,3,2,"Nonmatching",3,1063.90740456163,2,21,"m","R"
12,1,4,3,1,1,"Matching",1,501.91660430437,1,21,"m","R"
12,1,4,4,3,3,"Matching",1,530.499856716688,1,21,"m","R"
12,1,4,5,3,2,"Nonmatching",1,549.357848717136,2,21,"m","R"
12,1,4,6,2,1,"Nonmatching",1,481.293703472602,2,21,"m","R"
12,1,4,7,3,1,"Nonmatching",1,582.444078715071,2,21,"m","R"
12,1,4,8,1,2,"Nonmatching",1,648.473160621961,2,21,"m","R"
12,1,4,9,1,2,"Nonmatching",1,502.60663022982,2,21,"m","R"
12,1,4,10,2,2,"Matching",1,538.49431719118,1,21,"m","R"
12,1,4,11,1,3,"Nonmatching",1,549.700145042152,2,21,"m","R"
12,1,4,12,1,1,"Matching",1,519.176609755505,1,21,"m","R"
12,1,4,13,2,2,"Matching",1,657.719990985242,1,21,"m","R"
12,1,4,14,1,1,"Matching",1,536.018554879774,1,21,"m","R"
12,1,4,15,2,1,"Nonmatching",1,697.056600180531,2,21,"m","R"
12,1,4,16,2,2,"Matching",0,845.55585416183,2,21,"m","R"
12,1,4,17,2,2,"Matching",1,837.674888765832,1,21,"m","R"
12,1,4,18,3,3,"Matching",1,580.414146803832,1,21,"m","R"
12,1,4,19,1,3,"Nonmatching",1,573.771062562628,2,21,"m","R"
12,1,4,20,2,2,"Matching",1,609.086444556397,1,21,"m","R"
12,1,4,21,2,3,"Nonmatching",1,602.488033910504,2,21,"m","R"
12,1,4,22,3,2,"Nonmatching",1,787.145431208501,2,21,"m","R"
12,1,4,23,2,2,"Matching",1,548.464980524386,1,21,"m","R"
12,1,4,24,2,2,"Matching",1,456.548154305437,1,21,"m","R"
12,1,4,25,3,3,"Matching",0,543.105960276534,2,21,"m","R"
12,1,4,26,3,3,"Matching",1,641.137333817824,1,21,"m","R"
12,1,4,27,2,2,"Matching",1,640.041925206788,1,21,"m","R"
12,1,4,28,3,3,"Matching",1,525.777435190321,1,21,"m","R"
12,1,4,29,2,3,"Nonmatching",1,775.08748472701,2,21,"m","R"
12,1,4,30,3,1,"Nonmatching",1,650.517883115754,2,21,"m","R"
12,1,4,31,2,3,"Nonmatching",0,561.212651083224,1,21,"m","R"
12,1,4,32,2,3,"Nonmatching",1,578.521556009491,2,21,"m","R"
12,1,4,33,1,1,"Matching",1,443.11981512783,1,21,"m","R"
12,1,4,34,3,2,"Nonmatching",0,641.794156396372,1,21,"m","R"
12,1,4,35,1,1,"Matching",1,465.842374901058,1,21,"m","R"
12,1,4,36,1,1,"Matching",1,439.791330489697,1,21,"m","R"
12,1,4,37,1,2,"Nonmatching",0,455.099280970899,1,21,"m","R"
12,1,4,38,2,1,"Nonmatching",1,677.135799219741,2,21,"m","R"
12,1,4,39,2,2,"Matching",1,906.362653241558,1,21,"m","R"
12,1,4,40,1,3,"Nonmatching",1,583.147385979828,2,21,"m","R"
12,1,4,41,1,3,"Nonmatching",0,567.856942718663,1,21,"m","R"
12,1,4,42,1,1,"Matching",1,441.749724280271,1,21,"m","R"
12,1,4,43,1,2,"Nonmatching",1,566.466326165937,2,21,"m","R"
12,1,4,44,1,1,"Matching",1,568.414758952258,1,21,"m","R"
12,1,4,45,2,1,"Nonmatching",1,537.735167933079,2,21,"m","R"
12,1,4,46,3,2,"Nonmatching",1,691.834015505265,2,21,"m","R"
12,1,4,47,3,1,"Nonmatching",1,816.501717915344,2,21,"m","R"
12,1,4,48,2,2,"Matching",1,784.536251811005,1,21,"m","R"
12,1,4,49,3,3,"Matching",1,554.459693948047,1,21,"m","R"
12,1,4,50,3,1,"Nonmatching",1,531.79357986528,2,21,"m","R"
12,1,4,51,3,3,"Matching",1,621.861885187627,1,21,"m","R"
12,1,4,52,3,3,"Matching",1,548.530783521983,1,21,"m","R"
12,1,4,53,3,3,"Matching",1,501.742739503698,1,21,"m","R"
12,1,4,54,3,3,"Matching",1,521.710025151151,1,21,"m","R"
12,1,4,55,1,2,"Nonmatching",1,669.146470171199,2,21,"m","R"
12,1,4,56,2,3,"Nonmatching",1,769.780382440331,2,21,"m","R"
12,1,4,57,3,1,"Nonmatching",1,714.396897362803,2,21,"m","R"
12,1,4,58,1,1,"Matching",1,525.121216309344,1,21,"m","R"
12,1,4,59,1,3,"Nonmatching",0,608.479125150097,1,21,"m","R"
12,1,4,60,1,1,"Matching",1,463.770486031535,1,21,"m","R"
12,2,1,1,1,1,"Matching",1,465.46961083277,1,21,"m","R"
12,2,1,2,2,1,"Nonmatching",1,622.651540122206,2,21,"m","R"
12,2,1,3,3,3,"Matching",1,572.00224866574,1,21,"m","R"
12,2,1,4,1,3,"Nonmatching",1,589.223315647359,2,21,"m","R"
12,2,1,5,3,1,"Nonmatching",1,643.371334357653,2,21,"m","R"
12,2,1,6,2,3,"Nonmatching",0,872.507030098859,1,21,"m","R"
12,2,1,7,1,3,"Nonmatching",1,654.393940101727,2,21,"m","R"
12,2,1,8,1,1,"Matching",1,562.511222777175,1,21,"m","R"
12,2,1,9,2,2,"Matching",3,1331.83609911612,1,21,"m","R"
12,2,1,10,3,3,"Matching",1,703.06491575866,1,21,"m","R"
12,2,1,11,3,3,"Matching",1,987.033524709659,1,21,"m","R"
12,2,1,12,2,3,"Nonmatching",1,595.195390424124,2,21,"m","R"
12,2,1,13,3,1,"Nonmatching",1,554.053122834375,2,21,"m","R"
12,2,1,14,2,2,"Matching",1,714.679748478375,1,21,"m","R"
12,2,1,15,1,3,"Nonmatching",1,589.779018940135,2,21,"m","R"
12,2,1,16,1,2,"Nonmatching",0,597.793703271236,1,21,"m","R"
12,2,1,17,3,1,"Nonmatching",3,1055.85319702914,2,21,"m","R"
12,2,1,18,1,1,"Matching",1,540.397491652584,1,21,"m","R"
12,2,1,19,2,3,"Nonmatching",1,813.84758204149,2,21,"m","R"
12,2,1,20,3,3,"Matching",1,643.831653489542,1,21,"m","R"
12,2,1,21,3,2,"Nonmatching",1,578.459092314006,2,21,"m","R"
12,2,1,22,2,3,"Nonmatching",0,875.114700253107,1,21,"m","R"
12,2,1,23,3,3,"Matching",1,616.546651955105,1,21,"m","R"
12,2,1,24,3,2,"Nonmatching",0,727.875362375926,1,21,"m","R"
12,2,1,25,1,1,"Matching",1,515.809809309758,1,21,"m","R"
12,2,1,26,3,1,"Nonmatching",1,678.485081479266,2,21,"m","R"
12,2,1,27,1,1,"Matching",1,457.76552872212,1,21,"m","R"
12,2,1,28,1,1,"Matching",1,432.038066022869,1,21,"m","R"
12,2,1,29,3,3,"Matching",1,799.198265230189,1,21,"m","R"
12,2,1,30,3,2,"Nonmatching",3,1079.77590688097,2,21,"m","R"
12,2,1,31,1,3,"Nonmatching",1,677.328397599922,2,21,"m","R"
12,2,1,32,1,2,"Nonmatching",0,514.632599725701,1,21,"m","R"
12,2,1,33,2,1,"Nonmatching",1,925.142485418291,2,21,"m","R"
12,2,1,34,3,2,"Nonmatching",3,1183.46120676324,2,21,"m","R"
12,2,1,35,2,1,"Nonmatching",1,615.832478140874,2,21,"m","R"
12,2,1,36,1,2,"Nonmatching",1,791.14524612578,2,21,"m","R"
12,2,1,37,2,2,"Matching",0,647.393467104848,2,21,"m","R"
12,2,1,38,2,1,"Nonmatching",1,621.179122595095,2,21,"m","R"
12,2,1,39,1,1,"Matching",1,603.252635409262,1,21,"m","R"
12,2,1,40,2,3,"Nonmatching",1,811.20036971879,2,21,"m","R"
12,2,1,41,1,1,"Matching",1,505.860879076863,1,21,"m","R"
12,2,1,42,1,2,"Nonmatching",1,709.206327606807,2,21,"m","R"
12,2,1,43,1,1,"Matching",1,433.224029216944,1,21,"m","R"
12,2,1,44,3,3,"Matching",1,911.912762627253,1,21,"m","R"
12,2,1,45,2,2,"Matching",1,483.037501867329,1,21,"m","R"
12,2,1,46,2,2,"Matching",1,872.40168493372,1,21,"m","R"
12,2,1,47,1,1,"Matching",1,477.275513723725,1,21,"m","R"
12,2,1,48,3,3,"Matching",1,642.047728196303,1,21,"m","R"
12,2,1,49,2,2,"Matching",1,703.74347143661,1,21,"m","R"
12,2,1,50,2,1,"Nonmatching",1,644.528320085556,2,21,"m","R"
12,2,1,51,2,2,"Matching",1,794.568209379577,1,21,"m","R"
12,2,1,52,3,3,"Matching",1,585.887284792989,1,21,"m","R"
12,2,1,53,1,3,"Nonmatching",1,619.096970873215,2,21,"m","R"
12,2,1,54,2,2,"Matching",1,553.752783466734,1,21,"m","R"
12,2,1,55,2,2,"Matching",1,860.431878246345,1,21,"m","R"
12,2,1,56,3,3,"Matching",1,754.489354448197,1,21,"m","R"
12,2,1,57,3,1,"Nonmatching",1,676.473260483363,2,21,"m","R"
12,2,1,58,1,2,"Nonmatching",1,905.838663018585,2,21,"m","R"
12,2,1,59,2,2,"Matching",1,588.475938485317,1,21,"m","R"
12,2,1,60,3,2,"Nonmatching",1,972.420731581224,2,21,"m","R"
12,2,2,1,3,3,"Matching",1,759.060851668437,1,21,"m","R"
12,2,2,2,2,2,"Matching",1,721.842917876529,1,21,"m","R"
12,2,2,3,3,2,"Nonmatching",1,773.74971064819,2,21,"m","R"
12,2,2,4,3,3,"Matching",1,663.057297098931,1,21,"m","R"
12,2,2,5,1,2,"Nonmatching",1,493.19953721988,2,21,"m","R"
12,2,2,6,1,2,"Nonmatching",1,569.825014631533,2,21,"m","R"
12,2,2,7,2,3,"Nonmatching",1,947.106499630536,2,21,"m","R"
12,2,2,8,3,3,"Matching",1,589.076919070067,1,21,"m","R"
12,2,2,9,3,2,"Nonmatching",1,877.155196867534,2,21,"m","R"
12,2,2,10,1,3,"Nonmatching",1,537.81215829531,2,21,"m","R"
12,2,2,11,1,1,"Matching",1,532.589573620498,1,21,"m","R"
12,2,2,12,2,3,"Nonmatching",1,821.993872367784,2,21,"m","R"
12,2,2,13,1,3,"Nonmatching",1,644.551260579647,2,21,"m","R"
12,2,2,14,2,3,"Nonmatching",1,730.48574916811,2,21,"m","R"
12,2,2,15,2,2,"Matching",1,756.427524382161,1,21,"m","R"
12,2,2,16,1,1,"Matching",1,413.758717810197,1,21,"m","R"
12,2,2,17,3,1,"Nonmatching",1,766.142220092661,2,21,"m","R"
12,2,2,18,1,2,"Nonmatching",1,839.145212317817,2,21,"m","R"
12,2,2,19,3,3,"Matching",1,894.413089377849,1,21,"m","R"
12,2,2,20,3,3,"Matching",1,930.498789028206,1,21,"m","R"
12,2,2,21,1,3,"Nonmatching",1,477.17167780138,2,21,"m","R"
12,2,2,22,1,1,"Matching",1,465.422522449444,1,21,"m","R"
12,2,2,23,3,1,"Nonmatching",1,702.592220833139,2,21,"m","R"
12,2,2,24,3,2,"Nonmatching",0,818.58932187879,1,21,"m","R"
12,2,2,25,3,1,"Nonmatching",1,683.763206298863,2,21,"m","R"
12,2,2,26,2,1,"Nonmatching",0,664.514320346825,1,21,"m","R"
12,2,2,27,2,1,"Nonmatching",1,645.807252652048,2,21,"m","R"
12,2,2,28,1,1,"Matching",1,635.801876728692,1,21,"m","R"
12,2,2,29,2,2,"Matching",1,553.784175722285,1,21,"m","R"
12,2,2,30,3,2,"Nonmatching",1,819.137177109042,2,21,"m","R"
12,2,2,31,1,1,"Matching",1,594.470350059964,1,21,"m","R"
12,2,2,32,3,3,"Matching",1,601.868055829073,1,21,"m","R"
12,2,2,33,1,1,"Matching",1,505.889856543035,1,21,"m","R"
12,2,2,34,1,3,"Nonmatching",1,645.21653492011,2,21,"m","R"
12,2,2,35,2,2,"Matching",1,555.114724400482,1,21,"m","R"
12,2,2,36,3,3,"Matching",1,629.182034830592,1,21,"m","R"
12,2,2,37,1,1,"Matching",1,482.445878589715,1,21,"m","R"
12,2,2,38,3,1,"Nonmatching",1,671.199059695937,2,21,"m","R"
12,2,2,39,3,2,"Nonmatching",1,884.514869711893,2,21,"m","R"
12,2,2,40,2,1,"Nonmatching",1,729.208023995852,2,21,"m","R"
12,2,2,41,2,2,"Matching",0,891.810550650007,2,21,"m","R"
12,2,2,42,2,2,"Matching",1,567.851830259315,1,21,"m","R"
12,2,2,43,2,3,"Nonmatching",1,801.832799910699,2,21,"m","R"
12,2,2,44,2,1,"Nonmatching",1,800.473273765419,2,21,"m","R"
12,2,2,45,2,3,"Nonmatching",1,856.022171881705,2,21,"m","R"
12,2,2,46,3,3,"Matching",1,997.135190340487,1,21,"m","R"
12,2,2,47,1,2,"Nonmatching",1,613.264953851285,2,21,"m","R"
12,2,2,48,2,2,"Matching",1,604.482970349636,1,21,"m","R"
12,2,2,49,1,1,"Matching",1,485.127501653551,1,21,"m","R"
12,2,2,50,2,1,"Nonmatching",1,841.133489122512,2,21,"m","R"
12,2,2,51,3,3,"Matching",1,719.174274302532,1,21,"m","R"
12,2,2,52,1,3,"Nonmatching",1,617.790570083343,2,21,"m","R"
12,2,2,53,2,2,"Matching",1,577.152993371783,1,21,"m","R"
12,2,2,54,2,2,"Matching",1,578.50014372525,1,21,"m","R"
12,2,2,55,3,3,"Matching",1,619.840122155438,1,21,"m","R"
12,2,2,56,1,1,"Matching",1,442.546321732152,1,21,"m","R"
12,2,2,57,1,1,"Matching",1,497.121456229252,1,21,"m","R"
12,2,2,58,2,2,"Matching",1,525.89789175363,1,21,"m","R"
12,2,2,59,3,1,"Nonmatching",1,728.433480458989,2,21,"m","R"
12,2,2,60,1,2,"Nonmatching",1,714.513429893486,2,21,"m","R"
12,2,3,1,3,3,"Matching",1,819.712802411232,1,21,"m","R"
12,2,3,2,1,1,"Matching",1,507.818669169865,1,21,"m","R"
12,2,3,3,2,2,"Matching",1,752.68399790275,1,21,"m","R"
12,2,3,4,1,2,"Nonmatching",1,562.503374711923,2,21,"m","R"
12,2,3,5,1,2,"Nonmatching",1,755.726631906327,2,21,"m","R"
12,2,3,6,2,1,"Nonmatching",3,1006.37507818556,2,21,"m","R"
12,2,3,7,2,2,"Matching",1,862.485354350611,1,21,"m","R"
12,2,3,8,3,3,"Matching",1,492.419258560403,1,21,"m","R"
12,2,3,9,2,2,"Matching",1,657.209282100666,1,21,"m","R"
12,2,3,10,2,1,"Nonmatching",1,693.753489792471,2,21,"m","R"
12,2,3,11,1,1,"Matching",1,521.05744741948,1,21,"m","R"
12,2,3,12,1,2,"Nonmatching",0,708.482494636883,1,21,"m","R"
12,2,3,13,3,3,"Matching",1,688.473252032054,1,21,"m","R"
12,2,3,14,1,3,"Nonmatching",1,605.234573392408,2,21,"m","R"
12,2,3,15,2,3,"Nonmatching",1,709.150787462931,2,21,"m","R"
12,2,3,16,3,2,"Nonmatching",1,697.193658416836,2,21,"m","R"
12,2,3,17,3,2,"Nonmatching",1,741.806581340825,2,21,"m","R"
12,2,3,18,2,3,"Nonmatching",1,735.762364744915,2,21,"m","R"
12,2,3,19,1,1,"Matching",1,393.136118826988,1,21,"m","R"
12,2,3,20,3,2,"Nonmatching",1,705.236414669344,2,21,"m","R"
12,2,3,21,2,1,"Nonmatching",3,1188.42540902733,1,21,"m","R"
12,2,3,22,2,3,"Nonmatching",1,886.466924681372,2,21,"m","R"
12,2,3,23,2,1,"Nonmatching",1,573.243450156951,2,21,"m","R"
12,2,3,24,3,1,"Nonmatching",1,591.217629423227,2,21,"m","R"
12,2,3,25,3,2,"Nonmatching",1,568.601320360358,2,21,"m","R"
12,2,3,26,1,1,"Matching",1,513.139656492967,1,21,"m","R"
12,2,3,27,1,3,"Nonmatching",1,579.783302171563,2,21,"m","R"
12,2,3,28,3,1,"Nonmatching",1,612.561042888956,2,21,"m","R"
12,2,3,29,3,1,"Nonmatching",1,555.764000764611,2,21,"m","R"
12,2,3,30,3,3,"Matching",0,869.066257777376,2,21,"m","R"
12,2,3,31,3,3,"Matching",1,482.540357204016,1,21,"m","R"
12,2,3,32,3,3,"Matching",1,573.77530740996,1,21,"m","R"
12,2,3,33,1,1,"Matching",1,687.126101678587,1,21,"m","R"
12,2,3,34,2,1,"Nonmatching",3,1067.97604096209,2,21,"m","R"
12,2,3,35,1,2,"Nonmatching",1,673.214804723102,2,21,"m","R"
12,2,3,36,1,2,"Nonmatching",1,893.838369621335,2,21,"m","R"
12,2,3,37,2,3,"Nonmatching",1,730.537365280725,2,21,"m","R"
12,2,3,38,1,1,"Matching",1,534.188465714578,1,21,"m","R"
12,2,3,39,3,1,"Nonmatching",1,689.145167041715,2,21,"m","R"
12,2,3,40,2,2,"Matching",1,444.542748448839,1,21,"m","R"
12,2,3,41,2,3,"Nonmatching",1,609.784337512792,2,21,"m","R"
12,2,3,42,3,3,"Matching",1,584.508138487763,1,21,"m","R"
12,2,3,43,2,2,"Matching",1,568.41387237273,1,21,"m","R"
12,2,3,44,3,3,"Matching",1,521.228897430774,1,21,"m","R"
12,2,3,45,1,1,"Matching",1,485.219565479383,1,21,"m","R"
12,2,3,46,2,2,"Matching",1,626.48290454672,1,21,"m","R"
12,2,3,47,2,2,"Matching",1,568.47273285257,1,21,"m","R"
12,2,3,48,2,2,"Matching",1,450.903906086751,1,21,"m","R"
12,2,3,49,1,1,"Matching",1,545.192054996733,1,21,"m","R"
12,2,3,50,1,1,"Matching",1,444.544257691632,1,21,"m","R"
12,2,3,51,2,2,"Matching",1,513.233229562502,1,21,"m","R"
12,2,3,52,3,3,"Matching",1,500.421265249315,1,21,"m","R"
12,2,3,53,1,3,"Nonmatching",1,649.071443535831,2,21,"m","R"
12,2,3,54,1,3,"Nonmatching",1,637.769929674505,2,21,"m","R"
12,2,3,55,1,3,"Nonmatching",1,459.823532554765,2,21,"m","R"
12,2,3,56,1,1,"Matching",1,561.222027356962,1,21,"m","R"
12,2,3,57,3,3,"Matching",1,915.110546816322,1,21,"m","R"
12,2,3,58,3,1,"Nonmatching",1,687.772057707662,2,21,"m","R"
12,2,3,59,3,2,"Nonmatching",1,965.017290688593,2,21,"m","R"
12,2,3,60,2,2,"Matching",1,518.414159129861,1,21,"m","R"
12,2,4,1,1,2,"Nonmatching",1,771.927450579824,2,21,"m","R"
12,2,4,2,3,1,"Nonmatching",1,556.847335431485,2,21,"m","R"
12,2,4,3,3,3,"Matching",1,509.869126787635,1,21,"m","R"
12,2,4,4,2,1,"Nonmatching",1,633.273290909528,2,21,"m","R"
12,2,4,5,2,2,"Matching",1,631.211664893272,1,21,"m","R"
12,2,4,6,1,3,"Nonmatching",1,627.086903618874,2,21,"m","R"
12,2,4,7,2,2,"Matching",3,1113.13772466201,1,21,"m","R"
12,2,4,8,1,3,"Nonmatching",1,597.125712294655,2,21,"m","R"
12,2,4,9,3,3,"Matching",1,741.121384992766,1,21,"m","R"
12,2,4,10,1,1,"Matching",1,456.543645543206,1,21,"m","R"
12,2,4,11,2,1,"Nonmatching",1,583.098203623194,2,21,"m","R"
12,2,4,12,2,2,"Matching",1,591.887431491159,1,21,"m","R"
12,2,4,13,2,3,"Nonmatching",1,617.193211681297,2,21,"m","R"
12,2,4,14,2,3,"Nonmatching",1,520.408774753378,2,21,"m","R"
12,2,4,15,3,3,"Matching",1,507.158526256717,1,21,"m","R"
12,2,4,16,1,1,"Matching",1,333.067037754518,1,21,"m","R"
12,2,4,17,2,2,"Matching",1,598.426679809563,1,21,"m","R"
12,2,4,18,1,1,"Matching",1,510.429659659167,1,21,"m","R"
12,2,4,19,3,3,"Matching",1,505.769418947239,1,21,"m","R"
12,2,4,20,3,2,"Nonmatching",1,709.72460167286,2,21,"m","R"
12,2,4,21,1,1,"Matching",1,432.491442637001,1,21,"m","R"
12,2,4,22,1,1,"Matching",1,503.199178020623,1,21,"m","R"
12,2,4,23,3,1,"Nonmatching",1,699.767219678506,2,21,"m","R"
12,2,4,24,2,2,"Matching",1,622.498201027156,1,21,"m","R"
12,2,4,25,1,3,"Nonmatching",1,751.424383647645,2,21,"m","R"
12,2,4,26,2,2,"Matching",1,617.111712555925,1,21,"m","R"
12,2,4,27,2,2,"Matching",1,617.285275508038,1,21,"m","R"
12,2,4,28,2,1,"Nonmatching",1,488.501263583203,2,21,"m","R"
12,2,4,29,3,3,"Matching",1,774.430982964077,1,21,"m","R"
12,2,4,30,1,3,"Nonmatching",1,584.478859172123,2,21,"m","R"
12,2,4,31,1,1,"Matching",1,505.323286699422,1,21,"m","R"
12,2,4,32,2,2,"Matching",1,781.39281933727,1,21,"m","R"
12,2,4,33,3,3,"Matching",1,541.194673835889,1,21,"m","R"
12,2,4,34,3,2,"Nonmatching",1,777.08181746948,2,21,"m","R"
12,2,4,35,3,2,"Nonmatching",1,817.313709646442,2,21,"m","R"
12,2,4,36,3,3,"Matching",1,519.769761242969,1,21,"m","R"
12,2,4,37,1,2,"Nonmatching",1,587.757538789447,2,21,"m","R"
12,2,4,38,3,3,"Matching",1,443.733190472813,1,21,"m","R"
12,2,4,39,1,1,"Matching",1,433.829235683334,1,21,"m","R"
12,2,4,40,2,2,"Matching",1,448.110599036227,1,21,"m","R"
12,2,4,41,3,1,"Nonmatching",1,533.860054426441,2,21,"m","R"
12,2,4,42,3,3,"Matching",1,519.064039190198,1,21,"m","R"
12,2,4,43,1,1,"Matching",1,489.838151083859,1,21,"m","R"
12,2,4,44,2,1,"Nonmatching",1,765.160004711106,2,21,"m","R"
12,2,4,45,3,1,"Nonmatching",1,550.430335800229,2,21,"m","R"
12,2,4,46,1,1,"Matching",1,801.106854000864,1,21,"m","R"
12,2,4,47,1,1,"Matching",1,538.073559193435,1,21,"m","R"
12,2,4,48,3,2,"Nonmatching",1,677.141553309411,2,21,"m","R"
12,2,4,49,1,2,"Nonmatching",1,609.805165066973,2,21,"m","R"
12,2,4,50,2,3,"Nonmatching",0,929.151638675648,1,21,"m","R"
12,2,4,51,2,1,"Nonmatching",1,780.710339627149,2,21,"m","R"
12,2,4,52,1,2,"Nonmatching",1,749.119769498975,2,21,"m","R"
12,2,4,53,3,1,"Nonmatching",1,703.232441737782,2,21,"m","R"
12,2,4,54,2,2,"Matching",1,802.476944848422,1,21,"m","R"
12,2,4,55,1,3,"Nonmatching",1,610.599026915224,2,21,"m","R"
12,2,4,56,1,2,"Nonmatching",1,778.294947039285,2,21,"m","R"
12,2,4,57,3,3,"Matching",1,666.61850701712,1,21,"m","R"
12,2,4,58,2,3,"Nonmatching",1,911.080566005694,2,21,"m","R"
12,2,4,59,3,2,"Nonmatching",1,730.494502777219,2,21,"m","R"
12,2,4,60,2,3,"Nonmatching",1,701.88830987081,2,21,"m","R"
13,1,1,1,1,3,"Nonmatching",1,497.457709433093,2,21,"f","R"
13,1,1,2,1,1,"Matching",1,366.068442143387,1,21,"f","R"
13,1,1,3,1,2,"Nonmatching",0,423.36896775214,1,21,"f","R"
13,1,1,4,1,3,"Nonmatching",1,639.429487191592,2,21,"f","R"
13,1,1,5,2,2,"Matching",1,414.07353976274,1,21,"f","R"
13,1,1,6,3,3,"Matching",1,254.888543087873,1,21,"f","R"
13,1,1,7,2,2,"Matching",1,532.004283013521,1,21,"f","R"
13,1,1,8,1,1,"Matching",1,310.771285768624,1,21,"f","R"
13,1,1,9,3,2,"Nonmatching",1,393.362197288297,2,21,"f","R"
13,1,1,10,1,1,"Matching",1,449.447480387335,1,21,"f","R"
13,1,1,11,3,3,"Matching",1,279.39925403507,1,21,"f","R"
13,1,1,12,3,1,"Nonmatching",0,364.124838934458,1,21,"f","R"
13,1,1,13,2,3,"Nonmatching",0,566.814370431985,1,21,"f","R"
13,1,1,14,1,1,"Matching",1,392.724994869241,1,21,"f","R"
13,1,1,15,2,3,"Nonmatching",1,625.422806074312,2,21,"f","R"
13,1,1,16,2,2,"Matching",1,362.17912278471,1,21,"f","R"
13,1,1,17,1,1,"Matching",1,427.465958955509,1,21,"f","R"
13,1,1,18,2,3,"Nonmatching",1,642.856374477105,2,21,"f","R"
13,1,1,19,1,3,"Nonmatching",1,592.7319977568,2,21,"f","R"
13,1,1,20,3,3,"Matching",0,626.078421258626,2,21,"f","R"
13,1,1,21,1,2,"Nonmatching",1,745.399781062588,2,21,"f","R"
13,1,1,22,3,1,"Nonmatching",1,580.341112256974,2,21,"f","R"
13,1,1,23,3,3,"Matching",1,557.372244017188,1,21,"f","R"
13,1,1,24,2,1,"Nonmatching",1,544.067059073313,2,21,"f","R"
13,1,1,25,1,2,"Nonmatching",1,723.455085161277,2,21,"f","R"
13,1,1,26,2,2,"Matching",1,463.486157457282,1,21,"f","R"
13,1,1,27,2,1,"Nonmatching",1,654.123779445854,2,21,"f","R"
13,1,1,28,2,1,"Nonmatching",1,611.369338422264,2,21,"f","R"
13,1,1,29,3,1,"Nonmatching",0,507.37977514018,1,21,"f","R"
13,1,1,30,2,2,"Matching",3,1001.72871636096,1,21,"f","R"
13,1,1,31,1,1,"Matching",1,466.220604028422,1,21,"f","R"
13,1,1,32,3,2,"Nonmatching",1,369.008447619308,2,21,"f","R"
13,1,1,33,2,2,"Matching",1,468.179601516567,1,21,"f","R"
13,1,1,34,3,3,"Matching",1,298.753183303688,1,21,"f","R"
13,1,1,35,3,2,"Nonmatching",1,575.439392655426,2,21,"f","R"
13,1,1,36,1,1,"Matching",1,352.803403064627,1,21,"f","R"
13,1,1,37,1,1,"Matching",1,970.137844383771,1,21,"f","R"
13,1,1,38,1,3,"Nonmatching",1,546.75592650392,2,21,"f","R"
13,1,1,39,1,2,"Nonmatching",1,740.063399460723,2,21,"f","R"
13,1,1,40,2,1,"Nonmatching",1,718.766168830825,2,21,"f","R"
13,1,1,41,3,3,"Matching",1,562.264304463042,1,21,"f","R"
13,1,1,42,3,3,"Matching",1,332.743751741873,1,21,"f","R"
13,1,1,43,3,1,"Nonmatching",1,424.827500242827,2,21,"f","R"
13,1,1,44,3,3,"Matching",0,505.578644475463,2,21,"f","R"
13,1,1,45,3,2,"Nonmatching",1,606.75346945618,2,21,"f","R"
13,1,1,46,2,2,"Matching",1,269.580420553211,1,21,"f","R"
13,1,1,47,2,3,"Nonmatching",1,410.694344557669,2,21,"f","R"
13,1,1,48,1,1,"Matching",1,364.17283286346,1,21,"f","R"
13,1,1,49,2,2,"Matching",0,414.130589150773,2,21,"f","R"
13,1,1,50,3,2,"Nonmatching",0,374.122366794381,1,21,"f","R"
13,1,1,51,1,3,"Nonmatching",1,529.406875712084,2,21,"f","R"
13,1,1,52,2,3,"Nonmatching",1,700.699623889705,2,21,"f","R"
13,1,1,53,1,2,"Nonmatching",1,616.951424794479,2,21,"f","R"
13,1,1,54,2,1,"Nonmatching",1,536.787979808196,2,21,"f","R"
13,1,1,55,3,3,"Matching",1,538.096191689874,1,21,"f","R"
13,1,1,56,3,3,"Matching",0,390.078084395554,2,21,"f","R"
13,1,1,57,2,2,"Matching",1,638.03162627164,1,21,"f","R"
13,1,1,58,2,2,"Matching",0,524.055401679561,2,21,"f","R"
13,1,1,59,1,1,"Matching",1,424.154075990828,1,21,"f","R"
13,1,1,60,3,1,"Nonmatching",1,590.739495072739,2,21,"f","R"
13,1,2,1,1,1,"Matching",1,280.066339465975,1,21,"f","R"
13,1,2,2,3,1,"Nonmatching",1,460.145297025974,2,21,"f","R"
13,1,2,3,2,2,"Matching",1,250.07285034053,1,21,"f","R"
13,1,2,4,1,2,"Nonmatching",1,680.041708619683,2,21,"f","R"
13,1,2,5,2,1,"Nonmatching",1,758.102778026569,2,21,"f","R"
13,1,2,6,2,3,"Nonmatching",1,456.820434571,2,21,"f","R"
13,1,2,7,3,2,"Nonmatching",1,726.111352942098,2,21,"f","R"
13,1,2,8,2,3,"Nonmatching",1,754.049554871926,2,21,"f","R"
13,1,2,9,2,2,"Matching",1,596.135340851106,1,21,"f","R"
13,1,2,10,3,3,"Matching",0,565.381796921884,2,21,"f","R"
13,1,2,11,1,3,"Nonmatching",1,512.137512953814,2,21,"f","R"
13,1,2,12,2,2,"Matching",1,549.571872200431,1,21,"f","R"
13,1,2,13,3,3,"Matching",1,296.045903107824,1,21,"f","R"
13,1,2,14,2,2,"Matching",1,572.062008542161,1,21,"f","R"
13,1,2,15,1,2,"Nonmatching",1,990.008236626636,2,21,"f","R"
13,1,2,16,2,2,"Matching",1,536.121498073499,1,21,"f","R"
13,1,2,17,1,1,"Matching",1,267.733710747962,1,21,"f","R"
13,1,2,18,1,1,"Matching",1,528.954102795069,1,21,"f","R"
13,1,2,19,2,1,"Nonmatching",1,500.725824349047,2,21,"f","R"
13,1,2,20,2,1,"Nonmatching",1,417.44639614717,2,21,"f","R"
13,1,2,21,1,1,"Matching",0,393.397513575565,2,21,"f","R"
13,1,2,22,1,2,"Nonmatching",1,642.031422222317,2,21,"f","R"
13,1,2,23,3,1,"Nonmatching",1,568.714205592642,2,21,"f","R"
13,1,2,24,1,1,"Matching",0,314.11365544318,2,21,"f","R"
13,1,2,25,2,2,"Matching",1,758.182164211576,1,21,"f","R"
13,1,2,26,1,1,"Matching",0,400.758695663171,2,21,"f","R"
13,1,2,27,1,1,"Matching",1,354.713199229082,1,21,"f","R"
13,1,2,28,2,2,"Matching",1,533.435045431816,1,21,"f","R"
13,1,2,29,1,1,"Matching",1,521.447127828196,1,21,"f","R"
13,1,2,30,3,2,"Nonmatching",0,444.794785890281,1,21,"f","R"
13,1,2,31,3,1,"Nonmatching",1,834.686298480847,2,21,"f","R"
13,1,2,32,2,3,"Nonmatching",1,634.047526449649,2,21,"f","R"
13,1,2,33,1,2,"Nonmatching",1,648.779549779647,2,21,"f","R"
13,1,2,34,2,3,"Nonmatching",0,718.721193387864,1,21,"f","R"
13,1,2,35,1,2,"Nonmatching",1,779.436532338423,2,21,"f","R"
13,1,2,36,1,3,"Nonmatching",1,428.190697471564,2,21,"f","R"
13,1,2,37,1,3,"Nonmatching",1,331.533036961446,2,21,"f","R"
13,1,2,38,3,2,"Nonmatching",1,717.476671562508,2,21,"f","R"
13,1,2,39,3,3,"Matching",1,640.034995506085,1,21,"f","R"
13,1,2,40,3,2,"Nonmatching",1,464.067216034437,2,21,"f","R"
13,1,2,41,3,3,"Matching",1,589.666423259132,1,21,"f","R"
13,1,2,42,2,3,"Nonmatching",1,582.752580813576,2,21,"f","R"
13,1,2,43,3,3,"Matching",0,528.066667877283,2,21,"f","R"
13,1,2,44,3,3,"Matching",1,380.185599852211,1,21,"f","R"
13,1,2,45,2,2,"Matching",1,381.375487078913,1,21,"f","R"
13,1,2,46,1,1,"Matching",1,270.727747124965,1,21,"f","R"
13,1,2,47,2,2,"Matching",1,586.143849963264,1,21,"f","R"
13,1,2,48,1,1,"Matching",1,547.508435091913,1,21,"f","R"
13,1,2,49,3,1,"Nonmatching",1,485.445945788797,2,21,"f","R"
13,1,2,50,2,2,"Matching",1,618.053474074259,1,21,"f","R"
13,1,2,51,3,1,"Nonmatching",0,354.159608875761,1,21,"f","R"
13,1,2,52,3,3,"Matching",1,372.092133033675,1,21,"f","R"
13,1,2,53,3,3,"Matching",0,454.155715028719,2,21,"f","R"
13,1,2,54,3,2,"Nonmatching",1,422.174250948046,2,21,"f","R"
13,1,2,55,1,3,"Nonmatching",1,502.785035576835,2,21,"f","R"
13,1,2,56,2,1,"Nonmatching",1,650.176203305364,2,21,"f","R"
13,1,2,57,1,3,"Nonmatching",1,618.127426984756,2,21,"f","R"
13,1,2,58,3,3,"Matching",1,235.519521388142,1,21,"f","R"
13,1,2,59,3,3,"Matching",1,474.04693482622,1,21,"f","R"
13,1,2,60,2,1,"Nonmatching",1,415.440008426685,2,21,"f","R"
13,1,3,1,3,2,"Nonmatching",1,584.048718751092,2,21,"f","R"
13,1,3,2,3,1,"Nonmatching",0,426.046364935701,1,21,"f","R"
13,1,3,3,1,2,"Nonmatching",1,538.135432009312,2,21,"f","R"
13,1,3,4,2,3,"Nonmatching",0,405.448819387402,1,21,"f","R"
13,1,3,5,2,1,"Nonmatching",1,756.136536171653,2,21,"f","R"
13,1,3,6,3,1,"Nonmatching",1,397.544007951183,2,21,"f","R"
13,1,3,7,3,1,"Nonmatching",1,389.566149150596,2,21,"f","R"
13,1,3,8,1,1,"Matching",1,206.785948366814,1,21,"f","R"
13,1,3,9,1,1,"Matching",1,318.709904249772,1,21,"f","R"
13,1,3,10,1,1,"Matching",1,323.518654478448,1,21,"f","R"
13,1,3,11,3,3,"Matching",1,470.777612515576,1,21,"f","R"
13,1,3,12,3,3,"Matching",1,268.876811439441,1,21,"f","R"
13,1,3,13,1,2,"Nonmatching",1,393.573793164705,2,21,"f","R"
13,1,3,14,2,2,"Matching",1,298.116282733645,1,21,"f","R"
13,1,3,15,2,3,"Nonmatching",1,542.111080071209,2,21,"f","R"
13,1,3,16,3,3,"Matching",0,496.839825325424,2,21,"f","R"
13,1,3,17,1,3,"Nonmatching",1,589.486219638275,2,21,"f","R"
13,1,3,18,2,3,"Nonmatching",1,535.462864403598,2,21,"f","R"
13,1,3,19,2,2,"Matching",1,276.033038319838,1,21,"f","R"
13,1,3,20,2,2,"Matching",1,345.49474263531,1,21,"f","R"
13,1,3,21,2,2,"Matching",1,451.469866083698,1,21,"f","R"
13,1,3,22,2,3,"Nonmatching",1,474.164052087417,2,21,"f","R"
13,1,3,23,2,1,"Nonmatching",0,520.125030909639,1,21,"f","R"
13,1,3,24,1,1,"Matching",1,259.528559942737,1,21,"f","R"
13,1,3,25,2,1,"Nonmatching",1,512.138116650931,2,21,"f","R"
13,1,3,26,3,1,"Nonmatching",0,363.4511128339,1,21,"f","R"
13,1,3,27,2,2,"Matching",1,500.800380956207,1,21,"f","R"
13,1,3,28,3,2,"Nonmatching",1,696.760801358778,2,21,"f","R"
13,1,3,29,1,2,"Nonmatching",1,686.085925214684,2,21,"f","R"
13,1,3,30,1,1,"Matching",1,705.564517960738,1,21,"f","R"
13,1,3,31,2,2,"Matching",1,518.770032493194,1,21,"f","R"
13,1,3,32,1,3,"Nonmatching",1,354.926304348737,2,21,"f","R"
13,1,3,33,2,2,"Matching",1,405.474476519885,1,21,"f","R"
13,1,3,34,3,2,"Nonmatching",0,373.368348962686,1,21,"f","R"
13,1,3,35,3,3,"Matching",1,518.005751809142,1,21,"f","R"
13,1,3,36,1,1,"Matching",1,330.142722257278,1,21,"f","R"
13,1,3,37,3,3,"Matching",1,549.402233280489,1,21,"f","R"
13,1,3,38,2,1,"Nonmatching",1,520.094242351661,2,21,"f","R"
13,1,3,39,3,3,"Matching",1,468.870834836707,1,21,"f","R"
13,1,3,40,1,3,"Nonmatching",1,482.722063919482,2,21,"f","R"
13,1,3,41,1,3,"Nonmatching",1,712.173795157014,2,21,"f","R"
13,1,3,42,1,2,"Nonmatching",1,579.351652508649,2,21,"f","R"
13,1,3,43,1,1,"Matching",1,524.711016863876,1,21,"f","R"
13,1,3,44,1,1,"Matching",0,424.368388505172,2,21,"f","R"
13,1,3,45,2,1,"Nonmatching",1,440.016824219583,2,21,"f","R"
13,1,3,46,1,1,"Matching",1,534.092773556495,1,21,"f","R"
13,1,3,47,1,2,"Nonmatching",1,465.423421845571,2,21,"f","R"
13,1,3,48,3,2,"Nonmatching",1,536.007097449783,2,21,"f","R"
13,1,3,49,2,2,"Matching",0,339.439659489926,2,21,"f","R"
13,1,3,50,3,1,"Nonmatching",1,542.135529808093,2,21,"f","R"
13,1,3,51,1,3,"Nonmatching",1,520.087903530566,2,21,"f","R"
13,1,3,52,3,3,"Matching",1,243.508246738656,1,21,"f","R"
13,1,3,53,3,3,"Matching",1,385.446217452682,1,21,"f","R"
13,1,3,54,3,3,"Matching",1,314.730332156614,1,21,"f","R"
13,1,3,55,2,2,"Matching",1,709.369621556561,1,21,"f","R"
13,1,3,56,2,2,"Matching",1,402.094677617242,1,21,"f","R"
13,1,3,57,3,2,"Nonmatching",0,353.361219298222,1,21,"f","R"
13,1,3,58,3,3,"Matching",1,468.047391824712,1,21,"f","R"
13,1,3,59,2,3,"Nonmatching",1,577.390843928697,2,21,"f","R"
13,1,3,60,1,1,"Matching",1,532.032958631589,1,21,"f","R"
13,1,4,1,2,3,"Nonmatching",0,518.771843585,1,21,"f","R"
13,1,4,2,3,2,"Nonmatching",1,474.726094201742,2,21,"f","R"
13,1,4,3,3,3,"Matching",1,648.12333089867,1,21,"f","R"
13,1,4,4,1,1,"Matching",1,287.484269092602,1,21,"f","R"
13,1,4,5,1,1,"Matching",1,308.793875515221,1,21,"f","R"
13,1,4,6,2,3,"Nonmatching",1,767.469140439971,2,21,"f","R"
13,1,4,7,1,3,"Nonmatching",1,697.485841723847,2,21,"f","R"
13,1,4,8,2,2,"Matching",1,773.415558085617,1,21,"f","R"
13,1,4,9,2,2,"Matching",1,375.417901034325,1,21,"f","R"
13,1,4,10,2,2,"Matching",1,330.112537395962,1,21,"f","R"
13,1,4,11,1,2,"Nonmatching",1,462.024002783437,2,21,"f","R"
13,1,4,12,2,3,"Nonmatching",0,707.366554171131,1,21,"f","R"
13,1,4,13,1,1,"Matching",1,424.101252483979,1,21,"f","R"
13,1,4,14,2,1,"Nonmatching",0,552.099854321114,1,21,"f","R"
13,1,4,15,3,3,"Matching",1,290.733367546181,1,21,"f","R"
13,1,4,16,2,1,"Nonmatching",1,663.399889124321,2,21,"f","R"
13,1,4,17,1,2,"Nonmatching",1,492.126157409075,2,21,"f","R"
13,1,4,18,2,2,"Matching",1,641.444024824523,1,21,"f","R"
13,1,4,19,1,1,"Matching",1,448.738739847613,1,21,"f","R"
13,1,4,20,1,3,"Nonmatching",1,503.38812910195,2,21,"f","R"
13,1,4,21,1,1,"Matching",1,524.06626822949,1,21,"f","R"
13,1,4,22,2,2,"Matching",1,391.471719434776,1,21,"f","R"
13,1,4,23,3,3,"Matching",1,273.440460596248,1,21,"f","R"
13,1,4,24,1,2,"Nonmatching",1,781.378022607441,2,21,"f","R"
13,1,4,25,1,3,"Nonmatching",1,901.448570664343,2,21,"f","R"
13,1,4,26,2,3,"Nonmatching",1,938.119252924025,2,21,"f","R"
13,1,4,27,2,2,"Matching",1,532.703666246562,1,21,"f","R"
13,1,4,28,1,2,"Nonmatching",1,408.08275037125,2,21,"f","R"
13,1,4,29,3,3,"Matching",1,383.506840124028,1,21,"f","R"
13,1,4,30,3,3,"Matching",1,304.08594272194,1,21,"f","R"
13,1,4,31,2,1,"Nonmatching",1,620.031186176675,2,21,"f","R"
13,1,4,32,1,3,"Nonmatching",1,500.04123169856,2,21,"f","R"
13,1,4,33,1,2,"Nonmatching",1,552.113437508524,2,21,"f","R"
13,1,4,34,2,2,"Matching",1,394.211599280879,1,21,"f","R"
13,1,4,35,2,2,"Matching",0,306.900379175659,2,21,"f","R"
13,1,4,36,3,2,"Nonmatching",1,390.870437000558,2,21,"f","R"
13,1,4,37,1,1,"Matching",1,367.421025771364,1,21,"f","R"
13,1,4,38,3,3,"Matching",1,521.400039444416,1,21,"f","R"
13,1,4,39,3,3,"Matching",1,892.766197204764,1,21,"f","R"
13,1,4,40,1,3,"Nonmatching",1,393.462109178472,2,21,"f","R"
13,1,4,41,3,3,"Matching",1,538.716188737908,1,21,"f","R"
13,1,4,42,3,2,"Nonmatching",1,350.166755443752,2,21,"f","R"
13,1,4,43,1,1,"Matching",1,330.430987681211,1,21,"f","R"
13,1,4,44,1,1,"Matching",0,605.376737939423,2,21,"f","R"
13,1,4,45,3,1,"Nonmatching",1,431.382444689007,2,21,"f","R"
13,1,4,46,1,1,"Matching",1,416.048535227674,1,21,"f","R"
13,1,4,47,3,1,"Nonmatching",1,512.78860040884,2,21,"f","R"
13,1,4,48,3,3,"Matching",1,756.72634835837,1,21,"f","R"
13,1,4,49,3,2,"Nonmatching",0,446.768272112422,1,21,"f","R"
13,1,4,50,3,3,"Matching",1,678.128290271616,1,21,"f","R"
13,1,4,51,2,1,"Nonmatching",1,564.096827382855,2,21,"f","R"
13,1,4,52,3,1,"Nonmatching",1,405.426180742325,2,21,"f","R"
13,1,4,53,1,1,"Matching",1,398.064093108587,1,21,"f","R"
13,1,4,54,2,2,"Matching",1,598.142030420149,1,21,"f","R"
13,1,4,55,3,1,"Nonmatching",1,373.447433299134,2,21,"f","R"
13,1,4,56,2,1,"Nonmatching",1,574.065075927592,2,21,"f","R"
13,1,4,57,2,3,"Nonmatching",1,622.772575265572,2,21,"f","R"
13,1,4,58,2,2,"Matching",1,525.439981260661,1,21,"f","R"
13,1,4,59,3,1,"Nonmatching",1,471.528008163205,2,21,"f","R"
13,1,4,60,3,2,"Nonmatching",1,420.797519431289,2,21,"f","R"
13,2,1,1,3,2,"Nonmatching",1,532.063752769318,2,21,"f","R"
13,2,1,2,3,2,"Nonmatching",1,318.153300989252,2,21,"f","R"
13,2,1,3,2,2,"Matching",1,271.278626419189,1,21,"f","R"
13,2,1,4,1,3,"Nonmatching",1,330.721975321467,2,21,"f","R"
13,2,1,5,2,2,"Matching",1,331.353442617001,1,21,"f","R"
13,2,1,6,2,2,"Matching",1,373.501469778603,1,21,"f","R"
13,2,1,7,3,1,"Nonmatching",1,413.494901553349,2,21,"f","R"
13,2,1,8,1,1,"Matching",1,340.676338830235,1,21,"f","R"
13,2,1,9,1,1,"Matching",1,358.195330390117,1,21,"f","R"
13,2,1,10,3,3,"Matching",0,350.749932540566,2,21,"f","R"
13,2,1,11,2,3,"Nonmatching",0,296.696694293132,1,21,"f","R"
13,2,1,12,2,3,"Nonmatching",0,490.087175617191,1,21,"f","R"
13,2,1,13,2,1,"Nonmatching",0,903.970219543226,1,21,"f","R"
13,2,1,14,2,1,"Nonmatching",1,834.676644903993,2,21,"f","R"
13,2,1,15,1,2,"Nonmatching",1,569.398803821969,2,21,"f","R"
13,2,1,16,1,2,"Nonmatching",1,562.705612711397,2,21,"f","R"
13,2,1,17,2,2,"Matching",1,498.669033489023,1,21,"f","R"
13,2,1,18,3,3,"Matching",1,573.982073138723,1,21,"f","R"
13,2,1,19,2,2,"Matching",1,374.936759926641,1,21,"f","R"
13,2,1,20,2,3,"Nonmatching",1,845.989930860924,2,21,"f","R"
13,2,1,21,2,3,"Nonmatching",1,523.435712058927,2,21,"f","R"
13,2,1,22,1,1,"Matching",0,252.006498124501,2,21,"f","R"
13,2,1,23,3,2,"Nonmatching",1,473.996229838122,2,21,"f","R"
13,2,1,24,2,1,"Nonmatching",1,710.740019831064,2,21,"f","R"
13,2,1,25,3,2,"Nonmatching",1,449.008598085129,2,21,"f","R"
13,2,1,26,2,3,"Nonmatching",1,581.671062817804,2,21,"f","R"
13,2,1,27,1,2,"Nonmatching",0,374.924082285361,1,21,"f","R"
13,2,1,28,2,1,"Nonmatching",1,471.384031954585,2,21,"f","R"
13,2,1,29,3,3,"Matching",1,443.985535342108,1,21,"f","R"
13,2,1,30,1,3,"Nonmatching",1,545.364108134891,2,21,"f","R"
13,2,1,31,1,1,"Matching",1,410.719705419069,1,21,"f","R"
13,2,1,32,2,1,"Nonmatching",1,377.277595907799,2,21,"f","R"
13,2,1,33,3,3,"Matching",1,409.963876497386,1,21,"f","R"
13,2,1,34,1,1,"Matching",0,370.224299404981,2,21,"f","R"
13,2,1,35,3,3,"Matching",0,651.305122691156,2,21,"f","R"
13,2,1,36,3,3,"Matching",1,458.605874685418,1,21,"f","R"
13,2,1,37,1,1,"Matching",1,496.932498428578,1,21,"f","R"
13,2,1,38,1,1,"Matching",1,340.100713528045,1,21,"f","R"
13,2,1,39,1,3,"Nonmatching",1,622.004074280085,2,21,"f","R"
13,2,1,40,1,1,"Matching",1,381.418657008908,1,21,"f","R"
13,2,1,41,3,3,"Matching",1,438.036099210876,1,21,"f","R"
13,2,1,42,1,3,"Nonmatching",1,516.077850306829,2,21,"f","R"
13,2,1,43,3,1,"Nonmatching",0,328.63288108183,1,21,"f","R"
13,2,1,44,3,1,"Nonmatching",1,378.731902518666,2,21,"f","R"
13,2,1,45,3,1,"Nonmatching",1,339.436042884699,2,21,"f","R"
13,2,1,46,3,3,"Matching",0,558.000396556054,2,21,"f","R"
13,2,1,47,3,1,"Nonmatching",1,479.297898849836,2,21,"f","R"
13,2,1,48,3,3,"Matching",1,484.017603737811,1,21,"f","R"
13,2,1,49,1,1,"Matching",1,401.361794767581,1,21,"f","R"
13,2,1,50,3,3,"Matching",1,457.383991507413,1,21,"f","R"
13,2,1,51,2,2,"Matching",1,575.298434932847,1,21,"f","R"
13,2,1,52,2,2,"Matching",1,416.931749842661,1,21,"f","R"
13,2,1,53,1,1,"Matching",1,384.67681092061,1,21,"f","R"
13,2,1,54,1,2,"Nonmatching",0,352.678745167395,1,21,"f","R"
13,2,1,55,2,2,"Matching",1,610.087996646143,1,21,"f","R"
13,2,1,56,1,2,"Nonmatching",1,498.014625699398,2,21,"f","R"
13,2,1,57,1,3,"Nonmatching",1,566.623909537157,2,21,"f","R"
13,2,1,58,2,2,"Matching",1,575.978198005942,1,21,"f","R"
13,2,1,59,3,2,"Nonmatching",1,512.686279308582,2,21,"f","R"
13,2,1,60,2,2,"Matching",1,356.846972642415,1,21,"f","R"
13,2,2,1,2,2,"Matching",1,489.392320114348,1,21,"f","R"
13,2,2,2,2,2,"Matching",1,389.489485181912,1,21,"f","R"
13,2,2,3,2,2,"Matching",1,357.935740584253,1,21,"f","R"
13,2,2,4,3,3,"Matching",1,367.320515762003,1,21,"f","R"
13,2,2,5,1,1,"Matching",1,408.662003434983,1,21,"f","R"
13,2,2,6,3,1,"Nonmatching",1,440.711383454072,2,21,"f","R"
13,2,2,7,1,1,"Matching",0,448.007064393096,2,21,"f","R"
13,2,2,8,1,3,"Nonmatching",1,423.329733011087,2,21,"f","R"
13,2,2,9,1,1,"Matching",0,285.595306061623,2,21,"f","R"
13,2,2,10,3,3,"Matching",1,394.149122196723,1,21,"f","R"
13,2,2,11,3,2,"Nonmatching",1,553.371849948235,2,21,"f","R"
13,2,2,12,3,3,"Matching",0,442.792327780808,2,21,"f","R"
13,2,2,13,2,2,"Matching",1,378.159295702062,1,21,"f","R"
13,2,2,14,1,1,"Matching",1,378.634707265519,1,21,"f","R"
13,2,2,15,2,3,"Nonmatching",1,747.382026473133,2,21,"f","R"
13,2,2,16,3,3,"Matching",1,423.307698063581,1,21,"f","R"
13,2,2,17,1,1,"Matching",1,534.119039964935,1,21,"f","R"
13,2,2,18,1,3,"Nonmatching",1,656.739001394271,2,21,"f","R"
13,2,2,19,3,1,"Nonmatching",0,431.11289945773,1,21,"f","R"
13,2,2,20,1,1,"Matching",1,461.936774114292,1,21,"f","R"
13,2,2,21,1,3,"Nonmatching",1,498.754758495124,2,21,"f","R"
13,2,2,22,2,1,"Nonmatching",0,390.685409380239,1,21,"f","R"
13,2,2,23,1,1,"Matching",0,760.105549142281,2,21,"f","R"
13,2,2,24,1,1,"Matching",1,330.731936325719,1,21,"f","R"
13,2,2,25,3,2,"Nonmatching",1,421.994052905575,2,21,"f","R"
13,2,2,26,3,1,"Nonmatching",1,598.732150034266,2,21,"f","R"
13,2,2,27,3,3,"Matching",1,262.079488136806,1,21,"f","R"
13,2,2,28,1,2,"Nonmatching",1,577.981567239476,2,21,"f","R"
13,2,2,29,2,3,"Nonmatching",1,395.652026433709,2,21,"f","R"
13,2,2,30,3,1,"Nonmatching",1,428.345853237261,2,21,"f","R"
13,2,2,31,3,3,"Matching",1,563.016516781317,1,21,"f","R"
13,2,2,32,3,2,"Nonmatching",1,372.798766212327,2,21,"f","R"
13,2,2,33,1,2,"Nonmatching",1,572.066843698849,2,21,"f","R"
13,2,2,34,1,2,"Nonmatching",1,372.054105687312,2,21,"f","R"
13,2,2,35,3,1,"Nonmatching",1,476.812779231295,2,21,"f","R"
13,2,2,36,2,1,"Nonmatching",1,552.728006859979,2,21,"f","R"
13,2,2,37,3,3,"Matching",1,417.962864699803,1,21,"f","R"
13,2,2,38,2,1,"Nonmatching",1,624.699280530876,2,21,"f","R"
13,2,2,39,2,2,"Matching",1,502.728897313318,1,21,"f","R"
13,2,2,40,3,3,"Matching",1,473.983552196842,1,21,"f","R"
13,2,2,41,2,1,"Nonmatching",1,430.700272406284,2,21,"f","R"
13,2,2,42,2,1,"Nonmatching",1,340.107656045802,2,21,"f","R"
13,2,2,43,2,2,"Matching",1,494.269589978103,1,21,"f","R"
13,2,2,44,2,3,"Nonmatching",1,578.001187399423,2,21,"f","R"
13,2,2,45,1,1,"Matching",1,418.74284151254,1,21,"f","R"
13,2,2,46,2,2,"Matching",1,529.338965353418,1,21,"f","R"
13,2,2,47,3,3,"Matching",1,299.27719807165,1,21,"f","R"
13,2,2,48,2,3,"Nonmatching",1,646.737851350736,2,21,"f","R"
13,2,2,49,2,3,"Nonmatching",1,526.029195329102,2,21,"f","R"
13,2,2,50,1,2,"Nonmatching",1,567.992189293363,2,21,"f","R"
13,2,2,51,1,1,"Matching",1,394.035325270124,1,21,"f","R"
13,2,2,52,1,2,"Nonmatching",1,336.648169110049,2,21,"f","R"
13,2,2,53,3,3,"Matching",1,466.293355122616,1,21,"f","R"
13,2,2,54,1,3,"Nonmatching",1,430.640506381678,2,21,"f","R"
13,2,2,55,2,2,"Matching",1,429.419830596999,1,21,"f","R"
13,2,2,56,3,2,"Nonmatching",1,547.406717689228,2,21,"f","R"
13,2,2,57,1,3,"Nonmatching",1,396.020583588324,2,21,"f","R"
13,2,2,58,2,2,"Matching",1,483.398512235908,1,21,"f","R"
13,2,2,59,3,2,"Nonmatching",1,560.057192995373,2,21,"f","R"
13,2,2,60,2,2,"Matching",1,545.984407031938,1,21,"f","R"
13,2,3,1,3,3,"Matching",1,593.335096861665,1,21,"f","R"
13,2,3,2,2,3,"Nonmatching",1,481.354091591129,2,21,"f","R"
13,2,3,3,2,1,"Nonmatching",1,533.994376487499,2,21,"f","R"
13,2,3,4,3,3,"Matching",1,385.572395751296,1,21,"f","R"
13,2,3,5,2,2,"Matching",0,402.077477825515,2,21,"f","R"
13,2,3,6,2,3,"Nonmatching",1,482.017856687889,2,21,"f","R"
13,2,3,7,1,1,"Matching",1,334.69188825984,1,21,"f","R"
13,2,3,8,1,1,"Matching",1,360.761043587445,1,21,"f","R"
13,2,3,9,3,1,"Nonmatching",1,442.095963034262,2,21,"f","R"
13,2,3,10,3,2,"Nonmatching",1,561.442979970707,2,21,"f","R"
13,2,3,11,1,1,"Matching",1,426.693835785954,1,21,"f","R"
13,2,3,12,1,1,"Matching",1,321.451298917964,1,21,"f","R"
13,2,3,13,3,2,"Nonmatching",1,387.392241029374,2,21,"f","R"
13,2,3,14,2,2,"Matching",1,284.767939017001,1,21,"f","R"
13,2,3,15,1,2,"Nonmatching",1,488.809148597284,2,21,"f","R"
13,2,3,16,2,2,"Matching",1,443.329316461131,1,21,"f","R"
13,2,3,17,3,3,"Matching",1,528.96648416754,1,21,"f","R"
13,2,3,18,2,3,"Nonmatching",1,298.760735097858,2,21,"f","R"
13,2,3,19,3,3,"Matching",1,390.649791244869,1,21,"f","R"
13,2,3,20,2,1,"Nonmatching",0,398.303464636228,1,21,"f","R"
13,2,3,21,2,2,"Matching",0,317.332876463297,2,21,"f","R"
13,2,3,22,2,2,"Matching",1,513.33797046027,1,21,"f","R"
13,2,3,23,1,2,"Nonmatching",1,637.37933700213,2,21,"f","R"
13,2,3,24,1,2,"Nonmatching",1,341.392927432935,2,21,"f","R"
13,2,3,25,3,2,"Nonmatching",1,504.014470549919,2,21,"f","R"
13,2,3,26,1,3,"Nonmatching",1,924.018702467947,2,21,"f","R"
13,2,3,27,3,1,"Nonmatching",1,518.76249185716,2,21,"f","R"
13,2,3,28,1,3,"Nonmatching",1,427.370580372553,2,21,"f","R"
13,2,3,29,3,1,"Nonmatching",0,330.723786412818,1,21,"f","R"
13,2,3,30,2,1,"Nonmatching",1,396.159433948924,2,21,"f","R"
13,2,3,31,1,3,"Nonmatching",1,388.110338876686,2,21,"f","R"
13,2,3,32,1,1,"Matching",1,419.992494764301,1,21,"f","R"
13,2,3,33,2,2,"Matching",1,402.623823812064,1,21,"f","R"
13,2,3,34,1,3,"Nonmatching",1,424.685335126014,2,21,"f","R"
13,2,3,35,1,1,"Matching",0,376.771093939169,2,21,"f","R"
13,2,3,36,3,3,"Matching",1,483.44016734427,1,21,"f","R"
13,2,3,37,1,2,"Nonmatching",1,536.289633329943,2,21,"f","R"
13,2,3,38,1,1,"Matching",1,603.39118335196,1,21,"f","R"
13,2,3,39,3,3,"Matching",1,426.710437460315,1,21,"f","R"
13,2,3,40,3,2,"Nonmatching",1,442.011445423304,2,21,"f","R"
13,2,3,41,2,3,"Nonmatching",1,712.604538703999,2,21,"f","R"
13,2,3,42,3,3,"Matching",1,533.988943212535,1,21,"f","R"
13,2,3,43,3,1,"Nonmatching",1,466.082966639988,2,21,"f","R"
13,2,3,44,2,2,"Matching",1,463.369045774925,1,21,"f","R"
13,2,3,45,3,2,"Nonmatching",1,477.638033335097,2,21,"f","R"
13,2,3,46,2,2,"Matching",1,426.11489014962,1,21,"f","R"
13,2,3,47,2,2,"Matching",1,281.961048778612,1,21,"f","R"
13,2,3,48,1,1,"Matching",1,334.642988784253,1,21,"f","R"
13,2,3,49,2,1,"Nonmatching",1,569.290742018893,2,21,"f","R"
13,2,3,50,3,3,"Matching",1,258.775755084571,1,21,"f","R"
13,2,3,51,2,2,"Matching",1,424.648811444058,1,21,"f","R"
13,2,3,52,3,3,"Matching",0,438.727936228133,2,21,"f","R"
13,2,3,53,1,3,"Nonmatching",1,452.749407926603,2,21,"f","R"
13,2,3,54,1,1,"Matching",1,354.706262290165,1,21,"f","R"
13,2,3,55,2,3,"Nonmatching",1,797.28967588926,2,21,"f","R"
13,2,3,56,3,3,"Matching",1,549.432725569204,1,21,"f","R"
13,2,3,57,2,1,"Nonmatching",1,494.693687276595,2,21,"f","R"
13,2,3,58,1,1,"Matching",1,523.314972614571,1,21,"f","R"
13,2,3,59,1,2,"Nonmatching",1,446.634860604718,2,21,"f","R"
13,2,3,60,3,1,"Nonmatching",1,517.984024288126,2,21,"f","R"
13,2,4,1,2,2,"Matching",0,399.350879317353,2,21,"f","R"
13,2,4,2,2,2,"Matching",1,409.340559113843,1,21,"f","R"
13,2,4,3,2,3,"Nonmatching",1,496.642421912838,2,21,"f","R"
13,2,4,4,2,3,"Nonmatching",1,572.774980541908,2,21,"f","R"
13,2,4,5,2,2,"Matching",1,421.953605192357,1,21,"f","R"
13,2,4,6,1,1,"Matching",1,253.964288218413,1,21,"f","R"
13,2,4,7,3,1,"Nonmatching",1,419.306091021099,2,21,"f","R"
13,2,4,8,3,1,"Nonmatching",1,587.283635899439,2,21,"f","R"
13,2,4,9,1,1,"Matching",0,412.741487419225,2,21,"f","R"
13,2,4,10,2,3,"Nonmatching",1,676.050370008852,2,21,"f","R"
13,2,4,11,1,3,"Nonmatching",1,489.424014218457,2,21,"f","R"
13,2,4,12,3,3,"Matching",1,527.476559421302,1,21,"f","R"
13,2,4,13,1,3,"Nonmatching",1,675.370606935758,2,21,"f","R"
13,2,4,14,1,1,"Matching",1,329.452098212641,1,21,"f","R"
13,2,4,15,3,2,"Nonmatching",1,772.043058027521,2,21,"f","R"
13,2,4,16,2,2,"Matching",1,222.735030877629,1,21,"f","R"
13,2,4,17,3,1,"Nonmatching",1,381.473291608017,2,21,"f","R"
13,2,4,18,1,2,"Nonmatching",1,462.096452029073,2,21,"f","R"
13,2,4,19,1,3,"Nonmatching",1,571.958480047215,2,21,"f","R"
13,2,4,20,2,2,"Matching",1,558.085819713597,1,21,"f","R"
13,2,4,21,3,2,"Nonmatching",1,440.722250003091,2,21,"f","R"
13,2,4,22,2,3,"Nonmatching",1,639.49499391947,2,21,"f","R"
13,2,4,23,1,1,"Matching",1,422.065591026694,1,21,"f","R"
13,2,4,24,3,2,"Nonmatching",1,741.328754418646,2,21,"f","R"
13,2,4,25,2,3,"Nonmatching",1,760.655517312443,2,21,"f","R"
13,2,4,26,2,2,"Matching",1,467.412609773419,1,21,"f","R"
13,2,4,27,1,1,"Matching",1,352.88581331497,1,21,"f","R"
13,2,4,28,1,2,"Nonmatching",1,514.040372179807,2,21,"f","R"
13,2,4,29,2,1,"Nonmatching",1,493.969552458111,2,21,"f","R"
13,2,4,30,3,3,"Matching",1,474.655165357944,1,21,"f","R"
13,2,4,31,1,2,"Nonmatching",0,456.677967604264,1,21,"f","R"
13,2,4,32,1,1,"Matching",1,417.440062905371,1,21,"f","R"
13,2,4,33,3,1,"Nonmatching",1,529.440990184412,2,21,"f","R"
13,2,4,34,1,1,"Matching",1,389.581247160095,1,21,"f","R"
13,2,4,35,2,2,"Matching",1,480.182617129685,1,21,"f","R"
13,2,4,36,3,2,"Nonmatching",1,414.861973914412,2,21,"f","R"
13,2,4,37,1,2,"Nonmatching",1,382.066424129334,2,21,"f","R"
13,2,4,38,1,3,"Nonmatching",1,671.963943507762,2,21,"f","R"
13,2,4,39,1,2,"Nonmatching",1,580.788457477865,2,21,"f","R"
13,2,4,40,3,3,"Matching",1,437.643696015584,1,21,"f","R"
13,2,4,41,2,2,"Matching",1,499.317404306566,1,21,"f","R"
13,2,4,42,3,3,"Matching",0,545.302229170375,2,21,"f","R"
13,2,4,43,3,3,"Matching",1,404.676998066861,1,21,"f","R"
13,2,4,44,2,2,"Matching",1,517.385156642376,1,21,"f","R"
13,2,4,45,2,1,"Nonmatching",1,393.341073464399,2,21,"f","R"
13,2,4,46,3,3,"Matching",1,450.726418533122,1,21,"f","R"
13,2,4,47,3,3,"Matching",1,304.651008901601,1,21,"f","R"
13,2,4,48,2,1,"Nonmatching",1,548.040297924672,2,21,"f","R"
13,2,4,49,1,3,"Nonmatching",1,719.324896190301,2,21,"f","R"
13,2,4,50,1,1,"Matching",1,258.883213190529,1,21,"f","R"
13,2,4,51,2,2,"Matching",1,416.083253396209,1,21,"f","R"
13,2,4,52,1,1,"Matching",1,462.769876281527,1,21,"f","R"
13,2,4,53,3,3,"Matching",1,540.269205423101,1,21,"f","R"
13,2,4,54,3,3,"Matching",1,278.054524050276,1,21,"f","R"
13,2,4,55,3,1,"Nonmatching",0,441.347982175103,1,21,"f","R"
13,2,4,56,1,1,"Matching",1,408.97985002357,1,21,"f","R"
13,2,4,57,2,1,"Nonmatching",1,592.637222871417,2,21,"f","R"
13,2,4,58,3,3,"Matching",1,408.770367087527,1,21,"f","R"
13,2,4,59,3,2,"Nonmatching",1,392.648330900556,2,21,"f","R"
13,2,4,60,2,1,"Nonmatching",1,634.049041271282,2,21,"f","R"
14,1,1,1,3,3,"Matching",0,731.025933489036,2,20,"f","R"
14,1,1,2,1,2,"Nonmatching",1,567.0480409417,2,20,"f","R"
14,1,1,3,2,2,"Matching",0,881.181536871281,2,20,"f","R"
14,1,1,4,3,2,"Nonmatching",1,501.665039290401,2,20,"f","R"
14,1,1,5,2,2,"Matching",0,403.209602831339,2,20,"f","R"
14,1,1,6,2,1,"Nonmatching",1,555.627265852308,2,20,"f","R"
14,1,1,7,2,2,"Matching",1,590.264488113462,1,20,"f","R"
14,1,1,8,1,3,"Nonmatching",1,487.616966750011,2,20,"f","R"
14,1,1,9,1,1,"Matching",1,500.982859574833,1,20,"f","R"
14,1,1,10,1,2,"Nonmatching",1,450.299321537386,2,20,"f","R"
14,1,1,11,1,3,"Nonmatching",1,361.727341012738,2,20,"f","R"
14,1,1,12,1,2,"Nonmatching",1,444.290103056119,2,20,"f","R"
14,1,1,13,1,1,"Matching",1,314.311323070797,1,20,"f","R"
14,1,1,14,2,2,"Matching",0,431.072720150951,2,20,"f","R"
14,1,1,15,2,3,"Nonmatching",1,464.347997777168,2,20,"f","R"
14,1,1,16,3,3,"Matching",0,510.974679456012,2,20,"f","R"
14,1,1,17,1,1,"Matching",1,403.640040120536,1,20,"f","R"
14,1,1,18,3,3,"Matching",1,693.035164044886,1,20,"f","R"
14,1,1,19,3,1,"Nonmatching",1,426.289010361415,2,20,"f","R"
14,1,1,20,3,1,"Nonmatching",1,433.728089599754,2,20,"f","R"
14,1,1,21,2,2,"Matching",1,640.964024170444,1,20,"f","R"
14,1,1,22,2,2,"Matching",1,576.426804626408,1,20,"f","R"
14,1,1,23,2,3,"Nonmatching",1,538.247077437973,2,20,"f","R"
14,1,1,24,2,1,"Nonmatching",1,774.274618180243,2,20,"f","R"
14,1,1,25,3,3,"Matching",0,496.30328783951,2,20,"f","R"
14,1,1,26,3,3,"Matching",1,261.633767689545,1,20,"f","R"
14,1,1,27,3,2,"Nonmatching",0,235.747160446408,1,20,"f","R"
14,1,1,28,1,1,"Matching",0,476.261692987464,2,20,"f","R"
14,1,1,29,2,3,"Nonmatching",1,722.310333004771,2,20,"f","R"
14,1,1,30,1,3,"Nonmatching",1,469.091863441918,2,20,"f","R"
14,1,1,31,1,2,"Nonmatching",0,658.973266799876,1,20,"f","R"
14,1,1,32,1,1,"Matching",1,491.28353179367,1,20,"f","R"
14,1,1,33,3,3,"Matching",1,800.305509451391,1,20,"f","R"
14,1,1,34,2,3,"Nonmatching",1,825.627356407495,2,20,"f","R"
14,1,1,35,1,1,"Matching",1,417.673322038354,1,20,"f","R"
14,1,1,36,2,2,"Matching",0,858.290181537086,2,20,"f","R"
14,1,1,37,3,1,"Nonmatching",1,617.723730893886,2,20,"f","R"
14,1,1,38,2,2,"Matching",1,858.260600292851,1,20,"f","R"
14,1,1,39,3,2,"Nonmatching",1,608.89252207744,2,20,"f","R"
14,1,1,40,3,2,"Nonmatching",1,738.374156048849,2,20,"f","R"
14,1,1,41,2,1,"Nonmatching",1,582.284192843872,2,20,"f","R"
14,1,1,42,3,2,"Nonmatching",1,600.466998896991,2,20,"f","R"
14,1,1,43,2,1,"Nonmatching",1,496.997541531528,2,20,"f","R"
14,1,1,44,1,1,"Matching",1,526.329458185046,1,20,"f","R"
14,1,1,45,3,3,"Matching",1,538.274847585853,1,20,"f","R"
14,1,1,46,2,2,"Matching",1,701.622176671208,1,20,"f","R"
14,1,1,47,1,1,"Matching",1,498.2876460017,1,20,"f","R"
14,1,1,48,1,1,"Matching",1,383.676926120643,1,20,"f","R"
14,1,1,49,2,2,"Matching",1,521.71659517353,1,20,"f","R"
14,1,1,50,2,1,"Nonmatching",0,405.682051524309,1,20,"f","R"
14,1,1,51,3,3,"Matching",1,494.26157828475,1,20,"f","R"
14,1,1,52,2,3,"Nonmatching",1,483.069605064884,2,20,"f","R"
14,1,1,53,3,3,"Matching",1,737.011305865508,1,20,"f","R"
14,1,1,54,3,3,"Matching",1,380.290175499795,1,20,"f","R"
14,1,1,55,1,3,"Nonmatching",1,518.305696597508,2,20,"f","R"
14,1,1,56,1,3,"Nonmatching",1,458.32368682386,2,20,"f","R"
14,1,1,57,1,2,"Nonmatching",1,345.050461774008,2,20,"f","R"
14,1,1,58,3,1,"Nonmatching",1,627.638579168888,2,20,"f","R"
14,1,1,59,1,1,"Matching",1,506.980004079196,1,20,"f","R"
14,1,1,60,3,1,"Nonmatching",1,792.246733330103,2,20,"f","R"
14,1,2,1,3,3,"Matching",1,869.549467179695,1,20,"f","R"
14,1,2,2,2,2,"Matching",1,523.6810312731,1,20,"f","R"
14,1,2,3,3,2,"Nonmatching",1,496.601213228132,2,20,"f","R"
14,1,2,4,3,2,"Nonmatching",1,493.017656777738,2,20,"f","R"
14,1,2,5,1,1,"Matching",1,410.374904635319,1,20,"f","R"
14,1,2,6,2,2,"Matching",3,1066.9662397454,1,20,"f","R"
14,1,2,7,2,3,"Nonmatching",0,617.025553158783,1,20,"f","R"
14,1,2,8,3,2,"Nonmatching",3,1001.65024866828,2,20,"f","R"
14,1,2,9,2,2,"Matching",0,482.995953803766,2,20,"f","R"
14,1,2,10,3,1,"Nonmatching",0,401.02179815176,1,20,"f","R"
14,1,2,11,1,1,"Matching",1,353.705692371932,1,20,"f","R"
14,1,2,12,1,2,"Nonmatching",1,547.676853677331,2,20,"f","R"
14,1,2,13,2,2,"Matching",1,711.677988630981,1,20,"f","R"
14,1,2,14,3,3,"Matching",1,572.427299659466,1,20,"f","R"
14,1,2,15,3,3,"Matching",1,279.044141046597,1,20,"f","R"
14,1,2,16,2,2,"Matching",0,541.032543991605,2,20,"f","R"
14,1,2,17,3,2,"Nonmatching",1,568.383724675641,2,20,"f","R"
14,1,2,18,1,1,"Matching",1,419.041907361134,1,20,"f","R"
14,1,2,19,1,2,"Nonmatching",1,530.911834403923,2,20,"f","R"
14,1,2,20,3,1,"Nonmatching",1,534.297377627354,2,20,"f","R"
14,1,2,21,2,3,"Nonmatching",0,754.486275001454,1,20,"f","R"
14,1,2,22,3,3,"Matching",0,662.23776840161,2,20,"f","R"
14,1,2,23,1,2,"Nonmatching",1,637.804868021249,2,20,"f","R"
14,1,2,24,2,2,"Matching",0,700.382481056295,2,20,"f","R"
14,1,2,25,3,3,"Matching",0,657.080369015603,2,20,"f","R"
14,1,2,26,3,3,"Matching",1,583.910255731553,1,20,"f","R"
14,1,2,27,1,3,"Nonmatching",1,625.662069091959,2,20,"f","R"
14,1,2,28,2,1,"Nonmatching",3,1089.63120800627,2,20,"f","R"
14,1,2,29,1,3,"Nonmatching",1,607.039166568029,2,20,"f","R"
14,1,2,30,1,2,"Nonmatching",1,583.70409256986,2,20,"f","R"
14,1,2,31,2,3,"Nonmatching",3,1041.68121841985,2,20,"f","R"
14,1,2,32,3,1,"Nonmatching",1,505.668770149441,2,20,"f","R"
14,1,2,33,2,1,"Nonmatching",1,407.664900439613,2,20,"f","R"
14,1,2,34,2,3,"Nonmatching",1,712.98378927122,2,20,"f","R"
14,1,2,35,3,3,"Matching",1,717.756934331646,1,20,"f","R"
14,1,2,36,1,1,"Matching",0,481.643970200366,2,20,"f","R"
14,1,2,37,1,1,"Matching",1,392.325817880646,1,20,"f","R"
14,1,2,38,3,2,"Nonmatching",3,1058.2654298837,1,20,"f","R"
14,1,2,39,3,3,"Matching",1,824.993774450377,1,20,"f","R"
14,1,2,40,1,3,"Nonmatching",1,824.34962776415,2,20,"f","R"
14,1,2,41,3,3,"Matching",0,472.265508364217,2,20,"f","R"
14,1,2,42,2,2,"Matching",1,654.988250606038,1,20,"f","R"
14,1,2,43,1,1,"Matching",1,478.334493033344,1,20,"f","R"
14,1,2,44,3,3,"Matching",1,836.981422772169,1,20,"f","R"
14,1,2,45,3,1,"Nonmatching",1,500.281059647023,2,20,"f","R"
14,1,2,46,2,1,"Nonmatching",1,547.003729444896,2,20,"f","R"
14,1,2,47,2,1,"Nonmatching",1,366.315150522041,2,20,"f","R"
14,1,2,48,1,1,"Matching",0,257.030865708657,2,20,"f","R"
14,1,2,49,2,2,"Matching",1,639.64313105862,1,20,"f","R"
14,1,2,50,1,3,"Nonmatching",1,671.02762384593,2,20,"f","R"
14,1,2,51,2,2,"Matching",1,525.193296924954,1,20,"f","R"
14,1,2,52,2,1,"Nonmatching",1,537.673261668715,2,20,"f","R"
14,1,2,53,1,1,"Matching",1,413.064986768404,1,20,"f","R"
14,1,2,54,1,3,"Nonmatching",1,453.036492182036,2,20,"f","R"
14,1,2,55,2,3,"Nonmatching",0,435.675622131384,1,20,"f","R"
14,1,2,56,1,1,"Matching",1,387.011456790333,1,20,"f","R"
14,1,2,57,2,2,"Matching",1,540.328932966986,1,20,"f","R"
14,1,2,58,1,1,"Matching",1,439.690823268847,1,20,"f","R"
14,1,2,59,1,2,"Nonmatching",1,567.682528446312,2,20,"f","R"
14,1,2,60,3,1,"Nonmatching",1,769.633985020846,2,20,"f","R"
14,1,3,1,2,3,"Nonmatching",0,602.446829317614,1,20,"f","R"
14,1,3,2,3,3,"Matching",1,642.948684182556,1,20,"f","R"
14,1,3,3,1,1,"Matching",1,450.412213225263,1,20,"f","R"
14,1,3,4,2,3,"Nonmatching",1,489.736251608065,2,20,"f","R"
14,1,3,5,1,1,"Matching",1,495.093475317844,1,20,"f","R"
14,1,3,6,3,3,"Matching",1,618.938373006131,1,20,"f","R"
14,1,3,7,2,2,"Matching",1,570.920769147051,1,20,"f","R"
14,1,3,8,3,2,"Nonmatching",1,637.01824840291,2,20,"f","R"
14,1,3,9,3,2,"Nonmatching",1,317.043965974335,2,20,"f","R"
14,1,3,10,1,2,"Nonmatching",1,649.668758075222,2,20,"f","R"
14,1,3,11,1,1,"Matching",1,408.357343035277,1,20,"f","R"
14,1,3,12,2,3,"Nonmatching",3,1201.15491375145,1,20,"f","R"
14,1,3,13,3,3,"Matching",1,601.629119207701,1,20,"f","R"
14,1,3,14,2,1,"Nonmatching",1,522.353497473432,2,20,"f","R"
14,1,3,15,2,1,"Nonmatching",1,518.913621353022,2,20,"f","R"
14,1,3,16,2,1,"Nonmatching",1,330.418008734341,2,20,"f","R"
14,1,3,17,1,3,"Nonmatching",1,454.314522675304,2,20,"f","R"
14,1,3,18,3,3,"Matching",1,732.92034052065,1,20,"f","R"
14,1,3,19,3,3,"Matching",1,656.913446280214,1,20,"f","R"
14,1,3,20,1,1,"Matching",1,481.220173598103,1,20,"f","R"
14,1,3,21,3,1,"Nonmatching",1,518.999346591045,2,20,"f","R"
14,1,3,22,2,3,"Nonmatching",1,842.25624158671,2,20,"f","R"
14,1,3,23,2,3,"Nonmatching",1,441.644392789385,2,20,"f","R"
14,1,3,24,3,1,"Nonmatching",0,569.046887876539,1,20,"f","R"
14,1,3,25,3,3,"Matching",0,500.294039172786,2,20,"f","R"
14,1,3,26,1,1,"Matching",1,546.372562283523,1,20,"f","R"
14,1,3,27,3,2,"Nonmatching",0,557.585363114413,1,20,"f","R"
14,1,3,28,3,2,"Nonmatching",1,593.679008881736,2,20,"f","R"
14,1,3,29,3,3,"Matching",0,370.903261879903,2,20,"f","R"
14,1,3,30,1,3,"Nonmatching",1,589.657468906807,2,20,"f","R"
14,1,3,31,1,1,"Matching",1,551.637420067436,1,20,"f","R"
14,1,3,32,3,1,"Nonmatching",1,594.954624579714,2,20,"f","R"
14,1,3,33,2,2,"Matching",0,412.333303746436,2,20,"f","R"
14,1,3,34,2,2,"Matching",1,341.011414531295,1,20,"f","R"
14,1,3,35,1,1,"Matching",1,521.03230251214,1,20,"f","R"
14,1,3,36,2,2,"Matching",1,653.675809277956,1,20,"f","R"
14,1,3,37,1,3,"Nonmatching",1,556.264470002134,2,20,"f","R"
14,1,3,38,2,2,"Matching",1,496.324417299093,1,20,"f","R"
14,1,3,39,3,1,"Nonmatching",1,494.469854392719,2,20,"f","R"
14,1,3,40,1,3,"Nonmatching",1,467.637552881115,2,20,"f","R"
14,1,3,41,2,1,"Nonmatching",1,498.33141416957,2,20,"f","R"
14,1,3,42,3,3,"Matching",0,367.013026407676,2,20,"f","R"
14,1,3,43,2,2,"Matching",1,745.671064204998,1,20,"f","R"
14,1,3,44,1,2,"Nonmatching",1,613.049592447624,2,20,"f","R"
14,1,3,45,1,1,"Matching",1,532.98916219137,1,20,"f","R"
14,1,3,46,1,2,"Nonmatching",1,417.097997022211,2,20,"f","R"
14,1,3,47,1,2,"Nonmatching",1,369.645455299178,2,20,"f","R"
14,1,3,48,2,2,"Matching",1,451.670623504924,1,20,"f","R"
14,1,3,49,3,2,"Nonmatching",1,514.365052270023,2,20,"f","R"
14,1,3,50,1,2,"Nonmatching",1,638.939218184532,2,20,"f","R"
14,1,3,51,1,1,"Matching",1,462.264633001269,1,20,"f","R"
14,1,3,52,2,2,"Matching",1,796.925097668009,1,20,"f","R"
14,1,3,53,3,3,"Matching",1,525.656635802079,1,20,"f","R"
14,1,3,54,1,1,"Matching",1,585.758781649929,1,20,"f","R"
14,1,3,55,2,2,"Matching",1,523.064051035362,1,20,"f","R"
14,1,3,56,3,3,"Matching",1,423.679823875773,1,20,"f","R"
14,1,3,57,2,1,"Nonmatching",1,544.241505297578,2,20,"f","R"
14,1,3,58,2,2,"Matching",0,467.7045634553,2,20,"f","R"
14,1,3,59,1,3,"Nonmatching",1,666.33084669229,2,20,"f","R"
14,1,3,60,3,1,"Nonmatching",1,465.033195986507,2,20,"f","R"
14,1,4,1,3,3,"Matching",1,851.734615584519,1,20,"f","R"
14,1,4,2,3,3,"Matching",1,314.251255033923,1,20,"f","R"
14,1,4,3,2,3,"Nonmatching",1,423.015453277003,2,20,"f","R"
14,1,4,4,2,2,"Matching",1,455.019039248327,1,20,"f","R"
14,1,4,5,2,2,"Matching",1,309.602170090784,1,20,"f","R"
14,1,4,6,3,3,"Matching",1,570.158297482976,1,20,"f","R"
14,1,4,7,2,2,"Matching",1,507.642563581612,1,20,"f","R"
14,1,4,8,3,2,"Nonmatching",1,600.355918305922,2,20,"f","R"
14,1,4,9,1,1,"Matching",1,441.745814198384,1,20,"f","R"
14,1,4,10,2,2,"Matching",1,457.185714466959,1,20,"f","R"
14,1,4,11,2,2,"Matching",1,447.738732810649,1,20,"f","R"
14,1,4,12,1,1,"Matching",1,494.970924448808,1,20,"f","R"
14,1,4,13,1,3,"Nonmatching",1,539.60811652496,2,20,"f","R"
14,1,4,14,3,3,"Matching",0,614.958186402419,2,20,"f","R"
14,1,4,15,3,3,"Matching",1,679.620371611236,1,20,"f","R"
14,1,4,16,1,2,"Nonmatching",1,677.636315298514,2,20,"f","R"
14,1,4,17,1,3,"Nonmatching",1,386.391759907383,2,20,"f","R"
14,1,4,18,2,3,"Nonmatching",1,603.654830742471,2,20,"f","R"
14,1,4,19,1,2,"Nonmatching",1,716.955524090736,2,20,"f","R"
14,1,4,20,1,2,"Nonmatching",1,409.092044551471,2,20,"f","R"
14,1,4,21,3,2,"Nonmatching",1,641.566515635986,2,20,"f","R"
14,1,4,22,2,2,"Matching",1,441.639261348882,1,20,"f","R"
14,1,4,23,3,2,"Nonmatching",1,465.025951600182,2,20,"f","R"
14,1,4,24,1,1,"Matching",1,519.671867124089,1,20,"f","R"
14,1,4,25,2,1,"Nonmatching",1,507.644978376902,2,20,"f","R"
14,1,4,26,3,3,"Matching",1,576.253844902567,1,20,"f","R"
14,1,4,27,1,3,"Nonmatching",1,602.246099445892,2,20,"f","R"
14,1,4,28,2,2,"Matching",1,651.030099011223,1,20,"f","R"
14,1,4,29,2,1,"Nonmatching",1,490.351420749448,2,20,"f","R"
14,1,4,30,3,2,"Nonmatching",1,744.26474770371,2,20,"f","R"
14,1,4,31,2,1,"Nonmatching",1,530.926926875509,2,20,"f","R"
14,1,4,32,3,1,"Nonmatching",1,510.938457523935,2,20,"f","R"
14,1,4,33,1,1,"Matching",1,395.665178140916,1,20,"f","R"
14,1,4,34,3,1,"Nonmatching",1,428.954340840846,2,20,"f","R"
14,1,4,35,3,1,"Nonmatching",1,549.020385496533,2,20,"f","R"
14,1,4,36,1,1,"Matching",1,512.760420691848,1,20,"f","R"
14,1,4,37,3,3,"Matching",1,677.038653424006,1,20,"f","R"
14,1,4,38,1,2,"Nonmatching",1,626.304102832819,2,20,"f","R"
14,1,4,39,1,1,"Matching",1,642.350116760099,1,20,"f","R"
14,1,4,40,3,1,"Nonmatching",1,490.304634087806,2,20,"f","R"
14,1,4,41,3,3,"Matching",0,584.273984296487,2,20,"f","R"
14,1,4,42,2,3,"Nonmatching",1,618.410136500643,2,20,"f","R"
14,1,4,43,2,3,"Nonmatching",1,466.380349999326,2,20,"f","R"
14,1,4,44,1,3,"Nonmatching",1,513.020614901961,2,20,"f","R"
14,1,4,45,2,2,"Matching",1,590.301615593035,1,20,"f","R"
14,1,4,46,2,1,"Nonmatching",1,536.558229869115,2,20,"f","R"
14,1,4,47,3,3,"Matching",0,516.326469875366,2,20,"f","R"
14,1,4,48,1,1,"Matching",1,489.050751549257,1,20,"f","R"
14,1,4,49,2,3,"Nonmatching",1,542.97856727635,2,20,"f","R"
14,1,4,50,3,2,"Nonmatching",1,603.591140512435,2,20,"f","R"
14,1,4,51,1,1,"Matching",1,525.701007668431,1,20,"f","R"
14,1,4,52,1,3,"Nonmatching",1,442.327176203435,2,20,"f","R"
14,1,4,53,1,2,"Nonmatching",1,506.374494120337,2,20,"f","R"
14,1,4,54,2,1,"Nonmatching",1,824.424788272154,2,20,"f","R"
14,1,4,55,2,2,"Matching",0,457.125948279554,2,20,"f","R"
14,1,4,56,3,1,"Nonmatching",1,528.251333515072,2,20,"f","R"
14,1,4,57,2,2,"Matching",1,645.000354768399,1,20,"f","R"
14,1,4,58,1,1,"Matching",1,460.963360101687,1,20,"f","R"
14,1,4,59,3,3,"Matching",1,627.688384325666,1,20,"f","R"
14,1,4,60,1,1,"Matching",1,419.002063235894,1,20,"f","R"
14,2,1,1,1,2,"Nonmatching",1,653.132478143561,2,20,"f","R"
14,2,1,2,2,2,"Matching",1,547.723336331728,1,20,"f","R"
14,2,1,3,1,2,"Nonmatching",1,495.723432923114,2,20,"f","R"
14,2,1,4,1,1,"Matching",1,460.413388280358,1,20,"f","R"
14,2,1,5,3,1,"Nonmatching",1,419.005985120748,2,20,"f","R"
14,2,1,6,3,3,"Matching",1,427.011937591487,1,20,"f","R"
14,2,1,7,1,1,"Matching",1,475.122209226356,1,20,"f","R"
14,2,1,8,2,3,"Nonmatching",1,624.260580024384,2,20,"f","R"
14,2,1,9,3,3,"Matching",1,599.676453078246,1,20,"f","R"
14,2,1,10,3,1,"Nonmatching",1,488.988568408786,2,20,"f","R"
14,2,1,11,2,1,"Nonmatching",1,573.044277739427,2,20,"f","R"
14,2,1,12,1,1,"Matching",1,662.996917564669,1,20,"f","R"
14,2,1,13,1,3,"Nonmatching",1,510.055243928946,2,20,"f","R"
14,2,1,14,1,1,"Matching",1,418.270981755086,1,20,"f","R"
14,2,1,15,3,3,"Matching",1,522.350778671353,1,20,"f","R"
14,2,1,16,2,2,"Matching",1,414.336072566584,1,20,"f","R"
14,2,1,17,1,3,"Nonmatching",1,486.336519303222,2,20,"f","R"
14,2,1,18,2,1,"Nonmatching",1,620.328689329654,2,20,"f","R"
14,2,1,19,3,3,"Matching",1,500.321203464409,1,20,"f","R"
14,2,1,20,2,1,"Nonmatching",1,656.254808662197,2,20,"f","R"
14,2,1,21,3,3,"Matching",1,567.619439757436,1,20,"f","R"
14,2,1,22,2,3,"Nonmatching",1,738.318613594856,2,20,"f","R"
14,2,1,23,2,3,"Nonmatching",1,741.664916392438,2,20,"f","R"
14,2,1,24,2,2,"Matching",1,688.99249245078,1,20,"f","R"
14,2,1,25,1,1,"Matching",1,422.267166378333,1,20,"f","R"
14,2,1,26,2,2,"Matching",1,454.350742448696,1,20,"f","R"
14,2,1,27,2,1,"Nonmatching",1,533.636325215411,2,20,"f","R"
14,2,1,28,3,2,"Nonmatching",1,665.144576269086,2,20,"f","R"
14,2,1,29,3,1,"Nonmatching",1,567.634532229022,2,20,"f","R"
14,2,1,30,1,1,"Matching",1,521.66527861209,1,20,"f","R"
14,2,1,31,3,2,"Nonmatching",1,782.314375629539,2,20,"f","R"
14,2,1,32,1,3,"Nonmatching",1,607.610867234143,2,20,"f","R"
14,2,1,33,3,3,"Matching",1,584.983932001705,1,20,"f","R"
14,2,1,34,2,1,"Nonmatching",1,706.995396242746,2,20,"f","R"
14,2,1,35,2,2,"Matching",1,543.600676796814,1,20,"f","R"
14,2,1,36,3,3,"Matching",1,754.322972301452,1,20,"f","R"
14,2,1,37,2,2,"Matching",1,413.6013710513,1,20,"f","R"
14,2,1,38,1,1,"Matching",1,374.466592260433,1,20,"f","R"
14,2,1,39,2,3,"Nonmatching",1,536.467672881372,2,20,"f","R"
14,2,1,40,3,1,"Nonmatching",1,467.745914669649,2,20,"f","R"
14,2,1,41,3,3,"Matching",1,930.445173024964,1,20,"f","R"
14,2,1,42,3,3,"Matching",1,381.826586948591,1,20,"f","R"
14,2,1,43,2,2,"Matching",1,463.712602565465,1,20,"f","R"
14,2,1,44,1,2,"Nonmatching",1,502.363516717196,2,20,"f","R"
14,2,1,45,2,2,"Matching",1,715.992924096099,1,20,"f","R"
14,2,1,46,1,3,"Nonmatching",1,496.254687923283,2,20,"f","R"
14,2,1,47,1,1,"Matching",1,445.715433913392,1,20,"f","R"
14,2,1,48,1,1,"Matching",1,429.680588415067,1,20,"f","R"
14,2,1,49,3,2,"Nonmatching",1,629.757258170685,2,20,"f","R"
14,2,1,50,1,2,"Nonmatching",1,549.832962007713,2,20,"f","R"
14,2,1,51,3,2,"Nonmatching",1,505.706801020096,2,20,"f","R"
14,2,1,52,2,2,"Matching",1,311.086059738045,1,20,"f","R"
14,2,1,53,2,2,"Matching",1,468.268416035244,1,20,"f","R"
14,2,1,54,1,3,"Nonmatching",1,531.023516536152,2,20,"f","R"
14,2,1,55,3,2,"Nonmatching",1,647.710658655342,2,20,"f","R"
14,2,1,56,1,2,"Nonmatching",1,374.957701285894,2,20,"f","R"
14,2,1,57,1,1,"Matching",1,442.261069019878,1,20,"f","R"
14,2,1,58,3,1,"Nonmatching",1,482.334901391368,2,20,"f","R"
14,2,1,59,3,3,"Matching",1,737.007077816088,1,20,"f","R"
14,2,1,60,2,3,"Nonmatching",1,883.594519068538,2,20,"f","R"
14,2,2,1,1,2,"Nonmatching",1,741.01684566358,2,20,"f","R"
14,2,2,2,1,1,"Matching",1,328.321058575966,1,20,"f","R"
14,2,2,3,3,3,"Matching",1,516.295075376547,1,20,"f","R"
14,2,2,4,3,2,"Nonmatching",1,489.643279825032,2,20,"f","R"
14,2,2,5,3,1,"Nonmatching",1,526.901158850706,2,20,"f","R"
14,2,2,6,1,3,"Nonmatching",1,467.056490568211,2,20,"f","R"
14,2,2,7,3,2,"Nonmatching",1,617.57763361129,2,20,"f","R"
14,2,2,8,1,2,"Nonmatching",1,514.357202026986,2,20,"f","R"
14,2,2,9,1,1,"Matching",1,518.402889956633,1,20,"f","R"
14,2,2,10,1,2,"Nonmatching",1,498.994273362769,2,20,"f","R"
14,2,2,11,2,3,"Nonmatching",0,775.582529608982,1,20,"f","R"
14,2,2,12,2,1,"Nonmatching",1,594.259463180606,2,20,"f","R"
14,2,2,13,3,3,"Matching",1,907.601811751192,1,20,"f","R"
14,2,2,14,2,2,"Matching",1,593.039689628313,1,20,"f","R"
14,2,2,15,3,1,"Nonmatching",1,506.301444400378,2,20,"f","R"
14,2,2,16,1,3,"Nonmatching",1,511.626672069724,2,20,"f","R"
14,2,2,17,3,3,"Matching",1,676.271953710057,1,20,"f","R"
14,2,2,18,2,2,"Matching",1,434.448300185068,1,20,"f","R"
14,2,2,19,3,3,"Matching",0,522.367682238837,2,20,"f","R"
14,2,2,20,2,2,"Matching",1,591.122643889321,1,20,"f","R"
14,2,2,21,2,1,"Nonmatching",1,713.047477343935,2,20,"f","R"
14,2,2,22,1,2,"Nonmatching",1,533.607649518672,2,20,"f","R"
14,2,2,23,2,2,"Matching",1,626.27421758134,1,20,"f","R"
14,2,2,24,3,1,"Nonmatching",1,610.33747314832,2,20,"f","R"
14,2,2,25,3,1,"Nonmatching",1,419.030736774403,2,20,"f","R"
14,2,2,26,2,3,"Nonmatching",1,867.686450331348,2,20,"f","R"
14,2,2,27,1,3,"Nonmatching",1,538.957628841672,2,20,"f","R"
14,2,2,28,1,1,"Matching",1,455.807165955775,1,20,"f","R"
14,2,2,29,2,2,"Matching",1,519.664318730975,1,20,"f","R"
14,2,2,30,2,2,"Matching",1,413.682870396769,1,20,"f","R"
14,2,2,31,1,1,"Matching",1,438.998982213889,1,20,"f","R"
14,2,2,32,3,2,"Nonmatching",1,679.066475747277,2,20,"f","R"
14,2,2,33,1,1,"Matching",1,429.02768809563,1,20,"f","R"
14,2,2,34,2,1,"Nonmatching",1,469.680165825594,2,20,"f","R"
14,2,2,35,1,1,"Matching",1,700.971085289893,1,20,"f","R"
14,2,2,36,2,2,"Matching",1,570.29865531149,1,20,"f","R"
14,2,2,37,1,1,"Matching",1,516.962464469543,1,20,"f","R"
14,2,2,38,3,3,"Matching",1,514.333355921735,1,20,"f","R"
14,2,2,39,2,2,"Matching",1,504.263658888704,1,20,"f","R"
14,2,2,40,2,2,"Matching",1,741.713816000811,1,20,"f","R"
14,2,2,41,3,3,"Matching",1,369.629756970426,1,20,"f","R"
14,2,2,42,3,1,"Nonmatching",1,573.058464662608,2,20,"f","R"
14,2,2,43,3,3,"Matching",1,736.029387507187,1,20,"f","R"
14,2,2,44,1,3,"Nonmatching",1,611.625766521684,2,20,"f","R"
14,2,2,45,2,3,"Nonmatching",1,660.356640587452,2,20,"f","R"
14,2,2,46,3,2,"Nonmatching",1,811.684325311035,2,20,"f","R"
14,2,2,47,2,2,"Matching",1,508.384205476432,1,20,"f","R"
14,2,2,48,1,1,"Matching",1,474.038871616358,1,20,"f","R"
14,2,2,49,1,1,"Matching",1,472.386245979578,1,20,"f","R"
14,2,2,50,2,3,"Nonmatching",1,791.609828871515,2,20,"f","R"
14,2,2,51,3,3,"Matching",0,881.657551266471,2,20,"f","R"
14,2,2,52,3,2,"Nonmatching",1,607.602717298505,2,20,"f","R"
14,2,2,53,1,1,"Matching",1,400.964142752855,1,20,"f","R"
14,2,2,54,1,3,"Nonmatching",1,586.377872675257,2,20,"f","R"
14,2,2,55,2,1,"Nonmatching",1,732.275286128242,2,20,"f","R"
14,2,2,56,2,1,"Nonmatching",1,401.109030479347,2,20,"f","R"
14,2,2,57,3,3,"Matching",1,570.935557611847,1,20,"f","R"
14,2,2,58,2,3,"Nonmatching",1,749.636759877831,2,20,"f","R"
14,2,2,59,1,2,"Nonmatching",1,560.925928614779,2,20,"f","R"
14,2,2,60,3,3,"Matching",1,491.681367187084,1,20,"f","R"
14,2,3,1,2,1,"Nonmatching",1,506.688717220641,2,20,"f","R"
14,2,3,2,3,1,"Nonmatching",1,455.00092612474,2,20,"f","R"
14,2,3,3,3,3,"Matching",1,494.312588680259,1,20,"f","R"
14,2,3,4,2,2,"Matching",1,580.328206370723,1,20,"f","R"
14,2,3,5,3,3,"Matching",1,566.469695273554,1,20,"f","R"
14,2,3,6,1,1,"Matching",1,448.998952028887,1,20,"f","R"
14,2,3,7,2,1,"Nonmatching",1,368.373157787573,2,20,"f","R"
14,2,3,8,3,3,"Matching",1,506.978190825066,1,20,"f","R"
14,2,3,9,3,2,"Nonmatching",1,512.210750719532,2,20,"f","R"
14,2,3,10,2,2,"Matching",1,477.124678354812,1,20,"f","R"
14,2,3,11,1,1,"Matching",1,419.636548583185,1,20,"f","R"
14,2,3,12,2,2,"Matching",1,444.315758099947,1,20,"f","R"
14,2,3,13,3,3,"Matching",1,499.648381080988,1,20,"f","R"
14,2,3,14,2,3,"Nonmatching",1,577.044990104696,2,20,"f","R"
14,2,3,15,3,1,"Nonmatching",1,484.380534988304,2,20,"f","R"
14,2,3,16,3,3,"Matching",1,634.38853399748,1,20,"f","R"
14,2,3,17,2,2,"Matching",1,434.252098055367,1,20,"f","R"
14,2,3,18,2,3,"Nonmatching",1,562.37722068181,2,20,"f","R"
14,2,3,19,1,3,"Nonmatching",1,612.964770599319,2,20,"f","R"
14,2,3,20,3,2,"Nonmatching",1,718.426736061701,2,20,"f","R"
14,2,3,21,3,1,"Nonmatching",1,507.666105679164,2,20,"f","R"
14,2,3,22,1,1,"Matching",1,505.00922698393,1,20,"f","R"
14,2,3,23,1,1,"Matching",1,310.792058391598,1,20,"f","R"
14,2,3,24,3,3,"Matching",0,627.59179034947,2,20,"f","R"
14,2,3,25,2,3,"Nonmatching",1,764.678822596579,2,20,"f","R"
14,2,3,26,2,3,"Nonmatching",1,607.680594452177,2,20,"f","R"
14,2,3,27,3,3,"Matching",1,850.008638377403,1,20,"f","R"
14,2,3,28,1,2,"Nonmatching",1,569.681675073298,2,20,"f","R"
14,2,3,29,1,3,"Nonmatching",1,773.01318724858,2,20,"f","R"
14,2,3,30,1,1,"Matching",1,496.297248692827,1,20,"f","R"
14,2,3,31,3,3,"Matching",1,685.689052273119,1,20,"f","R"
14,2,3,32,1,2,"Nonmatching",1,507.076291891281,2,20,"f","R"
14,2,3,33,3,2,"Nonmatching",1,424.551562875422,2,20,"f","R"
14,2,3,34,1,2,"Nonmatching",1,369.041150579505,2,20,"f","R"
14,2,3,35,1,1,"Matching",1,402.318843001012,1,20,"f","R"
14,2,3,36,1,1,"Matching",1,323.000962346669,1,20,"f","R"
14,2,3,37,2,2,"Matching",1,382.988405410288,1,20,"f","R"
14,2,3,38,2,2,"Matching",1,960.385316283464,1,20,"f","R"
14,2,3,39,1,2,"Nonmatching",1,499.607631407343,2,20,"f","R"
14,2,3,40,1,3,"Nonmatching",1,601.604365397179,2,20,"f","R"
14,2,3,41,3,3,"Matching",1,531.655891094488,1,20,"f","R"
14,2,3,42,1,1,"Matching",1,464.306944097189,1,20,"f","R"
14,2,3,43,1,2,"Nonmatching",1,679.054099920904,2,20,"f","R"
14,2,3,44,3,2,"Nonmatching",1,764.904907819982,2,20,"f","R"
14,2,3,45,2,3,"Nonmatching",1,728.859557962096,2,20,"f","R"
14,2,3,46,3,2,"Nonmatching",1,573.034618558268,2,20,"f","R"
14,2,3,47,2,2,"Matching",1,520.304239526013,1,20,"f","R"
14,2,3,48,2,2,"Matching",1,309.050689022115,1,20,"f","R"
14,2,3,49,1,3,"Nonmatching",1,514.418477461732,2,20,"f","R"
14,2,3,50,2,1,"Nonmatching",1,527.590281102675,2,20,"f","R"
14,2,3,51,2,1,"Nonmatching",1,579.702472498866,2,20,"f","R"
14,2,3,52,1,3,"Nonmatching",1,469.704917480158,2,20,"f","R"
14,2,3,53,1,1,"Matching",1,699.628459018641,1,20,"f","R"
14,2,3,54,2,2,"Matching",1,609.090834996096,1,20,"f","R"
14,2,3,55,3,1,"Nonmatching",1,594.412802692204,2,20,"f","R"
14,2,3,56,3,1,"Nonmatching",1,491.703704044994,2,20,"f","R"
14,2,3,57,3,3,"Matching",0,449.692300172501,2,20,"f","R"
14,2,3,58,2,2,"Matching",1,505.721591642214,1,20,"f","R"
14,2,3,59,1,1,"Matching",1,414.956674997484,1,20,"f","R"
14,2,3,60,2,1,"Nonmatching",0,488.37853070745,1,20,"f","R"
14,2,4,1,2,2,"Matching",1,626.27572682868,1,20,"f","R"
14,2,4,2,1,2,"Nonmatching",1,514.588720540814,2,20,"f","R"
14,2,4,3,2,2,"Matching",1,542.991242794415,1,20,"f","R"
14,2,4,4,3,1,"Nonmatching",1,514.993802477875,2,20,"f","R"
14,2,4,5,2,1,"Nonmatching",1,640.266146127942,2,20,"f","R"
14,2,4,6,1,1,"Matching",1,495.666081531454,1,20,"f","R"
14,2,4,7,1,2,"Nonmatching",1,484.966122884543,2,20,"f","R"
14,2,4,8,2,3,"Nonmatching",1,778.2611414641,2,20,"f","R"
14,2,4,9,1,3,"Nonmatching",1,557.011847036847,2,20,"f","R"
14,2,4,10,3,3,"Matching",1,351.61387365406,1,20,"f","R"
14,2,4,11,3,3,"Matching",1,371.278760414498,1,20,"f","R"
14,2,4,12,2,1,"Nonmatching",1,550.38534646792,2,20,"f","R"
14,2,4,13,1,3,"Nonmatching",1,801.042623605099,2,20,"f","R"
14,2,4,14,1,1,"Matching",1,522.540340113665,1,20,"f","R"
14,2,4,15,2,3,"Nonmatching",1,461.732772144387,2,20,"f","R"
14,2,4,16,2,2,"Matching",1,516.395289388129,1,20,"f","R"
14,2,4,17,2,2,"Matching",1,376.429519114026,1,20,"f","R"
14,2,4,18,2,2,"Matching",1,402.305259776767,1,20,"f","R"
14,2,4,19,1,3,"Nonmatching",1,451.61447735245,2,20,"f","R"
14,2,4,20,1,3,"Nonmatching",1,547.187553590447,2,20,"f","R"
14,2,4,21,2,2,"Matching",1,766.932430451561,1,20,"f","R"
14,2,4,22,1,1,"Matching",1,456.981360244754,1,20,"f","R"
14,2,4,23,3,2,"Nonmatching",1,776.326588457778,2,20,"f","R"
14,2,4,24,1,1,"Matching",1,418.445450726722,1,20,"f","R"
14,2,4,25,3,2,"Nonmatching",1,538.950384455347,2,20,"f","R"
14,2,4,26,3,3,"Matching",1,670.932840966998,1,20,"f","R"
14,2,4,27,2,2,"Matching",1,445.88960103556,1,20,"f","R"
14,2,4,28,1,1,"Matching",1,421.685804372828,1,20,"f","R"
14,2,4,29,2,1,"Nonmatching",1,702.970535923669,2,20,"f","R"
14,2,4,30,1,1,"Matching",1,436.36836441874,1,20,"f","R"
14,2,4,31,3,1,"Nonmatching",1,508.382394380533,2,20,"f","R"
14,2,4,32,1,3,"Nonmatching",1,521.667995257303,2,20,"f","R"
14,2,4,33,1,2,"Nonmatching",0,430.365182925925,1,20,"f","R"
14,2,4,34,2,3,"Nonmatching",1,735.01758821385,2,20,"f","R"
14,2,4,35,1,1,"Matching",1,610.983732781278,1,20,"f","R"
14,2,4,36,2,3,"Nonmatching",1,772.120618478766,2,20,"f","R"
14,2,4,37,3,3,"Matching",1,509.578925526512,1,20,"f","R"
14,2,4,38,2,2,"Matching",1,411.087267135372,1,20,"f","R"
14,2,4,39,1,1,"Matching",1,427.948274528717,1,20,"f","R"
14,2,4,40,3,3,"Matching",1,732.241177141987,1,20,"f","R"
14,2,4,41,1,2,"Nonmatching",3,1145.03868748852,2,20,"f","R"
14,2,4,42,3,1,"Nonmatching",1,660.271820896924,2,20,"f","R"
14,2,4,43,2,2,"Matching",1,442.971924430822,1,20,"f","R"
14,2,4,44,3,1,"Nonmatching",1,634.382497009028,2,20,"f","R"
14,2,4,45,2,3,"Nonmatching",1,706.394112175076,2,20,"f","R"
14,2,4,46,3,3,"Matching",0,575.635655109181,2,20,"f","R"
14,2,4,47,3,1,"Nonmatching",1,617.735500864001,2,20,"f","R"
14,2,4,48,2,1,"Nonmatching",1,682.96606855165,2,20,"f","R"
14,2,4,49,3,2,"Nonmatching",1,552.955896226194,2,20,"f","R"
14,2,4,50,3,3,"Matching",1,388.964420454613,1,20,"f","R"
14,2,4,51,3,2,"Nonmatching",1,406.348231062111,2,20,"f","R"
14,2,4,52,1,1,"Matching",1,463.700226739093,1,20,"f","R"
14,2,4,53,1,2,"Nonmatching",1,447.083717386704,2,20,"f","R"
14,2,4,54,1,1,"Matching",1,823.048050857324,1,20,"f","R"
14,2,4,55,2,2,"Matching",1,615.65243793757,1,20,"f","R"
14,2,4,56,3,3,"Matching",1,416.323751072923,1,20,"f","R"
14,2,4,57,3,3,"Matching",1,368.949992051967,1,20,"f","R"
14,2,4,58,3,3,"Matching",1,315.142010548698,1,20,"f","R"
14,2,4,59,3,2,"Nonmatching",1,431.673398362364,2,20,"f","R"
14,2,4,60,2,1,"Nonmatching",1,527.111849753055,2,20,"f","R"
15,1,1,1,3,2,"Nonmatching",3,1179.37484330378,2,20,"f","R"
15,1,1,2,1,2,"Nonmatching",1,572.601400276199,2,20,"f","R"
15,1,1,3,3,1,"Nonmatching",1,734.439667352945,2,20,"f","R"
15,1,1,4,3,3,"Matching",1,849.420856425695,1,20,"f","R"
15,1,1,5,1,1,"Matching",1,407.272003795697,1,20,"f","R"
15,1,1,6,1,3,"Nonmatching",1,615.922675942329,2,20,"f","R"
15,1,1,7,2,2,"Matching",1,855.870360314839,1,20,"f","R"
15,1,1,8,1,1,"Matching",1,334.833634333791,1,20,"f","R"
15,1,1,9,3,1,"Nonmatching",1,681.254124962834,2,20,"f","R"
15,1,1,10,2,1,"Nonmatching",1,783.32845831028,2,20,"f","R"
15,1,1,11,2,2,"Matching",1,656.581384387209,1,20,"f","R"
15,1,1,12,2,2,"Matching",1,687.328738421456,1,20,"f","R"
15,1,1,13,1,3,"Nonmatching",1,684.604594994653,2,20,"f","R"
15,1,1,14,1,1,"Matching",1,449.285690616762,1,20,"f","R"
15,1,1,15,1,3,"Nonmatching",1,584.647094650791,2,20,"f","R"
15,1,1,16,3,3,"Matching",1,801.290297965807,1,20,"f","R"
15,1,1,17,1,1,"Matching",1,834.076307368832,1,20,"f","R"
15,1,1,18,3,1,"Nonmatching",1,593.367372057855,2,20,"f","R"
15,1,1,19,3,2,"Nonmatching",1,754.605572969922,2,20,"f","R"
15,1,1,20,3,2,"Nonmatching",0,741.235386478365,1,20,"f","R"
15,1,1,21,2,1,"Nonmatching",1,727.883914324138,2,20,"f","R"
15,1,1,22,2,2,"Matching",1,804.156308141501,1,20,"f","R"
15,1,1,23,3,3,"Matching",1,940.512590484104,1,20,"f","R"
15,1,1,24,2,2,"Matching",1,663.921932198264,1,20,"f","R"
15,1,1,25,1,2,"Nonmatching",1,661.982583553709,2,20,"f","R"
15,1,1,26,3,3,"Matching",3,1020.54867897004,1,20,"f","R"
15,1,1,27,3,2,"Nonmatching",0,644.679669671405,1,20,"f","R"
15,1,1,28,1,1,"Matching",1,372.012079763863,1,20,"f","R"
15,1,1,29,2,1,"Nonmatching",1,605.956084052195,2,20,"f","R"
15,1,1,30,2,2,"Matching",1,735.169526500613,1,20,"f","R"
15,1,1,31,2,2,"Matching",1,689.949047461596,1,20,"f","R"
15,1,1,32,3,1,"Nonmatching",1,623.305180089574,2,20,"f","R"
15,1,1,33,2,3,"Nonmatching",1,727.236156784784,2,20,"f","R"
15,1,1,34,2,1,"Nonmatching",1,731.596899176566,2,20,"f","R"
15,1,1,35,3,3,"Matching",1,783.257524935834,1,20,"f","R"
15,1,1,36,2,2,"Matching",1,600.681055739187,1,20,"f","R"
15,1,1,37,1,3,"Nonmatching",1,673.244086834075,2,20,"f","R"
15,1,1,38,3,3,"Matching",1,679.324435331182,1,20,"f","R"
15,1,1,39,3,3,"Matching",1,524.007511050513,1,20,"f","R"
15,1,1,40,3,2,"Nonmatching",1,719.196537929292,2,20,"f","R"
15,1,1,41,3,3,"Matching",1,539.958163155006,1,20,"f","R"
15,1,1,42,1,1,"Matching",1,654.598872029965,1,20,"f","R"
15,1,1,43,2,2,"Matching",1,629.263583551165,1,20,"f","R"
15,1,1,44,1,3,"Nonmatching",1,644.649787100661,2,20,"f","R"
15,1,1,45,3,3,"Matching",1,795.892720928805,1,20,"f","R"
15,1,1,46,1,1,"Matching",1,428.542658990864,1,20,"f","R"
15,1,1,47,1,1,"Matching",1,443.959650642682,1,20,"f","R"
15,1,1,48,2,3,"Nonmatching",1,818.630640522315,2,20,"f","R"
15,1,1,49,2,1,"Nonmatching",1,715.166918566865,2,20,"f","R"
15,1,1,50,3,1,"Nonmatching",0,671.888202925857,1,20,"f","R"
15,1,1,51,2,3,"Nonmatching",3,1005.31460487127,2,20,"f","R"
15,1,1,52,3,3,"Matching",0,765.21418736047,2,20,"f","R"
15,1,1,53,2,3,"Nonmatching",1,815.302808802244,2,20,"f","R"
15,1,1,54,1,2,"Nonmatching",0,623.840349762304,1,20,"f","R"
15,1,1,55,1,1,"Matching",1,543.323121705725,1,20,"f","R"
15,1,1,56,2,3,"Nonmatching",1,753.91676462641,2,20,"f","R"
15,1,1,57,1,1,"Matching",1,461.24777416253,1,20,"f","R"
15,1,1,58,1,2,"Nonmatching",1,563.434091687668,2,20,"f","R"
15,1,1,59,2,2,"Matching",1,693.945765811804,1,20,"f","R"
15,1,1,60,1,2,"Nonmatching",1,730.635525568232,2,20,"f","R"
15,1,2,1,2,2,"Matching",0,492.585233503632,2,20,"f","R"
15,1,2,2,1,1,"Matching",1,240.616002288789,1,20,"f","R"
15,1,2,3,2,1,"Nonmatching",1,679.264066502128,2,20,"f","R"
15,1,2,4,3,3,"Matching",3,1025.92663613723,1,20,"f","R"
15,1,2,5,1,1,"Matching",1,431.952894163715,1,20,"f","R"
15,1,2,6,2,2,"Matching",1,759.293212572629,1,20,"f","R"
15,1,2,7,2,2,"Matching",1,409.263269633357,1,20,"f","R"
15,1,2,8,1,2,"Nonmatching",1,641.86406746785,2,20,"f","R"
15,1,2,9,1,2,"Nonmatching",1,457.28244760312,2,20,"f","R"
15,1,2,10,3,3,"Matching",0,495.923026081527,2,20,"f","R"
15,1,2,11,3,3,"Matching",1,853.277519091534,1,20,"f","R"
15,1,2,12,2,2,"Matching",1,651.991542288215,1,20,"f","R"
15,1,2,13,1,2,"Nonmatching",1,642.55378134385,2,20,"f","R"
15,1,2,14,1,1,"Matching",1,449.958803064419,1,20,"f","R"
15,1,2,15,1,3,"Nonmatching",1,576.6062684188,2,20,"f","R"
15,1,2,16,1,3,"Nonmatching",1,666.047518681808,2,20,"f","R"
15,1,2,17,1,1,"Matching",1,449.26788181192,1,20,"f","R"
15,1,2,18,2,2,"Matching",1,575.945531581056,1,20,"f","R"
15,1,2,19,2,3,"Nonmatching",1,537.319743465559,2,20,"f","R"
15,1,2,20,2,3,"Nonmatching",3,1156.24422447536,2,20,"f","R"
15,1,2,21,1,3,"Nonmatching",1,757.292891410543,2,20,"f","R"
15,1,2,22,2,2,"Matching",1,544.600224291571,1,20,"f","R"
15,1,2,23,3,1,"Nonmatching",1,523.296366240629,2,20,"f","R"
15,1,2,24,2,3,"Nonmatching",1,656.524033999176,2,20,"f","R"
15,1,2,25,1,1,"Matching",1,454.631350460204,1,20,"f","R"
15,1,2,26,1,1,"Matching",1,341.422892062383,1,20,"f","R"
15,1,2,27,2,1,"Nonmatching",1,527.930881273278,2,20,"f","R"
15,1,2,28,1,1,"Matching",1,483.312883152394,1,20,"f","R"
15,1,2,29,3,1,"Nonmatching",1,391.892440817628,2,20,"f","R"
15,1,2,30,3,2,"Nonmatching",1,465.275884303992,2,20,"f","R"
15,1,2,31,3,2,"Nonmatching",1,503.983170338415,2,20,"f","R"
15,1,2,32,3,1,"Nonmatching",1,556.58283323919,2,20,"f","R"
15,1,2,33,3,3,"Matching",1,831.174679583455,1,20,"f","R"
15,1,2,34,3,1,"Nonmatching",1,694.704903841739,2,20,"f","R"
15,1,2,35,1,3,"Nonmatching",1,617.974008765032,2,20,"f","R"
15,1,2,36,2,2,"Matching",1,794.603242733046,1,20,"f","R"
15,1,2,37,3,2,"Nonmatching",1,923.816383336998,2,20,"f","R"
15,1,2,38,3,2,"Nonmatching",1,463.44731246154,2,20,"f","R"
15,1,2,39,1,3,"Nonmatching",1,709.928111552017,2,20,"f","R"
15,1,2,40,1,1,"Matching",1,481.88153820729,1,20,"f","R"
15,1,2,41,3,3,"Matching",0,487.196711791512,2,20,"f","R"
15,1,2,42,2,2,"Matching",1,924.626533027549,1,20,"f","R"
15,1,2,43,1,2,"Nonmatching",1,590.668583539355,2,20,"f","R"
15,1,2,44,2,1,"Nonmatching",1,663.440188939603,2,20,"f","R"
15,1,2,45,1,2,"Nonmatching",1,685.220055210721,2,20,"f","R"
15,1,2,46,2,2,"Matching",1,601.979891103838,1,20,"f","R"
15,1,2,47,3,3,"Matching",1,745.22244581658,1,20,"f","R"
15,1,2,48,3,3,"Matching",1,539.262412396056,1,20,"f","R"
15,1,2,49,2,2,"Matching",0,613.899112780928,2,20,"f","R"
15,1,2,50,3,3,"Matching",0,637.903268570881,2,20,"f","R"
15,1,2,51,2,3,"Nonmatching",1,853.256993689683,2,20,"f","R"
15,1,2,52,3,2,"Nonmatching",1,619.302424856414,2,20,"f","R"
15,1,2,53,3,1,"Nonmatching",0,611.393202672389,1,20,"f","R"
15,1,2,54,2,3,"Nonmatching",3,1163.9035197054,2,20,"f","R"
15,1,2,55,1,1,"Matching",1,661.917083373737,1,20,"f","R"
15,1,2,56,2,1,"Nonmatching",1,539.919527103848,2,20,"f","R"
15,1,2,57,3,3,"Matching",0,783.53823999214,2,20,"f","R"
15,1,2,58,2,1,"Nonmatching",1,848.599236657719,2,20,"f","R"
15,1,2,59,3,3,"Matching",0,479.202973246629,2,20,"f","R"
15,1,2,60,1,1,"Matching",1,500.571124101043,1,20,"f","R"
15,1,3,1,3,3,"Matching",3,1037.84193384035,1,20,"f","R"
15,1,3,2,3,3,"Matching",1,749.340505513828,1,20,"f","R"
15,1,3,3,1,3,"Nonmatching",1,623.953541317405,2,20,"f","R"
15,1,3,4,3,1,"Nonmatching",1,871.93329844149,2,20,"f","R"
15,1,3,5,1,2,"Nonmatching",1,485.374176832011,2,20,"f","R"
15,1,3,6,3,1,"Nonmatching",1,514.072009108077,2,20,"f","R"
15,1,3,7,1,1,"Matching",1,389.94796082261,1,20,"f","R"
15,1,3,8,1,2,"Nonmatching",0,678.654039480989,1,20,"f","R"
15,1,3,9,2,2,"Matching",1,597.32243591543,1,20,"f","R"
15,1,3,10,1,1,"Matching",1,501.931837515713,1,20,"f","R"
15,1,3,11,2,2,"Matching",1,786.566038631008,1,20,"f","R"
15,1,3,12,1,1,"Matching",1,467.354684944439,1,20,"f","R"
15,1,3,13,1,1,"Matching",1,466.175379862307,1,20,"f","R"
15,1,3,14,3,1,"Nonmatching",1,567.207143525593,2,20,"f","R"
15,1,3,15,1,2,"Nonmatching",1,569.182713467853,2,20,"f","R"
15,1,3,16,2,3,"Nonmatching",1,835.301794605584,2,20,"f","R"
15,1,3,17,2,1,"Nonmatching",1,578.61926703481,2,20,"f","R"
15,1,3,18,3,2,"Nonmatching",1,683.827044472309,2,20,"f","R"
15,1,3,19,2,1,"Nonmatching",1,545.883061916356,2,20,"f","R"
15,1,3,20,1,1,"Matching",1,764.577899898541,1,20,"f","R"
15,1,3,21,3,2,"Nonmatching",1,566.852778496923,2,20,"f","R"
15,1,3,22,1,1,"Matching",1,488.558028894204,1,20,"f","R"
15,1,3,23,2,3,"Nonmatching",1,693.916486929993,2,20,"f","R"
15,1,3,24,3,1,"Nonmatching",1,747.91942326965,2,20,"f","R"
15,1,3,25,3,2,"Nonmatching",1,560.009669840383,2,20,"f","R"
15,1,3,26,3,3,"Matching",0,490.618718886253,2,20,"f","R"
15,1,3,27,1,3,"Nonmatching",3,1071.8202276239,2,20,"f","R"
15,1,3,28,2,1,"Nonmatching",1,966.49593834627,2,20,"f","R"
15,1,3,29,3,1,"Nonmatching",1,545.351212529113,2,20,"f","R"
15,1,3,30,2,2,"Matching",1,588.013260578009,1,20,"f","R"
15,1,3,31,2,2,"Matching",1,485.503064282511,1,20,"f","R"
15,1,3,32,1,1,"Matching",1,489.976092697361,1,20,"f","R"
15,1,3,33,3,3,"Matching",1,855.291725084498,1,20,"f","R"
15,1,3,34,3,2,"Nonmatching",3,1118.15843553904,2,20,"f","R"
15,1,3,35,3,3,"Matching",1,713.931470473199,1,20,"f","R"
15,1,3,36,1,3,"Nonmatching",1,717.982822614431,2,20,"f","R"
15,1,3,37,2,3,"Nonmatching",1,681.974626942065,2,20,"f","R"
15,1,3,38,3,3,"Matching",0,671.955212326338,2,20,"f","R"
15,1,3,39,1,3,"Nonmatching",1,630.684363951332,2,20,"f","R"
15,1,3,40,2,3,"Nonmatching",3,1917.81783460374,1,20,"f","R"
15,1,3,41,2,1,"Nonmatching",1,633.79154760014,2,20,"f","R"
15,1,3,42,1,2,"Nonmatching",1,650.018085254942,2,20,"f","R"
15,1,3,43,2,3,"Nonmatching",1,695.928881857526,2,20,"f","R"
15,1,3,44,2,2,"Matching",0,749.179320739131,2,20,"f","R"
15,1,3,45,1,1,"Matching",1,513.486129618741,1,20,"f","R"
15,1,3,46,1,1,"Matching",1,398.006897703453,1,20,"f","R"
15,1,3,47,2,2,"Matching",0,638.594793511857,2,20,"f","R"
15,1,3,48,2,2,"Matching",1,645.893988674743,1,20,"f","R"
15,1,3,49,3,3,"Matching",1,693.229187807447,1,20,"f","R"
15,1,3,50,3,3,"Matching",1,393.997200054855,1,20,"f","R"
15,1,3,51,2,2,"Matching",1,730.630092373758,1,20,"f","R"
15,1,3,52,1,1,"Matching",1,509.889052918879,1,20,"f","R"
15,1,3,53,2,2,"Matching",1,817.972318438024,1,20,"f","R"
15,1,3,54,3,3,"Matching",0,569.887519550775,2,20,"f","R"
15,1,3,55,2,2,"Matching",0,763.905692983371,2,20,"f","R"
15,1,3,56,3,2,"Nonmatching",1,773.285198006761,2,20,"f","R"
15,1,3,57,2,1,"Nonmatching",1,599.282611806302,2,20,"f","R"
15,1,3,58,3,3,"Matching",1,600.63125145507,1,20,"f","R"
15,1,3,59,1,3,"Nonmatching",1,657.458543478697,2,20,"f","R"
15,1,3,60,1,2,"Nonmatching",1,575.26577856197,2,20,"f","R"
15,1,4,1,2,3,"Nonmatching",1,836.576784282443,2,20,"f","R"
15,1,4,2,3,3,"Matching",1,579.864977829857,1,20,"f","R"
15,1,4,3,2,1,"Nonmatching",1,693.238544975429,2,20,"f","R"
15,1,4,4,3,2,"Nonmatching",1,744.648640092691,2,20,"f","R"
15,1,4,5,2,3,"Nonmatching",3,1083.25951710731,2,20,"f","R"
15,1,4,6,1,1,"Matching",1,472.542480298671,1,20,"f","R"
15,1,4,7,3,2,"Nonmatching",1,798.627428901,2,20,"f","R"
15,1,4,8,2,2,"Matching",1,535.978951765173,1,20,"f","R"
15,1,4,9,2,1,"Nonmatching",1,658.54276765458,2,20,"f","R"
15,1,4,10,1,1,"Matching",1,377.476968045357,1,20,"f","R"
15,1,4,11,3,3,"Matching",1,730.719438241067,1,20,"f","R"
15,1,4,12,2,2,"Matching",1,390.495204261242,1,20,"f","R"
15,1,4,13,1,1,"Matching",1,463.885892007056,1,20,"f","R"
15,1,4,14,2,1,"Nonmatching",1,670.695314857312,2,20,"f","R"
15,1,4,15,1,1,"Matching",1,421.874016250968,1,20,"f","R"
15,1,4,16,2,3,"Nonmatching",1,773.873794093561,2,20,"f","R"
15,1,4,17,2,2,"Matching",1,416.670826844893,1,20,"f","R"
15,1,4,18,1,1,"Matching",1,385.305597842034,1,20,"f","R"
15,1,4,19,2,2,"Matching",1,523.293951487176,1,20,"f","R"
15,1,4,20,2,3,"Nonmatching",1,495.404759681151,2,20,"f","R"
15,1,4,21,1,2,"Nonmatching",0,331.908462705087,1,20,"f","R"
15,1,4,22,1,3,"Nonmatching",1,583.912405997125,2,20,"f","R"
15,1,4,23,3,1,"Nonmatching",1,616.507951743188,2,20,"f","R"
15,1,4,24,3,2,"Nonmatching",1,553.90306090203,2,20,"f","R"
15,1,4,25,1,2,"Nonmatching",1,580.67422198792,2,20,"f","R"
15,1,4,26,2,2,"Matching",0,525.96466849991,2,20,"f","R"
15,1,4,27,3,3,"Matching",1,738.142993192469,1,20,"f","R"
15,1,4,28,3,1,"Nonmatching",0,541.326724517603,1,20,"f","R"
15,1,4,29,1,3,"Nonmatching",1,800.656123412864,2,20,"f","R"
15,1,4,30,2,3,"Nonmatching",1,713.990631926208,2,20,"f","R"
15,1,4,31,3,1,"Nonmatching",0,925.962495222393,1,20,"f","R"
15,1,4,32,1,1,"Matching",1,673.278798910815,1,20,"f","R"
15,1,4,33,2,2,"Matching",1,607.296573909025,1,20,"f","R"
15,1,4,34,3,3,"Matching",1,519.982419350526,1,20,"f","R"
15,1,4,35,1,2,"Nonmatching",1,612.648572479429,2,20,"f","R"
15,1,4,36,3,2,"Nonmatching",1,491.950455262668,2,20,"f","R"
15,1,4,37,3,3,"Matching",0,536.570264448983,2,20,"f","R"
15,1,4,38,3,3,"Matching",1,882.553081065453,1,20,"f","R"
15,1,4,39,1,2,"Nonmatching",1,655.262325464719,2,20,"f","R"
15,1,4,40,3,2,"Nonmatching",1,676.639531643559,2,20,"f","R"
15,1,4,41,1,1,"Matching",1,474.566345304538,1,20,"f","R"
15,1,4,42,3,3,"Matching",0,487.910875043326,2,20,"f","R"
15,1,4,43,1,1,"Matching",1,507.91529404205,1,20,"f","R"
15,1,4,44,3,3,"Matching",1,615.858383139312,1,20,"f","R"
15,1,4,45,1,1,"Matching",1,408.05528935698,1,20,"f","R"
15,1,4,46,1,1,"Matching",1,408.581101861273,1,20,"f","R"
15,1,4,47,3,1,"Nonmatching",1,521.254088741898,2,20,"f","R"
15,1,4,48,2,2,"Matching",1,565.330578463545,1,20,"f","R"
15,1,4,49,2,2,"Matching",1,607.211755703702,1,20,"f","R"
15,1,4,50,3,1,"Nonmatching",1,631.307973958883,2,20,"f","R"
15,1,4,51,3,3,"Matching",0,631.21017645517,2,20,"f","R"
15,1,4,52,3,3,"Matching",1,735.26702215986,1,20,"f","R"
15,1,4,53,2,1,"Nonmatching",1,641.996577048303,2,20,"f","R"
15,1,4,54,2,1,"Nonmatching",1,896.522126344735,2,20,"f","R"
15,1,4,55,2,2,"Matching",1,804.543574181935,1,20,"f","R"
15,1,4,56,1,3,"Nonmatching",1,469.155185281124,2,20,"f","R"
15,1,4,57,1,3,"Nonmatching",1,634.041474554124,2,20,"f","R"
15,1,4,58,1,3,"Nonmatching",1,473.893534700892,2,20,"f","R"
15,1,4,59,2,2,"Matching",1,671.300512371545,1,20,"f","R"
15,1,4,60,1,2,"Nonmatching",1,573.277531165331,2,20,"f","R"
15,2,1,1,2,2,"Matching",1,599.868154477008,1,20,"f","R"
15,2,1,2,2,2,"Matching",1,576.64336027392,1,20,"f","R"
15,2,1,3,3,1,"Nonmatching",1,570.007618546697,2,20,"f","R"
15,2,1,4,3,3,"Matching",1,851.788185095756,1,20,"f","R"
15,2,1,5,2,3,"Nonmatching",1,562.549653362112,2,20,"f","R"
15,2,1,6,2,2,"Matching",1,517.199985029038,1,20,"f","R"
15,2,1,7,2,2,"Matching",1,530.61212785633,1,20,"f","R"
15,2,1,8,1,2,"Nonmatching",1,493.17983149831,2,20,"f","R"
15,2,1,9,1,3,"Nonmatching",1,730.462835741491,2,20,"f","R"
15,2,1,10,1,1,"Matching",1,414.549129360239,1,20,"f","R"
15,2,1,11,3,3,"Matching",1,759.83679890669,1,20,"f","R"
15,2,1,12,1,2,"Nonmatching",1,577.965135794329,2,20,"f","R"
15,2,1,13,2,1,"Nonmatching",1,635.2678323492,2,20,"f","R"
15,2,1,14,2,2,"Matching",1,554.531163596948,1,20,"f","R"
15,2,1,15,1,1,"Matching",1,533.299446296951,1,20,"f","R"
15,2,1,16,2,1,"Nonmatching",1,632.750452162327,2,20,"f","R"
15,2,1,17,3,3,"Matching",1,704.582114888581,1,20,"f","R"
15,2,1,18,1,1,"Matching",1,541.152223625431,1,20,"f","R"
15,2,1,19,1,3,"Nonmatching",1,728.460099825497,2,20,"f","R"
15,2,1,20,3,2,"Nonmatching",1,828.54075258183,2,20,"f","R"
15,2,1,21,1,1,"Matching",1,532.525216060094,1,20,"f","R"
15,2,1,22,2,2,"Matching",1,600.521043365916,1,20,"f","R"
15,2,1,23,1,2,"Nonmatching",1,689.860572151701,2,20,"f","R"
15,2,1,24,2,2,"Matching",1,567.392139012554,1,20,"f","R"
15,2,1,25,1,3,"Nonmatching",1,505.883847958103,2,20,"f","R"
15,2,1,26,2,3,"Nonmatching",1,695.227662929938,2,20,"f","R"
15,2,1,27,2,1,"Nonmatching",1,652.694200487531,2,20,"f","R"
15,2,1,28,2,2,"Matching",1,699.188461826452,1,20,"f","R"
15,2,1,29,2,1,"Nonmatching",1,591.972213435838,2,20,"f","R"
15,2,1,30,3,3,"Matching",0,561.187430726022,2,20,"f","R"
15,2,1,31,3,1,"Nonmatching",1,635.943057705845,2,20,"f","R"
15,2,1,32,1,1,"Matching",1,635.24760879136,1,20,"f","R"
15,2,1,33,3,2,"Nonmatching",1,722.454910521265,2,20,"f","R"
15,2,1,34,3,3,"Matching",0,678.503384277064,2,20,"f","R"
15,2,1,35,1,1,"Matching",1,404.500435862246,1,20,"f","R"
15,2,1,36,3,2,"Nonmatching",1,821.801478312409,2,20,"f","R"
15,2,1,37,1,1,"Matching",1,534.573832285787,1,20,"f","R"
15,2,1,38,3,1,"Nonmatching",1,689.908263526377,2,20,"f","R"
15,2,1,39,3,2,"Nonmatching",3,1238.49551218154,2,20,"f","R"
15,2,1,40,3,3,"Matching",1,629.908589518891,1,20,"f","R"
15,2,1,41,1,1,"Matching",1,429.370280667172,1,20,"f","R"
15,2,1,42,3,3,"Matching",1,796.52293653362,1,20,"f","R"
15,2,1,43,1,2,"Nonmatching",1,557.236592686422,2,20,"f","R"
15,2,1,44,2,2,"Matching",1,543.927076868385,1,20,"f","R"
15,2,1,45,3,2,"Nonmatching",1,594.461823959136,2,20,"f","R"
15,2,1,46,1,3,"Nonmatching",1,579.936178073694,2,20,"f","R"
15,2,1,47,1,1,"Matching",1,469.84758077906,1,20,"f","R"
15,2,1,48,2,3,"Nonmatching",1,651.8580922002,2,20,"f","R"
15,2,1,49,2,3,"Nonmatching",3,1058.49437724737,2,20,"f","R"
15,2,1,50,1,3,"Nonmatching",1,513.253976494525,2,20,"f","R"
15,2,1,51,1,2,"Nonmatching",1,965.165978059304,2,20,"f","R"
15,2,1,52,2,2,"Matching",1,551.935605776634,1,20,"f","R"
15,2,1,53,3,1,"Nonmatching",1,690.537608573322,2,20,"f","R"
15,2,1,54,2,3,"Nonmatching",1,591.815858167138,2,20,"f","R"
15,2,1,55,3,3,"Matching",1,593.84968402992,1,20,"f","R"
15,2,1,56,3,3,"Matching",1,922.542264217554,1,20,"f","R"
15,2,1,57,3,1,"Nonmatching",1,581.919897807893,2,20,"f","R"
15,2,1,58,2,1,"Nonmatching",1,623.130981041868,2,20,"f","R"
15,2,1,59,1,1,"Matching",1,447.855518073084,1,20,"f","R"
15,2,1,60,3,3,"Matching",1,534.572624908833,1,20,"f","R"
15,2,2,1,3,2,"Nonmatching",1,765.926806416246,2,20,"f","R"
15,2,2,2,3,3,"Matching",1,704.753562365113,1,20,"f","R"
15,2,2,3,2,3,"Nonmatching",1,581.253425931209,2,20,"f","R"
15,2,2,4,2,2,"Matching",1,710.548064454088,1,20,"f","R"
15,2,2,5,2,1,"Nonmatching",0,402.525167764907,1,20,"f","R"
15,2,2,6,3,1,"Nonmatching",0,883.880254804353,1,20,"f","R"
15,2,2,7,3,3,"Matching",1,745.164456765451,1,20,"f","R"
15,2,2,8,3,1,"Nonmatching",1,531.896172857159,2,20,"f","R"
15,2,2,9,1,3,"Nonmatching",1,559.842413207662,2,20,"f","R"
15,2,2,10,3,3,"Matching",1,713.819753163989,1,20,"f","R"
15,2,2,11,1,1,"Matching",1,581.829948251652,1,20,"f","R"
15,2,2,12,3,3,"Matching",1,743.274006872525,1,20,"f","R"
15,2,2,13,1,1,"Matching",1,513.932823981122,1,20,"f","R"
15,2,2,14,2,2,"Matching",1,293.811168716275,1,20,"f","R"
15,2,2,15,2,2,"Matching",1,666.547035769327,1,20,"f","R"
15,2,2,16,1,1,"Matching",1,377.203764117439,1,20,"f","R"
15,2,2,17,2,2,"Matching",1,411.476054100604,1,20,"f","R"
15,2,2,18,1,3,"Nonmatching",0,387.914401829221,1,20,"f","R"
15,2,2,19,2,3,"Nonmatching",1,885.174864351029,2,20,"f","R"
15,2,2,20,3,3,"Matching",3,1019.19125086624,2,20,"f","R"
15,2,2,21,3,1,"Nonmatching",1,619.272205466586,2,20,"f","R"
15,2,2,22,1,2,"Nonmatching",1,754.57263698263,2,20,"f","R"
15,2,2,23,2,1,"Nonmatching",1,619.928716486356,2,20,"f","R"
15,2,2,24,3,1,"Nonmatching",1,546.588134869125,2,20,"f","R"
15,2,2,25,3,3,"Matching",0,844.577732112157,2,20,"f","R"
15,2,2,26,1,1,"Matching",1,548.103996175087,1,20,"f","R"
15,2,2,27,3,3,"Matching",1,485.864034907536,1,20,"f","R"
15,2,2,28,2,2,"Matching",1,531.163898956947,1,20,"f","R"
15,2,2,29,3,3,"Matching",1,502.562354964539,1,20,"f","R"
15,2,2,30,1,3,"Nonmatching",1,729.834396227488,2,20,"f","R"
15,2,2,31,2,2,"Matching",1,435.879851540449,1,20,"f","R"
15,2,2,32,2,1,"Nonmatching",1,514.579675987989,2,20,"f","R"
15,2,2,33,1,2,"Nonmatching",1,526.575566078463,2,20,"f","R"
15,2,2,34,1,2,"Nonmatching",1,553.868615695137,2,20,"f","R"
15,2,2,35,3,2,"Nonmatching",1,509.30193107888,2,20,"f","R"
15,2,2,36,2,2,"Matching",1,529.858423021324,1,20,"f","R"
15,2,2,37,1,2,"Nonmatching",1,429.177100412744,2,20,"f","R"
15,2,2,38,1,1,"Matching",1,341.895243177532,1,20,"f","R"
15,2,2,39,3,3,"Matching",1,576.548581211682,1,20,"f","R"
15,2,2,40,1,3,"Nonmatching",1,761.947595026868,2,20,"f","R"
15,2,2,41,2,3,"Nonmatching",1,611.975123212687,2,20,"f","R"
15,2,2,42,3,1,"Nonmatching",1,933.268899669201,2,20,"f","R"
15,2,2,43,1,3,"Nonmatching",1,983.20448612867,2,20,"f","R"
15,2,2,44,1,1,"Matching",1,377.926379004748,1,20,"f","R"
15,2,2,45,3,2,"Nonmatching",1,563.207673602847,2,20,"f","R"
15,2,2,46,2,1,"Nonmatching",1,686.67853115403,2,20,"f","R"
15,2,2,47,1,2,"Nonmatching",1,588.023488303406,2,20,"f","R"
15,2,2,48,2,2,"Matching",0,404.512207785046,2,20,"f","R"
15,2,2,49,1,1,"Matching",1,395.937721100381,1,20,"f","R"
15,2,2,50,2,1,"Nonmatching",1,659.875072744398,2,20,"f","R"
15,2,2,51,1,1,"Matching",1,407.295814508871,1,20,"f","R"
15,2,2,52,3,3,"Matching",1,591.251107768585,1,20,"f","R"
15,2,2,53,2,2,"Matching",1,471.208294194184,1,20,"f","R"
15,2,2,54,2,2,"Matching",1,564.845178100768,1,20,"f","R"
15,2,2,55,2,3,"Nonmatching",1,598.637837732895,2,20,"f","R"
15,2,2,56,1,1,"Matching",1,366.763880604594,1,20,"f","R"
15,2,2,57,3,2,"Nonmatching",1,585.459020431699,2,20,"f","R"
15,2,2,58,3,2,"Nonmatching",1,769.854402456986,2,20,"f","R"
15,2,2,59,2,3,"Nonmatching",1,947.892343058811,2,20,"f","R"
15,2,2,60,1,1,"Matching",1,415.180285472161,1,20,"f","R"
15,2,3,1,1,3,"Nonmatching",1,623.230287766091,2,20,"f","R"
15,2,3,2,2,2,"Matching",1,534.692155191806,1,20,"f","R"
15,2,3,3,1,1,"Matching",1,296.596888349086,1,20,"f","R"
15,2,3,4,1,3,"Nonmatching",1,397.277607269643,2,20,"f","R"
15,2,3,5,3,1,"Nonmatching",1,598.050147178583,2,20,"f","R"
15,2,3,6,2,3,"Nonmatching",1,494.526358237636,2,20,"f","R"
15,2,3,7,2,1,"Nonmatching",1,474.627282846996,2,20,"f","R"
15,2,3,8,1,1,"Matching",1,352.529212476838,1,20,"f","R"
15,2,3,9,1,2,"Nonmatching",1,434.501933010324,2,20,"f","R"
15,2,3,10,3,2,"Nonmatching",1,570.079457454085,2,20,"f","R"
15,2,3,11,3,3,"Matching",1,603.208663651458,1,20,"f","R"
15,2,3,12,3,2,"Nonmatching",1,435.188930288859,2,20,"f","R"
15,2,3,13,2,2,"Matching",1,698.484259432007,1,20,"f","R"
15,2,3,14,2,1,"Nonmatching",1,455.119397470298,2,20,"f","R"
15,2,3,15,2,1,"Nonmatching",1,429.183137295695,2,20,"f","R"
15,2,3,16,3,3,"Matching",1,732.609551314454,1,20,"f","R"
15,2,3,17,1,3,"Nonmatching",1,535.847916430612,2,20,"f","R"
15,2,3,18,1,1,"Matching",1,386.597757659729,1,20,"f","R"
15,2,3,19,2,2,"Matching",1,492.663979851386,1,20,"f","R"
15,2,3,20,3,1,"Nonmatching",1,505.835251049575,2,20,"f","R"
15,2,3,21,2,3,"Nonmatching",1,661.141308941296,2,20,"f","R"
15,2,3,22,1,2,"Nonmatching",1,459.173164364984,2,20,"f","R"
15,2,3,23,3,2,"Nonmatching",1,497.913049567615,2,20,"f","R"
15,2,3,24,1,2,"Nonmatching",1,694.51953656062,2,20,"f","R"
15,2,3,25,3,3,"Matching",1,555.283359211899,1,20,"f","R"
15,2,3,26,2,3,"Nonmatching",1,613.827842586943,2,20,"f","R"
15,2,3,27,3,1,"Nonmatching",1,829.822684674582,2,20,"f","R"
15,2,3,28,1,2,"Nonmatching",1,694.046546782374,2,20,"f","R"
15,2,3,29,1,1,"Matching",1,419.192096030201,1,20,"f","R"
15,2,3,30,3,2,"Nonmatching",1,524.572830163379,2,20,"f","R"
15,2,3,31,1,1,"Matching",1,495.808894019319,1,20,"f","R"
15,2,3,32,2,3,"Nonmatching",1,692.599505941871,2,20,"f","R"
15,2,3,33,3,3,"Matching",0,473.855165519126,2,20,"f","R"
15,2,3,34,1,3,"Nonmatching",1,544.474320307927,2,20,"f","R"
15,2,3,35,3,3,"Matching",1,563.786308832277,1,20,"f","R"
15,2,3,36,1,1,"Matching",1,405.845151538415,1,20,"f","R"
15,2,3,37,1,1,"Matching",1,398.538712115624,1,20,"f","R"
15,2,3,38,2,1,"Nonmatching",1,535.880515597455,2,20,"f","R"
15,2,3,39,1,1,"Matching",1,403.279174443924,1,20,"f","R"
15,2,3,40,3,3,"Matching",1,627.819526177518,1,20,"f","R"
15,2,3,41,1,3,"Nonmatching",1,523.133939113904,2,20,"f","R"
15,2,3,42,1,1,"Matching",1,423.84230695825,1,20,"f","R"
15,2,3,43,3,3,"Matching",1,511.915599547137,1,20,"f","R"
15,2,3,44,2,2,"Matching",1,556.548689874944,1,20,"f","R"
15,2,3,45,3,1,"Nonmatching",1,607.32521412865,2,20,"f","R"
15,2,3,46,3,3,"Matching",0,439.20919248194,2,20,"f","R"
15,2,3,47,2,3,"Nonmatching",1,655.89284291309,2,20,"f","R"
15,2,3,48,2,2,"Matching",1,487.436039225031,1,20,"f","R"
15,2,3,49,1,1,"Matching",1,428.595446741383,1,20,"f","R"
15,2,3,50,2,2,"Matching",1,524.591544500254,1,20,"f","R"
15,2,3,51,3,3,"Matching",1,449.24551037002,1,20,"f","R"
15,2,3,52,3,1,"Nonmatching",1,567.813513441251,2,20,"f","R"
15,2,3,53,3,2,"Nonmatching",1,882.015461665105,2,20,"f","R"
15,2,3,54,2,2,"Matching",1,471.098724769035,1,20,"f","R"
15,2,3,55,2,2,"Matching",0,668.49181760881,2,20,"f","R"
15,2,3,56,2,2,"Matching",1,753.914013053873,1,20,"f","R"
15,2,3,57,2,1,"Nonmatching",0,477.134098488023,1,20,"f","R"
15,2,3,58,3,3,"Matching",1,938.484766529655,1,20,"f","R"
15,2,3,59,1,2,"Nonmatching",1,661.166362005133,2,20,"f","R"
15,2,3,60,2,2,"Matching",1,507.223432281535,1,20,"f","R"
15,2,4,1,2,3,"Nonmatching",1,675.212075697345,2,20,"f","R"
15,2,4,2,2,1,"Nonmatching",1,487.990225078647,2,20,"f","R"
15,2,4,3,1,2,"Nonmatching",1,483.892388939239,2,20,"f","R"
15,2,4,4,3,3,"Matching",1,481.830189726679,1,20,"f","R"
15,2,4,5,2,3,"Nonmatching",1,430.721636912494,2,20,"f","R"
15,2,4,6,1,2,"Nonmatching",1,581.439965613754,2,20,"f","R"
15,2,4,7,3,3,"Matching",1,542.567268986204,1,20,"f","R"
15,2,4,8,1,1,"Matching",1,385.231611050585,1,20,"f","R"
15,2,4,9,3,2,"Nonmatching",1,602.523175593888,2,20,"f","R"
15,2,4,10,2,1,"Nonmatching",1,435.188326600837,2,20,"f","R"
15,2,4,11,1,2,"Nonmatching",1,522.585790143239,2,20,"f","R"
15,2,4,12,3,3,"Matching",1,550.612019192158,1,20,"f","R"
15,2,4,13,3,3,"Matching",0,537.805073880008,2,20,"f","R"
15,2,4,14,2,1,"Nonmatching",1,670.086460237144,2,20,"f","R"
15,2,4,15,3,1,"Nonmatching",1,524.486804581102,2,20,"f","R"
15,2,4,16,2,3,"Nonmatching",1,600.515610171897,2,20,"f","R"
15,2,4,17,2,2,"Matching",1,489.909652010283,1,20,"f","R"
15,2,4,18,3,2,"Nonmatching",1,454.561891330741,2,20,"f","R"
15,2,4,19,1,1,"Matching",1,445.819579301315,1,20,"f","R"
15,2,4,20,3,3,"Matching",1,573.926762951487,1,20,"f","R"
15,2,4,21,2,2,"Matching",1,455.932867446791,1,20,"f","R"
15,2,4,22,2,2,"Matching",1,446.514424527777,1,20,"f","R"
15,2,4,23,2,3,"Nonmatching",3,1413.81293148606,2,20,"f","R"
15,2,4,24,3,3,"Matching",1,758.616744864412,1,20,"f","R"
15,2,4,25,3,1,"Nonmatching",1,505.190511951696,2,20,"f","R"
15,2,4,26,2,2,"Matching",1,934.696622484807,1,20,"f","R"
15,2,4,27,1,3,"Nonmatching",1,449.896890039781,2,20,"f","R"
15,2,4,28,1,1,"Matching",1,343.847269276921,1,20,"f","R"
15,2,4,29,2,2,"Matching",1,474.470927579205,1,20,"f","R"
15,2,4,30,1,1,"Matching",1,393.244063933707,1,20,"f","R"
15,2,4,31,3,3,"Matching",1,435.201909586794,1,20,"f","R"
15,2,4,32,2,2,"Matching",1,481.908971049052,1,20,"f","R"
15,2,4,33,2,3,"Nonmatching",1,536.527669449242,2,20,"f","R"
15,2,4,34,3,3,"Matching",1,508.014263947189,1,20,"f","R"
15,2,4,35,1,3,"Nonmatching",1,599.86845632011,2,20,"f","R"
15,2,4,36,1,1,"Matching",1,408.505605849314,1,20,"f","R"
15,2,4,37,3,1,"Nonmatching",1,553.120645898161,2,20,"f","R"
15,2,4,38,1,2,"Nonmatching",0,523.856252158112,1,20,"f","R"
15,2,4,39,3,3,"Matching",1,472.499281610908,1,20,"f","R"
15,2,4,40,1,1,"Matching",1,414.487553154686,1,20,"f","R"
15,2,4,41,1,1,"Matching",1,318.733836245883,1,20,"f","R"
15,2,4,42,1,3,"Nonmatching",3,1177.81397224462,2,20,"f","R"
15,2,4,43,3,2,"Nonmatching",1,756.48149936842,2,20,"f","R"
15,2,4,44,2,1,"Nonmatching",0,447.149806456764,1,20,"f","R"
15,2,4,45,1,1,"Matching",1,326.579067471357,1,20,"f","R"
15,2,4,46,3,2,"Nonmatching",1,393.932872276309,2,20,"f","R"
15,2,4,47,2,2,"Matching",0,565.237575490755,2,20,"f","R"
15,2,4,48,3,2,"Nonmatching",1,519.921713702388,2,20,"f","R"
15,2,4,49,1,3,"Nonmatching",1,443.783640530455,2,20,"f","R"
15,2,4,50,3,1,"Nonmatching",0,474.597098432241,1,20,"f","R"
15,2,4,51,2,2,"Matching",1,529.812542711625,1,20,"f","R"
15,2,4,52,2,2,"Matching",1,405.185320231794,1,20,"f","R"
15,2,4,53,1,2,"Nonmatching",1,751.220355887199,2,20,"f","R"
15,2,4,54,3,3,"Matching",3,1170.60170819605,2,20,"f","R"
15,2,4,55,1,3,"Nonmatching",1,571.885089140778,2,20,"f","R"
15,2,4,56,1,1,"Matching",1,502.619403507197,1,20,"f","R"
15,2,4,57,2,1,"Nonmatching",1,506.673472245893,2,20,"f","R"
15,2,4,58,1,1,"Matching",1,319.131666831709,1,20,"f","R"
15,2,4,59,2,2,"Matching",1,587.195831652934,1,20,"f","R"
15,2,4,60,3,1,"Nonmatching",1,444.166077064438,2,20,"f","R"
16,1,1,1,1,3,"Nonmatching",1,612.13144018484,2,20,"f","R"
16,1,1,2,1,2,"Nonmatching",1,643.513338197408,2,20,"f","R"
16,1,1,3,1,2,"Nonmatching",1,409.404789538257,2,20,"f","R"
16,1,1,4,3,2,"Nonmatching",0,942.735265379724,1,20,"f","R"
16,1,1,5,3,3,"Matching",1,448.757881620622,1,20,"f","R"
16,1,1,6,2,2,"Matching",1,230.740532018899,1,20,"f","R"
16,1,1,7,3,2,"Nonmatching",1,444.114558446472,2,20,"f","R"
16,1,1,8,1,1,"Matching",1,392.752757454218,1,20,"f","R"
16,1,1,9,3,3,"Matching",1,546.14391072073,1,20,"f","R"
16,1,1,10,3,1,"Nonmatching",1,594.034161311811,2,20,"f","R"
16,1,1,11,3,2,"Nonmatching",1,394.813169856661,2,20,"f","R"
16,1,1,12,2,2,"Matching",1,362.785619613078,1,20,"f","R"
16,1,1,13,3,2,"Nonmatching",1,540.036928047357,2,20,"f","R"
16,1,1,14,3,1,"Nonmatching",1,478.744337714488,2,20,"f","R"
16,1,1,15,2,2,"Matching",1,610.799084435257,1,20,"f","R"
16,1,1,16,1,3,"Nonmatching",0,272.078272730596,1,20,"f","R"
16,1,1,17,1,1,"Matching",1,452.659866843078,1,20,"f","R"
16,1,1,18,2,1,"Nonmatching",1,370.055017780032,2,20,"f","R"
16,1,1,19,2,2,"Matching",1,810.645806173397,1,20,"f","R"
16,1,1,20,3,1,"Nonmatching",1,426.895958229125,2,20,"f","R"
16,1,1,21,2,3,"Nonmatching",0,563.413523199415,1,20,"f","R"
16,1,1,22,1,1,"Matching",1,325.488714065614,1,20,"f","R"
16,1,1,23,3,1,"Nonmatching",0,527.392829728342,1,20,"f","R"
16,1,1,24,3,3,"Matching",0,549.552374952782,2,20,"f","R"
16,1,1,25,2,1,"Nonmatching",1,663.453397280591,2,20,"f","R"
16,1,1,26,2,1,"Nonmatching",1,276.688996353187,2,20,"f","R"
16,1,1,27,1,3,"Nonmatching",0,665.35624518383,1,20,"f","R"
16,1,1,28,2,3,"Nonmatching",1,895.386831411088,2,20,"f","R"
16,1,1,29,2,1,"Nonmatching",1,499.441128983108,2,20,"f","R"
16,1,1,30,1,1,"Matching",1,712.734863922378,1,20,"f","R"
16,1,1,31,2,2,"Matching",1,538.681028177962,1,20,"f","R"
16,1,1,32,2,1,"Nonmatching",1,429.360242854273,2,20,"f","R"
16,1,1,33,1,2,"Nonmatching",1,692.701835746902,2,20,"f","R"
16,1,1,34,2,2,"Matching",0,311.759171415815,2,20,"f","R"
16,1,1,35,3,3,"Matching",1,521.999716866958,1,20,"f","R"
16,1,1,36,1,1,"Matching",1,475.34915478127,1,20,"f","R"
16,1,1,37,1,1,"Matching",1,298.118070142664,1,20,"f","R"
16,1,1,38,3,2,"Nonmatching",0,509.444059924135,1,20,"f","R"
16,1,1,39,3,1,"Nonmatching",0,502.020115734467,1,20,"f","R"
16,1,1,40,1,2,"Nonmatching",1,568.058959307564,2,20,"f","R"
16,1,1,41,1,1,"Matching",1,345.496990729316,1,20,"f","R"
16,1,1,42,2,3,"Nonmatching",0,530.102818382147,1,20,"f","R"
16,1,1,43,1,2,"Nonmatching",1,533.419822761061,2,20,"f","R"
16,1,1,44,3,3,"Matching",1,512.904743808576,1,20,"f","R"
16,1,1,45,2,3,"Nonmatching",1,612.052054239484,2,20,"f","R"
16,1,1,46,3,3,"Matching",1,442.071653210405,1,20,"f","R"
16,1,1,47,1,1,"Matching",1,448.728904241761,1,20,"f","R"
16,1,1,48,2,2,"Matching",1,470.735714529383,1,20,"f","R"
16,1,1,49,3,3,"Matching",1,482.782456249424,1,20,"f","R"
16,1,1,50,3,3,"Matching",1,487.429703443468,1,20,"f","R"
16,1,1,51,1,1,"Matching",1,427.328807831145,1,20,"f","R"
16,1,1,52,1,3,"Nonmatching",1,370.278988773862,2,20,"f","R"
16,1,1,53,3,3,"Matching",1,571.390754224012,1,20,"f","R"
16,1,1,54,2,2,"Matching",1,388.859827663055,1,20,"f","R"
16,1,1,55,2,2,"Matching",1,189.404602392642,1,20,"f","R"
16,1,1,56,2,3,"Nonmatching",1,340.095727979588,2,20,"f","R"
16,1,1,57,2,2,"Matching",1,694.652677434078,1,20,"f","R"
16,1,1,58,1,3,"Nonmatching",1,595.399720307796,2,20,"f","R"
16,1,1,59,1,1,"Matching",1,499.413358994389,1,20,"f","R"
16,1,1,60,3,3,"Matching",0,329.471594471215,2,20,"f","R"
16,1,2,1,2,2,"Matching",1,552.873605199693,1,20,"f","R"
16,1,2,2,2,2,"Matching",1,186.726307747449,1,20,"f","R"
16,1,2,3,2,2,"Matching",1,212.037142963254,1,20,"f","R"
16,1,2,4,2,2,"Matching",1,354.023584568495,1,20,"f","R"
16,1,2,5,3,2,"Nonmatching",1,323.446412524845,2,20,"f","R"
16,1,2,6,2,2,"Matching",0,302.8957155434,2,20,"f","R"
16,1,2,7,2,2,"Matching",1,290.130878144282,1,20,"f","R"
16,1,2,8,2,1,"Nonmatching",0,421.476584617267,1,20,"f","R"
16,1,2,9,2,3,"Nonmatching",0,574.699910562686,1,20,"f","R"
16,1,2,10,1,2,"Nonmatching",1,513.550396039136,2,20,"f","R"
16,1,2,11,2,3,"Nonmatching",0,485.456223178971,1,20,"f","R"
16,1,2,12,2,1,"Nonmatching",1,578.784815490963,2,20,"f","R"
16,1,2,13,3,3,"Matching",1,411.358951550028,1,20,"f","R"
16,1,2,14,2,2,"Matching",1,546.034038157359,1,20,"f","R"
16,1,2,15,1,2,"Nonmatching",1,363.428857062445,2,20,"f","R"
16,1,2,16,3,1,"Nonmatching",1,548.750969308458,2,20,"f","R"
16,1,2,17,2,1,"Nonmatching",1,510.839199994734,2,20,"f","R"
16,1,2,18,1,1,"Matching",1,295.340165756443,1,20,"f","R"
16,1,2,19,3,3,"Matching",1,571.449614525136,1,20,"f","R"
16,1,2,20,1,1,"Matching",1,638.023634071487,1,20,"f","R"
16,1,2,21,1,1,"Matching",1,364.681525019023,1,20,"f","R"
16,1,2,22,3,3,"Matching",1,484.696472517044,1,20,"f","R"
16,1,2,23,3,1,"Nonmatching",1,536.061593834347,2,20,"f","R"
16,1,2,24,3,1,"Nonmatching",1,289.720063424284,2,20,"f","R"
16,1,2,25,1,1,"Matching",1,364.702956205747,1,20,"f","R"
16,1,2,26,3,2,"Nonmatching",0,564.748595577839,1,20,"f","R"
16,1,2,27,2,2,"Matching",0,411.333596343411,2,20,"f","R"
16,1,2,28,1,3,"Nonmatching",1,458.727609315247,2,20,"f","R"
16,1,2,29,3,3,"Matching",1,312.088789105019,1,20,"f","R"
16,1,2,30,3,1,"Nonmatching",1,484.79819519207,2,20,"f","R"
16,1,2,31,2,3,"Nonmatching",0,425.522249345249,1,20,"f","R"
16,1,2,32,1,1,"Matching",0,368.74530060868,2,20,"f","R"
16,1,2,33,3,3,"Matching",1,602.033729065624,1,20,"f","R"
16,1,2,34,1,1,"Matching",1,355.332094349251,1,20,"f","R"
16,1,2,35,2,2,"Matching",1,380.770007446699,1,20,"f","R"
16,1,2,36,3,3,"Matching",1,178.866495478815,1,20,"f","R"
16,1,2,37,3,3,"Matching",1,195.428878796065,1,20,"f","R"
16,1,2,38,1,1,"Matching",1,443.995932300368,1,20,"f","R"
16,1,2,39,2,2,"Matching",0,346.816970722557,2,20,"f","R"
16,1,2,40,3,2,"Nonmatching",0,204.065647044899,1,20,"f","R"
16,1,2,41,1,3,"Nonmatching",1,636.716633528977,2,20,"f","R"
16,1,2,42,2,3,"Nonmatching",1,698.007412775951,2,20,"f","R"
16,1,2,43,1,3,"Nonmatching",0,181.369718457518,1,20,"f","R"
16,1,2,44,1,2,"Nonmatching",0,374.880053270317,1,20,"f","R"
16,1,2,45,3,2,"Nonmatching",0,600.076850424557,1,20,"f","R"
16,1,2,46,1,3,"Nonmatching",1,566.098156646149,2,20,"f","R"
16,1,2,47,1,2,"Nonmatching",1,326.782131461641,2,20,"f","R"
16,1,2,48,2,3,"Nonmatching",1,882.01377089581,2,20,"f","R"
16,1,2,49,3,2,"Nonmatching",1,446.786212442476,2,20,"f","R"
16,1,2,50,1,1,"Matching",1,444.886081168534,1,20,"f","R"
16,1,2,51,1,2,"Nonmatching",1,604.798352153011,2,20,"f","R"
16,1,2,52,3,1,"Nonmatching",1,444.000460016014,2,20,"f","R"
16,1,2,53,3,3,"Matching",0,386.064717958106,2,20,"f","R"
16,1,2,54,1,3,"Nonmatching",1,489.999332916341,2,20,"f","R"
16,1,2,55,2,1,"Nonmatching",1,684.130870296485,2,20,"f","R"
16,1,2,56,2,1,"Nonmatching",1,289.353620315978,2,20,"f","R"
16,1,2,57,3,3,"Matching",1,726.020992300164,1,20,"f","R"
16,1,2,58,3,3,"Matching",1,441.364122201321,1,20,"f","R"
16,1,2,59,1,1,"Matching",1,504.792888709289,1,20,"f","R"
16,1,2,60,1,1,"Matching",1,378.659186478217,1,20,"f","R"
16,1,3,1,2,2,"Matching",0,738.652714863292,2,20,"f","R"
16,1,3,2,3,3,"Matching",1,635.976804815073,1,20,"f","R"
16,1,3,3,3,2,"Nonmatching",1,418.281828557156,2,20,"f","R"
16,1,3,4,3,2,"Nonmatching",1,321.354004266595,2,20,"f","R"
16,1,3,5,3,3,"Matching",1,404.088647840126,1,20,"f","R"
16,1,3,6,1,3,"Nonmatching",1,348.663976801163,2,20,"f","R"
16,1,3,7,2,2,"Matching",1,326.738061697142,1,20,"f","R"
16,1,3,8,2,2,"Matching",1,240.782703160676,1,20,"f","R"
16,1,3,9,3,1,"Nonmatching",1,551.412058634469,2,20,"f","R"
16,1,3,10,3,1,"Nonmatching",1,210.065775632302,2,20,"f","R"
16,1,3,11,1,1,"Matching",1,290.055416219275,1,20,"f","R"
16,1,3,12,2,1,"Nonmatching",1,366.646553548435,2,20,"f","R"
16,1,3,13,3,2,"Nonmatching",0,473.304136611205,1,20,"f","R"
16,1,3,14,3,3,"Matching",1,239.381827983379,1,20,"f","R"
16,1,3,15,2,3,"Nonmatching",0,406.002664107746,1,20,"f","R"
16,1,3,16,1,1,"Matching",1,390.052427927003,1,20,"f","R"
16,1,3,17,2,1,"Nonmatching",1,550.08815462088,2,20,"f","R"
16,1,3,18,3,2,"Nonmatching",1,505.983074192045,2,20,"f","R"
16,1,3,19,1,3,"Nonmatching",1,222.104971159752,2,20,"f","R"
16,1,3,20,1,3,"Nonmatching",1,310.066711359923,2,20,"f","R"
16,1,3,21,1,3,"Nonmatching",1,289.32705771831,2,20,"f","R"
16,1,3,22,3,3,"Matching",0,261.431802492552,2,20,"f","R"
16,1,3,23,3,1,"Nonmatching",1,530.776240601881,2,20,"f","R"
16,1,3,24,3,3,"Matching",1,317.475563164862,1,20,"f","R"
16,1,3,25,3,3,"Matching",1,329.420884057527,1,20,"f","R"
16,1,3,26,3,1,"Nonmatching",1,371.450761546839,2,20,"f","R"
16,1,3,27,1,2,"Nonmatching",1,492.674609084588,2,20,"f","R"
16,1,3,28,2,3,"Nonmatching",1,753.524751058649,2,20,"f","R"
16,1,3,29,1,1,"Matching",1,412.026940511169,1,20,"f","R"
16,1,3,30,1,1,"Matching",1,276.008027941771,1,20,"f","R"
16,1,3,31,1,2,"Nonmatching",1,490.020160408221,2,20,"f","R"
16,1,3,32,3,3,"Matching",1,639.356593515913,1,20,"f","R"
16,1,3,33,1,1,"Matching",1,518.967053021697,1,20,"f","R"
16,1,3,34,2,2,"Matching",0,450.661635066353,2,20,"f","R"
16,1,3,35,2,2,"Matching",1,367.373704658348,1,20,"f","R"
16,1,3,36,2,3,"Nonmatching",1,472.698630124341,2,20,"f","R"
16,1,3,37,3,2,"Nonmatching",1,589.993024299929,2,20,"f","R"
16,1,3,38,3,3,"Matching",1,606.75311786008,1,20,"f","R"
16,1,3,39,2,2,"Matching",1,424.224606081225,1,20,"f","R"
16,1,3,40,2,1,"Nonmatching",1,742.757541740502,2,20,"f","R"
16,1,3,41,1,3,"Nonmatching",0,222.768130557597,1,20,"f","R"
16,1,3,42,1,2,"Nonmatching",1,534.065776839725,2,20,"f","R"
16,1,3,43,2,2,"Matching",0,337.426186918037,2,20,"f","R"
16,1,3,44,1,1,"Matching",1,426.697040594718,1,20,"f","R"
16,1,3,45,1,1,"Matching",1,210.129767344824,1,20,"f","R"
16,1,3,46,2,1,"Nonmatching",1,312.722065580147,2,20,"f","R"
16,1,3,47,2,3,"Nonmatching",0,723.968427937962,1,20,"f","R"
16,1,3,48,1,1,"Matching",1,456.041768477462,1,20,"f","R"
16,1,3,49,2,2,"Matching",0,320.380847280376,2,20,"f","R"
16,1,3,50,2,1,"Nonmatching",0,546.026793812871,1,20,"f","R"
16,1,3,51,3,3,"Matching",1,466.05405669743,1,20,"f","R"
16,1,3,52,1,2,"Nonmatching",1,328.77764660816,2,20,"f","R"
16,1,3,53,3,3,"Matching",1,347.969727090458,1,20,"f","R"
16,1,3,54,1,1,"Matching",1,436.681558825967,1,20,"f","R"
16,1,3,55,1,2,"Nonmatching",1,371.440196876847,2,20,"f","R"
16,1,3,56,3,1,"Nonmatching",1,588.686325605067,2,20,"f","R"
16,1,3,57,1,1,"Matching",0,308.086590446237,2,20,"f","R"
16,1,3,58,2,2,"Matching",1,830.194066942113,1,20,"f","R"
16,1,3,59,2,3,"Nonmatching",1,622.730520334244,2,20,"f","R"
16,1,3,60,2,2,"Matching",1,572.697754766068,1,20,"f","R"
16,1,4,1,1,2,"Nonmatching",1,493.942973121193,2,20,"f","R"
16,1,4,2,2,2,"Matching",0,258.063484004651,2,20,"f","R"
16,1,4,3,2,2,"Matching",1,440.063460460351,1,20,"f","R"
16,1,4,4,1,2,"Nonmatching",1,392.030737755249,2,20,"f","R"
16,1,4,5,1,1,"Matching",1,423.436179888085,1,20,"f","R"
16,1,4,6,3,3,"Matching",1,229.322149674772,1,20,"f","R"
16,1,4,7,3,2,"Nonmatching",1,500.01946917655,2,20,"f","R"
16,1,4,8,3,3,"Matching",1,407.357960282297,1,20,"f","R"
16,1,4,9,3,2,"Nonmatching",1,223.364279765519,2,20,"f","R"
16,1,4,10,3,3,"Matching",1,342.739310139223,1,20,"f","R"
16,1,4,11,2,3,"Nonmatching",1,392.039793186086,2,20,"f","R"
16,1,4,12,1,1,"Matching",1,407.49499913818,1,20,"f","R"
16,1,4,13,2,1,"Nonmatching",1,478.712341858227,2,20,"f","R"
16,1,4,14,3,3,"Matching",1,402.015557834147,1,20,"f","R"
16,1,4,15,3,1,"Nonmatching",1,570.039382069353,2,20,"f","R"
16,1,4,16,1,3,"Nonmatching",0,451.460022233732,1,20,"f","R"
16,1,4,17,1,1,"Matching",1,520.102905918066,1,20,"f","R"
16,1,4,18,2,3,"Nonmatching",1,548.006914727011,2,20,"f","R"
16,1,4,19,2,2,"Matching",1,540.696465272504,1,20,"f","R"
16,1,4,20,2,1,"Nonmatching",1,446.740331591627,2,20,"f","R"
16,1,4,21,1,1,"Matching",1,531.354882643427,1,20,"f","R"
16,1,4,22,1,2,"Nonmatching",1,486.784654908206,2,20,"f","R"
16,1,4,23,1,3,"Nonmatching",1,512.680169118994,2,20,"f","R"
16,1,4,24,2,2,"Matching",1,468.150087128379,1,20,"f","R"
16,1,4,25,3,2,"Nonmatching",1,440.684964875345,2,20,"f","R"
16,1,4,26,2,3,"Nonmatching",0,221.386573633026,1,20,"f","R"
16,1,4,27,3,3,"Matching",1,266.053996327628,1,20,"f","R"
16,1,4,28,3,1,"Nonmatching",1,278.023766884417,2,20,"f","R"
16,1,4,29,3,3,"Matching",1,282.126782674823,1,20,"f","R"
16,1,4,30,2,1,"Nonmatching",1,630.763291334915,2,20,"f","R"
16,1,4,31,1,1,"Matching",0,509.348072355351,2,20,"f","R"
16,1,4,32,3,2,"Nonmatching",1,825.44600261599,2,20,"f","R"
16,1,4,33,1,3,"Nonmatching",1,552.7821453461,2,20,"f","R"
16,1,4,34,1,2,"Nonmatching",0,530.061767095049,1,20,"f","R"
16,1,4,35,2,2,"Matching",1,676.098702990203,1,20,"f","R"
16,1,4,36,2,1,"Nonmatching",1,495.334491020003,2,20,"f","R"
16,1,4,37,1,1,"Matching",0,602.047614060211,2,20,"f","R"
16,1,4,38,3,3,"Matching",0,328.803001815231,2,20,"f","R"
16,1,4,39,2,2,"Matching",1,426.919502349847,1,20,"f","R"
16,1,4,40,1,1,"Matching",1,434.676988248157,1,20,"f","R"
16,1,4,41,1,3,"Nonmatching",1,377.413762867036,2,20,"f","R"
16,1,4,42,2,3,"Nonmatching",1,569.43568666884,2,20,"f","R"
16,1,4,43,1,1,"Matching",1,410.687038569449,1,20,"f","R"
16,1,4,44,3,3,"Matching",1,370.176360555888,1,20,"f","R"
16,1,4,45,2,2,"Matching",1,771.407718064893,1,20,"f","R"
16,1,4,46,2,3,"Nonmatching",1,412.240044987357,2,20,"f","R"
16,1,4,47,3,3,"Matching",1,403.488272764207,1,20,"f","R"
16,1,4,48,3,1,"Nonmatching",1,443.413969934227,2,20,"f","R"
16,1,4,49,1,1,"Matching",1,377.416177648229,1,20,"f","R"
16,1,4,50,2,2,"Matching",1,504.100751932583,1,20,"f","R"
16,1,4,51,3,2,"Nonmatching",1,388.74120151695,2,20,"f","R"
16,1,4,52,1,2,"Nonmatching",0,396.183256568293,1,20,"f","R"
16,1,4,53,2,2,"Matching",1,418.205762936395,1,20,"f","R"
16,1,4,54,3,1,"Nonmatching",1,488.002912226875,2,20,"f","R"
16,1,4,55,1,1,"Matching",1,555.550088758082,1,20,"f","R"
16,1,4,56,1,3,"Nonmatching",1,366.368551816322,2,20,"f","R"
16,1,4,57,2,1,"Nonmatching",0,432.121545617065,1,20,"f","R"
16,1,4,58,3,1,"Nonmatching",1,567.403044254661,2,20,"f","R"
16,1,4,59,3,3,"Matching",1,408.693636356475,1,20,"f","R"
16,1,4,60,2,2,"Matching",1,511.355359562458,1,20,"f","R"
16,2,1,1,1,1,"Matching",1,467.767344243839,1,20,"f","R"
16,2,1,2,1,2,"Nonmatching",1,315.061988952948,2,20,"f","R"
16,2,1,3,1,3,"Nonmatching",1,510.384013663497,2,20,"f","R"
16,2,1,4,1,3,"Nonmatching",1,304.41219839031,2,20,"f","R"
16,2,1,5,1,1,"Matching",1,395.706337201773,1,20,"f","R"
16,2,1,6,3,1,"Nonmatching",1,491.760614248051,2,20,"f","R"
16,2,1,7,1,1,"Matching",1,463.093232604479,1,20,"f","R"
16,2,1,8,1,3,"Nonmatching",1,389.098287346314,2,20,"f","R"
16,2,1,9,2,3,"Nonmatching",1,461.730088390141,2,20,"f","R"
16,2,1,10,3,3,"Matching",1,321.731615739736,1,20,"f","R"
16,2,1,11,1,3,"Nonmatching",1,429.756267037192,2,20,"f","R"
16,2,1,12,3,3,"Matching",1,421.087201084447,1,20,"f","R"
16,2,1,13,3,2,"Nonmatching",1,406.601529944965,2,20,"f","R"
16,2,1,14,1,1,"Matching",1,565.741070817239,1,20,"f","R"
16,2,1,15,1,1,"Matching",1,351.922120878044,1,20,"f","R"
16,2,1,16,3,2,"Nonmatching",1,442.449868379299,2,20,"f","R"
16,2,1,17,1,2,"Nonmatching",1,472.500618033337,2,20,"f","R"
16,2,1,18,2,2,"Matching",1,415.710387997933,1,20,"f","R"
16,2,1,19,3,3,"Matching",3,1118.99772074867,1,20,"f","R"
16,2,1,20,3,3,"Matching",1,345.843511889143,1,20,"f","R"
16,2,1,21,2,2,"Matching",1,412.408476004202,1,20,"f","R"
16,2,1,22,3,3,"Matching",1,338.442508124899,1,20,"f","R"
16,2,1,23,3,1,"Nonmatching",1,357.710956075607,2,20,"f","R"
16,2,1,24,2,2,"Matching",1,383.106006799608,1,20,"f","R"
16,2,1,25,2,2,"Matching",1,406.988498697501,1,20,"f","R"
16,2,1,26,2,3,"Nonmatching",1,471.258514746296,2,20,"f","R"
16,2,1,27,1,1,"Matching",1,386.351775121511,1,20,"f","R"
16,2,1,28,2,3,"Nonmatching",1,338.481748325648,2,20,"f","R"
16,2,1,29,2,3,"Nonmatching",1,356.475191591016,2,20,"f","R"
16,2,1,30,1,1,"Matching",1,430.458364788137,1,20,"f","R"
16,2,1,31,3,1,"Nonmatching",1,445.710427237827,2,20,"f","R"
16,2,1,32,3,2,"Nonmatching",0,469.146788234866,1,20,"f","R"
16,2,1,33,3,3,"Matching",1,315.225288559304,1,20,"f","R"
16,2,1,34,3,2,"Nonmatching",1,519.805284086033,2,20,"f","R"
16,2,1,35,1,2,"Nonmatching",1,411.149167398435,2,20,"f","R"
16,2,1,36,3,3,"Matching",1,387.07590775357,1,20,"f","R"
16,2,1,37,2,2,"Matching",0,363.707462490311,2,20,"f","R"
16,2,1,38,1,3,"Nonmatching",1,386.599290235608,2,20,"f","R"
16,2,1,39,1,2,"Nonmatching",1,610.396721450343,2,20,"f","R"
16,2,1,40,2,2,"Matching",1,322.466011193683,1,20,"f","R"
16,2,1,41,3,3,"Matching",1,374.467125615411,1,20,"f","R"
16,2,1,42,2,1,"Nonmatching",1,431.670887001019,2,20,"f","R"
16,2,1,43,3,1,"Nonmatching",1,446.363927509083,2,20,"f","R"
16,2,1,44,2,2,"Matching",1,596.383743810293,1,20,"f","R"
16,2,1,45,1,2,"Nonmatching",1,373.765933408322,2,20,"f","R"
16,2,1,46,3,3,"Matching",1,541.123579769192,1,20,"f","R"
16,2,1,47,2,1,"Nonmatching",1,576.377881928238,2,20,"f","R"
16,2,1,48,2,2,"Matching",1,426.423264730147,1,20,"f","R"
16,2,1,49,2,3,"Nonmatching",1,418.411321220447,2,20,"f","R"
16,2,1,50,2,1,"Nonmatching",1,393.689994563829,2,20,"f","R"
16,2,1,51,1,1,"Matching",1,523.025093504657,1,20,"f","R"
16,2,1,52,2,2,"Matching",1,431.760535767353,1,20,"f","R"
16,2,1,53,3,3,"Matching",1,303.706478466665,1,20,"f","R"
16,2,1,54,2,1,"Nonmatching",1,508.363445156647,2,20,"f","R"
16,2,1,55,2,2,"Matching",1,568.32609452249,1,20,"f","R"
16,2,1,56,3,1,"Nonmatching",1,323.224856312663,2,20,"f","R"
16,2,1,57,1,1,"Matching",1,445.849880875357,1,20,"f","R"
16,2,1,58,1,1,"Matching",1,429.142308815244,1,20,"f","R"
16,2,1,59,3,2,"Nonmatching",0,733.661964986823,1,20,"f","R"
16,2,1,60,2,1,"Nonmatching",0,513.312540051629,1,20,"f","R"
16,2,2,1,1,2,"Nonmatching",1,593.861504427878,2,20,"f","R"
16,2,2,2,2,2,"Matching",1,322.493479335208,1,20,"f","R"
16,2,2,3,2,2,"Matching",1,302.492447016448,1,20,"f","R"
16,2,2,4,2,1,"Nonmatching",1,314.411205310535,2,20,"f","R"
16,2,2,5,1,1,"Matching",1,309.677025978999,1,20,"f","R"
16,2,2,6,2,2,"Matching",1,472.367201349698,1,20,"f","R"
16,2,2,7,3,1,"Nonmatching",1,407.047057150521,2,20,"f","R"
16,2,2,8,1,1,"Matching",1,343.053533594684,1,20,"f","R"
16,2,2,9,3,3,"Matching",1,289.77318861871,1,20,"f","R"
16,2,2,10,1,2,"Nonmatching",1,335.104072559261,2,20,"f","R"
16,2,2,11,1,1,"Matching",1,642.322850867458,1,20,"f","R"
16,2,2,12,1,1,"Matching",1,298.380073946646,1,20,"f","R"
16,2,2,13,1,1,"Matching",1,255.03927189493,1,20,"f","R"
16,2,2,14,3,3,"Matching",1,412.457375331542,1,20,"f","R"
16,2,2,15,1,2,"Nonmatching",1,349.801338935322,2,20,"f","R"
16,2,2,16,3,3,"Matching",1,472.397386120065,1,20,"f","R"
16,2,2,17,3,3,"Matching",1,509.70213970777,1,20,"f","R"
16,2,2,18,2,3,"Nonmatching",1,562.393579820309,2,20,"f","R"
16,2,2,19,1,3,"Nonmatching",1,445.197286147959,2,20,"f","R"
16,2,2,20,1,3,"Nonmatching",1,443.010399559171,2,20,"f","R"
16,2,2,21,1,3,"Nonmatching",1,474.366640516564,2,20,"f","R"
16,2,2,22,3,1,"Nonmatching",1,455.701887966825,2,20,"f","R"
16,2,2,23,3,2,"Nonmatching",1,621.743478354801,2,20,"f","R"
16,2,2,24,2,2,"Matching",1,341.115369511499,1,20,"f","R"
16,2,2,25,3,2,"Nonmatching",1,415.748420808086,2,20,"f","R"
16,2,2,26,2,3,"Nonmatching",1,408.382431377504,2,20,"f","R"
16,2,2,27,2,2,"Matching",1,561.66673055759,1,20,"f","R"
16,2,2,28,2,1,"Nonmatching",1,451.921547368329,2,20,"f","R"
16,2,2,29,2,2,"Matching",1,523.105686841518,1,20,"f","R"
16,2,2,30,2,2,"Matching",0,551.113531259034,2,20,"f","R"
16,2,2,31,3,1,"Nonmatching",1,736.982893385175,2,20,"f","R"
16,2,2,32,1,1,"Matching",1,372.370189642425,1,20,"f","R"
16,2,2,33,1,1,"Matching",1,415.704351044042,1,20,"f","R"
16,2,2,34,3,3,"Matching",1,417.747256279654,1,20,"f","R"
16,2,2,35,1,3,"Nonmatching",1,354.408440386578,2,20,"f","R"
16,2,2,36,3,1,"Nonmatching",1,434.477466917997,2,20,"f","R"
16,2,2,37,2,1,"Nonmatching",1,592.334758758625,2,20,"f","R"
16,2,2,38,3,2,"Nonmatching",1,625.829288826026,2,20,"f","R"
16,2,2,39,1,2,"Nonmatching",1,529.058425338917,2,20,"f","R"
16,2,2,40,2,2,"Matching",1,589.19312789385,1,20,"f","R"
16,2,2,41,3,3,"Matching",1,366.496837088562,1,20,"f","R"
16,2,2,42,1,1,"Matching",1,593.673453309748,1,20,"f","R"
16,2,2,43,2,2,"Matching",0,379.022611109576,2,20,"f","R"
16,2,2,44,2,2,"Matching",1,395.087247568881,1,20,"f","R"
16,2,2,45,2,1,"Nonmatching",1,387.039686030221,2,20,"f","R"
16,2,2,46,3,2,"Nonmatching",1,508.458225334834,2,20,"f","R"
16,2,2,47,1,3,"Nonmatching",1,665.698540476114,2,20,"f","R"
16,2,2,48,2,3,"Nonmatching",1,369.010322889153,2,20,"f","R"
16,2,2,49,2,3,"Nonmatching",1,355.109632593667,2,20,"f","R"
16,2,2,50,1,2,"Nonmatching",1,478.475391413667,2,20,"f","R"
16,2,2,51,3,3,"Matching",1,315.708546727365,1,20,"f","R"
16,2,2,52,3,2,"Nonmatching",1,455.746863273816,2,20,"f","R"
16,2,2,53,3,3,"Matching",1,525.071922761526,1,20,"f","R"
16,2,2,54,3,3,"Matching",1,272.067406213864,1,20,"f","R"
16,2,2,55,3,3,"Matching",1,275.117275377852,1,20,"f","R"
16,2,2,56,2,3,"Nonmatching",1,313.742310807356,2,20,"f","R"
16,2,2,57,1,1,"Matching",1,340.367089062056,1,20,"f","R"
16,2,2,58,3,1,"Nonmatching",1,430.982372396102,2,20,"f","R"
16,2,2,59,1,1,"Matching",1,390.356086713837,1,20,"f","R"
16,2,2,60,2,1,"Nonmatching",1,353.156677972947,2,20,"f","R"
16,2,3,1,3,1,"Nonmatching",1,342.404561039984,2,20,"f","R"
16,2,3,2,3,2,"Nonmatching",1,417.691414455476,2,20,"f","R"
16,2,3,3,2,2,"Matching",1,328.52590562652,1,20,"f","R"
16,2,3,4,2,3,"Nonmatching",1,371.784303255481,2,20,"f","R"
16,2,3,5,2,1,"Nonmatching",1,484.368967761839,2,20,"f","R"
16,2,3,6,3,1,"Nonmatching",1,377.131233418368,2,20,"f","R"
16,2,3,7,2,2,"Matching",1,354.566306733432,1,20,"f","R"
16,2,3,8,2,3,"Nonmatching",1,324.398742019184,2,20,"f","R"
16,2,3,9,2,2,"Matching",1,551.07278181913,1,20,"f","R"
16,2,3,10,3,3,"Matching",1,305.778361081138,1,20,"f","R"
16,2,3,11,2,3,"Nonmatching",1,335.05245660217,2,20,"f","R"
16,2,3,12,2,1,"Nonmatching",1,490.364266785946,2,20,"f","R"
16,2,3,13,2,3,"Nonmatching",1,600.414618001196,2,20,"f","R"
16,2,3,14,3,3,"Matching",1,320.341305231523,1,20,"f","R"
16,2,3,15,1,1,"Matching",1,403.097078144128,1,20,"f","R"
16,2,3,16,1,1,"Matching",1,331.803669803776,1,20,"f","R"
16,2,3,17,3,3,"Matching",1,381.696981733512,1,20,"f","R"
16,2,3,18,3,2,"Nonmatching",1,391.164736703104,2,20,"f","R"
16,2,3,19,3,3,"Matching",1,431.70318470402,1,20,"f","R"
16,2,3,20,3,2,"Nonmatching",1,455.898692667688,2,20,"f","R"
16,2,3,21,2,2,"Matching",1,397.140415626382,1,20,"f","R"
16,2,3,22,1,1,"Matching",1,341.018174552119,1,20,"f","R"
16,2,3,23,1,3,"Nonmatching",1,384.441381025681,2,20,"f","R"
16,2,3,24,2,3,"Nonmatching",1,816.335937171971,2,20,"f","R"
16,2,3,25,1,3,"Nonmatching",1,551.191407966144,2,20,"f","R"
16,2,3,26,3,3,"Matching",0,289.037585774167,2,20,"f","R"
16,2,3,27,1,1,"Matching",1,333.127573817364,1,20,"f","R"
16,2,3,28,1,2,"Nonmatching",1,430.420331977984,2,20,"f","R"
16,2,3,29,1,2,"Nonmatching",1,487.125139114141,2,20,"f","R"
16,2,3,30,2,2,"Matching",1,381.698792820316,1,20,"f","R"
16,2,3,31,3,1,"Nonmatching",1,463.043729581841,2,20,"f","R"
16,2,3,32,1,1,"Matching",1,379.044645991598,1,20,"f","R"
16,2,3,33,1,1,"Matching",1,643.694144970141,1,20,"f","R"
16,2,3,34,1,2,"Nonmatching",1,393.79654680215,2,20,"f","R"
16,2,3,35,3,3,"Matching",1,393.686976087338,1,20,"f","R"
16,2,3,36,2,2,"Matching",1,353.151244714354,1,20,"f","R"
16,2,3,37,3,3,"Matching",1,377.722251216255,1,20,"f","R"
16,2,3,38,2,2,"Matching",0,395.702413181425,2,20,"f","R"
16,2,3,39,1,1,"Matching",1,618.398100291415,1,20,"f","R"
16,2,3,40,1,3,"Nonmatching",1,321.005068324666,2,20,"f","R"
16,2,3,41,2,2,"Matching",1,363.095315353348,1,20,"f","R"
16,2,3,42,1,2,"Nonmatching",1,395.874768218164,2,20,"f","R"
16,2,3,43,2,1,"Nonmatching",1,357.104544045797,2,20,"f","R"
16,2,3,44,1,1,"Matching",1,623.03508466357,1,20,"f","R"
16,2,3,45,1,3,"Nonmatching",1,359.018560312506,2,20,"f","R"
16,2,3,46,3,3,"Matching",0,344.400679881801,2,20,"f","R"
16,2,3,47,3,2,"Nonmatching",1,500.442659652435,2,20,"f","R"
16,2,3,48,3,2,"Nonmatching",1,599.843220304138,2,20,"f","R"
16,2,3,49,3,1,"Nonmatching",1,384.429608965547,2,20,"f","R"
16,2,3,50,3,3,"Matching",1,377.101652345118,1,20,"f","R"
16,2,3,51,1,1,"Matching",1,481.709689522177,1,20,"f","R"
16,2,3,52,2,2,"Matching",1,285.098775131701,1,20,"f","R"
16,2,3,53,3,1,"Nonmatching",1,440.404548361585,2,20,"f","R"
16,2,3,54,1,2,"Nonmatching",1,455.812666073143,2,20,"f","R"
16,2,3,55,1,3,"Nonmatching",1,479.029885638738,2,20,"f","R"
16,2,3,56,2,1,"Nonmatching",3,1005.01278475986,2,20,"f","R"
16,2,3,57,1,1,"Matching",1,574.337391474728,1,20,"f","R"
16,2,3,58,2,2,"Matching",0,377.717119805311,2,20,"f","R"
16,2,3,59,2,1,"Nonmatching",1,762.333270649833,2,20,"f","R"
16,2,3,60,3,3,"Matching",1,373.859808043562,1,20,"f","R"
16,2,4,1,3,2,"Nonmatching",1,357.016706365357,2,20,"f","R"
16,2,4,2,1,1,"Matching",1,333.702895533861,1,20,"f","R"
16,2,4,3,2,1,"Nonmatching",1,352.351952004028,2,20,"f","R"
16,2,4,4,2,1,"Nonmatching",1,417.801588865586,2,20,"f","R"
16,2,4,5,2,2,"Matching",1,384.992856774261,1,20,"f","R"
16,2,4,6,3,1,"Nonmatching",1,378.432498855545,2,20,"f","R"
16,2,4,7,1,3,"Nonmatching",1,482.398204127094,2,20,"f","R"
16,2,4,8,1,1,"Matching",1,583.672635301809,1,20,"f","R"
16,2,4,9,2,3,"Nonmatching",1,552.323638689813,2,20,"f","R"
16,2,4,10,2,2,"Matching",1,650.368601319315,1,20,"f","R"
16,2,4,11,3,3,"Matching",1,337.094758143394,1,20,"f","R"
16,2,4,12,1,1,"Matching",1,451.694557897099,1,20,"f","R"
16,2,4,13,1,3,"Nonmatching",1,363.660072401217,2,20,"f","R"
16,2,4,14,1,2,"Nonmatching",1,556.381075477475,2,20,"f","R"
16,2,4,15,1,2,"Nonmatching",1,359.743598489331,2,20,"f","R"
16,2,4,16,2,1,"Nonmatching",0,489.654320995214,1,20,"f","R"
16,2,4,17,1,2,"Nonmatching",1,608.457953671859,2,20,"f","R"
16,2,4,18,2,2,"Matching",1,744.646806496348,1,20,"f","R"
16,2,4,19,1,1,"Matching",1,563.022932275999,1,20,"f","R"
16,2,4,20,1,1,"Matching",1,413.69706383648,1,20,"f","R"
16,2,4,21,1,3,"Nonmatching",1,375.743639540815,2,20,"f","R"
16,2,4,22,1,1,"Matching",1,424.457934353086,1,20,"f","R"
16,2,4,23,2,3,"Nonmatching",1,648.546648600131,2,20,"f","R"
16,2,4,24,1,1,"Matching",1,399.163700761164,1,20,"f","R"
16,2,4,25,3,1,"Nonmatching",1,526.376508521935,2,20,"f","R"
16,2,4,26,2,1,"Nonmatching",1,585.12874860935,2,20,"f","R"
16,2,4,27,2,2,"Matching",1,538.383406345019,1,20,"f","R"
16,2,4,28,3,3,"Matching",1,421.843631421325,1,20,"f","R"
16,2,4,29,1,3,"Nonmatching",1,422.410199554179,2,20,"f","R"
16,2,4,30,2,2,"Matching",1,541.731199189599,1,20,"f","R"
16,2,4,31,3,3,"Matching",1,400.539522579493,1,20,"f","R"
16,2,4,32,3,3,"Matching",1,343.777666227652,1,20,"f","R"
16,2,4,33,2,2,"Matching",1,353.701211224688,1,20,"f","R"
16,2,4,34,3,2,"Nonmatching",1,339.792672888507,2,20,"f","R"
16,2,4,35,2,3,"Nonmatching",1,629.876462791799,2,20,"f","R"
16,2,4,36,3,2,"Nonmatching",1,347.89124668896,2,20,"f","R"
16,2,4,37,2,1,"Nonmatching",1,558.401342135767,2,20,"f","R"
16,2,4,38,3,3,"Matching",1,344.352987945058,1,20,"f","R"
16,2,4,39,1,2,"Nonmatching",1,370.398822311472,2,20,"f","R"
16,2,4,40,2,2,"Matching",1,475.108884012116,1,20,"f","R"
16,2,4,41,1,3,"Nonmatching",1,393.670374462999,2,20,"f","R"
16,2,4,42,2,3,"Nonmatching",1,497.866087683178,2,20,"f","R"
16,2,4,43,3,3,"Matching",1,375.793142563452,1,20,"f","R"
16,2,4,44,2,2,"Matching",1,600.459895156746,1,20,"f","R"
16,2,4,45,1,1,"Matching",1,463.840003815676,1,20,"f","R"
16,2,4,46,2,3,"Nonmatching",1,534.458782544789,2,20,"f","R"
16,2,4,47,2,2,"Matching",1,608.741388661656,1,20,"f","R"
16,2,4,48,2,2,"Matching",0,648.319659128902,2,20,"f","R"
16,2,4,49,1,1,"Matching",1,455.090344525161,1,20,"f","R"
16,2,4,50,3,1,"Nonmatching",1,446.453576276326,2,20,"f","R"
16,2,4,51,1,1,"Matching",1,381.276206039729,1,20,"f","R"
16,2,4,52,3,2,"Nonmatching",1,453.071888953673,2,20,"f","R"
16,2,4,53,3,1,"Nonmatching",1,458.354827404946,2,20,"f","R"
16,2,4,54,3,1,"Nonmatching",1,345.695606515619,2,20,"f","R"
16,2,4,55,1,2,"Nonmatching",1,476.382983155418,2,20,"f","R"
16,2,4,56,3,3,"Matching",1,450.462113736648,1,20,"f","R"
16,2,4,57,3,3,"Matching",1,441.953027064301,1,20,"f","R"
16,2,4,58,3,3,"Matching",1,376.688724690212,1,20,"f","R"
16,2,4,59,3,2,"Nonmatching",1,450.397820176477,2,20,"f","R"
16,2,4,60,3,3,"Matching",1,577.050700452673,1,20,"f","R"
17,1,1,1,3,3,"Matching",0,433.499006024249,2,21,"fm","R"
17,1,1,2,2,1,"Nonmatching",0,289.545475674913,1,21,"fm","R"
17,1,1,3,1,1,"Matching",1,503.547584967691,1,21,"fm","R"
17,1,1,4,1,1,"Matching",1,340.137424017939,1,21,"fm","R"
17,1,1,5,1,2,"Nonmatching",0,246.863075233705,1,21,"fm","R"
17,1,1,6,1,3,"Nonmatching",0,382.928186835215,1,21,"fm","R"
17,1,1,7,1,1,"Matching",1,544.184985139964,1,21,"fm","R"
17,1,1,8,3,2,"Nonmatching",0,676.31916854998,1,21,"fm","R"
17,1,1,9,2,2,"Matching",0,407.51437235258,2,21,"fm","R"
17,1,1,10,2,2,"Matching",1,352.852345245537,1,21,"fm","R"
17,1,1,11,3,3,"Matching",0,436.23462778578,2,21,"fm","R"
17,1,1,12,1,2,"Nonmatching",1,667.44764044688,2,21,"fm","R"
17,1,1,13,2,1,"Nonmatching",0,442.323144452985,1,21,"fm","R"
17,1,1,14,3,3,"Matching",1,650.435954817567,1,21,"fm","R"
17,1,1,15,1,3,"Nonmatching",1,800.892435098831,2,21,"fm","R"
17,1,1,16,2,1,"Nonmatching",1,640.362479693522,2,21,"fm","R"
17,1,1,17,3,1,"Nonmatching",1,312.20951186242,2,21,"fm","R"
17,1,1,18,1,1,"Matching",0,268.435639691234,2,21,"fm","R"
17,1,1,19,1,3,"Nonmatching",1,522.852085658997,2,21,"fm","R"
17,1,1,20,3,1,"Nonmatching",0,294.868211429275,1,21,"fm","R"
17,1,1,21,3,3,"Matching",1,675.534371398498,1,21,"fm","R"
17,1,1,22,3,3,"Matching",1,290.393962132839,1,21,"fm","R"
17,1,1,23,2,2,"Matching",0,424.225722149458,2,21,"fm","R"
17,1,1,24,1,1,"Matching",1,345.864330305176,1,21,"fm","R"
17,1,1,25,1,1,"Matching",1,340.865776143346,1,21,"fm","R"
17,1,1,26,3,2,"Nonmatching",1,585.513610495582,2,21,"fm","R"
17,1,1,27,3,2,"Nonmatching",1,460.179090709971,2,21,"fm","R"
17,1,1,28,3,3,"Matching",1,491.616253510983,1,21,"fm","R"
17,1,1,29,3,3,"Matching",1,280.977000010353,1,21,"fm","R"
17,1,1,30,3,3,"Matching",1,255.935028454587,1,21,"fm","R"
17,1,1,31,1,3,"Nonmatching",1,360.348365418304,2,21,"fm","R"
17,1,1,32,2,3,"Nonmatching",1,283.58977083326,2,21,"fm","R"
17,1,1,33,2,2,"Matching",1,586.168010581787,1,21,"fm","R"
17,1,1,34,1,2,"Nonmatching",0,339.518037958442,1,21,"fm","R"
17,1,1,35,2,2,"Matching",0,502.25236782353,2,21,"fm","R"
17,1,1,36,1,3,"Nonmatching",1,650.41754226877,2,21,"fm","R"
17,1,1,37,3,1,"Nonmatching",0,311.62513982963,1,21,"fm","R"
17,1,1,38,3,3,"Matching",1,675.472795006499,1,21,"fm","R"
17,1,1,39,2,2,"Matching",1,714.279504901697,1,21,"fm","R"
17,1,1,40,1,1,"Matching",1,238.909759797934,1,21,"fm","R"
17,1,1,41,1,1,"Matching",1,230.9090546878,1,21,"fm","R"
17,1,1,42,2,2,"Matching",0,406.782699931682,2,21,"fm","R"
17,1,1,43,2,2,"Matching",1,528.143731372438,1,21,"fm","R"
17,1,1,44,2,3,"Nonmatching",0,284.90128761041,1,21,"fm","R"
17,1,1,45,2,2,"Matching",1,419.160158384329,1,21,"fm","R"
17,1,1,46,1,1,"Matching",1,364.236431611516,1,21,"fm","R"
17,1,1,47,3,3,"Matching",0,542.952249922564,2,21,"fm","R"
17,1,1,48,1,2,"Nonmatching",1,666.879568047534,2,21,"fm","R"
17,1,1,49,1,1,"Matching",1,402.19556058355,1,21,"fm","R"
17,1,1,50,1,2,"Nonmatching",0,355.640186202436,1,21,"fm","R"
17,1,1,51,2,2,"Matching",1,653.515076254735,1,21,"fm","R"
17,1,1,52,2,3,"Nonmatching",1,620.920639500582,2,21,"fm","R"
17,1,1,53,3,1,"Nonmatching",0,653.602007631889,1,21,"fm","R"
17,1,1,54,2,1,"Nonmatching",1,606.923782311696,2,21,"fm","R"
17,1,1,55,2,1,"Nonmatching",1,287.13977056168,2,21,"fm","R"
17,1,1,56,2,3,"Nonmatching",0,669.564781684585,1,21,"fm","R"
17,1,1,57,3,2,"Nonmatching",0,483.549746178142,1,21,"fm","R"
17,1,1,58,3,1,"Nonmatching",1,697.70972043716,2,21,"fm","R"
17,1,1,59,3,2,"Nonmatching",1,446.803128805186,2,21,"fm","R"
17,1,1,60,2,3,"Nonmatching",1,607.507248808815,2,21,"fm","R"
17,1,2,1,2,3,"Nonmatching",1,494.210309940172,2,21,"fm","R"
17,1,2,2,2,2,"Matching",1,332.370346983225,1,21,"fm","R"
17,1,2,3,2,3,"Nonmatching",1,488.523247201101,2,21,"fm","R"
17,1,2,4,2,3,"Nonmatching",1,429.535176720947,2,21,"fm","R"
17,1,2,5,1,2,"Nonmatching",0,326.201237685382,1,21,"fm","R"
17,1,2,6,1,2,"Nonmatching",1,499.644124676252,2,21,"fm","R"
17,1,2,7,1,3,"Nonmatching",1,281.568918169341,2,21,"fm","R"
17,1,2,8,1,1,"Matching",1,272.142297004393,1,21,"fm","R"
17,1,2,9,3,3,"Matching",1,606.26002502886,1,21,"fm","R"
17,1,2,10,3,2,"Nonmatching",0,312.216152453402,1,21,"fm","R"
17,1,2,11,2,2,"Matching",1,710.970981219816,1,21,"fm","R"
17,1,2,12,1,1,"Matching",1,363.656285409888,1,21,"fm","R"
17,1,2,13,1,1,"Matching",1,270.259387532406,1,21,"fm","R"
17,1,2,14,2,2,"Matching",1,669.517995700517,1,21,"fm","R"
17,1,2,15,3,3,"Matching",1,404.261388161558,1,21,"fm","R"
17,1,2,16,3,1,"Nonmatching",1,453.694251481465,2,21,"fm","R"
17,1,2,17,2,2,"Matching",1,548.837323020507,1,21,"fm","R"
17,1,2,18,3,2,"Nonmatching",0,376.278842049942,1,21,"fm","R"
17,1,2,19,2,2,"Matching",1,682.897579746168,1,21,"fm","R"
17,1,2,20,1,2,"Nonmatching",1,641.469647366193,2,21,"fm","R"
17,1,2,21,3,3,"Matching",1,640.835470899674,1,21,"fm","R"
17,1,2,22,3,3,"Matching",1,344.951550849601,1,21,"fm","R"
17,1,2,23,1,2,"Nonmatching",1,451.520061528299,2,21,"fm","R"
17,1,2,24,2,3,"Nonmatching",1,378.219403928597,2,21,"fm","R"
17,1,2,25,2,2,"Matching",1,435.516840237597,1,21,"fm","R"
17,1,2,26,1,1,"Matching",1,403.534847106584,1,21,"fm","R"
17,1,2,27,3,1,"Nonmatching",0,636.840853400372,1,21,"fm","R"
17,1,2,28,3,3,"Matching",1,788.840667463774,1,21,"fm","R"
17,1,2,29,3,1,"Nonmatching",1,480.209528765499,2,21,"fm","R"
17,1,2,30,2,2,"Matching",0,654.097335372171,2,21,"fm","R"
17,1,2,31,1,3,"Nonmatching",0,732.796491836325,1,21,"fm","R"
17,1,2,32,1,1,"Matching",1,442.952793243876,1,21,"fm","R"
17,1,2,33,3,3,"Matching",3,1018.86441059605,1,21,"fm","R"
17,1,2,34,1,3,"Nonmatching",1,620.209794389211,2,21,"fm","R"
17,1,2,35,2,2,"Matching",0,260.264693968111,2,21,"fm","R"
17,1,2,36,2,1,"Nonmatching",1,514.860737745494,2,21,"fm","R"
17,1,2,37,3,1,"Nonmatching",1,376.361245750559,2,21,"fm","R"
17,1,2,38,3,3,"Matching",1,578.194471526785,1,21,"fm","R"
17,1,2,39,2,1,"Nonmatching",1,556.148915863105,2,21,"fm","R"
17,1,2,40,2,1,"Nonmatching",1,336.172991024796,2,21,"fm","R"
17,1,2,41,1,3,"Nonmatching",1,540.824544108091,2,21,"fm","R"
17,1,2,42,2,1,"Nonmatching",1,473.808602463123,2,21,"fm","R"
17,1,2,43,3,2,"Nonmatching",0,528.234586734925,1,21,"fm","R"
17,1,2,44,3,2,"Nonmatching",1,500.832790515233,2,21,"fm","R"
17,1,2,45,3,3,"Matching",0,314.390946096864,2,21,"fm","R"
17,1,2,46,1,2,"Nonmatching",1,519.575557553253,2,21,"fm","R"
17,1,2,47,1,1,"Matching",1,444.174662039131,1,21,"fm","R"
17,1,2,48,1,1,"Matching",1,300.703480092125,1,21,"fm","R"
17,1,2,49,2,3,"Nonmatching",0,714.203439947141,1,21,"fm","R"
17,1,2,50,1,1,"Matching",1,423.540533867254,1,21,"fm","R"
17,1,2,51,1,1,"Matching",1,936.969620502168,1,21,"fm","R"
17,1,2,52,1,1,"Matching",1,284.952299425186,1,21,"fm","R"
17,1,2,53,2,2,"Matching",0,435.536158321611,2,21,"fm","R"
17,1,2,54,2,1,"Nonmatching",0,436.221648448281,1,21,"fm","R"
17,1,2,55,3,3,"Matching",1,508.876055778728,1,21,"fm","R"
17,1,2,56,3,2,"Nonmatching",1,409.521038298863,2,21,"fm","R"
17,1,2,57,1,3,"Nonmatching",1,474.162666716893,2,21,"fm","R"
17,1,2,58,3,3,"Matching",1,736.839404544298,1,21,"fm","R"
17,1,2,59,3,1,"Nonmatching",1,492.2742757376,2,21,"fm","R"
17,1,2,60,2,2,"Matching",1,578.288647184763,1,21,"fm","R"
17,1,3,1,1,1,"Matching",1,314.276848665486,1,21,"fm","R"
17,1,3,2,2,3,"Nonmatching",1,246.807837587767,2,21,"fm","R"
17,1,3,3,1,1,"Matching",1,357.578635165282,1,21,"fm","R"
17,1,3,4,3,3,"Matching",1,577.067683924724,1,21,"fm","R"
17,1,3,5,3,2,"Nonmatching",1,435.603771614296,2,21,"fm","R"
17,1,3,6,1,2,"Nonmatching",1,458.800262484147,2,21,"fm","R"
17,1,3,7,2,2,"Matching",0,306.165064573634,2,21,"fm","R"
17,1,3,8,1,2,"Nonmatching",0,360.236380902279,1,21,"fm","R"
17,1,3,9,3,2,"Nonmatching",1,746.946686314914,2,21,"fm","R"
17,1,3,10,1,1,"Matching",1,397.649774008642,1,21,"fm","R"
17,1,3,11,1,1,"Matching",1,294.189361893586,1,21,"fm","R"
17,1,3,12,2,2,"Matching",0,452.268637272482,2,21,"fm","R"
17,1,3,13,1,3,"Nonmatching",1,707.590618414088,2,21,"fm","R"
17,1,3,14,3,1,"Nonmatching",0,408.940288406484,1,21,"fm","R"
17,1,3,15,3,3,"Matching",0,498.216095706539,2,21,"fm","R"
17,1,3,16,2,1,"Nonmatching",1,567.69116903979,2,21,"fm","R"
17,1,3,17,3,3,"Matching",1,890.819624033611,1,21,"fm","R"
17,1,3,18,1,1,"Matching",1,328.419497017421,1,21,"fm","R"
17,1,3,19,3,2,"Nonmatching",1,652.187259844595,2,21,"fm","R"
17,1,3,20,1,3,"Nonmatching",0,412.325480733671,1,21,"fm","R"
17,1,3,21,2,2,"Matching",0,550.49022655885,2,21,"fm","R"
17,1,3,22,3,1,"Nonmatching",1,536.92319673246,2,21,"fm","R"
17,1,3,23,3,1,"Nonmatching",1,277.58033757118,2,21,"fm","R"
17,1,3,24,2,3,"Nonmatching",3,1116.18499238466,2,21,"fm","R"
17,1,3,25,2,2,"Matching",1,664.857508003479,1,21,"fm","R"
17,1,3,26,1,2,"Nonmatching",0,455.627870923763,1,21,"fm","R"
17,1,3,27,3,1,"Nonmatching",1,479.4908356821,2,21,"fm","R"
17,1,3,28,1,3,"Nonmatching",1,470.269167311926,2,21,"fm","R"
17,1,3,29,2,2,"Matching",1,589.61840144093,1,21,"fm","R"
17,1,3,30,3,3,"Matching",1,263.022350419305,1,21,"fm","R"
17,1,3,31,1,1,"Matching",1,629.474626602587,1,21,"fm","R"
17,1,3,32,3,3,"Matching",1,422.322287212864,1,21,"fm","R"
17,1,3,33,1,3,"Nonmatching",1,534.918040011235,2,21,"fm","R"
17,1,3,34,2,2,"Matching",0,442.844732713183,2,21,"fm","R"
17,1,3,35,2,2,"Matching",1,386.154910505866,1,21,"fm","R"
17,1,3,36,3,3,"Matching",0,324.340362902603,2,21,"fm","R"
17,1,3,37,1,3,"Nonmatching",1,568.939600200338,2,21,"fm","R"
17,1,3,38,2,1,"Nonmatching",0,418.941924407136,1,21,"fm","R"
17,1,3,39,3,3,"Matching",0,395.58485196585,2,21,"fm","R"
17,1,3,40,3,2,"Nonmatching",0,645.453398443351,1,21,"fm","R"
17,1,3,41,3,2,"Nonmatching",1,422.222678343587,2,21,"fm","R"
17,1,3,42,2,2,"Matching",1,789.688852077234,1,21,"fm","R"
17,1,3,43,2,3,"Nonmatching",1,470.842069232731,2,21,"fm","R"
17,1,3,44,2,3,"Nonmatching",1,309.67914474013,2,21,"fm","R"
17,1,3,45,1,1,"Matching",1,507.580838634567,1,21,"fm","R"
17,1,3,46,3,3,"Matching",0,472.931440724551,2,21,"fm","R"
17,1,3,47,3,3,"Matching",1,359.508028776418,1,21,"fm","R"
17,1,3,48,2,1,"Nonmatching",1,546.989125729851,2,21,"fm","R"
17,1,3,49,3,3,"Matching",0,798.999262894085,2,21,"fm","R"
17,1,3,50,2,3,"Nonmatching",0,552.952376697704,1,21,"fm","R"
17,1,3,51,3,1,"Nonmatching",0,821.58874335255,1,21,"fm","R"
17,1,3,52,2,1,"Nonmatching",1,398.986042081106,2,21,"fm","R"
17,1,3,53,1,2,"Nonmatching",1,728.14294657519,2,21,"fm","R"
17,1,3,54,2,1,"Nonmatching",1,692.168448860684,2,21,"fm","R"
17,1,3,55,2,2,"Matching",0,402.322637353336,2,21,"fm","R"
17,1,3,56,2,2,"Matching",1,307.560796122743,1,21,"fm","R"
17,1,3,57,1,1,"Matching",1,353.088388080778,1,21,"fm","R"
17,1,3,58,1,2,"Nonmatching",0,340.854607876281,1,21,"fm","R"
17,1,3,59,1,1,"Matching",1,304.912407582833,1,21,"fm","R"
17,1,3,60,1,1,"Matching",0,301.642821912992,2,21,"fm","R"
17,1,4,1,3,3,"Matching",1,534.832617860047,1,21,"fm","R"
17,1,4,2,2,2,"Matching",1,329.533607126905,1,21,"fm","R"
17,1,4,3,2,1,"Nonmatching",0,268.985601386703,1,21,"fm","R"
17,1,4,4,1,1,"Matching",1,387.040222061387,1,21,"fm","R"
17,1,4,5,1,2,"Nonmatching",1,580.167632671873,2,21,"fm","R"
17,1,4,6,3,3,"Matching",1,526.249351787555,1,21,"fm","R"
17,1,4,7,2,2,"Matching",1,546.450634146368,1,21,"fm","R"
17,1,4,8,2,1,"Nonmatching",1,462.764695477745,2,21,"fm","R"
17,1,4,9,1,1,"Matching",1,469.010775264906,1,21,"fm","R"
17,1,4,10,2,2,"Matching",1,563.805517606852,1,21,"fm","R"
17,1,4,11,2,3,"Nonmatching",1,463.023074847115,2,21,"fm","R"
17,1,4,12,3,1,"Nonmatching",1,501.657733059346,2,21,"fm","R"
17,1,4,13,1,2,"Nonmatching",1,642.803198833462,2,21,"fm","R"
17,1,4,14,2,2,"Matching",0,434.917375951954,2,21,"fm","R"
17,1,4,15,2,2,"Matching",1,346.222620389653,1,21,"fm","R"
17,1,4,16,3,3,"Matching",1,276.874321980358,1,21,"fm","R"
17,1,4,17,1,1,"Matching",1,459.519559258297,1,21,"fm","R"
17,1,4,18,2,3,"Nonmatching",1,827.356700567634,2,21,"fm","R"
17,1,4,19,2,2,"Matching",1,443.012860410818,1,21,"fm","R"
17,1,4,20,3,2,"Nonmatching",1,506.211065760453,2,21,"fm","R"
17,1,4,21,2,1,"Nonmatching",0,462.95878184992,1,21,"fm","R"
17,1,4,22,3,3,"Matching",1,750.945529644923,1,21,"fm","R"
17,1,4,23,3,2,"Nonmatching",1,426.148173324236,2,21,"fm","R"
17,1,4,24,3,1,"Nonmatching",1,618.174151317362,2,21,"fm","R"
17,1,4,25,2,1,"Nonmatching",1,506.554263591624,2,21,"fm","R"
17,1,4,26,1,1,"Matching",1,327.489210548265,1,21,"fm","R"
17,1,4,27,1,3,"Nonmatching",1,522.820693772701,2,21,"fm","R"
17,1,4,28,3,2,"Nonmatching",1,703.918069592419,2,21,"fm","R"
17,1,4,29,3,3,"Matching",1,612.170754956423,1,21,"fm","R"
17,1,4,30,2,2,"Matching",1,500.877463583947,1,21,"fm","R"
17,1,4,31,1,1,"Matching",1,450.277365423972,1,21,"fm","R"
17,1,4,32,1,3,"Nonmatching",1,451.223045990901,2,21,"fm","R"
17,1,4,33,3,1,"Nonmatching",1,426.193450082792,2,21,"fm","R"
17,1,4,34,2,1,"Nonmatching",1,442.324351833122,2,21,"fm","R"
17,1,4,35,2,2,"Matching",1,625.574486606638,1,21,"fm","R"
17,1,4,36,1,2,"Nonmatching",1,418.94403732249,2,21,"fm","R"
17,1,4,37,1,1,"Matching",1,386.888695842117,1,21,"fm","R"
17,1,4,38,1,2,"Nonmatching",1,524.954134643394,2,21,"fm","R"
17,1,4,39,3,3,"Matching",1,625.530115383299,1,21,"fm","R"
17,1,4,40,1,1,"Matching",1,634.282716533107,1,21,"fm","R"
17,1,4,41,1,3,"Nonmatching",1,514.143553887607,2,21,"fm","R"
17,1,4,42,3,1,"Nonmatching",1,583.544675181656,2,21,"fm","R"
17,1,4,43,3,3,"Matching",1,601.814451013524,1,21,"fm","R"
17,1,4,44,1,2,"Nonmatching",1,530.884182654972,2,21,"fm","R"
17,1,4,45,1,1,"Matching",1,343.613471707158,1,21,"fm","R"
17,1,4,46,1,1,"Matching",1,362.3203191828,1,21,"fm","R"
17,1,4,47,3,2,"Nonmatching",0,445.088045185003,1,21,"fm","R"
17,1,4,48,2,3,"Nonmatching",1,525.017823950748,2,21,"fm","R"
17,1,4,49,2,2,"Matching",1,559.543767231389,1,21,"fm","R"
17,1,4,50,1,3,"Nonmatching",1,554.223748082222,2,21,"fm","R"
17,1,4,51,2,3,"Nonmatching",1,404.95895209051,2,21,"fm","R"
17,1,4,52,3,3,"Matching",1,310.2831367014,1,21,"fm","R"
17,1,4,53,1,1,"Matching",1,338.192636308577,1,21,"fm","R"
17,1,4,54,2,2,"Matching",0,445.727956708197,2,21,"fm","R"
17,1,4,55,3,2,"Nonmatching",1,605.531371058987,2,21,"fm","R"
17,1,4,56,2,3,"Nonmatching",1,566.889468565478,2,21,"fm","R"
17,1,4,57,3,1,"Nonmatching",1,546.296391321448,2,21,"fm","R"
17,1,4,58,3,3,"Matching",0,661.557134138093,2,21,"fm","R"
17,1,4,59,1,3,"Nonmatching",1,493.772936451478,2,21,"fm","R"
17,1,4,60,3,3,"Matching",1,595.530338748631,1,21,"fm","R"
17,2,1,1,3,1,"Nonmatching",1,563.831511759417,2,21,"fm","R"
17,2,1,2,2,1,"Nonmatching",1,533.749331424588,2,21,"fm","R"
17,2,1,3,3,3,"Matching",0,362.455581247559,2,21,"fm","R"
17,2,1,4,2,3,"Nonmatching",1,493.088085492673,2,21,"fm","R"
17,2,1,5,3,3,"Matching",1,434.411820957394,1,21,"fm","R"
17,2,1,6,3,2,"Nonmatching",1,505.833794915816,2,21,"fm","R"
17,2,1,7,2,1,"Nonmatching",1,536.152621777546,2,21,"fm","R"
17,2,1,8,1,1,"Matching",1,299.34792941458,1,21,"fm","R"
17,2,1,9,2,3,"Nonmatching",0,591.902498473246,1,21,"fm","R"
17,2,1,10,2,3,"Nonmatching",1,409.223152704726,2,21,"fm","R"
17,2,1,11,3,1,"Nonmatching",1,473.782679266151,2,21,"fm","R"
17,2,1,12,2,2,"Matching",1,729.099830887208,1,21,"fm","R"
17,2,1,13,3,2,"Nonmatching",1,516.449383764666,2,21,"fm","R"
17,2,1,14,1,3,"Nonmatching",1,505.808439930661,2,21,"fm","R"
17,2,1,15,1,3,"Nonmatching",1,358.741377806837,2,21,"fm","R"
17,2,1,16,3,3,"Matching",1,609.205766429113,1,21,"fm","R"
17,2,1,17,1,1,"Matching",1,353.112571163365,1,21,"fm","R"
17,2,1,18,3,3,"Matching",1,571.166044826896,1,21,"fm","R"
17,2,1,19,1,1,"Matching",1,494.44578456405,1,21,"fm","R"
17,2,1,20,3,3,"Matching",1,371.799496865606,1,21,"fm","R"
17,2,1,21,1,2,"Nonmatching",1,541.77629705373,2,21,"fm","R"
17,2,1,22,2,2,"Matching",0,378.000903583597,2,21,"fm","R"
17,2,1,23,3,2,"Nonmatching",1,533.239816965761,2,21,"fm","R"
17,2,1,24,2,1,"Nonmatching",1,497.226381238761,2,21,"fm","R"
17,2,1,25,2,2,"Matching",1,479.131071851043,1,21,"fm","R"
17,2,1,26,1,2,"Nonmatching",1,501.138896882367,2,21,"fm","R"
17,2,1,27,2,2,"Matching",1,419.128198285762,1,21,"fm","R"
17,2,1,28,1,1,"Matching",1,357.268977613785,1,21,"fm","R"
17,2,1,29,2,2,"Matching",1,544.411102566301,1,21,"fm","R"
17,2,1,30,3,1,"Nonmatching",1,451.825564205137,2,21,"fm","R"
17,2,1,31,3,3,"Matching",1,331.908257677242,1,21,"fm","R"
17,2,1,32,2,3,"Nonmatching",1,464.558294290327,2,21,"fm","R"
17,2,1,33,3,2,"Nonmatching",0,335.882953402688,1,21,"fm","R"
17,2,1,34,1,3,"Nonmatching",1,987.113968101767,2,21,"fm","R"
17,2,1,35,3,3,"Matching",0,428.484791396841,2,21,"fm","R"
17,2,1,36,1,1,"Matching",1,445.15448657603,1,21,"fm","R"
17,2,1,37,3,2,"Nonmatching",1,556.53742593131,2,21,"fm","R"
17,2,1,38,2,2,"Matching",1,599.947272961799,1,21,"fm","R"
17,2,1,39,1,1,"Matching",1,441.204240300067,1,21,"fm","R"
17,2,1,40,2,2,"Matching",1,408.623084728788,1,21,"fm","R"
17,2,1,41,2,1,"Nonmatching",1,424.548731839423,2,21,"fm","R"
17,2,1,42,2,2,"Matching",1,369.213288407991,1,21,"fm","R"
17,2,1,43,2,2,"Matching",1,651.921067980766,1,21,"fm","R"
17,2,1,44,3,3,"Matching",0,371.115515963538,2,21,"fm","R"
17,2,1,45,1,1,"Matching",1,470.53603382119,1,21,"fm","R"
17,2,1,46,1,3,"Nonmatching",1,381.07519550158,2,21,"fm","R"
17,2,1,47,1,2,"Nonmatching",1,567.908231114416,2,21,"fm","R"
17,2,1,48,2,1,"Nonmatching",1,585.753009104337,2,21,"fm","R"
17,2,1,49,1,1,"Matching",1,387.917419277983,1,21,"fm","R"
17,2,1,50,3,3,"Matching",1,429.182657171623,1,21,"fm","R"
17,2,1,51,1,3,"Nonmatching",1,437.182154901166,2,21,"fm","R"
17,2,1,52,1,1,"Matching",1,453.902258204835,1,21,"fm","R"
17,2,1,53,2,3,"Nonmatching",0,493.862016221101,1,21,"fm","R"
17,2,1,54,2,2,"Matching",1,443.992986792182,1,21,"fm","R"
17,2,1,55,3,1,"Nonmatching",1,499.853942469599,2,21,"fm","R"
17,2,1,56,3,3,"Matching",1,393.209668682175,1,21,"fm","R"
17,2,1,57,1,2,"Nonmatching",1,412.467081543582,2,21,"fm","R"
17,2,1,58,3,1,"Nonmatching",1,485.75657087622,2,21,"fm","R"
17,2,1,59,1,2,"Nonmatching",1,571.154876560286,2,21,"fm","R"
17,2,1,60,1,1,"Matching",1,277.232345697485,1,21,"fm","R"
17,2,2,1,2,2,"Matching",1,449.763660612916,1,21,"fm","R"
17,2,2,2,1,3,"Nonmatching",1,384.458274911594,2,21,"fm","R"
17,2,2,3,2,3,"Nonmatching",0,466.484367606427,1,21,"fm","R"
17,2,2,4,1,1,"Matching",1,385.264201217069,1,21,"fm","R"
17,2,2,5,3,3,"Matching",0,330.522487015514,2,21,"fm","R"
17,2,2,6,1,1,"Matching",1,526.569343027404,1,21,"fm","R"
17,2,2,7,1,3,"Nonmatching",1,435.091877873674,2,21,"fm","R"
17,2,2,8,3,2,"Nonmatching",1,498.463040441493,2,21,"fm","R"
17,2,2,9,3,2,"Nonmatching",1,548.488123766219,2,21,"fm","R"
17,2,2,10,3,3,"Matching",1,399.303920405146,1,21,"fm","R"
17,2,2,11,3,1,"Nonmatching",1,529.151023809391,2,21,"fm","R"
17,2,2,12,3,1,"Nonmatching",1,357.177518561002,2,21,"fm","R"
17,2,2,13,3,3,"Matching",1,352.599736410411,1,21,"fm","R"
17,2,2,14,1,1,"Matching",1,419.275498673414,1,21,"fm","R"
17,2,2,15,2,2,"Matching",1,404.444643589159,1,21,"fm","R"
17,2,2,16,3,3,"Matching",1,437.114843452946,1,21,"fm","R"
17,2,2,17,2,3,"Nonmatching",1,437.171892169317,2,21,"fm","R"
17,2,2,18,2,1,"Nonmatching",1,469.952567324071,2,21,"fm","R"
17,2,2,19,1,1,"Matching",1,283.910969452336,1,21,"fm","R"
17,2,2,20,1,2,"Nonmatching",1,425.134613097725,2,21,"fm","R"
17,2,2,21,1,2,"Nonmatching",1,312.565120818363,2,21,"fm","R"
17,2,2,22,3,3,"Matching",1,421.78383110695,1,21,"fm","R"
17,2,2,23,2,2,"Matching",1,357.353192384835,1,21,"fm","R"
17,2,2,24,2,3,"Nonmatching",1,368.697133358182,2,21,"fm","R"
17,2,2,25,1,2,"Nonmatching",1,451.839750922773,2,21,"fm","R"
17,2,2,26,1,1,"Matching",1,403.826766755628,1,21,"fm","R"
17,2,2,27,2,1,"Nonmatching",1,484.600202457841,2,21,"fm","R"
17,2,2,28,1,2,"Nonmatching",1,657.805839233333,2,21,"fm","R"
17,2,2,29,2,2,"Matching",1,601.088247281041,1,21,"fm","R"
17,2,2,30,3,1,"Nonmatching",1,345.082587083198,2,21,"fm","R"
17,2,2,31,1,1,"Matching",1,493.077219070074,1,21,"fm","R"
17,2,2,32,1,2,"Nonmatching",1,466.523607463387,2,21,"fm","R"
17,2,2,33,2,2,"Matching",1,713.286168293052,1,21,"fm","R"
17,2,2,34,1,1,"Matching",1,461.882739695284,1,21,"fm","R"
17,2,2,35,2,3,"Nonmatching",1,389.19663863453,2,21,"fm","R"
17,2,2,36,3,1,"Nonmatching",0,343.776201671972,1,21,"fm","R"
17,2,2,37,2,1,"Nonmatching",1,571.837650080852,2,21,"fm","R"
17,2,2,38,2,2,"Matching",0,367.150479280099,2,21,"fm","R"
17,2,2,39,2,2,"Matching",1,305.841823994342,1,21,"fm","R"
17,2,2,40,3,1,"Nonmatching",1,495.101995719779,2,21,"fm","R"
17,2,2,41,1,1,"Matching",1,387.803925535991,1,21,"fm","R"
17,2,2,42,1,3,"Nonmatching",1,365.8594879671,2,21,"fm","R"
17,2,2,43,1,1,"Matching",1,625.065913161961,1,21,"fm","R"
17,2,2,44,3,3,"Matching",1,441.156548781692,1,21,"fm","R"
17,2,2,45,3,3,"Matching",1,377.116195719282,1,21,"fm","R"
17,2,2,46,3,2,"Nonmatching",1,555.132639030489,2,21,"fm","R"
17,2,2,47,2,2,"Matching",1,357.791169563825,1,21,"fm","R"
17,2,2,48,1,3,"Nonmatching",1,464.646131202244,2,21,"fm","R"
17,2,2,49,1,1,"Matching",1,576.134716327942,1,21,"fm","R"
17,2,2,50,3,3,"Matching",0,513.754511085608,2,21,"fm","R"
17,2,2,51,2,1,"Nonmatching",1,367.430893339588,2,21,"fm","R"
17,2,2,52,1,3,"Nonmatching",1,514.108575338469,2,21,"fm","R"
17,2,2,53,3,3,"Matching",1,397.162027872582,1,21,"fm","R"
17,2,2,54,3,2,"Nonmatching",1,382.484208232199,2,21,"fm","R"
17,2,2,55,2,2,"Matching",1,256.59429353982,1,21,"fm","R"
17,2,2,56,3,3,"Matching",1,407.144345789675,1,21,"fm","R"
17,2,2,57,3,2,"Nonmatching",1,345.380206310438,2,21,"fm","R"
17,2,2,58,2,2,"Matching",1,268.547357840362,1,21,"fm","R"
17,2,2,59,2,3,"Nonmatching",1,371.202145494863,2,21,"fm","R"
17,2,2,60,2,1,"Nonmatching",0,461.129032585632,1,21,"fm","R"
17,2,3,1,1,1,"Matching",1,415.129656801582,1,21,"fm","R"
17,2,3,2,3,1,"Nonmatching",1,423.859015881135,2,21,"fm","R"
17,2,3,3,3,2,"Nonmatching",1,608.498543457245,2,21,"fm","R"
17,2,3,4,2,2,"Matching",1,248.477076237577,1,21,"fm","R"
17,2,3,5,3,2,"Nonmatching",0,311.925812985464,1,21,"fm","R"
17,2,3,6,2,2,"Matching",1,347.95917048632,1,21,"fm","R"
17,2,3,7,3,3,"Matching",1,398.507351296757,1,21,"fm","R"
17,2,3,8,3,3,"Matching",1,327.816144224016,1,21,"fm","R"
17,2,3,9,3,2,"Nonmatching",1,491.787736981678,2,21,"fm","R"
17,2,3,10,3,2,"Nonmatching",0,433.179689431199,1,21,"fm","R"
17,2,3,11,2,2,"Matching",1,561.814583081286,1,21,"fm","R"
17,2,3,12,2,2,"Matching",1,365.287793426432,1,21,"fm","R"
17,2,3,13,1,1,"Matching",1,439.115472498088,1,21,"fm","R"
17,2,3,14,1,1,"Matching",1,294.535311807522,1,21,"fm","R"
17,2,3,15,3,3,"Matching",0,299.969428388977,2,21,"fm","R"
17,2,3,16,2,2,"Matching",1,336.449818420988,1,21,"fm","R"
17,2,3,17,2,1,"Nonmatching",1,476.489927592411,2,21,"fm","R"
17,2,3,18,2,2,"Matching",1,634.519398536213,1,21,"fm","R"
17,2,3,19,1,1,"Matching",1,330.642017657738,1,21,"fm","R"
17,2,3,20,1,3,"Nonmatching",1,510.545294428084,2,21,"fm","R"
17,2,3,21,3,3,"Matching",0,363.204458835753,2,21,"fm","R"
17,2,3,22,2,3,"Nonmatching",1,670.528306587585,2,21,"fm","R"
17,2,3,23,2,3,"Nonmatching",0,501.822274093684,1,21,"fm","R"
17,2,3,24,1,1,"Matching",1,395.108274097765,1,21,"fm","R"
17,2,3,25,2,2,"Matching",1,476.519206563353,1,21,"fm","R"
17,2,3,26,1,1,"Matching",0,402.600672128756,2,21,"fm","R"
17,2,3,27,3,1,"Nonmatching",1,579.185162484464,2,21,"fm","R"
17,2,3,28,2,3,"Nonmatching",0,605.17070169135,1,21,"fm","R"
17,2,3,29,2,2,"Matching",1,439.922304338324,1,21,"fm","R"
17,2,3,30,2,1,"Nonmatching",1,383.820476304209,2,21,"fm","R"
17,2,3,31,3,3,"Matching",0,409.786093737239,2,21,"fm","R"
17,2,3,32,3,3,"Matching",1,426.449148324537,1,21,"fm","R"
17,2,3,33,2,2,"Matching",1,363.128393882107,1,21,"fm","R"
17,2,3,34,1,2,"Nonmatching",1,375.325047144543,2,21,"fm","R"
17,2,3,35,1,2,"Nonmatching",1,385.239148076835,2,21,"fm","R"
17,2,3,36,1,2,"Nonmatching",1,347.159582927816,2,21,"fm","R"
17,2,3,37,2,3,"Nonmatching",1,655.260379859101,2,21,"fm","R"
17,2,3,38,3,1,"Nonmatching",1,629.918676160742,2,21,"fm","R"
17,2,3,39,2,1,"Nonmatching",1,453.790877378196,2,21,"fm","R"
17,2,3,40,1,3,"Nonmatching",1,420.646780772586,2,21,"fm","R"
17,2,3,41,1,3,"Nonmatching",1,293.274203155306,2,21,"fm","R"
17,2,3,42,3,1,"Nonmatching",1,474.448549463887,2,21,"fm","R"
17,2,3,43,2,3,"Nonmatching",1,391.902377735278,2,21,"fm","R"
17,2,3,44,2,1,"Nonmatching",1,513.768697803243,2,21,"fm","R"
17,2,3,45,1,1,"Matching",1,397.82367223961,1,21,"fm","R"
17,2,3,46,1,3,"Nonmatching",1,383.826513205349,2,21,"fm","R"
17,2,3,47,1,1,"Matching",1,362.465240288657,1,21,"fm","R"
17,2,3,48,3,2,"Nonmatching",1,557.561284367694,2,21,"fm","R"
17,2,3,49,3,3,"Matching",0,384.47849853128,2,21,"fm","R"
17,2,3,50,3,3,"Matching",1,434.441099928335,1,21,"fm","R"
17,2,3,51,1,2,"Nonmatching",1,443.115221363769,2,21,"fm","R"
17,2,3,52,3,1,"Nonmatching",1,506.519586887407,2,21,"fm","R"
17,2,3,53,1,1,"Matching",1,575.836191565031,1,21,"fm","R"
17,2,3,54,3,3,"Matching",1,697.782198728419,1,21,"fm","R"
17,2,3,55,1,3,"Nonmatching",1,536.537776070872,2,21,"fm","R"
17,2,3,56,1,1,"Matching",1,452.037459435815,1,21,"fm","R"
17,2,3,57,3,3,"Matching",1,530.485480810967,1,21,"fm","R"
17,2,3,58,2,2,"Matching",1,439.27967620948,1,21,"fm","R"
17,2,3,59,2,1,"Nonmatching",1,422.595190622815,2,21,"fm","R"
17,2,3,60,1,2,"Nonmatching",1,478.472747779051,2,21,"fm","R"
17,2,4,1,1,1,"Matching",1,341.991391843294,1,21,"fm","R"
17,2,4,2,2,3,"Nonmatching",1,649.075272774098,2,21,"fm","R"
17,2,4,3,2,2,"Matching",1,415.724593411142,1,21,"fm","R"
17,2,4,4,3,1,"Nonmatching",1,424.488966517856,2,21,"fm","R"
17,2,4,5,2,3,"Nonmatching",1,385.120824815203,2,21,"fm","R"
17,2,4,6,2,2,"Matching",0,443.705932141711,2,21,"fm","R"
17,2,4,7,1,3,"Nonmatching",1,611.128217603436,2,21,"fm","R"
17,2,4,8,3,2,"Nonmatching",1,556.497582383599,2,21,"fm","R"
17,2,4,9,2,2,"Matching",1,471.13700733189,1,21,"fm","R"
17,2,4,10,3,3,"Matching",1,461.820861458364,1,21,"fm","R"
17,2,4,11,1,1,"Matching",1,285.242106158876,1,21,"fm","R"
17,2,4,12,3,1,"Nonmatching",0,331.184131382543,1,21,"fm","R"
17,2,4,13,3,3,"Matching",1,351.229359846002,1,21,"fm","R"
17,2,4,14,1,2,"Nonmatching",1,490.475616515141,2,21,"fm","R"
17,2,4,15,1,3,"Nonmatching",1,448.528812479708,2,21,"fm","R"
17,2,4,16,3,3,"Matching",1,520.56292821635,1,21,"fm","R"
17,2,4,17,3,1,"Nonmatching",1,573.180256898922,2,21,"fm","R"
17,2,4,18,2,2,"Matching",1,441.158661697045,1,21,"fm","R"
17,2,4,19,3,3,"Matching",1,481.911970371584,1,21,"fm","R"
17,2,4,20,2,2,"Matching",1,384.578711090398,1,21,"fm","R"
17,2,4,21,2,3,"Nonmatching",1,410.616771337118,2,21,"fm","R"
17,2,4,22,2,1,"Nonmatching",1,451.257491805336,2,21,"fm","R"
17,2,4,23,1,2,"Nonmatching",1,345.781056547821,2,21,"fm","R"
17,2,4,24,2,2,"Matching",1,461.202079089162,1,21,"fm","R"
17,2,4,25,2,1,"Nonmatching",1,436.505418280831,2,21,"fm","R"
17,2,4,26,1,1,"Matching",1,348.452385311248,1,21,"fm","R"
17,2,4,27,1,1,"Matching",1,384.496911079623,1,21,"fm","R"
17,2,4,28,2,1,"Nonmatching",1,425.775128310306,2,21,"fm","R"
17,2,4,29,1,3,"Nonmatching",1,506.423902003917,2,21,"fm","R"
17,2,4,30,3,3,"Matching",1,439.904495479823,1,21,"fm","R"
17,2,4,31,3,1,"Nonmatching",1,391.806089161946,2,21,"fm","R"
17,2,4,32,3,3,"Matching",0,433.109359531954,2,21,"fm","R"
17,2,4,33,1,3,"Nonmatching",1,625.94699888632,2,21,"fm","R"
17,2,4,34,3,2,"Nonmatching",1,474.072148677806,2,21,"fm","R"
17,2,4,35,2,2,"Matching",1,391.742399853683,1,21,"fm","R"
17,2,4,36,1,3,"Nonmatching",1,585.880085874123,2,21,"fm","R"
17,2,4,37,3,2,"Nonmatching",1,683.143618946815,2,21,"fm","R"
17,2,4,38,2,1,"Nonmatching",1,456.563927927164,2,21,"fm","R"
17,2,4,39,3,3,"Matching",1,495.654372176432,1,21,"fm","R"
17,2,4,40,3,3,"Matching",1,365.231650246642,1,21,"fm","R"
17,2,4,41,1,1,"Matching",0,471.898864258947,2,21,"fm","R"
17,2,4,42,2,3,"Nonmatching",1,453.188092797063,2,21,"fm","R"
17,2,4,43,1,2,"Nonmatching",1,483.844382432835,2,21,"fm","R"
17,2,4,44,3,2,"Nonmatching",1,497.232719985732,2,21,"fm","R"
17,2,4,45,1,1,"Matching",1,431.338132731071,1,21,"fm","R"
17,2,4,46,3,3,"Matching",1,615.114081596403,1,21,"fm","R"
17,2,4,47,3,3,"Matching",1,353.139133528202,1,21,"fm","R"
17,2,4,48,2,2,"Matching",1,451.791153867816,1,21,"fm","R"
17,2,4,49,1,2,"Nonmatching",1,523.923369247314,2,21,"fm","R"
17,2,4,50,2,3,"Nonmatching",1,951.867520668202,2,21,"fm","R"
17,2,4,51,1,1,"Matching",1,387.892064293737,1,21,"fm","R"
17,2,4,52,1,1,"Matching",1,334.498088275723,1,21,"fm","R"
17,2,4,53,1,2,"Nonmatching",1,467.18827028144,2,21,"fm","R"
17,2,4,54,2,2,"Matching",1,521.793248672111,1,21,"fm","R"
17,2,4,55,3,2,"Nonmatching",1,725.321636294211,2,21,"fm","R"
17,2,4,56,3,1,"Nonmatching",0,489.780769191384,1,21,"fm","R"
17,2,4,57,2,2,"Matching",1,473.290369976894,1,21,"fm","R"
17,2,4,58,1,1,"Matching",0,289.103911832171,2,21,"fm","R"
17,2,4,59,1,1,"Matching",1,414.574261893904,1,21,"fm","R"
17,2,4,60,2,1,"Nonmatching",1,447.095048453775,2,21,"fm","R"
18,1,1,1,3,1,"Nonmatching",1,592.095375307963,2,21,"f","R"
18,1,1,2,2,2,"Matching",1,456.830756801082,1,21,"f","R"
18,1,1,3,3,1,"Nonmatching",0,358.917955008565,1,21,"f","R"
18,1,1,4,2,1,"Nonmatching",0,456.879353855129,1,21,"f","R"
18,1,1,5,2,2,"Matching",1,428.775466030402,1,21,"f","R"
18,1,1,6,2,1,"Nonmatching",0,276.218144144877,1,21,"f","R"
18,1,1,7,1,2,"Nonmatching",0,568.236636380334,1,21,"f","R"
18,1,1,8,1,1,"Matching",1,456.783970817014,1,21,"f","R"
18,1,1,9,3,3,"Matching",1,911.534076311455,1,21,"f","R"
18,1,1,10,2,2,"Matching",1,594.898006672338,1,21,"f","R"
18,1,1,11,1,1,"Matching",1,387.709445875771,1,21,"f","R"
18,1,1,12,2,3,"Nonmatching",0,590.4675249094,1,21,"f","R"
18,1,1,13,1,2,"Nonmatching",1,636.869260156345,2,21,"f","R"
18,1,1,14,1,1,"Matching",1,354.842443034158,1,21,"f","R"
18,1,1,15,3,3,"Matching",0,373.534198256948,2,21,"f","R"
18,1,1,16,2,2,"Matching",1,407.579906050614,1,21,"f","R"
18,1,1,17,1,1,"Matching",1,399.532414956866,1,21,"f","R"
18,1,1,18,3,3,"Matching",1,520.134909766512,1,21,"f","R"
18,1,1,19,1,3,"Nonmatching",1,476.13918147772,2,21,"f","R"
18,1,1,20,3,3,"Matching",1,697.117231908578,1,21,"f","R"
18,1,1,21,1,3,"Nonmatching",1,455.437741857622,2,21,"f","R"
18,1,1,22,2,1,"Nonmatching",0,558.810317060761,1,21,"f","R"
18,1,1,23,3,1,"Nonmatching",1,506.875158208913,2,21,"f","R"
18,1,1,24,3,1,"Nonmatching",1,271.642474909186,2,21,"f","R"
18,1,1,25,1,1,"Matching",1,324.185549708091,1,21,"f","R"
18,1,1,26,2,3,"Nonmatching",1,968.220276377906,2,21,"f","R"
18,1,1,27,2,1,"Nonmatching",0,352.806799962309,1,21,"f","R"
18,1,1,28,2,2,"Matching",1,523.550890289243,1,21,"f","R"
18,1,1,29,3,2,"Nonmatching",1,366.837463797765,2,21,"f","R"
18,1,1,30,1,3,"Nonmatching",1,440.761129597831,2,21,"f","R"
18,1,1,31,3,3,"Matching",0,359.562092362467,2,21,"f","R"
18,1,1,32,1,3,"Nonmatching",1,424.906114230453,2,21,"f","R"
18,1,1,33,3,2,"Nonmatching",1,520.127061794483,2,21,"f","R"
18,1,1,34,1,2,"Nonmatching",1,451.006656404388,2,21,"f","R"
18,1,1,35,3,1,"Nonmatching",1,401.478711891286,2,21,"f","R"
18,1,1,36,1,1,"Matching",0,312.810518693368,2,21,"f","R"
18,1,1,37,3,2,"Nonmatching",1,316.977187875182,2,21,"f","R"
18,1,1,38,2,2,"Matching",0,358.894411094298,2,21,"f","R"
18,1,1,39,3,3,"Matching",0,463.548620413803,2,21,"f","R"
18,1,1,40,2,2,"Matching",0,436.844689968439,2,21,"f","R"
18,1,1,41,2,3,"Nonmatching",1,378.285843161848,2,21,"f","R"
18,1,1,42,2,1,"Nonmatching",1,482.259995565528,2,21,"f","R"
18,1,1,43,3,3,"Matching",0,318.884244952642,2,21,"f","R"
18,1,1,44,2,2,"Matching",1,458.229808645228,1,21,"f","R"
18,1,1,45,1,1,"Matching",1,391.709194740542,1,21,"f","R"
18,1,1,46,3,3,"Matching",1,393.44329459982,1,21,"f","R"
18,1,1,47,1,2,"Nonmatching",1,505.500555814251,2,21,"f","R"
18,1,1,48,3,3,"Matching",0,709.499519881774,2,21,"f","R"
18,1,1,49,2,2,"Matching",0,672.219240445884,2,21,"f","R"
18,1,1,50,3,2,"Nonmatching",1,349.512161153143,2,21,"f","R"
18,1,1,51,2,3,"Nonmatching",0,398.917254728076,1,21,"f","R"
18,1,1,52,2,2,"Matching",1,519.724400487121,1,21,"f","R"
18,1,1,53,1,3,"Nonmatching",1,418.10011186044,2,21,"f","R"
18,1,1,54,1,1,"Matching",1,274.149599961675,1,21,"f","R"
18,1,1,55,1,2,"Nonmatching",0,320.262469487716,1,21,"f","R"
18,1,1,56,3,3,"Matching",0,397.413462648274,2,21,"f","R"
18,1,1,57,3,2,"Nonmatching",1,519.474774624086,2,21,"f","R"
18,1,1,58,1,1,"Matching",1,306.225165060823,1,21,"f","R"
18,1,1,59,2,3,"Nonmatching",1,639.534250174165,2,21,"f","R"
18,1,1,60,1,1,"Matching",0,277.529057231732,2,21,"f","R"
18,1,2,1,2,2,"Matching",1,672.202638967974,1,21,"f","R"
18,1,2,2,1,2,"Nonmatching",0,261.576545911794,1,21,"f","R"
18,1,2,3,1,3,"Nonmatching",1,484.245230512897,2,21,"f","R"
18,1,2,4,2,1,"Nonmatching",1,417.529322855444,2,21,"f","R"
18,1,2,5,3,1,"Nonmatching",1,330.17807964643,2,21,"f","R"
18,1,2,6,2,2,"Matching",1,422.267082887629,1,21,"f","R"
18,1,2,7,2,1,"Nonmatching",0,214.777884412797,1,21,"f","R"
18,1,2,8,2,2,"Matching",1,446.212149501662,1,21,"f","R"
18,1,2,9,1,3,"Nonmatching",1,348.894284319158,2,21,"f","R"
18,1,2,10,1,3,"Nonmatching",1,326.829108726997,2,21,"f","R"
18,1,2,11,1,1,"Matching",1,458.231921560582,1,21,"f","R"
18,1,2,12,1,1,"Matching",1,264.182676143264,1,21,"f","R"
18,1,2,13,3,3,"Matching",1,446.134575322048,1,21,"f","R"
18,1,2,14,2,1,"Nonmatching",1,438.221103433534,2,21,"f","R"
18,1,2,15,2,1,"Nonmatching",1,348.896095389591,2,21,"f","R"
18,1,2,16,3,3,"Matching",1,734.81134091935,1,21,"f","R"
18,1,2,17,1,2,"Nonmatching",1,562.845985487911,2,21,"f","R"
18,1,2,18,2,2,"Matching",1,356.23334506181,1,21,"f","R"
18,1,2,19,2,3,"Nonmatching",1,670.821999672171,2,21,"f","R"
18,1,2,20,2,2,"Matching",1,508.599900870649,1,21,"f","R"
18,1,2,21,3,3,"Matching",0,359.484518182398,2,21,"f","R"
18,1,2,22,3,3,"Matching",1,225.512400214484,1,21,"f","R"
18,1,2,23,2,3,"Nonmatching",1,377.023828973961,2,21,"f","R"
18,1,2,24,1,1,"Matching",1,297.605073891191,1,21,"f","R"
18,1,2,25,3,1,"Nonmatching",1,415.623171313655,2,21,"f","R"
18,1,2,26,3,3,"Matching",1,536.17797460447,1,21,"f","R"
18,1,2,27,1,3,"Nonmatching",1,442.295106182883,2,21,"f","R"
18,1,2,28,2,2,"Matching",1,344.172823920417,1,21,"f","R"
18,1,2,29,1,1,"Matching",1,340.157982802339,1,21,"f","R"
18,1,2,30,1,1,"Matching",1,423.546302244176,1,21,"f","R"
18,1,2,31,1,2,"Nonmatching",0,208.186192034191,1,21,"f","R"
18,1,2,32,2,2,"Matching",1,753.484079903501,1,21,"f","R"
18,1,2,33,2,2,"Matching",1,260.843666110304,1,21,"f","R"
18,1,2,34,3,1,"Nonmatching",1,450.808344201505,2,21,"f","R"
18,1,2,35,3,1,"Nonmatching",1,296.830841317387,2,21,"f","R"
18,1,2,36,3,2,"Nonmatching",1,292.190275394205,2,21,"f","R"
18,1,2,37,1,1,"Matching",1,306.178379076755,1,21,"f","R"
18,1,2,38,3,2,"Nonmatching",1,477.522537378718,2,21,"f","R"
18,1,2,39,1,1,"Matching",1,322.16620626923,1,21,"f","R"
18,1,2,40,3,2,"Nonmatching",1,422.353712419408,2,21,"f","R"
18,1,2,41,2,3,"Nonmatching",0,573.45493374487,1,21,"f","R"
18,1,2,42,2,3,"Nonmatching",1,552.231000329812,2,21,"f","R"
18,1,2,43,2,2,"Matching",1,538.245613252457,1,21,"f","R"
18,1,2,44,1,2,"Nonmatching",0,270.107592788463,1,21,"f","R"
18,1,2,45,1,1,"Matching",1,411.489101398274,1,21,"f","R"
18,1,2,46,1,1,"Matching",1,275.512430398976,1,21,"f","R"
18,1,2,47,2,2,"Matching",0,425.507087741607,2,21,"f","R"
18,1,2,48,1,2,"Nonmatching",3,1072.77276391369,2,21,"f","R"
18,1,2,49,1,3,"Nonmatching",1,742.860643083532,2,21,"f","R"
18,1,2,50,3,3,"Matching",0,336.731437702838,2,21,"f","R"
18,1,2,51,3,2,"Nonmatching",1,412.883021876496,2,21,"f","R"
18,1,2,52,3,3,"Matching",1,444.257099060906,1,21,"f","R"
18,1,2,53,3,3,"Matching",1,283.577126661385,1,21,"f","R"
18,1,2,54,3,2,"Nonmatching",1,369.476495141043,2,21,"f","R"
18,1,2,55,2,3,"Nonmatching",0,282.144268170669,1,21,"f","R"
18,1,2,56,1,1,"Matching",1,392.877636960748,1,21,"f","R"
18,1,2,57,2,1,"Nonmatching",1,834.231556931627,2,21,"f","R"
18,1,2,58,3,3,"Matching",1,408.351723864143,1,21,"f","R"
18,1,2,59,3,3,"Matching",1,313.600145365399,1,21,"f","R"
18,1,2,60,3,1,"Nonmatching",1,348.292103428321,2,21,"f","R"
18,1,3,1,1,3,"Nonmatching",1,481.506892145717,2,21,"f","R"
18,1,3,2,3,3,"Matching",1,384.190838033192,1,21,"f","R"
18,1,3,3,3,2,"Nonmatching",1,280.840901209558,2,21,"f","R"
18,1,3,4,3,2,"Nonmatching",1,301.540227913847,2,21,"f","R"
18,1,3,5,2,2,"Matching",1,594.179313589393,1,21,"f","R"
18,1,3,6,2,3,"Nonmatching",1,347.587898907477,2,21,"f","R"
18,1,3,7,1,3,"Nonmatching",1,310.221291784728,2,21,"f","R"
18,1,3,8,3,3,"Matching",0,314.616155831118,2,21,"f","R"
18,1,3,9,2,2,"Matching",1,415.493377939129,1,21,"f","R"
18,1,3,10,2,2,"Matching",1,295.653041901005,1,21,"f","R"
18,1,3,11,2,2,"Matching",1,275.649468055235,1,21,"f","R"
18,1,3,12,3,3,"Matching",1,328.117685279722,1,21,"f","R"
18,1,3,13,2,1,"Nonmatching",0,332.195008325016,1,21,"f","R"
18,1,3,14,3,3,"Matching",1,503.469440418485,1,21,"f","R"
18,1,3,15,2,1,"Nonmatching",0,314.912869523141,1,21,"f","R"
18,1,3,16,1,1,"Matching",1,360.1648769436,1,21,"f","R"
18,1,3,17,2,2,"Matching",0,418.87826842003,2,21,"f","R"
18,1,3,18,2,2,"Matching",1,730.892184685217,1,21,"f","R"
18,1,3,19,3,3,"Matching",1,206.248648606106,1,21,"f","R"
18,1,3,20,1,2,"Nonmatching",0,429.491140663231,1,21,"f","R"
18,1,3,21,3,1,"Nonmatching",0,372.873459425136,1,21,"f","R"
18,1,3,22,2,2,"Matching",1,487.512099576634,1,21,"f","R"
18,1,3,23,1,1,"Matching",1,459.473712129693,1,21,"f","R"
18,1,3,24,2,1,"Nonmatching",1,386.127475926514,2,21,"f","R"
18,1,3,25,3,3,"Matching",1,426.157261996195,1,21,"f","R"
18,1,3,26,1,1,"Matching",1,498.887734281197,1,21,"f","R"
18,1,3,27,2,2,"Matching",0,399.477177310928,2,21,"f","R"
18,1,3,28,3,3,"Matching",1,377.463013533543,1,21,"f","R"
18,1,3,29,3,3,"Matching",1,210.882573938306,1,21,"f","R"
18,1,3,30,2,3,"Nonmatching",1,522.175684204285,2,21,"f","R"
18,1,3,31,3,2,"Nonmatching",0,326.199459935651,1,21,"f","R"
18,1,3,32,2,3,"Nonmatching",1,625.535280069926,2,21,"f","R"
18,1,3,33,1,1,"Matching",1,313.464315089277,1,21,"f","R"
18,1,3,34,2,1,"Nonmatching",1,357.627265540486,2,21,"f","R"
18,1,3,35,3,1,"Nonmatching",1,543.632038314172,2,21,"f","R"
18,1,3,36,1,2,"Nonmatching",0,298.24770202049,1,21,"f","R"
18,1,3,37,1,1,"Matching",1,440.278177504752,1,21,"f","R"
18,1,3,38,2,2,"Matching",1,567.670978741262,1,21,"f","R"
18,1,3,39,3,3,"Matching",1,409.430518101544,1,21,"f","R"
18,1,3,40,1,1,"Matching",1,313.554868606388,1,21,"f","R"
18,1,3,41,2,1,"Nonmatching",1,422.252896169994,2,21,"f","R"
18,1,3,42,3,1,"Nonmatching",1,341.49243980437,2,21,"f","R"
18,1,3,43,3,1,"Nonmatching",1,288.263874878339,2,21,"f","R"
18,1,3,44,1,1,"Matching",1,468.23114280005,1,21,"f","R"
18,1,3,45,3,2,"Nonmatching",1,290.857327617687,2,21,"f","R"
18,1,3,46,1,2,"Nonmatching",1,625.049007681355,2,21,"f","R"
18,1,3,47,1,3,"Nonmatching",1,752.838735169462,2,21,"f","R"
18,1,3,48,2,2,"Matching",1,370.910259166976,1,21,"f","R"
18,1,3,49,3,1,"Nonmatching",1,493.739766815452,2,21,"f","R"
18,1,3,50,1,2,"Nonmatching",0,320.976634895487,1,21,"f","R"
18,1,3,51,1,1,"Matching",0,380.817719509196,2,21,"f","R"
18,1,3,52,1,1,"Matching",1,270.876693996343,1,21,"f","R"
18,1,3,53,1,3,"Nonmatching",1,452.251163579604,2,21,"f","R"
18,1,3,54,2,3,"Nonmatching",1,497.492304577918,2,21,"f","R"
18,1,3,55,1,1,"Matching",1,317.786736321523,1,21,"f","R"
18,1,3,56,2,3,"Nonmatching",1,458.833196916203,2,21,"f","R"
18,1,3,57,3,2,"Nonmatching",1,656.337360868747,2,21,"f","R"
18,1,3,58,1,3,"Nonmatching",1,472.191048117566,2,21,"f","R"
18,1,3,59,3,3,"Matching",0,325.513366118685,2,21,"f","R"
18,1,3,60,1,2,"Nonmatching",1,376.247483484349,2,21,"f","R"
18,1,4,1,3,2,"Nonmatching",1,577.523805128294,2,21,"f","R"
18,1,4,2,2,2,"Matching",1,434.172455669341,1,21,"f","R"
18,1,4,3,2,3,"Nonmatching",0,297.592698243989,1,21,"f","R"
18,1,4,4,1,1,"Matching",1,350.332877866094,1,21,"f","R"
18,1,4,5,2,1,"Nonmatching",0,320.30140750021,1,21,"f","R"
18,1,4,6,3,3,"Matching",1,531.630678804049,1,21,"f","R"
18,1,4,7,3,3,"Matching",0,606.799455468263,2,21,"f","R"
18,1,4,8,3,2,"Nonmatching",1,430.812920172684,2,21,"f","R"
18,1,4,9,1,1,"Matching",1,308.830389757532,1,21,"f","R"
18,1,4,10,1,3,"Nonmatching",1,488.890324112162,2,21,"f","R"
18,1,4,11,3,3,"Matching",1,270.130834858264,1,21,"f","R"
18,1,4,12,3,1,"Nonmatching",1,370.832383141988,2,21,"f","R"
18,1,4,13,1,3,"Nonmatching",1,468.142400353372,2,21,"f","R"
18,1,4,14,2,1,"Nonmatching",1,762.132242663483,2,21,"f","R"
18,1,4,15,3,3,"Matching",1,403.577742425114,1,21,"f","R"
18,1,4,16,1,1,"Matching",1,371.593334533827,1,21,"f","R"
18,1,4,17,2,2,"Matching",1,382.937879197016,1,21,"f","R"
18,1,4,18,1,2,"Nonmatching",1,408.238833812447,2,21,"f","R"
18,1,4,19,2,2,"Matching",1,816.87516424563,1,21,"f","R"
18,1,4,20,2,3,"Nonmatching",1,272.293856544366,2,21,"f","R"
18,1,4,21,1,1,"Matching",1,332.880196606311,1,21,"f","R"
18,1,4,22,2,2,"Matching",1,486.973306147775,1,21,"f","R"
18,1,4,23,3,1,"Nonmatching",1,395.488898558142,2,21,"f","R"
18,1,4,24,3,3,"Matching",0,300.271874979899,2,21,"f","R"
18,1,4,25,2,2,"Matching",1,352.140627919198,1,21,"f","R"
18,1,4,26,1,2,"Nonmatching",1,410.134420777013,2,21,"f","R"
18,1,4,27,2,3,"Nonmatching",0,394.26612422767,1,21,"f","R"
18,1,4,28,2,2,"Matching",1,410.15011672016,1,21,"f","R"
18,1,4,29,3,1,"Nonmatching",1,434.354166394314,2,21,"f","R"
18,1,4,30,1,2,"Nonmatching",1,368.167996814009,2,21,"f","R"
18,1,4,31,3,3,"Matching",1,648.87212889198,1,21,"f","R"
18,1,4,32,1,1,"Matching",1,392.20210772055,1,21,"f","R"
18,1,4,33,1,1,"Matching",1,256.819165950674,1,21,"f","R"
18,1,4,34,1,3,"Nonmatching",1,343.53713822793,2,21,"f","R"
18,1,4,35,1,1,"Matching",1,505.53074032041,1,21,"f","R"
18,1,4,36,3,3,"Matching",1,348.797693900451,1,21,"f","R"
18,1,4,37,1,2,"Nonmatching",1,471.588867226274,2,21,"f","R"
18,1,4,38,2,2,"Matching",1,548.765215372441,1,21,"f","R"
18,1,4,39,2,2,"Matching",1,255.61510601392,1,21,"f","R"
18,1,4,40,3,3,"Matching",0,373.613281662529,2,21,"f","R"
18,1,4,41,3,2,"Nonmatching",1,529.132910948192,2,21,"f","R"
18,1,4,42,3,1,"Nonmatching",1,460.254887139854,2,21,"f","R"
18,1,4,43,3,2,"Nonmatching",1,330.249616925357,2,21,"f","R"
18,1,4,44,1,1,"Matching",1,413.551004989586,1,21,"f","R"
18,1,4,45,2,1,"Nonmatching",1,444.788648207577,2,21,"f","R"
18,1,4,46,2,1,"Nonmatching",1,396.210006401816,2,21,"f","R"
18,1,4,47,2,2,"Matching",0,252.262814798542,2,21,"f","R"
18,1,4,48,2,2,"Matching",1,306.778145207318,1,21,"f","R"
18,1,4,49,1,1,"Matching",0,350.944717798939,2,21,"f","R"
18,1,4,50,3,2,"Nonmatching",1,506.009466582327,2,21,"f","R"
18,1,4,51,3,3,"Matching",1,302.288199967734,1,21,"f","R"
18,1,4,52,1,1,"Matching",1,451.135846089528,1,21,"f","R"
18,1,4,53,2,3,"Nonmatching",1,418.173158364425,2,21,"f","R"
18,1,4,54,1,2,"Nonmatching",0,434.178492570481,1,21,"f","R"
18,1,4,55,3,1,"Nonmatching",1,843.450810541526,2,21,"f","R"
18,1,4,56,2,3,"Nonmatching",1,754.219374465265,2,21,"f","R"
18,1,4,57,1,3,"Nonmatching",1,380.185957802496,2,21,"f","R"
18,1,4,58,3,3,"Matching",0,292.103344017505,2,21,"f","R"
18,1,4,59,1,3,"Nonmatching",1,329.102002014679,2,21,"f","R"
18,1,4,60,2,1,"Nonmatching",1,418.851404210272,2,21,"f","R"
18,2,1,1,1,3,"Nonmatching",1,452.813502816753,2,21,"f","R"
18,2,1,2,2,2,"Matching",1,434.180003690017,1,21,"f","R"
18,2,1,3,2,2,"Matching",1,273.425475561453,1,21,"f","R"
18,2,1,4,3,1,"Nonmatching",1,302.193724359313,2,21,"f","R"
18,2,1,5,1,3,"Nonmatching",1,386.880279395882,2,21,"f","R"
18,2,1,6,1,1,"Matching",1,362.886313881972,1,21,"f","R"
18,2,1,7,2,3,"Nonmatching",1,275.497943730443,2,21,"f","R"
18,2,1,8,2,2,"Matching",1,378.163597807543,1,21,"f","R"
18,2,1,9,1,3,"Nonmatching",1,354.771511340005,2,21,"f","R"
18,2,1,10,3,1,"Nonmatching",1,332.225194724742,2,21,"f","R"
18,2,1,11,2,1,"Nonmatching",1,310.890786017808,2,21,"f","R"
18,2,1,12,3,3,"Matching",0,274.173447614885,2,21,"f","R"
18,2,1,13,2,3,"Nonmatching",1,455.510488411164,2,21,"f","R"
18,2,1,14,3,3,"Matching",0,285.492335449817,2,21,"f","R"
18,2,1,15,2,2,"Matching",1,354.862970392787,1,21,"f","R"
18,2,1,16,3,1,"Nonmatching",1,420.13454944663,2,21,"f","R"
18,2,1,17,2,3,"Nonmatching",1,428.152157879595,2,21,"f","R"
18,2,1,18,3,3,"Matching",1,251.462323599299,1,21,"f","R"
18,2,1,19,3,3,"Matching",1,250.16559723008,1,21,"f","R"
18,2,1,20,1,1,"Matching",0,286.847016070169,2,21,"f","R"
18,2,1,21,1,1,"Matching",1,206.103764872751,1,21,"f","R"
18,2,1,22,3,2,"Nonmatching",1,461.448686239237,2,21,"f","R"
18,2,1,23,2,2,"Matching",1,204.915099034224,1,21,"f","R"
18,2,1,24,1,1,"Matching",0,259.553280380715,2,21,"f","R"
18,2,1,25,2,3,"Nonmatching",1,498.773035054,2,21,"f","R"
18,2,1,26,3,2,"Nonmatching",1,639.464525860603,2,21,"f","R"
18,2,1,27,3,3,"Matching",1,230.320793883948,1,21,"f","R"
18,2,1,28,1,1,"Matching",1,278.159915297692,1,21,"f","R"
18,2,1,29,3,1,"Nonmatching",1,362.995883638177,2,21,"f","R"
18,2,1,30,1,1,"Matching",1,203.455678178216,1,21,"f","R"
18,2,1,31,2,2,"Matching",1,404.169964323955,1,21,"f","R"
18,2,1,32,3,3,"Matching",0,334.180547011783,2,21,"f","R"
18,2,1,33,1,1,"Matching",1,282.201922471359,1,21,"f","R"
18,2,1,34,1,3,"Nonmatching",0,222.772252671348,1,21,"f","R"
18,2,1,35,2,1,"Nonmatching",0,300.135744752879,1,21,"f","R"
18,2,1,36,2,2,"Matching",1,401.582548485749,1,21,"f","R"
18,2,1,37,2,1,"Nonmatching",1,482.093378987884,2,21,"f","R"
18,2,1,38,3,3,"Matching",1,368.201805355056,1,21,"f","R"
18,2,1,39,1,2,"Nonmatching",1,561.504889788921,2,21,"f","R"
18,2,1,40,1,3,"Nonmatching",1,395.456301186641,2,21,"f","R"
18,2,1,41,1,2,"Nonmatching",1,300.353676885607,2,21,"f","R"
18,2,1,42,2,3,"Nonmatching",1,472.818887732501,2,21,"f","R"
18,2,1,43,3,2,"Nonmatching",1,389.471921063887,2,21,"f","R"
18,2,1,44,1,1,"Matching",1,262.091797319954,1,21,"f","R"
18,2,1,45,1,2,"Nonmatching",1,332.129811687082,2,21,"f","R"
18,2,1,46,2,2,"Matching",0,317.639135982063,2,21,"f","R"
18,2,1,47,2,1,"Nonmatching",1,314.310690526327,2,21,"f","R"
18,2,1,48,3,3,"Matching",0,333.44283768929,2,21,"f","R"
18,2,1,49,3,2,"Nonmatching",1,281.504660386418,2,21,"f","R"
18,2,1,50,1,1,"Matching",1,302.122790771136,1,21,"f","R"
18,2,1,51,1,2,"Nonmatching",1,458.857950105994,2,21,"f","R"
18,2,1,52,3,1,"Nonmatching",0,265.504155701819,1,21,"f","R"
18,2,1,53,3,2,"Nonmatching",1,536.857429724478,2,21,"f","R"
18,2,1,54,3,3,"Matching",1,348.223888339817,1,21,"f","R"
18,2,1,55,2,2,"Matching",0,295.709186975728,2,21,"f","R"
18,2,1,56,1,2,"Nonmatching",1,461.53471208072,2,21,"f","R"
18,2,1,57,1,1,"Matching",1,377.612126886561,1,21,"f","R"
18,2,1,58,3,3,"Matching",1,338.198708424898,1,21,"f","R"
18,2,1,59,2,1,"Nonmatching",0,365.528061830446,1,21,"f","R"
18,2,1,60,2,2,"Matching",1,358.840382723429,1,21,"f","R"
18,2,2,1,1,1,"Matching",1,344.87853956125,1,21,"f","R"
18,2,2,2,2,3,"Nonmatching",0,298.846866355234,1,21,"f","R"
18,2,2,3,2,2,"Matching",1,462.8266089303,1,21,"f","R"
18,2,2,4,2,2,"Matching",0,572.797215258106,2,21,"f","R"
18,2,2,5,2,1,"Nonmatching",1,420.817926657946,2,21,"f","R"
18,2,2,6,2,2,"Matching",1,276.789840579113,1,21,"f","R"
18,2,2,7,3,2,"Nonmatching",1,346.203941210661,2,21,"f","R"
18,2,2,8,2,2,"Matching",1,428.847005203352,1,21,"f","R"
18,2,2,9,1,2,"Nonmatching",1,564.826694652766,2,21,"f","R"
18,2,2,10,2,1,"Nonmatching",0,213.476028571677,1,21,"f","R"
18,2,2,11,1,1,"Matching",1,294.320397863885,1,21,"f","R"
18,2,2,12,2,3,"Nonmatching",3,1018.81916905313,2,21,"f","R"
18,2,2,13,1,3,"Nonmatching",1,434.134123241165,2,21,"f","R"
18,2,2,14,3,3,"Matching",1,368.231084325998,1,21,"f","R"
18,2,2,15,3,3,"Matching",1,353.425584225988,1,21,"f","R"
18,2,2,16,2,2,"Matching",1,371.586695837323,1,21,"f","R"
18,2,2,17,1,3,"Nonmatching",0,268.213215098513,1,21,"f","R"
18,2,2,18,3,3,"Matching",1,387.529246270788,1,21,"f","R"
18,2,2,19,2,2,"Matching",1,364.0982217903,1,21,"f","R"
18,2,2,20,1,1,"Matching",1,207.526058787153,1,21,"f","R"
18,2,2,21,3,2,"Nonmatching",1,398.873489089056,2,21,"f","R"
18,2,2,22,1,2,"Nonmatching",1,302.863518543745,2,21,"f","R"
18,2,2,23,1,2,"Nonmatching",1,402.145791364092,2,21,"f","R"
18,2,2,24,2,2,"Matching",0,280.842110484627,2,21,"f","R"
18,2,2,25,1,1,"Matching",1,326.194934154046,1,21,"f","R"
18,2,2,26,1,1,"Matching",0,336.737174653535,2,21,"f","R"
18,2,2,27,3,1,"Nonmatching",1,453.470921353983,2,21,"f","R"
18,2,2,28,1,3,"Nonmatching",1,370.219035879018,2,21,"f","R"
18,2,2,29,2,3,"Nonmatching",0,356.225498984713,1,21,"f","R"
18,2,2,30,3,2,"Nonmatching",1,367.465303414065,2,21,"f","R"
18,2,2,31,1,1,"Matching",1,354.882892166643,1,21,"f","R"
18,2,2,32,2,1,"Nonmatching",1,389.527460555655,2,21,"f","R"
18,2,2,33,2,2,"Matching",1,405.030222739697,1,21,"f","R"
18,2,2,34,3,1,"Nonmatching",1,326.217874378926,2,21,"f","R"
18,2,2,35,3,3,"Matching",1,427.435577712458,1,21,"f","R"
18,2,2,36,2,2,"Matching",1,388.263031606584,1,21,"f","R"
18,2,2,37,3,2,"Nonmatching",1,294.126009646789,2,21,"f","R"
18,2,2,38,1,1,"Matching",1,259.538188128317,1,21,"f","R"
18,2,2,39,1,3,"Nonmatching",1,322.34459859319,2,21,"f","R"
18,2,2,40,1,1,"Matching",1,366.103680355991,1,21,"f","R"
18,2,2,41,2,3,"Nonmatching",1,512.099494369068,2,21,"f","R"
18,2,2,42,3,3,"Matching",1,476.966540676585,1,21,"f","R"
18,2,2,43,2,1,"Nonmatching",1,394.818200733425,2,21,"f","R"
18,2,2,44,1,3,"Nonmatching",1,370.923844088793,2,21,"f","R"
18,2,2,45,2,2,"Matching",1,237.49444353507,1,21,"f","R"
18,2,2,46,1,2,"Nonmatching",1,332.84790108064,2,21,"f","R"
18,2,2,47,3,2,"Nonmatching",1,312.384919056058,2,21,"f","R"
18,2,2,48,3,1,"Nonmatching",0,324.190682968947,1,21,"f","R"
18,2,2,49,3,1,"Nonmatching",1,343.516614659165,2,21,"f","R"
18,2,2,50,3,1,"Nonmatching",1,250.110057738311,2,21,"f","R"
18,2,2,51,3,3,"Matching",1,568.086319435679,1,21,"f","R"
18,2,2,52,2,3,"Nonmatching",1,328.778727851386,2,21,"f","R"
18,2,2,53,3,3,"Matching",0,292.135643333495,2,21,"f","R"
18,2,2,54,3,3,"Matching",0,273.480713207391,2,21,"f","R"
18,2,2,55,1,1,"Matching",1,294.852550700853,1,21,"f","R"
18,2,2,56,3,3,"Matching",1,419.476527219558,1,21,"f","R"
18,2,2,57,3,3,"Matching",1,292.218650723953,1,21,"f","R"
18,2,2,58,1,1,"Matching",1,393.709825680162,1,21,"f","R"
18,2,2,59,2,1,"Nonmatching",0,330.20222914638,1,21,"f","R"
18,2,2,60,1,2,"Nonmatching",1,484.891784522006,2,21,"f","R"
18,2,3,1,3,2,"Nonmatching",1,397.45511916135,2,21,"f","R"
18,2,3,2,1,1,"Matching",1,373.47775512626,1,21,"f","R"
18,2,3,3,2,3,"Nonmatching",1,392.852887560366,2,21,"f","R"
18,2,3,4,3,1,"Nonmatching",1,449.541200542626,2,21,"f","R"
18,2,3,5,3,3,"Matching",1,288.80206651138,1,21,"f","R"
18,2,3,6,3,3,"Matching",1,286.214046983332,1,21,"f","R"
18,2,3,7,1,1,"Matching",1,315.547953419809,1,21,"f","R"
18,2,3,8,2,2,"Matching",1,385.085508680277,1,21,"f","R"
18,2,3,9,2,2,"Matching",1,330.104733191547,1,21,"f","R"
18,2,3,10,1,3,"Nonmatching",1,379.587702791468,2,21,"f","R"
18,2,3,11,3,2,"Nonmatching",1,547.475735178523,2,21,"f","R"
18,2,3,12,2,3,"Nonmatching",1,430.299483623457,2,21,"f","R"
18,2,3,13,2,2,"Matching",0,308.195309649818,2,21,"f","R"
18,2,3,14,3,3,"Matching",1,392.172226954244,1,21,"f","R"
18,2,3,15,2,2,"Matching",1,232.78807538918,1,21,"f","R"
18,2,3,16,2,1,"Nonmatching",0,342.803354786156,1,21,"f","R"
18,2,3,17,2,2,"Matching",1,410.832892135659,1,21,"f","R"
18,2,3,18,2,2,"Matching",1,322.785292378285,1,21,"f","R"
18,2,3,19,3,3,"Matching",1,367.492771313664,1,21,"f","R"
18,2,3,20,3,3,"Matching",1,393.414319368276,1,21,"f","R"
18,2,3,21,3,1,"Nonmatching",1,442.128489605238,2,21,"f","R"
18,2,3,22,1,3,"Nonmatching",1,352.180473360932,2,21,"f","R"
18,2,3,23,2,1,"Nonmatching",1,402.11138102768,2,21,"f","R"
18,2,3,24,2,1,"Nonmatching",1,298.127871426914,2,21,"f","R"
18,2,3,25,1,3,"Nonmatching",1,365.612880291337,2,21,"f","R"
18,2,3,26,3,1,"Nonmatching",1,366.885760901823,2,21,"f","R"
18,2,3,27,1,1,"Matching",1,718.915578363521,1,21,"f","R"
18,2,3,28,2,1,"Nonmatching",1,394.877966054992,2,21,"f","R"
18,2,3,29,3,1,"Nonmatching",1,274.848373165696,2,21,"f","R"
18,2,3,30,1,2,"Nonmatching",1,416.950989619181,2,21,"f","R"
18,2,3,31,1,1,"Matching",1,273.582434991113,1,21,"f","R"
18,2,3,32,3,2,"Nonmatching",1,390.227439244882,2,21,"f","R"
18,2,3,33,2,3,"Nonmatching",1,470.833954630507,2,21,"f","R"
18,2,3,34,2,2,"Matching",1,355.490506268325,1,21,"f","R"
18,2,3,35,1,2,"Nonmatching",1,470.145446053721,2,21,"f","R"
18,2,3,36,1,1,"Matching",0,298.130286187188,2,21,"f","R"
18,2,3,37,3,3,"Matching",0,344.145056069465,2,21,"f","R"
18,2,3,38,1,1,"Matching",1,450.770917308546,1,21,"f","R"
18,2,3,39,1,3,"Nonmatching",1,290.136221668035,2,21,"f","R"
18,2,3,40,3,3,"Matching",1,222.859485893423,1,21,"f","R"
18,2,3,41,3,2,"Nonmatching",1,342.123297869875,2,21,"f","R"
18,2,3,42,2,1,"Nonmatching",0,231.661589632495,1,21,"f","R"
18,2,3,43,1,1,"Matching",0,389.515084907543,2,21,"f","R"
18,2,3,44,1,1,"Matching",1,270.215051523337,1,21,"f","R"
18,2,3,45,1,2,"Nonmatching",0,227.61475293828,1,21,"f","R"
18,2,3,46,1,2,"Nonmatching",1,426.834302355928,2,21,"f","R"
18,2,3,47,3,3,"Matching",1,377.491992552677,1,21,"f","R"
18,2,3,48,2,2,"Matching",1,339.522902694625,1,21,"f","R"
18,2,3,49,3,1,"Nonmatching",1,334.805969971057,2,21,"f","R"
18,2,3,50,1,2,"Nonmatching",0,330.127673416428,1,21,"f","R"
18,2,3,51,3,3,"Matching",1,518.779929195262,1,21,"f","R"
18,2,3,52,2,3,"Nonmatching",0,322.768389054545,1,21,"f","R"
18,2,3,53,1,1,"Matching",1,351.608175131332,1,21,"f","R"
18,2,3,54,3,3,"Matching",1,338.742331374306,1,21,"f","R"
18,2,3,55,2,2,"Matching",1,309.533086946431,1,21,"f","R"
18,2,3,56,1,3,"Nonmatching",1,425.499845355262,2,21,"f","R"
18,2,3,57,3,2,"Nonmatching",1,584.226276538175,2,21,"f","R"
18,2,3,58,1,1,"Matching",1,503.583539744795,1,21,"f","R"
18,2,3,59,2,3,"Nonmatching",0,339.498151400221,1,21,"f","R"
18,2,3,60,2,2,"Matching",1,374.871977449402,1,21,"f","R"
18,2,4,1,3,3,"Matching",1,438.824493598986,1,21,"f","R"
18,2,4,2,2,2,"Matching",1,340.915615792255,1,21,"f","R"
18,2,4,3,2,3,"Nonmatching",1,400.844839163256,2,21,"f","R"
18,2,4,4,2,3,"Nonmatching",0,441.532043771076,1,21,"f","R"
18,2,4,5,2,1,"Nonmatching",0,297.591190913408,1,21,"f","R"
18,2,4,6,3,1,"Nonmatching",1,566.172319921861,2,21,"f","R"
18,2,4,7,1,1,"Matching",1,295.454127902303,1,21,"f","R"
18,2,4,8,3,3,"Matching",1,372.199441304474,1,21,"f","R"
18,2,4,9,1,3,"Nonmatching",1,326.256510546045,2,21,"f","R"
18,2,4,10,1,3,"Nonmatching",1,392.198789319082,2,21,"f","R"
18,2,4,11,1,1,"Matching",1,369.643719197484,1,21,"f","R"
18,2,4,12,3,3,"Matching",1,347.472294144609,1,21,"f","R"
18,2,4,13,3,3,"Matching",0,414.790080847524,2,21,"f","R"
18,2,4,14,3,3,"Matching",1,272.805183967648,1,21,"f","R"
18,2,4,15,3,1,"Nonmatching",1,334.840983999129,2,21,"f","R"
18,2,4,16,2,1,"Nonmatching",0,337.538875127393,1,21,"f","R"
18,2,4,17,2,3,"Nonmatching",1,582.219308746062,2,21,"f","R"
18,2,4,18,2,2,"Matching",1,246.837453618355,1,21,"f","R"
18,2,4,19,3,2,"Nonmatching",1,709.558079717681,2,21,"f","R"
18,2,4,20,1,3,"Nonmatching",1,402.116512394059,2,21,"f","R"
18,2,4,21,1,2,"Nonmatching",1,315.534370392925,2,21,"f","R"
18,2,4,22,2,2,"Matching",0,294.286591217315,2,21,"f","R"
18,2,4,23,2,2,"Matching",1,339.079794149256,1,21,"f","R"
18,2,4,24,3,2,"Nonmatching",1,430.22794634453,2,21,"f","R"
18,2,4,25,1,3,"Nonmatching",1,349.584304017299,2,21,"f","R"
18,2,4,26,1,1,"Matching",1,367.51872998866,1,21,"f","R"
18,2,4,27,1,2,"Nonmatching",0,298.209671437689,1,21,"f","R"
18,2,4,28,2,1,"Nonmatching",1,742.823216191027,2,21,"f","R"
18,2,4,29,2,2,"Matching",1,362.274473949583,1,21,"f","R"
18,2,4,30,1,1,"Matching",1,332.216139373486,1,21,"f","R"
18,2,4,31,2,2,"Matching",1,711.592515409393,1,21,"f","R"
18,2,4,32,2,2,"Matching",1,276.098615396222,1,21,"f","R"
18,2,4,33,3,3,"Matching",1,353.450939210234,1,21,"f","R"
18,2,4,34,2,3,"Nonmatching",0,387.484573201618,1,21,"f","R"
18,2,4,35,2,2,"Matching",1,333.539729953372,1,21,"f","R"
18,2,4,36,2,2,"Matching",1,248.213565238984,1,21,"f","R"
18,2,4,37,3,2,"Nonmatching",1,438.184582076246,2,21,"f","R"
18,2,4,38,1,1,"Matching",1,332.803831701312,1,21,"f","R"
18,2,4,39,3,3,"Matching",1,345.536561787412,1,21,"f","R"
18,2,4,40,1,2,"Nonmatching",1,419.43275968697,2,21,"f","R"
18,2,4,41,2,1,"Nonmatching",0,298.77714014674,1,21,"f","R"
18,2,4,42,1,1,"Matching",1,335.501722830486,1,21,"f","R"
18,2,4,43,1,1,"Matching",1,394.193079618162,1,21,"f","R"
18,2,4,44,3,2,"Nonmatching",1,427.530960751028,2,21,"f","R"
18,2,4,45,2,1,"Nonmatching",0,418.173160259357,1,21,"f","R"
18,2,4,46,1,1,"Matching",1,412.170669433181,1,21,"f","R"
18,2,4,47,2,3,"Nonmatching",1,517.466299501393,2,21,"f","R"
18,2,4,48,1,1,"Matching",1,416.772901034165,1,21,"f","R"
18,2,4,49,1,2,"Nonmatching",1,321.756604420443,2,21,"f","R"
18,2,4,50,3,2,"Nonmatching",1,308.837334087912,2,21,"f","R"
18,2,4,51,3,1,"Nonmatching",1,296.087398834061,2,21,"f","R"
18,2,4,52,3,3,"Matching",1,330.871721484073,1,21,"f","R"
18,2,4,53,3,1,"Nonmatching",1,318.850138355629,2,21,"f","R"
18,2,4,54,3,1,"Nonmatching",1,361.500543220245,2,21,"f","R"
18,2,4,55,2,2,"Matching",1,377.522478904211,1,21,"f","R"
18,2,4,56,1,2,"Nonmatching",1,331.390894983997,2,21,"f","R"
18,2,4,57,3,3,"Matching",1,436.816318427191,1,21,"f","R"
18,2,4,58,3,3,"Matching",1,578.857660334506,1,21,"f","R"
18,2,4,59,1,1,"Matching",1,405.687037585267,1,21,"f","R"
18,2,4,60,1,3,"Nonmatching",1,350.84873296455,2,21,"f","R"
19,1,1,1,2,2,"Matching",0,748.937197522991,2,20,"f","R"
19,1,1,2,3,3,"Matching",3,1089.59014943866,1,20,"f","R"
19,1,1,3,2,3,"Nonmatching",1,622.366637953292,2,20,"f","R"
19,1,1,4,2,1,"Nonmatching",1,668.894804790853,2,20,"f","R"
19,1,1,5,1,3,"Nonmatching",1,786.368615717038,2,20,"f","R"
19,1,1,6,1,1,"Matching",1,393.839806529286,1,20,"f","R"
19,1,1,7,3,3,"Matching",1,714.394848258053,1,20,"f","R"
19,1,1,8,1,2,"Nonmatching",1,621.666330784137,2,20,"f","R"
19,1,1,9,2,3,"Nonmatching",3,1018.91406323784,2,20,"f","R"
19,1,1,10,1,3,"Nonmatching",1,842.301424866946,2,20,"f","R"
19,1,1,11,3,1,"Nonmatching",0,407.67721210841,1,20,"f","R"
19,1,1,12,3,1,"Nonmatching",1,720.348062909579,2,20,"f","R"
19,1,1,13,1,2,"Nonmatching",1,554.398506759298,2,20,"f","R"
19,1,1,14,2,2,"Matching",0,541.668612819649,2,20,"f","R"
19,1,1,15,1,1,"Matching",1,742.968890044267,1,20,"f","R"
19,1,1,16,3,1,"Nonmatching",1,585.064414357475,2,20,"f","R"
19,1,1,17,3,2,"Nonmatching",1,896.295107613241,2,20,"f","R"
19,1,1,18,3,3,"Matching",1,355.622957622018,1,20,"f","R"
19,1,1,19,1,3,"Nonmatching",1,636.482958974284,2,20,"f","R"
19,1,1,20,1,1,"Matching",1,450.363650781128,1,20,"f","R"
19,1,1,21,3,1,"Nonmatching",1,568.322847021591,2,20,"f","R"
19,1,1,22,2,2,"Matching",0,440.326015307619,2,20,"f","R"
19,1,1,23,3,2,"Nonmatching",1,969.196782071776,2,20,"f","R"
19,1,1,24,1,1,"Matching",1,353.713715016056,1,20,"f","R"
19,1,1,25,3,2,"Nonmatching",1,634.25857814218,2,20,"f","R"
19,1,1,26,3,3,"Matching",1,273.028367857023,1,20,"f","R"
19,1,1,27,2,2,"Matching",0,669.599036094951,2,20,"f","R"
19,1,1,28,2,1,"Nonmatching",1,593.714717179864,2,20,"f","R"
19,1,1,29,3,3,"Matching",1,537.01217385742,1,20,"f","R"
19,1,1,30,3,2,"Nonmatching",1,842.293274740314,2,20,"f","R"
19,1,1,31,1,3,"Nonmatching",1,551.736735802933,2,20,"f","R"
19,1,1,32,2,1,"Nonmatching",0,872.332830020696,1,20,"f","R"
19,1,1,33,3,3,"Matching",0,743.009338821139,2,20,"f","R"
19,1,1,34,2,3,"Nonmatching",1,743.723229534226,2,20,"f","R"
19,1,1,35,2,3,"Nonmatching",1,600.990063469453,2,20,"f","R"
19,1,1,36,2,2,"Matching",1,950.356708080562,1,20,"f","R"
19,1,1,37,2,1,"Nonmatching",0,807.646181256587,1,20,"f","R"
19,1,1,38,1,1,"Matching",1,359.691681903769,1,20,"f","R"
19,1,1,39,3,1,"Nonmatching",1,665.164461688619,2,20,"f","R"
19,1,1,40,1,2,"Nonmatching",1,725.607309379029,2,20,"f","R"
19,1,1,41,1,3,"Nonmatching",1,631.634841110099,2,20,"f","R"
19,1,1,42,3,3,"Matching",1,453.715163927427,1,20,"f","R"
19,1,1,43,1,2,"Nonmatching",1,610.354257005838,2,20,"f","R"
19,1,1,44,1,1,"Matching",1,561.036935752782,1,20,"f","R"
19,1,1,45,3,3,"Matching",1,641.675193292031,1,20,"f","R"
19,1,1,46,1,1,"Matching",0,551.614182048525,2,20,"f","R"
19,1,1,47,2,1,"Nonmatching",1,559.712087405842,2,20,"f","R"
19,1,1,48,3,3,"Matching",1,528.351306055811,1,20,"f","R"
19,1,1,49,1,1,"Matching",1,378.607521885897,1,20,"f","R"
19,1,1,50,2,2,"Matching",1,226.327539079648,1,20,"f","R"
19,1,1,51,2,2,"Matching",1,567.687439007841,1,20,"f","R"
19,1,1,52,2,2,"Matching",1,288.309251403462,1,20,"f","R"
19,1,1,53,3,3,"Matching",1,732.291922422974,1,20,"f","R"
19,1,1,54,2,2,"Matching",1,629.696922133462,1,20,"f","R"
19,1,1,55,1,1,"Matching",1,404.280118624683,1,20,"f","R"
19,1,1,56,2,2,"Matching",1,467.75058739604,1,20,"f","R"
19,1,1,57,1,1,"Matching",1,383.61260515012,1,20,"f","R"
19,1,1,58,2,3,"Nonmatching",0,271.69567123974,1,20,"f","R"
19,1,1,59,3,2,"Nonmatching",0,395.661208882302,1,20,"f","R"
19,1,1,60,1,2,"Nonmatching",0,661.03566795573,1,20,"f","R"
19,1,2,1,1,1,"Matching",1,367.058188867759,1,20,"f","R"
19,1,2,2,1,3,"Nonmatching",1,489.099391078526,2,20,"f","R"
19,1,2,3,3,3,"Matching",1,562.984815995605,1,20,"f","R"
19,1,2,4,2,3,"Nonmatching",1,508.344254687472,2,20,"f","R"
19,1,2,5,1,3,"Nonmatching",1,366.373276382092,2,20,"f","R"
19,1,2,6,3,2,"Nonmatching",0,478.532299236122,1,20,"f","R"
19,1,2,7,3,3,"Matching",1,308.46511804566,1,20,"f","R"
19,1,2,8,2,3,"Nonmatching",1,559.646584536949,2,20,"f","R"
19,1,2,9,2,2,"Matching",1,496.464086903416,1,20,"f","R"
19,1,2,10,1,3,"Nonmatching",1,500.374034646029,2,20,"f","R"
19,1,2,11,3,2,"Nonmatching",1,758.959740169303,2,20,"f","R"
19,1,2,12,1,1,"Matching",1,472.407026358269,1,20,"f","R"
19,1,2,13,3,3,"Matching",0,684.977419302868,2,20,"f","R"
19,1,2,14,3,3,"Matching",1,336.995390634002,1,20,"f","R"
19,1,2,15,3,3,"Matching",1,450.943819048007,1,20,"f","R"
19,1,2,16,2,1,"Nonmatching",1,496.286897115169,2,20,"f","R"
19,1,2,17,3,1,"Nonmatching",1,662.415454192796,2,20,"f","R"
19,1,2,18,3,3,"Matching",1,634.95526303268,1,20,"f","R"
19,1,2,19,2,2,"Matching",1,417.684661927979,1,20,"f","R"
19,1,2,20,2,1,"Nonmatching",1,489.636695716399,2,20,"f","R"
19,1,2,21,1,1,"Matching",1,412.2886744467,1,20,"f","R"
19,1,2,22,1,1,"Matching",1,259.178586159578,1,20,"f","R"
19,1,2,23,1,2,"Nonmatching",1,376.355973965474,2,20,"f","R"
19,1,2,24,3,2,"Nonmatching",1,455.692927967448,2,20,"f","R"
19,1,2,25,2,2,"Matching",1,317.645179092779,1,20,"f","R"
19,1,2,26,3,3,"Matching",1,712.333469956775,1,20,"f","R"
19,1,2,27,2,3,"Nonmatching",1,603.062610462985,2,20,"f","R"
19,1,2,28,1,3,"Nonmatching",1,554.296781106132,2,20,"f","R"
19,1,2,29,3,3,"Matching",1,570.970430720081,1,20,"f","R"
19,1,2,30,2,1,"Nonmatching",1,804.438351822228,2,20,"f","R"
19,1,2,31,1,1,"Matching",1,490.891513346924,1,20,"f","R"
19,1,2,32,1,1,"Matching",1,311.027276343793,1,20,"f","R"
19,1,2,33,2,2,"Matching",1,602.495120170261,1,20,"f","R"
19,1,2,34,3,2,"Nonmatching",1,561.600501910107,2,20,"f","R"
19,1,2,35,3,3,"Matching",1,786.407253354355,1,20,"f","R"
19,1,2,36,2,2,"Matching",1,418.339992473193,1,20,"f","R"
19,1,2,37,1,1,"Matching",1,368.347116287168,1,20,"f","R"
19,1,2,38,3,2,"Nonmatching",1,889.02972258893,2,20,"f","R"
19,1,2,39,2,2,"Matching",1,444.336783134531,1,20,"f","R"
19,1,2,40,2,3,"Nonmatching",1,617.711406417584,2,20,"f","R"
19,1,2,41,1,2,"Nonmatching",1,607.636642589569,2,20,"f","R"
19,1,2,42,3,1,"Nonmatching",1,726.287392159975,2,20,"f","R"
19,1,2,43,3,3,"Matching",1,527.670317705088,1,20,"f","R"
19,1,2,44,1,2,"Nonmatching",0,410.364942727028,1,20,"f","R"
19,1,2,45,2,1,"Nonmatching",0,298.301306539088,1,20,"f","R"
19,1,2,46,2,2,"Matching",1,606.985236179753,1,20,"f","R"
19,1,2,47,1,2,"Nonmatching",1,486.271900882457,2,20,"f","R"
19,1,2,48,2,2,"Matching",1,834.294680184485,1,20,"f","R"
19,1,2,49,1,1,"Matching",0,496.337005300575,2,20,"f","R"
19,1,2,50,3,1,"Nonmatching",1,475.666775116679,2,20,"f","R"
19,1,2,51,3,1,"Nonmatching",1,663.046334358114,2,20,"f","R"
19,1,2,52,1,1,"Matching",1,483.697668322748,1,20,"f","R"
19,1,2,53,2,2,"Matching",1,518.967793701904,1,20,"f","R"
19,1,2,54,2,2,"Matching",1,322.541895859558,1,20,"f","R"
19,1,2,55,3,1,"Nonmatching",1,476.373723130109,2,20,"f","R"
19,1,2,56,2,3,"Nonmatching",1,703.703693378884,2,20,"f","R"
19,1,2,57,1,3,"Nonmatching",1,522.947470304644,2,20,"f","R"
19,1,2,58,2,1,"Nonmatching",1,588.635980920571,2,20,"f","R"
19,1,2,59,1,2,"Nonmatching",0,365.697721449123,1,20,"f","R"
19,1,2,60,1,1,"Matching",1,607.669846809131,1,20,"f","R"
19,1,3,1,2,3,"Nonmatching",1,940.250853029738,2,20,"f","R"
19,1,3,2,2,1,"Nonmatching",0,485.609023924098,1,20,"f","R"
19,1,3,3,2,3,"Nonmatching",0,737.718397414937,1,20,"f","R"
19,1,3,4,1,1,"Matching",1,404.945108579341,1,20,"f","R"
19,1,3,5,2,1,"Nonmatching",1,556.946175943722,2,20,"f","R"
19,1,3,6,2,2,"Matching",1,542.323943364408,1,20,"f","R"
19,1,3,7,1,1,"Matching",1,392.328410841401,1,20,"f","R"
19,1,3,8,3,1,"Nonmatching",1,585.021248872636,2,20,"f","R"
19,1,3,9,1,1,"Matching",0,376.358690674351,2,20,"f","R"
19,1,3,10,3,3,"Matching",1,687.736388064422,1,20,"f","R"
19,1,3,11,3,3,"Matching",1,492.353706419635,1,20,"f","R"
19,1,3,12,1,3,"Nonmatching",1,560.296481663954,2,20,"f","R"
19,1,3,13,3,1,"Nonmatching",1,658.353068898123,2,20,"f","R"
19,1,3,14,2,1,"Nonmatching",1,519.006129482477,2,20,"f","R"
19,1,3,15,2,3,"Nonmatching",1,737.61154019985,2,20,"f","R"
19,1,3,16,3,3,"Matching",1,451.210660227844,1,20,"f","R"
19,1,3,17,2,2,"Matching",1,560.925852546916,1,20,"f","R"
19,1,3,18,1,1,"Matching",1,458.394845843031,1,20,"f","R"
19,1,3,19,2,2,"Matching",1,631.638765245043,1,20,"f","R"
19,1,3,20,1,3,"Nonmatching",1,589.653237454968,2,20,"f","R"
19,1,3,21,1,1,"Matching",1,493.029865065637,1,20,"f","R"
19,1,3,22,3,3,"Matching",1,513.054725970051,1,20,"f","R"
19,1,3,23,1,2,"Nonmatching",1,556.282997129074,2,20,"f","R"
19,1,3,24,3,3,"Matching",1,604.283318304169,1,20,"f","R"
19,1,3,25,1,1,"Matching",1,396.24711242368,1,20,"f","R"
19,1,3,26,3,1,"Nonmatching",1,572.291053076242,2,20,"f","R"
19,1,3,27,1,2,"Nonmatching",1,532.934997592292,2,20,"f","R"
19,1,3,28,3,2,"Nonmatching",0,453.663848315955,1,20,"f","R"
19,1,3,29,1,1,"Matching",1,389.590270181088,1,20,"f","R"
19,1,3,30,1,3,"Nonmatching",1,606.387258377254,2,20,"f","R"
19,1,3,31,3,2,"Nonmatching",1,637.123800405334,2,20,"f","R"
19,1,3,32,2,2,"Matching",1,610.448436245406,1,20,"f","R"
19,1,3,33,3,3,"Matching",1,513.019106898355,1,20,"f","R"
19,1,3,34,2,1,"Nonmatching",1,708.922491072371,2,20,"f","R"
19,1,3,35,2,2,"Matching",1,575.59094875478,1,20,"f","R"
19,1,3,36,2,2,"Matching",1,328.288640638675,1,20,"f","R"
19,1,3,37,1,1,"Matching",0,578.962082576254,2,20,"f","R"
19,1,3,38,1,2,"Nonmatching",1,674.435381554304,2,20,"f","R"
19,1,3,39,3,2,"Nonmatching",1,862.937545261957,2,20,"f","R"
19,1,3,40,1,1,"Matching",1,435.631542421561,1,20,"f","R"
19,1,3,41,2,2,"Matching",1,506.259935289563,1,20,"f","R"
19,1,3,42,3,2,"Nonmatching",1,517.645058350354,2,20,"f","R"
19,1,3,43,1,2,"Nonmatching",1,792.337526908796,2,20,"f","R"
19,1,3,44,1,3,"Nonmatching",1,599.133645758229,2,20,"f","R"
19,1,3,45,3,2,"Nonmatching",1,581.648002054862,2,20,"f","R"
19,1,3,46,2,1,"Nonmatching",0,428.402078326144,1,20,"f","R"
19,1,3,47,3,3,"Matching",1,579.613187129326,1,20,"f","R"
19,1,3,48,3,3,"Matching",1,307.57856539185,1,20,"f","R"
19,1,3,49,1,2,"Nonmatching",1,527.672732557676,2,20,"f","R"
19,1,3,50,2,3,"Nonmatching",1,559.645678967172,2,20,"f","R"
19,1,3,51,3,1,"Nonmatching",1,622.25947888237,2,20,"f","R"
19,1,3,52,1,1,"Matching",1,411.670472255537,1,20,"f","R"
19,1,3,53,2,3,"Nonmatching",1,571.001220087055,2,20,"f","R"
19,1,3,54,2,2,"Matching",1,697.566044382711,1,20,"f","R"
19,1,3,55,2,2,"Matching",1,277.675751123297,1,20,"f","R"
19,1,3,56,2,2,"Matching",1,306.350612993356,1,20,"f","R"
19,1,3,57,1,3,"Nonmatching",1,462.409537804433,2,20,"f","R"
19,1,3,58,3,3,"Matching",1,570.995182956267,1,20,"f","R"
19,1,3,59,3,3,"Matching",1,780.357444610672,1,20,"f","R"
19,1,3,60,3,1,"Nonmatching",1,477.761357637064,2,20,"f","R"
19,1,4,1,3,1,"Nonmatching",1,595.706366620561,2,20,"f","R"
19,1,4,2,3,3,"Matching",1,610.93351970294,1,20,"f","R"
19,1,4,3,2,2,"Matching",1,459.609818410627,1,20,"f","R"
19,1,4,4,3,3,"Matching",1,521.096787867009,1,20,"f","R"
19,1,4,5,2,3,"Nonmatching",1,580.317720290168,2,20,"f","R"
19,1,4,6,3,3,"Matching",1,540.379987256983,1,20,"f","R"
19,1,4,7,2,2,"Matching",1,422.39241650168,1,20,"f","R"
19,1,4,8,1,1,"Matching",1,294.304725969596,1,20,"f","R"
19,1,4,9,1,2,"Nonmatching",1,618.377905654143,2,20,"f","R"
19,1,4,10,1,2,"Nonmatching",1,504.983987701053,2,20,"f","R"
19,1,4,11,3,1,"Nonmatching",1,580.402843834236,2,20,"f","R"
19,1,4,12,3,3,"Matching",1,531.648786882215,1,20,"f","R"
19,1,4,13,3,3,"Matching",1,582.250507705794,1,20,"f","R"
19,1,4,14,1,2,"Nonmatching",1,534.923024754789,2,20,"f","R"
19,1,4,15,3,1,"Nonmatching",0,376.286245104893,1,20,"f","R"
19,1,4,16,1,1,"Matching",1,369.58865223005,1,20,"f","R"
19,1,4,17,3,3,"Matching",1,459.084286177131,1,20,"f","R"
19,1,4,18,2,2,"Matching",1,568.97817756635,1,20,"f","R"
19,1,4,19,1,3,"Nonmatching",1,482.901068917727,2,20,"f","R"
19,1,4,20,3,3,"Matching",1,526.359052902535,1,20,"f","R"
19,1,4,21,3,3,"Matching",1,313.641052110142,1,20,"f","R"
19,1,4,22,3,1,"Nonmatching",1,652.959194412688,2,20,"f","R"
19,1,4,23,3,2,"Nonmatching",1,715.705207491737,2,20,"f","R"
19,1,4,24,2,3,"Nonmatching",1,638.456798878906,2,20,"f","R"
19,1,4,25,2,2,"Matching",1,355.653143275504,1,20,"f","R"
19,1,4,26,1,1,"Matching",1,413.644312160613,1,20,"f","R"
19,1,4,27,2,2,"Matching",1,461.397110974758,1,20,"f","R"
19,1,4,28,1,3,"Nonmatching",1,498.714125541028,2,20,"f","R"
19,1,4,29,1,1,"Matching",1,468.351885620905,1,20,"f","R"
19,1,4,30,3,3,"Matching",1,481.699981750808,1,20,"f","R"
19,1,4,31,2,2,"Matching",1,478.960633664883,1,20,"f","R"
19,1,4,32,1,3,"Nonmatching",1,596.345095056222,2,20,"f","R"
19,1,4,33,2,3,"Nonmatching",1,546.971930343716,2,20,"f","R"
19,1,4,34,2,2,"Matching",1,555.661474516455,1,20,"f","R"
19,1,4,35,3,2,"Nonmatching",0,421.59521338408,1,20,"f","R"
19,1,4,36,3,3,"Matching",1,605.046109776595,1,20,"f","R"
19,1,4,37,1,2,"Nonmatching",1,532.965183246688,2,20,"f","R"
19,1,4,38,2,2,"Matching",1,550.934401123868,1,20,"f","R"
19,1,4,39,2,3,"Nonmatching",1,521.032794281382,2,20,"f","R"
19,1,4,40,2,1,"Nonmatching",0,450.611474999278,1,20,"f","R"
19,1,4,41,3,2,"Nonmatching",1,656.99350704881,2,20,"f","R"
19,1,4,42,1,1,"Matching",1,373.622059296849,1,20,"f","R"
19,1,4,43,3,2,"Nonmatching",1,503.685400872655,2,20,"f","R"
19,1,4,44,2,2,"Matching",1,433.778746988537,1,20,"f","R"
19,1,4,45,3,2,"Nonmatching",1,528.347080064577,2,20,"f","R"
19,1,4,46,2,1,"Nonmatching",0,450.3180704437,1,20,"f","R"
19,1,4,47,1,1,"Matching",1,353.743900669997,1,20,"f","R"
19,1,4,48,1,1,"Matching",0,651.702263786319,2,20,"f","R"
19,1,4,49,1,3,"Nonmatching",1,489.004004411981,2,20,"f","R"
19,1,4,50,1,3,"Nonmatching",0,523.64324962582,1,20,"f","R"
19,1,4,51,2,1,"Nonmatching",1,599.047314788095,2,20,"f","R"
19,1,4,52,1,1,"Matching",1,436.444442079846,1,20,"f","R"
19,1,4,53,2,1,"Nonmatching",1,474.965260521913,2,20,"f","R"
19,1,4,54,3,1,"Nonmatching",1,558.940240236552,2,20,"f","R"
19,1,4,55,2,2,"Matching",1,552.420139006244,1,20,"f","R"
19,1,4,56,1,1,"Matching",1,506.26476499383,1,20,"f","R"
19,1,4,57,1,2,"Nonmatching",1,710.268771234041,2,20,"f","R"
19,1,4,58,1,1,"Matching",1,544.937115417724,1,20,"f","R"
19,1,4,59,2,3,"Nonmatching",1,675.585153108841,2,20,"f","R"
19,1,4,60,2,1,"Nonmatching",1,631.729925919444,2,20,"f","R"
19,2,1,1,3,2,"Nonmatching",1,733.163081343264,2,20,"f","R"
19,2,1,2,1,3,"Nonmatching",1,542.353828112027,2,20,"f","R"
19,2,1,3,3,1,"Nonmatching",1,503.112779970252,2,20,"f","R"
19,2,1,4,3,3,"Matching",1,610.508204790676,1,20,"f","R"
19,2,1,5,2,1,"Nonmatching",1,593.938091968994,2,20,"f","R"
19,2,1,6,1,1,"Matching",1,393.131953896955,1,20,"f","R"
19,2,1,7,2,2,"Matching",1,537.114806031241,1,20,"f","R"
19,2,1,8,1,1,"Matching",1,627.71493305172,1,20,"f","R"
19,2,1,9,3,1,"Nonmatching",1,474.483800293456,2,20,"f","R"
19,2,1,10,3,1,"Nonmatching",1,583.179623081378,2,20,"f","R"
19,2,1,11,2,3,"Nonmatching",1,503.176471699589,2,20,"f","R"
19,2,1,12,1,2,"Nonmatching",1,489.851316666318,2,20,"f","R"
19,2,1,13,1,1,"Matching",1,261.76157350983,1,20,"f","R"
19,2,1,14,3,2,"Nonmatching",1,595.80960250787,2,20,"f","R"
19,2,1,15,1,3,"Nonmatching",1,555.126283824393,2,20,"f","R"
19,2,1,16,2,2,"Matching",1,605.103463470186,1,20,"f","R"
19,2,1,17,2,3,"Nonmatching",1,540.629321708366,2,20,"f","R"
19,2,1,18,2,2,"Matching",1,478.535922465198,1,20,"f","R"
19,2,1,19,1,3,"Nonmatching",1,467.162269953405,2,20,"f","R"
19,2,1,20,2,2,"Matching",1,520.779839452189,1,20,"f","R"
19,2,1,21,1,1,"Matching",1,459.752597504121,1,20,"f","R"
19,2,1,22,2,2,"Matching",1,417.195957143122,1,20,"f","R"
19,2,1,23,1,1,"Matching",1,416.50561123879,1,20,"f","R"
19,2,1,24,1,1,"Matching",1,400.420581874641,1,20,"f","R"
19,2,1,25,2,1,"Nonmatching",1,472.375332372394,2,20,"f","R"
19,2,1,26,3,3,"Matching",1,485.144769518229,1,20,"f","R"
19,2,1,27,3,2,"Nonmatching",1,513.856759742339,2,20,"f","R"
19,2,1,28,3,1,"Nonmatching",1,563.912422088833,2,20,"f","R"
19,2,1,29,1,2,"Nonmatching",1,477.129270996556,2,20,"f","R"
19,2,1,30,2,1,"Nonmatching",1,569.143897756476,2,20,"f","R"
19,2,1,31,2,2,"Matching",1,384.430637320293,1,20,"f","R"
19,2,1,32,2,2,"Matching",1,609.149246654852,1,20,"f","R"
19,2,1,33,1,1,"Matching",1,409.114050182325,1,20,"f","R"
19,2,1,34,2,2,"Matching",1,609.125399987533,1,20,"f","R"
19,2,1,35,1,1,"Matching",0,425.285410516153,2,20,"f","R"
19,2,1,36,1,2,"Nonmatching",0,592.478917461449,1,20,"f","R"
19,2,1,37,1,3,"Nonmatching",1,593.785654416934,2,20,"f","R"
19,2,1,38,1,1,"Matching",1,409.724404103144,1,20,"f","R"
19,2,1,39,2,1,"Nonmatching",1,618.516760612692,2,20,"f","R"
19,2,1,40,2,3,"Nonmatching",1,576.481124636302,2,20,"f","R"
19,2,1,41,2,2,"Matching",1,520.440552702894,1,20,"f","R"
19,2,1,42,1,3,"Nonmatching",1,523.904960195068,2,20,"f","R"
19,2,1,43,3,2,"Nonmatching",1,629.822193546715,2,20,"f","R"
19,2,1,44,3,3,"Matching",1,395.155298274403,1,20,"f","R"
19,2,1,45,3,3,"Matching",1,459.213481725783,1,20,"f","R"
19,2,1,46,1,2,"Nonmatching",1,713.121316473007,2,20,"f","R"
19,2,1,47,3,3,"Matching",1,507.045970665786,1,20,"f","R"
19,2,1,48,1,2,"Nonmatching",1,600.419555562439,2,20,"f","R"
19,2,1,49,2,1,"Nonmatching",1,640.39622808923,2,20,"f","R"
19,2,1,50,3,3,"Matching",1,557.684216129928,1,20,"f","R"
19,2,1,51,2,3,"Nonmatching",1,511.793570302871,2,20,"f","R"
19,2,1,52,3,1,"Nonmatching",1,641.82521694238,2,20,"f","R"
19,2,1,53,3,3,"Matching",1,591.117846330235,1,20,"f","R"
19,2,1,54,3,2,"Nonmatching",1,455.795560141269,2,20,"f","R"
19,2,1,55,3,3,"Matching",1,645.71312915723,1,20,"f","R"
19,2,1,56,2,3,"Nonmatching",1,491.737920030573,2,20,"f","R"
19,2,1,57,3,3,"Matching",1,535.281933129227,1,20,"f","R"
19,2,1,58,3,3,"Matching",1,433.757316124684,1,20,"f","R"
19,2,1,59,2,2,"Matching",1,359.786465806792,1,20,"f","R"
19,2,1,60,1,1,"Matching",1,545.755751300931,1,20,"f","R"
19,2,2,1,2,1,"Nonmatching",1,582.462713803579,2,20,"f","R"
19,2,2,2,2,3,"Nonmatching",1,589.793299839585,2,20,"f","R"
19,2,2,3,1,3,"Nonmatching",1,453.795458716741,2,20,"f","R"
19,2,2,4,1,1,"Matching",1,426.46023616453,1,20,"f","R"
19,2,2,5,3,3,"Matching",1,409.772097435962,1,20,"f","R"
19,2,2,6,2,1,"Nonmatching",1,577.08121543601,2,20,"f","R"
19,2,2,7,1,1,"Matching",1,385.872606003431,1,20,"f","R"
19,2,2,8,2,2,"Matching",1,458.451293966391,1,20,"f","R"
19,2,2,9,3,3,"Matching",1,359.747224457351,1,20,"f","R"
19,2,2,10,3,2,"Nonmatching",1,585.747214798175,2,20,"f","R"
19,2,2,11,3,3,"Matching",1,618.447333608856,1,20,"f","R"
19,2,2,12,1,2,"Nonmatching",1,473.762061309571,2,20,"f","R"
19,2,2,13,1,2,"Nonmatching",1,414.430347537746,2,20,"f","R"
19,2,2,14,2,2,"Matching",1,421.127940412589,1,20,"f","R"
19,2,2,15,2,2,"Matching",1,365.069257087271,1,20,"f","R"
19,2,2,16,2,2,"Matching",1,326.413810628765,1,20,"f","R"
19,2,2,17,1,1,"Matching",1,497.180393419512,1,20,"f","R"
19,2,2,18,1,1,"Matching",1,541.142477823996,1,20,"f","R"
19,2,2,19,1,1,"Matching",1,343.136059145763,1,20,"f","R"
19,2,2,20,2,2,"Matching",1,658.465964193965,1,20,"f","R"
19,2,2,21,1,1,"Matching",1,457.074526293582,1,20,"f","R"
19,2,2,22,3,2,"Nonmatching",1,631.168473708385,2,20,"f","R"
19,2,2,23,2,2,"Matching",1,668.362028951378,1,20,"f","R"
19,2,2,24,3,1,"Nonmatching",0,809.060078233415,1,20,"f","R"
19,2,2,25,3,1,"Nonmatching",1,561.755958977301,2,20,"f","R"
19,2,2,26,2,3,"Nonmatching",1,634.472897235355,2,20,"f","R"
19,2,2,27,2,1,"Nonmatching",0,551.760885276053,1,20,"f","R"
19,2,2,28,2,1,"Nonmatching",1,747.05542481297,2,20,"f","R"
19,2,2,29,1,3,"Nonmatching",1,580.45748081804,2,20,"f","R"
19,2,2,30,3,2,"Nonmatching",1,620.482148534393,2,20,"f","R"
19,2,2,31,1,1,"Matching",1,498.472037547799,1,20,"f","R"
19,2,2,32,2,3,"Nonmatching",1,631.729625013577,2,20,"f","R"
19,2,2,33,1,2,"Nonmatching",1,517.889864952849,2,20,"f","R"
19,2,2,34,2,2,"Matching",1,479.595740771401,1,20,"f","R"
19,2,2,35,3,3,"Matching",1,573.087351574941,1,20,"f","R"
19,2,2,36,1,3,"Nonmatching",1,519.135325031129,2,20,"f","R"
19,2,2,37,3,1,"Nonmatching",1,673.190526140388,2,20,"f","R"
19,2,2,38,2,3,"Nonmatching",1,493.105933864172,2,20,"f","R"
19,2,2,39,1,3,"Nonmatching",1,416.496857399579,2,20,"f","R"
19,2,2,40,3,3,"Matching",0,470.4597507789,2,20,"f","R"
19,2,2,41,2,2,"Matching",1,508.499108042088,1,20,"f","R"
19,2,2,42,3,1,"Nonmatching",1,536.47245531738,2,20,"f","R"
19,2,2,43,3,3,"Matching",1,594.46905761979,1,20,"f","R"
19,2,2,44,3,3,"Matching",1,491.173750160669,1,20,"f","R"
19,2,2,45,3,1,"Nonmatching",1,463.830679337661,2,20,"f","R"
19,2,2,46,2,1,"Nonmatching",1,587.869568120368,2,20,"f","R"
19,2,2,47,2,3,"Nonmatching",1,451.95413383226,2,20,"f","R"
19,2,2,48,1,3,"Nonmatching",1,504.612403252395,2,20,"f","R"
19,2,2,49,3,2,"Nonmatching",1,571.842193354314,2,20,"f","R"
19,2,2,50,3,3,"Matching",1,483.139234676855,1,20,"f","R"
19,2,2,51,3,2,"Nonmatching",1,559.840679241461,2,20,"f","R"
19,2,2,52,1,1,"Matching",1,449.180374101161,1,20,"f","R"
19,2,2,53,3,3,"Matching",1,487.822538871114,1,20,"f","R"
19,2,2,54,2,2,"Matching",1,461.443295975187,1,20,"f","R"
19,2,2,55,1,1,"Matching",1,482.376745060719,1,20,"f","R"
19,2,2,56,2,2,"Matching",1,495.860676634038,1,20,"f","R"
19,2,2,57,1,2,"Nonmatching",1,509.127573354817,2,20,"f","R"
19,2,2,58,3,3,"Matching",1,432.488613093483,1,20,"f","R"
19,2,2,59,1,1,"Matching",1,399.733254536841,1,20,"f","R"
19,2,2,60,1,2,"Nonmatching",1,472.394047477792,2,20,"f","R"
19,2,3,1,2,2,"Matching",1,488.654757347831,1,20,"f","R"
19,2,3,2,1,2,"Nonmatching",1,485.146580657783,2,20,"f","R"
19,2,3,3,2,1,"Nonmatching",1,592.558305731473,2,20,"f","R"
19,2,3,4,2,1,"Nonmatching",1,440.460644274026,2,20,"f","R"
19,2,3,5,1,1,"Matching",1,318.543806957678,1,20,"f","R"
19,2,3,6,2,2,"Matching",1,457.903122492098,1,20,"f","R"
19,2,3,7,2,2,"Matching",1,416.405696724723,1,20,"f","R"
19,2,3,8,2,2,"Matching",1,368.396319853673,1,20,"f","R"
19,2,3,9,3,3,"Matching",1,474.422825272995,1,20,"f","R"
19,2,3,10,1,1,"Matching",0,432.56468094205,2,20,"f","R"
19,2,3,11,1,3,"Nonmatching",1,502.342743940062,2,20,"f","R"
19,2,3,12,3,3,"Matching",1,529.277101009939,1,20,"f","R"
19,2,3,13,2,3,"Nonmatching",1,588.440076977349,2,20,"f","R"
19,2,3,14,1,3,"Nonmatching",1,540.463904324497,2,20,"f","R"
19,2,3,15,1,2,"Nonmatching",1,582.485654899756,2,20,"f","R"
19,2,3,16,1,2,"Nonmatching",1,551.155964772988,2,20,"f","R"
19,2,3,17,2,2,"Matching",1,441.810546713896,1,20,"f","R"
19,2,3,18,3,2,"Nonmatching",1,424.383765036509,2,20,"f","R"
19,2,3,19,1,2,"Nonmatching",1,630.642337761856,2,20,"f","R"
19,2,3,20,3,3,"Matching",1,405.171803789926,1,20,"f","R"
19,2,3,21,3,2,"Nonmatching",1,541.781206259657,2,20,"f","R"
19,2,3,22,2,3,"Nonmatching",1,534.527593640632,2,20,"f","R"
19,2,3,23,2,2,"Matching",1,487.748584019755,1,20,"f","R"
19,2,3,24,2,3,"Nonmatching",1,532.50032512733,2,20,"f","R"
19,2,3,25,3,3,"Matching",1,523.817421799322,1,20,"f","R"
19,2,3,26,3,2,"Nonmatching",1,575.056965488329,2,20,"f","R"
19,2,3,27,1,1,"Matching",1,447.146464744037,1,20,"f","R"
19,2,3,28,3,1,"Nonmatching",1,437.847774077454,2,20,"f","R"
19,2,3,29,1,1,"Matching",1,451.220320587709,1,20,"f","R"
19,2,3,30,3,1,"Nonmatching",1,394.71156916261,2,20,"f","R"
19,2,3,31,3,1,"Nonmatching",1,481.756128016968,2,20,"f","R"
19,2,3,32,3,2,"Nonmatching",1,717.042432906965,2,20,"f","R"
19,2,3,33,2,1,"Nonmatching",1,519.844687895784,2,20,"f","R"
19,2,3,34,1,3,"Nonmatching",1,514.498808600365,2,20,"f","R"
19,2,3,35,3,2,"Nonmatching",1,821.805064999353,2,20,"f","R"
19,2,3,36,1,1,"Matching",1,611.907611702918,1,20,"f","R"
19,2,3,37,3,1,"Nonmatching",1,459.752899359955,2,20,"f","R"
19,2,3,38,2,1,"Nonmatching",1,479.811568196055,2,20,"f","R"
19,2,3,39,1,1,"Matching",1,691.964795405511,1,20,"f","R"
19,2,3,40,1,3,"Nonmatching",1,535.98254215558,2,20,"f","R"
19,2,3,41,1,1,"Matching",1,377.854390772882,1,20,"f","R"
19,2,3,42,3,3,"Matching",1,602.523193779234,1,20,"f","R"
19,2,3,43,3,3,"Matching",1,891.165056692444,1,20,"f","R"
19,2,3,44,3,3,"Matching",1,376.488188079747,1,20,"f","R"
19,2,3,45,2,3,"Nonmatching",1,569.182535393338,2,20,"f","R"
19,2,3,46,1,1,"Matching",1,481.826762447781,1,20,"f","R"
19,2,3,47,1,2,"Nonmatching",1,751.073437196283,2,20,"f","R"
19,2,3,48,2,2,"Matching",1,360.519977195509,1,20,"f","R"
19,2,3,49,3,3,"Matching",1,498.463585564423,1,20,"f","R"
19,2,3,50,1,1,"Matching",1,486.442752633593,1,20,"f","R"
19,2,3,51,2,1,"Nonmatching",1,451.734080415918,2,20,"f","R"
19,2,3,52,3,3,"Matching",1,441.161857013867,1,20,"f","R"
19,2,3,53,2,2,"Matching",1,448.462257395477,1,20,"f","R"
19,2,3,54,2,3,"Nonmatching",1,421.823116021187,2,20,"f","R"
19,2,3,55,3,1,"Nonmatching",1,571.812309556663,2,20,"f","R"
19,2,3,56,2,2,"Matching",1,443.718883750989,1,20,"f","R"
19,2,3,57,3,3,"Matching",1,530.411477881898,1,20,"f","R"
19,2,3,58,1,3,"Nonmatching",1,501.827172972298,2,20,"f","R"
19,2,3,59,2,2,"Matching",1,417.12320971692,1,20,"f","R"
19,2,3,60,1,1,"Matching",1,448.409734358393,1,20,"f","R"
19,2,4,1,3,3,"Matching",1,548.359867658291,1,20,"f","R"
19,2,4,2,1,1,"Matching",1,495.160369464429,1,20,"f","R"
19,2,4,3,3,1,"Nonmatching",1,524.601645085568,2,20,"f","R"
19,2,4,4,1,1,"Matching",1,366.454778598381,1,20,"f","R"
19,2,4,5,3,2,"Nonmatching",1,593.052746741705,2,20,"f","R"
19,2,4,6,1,1,"Matching",1,528.374549960063,1,20,"f","R"
19,2,4,7,1,2,"Nonmatching",1,451.731967420528,2,20,"f","R"
19,2,4,8,1,1,"Matching",1,401.777125158333,1,20,"f","R"
19,2,4,9,3,3,"Matching",1,458.537021223492,1,20,"f","R"
19,2,4,10,3,3,"Matching",1,473.121219878522,1,20,"f","R"
19,2,4,11,1,3,"Nonmatching",1,463.160557823358,2,20,"f","R"
19,2,4,12,1,2,"Nonmatching",1,475.738316066781,2,20,"f","R"
19,2,4,13,2,2,"Matching",1,639.79674100392,1,20,"f","R"
19,2,4,14,2,2,"Matching",1,399.770684746727,1,20,"f","R"
19,2,4,15,3,2,"Nonmatching",1,407.756299471657,2,20,"f","R"
19,2,4,16,2,2,"Matching",1,453.856131881366,1,20,"f","R"
19,2,4,17,3,3,"Matching",1,492.475355554234,1,20,"f","R"
19,2,4,18,3,3,"Matching",1,489.831394133944,1,20,"f","R"
19,2,4,19,1,1,"Matching",1,631.780035055272,1,20,"f","R"
19,2,4,20,1,1,"Matching",1,399.075810995782,1,20,"f","R"
19,2,4,21,1,3,"Nonmatching",1,543.822360171362,2,20,"f","R"
19,2,4,22,2,1,"Nonmatching",1,561.851949356424,2,20,"f","R"
19,2,4,23,1,1,"Matching",1,578.440173571835,1,20,"f","R"
19,2,4,24,1,2,"Nonmatching",1,466.470112910429,2,20,"f","R"
19,2,4,25,3,3,"Matching",1,591.151956119575,1,20,"f","R"
19,2,4,26,3,3,"Matching",1,399.882069809792,1,20,"f","R"
19,2,4,27,2,1,"Nonmatching",1,552.475379703537,2,20,"f","R"
19,2,4,28,3,2,"Nonmatching",1,595.198041160074,2,20,"f","R"
19,2,4,29,2,3,"Nonmatching",1,587.131830739054,2,20,"f","R"
19,2,4,30,2,2,"Matching",1,603.19422086377,1,20,"f","R"
19,2,4,31,1,1,"Matching",1,403.08838996134,1,20,"f","R"
19,2,4,32,2,2,"Matching",1,499.077863620187,1,20,"f","R"
19,2,4,33,1,1,"Matching",1,423.214674662631,1,20,"f","R"
19,2,4,34,3,1,"Nonmatching",1,485.853528670305,2,20,"f","R"
19,2,4,35,3,1,"Nonmatching",1,441.794548318285,2,20,"f","R"
19,2,4,36,3,1,"Nonmatching",1,397.719569568835,2,20,"f","R"
19,2,4,37,1,3,"Nonmatching",1,581.1091890846,2,20,"f","R"
19,2,4,38,2,1,"Nonmatching",1,422.464561164816,2,20,"f","R"
19,2,4,39,2,2,"Matching",1,444.509747881966,1,20,"f","R"
19,2,4,40,1,3,"Nonmatching",1,467.76719045647,2,20,"f","R"
19,2,4,41,3,2,"Nonmatching",1,480.40562186452,2,20,"f","R"
19,2,4,42,1,2,"Nonmatching",1,572.403948372084,2,20,"f","R"
19,2,4,43,2,3,"Nonmatching",1,588.363707272947,2,20,"f","R"
19,2,4,44,2,3,"Nonmatching",1,475.79114096061,2,20,"f","R"
19,2,4,45,2,2,"Matching",1,623.80377788304,1,20,"f","R"
19,2,4,46,2,1,"Nonmatching",1,479.061756554984,2,20,"f","R"
19,2,4,47,2,1,"Nonmatching",1,570.56745319187,2,20,"f","R"
19,2,4,48,3,3,"Matching",1,595.148536687702,1,20,"f","R"
19,2,4,49,1,2,"Nonmatching",1,763.184525231736,2,20,"f","R"
19,2,4,50,3,3,"Matching",1,724.397469323776,1,20,"f","R"
19,2,4,51,3,2,"Nonmatching",1,735.206650108921,2,20,"f","R"
19,2,4,52,2,2,"Matching",1,489.161876332219,1,20,"f","R"
19,2,4,53,3,1,"Nonmatching",3,1014.40674235619,2,20,"f","R"
19,2,4,54,1,3,"Nonmatching",1,925.712235662104,2,20,"f","R"
19,2,4,55,2,3,"Nonmatching",1,711.780771584927,2,20,"f","R"
19,2,4,56,1,1,"Matching",1,521.793171852551,1,20,"f","R"
19,2,4,57,2,2,"Matching",1,557.221470056902,1,20,"f","R"
19,2,4,58,3,3,"Matching",1,599.15024881866,1,20,"f","R"
19,2,4,59,2,3,"Nonmatching",1,551.766016837973,2,20,"f","R"
19,2,4,60,2,2,"Matching",1,433.268006675462,1,20,"f","R"
20,1,1,1,3,1,"Nonmatching",1,679.735699783578,2,20,"f","R"
20,1,1,2,2,2,"Matching",1,797.079295133756,1,20,"f","R"
20,1,1,3,2,2,"Matching",1,635.166377591645,1,20,"f","R"
20,1,1,4,2,2,"Matching",1,409.118068074577,1,20,"f","R"
20,1,1,5,2,1,"Nonmatching",1,536.479384903259,2,20,"f","R"
20,1,1,6,3,3,"Matching",0,466.396385841108,2,20,"f","R"
20,1,1,7,2,2,"Matching",0,840.442735762906,2,20,"f","R"
20,1,1,8,2,2,"Matching",1,617.123733152198,1,20,"f","R"
20,1,1,9,3,3,"Matching",1,776.62368017792,1,20,"f","R"
20,1,1,10,2,3,"Nonmatching",0,489.850857699707,1,20,"f","R"
20,1,1,11,3,3,"Matching",0,854.555926839453,2,20,"f","R"
20,1,1,12,1,1,"Matching",1,613.181300338226,1,20,"f","R"
20,1,1,13,1,1,"Matching",1,813.201886351408,1,20,"f","R"
20,1,1,14,3,3,"Matching",1,931.814147586124,1,20,"f","R"
20,1,1,15,1,1,"Matching",1,774.487504002707,1,20,"f","R"
20,1,1,16,3,3,"Matching",1,591.726267646607,1,20,"f","R"
20,1,1,17,1,1,"Matching",1,455.171575409054,1,20,"f","R"
20,1,1,18,1,1,"Matching",1,420.451241831074,1,20,"f","R"
20,1,1,19,2,1,"Nonmatching",1,626.680533192257,2,20,"f","R"
20,1,1,20,2,3,"Nonmatching",1,937.742134572829,2,20,"f","R"
20,1,1,21,1,2,"Nonmatching",0,444.435154556061,1,20,"f","R"
20,1,1,22,3,1,"Nonmatching",0,499.190327395581,1,20,"f","R"
20,1,1,23,1,3,"Nonmatching",1,663.713020154717,2,20,"f","R"
20,1,1,24,2,1,"Nonmatching",1,861.036295117742,2,20,"f","R"
20,1,1,25,2,2,"Matching",1,523.119303839053,1,20,"f","R"
20,1,1,26,2,1,"Nonmatching",1,755.721632473296,2,20,"f","R"
20,1,1,27,1,2,"Nonmatching",0,582.456222921849,1,20,"f","R"
20,1,1,28,2,3,"Nonmatching",1,687.299399458368,2,20,"f","R"
20,1,1,29,1,3,"Nonmatching",1,540.414271524696,2,20,"f","R"
20,1,1,30,3,1,"Nonmatching",1,589.769087157663,2,20,"f","R"
20,1,1,31,2,3,"Nonmatching",0,757.071193541492,1,20,"f","R"
20,1,1,32,3,2,"Nonmatching",1,619.823458983944,2,20,"f","R"
20,1,1,33,1,3,"Nonmatching",1,467.82050329125,2,20,"f","R"
20,1,1,34,1,1,"Matching",1,632.482347840323,1,20,"f","R"
20,1,1,35,3,3,"Matching",0,507.893502139098,2,20,"f","R"
20,1,1,36,2,2,"Matching",1,519.836408250285,1,20,"f","R"
20,1,1,37,1,1,"Matching",1,443.072614036794,1,20,"f","R"
20,1,1,38,1,1,"Matching",1,480.455244331608,1,20,"f","R"
20,1,1,39,2,2,"Matching",0,788.495048384107,2,20,"f","R"
20,1,1,40,3,3,"Matching",1,615.186474611448,1,20,"f","R"
20,1,1,41,3,1,"Nonmatching",0,807.148934416716,1,20,"f","R"
20,1,1,42,3,2,"Nonmatching",0,719.192325627318,1,20,"f","R"
20,1,1,43,3,2,"Nonmatching",1,506.390904286832,2,20,"f","R"
20,1,1,44,3,1,"Nonmatching",1,799.891308310009,2,20,"f","R"
20,1,1,45,1,1,"Matching",1,696.391655887624,1,20,"f","R"
20,1,1,46,1,1,"Matching",1,468.414237717809,1,20,"f","R"
20,1,1,47,1,3,"Nonmatching",1,841.248970970412,2,20,"f","R"
20,1,1,48,3,2,"Nonmatching",1,633.126188985102,2,20,"f","R"
20,1,1,49,2,1,"Nonmatching",1,599.20092224985,2,20,"f","R"
20,1,1,50,3,3,"Matching",1,713.153862382285,1,20,"f","R"
20,1,1,51,3,3,"Matching",1,529.874655372396,1,20,"f","R"
20,1,1,52,3,3,"Matching",1,418.413166158473,1,20,"f","R"
20,1,1,53,2,2,"Matching",1,673.135497968133,1,20,"f","R"
20,1,1,54,2,2,"Matching",1,590.456092523652,1,20,"f","R"
20,1,1,55,3,2,"Nonmatching",1,637.761664119012,2,20,"f","R"
20,1,1,56,1,3,"Nonmatching",1,628.533274376935,2,20,"f","R"
20,1,1,57,1,2,"Nonmatching",1,530.481972945438,2,20,"f","R"
20,1,1,58,2,3,"Nonmatching",1,435.834306182926,2,20,"f","R"
20,1,1,59,1,2,"Nonmatching",1,593.256635487307,2,20,"f","R"
20,1,1,60,1,2,"Nonmatching",1,465.14130310311,2,20,"f","R"
20,1,2,1,2,2,"Matching",1,631.077850490669,1,20,"f","R"
20,1,2,2,3,2,"Nonmatching",1,557.101317941999,2,20,"f","R"
20,1,2,3,2,2,"Matching",1,799.069678869728,1,20,"f","R"
20,1,2,4,3,2,"Nonmatching",1,685.85868038474,2,20,"f","R"
20,1,2,5,1,1,"Matching",0,683.085303714108,2,20,"f","R"
20,1,2,6,2,2,"Matching",1,473.070842190793,1,20,"f","R"
20,1,2,7,1,1,"Matching",1,621.177547767616,1,20,"f","R"
20,1,2,8,1,2,"Nonmatching",1,651.771321434353,2,20,"f","R"
20,1,2,9,2,1,"Nonmatching",1,778.59323642258,2,20,"f","R"
20,1,2,10,3,2,"Nonmatching",1,819.837706195415,2,20,"f","R"
20,1,2,11,1,2,"Nonmatching",1,772.412904758312,2,20,"f","R"
20,1,2,12,1,2,"Nonmatching",1,471.151694512059,2,20,"f","R"
20,1,2,13,3,1,"Nonmatching",1,765.135960398879,2,20,"f","R"
20,1,2,14,1,2,"Nonmatching",1,511.202960325477,2,20,"f","R"
20,1,2,15,3,3,"Matching",1,523.193256525644,1,20,"f","R"
20,1,2,16,1,1,"Matching",1,462.085095137297,1,20,"f","R"
20,1,2,17,2,2,"Matching",0,755.142990431807,2,20,"f","R"
20,1,2,18,1,3,"Nonmatching",1,509.144962704681,2,20,"f","R"
20,1,2,19,2,2,"Matching",1,585.11851963874,1,20,"f","R"
20,1,2,20,2,1,"Nonmatching",1,577.032925290041,2,20,"f","R"
20,1,2,21,3,3,"Matching",0,442.433300607433,2,20,"f","R"
20,1,2,22,3,3,"Matching",1,361.184653262455,1,20,"f","R"
20,1,2,23,2,3,"Nonmatching",1,465.825289992097,2,20,"f","R"
20,1,2,24,1,1,"Matching",0,511.172171860039,2,20,"f","R"
20,1,2,25,1,3,"Nonmatching",1,827.159927709886,2,20,"f","R"
20,1,2,26,2,1,"Nonmatching",1,515.137846946914,2,20,"f","R"
20,1,2,27,2,2,"Matching",1,502.384781608157,1,20,"f","R"
20,1,2,28,3,1,"Nonmatching",1,570.493998557822,2,20,"f","R"
20,1,2,29,1,3,"Nonmatching",1,523.176353054282,2,20,"f","R"
20,1,2,30,2,1,"Nonmatching",1,501.213310683056,2,20,"f","R"
20,1,2,31,2,1,"Nonmatching",1,313.307985817914,2,20,"f","R"
20,1,2,32,1,2,"Nonmatching",1,450.534591036444,2,20,"f","R"
20,1,2,33,2,2,"Matching",0,401.107331955586,2,20,"f","R"
20,1,2,34,3,3,"Matching",1,729.819779460399,1,20,"f","R"
20,1,2,35,2,2,"Matching",1,515.954043128659,1,20,"f","R"
20,1,2,36,3,1,"Nonmatching",1,414.517217890307,2,20,"f","R"
20,1,2,37,3,3,"Matching",0,375.205177094927,2,20,"f","R"
20,1,2,38,1,3,"Nonmatching",1,721.10573819964,2,20,"f","R"
20,1,2,39,1,1,"Matching",0,740.511225006003,2,20,"f","R"
20,1,2,40,1,1,"Matching",1,375.75906762504,1,20,"f","R"
20,1,2,41,1,1,"Matching",1,408.5125615876,1,20,"f","R"
20,1,2,42,1,3,"Nonmatching",0,264.489855396164,1,20,"f","R"
20,1,2,43,2,2,"Matching",1,594.550656578463,1,20,"f","R"
20,1,2,44,1,1,"Matching",1,556.475285811416,1,20,"f","R"
20,1,2,45,1,1,"Matching",1,639.122695399806,1,20,"f","R"
20,1,2,46,2,2,"Matching",1,470.467405775366,1,20,"f","R"
20,1,2,47,2,3,"Nonmatching",1,963.070175107305,2,20,"f","R"
20,1,2,48,2,3,"Nonmatching",1,756.529980614687,2,20,"f","R"
20,1,2,49,3,3,"Matching",1,423.111425614024,1,20,"f","R"
20,1,2,50,3,3,"Matching",1,454.653302907559,1,20,"f","R"
20,1,2,51,3,1,"Nonmatching",1,491.316328284711,2,20,"f","R"
20,1,2,52,3,3,"Matching",1,511.078900920666,1,20,"f","R"
20,1,2,53,3,3,"Matching",1,475.061225926652,1,20,"f","R"
20,1,2,54,3,2,"Nonmatching",1,631.178365774872,2,20,"f","R"
20,1,2,55,3,2,"Nonmatching",0,407.130702815607,1,20,"f","R"
20,1,2,56,2,3,"Nonmatching",0,503.169887476588,1,20,"f","R"
20,1,2,57,1,1,"Matching",1,561.955330810974,1,20,"f","R"
20,1,2,58,2,3,"Nonmatching",1,548.451872089004,2,20,"f","R"
20,1,2,59,3,3,"Matching",0,511.116028187757,2,20,"f","R"
20,1,2,60,3,1,"Nonmatching",0,499.845035057433,1,20,"f","R"
20,1,3,1,3,1,"Nonmatching",1,631.721389787685,2,20,"f","R"
20,1,3,2,2,3,"Nonmatching",0,566.427808186631,1,20,"f","R"
20,1,3,3,1,1,"Matching",1,688.451853978108,1,20,"f","R"
20,1,3,4,1,3,"Nonmatching",0,748.433519748801,1,20,"f","R"
20,1,3,5,1,3,"Nonmatching",1,806.49845262235,2,20,"f","R"
20,1,3,6,3,3,"Matching",0,606.513484637844,2,20,"f","R"
20,1,3,7,3,1,"Nonmatching",1,590.420776342626,2,20,"f","R"
20,1,3,8,3,3,"Matching",1,583.109421345284,1,20,"f","R"
20,1,3,9,2,3,"Nonmatching",1,773.762163978745,2,20,"f","R"
20,1,3,10,3,1,"Nonmatching",1,759.184429291395,2,20,"f","R"
20,1,3,11,2,3,"Nonmatching",1,721.109360371997,2,20,"f","R"
20,1,3,12,1,3,"Nonmatching",1,653.137182278329,2,20,"f","R"
20,1,3,13,3,2,"Nonmatching",1,715.157527416977,2,20,"f","R"
20,1,3,14,1,1,"Matching",1,566.470066864667,1,20,"f","R"
20,1,3,15,3,3,"Matching",0,790.475169298134,2,20,"f","R"
20,1,3,16,2,2,"Matching",0,753.175848968681,2,20,"f","R"
20,1,3,17,3,2,"Nonmatching",1,691.27805399637,2,20,"f","R"
20,1,3,18,2,1,"Nonmatching",1,671.863813606592,2,20,"f","R"
20,1,3,19,3,3,"Matching",3,1157.16820739237,1,20,"f","R"
20,1,3,20,3,3,"Matching",1,687.149682998893,1,20,"f","R"
20,1,3,21,1,1,"Matching",1,603.893748446808,1,20,"f","R"
20,1,3,22,1,1,"Matching",1,627.219331337301,1,20,"f","R"
20,1,3,23,1,1,"Matching",1,729.124926054169,1,20,"f","R"
20,1,3,24,2,2,"Matching",1,587.764214732033,1,20,"f","R"
20,1,3,25,1,3,"Nonmatching",0,699.826984565107,1,20,"f","R"
20,1,3,26,3,1,"Nonmatching",1,729.068782382001,2,20,"f","R"
20,1,3,27,1,1,"Matching",1,660.516453008199,1,20,"f","R"
20,1,3,28,2,1,"Nonmatching",1,722.443829055237,2,20,"f","R"
20,1,3,29,2,3,"Nonmatching",1,822.418202185418,2,20,"f","R"
20,1,3,30,2,2,"Matching",1,567.087647259541,1,20,"f","R"
20,1,3,31,2,2,"Matching",1,568.424832572077,1,20,"f","R"
20,1,3,32,1,2,"Nonmatching",1,594.600763296853,2,20,"f","R"
20,1,3,33,2,2,"Matching",0,563.126198040436,2,20,"f","R"
20,1,3,34,1,2,"Nonmatching",1,901.811391716478,2,20,"f","R"
20,1,3,35,1,2,"Nonmatching",1,859.07187028397,2,20,"f","R"
20,1,3,36,3,2,"Nonmatching",1,666.505413230425,2,20,"f","R"
20,1,3,37,3,3,"Matching",1,671.822762319493,1,20,"f","R"
20,1,3,38,1,1,"Matching",1,628.513050580978,1,20,"f","R"
20,1,3,39,3,1,"Nonmatching",1,507.830114122044,2,20,"f","R"
20,1,3,40,3,2,"Nonmatching",1,656.412531674619,2,20,"f","R"
20,1,3,41,3,2,"Nonmatching",1,367.861524393675,2,20,"f","R"
20,1,3,42,3,3,"Matching",0,266.643236890445,2,20,"f","R"
20,1,3,43,1,1,"Matching",1,474.51608897984,1,20,"f","R"
20,1,3,44,3,3,"Matching",0,479.834645459619,2,20,"f","R"
20,1,3,45,3,3,"Matching",1,429.981177425816,1,20,"f","R"
20,1,3,46,2,2,"Matching",1,589.162976975331,1,20,"f","R"
20,1,3,47,3,3,"Matching",1,485.838999914563,1,20,"f","R"
20,1,3,48,2,1,"Nonmatching",1,459.18645167103,2,20,"f","R"
20,1,3,49,1,2,"Nonmatching",1,657.910903658944,2,20,"f","R"
20,1,3,50,2,1,"Nonmatching",1,832.490256250026,2,20,"f","R"
20,1,3,51,1,3,"Nonmatching",0,512.497283264452,1,20,"f","R"
20,1,3,52,2,2,"Matching",3,1076.47254503433,1,20,"f","R"
20,1,3,53,2,1,"Nonmatching",1,528.518755502432,2,20,"f","R"
20,1,3,54,2,2,"Matching",0,499.81635952588,2,20,"f","R"
20,1,3,55,2,2,"Matching",1,360.578543080123,1,20,"f","R"
20,1,3,56,2,3,"Nonmatching",1,481.813558983049,2,20,"f","R"
20,1,3,57,2,2,"Matching",1,567.131717023926,1,20,"f","R"
20,1,3,58,1,1,"Matching",1,575.761844623912,1,20,"f","R"
20,1,3,59,1,2,"Nonmatching",1,594.698561951759,2,20,"f","R"
20,1,3,60,1,1,"Matching",1,667.074697993257,1,20,"f","R"
20,1,4,1,3,2,"Nonmatching",1,635.813237213256,2,20,"f","R"
20,1,4,2,2,1,"Nonmatching",1,651.75894567858,2,20,"f","R"
20,1,4,3,1,3,"Nonmatching",1,747.087580853076,2,20,"f","R"
20,1,4,4,1,1,"Matching",1,502.469902659527,1,20,"f","R"
20,1,4,5,3,3,"Matching",0,529.874655372396,2,20,"f","R"
20,1,4,6,1,1,"Matching",0,710.524467064602,2,20,"f","R"
20,1,4,7,2,2,"Matching",1,578.462475998776,1,20,"f","R"
20,1,4,8,2,2,"Matching",1,732.428045438951,1,20,"f","R"
20,1,4,9,1,2,"Nonmatching",1,560.508574783171,2,20,"f","R"
20,1,4,10,3,1,"Nonmatching",1,554.527764448949,2,20,"f","R"
20,1,4,11,2,1,"Nonmatching",1,693.17063907738,2,20,"f","R"
20,1,4,12,1,1,"Matching",1,802.490518857439,1,20,"f","R"
20,1,4,13,3,3,"Matching",1,818.41177765898,1,20,"f","R"
20,1,4,14,2,3,"Nonmatching",1,561.129777350516,2,20,"f","R"
20,1,4,15,1,2,"Nonmatching",1,770.470514806675,2,20,"f","R"
20,1,4,16,3,3,"Matching",0,779.843791444932,2,20,"f","R"
20,1,4,17,2,2,"Matching",1,693.763467960821,1,20,"f","R"
20,1,4,18,1,3,"Nonmatching",1,601.872274397692,2,20,"f","R"
20,1,4,19,2,2,"Matching",1,954.499511504196,1,20,"f","R"
20,1,4,20,2,3,"Nonmatching",1,539.115722717838,2,20,"f","R"
20,1,4,21,3,3,"Matching",0,590.417456017917,2,20,"f","R"
20,1,4,22,3,1,"Nonmatching",1,607.138913072959,2,20,"f","R"
20,1,4,23,3,1,"Nonmatching",1,463.099303410331,2,20,"f","R"
20,1,4,24,2,2,"Matching",1,516.485295081225,1,20,"f","R"
20,1,4,25,2,3,"Nonmatching",1,742.513380802393,2,20,"f","R"
20,1,4,26,1,1,"Matching",1,537.85128270124,1,20,"f","R"
20,1,4,27,3,3,"Matching",0,682.450819847986,2,20,"f","R"
20,1,4,28,2,2,"Matching",1,543.769308713763,1,20,"f","R"
20,1,4,29,1,3,"Nonmatching",1,576.543630167748,2,20,"f","R"
20,1,4,30,1,1,"Matching",1,529.822435720121,1,20,"f","R"
20,1,4,31,3,3,"Matching",0,498.458044874496,2,20,"f","R"
20,1,4,32,3,3,"Matching",1,767.148077169168,1,20,"f","R"
20,1,4,33,3,1,"Nonmatching",1,472.537779151935,2,20,"f","R"
20,1,4,34,2,3,"Nonmatching",1,686.42464482275,2,20,"f","R"
20,1,4,35,1,1,"Matching",1,475.796225077033,1,20,"f","R"
20,1,4,36,1,1,"Matching",0,503.068768497087,2,20,"f","R"
20,1,4,37,1,1,"Matching",1,459.191281234212,1,20,"f","R"
20,1,4,38,1,3,"Nonmatching",1,521.137975533975,2,20,"f","R"
20,1,4,39,2,3,"Nonmatching",3,1115.78881169737,1,20,"f","R"
20,1,4,40,2,1,"Nonmatching",1,592.554839583954,2,20,"f","R"
20,1,4,41,3,2,"Nonmatching",1,753.789203495671,2,20,"f","R"
20,1,4,42,2,2,"Matching",1,588.543887342098,1,20,"f","R"
20,1,4,43,3,3,"Matching",0,595.78974138833,2,20,"f","R"
20,1,4,44,2,2,"Matching",1,692.483331863741,1,20,"f","R"
20,1,4,45,1,1,"Matching",1,480.453433245316,1,20,"f","R"
20,1,4,46,2,1,"Nonmatching",1,556.394994323114,2,20,"f","R"
20,1,4,47,3,2,"Nonmatching",0,590.681874603433,1,20,"f","R"
20,1,4,48,2,2,"Matching",0,703.128292863539,2,20,"f","R"
20,1,4,49,1,2,"Nonmatching",0,419.100775219704,1,20,"f","R"
20,1,4,50,3,3,"Matching",1,570.467134112391,1,20,"f","R"
20,1,4,51,1,2,"Nonmatching",1,923.106143279256,2,20,"f","R"
20,1,4,52,3,3,"Matching",0,687.7292305835,2,20,"f","R"
20,1,4,53,3,1,"Nonmatching",1,669.838113689707,2,20,"f","R"
20,1,4,54,1,2,"Nonmatching",0,386.921395583158,1,20,"f","R"
20,1,4,55,1,3,"Nonmatching",0,683.972434105272,1,20,"f","R"
20,1,4,56,2,1,"Nonmatching",1,801.274374472882,2,20,"f","R"
20,1,4,57,1,1,"Matching",1,897.904576931182,1,20,"f","R"
20,1,4,58,2,2,"Matching",1,670.498858305677,1,20,"f","R"
20,1,4,59,3,2,"Nonmatching",1,676.070061310725,2,20,"f","R"
20,1,4,60,3,2,"Nonmatching",1,745.700892517789,2,20,"f","R"
20,2,1,1,1,3,"Nonmatching",0,831.821962328377,1,20,"f","R"
20,2,1,2,3,2,"Nonmatching",1,465.149751725676,2,20,"f","R"
20,2,1,3,2,3,"Nonmatching",0,449.11469634053,1,20,"f","R"
20,2,1,4,3,3,"Matching",1,897.111016213785,1,20,"f","R"
20,2,1,5,3,2,"Nonmatching",1,470.451102886273,2,20,"f","R"
20,2,1,6,3,2,"Nonmatching",1,397.227378502066,2,20,"f","R"
20,2,1,7,3,3,"Matching",1,663.181463241017,1,20,"f","R"
20,2,1,8,2,2,"Matching",0,743.907008521546,2,20,"f","R"
20,2,1,9,3,1,"Nonmatching",1,628.499162473418,2,20,"f","R"
20,2,1,10,3,2,"Nonmatching",0,660.596439535311,1,20,"f","R"
20,2,1,11,3,3,"Matching",1,451.850643896705,1,20,"f","R"
20,2,1,12,1,1,"Matching",1,498.548897919136,1,20,"f","R"
20,2,1,13,3,3,"Matching",1,805.761941120636,1,20,"f","R"
20,2,1,14,1,1,"Matching",1,460.429155539714,1,20,"f","R"
20,2,1,15,3,1,"Nonmatching",1,595.182420702258,2,20,"f","R"
20,2,1,16,2,2,"Matching",1,636.446812422946,1,20,"f","R"
20,2,1,17,2,3,"Nonmatching",0,740.515749608221,1,20,"f","R"
20,2,1,18,1,3,"Nonmatching",1,591.864510779942,2,20,"f","R"
20,2,1,19,1,2,"Nonmatching",1,640.484930957882,2,20,"f","R"
20,2,1,20,3,3,"Matching",1,696.473755348961,1,20,"f","R"
20,2,1,21,2,1,"Nonmatching",1,612.80036542712,2,20,"f","R"
20,2,1,22,3,1,"Nonmatching",1,413.196932935534,2,20,"f","R"
20,2,1,23,1,3,"Nonmatching",1,541.205109386283,2,20,"f","R"
20,2,1,24,1,1,"Matching",1,439.88781583721,1,20,"f","R"
20,2,1,25,3,3,"Matching",1,615.097426426473,1,20,"f","R"
20,2,1,26,2,1,"Nonmatching",1,573.158103247351,2,20,"f","R"
20,2,1,27,2,2,"Matching",1,541.784053275478,1,20,"f","R"
20,2,1,28,1,1,"Matching",1,561.368233920348,1,20,"f","R"
20,2,1,29,3,1,"Nonmatching",1,505.752191439569,2,20,"f","R"
20,2,1,30,2,2,"Matching",1,469.197227539098,1,20,"f","R"
20,2,1,31,2,3,"Nonmatching",1,506.756438738194,2,20,"f","R"
20,2,1,32,3,3,"Matching",1,341.8893377534,1,20,"f","R"
20,2,1,33,2,2,"Matching",1,455.824468871469,1,20,"f","R"
20,2,1,34,1,1,"Matching",1,371.891489927293,1,20,"f","R"
20,2,1,35,1,2,"Nonmatching",0,404.493154496777,1,20,"f","R"
20,2,1,36,1,2,"Nonmatching",1,541.112743989743,2,20,"f","R"
20,2,1,37,3,2,"Nonmatching",1,607.774601216533,2,20,"f","R"
20,2,1,38,2,3,"Nonmatching",0,517.161732664135,1,20,"f","R"
20,2,1,39,2,2,"Matching",1,448.461799765028,1,20,"f","R"
20,2,1,40,1,2,"Nonmatching",0,526.41940163312,1,20,"f","R"
20,2,1,41,2,3,"Nonmatching",0,529.191872760748,1,20,"f","R"
20,2,1,42,2,1,"Nonmatching",0,435.833095678845,1,20,"f","R"
20,2,1,43,1,1,"Matching",1,395.249974217222,1,20,"f","R"
20,2,1,44,2,2,"Matching",1,660.468154262617,1,20,"f","R"
20,2,1,45,3,3,"Matching",0,553.142582238706,2,20,"f","R"
20,2,1,46,3,3,"Matching",1,411.240657989765,1,20,"f","R"
20,2,1,47,1,1,"Matching",1,723.748713550322,1,20,"f","R"
20,2,1,48,2,2,"Matching",1,391.884070510969,1,20,"f","R"
20,2,1,49,1,1,"Matching",1,496.51233148461,1,20,"f","R"
20,2,1,50,2,2,"Matching",1,397.11750593915,1,20,"f","R"
20,2,1,51,1,3,"Nonmatching",1,541.778620016885,2,20,"f","R"
20,2,1,52,3,1,"Nonmatching",1,528.443290464111,2,20,"f","R"
20,2,1,53,1,1,"Matching",1,443.792819536611,1,20,"f","R"
20,2,1,54,2,2,"Matching",1,481.296792606827,1,20,"f","R"
20,2,1,55,1,2,"Nonmatching",1,565.849163031544,2,20,"f","R"
20,2,1,56,3,3,"Matching",1,566.07735989337,1,20,"f","R"
20,2,1,57,2,1,"Nonmatching",0,567.138656407678,1,20,"f","R"
20,2,1,58,1,3,"Nonmatching",0,400.598111771615,1,20,"f","R"
20,2,1,59,2,1,"Nonmatching",0,399.812402207772,1,20,"f","R"
20,2,1,60,1,1,"Matching",1,360.390790697238,1,20,"f","R"
20,2,2,1,2,2,"Matching",1,324.475743921539,1,20,"f","R"
20,2,2,2,3,3,"Matching",1,399.764710271029,1,20,"f","R"
20,2,2,3,2,1,"Nonmatching",1,486.587277250692,2,20,"f","R"
20,2,2,4,1,2,"Nonmatching",1,642.460524156832,2,20,"f","R"
20,2,2,5,3,3,"Matching",1,449.102924280851,1,20,"f","R"
20,2,2,6,1,3,"Nonmatching",1,422.586509349912,2,20,"f","R"
20,2,2,7,2,3,"Nonmatching",1,437.795407578506,2,20,"f","R"
20,2,2,8,1,1,"Matching",1,467.187525550344,1,20,"f","R"
20,2,2,9,2,2,"Matching",1,537.099980661878,1,20,"f","R"
20,2,2,10,3,3,"Matching",1,571.817899458438,1,20,"f","R"
20,2,2,11,3,1,"Nonmatching",1,428.456843425465,2,20,"f","R"
20,2,2,12,3,3,"Matching",0,411.868501206754,2,20,"f","R"
20,2,2,13,2,2,"Matching",0,619.255076650916,2,20,"f","R"
20,2,2,14,3,2,"Nonmatching",0,714.38781266761,1,20,"f","R"
20,2,2,15,2,1,"Nonmatching",1,683.191852839172,2,20,"f","R"
20,2,2,16,2,2,"Matching",1,415.899979092501,1,20,"f","R"
20,2,2,17,3,3,"Matching",0,447.218187239741,2,20,"f","R"
20,2,2,18,1,1,"Matching",1,557.115803518172,1,20,"f","R"
20,2,2,19,2,2,"Matching",1,431.867420591516,1,20,"f","R"
20,2,2,20,3,1,"Nonmatching",1,774.524628156541,2,20,"f","R"
20,2,2,21,1,1,"Matching",1,470.655453779273,1,20,"f","R"
20,2,2,22,2,3,"Nonmatching",0,530.400169105633,1,20,"f","R"
20,2,2,23,3,2,"Nonmatching",1,622.553668320052,2,20,"f","R"
20,2,2,24,3,2,"Nonmatching",0,485.0991680878,1,20,"f","R"
20,2,2,25,1,2,"Nonmatching",1,710.434815184726,2,20,"f","R"
20,2,2,26,3,3,"Matching",0,689.121650912057,2,20,"f","R"
20,2,2,27,1,1,"Matching",1,381.202585939263,1,20,"f","R"
20,2,2,28,1,1,"Matching",0,525.133530430139,2,20,"f","R"
20,2,2,29,3,2,"Nonmatching",1,631.159044408832,2,20,"f","R"
20,2,2,30,1,3,"Nonmatching",1,550.437423148196,2,20,"f","R"
20,2,2,31,1,3,"Nonmatching",1,456.497287395905,2,20,"f","R"
20,2,2,32,1,1,"Matching",1,766.519627144135,1,20,"f","R"
20,2,2,33,3,3,"Matching",1,744.004203480927,1,20,"f","R"
20,2,2,34,1,1,"Matching",0,667.095220523606,2,20,"f","R"
20,2,2,35,2,3,"Nonmatching",0,385.810592933012,1,20,"f","R"
20,2,2,36,3,3,"Matching",0,531.198858120661,2,20,"f","R"
20,2,2,37,1,3,"Nonmatching",0,622.50718377436,1,20,"f","R"
20,2,2,38,3,2,"Nonmatching",0,391.891013007807,1,20,"f","R"
20,2,2,39,1,2,"Nonmatching",1,631.109541386195,2,20,"f","R"
20,2,2,40,2,2,"Matching",1,406.555679833218,1,20,"f","R"
20,2,2,41,1,1,"Matching",1,430.579738302185,1,20,"f","R"
20,2,2,42,2,3,"Nonmatching",1,604.435863803246,2,20,"f","R"
20,2,2,43,2,1,"Nonmatching",1,626.923819325384,2,20,"f","R"
20,2,2,44,1,2,"Nonmatching",1,561.928161404467,2,20,"f","R"
20,2,2,45,2,2,"Matching",1,667.837162171054,1,20,"f","R"
20,2,2,46,1,1,"Matching",1,488.517593294091,1,20,"f","R"
20,2,2,47,2,3,"Nonmatching",0,539.771332809778,1,20,"f","R"
20,2,2,48,2,2,"Matching",1,564.398482983961,1,20,"f","R"
20,2,2,49,2,2,"Matching",0,481.224651006414,2,20,"f","R"
20,2,2,50,3,3,"Matching",1,574.523058548493,1,20,"f","R"
20,2,2,51,3,3,"Matching",1,399.126000537308,1,20,"f","R"
20,2,2,52,2,2,"Matching",1,446.478056678643,1,20,"f","R"
20,2,2,53,3,1,"Nonmatching",1,420.595823766234,2,20,"f","R"
20,2,2,54,2,1,"Nonmatching",0,508.571448960538,1,20,"f","R"
20,2,2,55,1,3,"Nonmatching",1,536.587443266399,2,20,"f","R"
20,2,2,56,3,1,"Nonmatching",1,754.475300205286,2,20,"f","R"
20,2,2,57,1,1,"Matching",1,516.479858709317,1,20,"f","R"
20,2,2,58,2,1,"Nonmatching",1,437.862417767974,2,20,"f","R"
20,2,2,59,3,1,"Nonmatching",1,427.774667622998,2,20,"f","R"
20,2,2,60,1,2,"Nonmatching",1,489.92571281633,2,20,"f","R"
20,2,3,1,1,1,"Matching",0,569.107307109334,2,20,"f","R"
20,2,3,2,1,1,"Matching",1,395.064639729299,1,20,"f","R"
20,2,3,3,3,2,"Nonmatching",1,707.808136496169,2,20,"f","R"
20,2,3,4,3,3,"Matching",1,415.870699865081,1,20,"f","R"
20,2,3,5,1,1,"Matching",1,487.803421634908,1,20,"f","R"
20,2,3,6,3,3,"Matching",0,413.207497605526,2,20,"f","R"
20,2,3,7,2,2,"Matching",1,500.556185126243,1,20,"f","R"
20,2,3,8,2,3,"Nonmatching",1,449.268940515594,2,20,"f","R"
20,2,3,9,3,3,"Matching",1,432.43036655258,1,20,"f","R"
20,2,3,10,3,2,"Nonmatching",1,439.778245121943,2,20,"f","R"
20,2,3,11,2,3,"Nonmatching",1,575.195877072474,2,20,"f","R"
20,2,3,12,3,2,"Nonmatching",1,769.155361263074,2,20,"f","R"
20,2,3,13,2,2,"Matching",1,474.53751705325,1,20,"f","R"
20,2,3,14,2,1,"Nonmatching",1,520.435572821953,2,20,"f","R"
20,2,3,15,3,2,"Nonmatching",0,484.54769233922,1,20,"f","R"
20,2,3,16,2,1,"Nonmatching",1,569.90509058096,2,20,"f","R"
20,2,3,17,1,3,"Nonmatching",1,523.992244275178,2,20,"f","R"
20,2,3,18,2,3,"Nonmatching",1,671.082930492503,2,20,"f","R"
20,2,3,19,2,2,"Matching",1,437.193523264341,1,20,"f","R"
20,2,3,20,1,1,"Matching",1,596.394037371283,1,20,"f","R"
20,2,3,21,3,1,"Nonmatching",1,474.475336427076,2,20,"f","R"
20,2,3,22,1,2,"Nonmatching",1,680.559137196724,2,20,"f","R"
20,2,3,23,1,1,"Matching",1,549.731703225461,1,20,"f","R"
20,2,3,24,2,2,"Matching",1,600.441513184705,1,20,"f","R"
20,2,3,25,1,1,"Matching",1,609.196907580554,1,20,"f","R"
20,2,3,26,3,3,"Matching",1,464.599483367692,1,20,"f","R"
20,2,3,27,3,2,"Nonmatching",1,678.516231960657,2,20,"f","R"
20,2,3,28,2,2,"Matching",0,660.442497208351,2,20,"f","R"
20,2,3,29,1,2,"Nonmatching",0,513.766851578566,1,20,"f","R"
20,2,3,30,1,1,"Matching",1,469.853142592001,1,20,"f","R"
20,2,3,31,3,3,"Matching",1,563.191092182933,1,20,"f","R"
20,2,3,32,3,3,"Matching",1,469.866122043186,1,20,"f","R"
20,2,3,33,1,1,"Matching",1,500.587879134855,1,20,"f","R"
20,2,3,34,3,1,"Nonmatching",0,537.054099811485,1,20,"f","R"
20,2,3,35,1,2,"Nonmatching",0,509.158542738078,1,20,"f","R"
20,2,3,36,2,1,"Nonmatching",0,601.152364519294,1,20,"f","R"
20,2,3,37,1,3,"Nonmatching",1,609.093373819178,2,20,"f","R"
20,2,3,38,2,2,"Matching",1,409.153381142005,1,20,"f","R"
20,2,3,39,2,2,"Matching",1,545.122488841116,1,20,"f","R"
20,2,3,40,1,3,"Nonmatching",1,483.811787646118,2,20,"f","R"
20,2,3,41,3,1,"Nonmatching",0,352.492341922698,1,20,"f","R"
20,2,3,42,2,1,"Nonmatching",0,410.410878661878,1,20,"f","R"
20,2,3,43,2,2,"Matching",0,834.387064085604,2,20,"f","R"
20,2,3,44,3,1,"Nonmatching",1,761.166358178343,2,20,"f","R"
20,2,3,45,2,1,"Nonmatching",1,683.823921923249,2,20,"f","R"
20,2,3,46,2,2,"Matching",1,415.776221534998,1,20,"f","R"
20,2,3,47,1,1,"Matching",1,461.945638386624,1,20,"f","R"
20,2,3,48,2,3,"Nonmatching",1,402.509713258041,2,20,"f","R"
20,2,3,49,2,2,"Matching",1,442.602634053856,1,20,"f","R"
20,2,3,50,1,2,"Nonmatching",1,537.27293939437,2,20,"f","R"
20,2,3,51,1,1,"Matching",1,331.909950932641,1,20,"f","R"
20,2,3,52,1,3,"Nonmatching",1,743.386019390528,2,20,"f","R"
20,2,3,53,3,3,"Matching",1,289.812459559016,1,20,"f","R"
20,2,3,54,2,3,"Nonmatching",1,375.127900970256,2,20,"f","R"
20,2,3,55,3,1,"Nonmatching",0,761.270193787368,1,20,"f","R"
20,2,3,56,3,3,"Matching",1,379.137645821629,1,20,"f","R"
20,2,3,57,1,3,"Nonmatching",1,372.523257164175,2,20,"f","R"
20,2,3,58,3,3,"Matching",1,269.73566346669,1,20,"f","R"
20,2,3,59,1,2,"Nonmatching",1,241.154006570468,2,20,"f","R"
20,2,3,60,3,3,"Matching",1,223.810743253125,1,20,"f","R"
20,2,4,1,3,1,"Nonmatching",1,555.880944576074,2,20,"f","R"
20,2,4,2,1,1,"Matching",1,413.097926889805,1,20,"f","R"
20,2,4,3,1,1,"Matching",1,453.240350708711,1,20,"f","R"
20,2,4,4,3,2,"Nonmatching",1,475.879230081318,2,20,"f","R"
20,2,4,5,2,2,"Matching",1,456.438427093872,1,20,"f","R"
20,2,4,6,2,2,"Matching",0,654.493984577584,2,20,"f","R"
20,2,4,7,2,2,"Matching",1,276.472300442947,1,20,"f","R"
20,2,4,8,3,2,"Nonmatching",1,407.231214986496,2,20,"f","R"
20,2,4,9,1,3,"Nonmatching",1,559.225718943253,2,20,"f","R"
20,2,4,10,3,1,"Nonmatching",0,456.974810457723,1,20,"f","R"
20,2,4,11,2,3,"Nonmatching",1,677.742898152701,2,20,"f","R"
20,2,4,12,1,1,"Matching",1,418.502208116479,1,20,"f","R"
20,2,4,13,1,2,"Nonmatching",0,778.481247812579,1,20,"f","R"
20,2,4,14,3,1,"Nonmatching",1,524.517157426089,2,20,"f","R"
20,2,4,15,2,2,"Matching",1,504.460283282242,1,20,"f","R"
20,2,4,16,2,2,"Matching",1,555.915355213983,1,20,"f","R"
20,2,4,17,1,3,"Nonmatching",1,630.555349008318,2,20,"f","R"
20,2,4,18,2,1,"Nonmatching",1,541.187602219907,2,20,"f","R"
20,2,4,19,2,3,"Nonmatching",0,495.095156531988,1,20,"f","R"
20,2,4,20,1,1,"Matching",1,538.456484227027,1,20,"f","R"
20,2,4,21,3,3,"Matching",0,645.232995284459,2,20,"f","R"
20,2,4,22,1,1,"Matching",0,628.416758051117,2,20,"f","R"
20,2,4,23,3,3,"Matching",0,619.731694169786,2,20,"f","R"
20,2,4,24,2,2,"Matching",1,362.571338484486,1,20,"f","R"
20,2,4,25,3,2,"Nonmatching",1,852.094959425358,2,20,"f","R"
20,2,4,26,3,3,"Matching",1,522.474855885321,1,20,"f","R"
20,2,4,27,2,3,"Nonmatching",1,709.159508650373,2,20,"f","R"
20,2,4,28,2,2,"Matching",1,434.75308460711,1,20,"f","R"
20,2,4,29,1,2,"Nonmatching",1,511.156472666244,2,20,"f","R"
20,2,4,30,2,1,"Nonmatching",1,570.522369128412,2,20,"f","R"
20,2,4,31,2,1,"Nonmatching",1,370.488501816453,2,20,"f","R"
20,2,4,32,3,3,"Matching",1,355.173655044382,1,20,"f","R"
20,2,4,33,3,3,"Matching",1,365.359807540244,1,20,"f","R"
20,2,4,34,2,1,"Nonmatching",1,430.443604989705,2,20,"f","R"
20,2,4,35,3,1,"Nonmatching",1,469.129613654331,2,20,"f","R"
20,2,4,36,1,1,"Matching",1,362.39958714259,1,20,"f","R"
20,2,4,37,3,3,"Matching",0,260.556173052464,2,20,"f","R"
20,2,4,38,3,1,"Nonmatching",0,394.493242032695,1,20,"f","R"
20,2,4,39,2,3,"Nonmatching",0,314.478246239105,1,20,"f","R"
20,2,4,40,1,2,"Nonmatching",1,622.400631536038,2,20,"f","R"
20,2,4,41,1,2,"Nonmatching",0,637.748379706863,1,20,"f","R"
20,2,4,42,1,2,"Nonmatching",1,325.891107788266,2,20,"f","R"
20,2,4,43,2,2,"Matching",1,425.870612329163,1,20,"f","R"
20,2,4,44,2,2,"Matching",1,425.174249684915,1,20,"f","R"
20,2,4,45,1,1,"Matching",1,553.139261914112,1,20,"f","R"
20,2,4,46,1,3,"Nonmatching",1,417.910888471852,2,20,"f","R"
20,2,4,47,3,3,"Matching",1,634.052254616108,1,20,"f","R"
20,2,4,48,1,1,"Matching",1,537.082775343151,1,20,"f","R"
20,2,4,49,2,3,"Nonmatching",0,531.089589253043,1,20,"f","R"
20,2,4,50,1,1,"Matching",0,621.098158709174,2,20,"f","R"
20,2,4,51,3,2,"Nonmatching",0,453.113272827068,1,20,"f","R"
20,2,4,52,3,2,"Nonmatching",1,387.108538043776,2,20,"f","R"
20,2,4,53,2,1,"Nonmatching",0,410.451628100873,1,20,"f","R"
20,2,4,54,1,1,"Matching",1,362.499498731722,1,20,"f","R"
20,2,4,55,3,3,"Matching",1,723.862811981235,1,20,"f","R"
20,2,4,56,1,3,"Nonmatching",1,474.533291185253,2,20,"f","R"
20,2,4,57,1,3,"Nonmatching",1,423.855175234166,2,20,"f","R"
20,2,4,58,2,2,"Matching",1,575.106228305231,1,20,"f","R"
20,2,4,59,3,3,"Matching",0,479.240907919575,2,20,"f","R"
20,2,4,60,3,3,"Matching",1,475.750039265677,1,20,"f","R"
