"Subject","Task","Block","Matching","Shape","Shape_Origin_Identity","Shape_English_Identity","Shape_Standardized_Identity","Label","Label_Origin_Identity","Label_English_Identity","Label_Standardized_Identity","Response","RT_ms","RT_sec","ACC"
"1","self-matching","1","Matching","octagon","happy","NonPerson","NonPerson","lbl_happy","label_happy","Happy","NonPerson","c","914","0.914","1"
"1","self-matching","1","Matching","rhomboid","friend","Friend","Close","lbl_friend","label_friend","Friend","Close","c","697","0.697","1"
"1","self-matching","1","Nonmatching","diamond","neutral","NonPerson","NonPerson","lbl_happy","label_happy","Happy","NonPerson","x","630","0.63","1"
"1","self-matching","1","Nonmatching","rhomboid","friend","Friend","Close","lbl_you","label_you","Self","Self","x","714","0.714","1"
"1","self-matching","1","Matching","diamond","neutral","NonPerson","NonPerson","lbl_neutral","label_neutral","Neutral","NonPerson","c","680","0.68","1"
"1","self-matching","1","Nonmatching","triangle","you","Self","Self","lbl_friend","label_friend","Friend","Close","x","584","0.584","1"
"1","self-matching","1","Nonmatching","rhomboid","friend","Friend","Close","lbl_you","label_you","Self","Self","x","574","0.574","1"
"1","self-matching","1","Matching","triangle","you","Self","Self","lbl_you","label_you","Self","Self","x","661","0.661","0"
"1","self-matching","1","Matching","octagon","happy","NonPerson","NonPerson","lbl_happy","label_happy","Happy","NonPerson","c","548","0.548","1"
"1","self-matching","1","Nonmatching","diamond","neutral","NonPerson","NonPerson","lbl_happy","label_happy","Happy","NonPerson","c","631","0.631","0"
"1","self-matching","1","Nonmatching","triangle","you","Self","Self","lbl_friend","label_friend","Friend","Close","x","665","0.665","1"
"1","self-matching","1","Nonmatching","octagon","happy","NonPerson","NonPerson","lbl_neutral","label_neutral","Neutral","NonPerson","x","1095","1.095","1"
"1","self-matching","1","Matching","diamond","neutral","NonPerson","NonPerson","lbl_neutral","label_neutral","Neutral","NonPerson","c","1111","1.111","1"
"1","self-matching","1","Matching","rhomboid","friend","Friend","Close","lbl_friend","label_friend","Friend","Close","c","699","0.699","1"
"1","self-matching","1","Matching","triangle","you","Self","Self","lbl_you","label_you","Self","Self","c","502","0.502","1"
"1","self-matching","1","Nonmatching","octagon","happy","NonPerson","NonPerson","lbl_neutral","label_neutral","Neutral","NonPerson","x","1078","1.078","1"
"1","self-matching","2","Nonmatching","octagon","happy","NonPerson","NonPerson","lbl_neutral","label_neutral","Neutral","NonPerson","x","875","0.875","1"
"1","self-matching","2","Nonmatching","triangle","you","Self","Self","lbl_friend","label_friend","Friend","Close","x","646","0.646","1"
"1","self-matching","2","Matching","triangle","you","Self","Self","lbl_you","label_you","Self","Self","x","599","0.599","0"
"1","self-matching","2","Nonmatching","rhomboid","friend","Friend","Close","lbl_you","label_you","Self","Self","x","595","0.595","1"
"1","self-matching","2","Nonmatching","octagon","happy","NonPerson","NonPerson","lbl_neutral","label_neutral","Neutral","NonPerson","x","848","0.848","1"
"1","self-matching","2","Nonmatching","diamond","neutral","NonPerson","NonPerson","lbl_happy","label_happy","Happy","NonPerson","c","895","0.895","0"
"1","self-matching","2","Matching","octagon","happy","NonPerson","NonPerson","lbl_happy","label_happy","Happy","NonPerson","c","629","0.629","1"
"1","self-matching","2","Matching","octagon","happy","NonPerson","NonPerson","lbl_happy","label_happy","Happy","NonPerson","c","780","0.78","1"
"1","self-matching","2","Matching","triangle","you","Self","Self","lbl_you","label_you","Self","Self","c","749","0.749","1"
"1","self-matching","2","Matching","rhomboid","friend","Friend","Close","lbl_friend","label_friend","Friend","Close","c","527","0.527","1"
"1","self-matching","2","Nonmatching","rhomboid","friend","Friend","Close","lbl_you","label_you","Self","Self","x","658","0.658","1"
"1","self-matching","2","Nonmatching","triangle","you","Self","Self","lbl_friend","label_friend","Friend","Close","x","750","0.75","1"
"1","self-matching","2","Nonmatching","diamond","neutral","NonPerson","NonPerson","lbl_happy","label_happy","Happy","NonPerson","c","1206","1.206","0"
"1","self-matching","2","Matching","rhomboid","friend","Friend","Close","lbl_friend","label_friend","Friend","Close","c","573","0.573","1"
"1","self-matching","2","Matching","diamond","neutral","NonPerson","NonPerson","lbl_neutral","label_neutral","Neutral","NonPerson","c","793","0.793","1"
"1","self-matching","2","Matching","diamond","neutral","NonPerson","NonPerson","lbl_neutral","label_neutral","Neutral","NonPerson","c","723","0.723","1"
"1","self-matching","3","Nonmatching","rhomboid","friend","Friend","Close","lbl_you","label_you","Self","Self","x","631","0.631","1"
"1","self-matching","3","Nonmatching","triangle","you","Self","Self","lbl_friend","label_friend","Friend","Close","x","656","0.656","1"
"1","self-matching","3","Matching","diamond","neutral","NonPerson","NonPerson","lbl_neutral","label_neutral","Neutral","NonPerson","c","618","0.618","1"
"1","self-matching","3","Nonmatching","diamond","neutral","NonPerson","NonPerson","lbl_happy","label_happy","Happy","NonPerson","x","853","0.853","1"
"1","self-matching","3","Nonmatching","triangle","you","Self","Self","lbl_friend","label_friend","Friend","Close","x","661","0.661","1"
"1","self-matching","3","Matching","diamond","neutral","NonPerson","NonPerson","lbl_neutral","label_neutral","Neutral","NonPerson","c","1370","1.37","1"
"1","self-matching","3","Nonmatching","octagon","happy","NonPerson","NonPerson","lbl_neutral","label_neutral","Neutral","NonPerson","x","776","0.776","1"
"1","self-matching","3","Nonmatching","diamond","neutral","NonPerson","NonPerson","lbl_happy","label_happy","Happy","NonPerson","x","746","0.746","1"
"1","self-matching","3","Matching","triangle","you","Self","Self","lbl_you","label_you","Self","Self","c","962","0.962","1"
"1","self-matching","3","Matching","triangle","you","Self","Self","lbl_you","label_you","Self","Self","c","466","0.466","1"
"1","self-matching","3","Matching","rhomboid","friend","Friend","Close","lbl_friend","label_friend","Friend","Close","c","546","0.546","1"
"1","self-matching","3","Matching","octagon","happy","NonPerson","NonPerson","lbl_happy","label_happy","Happy","NonPerson","c","690","0.69","1"
"1","self-matching","3","Matching","rhomboid","friend","Friend","Close","lbl_friend","label_friend","Friend","Close","c","619","0.619","1"
"1","self-matching","3","Matching","octagon","happy","NonPerson","NonPerson","lbl_happy","label_happy","Happy","NonPerson","c","635","0.635","1"
"1","self-matching","3","Nonmatching","octagon","happy","NonPerson","NonPerson","lbl_neutral","label_neutral","Neutral","NonPerson","x","769","0.769","1"
"1","self-matching","3","Nonmatching","rhomboid","friend","Friend","Close","lbl_you","label_you","Self","Self","x","641","0.641","1"
"1","self-matching","1","Matching","pentagon","happy","NonPerson","NonPerson","lbl_happy","label_happy","Happy","NonPerson","m","777","0.777","1"
"1","self-matching","1","Matching","pentagon","happy","NonPerson","NonPerson","lbl_happy","label_happy","Happy","NonPerson","m","862","0.862","1"
"1","self-matching","1","Nonmatching","pentagon","happy","NonPerson","NonPerson","lbl_neutral","label_neutral","Neutral","NonPerson","n","953","0.953","1"
"1","self-matching","1","Matching","trapeze","you","Self","Self","lbl_you","label_you","Self","Self","m","572","0.572","1"
"1","self-matching","1","Nonmatching","kite","neutral","NonPerson","NonPerson","lbl_happy","label_happy","Happy","NonPerson","n","1061","1.061","1"
"1","self-matching","1","Matching","kite","neutral","NonPerson","NonPerson","lbl_neutral","label_neutral","Neutral","NonPerson","m","573","0.573","1"
"1","self-matching","1","Nonmatching","trapeze","you","Self","Self","lbl_friend","label_friend","Friend","Close","n","704","0.704","1"
"1","self-matching","1","Matching","trapeze","you","Self","Self","lbl_you","label_you","Self","Self","m","526","0.526","1"
"1","self-matching","1","Matching","square","friend","Friend","Close","lbl_friend","label_friend","Friend","Close","m","405","0.405","1"
"1","self-matching","1","Matching","kite","neutral","NonPerson","NonPerson","lbl_neutral","label_neutral","Neutral","NonPerson","m","722","0.722","1"
"1","self-matching","1","Nonmatching","pentagon","happy","NonPerson","NonPerson","lbl_neutral","label_neutral","Neutral","NonPerson","n","987","0.987","1"
"1","self-matching","1","Nonmatching","square","friend","Friend","Close","lbl_you","label_you","Self","Self","n","674","0.674","1"
"1","self-matching","1","Nonmatching","trapeze","you","Self","Self","lbl_friend","label_friend","Friend","Close","n","566","0.566","1"
"1","self-matching","1","Nonmatching","kite","neutral","NonPerson","NonPerson","lbl_happy","label_happy","Happy","NonPerson","m","886","0.886","0"
"1","self-matching","1","Nonmatching","square","friend","Friend","Close","lbl_you","label_you","Self","Self","n","580","0.58","1"
"1","self-matching","1","Matching","square","friend","Friend","Close","lbl_friend","label_friend","Friend","Close","m","366","0.366","1"
"1","self-matching","2","Nonmatching","kite","neutral","NonPerson","NonPerson","lbl_happy","label_happy","Happy","NonPerson","n","755","0.755","1"
"1","self-matching","2","Matching","trapeze","you","Self","Self","lbl_you","label_you","Self","Self","n","613","0.613","0"
"1","self-matching","2","Nonmatching","trapeze","you","Self","Self","lbl_friend","label_friend","Friend","Close","n","527","0.527","1"
"1","self-matching","2","Matching","pentagon","happy","NonPerson","NonPerson","lbl_happy","label_happy","Happy","NonPerson","m","550","0.55","1"
"1","self-matching","2","Nonmatching","square","friend","Friend","Close","lbl_you","label_you","Self","Self","n","554","0.554","1"
"1","self-matching","2","Matching","square","friend","Friend","Close","lbl_friend","label_friend","Friend","Close","m","317","0.317","1"
"1","self-matching","2","Matching","pentagon","happy","NonPerson","NonPerson","lbl_happy","label_happy","Happy","NonPerson","m","738","0.738","1"
"1","self-matching","2","Matching","kite","neutral","NonPerson","NonPerson","lbl_neutral","label_neutral","Neutral","NonPerson","m","797","0.797","1"
"1","self-matching","2","Nonmatching","pentagon","happy","NonPerson","NonPerson","lbl_neutral","label_neutral","Neutral","NonPerson","m","689","0.689","0"
"1","self-matching","2","Matching","trapeze","you","Self","Self","lbl_you","label_you","Self","Self","m","519","0.519","1"
"1","self-matching","2","Matching","square","friend","Friend","Close","lbl_friend","label_friend","Friend","Close","m","421","0.421","1"
"1","self-matching","2","Nonmatching","square","friend","Friend","Close","lbl_you","label_you","Self","Self","n","652","0.652","1"
"1","self-matching","2","Nonmatching","kite","neutral","NonPerson","NonPerson","lbl_happy","label_happy","Happy","NonPerson","n","649","0.649","1"
"1","self-matching","2","Nonmatching","trapeze","you","Self","Self","lbl_friend","label_friend","Friend","Close","n","762","0.762","1"
"1","self-matching","2","Matching","kite","neutral","NonPerson","NonPerson","lbl_neutral","label_neutral","Neutral","NonPerson","m","674","0.674","1"
"1","self-matching","2","Nonmatching","pentagon","happy","NonPerson","NonPerson","lbl_neutral","label_neutral","Neutral","NonPerson","n","514","0.514","1"
"1","self-matching","3","Matching","trapeze","you","Self","Self","lbl_you","label_you","Self","Self","m","640","0.64","1"
"1","self-matching","3","Nonmatching","kite","neutral","NonPerson","NonPerson","lbl_happy","label_happy","Happy","NonPerson","n","560","0.56","1"
"1","self-matching","3","Nonmatching","trapeze","you","Self","Self","lbl_friend","label_friend","Friend","Close","m","563","0.563","0"
"1","self-matching","3","Nonmatching","square","friend","Friend","Close","lbl_you","label_you","Self","Self","n","539","0.539","1"
"1","self-matching","3","Nonmatching","kite","neutral","NonPerson","NonPerson","lbl_happy","label_happy","Happy","NonPerson","n","708","0.708","1"
"1","self-matching","3","Matching","kite","neutral","NonPerson","NonPerson","lbl_neutral","label_neutral","Neutral","NonPerson","m","676","0.676","1"
"1","self-matching","3","Matching","pentagon","happy","NonPerson","NonPerson","lbl_happy","label_happy","Happy","NonPerson","m","715","0.715","1"
"1","self-matching","3","Matching","kite","neutral","NonPerson","NonPerson","lbl_neutral","label_neutral","Neutral","NonPerson","m","767","0.767","1"
"1","self-matching","3","Matching","pentagon","happy","NonPerson","NonPerson","lbl_happy","label_happy","Happy","NonPerson","m","713","0.713","1"
"1","self-matching","3","Matching","square","friend","Friend","Close","lbl_friend","label_friend","Friend","Close","n","625","0.625","0"
"1","self-matching","3","Nonmatching","pentagon","happy","NonPerson","NonPerson","lbl_neutral","label_neutral","Neutral","NonPerson","n","954","0.954","1"
"1","self-matching","3","Nonmatching","trapeze","you","Self","Self","lbl_friend","label_friend","Friend","Close","m","593","0.593","0"
"1","self-matching","3","Nonmatching","square","friend","Friend","Close","lbl_you","label_you","Self","Self","n","597","0.597","1"
"1","self-matching","3","Matching","square","friend","Friend","Close","lbl_friend","label_friend","Friend","Close","m","341","0.341","1"
"1","self-matching","3","Matching","trapeze","you","Self","Self","lbl_you","label_you","Self","Self","n","507","0.507","0"
"1","self-matching","3","Nonmatching","pentagon","happy","NonPerson","NonPerson","lbl_neutral","label_neutral","Neutral","NonPerson","n","883","0.883","1"
"2","self-matching","1","Nonmatching","triangle","friend","Friend","Close","lbl_you","label_you","Self","Self","timeout","1652","1.652","0"
"2","self-matching","1","Nonmatching","diamond","neutral","NonPerson","NonPerson","lbl_happy","label_happy","Happy","NonPerson","n","1015","1.015","1"
"2","self-matching","1","Matching","triangle","friend","Friend","Close","lbl_friend","label_friend","Friend","Close","m","815","0.815","1"
"2","self-matching","1","Matching","rhomboid","you","Self","Self","lbl_you","label_you","Self","Self","m","775","0.775","1"
"2","self-matching","1","Nonmatching","rhomboid","you","Self","Self","lbl_friend","label_friend","Friend","Close","n","699","0.699","1"
"2","self-matching","1","Matching","octagon","happy","NonPerson","NonPerson","lbl_happy","label_happy","Happy","NonPerson","m","609","0.609","1"
"2","self-matching","1","Matching","diamond","neutral","NonPerson","NonPerson","lbl_neutral","label_neutral","Neutral","NonPerson","m","649","0.649","1"
"2","self-matching","1","Matching","triangle","friend","Friend","Close","lbl_friend","label_friend","Friend","Close","m","867","0.867","1"
"2","self-matching","1","Matching","diamond","neutral","NonPerson","NonPerson","lbl_neutral","label_neutral","Neutral","NonPerson","m","671","0.671","1"
"2","self-matching","1","Matching","octagon","happy","NonPerson","NonPerson","lbl_happy","label_happy","Happy","NonPerson","m","678","0.678","1"
"2","self-matching","1","Nonmatching","octagon","happy","NonPerson","NonPerson","lbl_neutral","label_neutral","Neutral","NonPerson","n","684","0.684","1"
"2","self-matching","1","Matching","rhomboid","you","Self","Self","lbl_you","label_you","Self","Self","m","589","0.589","1"
"2","self-matching","1","Nonmatching","rhomboid","you","Self","Self","lbl_friend","label_friend","Friend","Close","n","711","0.711","1"
"2","self-matching","1","Nonmatching","octagon","happy","NonPerson","NonPerson","lbl_neutral","label_neutral","Neutral","NonPerson","n","792","0.792","1"
"2","self-matching","1","Nonmatching","triangle","friend","Friend","Close","lbl_you","label_you","Self","Self","n","761","0.761","1"
"2","self-matching","1","Nonmatching","diamond","neutral","NonPerson","NonPerson","lbl_happy","label_happy","Happy","NonPerson","m","623","0.623","0"
"2","self-matching","2","Matching","diamond","neutral","NonPerson","NonPerson","lbl_neutral","label_neutral","Neutral","NonPerson","m","895","0.895","1"
"2","self-matching","2","Nonmatching","diamond","neutral","NonPerson","NonPerson","lbl_happy","label_happy","Happy","NonPerson","n","600","0.6","1"
"2","self-matching","2","Matching","triangle","friend","Friend","Close","lbl_friend","label_friend","Friend","Close","m","748","0.748","1"
"2","self-matching","2","Matching","diamond","neutral","NonPerson","NonPerson","lbl_neutral","label_neutral","Neutral","NonPerson","m","694","0.694","1"
"2","self-matching","2","Nonmatching","diamond","neutral","NonPerson","NonPerson","lbl_happy","label_happy","Happy","NonPerson","n","767","0.767","1"
"2","self-matching","2","Nonmatching","triangle","friend","Friend","Close","lbl_you","label_you","Self","Self","n","811","0.811","1"
"2","self-matching","2","Matching","octagon","happy","NonPerson","NonPerson","lbl_happy","label_happy","Happy","NonPerson","m","553","0.553","1"
"2","self-matching","2","Nonmatching","rhomboid","you","Self","Self","lbl_friend","label_friend","Friend","Close","n","698","0.698","1"
"2","self-matching","2","Nonmatching","octagon","happy","NonPerson","NonPerson","lbl_neutral","label_neutral","Neutral","NonPerson","n","732","0.732","1"
"2","self-matching","2","Matching","rhomboid","you","Self","Self","lbl_you","label_you","Self","Self","m","744","0.744","1"
"2","self-matching","2","Nonmatching","octagon","happy","NonPerson","NonPerson","lbl_neutral","label_neutral","Neutral","NonPerson","n","602","0.602","1"
"2","self-matching","2","Matching","rhomboid","you","Self","Self","lbl_you","label_you","Self","Self","m","721","0.721","1"
"2","self-matching","2","Matching","octagon","happy","NonPerson","NonPerson","lbl_happy","label_happy","Happy","NonPerson","m","599","0.599","1"
"2","self-matching","2","Matching","triangle","friend","Friend","Close","lbl_friend","label_friend","Friend","Close","m","653","0.653","1"
"2","self-matching","2","Nonmatching","triangle","friend","Friend","Close","lbl_you","label_you","Self","Self","n","789","0.789","1"
"2","self-matching","2","Nonmatching","rhomboid","you","Self","Self","lbl_friend","label_friend","Friend","Close","n","779","0.779","1"
"2","self-matching","3","Matching","diamond","neutral","NonPerson","NonPerson","lbl_neutral","label_neutral","Neutral","NonPerson","n","924","0.924","0"
"2","self-matching","3","Nonmatching","octagon","happy","NonPerson","NonPerson","lbl_neutral","label_neutral","Neutral","NonPerson","n","592","0.592","1"
"2","self-matching","3","Nonmatching","rhomboid","you","Self","Self","lbl_friend","label_friend","Friend","Close","n","581","0.581","1"
"2","self-matching","3","Matching","rhomboid","you","Self","Self","lbl_you","label_you","Self","Self","m","566","0.566","1"
"2","self-matching","3","Nonmatching","octagon","happy","NonPerson","NonPerson","lbl_neutral","label_neutral","Neutral","NonPerson","n","787","0.787","1"
"2","self-matching","3","Matching","triangle","friend","Friend","Close","lbl_friend","label_friend","Friend","Close","n","900","0.9","0"
"2","self-matching","3","Nonmatching","triangle","friend","Friend","Close","lbl_you","label_you","Self","Self","m","777","0.777","0"
"2","self-matching","3","Nonmatching","rhomboid","you","Self","Self","lbl_friend","label_friend","Friend","Close","n","632","0.632","1"
"2","self-matching","3","Matching","triangle","friend","Friend","Close","lbl_friend","label_friend","Friend","Close","m","712","0.712","1"
"2","self-matching","3","Matching","octagon","happy","NonPerson","NonPerson","lbl_happy","label_happy","Happy","NonPerson","m","620","0.62","1"
"2","self-matching","3","Matching","octagon","happy","NonPerson","NonPerson","lbl_happy","label_happy","Happy","NonPerson","m","647","0.647","1"
"2","self-matching","3","Nonmatching","diamond","neutral","NonPerson","NonPerson","lbl_happy","label_happy","Happy","NonPerson","n","685","0.685","1"
"2","self-matching","3","Nonmatching","triangle","friend","Friend","Close","lbl_you","label_you","Self","Self","n","738","0.738","1"
"2","self-matching","3","Nonmatching","diamond","neutral","NonPerson","NonPerson","lbl_happy","label_happy","Happy","NonPerson","n","708","0.708","1"
"2","self-matching","3","Matching","rhomboid","you","Self","Self","lbl_you","label_you","Self","Self","m","579","0.579","1"
"2","self-matching","3","Matching","diamond","neutral","NonPerson","NonPerson","lbl_neutral","label_neutral","Neutral","NonPerson","m","923","0.923","1"
"2","self-matching","1","Matching","trapeze","friend","Friend","Close","lbl_friend","label_friend","Friend","Close","c","745","0.745","1"
"2","self-matching","1","Nonmatching","trapeze","friend","Friend","Close","lbl_you","label_you","Self","Self","x","662","0.662","1"
"2","self-matching","1","Nonmatching","kite","neutral","NonPerson","NonPerson","lbl_happy","label_happy","Happy","NonPerson","x","833","0.833","1"
"2","self-matching","1","Matching","kite","neutral","NonPerson","NonPerson","lbl_neutral","label_neutral","Neutral","NonPerson","c","794","0.794","1"
"2","self-matching","1","Matching","kite","neutral","NonPerson","NonPerson","lbl_neutral","label_neutral","Neutral","NonPerson","x","609","0.609","0"
"2","self-matching","1","Nonmatching","pentagon","happy","NonPerson","NonPerson","lbl_neutral","label_neutral","Neutral","NonPerson","x","877","0.877","1"
"2","self-matching","1","Matching","pentagon","happy","NonPerson","NonPerson","lbl_happy","label_happy","Happy","NonPerson","c","784","0.784","1"
"2","self-matching","1","Nonmatching","square","you","Self","Self","lbl_friend","label_friend","Friend","Close","x","704","0.704","1"
"2","self-matching","1","Nonmatching","square","you","Self","Self","lbl_friend","label_friend","Friend","Close","x","541","0.541","1"
"2","self-matching","1","Nonmatching","pentagon","happy","NonPerson","NonPerson","lbl_neutral","label_neutral","Neutral","NonPerson","x","815","0.815","1"
"2","self-matching","1","Matching","trapeze","friend","Friend","Close","lbl_friend","label_friend","Friend","Close","x","651","0.651","0"
"2","self-matching","1","Matching","square","you","Self","Self","lbl_you","label_you","Self","Self","c","713","0.713","1"
"2","self-matching","1","Nonmatching","kite","neutral","NonPerson","NonPerson","lbl_happy","label_happy","Happy","NonPerson","x","909","0.909","1"
"2","self-matching","1","Matching","pentagon","happy","NonPerson","NonPerson","lbl_happy","label_happy","Happy","NonPerson","c","573","0.573","1"
"2","self-matching","1","Matching","square","you","Self","Self","lbl_you","label_you","Self","Self","c","922","0.922","1"
"2","self-matching","1","Nonmatching","trapeze","friend","Friend","Close","lbl_you","label_you","Self","Self","x","666","0.666","1"
"2","self-matching","2","Nonmatching","trapeze","friend","Friend","Close","lbl_you","label_you","Self","Self","x","1143","1.143","1"
"2","self-matching","2","Matching","kite","neutral","NonPerson","NonPerson","lbl_neutral","label_neutral","Neutral","NonPerson","c","836","0.836","1"
"2","self-matching","2","Nonmatching","square","you","Self","Self","lbl_friend","label_friend","Friend","Close","x","659","0.659","1"
"2","self-matching","2","Nonmatching","square","you","Self","Self","lbl_friend","label_friend","Friend","Close","x","827","0.827","1"
"2","self-matching","2","Nonmatching","pentagon","happy","NonPerson","NonPerson","lbl_neutral","label_neutral","Neutral","NonPerson","x","891","0.891","1"
"2","self-matching","2","Matching","pentagon","happy","NonPerson","NonPerson","lbl_happy","label_happy","Happy","NonPerson","c","579","0.579","1"
"2","self-matching","2","Nonmatching","trapeze","friend","Friend","Close","lbl_you","label_you","Self","Self","x","825","0.825","1"
"2","self-matching","2","Matching","pentagon","happy","NonPerson","NonPerson","lbl_happy","label_happy","Happy","NonPerson","c","790","0.79","1"
"2","self-matching","2","Matching","trapeze","friend","Friend","Close","lbl_friend","label_friend","Friend","Close","c","589","0.589","1"
"2","self-matching","2","Matching","kite","neutral","NonPerson","NonPerson","lbl_neutral","label_neutral","Neutral","NonPerson","c","767","0.767","1"
"2","self-matching","2","Matching","trapeze","friend","Friend","Close","lbl_friend","label_friend","Friend","Close","c","645","0.645","1"
"2","self-matching","2","Matching","square","you","Self","Self","lbl_you","label_you","Self","Self","c","717","0.717","1"
"2","self-matching","2","Matching","square","you","Self","Self","lbl_you","label_you","Self","Self","c","842","0.842","1"
"2","self-matching","2","Nonmatching","pentagon","happy","NonPerson","NonPerson","lbl_neutral","label_neutral","Neutral","NonPerson","x","970","0.97","1"
"2","self-matching","2","Nonmatching","kite","neutral","NonPerson","NonPerson","lbl_happy","label_happy","Happy","NonPerson","x","932","0.932","1"
"2","self-matching","2","Nonmatching","kite","neutral","NonPerson","NonPerson","lbl_happy","label_happy","Happy","NonPerson","x","759","0.759","1"
"2","self-matching","3","Matching","trapeze","friend","Friend","Close","lbl_friend","label_friend","Friend","Close","c","629","0.629","1"
"2","self-matching","3","Matching","square","you","Self","Self","lbl_you","label_you","Self","Self","c","559","0.559","1"
"2","self-matching","3","Nonmatching","trapeze","friend","Friend","Close","lbl_you","label_you","Self","Self","x","1067","1.067","1"
"2","self-matching","3","Nonmatching","kite","neutral","NonPerson","NonPerson","lbl_happy","label_happy","Happy","NonPerson","x","770","0.77","1"
"2","self-matching","3","Matching","pentagon","happy","NonPerson","NonPerson","lbl_happy","label_happy","Happy","NonPerson","c","632","0.632","1"
"2","self-matching","3","Nonmatching","kite","neutral","NonPerson","NonPerson","lbl_happy","label_happy","Happy","NonPerson","x","744","0.744","1"
"2","self-matching","3","Matching","kite","neutral","NonPerson","NonPerson","lbl_neutral","label_neutral","Neutral","NonPerson","c","580","0.58","1"
"2","self-matching","3","Nonmatching","trapeze","friend","Friend","Close","lbl_you","label_you","Self","Self","x","668","0.668","1"
"2","self-matching","3","Matching","trapeze","friend","Friend","Close","lbl_friend","label_friend","Friend","Close","c","582","0.582","1"
"2","self-matching","3","Nonmatching","pentagon","happy","NonPerson","NonPerson","lbl_neutral","label_neutral","Neutral","NonPerson","x","970","0.97","1"
"2","self-matching","3","Matching","kite","neutral","NonPerson","NonPerson","lbl_neutral","label_neutral","Neutral","NonPerson","c","746","0.746","1"
"2","self-matching","3","Nonmatching","square","you","Self","Self","lbl_friend","label_friend","Friend","Close","x","833","0.833","1"
"2","self-matching","3","Matching","pentagon","happy","NonPerson","NonPerson","lbl_happy","label_happy","Happy","NonPerson","c","1156","1.156","1"
"2","self-matching","3","Nonmatching","pentagon","happy","NonPerson","NonPerson","lbl_neutral","label_neutral","Neutral","NonPerson","x","729","0.729","1"
"2","self-matching","3","Nonmatching","square","you","Self","Self","lbl_friend","label_friend","Friend","Close","x","689","0.689","1"
"2","self-matching","3","Matching","square","you","Self","Self","lbl_you","label_you","Self","Self","c","669","0.669","1"
"3","self-matching","1","Nonmatching","square","happy","NonPerson","NonPerson","lbl_neutral","label_neutral","Neutral","NonPerson","c","676","0.676","0"
"3","self-matching","1","Nonmatching","trapeze","neutral","NonPerson","NonPerson","lbl_happy","label_happy","Happy","NonPerson","x","839","0.839","1"
"3","self-matching","1","Matching","trapeze","neutral","NonPerson","NonPerson","lbl_neutral","label_neutral","Neutral","NonPerson","c","839","0.839","1"
"3","self-matching","1","Matching","kite","friend","Friend","Close","lbl_friend","label_friend","Friend","Close","c","859","0.859","1"
"3","self-matching","1","Nonmatching","kite","friend","Friend","Close","lbl_you","label_you","Self","Self","x","769","0.769","1"
"3","self-matching","1","Matching","trapeze","neutral","NonPerson","NonPerson","lbl_neutral","label_neutral","Neutral","NonPerson","c","927","0.927","1"
"3","self-matching","1","Matching","square","happy","NonPerson","NonPerson","lbl_happy","label_happy","Happy","NonPerson","c","878","0.878","1"
"3","self-matching","1","Matching","pentagon","you","Self","Self","lbl_you","label_you","Self","Self","c","868","0.868","1"
"3","self-matching","1","Matching","square","happy","NonPerson","NonPerson","lbl_happy","label_happy","Happy","NonPerson","x","643","0.643","0"
"3","self-matching","1","Nonmatching","square","happy","NonPerson","NonPerson","lbl_neutral","label_neutral","Neutral","NonPerson","c","624","0.624","0"
"3","self-matching","1","Nonmatching","pentagon","you","Self","Self","lbl_friend","label_friend","Friend","Close","x","766","0.766","1"
"3","self-matching","1","Nonmatching","pentagon","you","Self","Self","lbl_friend","label_friend","Friend","Close","x","890","0.89","1"
"3","self-matching","1","Nonmatching","trapeze","neutral","NonPerson","NonPerson","lbl_happy","label_happy","Happy","NonPerson","x","748","0.748","1"
"3","self-matching","1","Nonmatching","kite","friend","Friend","Close","lbl_you","label_you","Self","Self","x","757","0.757","1"
"3","self-matching","1","Matching","kite","friend","Friend","Close","lbl_friend","label_friend","Friend","Close","x","594","0.594","0"
"3","self-matching","1","Matching","pentagon","you","Self","Self","lbl_you","label_you","Self","Self","c","638","0.638","1"
"3","self-matching","2","Nonmatching","trapeze","neutral","NonPerson","NonPerson","lbl_happy","label_happy","Happy","NonPerson","x","654","0.654","1"
"3","self-matching","2","Matching","pentagon","you","Self","Self","lbl_you","label_you","Self","Self","c","621","0.621","1"
"3","self-matching","2","Matching","square","happy","NonPerson","NonPerson","lbl_happy","label_happy","Happy","NonPerson","x","709","0.709","0"
"3","self-matching","2","Nonmatching","kite","friend","Friend","Close","lbl_you","label_you","Self","Self","x","644","0.644","1"
"3","self-matching","2","Matching","kite","friend","Friend","Close","lbl_friend","label_friend","Friend","Close","c","626","0.626","1"
"3","self-matching","2","Nonmatching","square","happy","NonPerson","NonPerson","lbl_neutral","label_neutral","Neutral","NonPerson","c","732","0.732","0"
"3","self-matching","2","Nonmatching","trapeze","neutral","NonPerson","NonPerson","lbl_happy","label_happy","Happy","NonPerson","x","1055","1.055","1"
"3","self-matching","2","Nonmatching","pentagon","you","Self","Self","lbl_friend","label_friend","Friend","Close","x","800","0.8","1"
"3","self-matching","2","Nonmatching","kite","friend","Friend","Close","lbl_you","label_you","Self","Self","x","879","0.879","1"
"3","self-matching","2","Nonmatching","square","happy","NonPerson","NonPerson","lbl_neutral","label_neutral","Neutral","NonPerson","c","615","0.615","0"
"3","self-matching","2","Matching","trapeze","neutral","NonPerson","NonPerson","lbl_neutral","label_neutral","Neutral","NonPerson","c","905","0.905","1"
"3","self-matching","2","Nonmatching","pentagon","you","Self","Self","lbl_friend","label_friend","Friend","Close","x","661","0.661","1"
"3","self-matching","2","Matching","pentagon","you","Self","Self","lbl_you","label_you","Self","Self","c","763","0.763","1"
"3","self-matching","2","Matching","square","happy","NonPerson","NonPerson","lbl_happy","label_happy","Happy","NonPerson","x","779","0.779","0"
"3","self-matching","2","Matching","kite","friend","Friend","Close","lbl_friend","label_friend","Friend","Close","c","752","0.752","1"
"3","self-matching","2","Matching","trapeze","neutral","NonPerson","NonPerson","lbl_neutral","label_neutral","Neutral","NonPerson","c","578","0.578","1"
"3","self-matching","3","Matching","kite","friend","Friend","Close","lbl_friend","label_friend","Friend","Close","c","687","0.687","1"
"3","self-matching","3","Matching","square","happy","NonPerson","NonPerson","lbl_happy","label_happy","Happy","NonPerson","x","697","0.697","0"
"3","self-matching","3","Matching","trapeze","neutral","NonPerson","NonPerson","lbl_neutral","label_neutral","Neutral","NonPerson","c","591","0.591","1"
"3","self-matching","3","Matching","square","happy","NonPerson","NonPerson","lbl_happy","label_happy","Happy","NonPerson","c","644","0.644","1"
"3","self-matching","3","Nonmatching","square","happy","NonPerson","NonPerson","lbl_neutral","label_neutral","Neutral","NonPerson","x","597","0.597","1"
"3","self-matching","3","Nonmatching","pentagon","you","Self","Self","lbl_friend","label_friend","Friend","Close","x","791","0.791","1"
"3","self-matching","3","Matching","pentagon","you","Self","Self","lbl_you","label_you","Self","Self","c","579","0.579","1"
"3","self-matching","3","Nonmatching","pentagon","you","Self","Self","lbl_friend","label_friend","Friend","Close","x","623","0.623","1"
"3","self-matching","3","Matching","kite","friend","Friend","Close","lbl_friend","label_friend","Friend","Close","x","716","0.716","0"
"3","self-matching","3","Matching","pentagon","you","Self","Self","lbl_you","label_you","Self","Self","c","538","0.538","1"
"3","self-matching","3","Nonmatching","kite","friend","Friend","Close","lbl_you","label_you","Self","Self","x","689","0.689","1"
"3","self-matching","3","Nonmatching","trapeze","neutral","NonPerson","NonPerson","lbl_happy","label_happy","Happy","NonPerson","x","698","0.698","1"
"3","self-matching","3","Nonmatching","trapeze","neutral","NonPerson","NonPerson","lbl_happy","label_happy","Happy","NonPerson","x","720","0.72","1"
"3","self-matching","3","Nonmatching","square","happy","NonPerson","NonPerson","lbl_neutral","label_neutral","Neutral","NonPerson","x","761","0.761","1"
"3","self-matching","3","Nonmatching","kite","friend","Friend","Close","lbl_you","label_you","Self","Self","x","625","0.625","1"
"3","self-matching","3","Matching","trapeze","neutral","NonPerson","NonPerson","lbl_neutral","label_neutral","Neutral","NonPerson","x","718","0.718","0"
"3","self-matching","1","Nonmatching","rhomboid","happy","NonPerson","NonPerson","lbl_neutral","label_neutral","Neutral","NonPerson","m","727","0.727","0"
"3","self-matching","1","Nonmatching","triangle","neutral","NonPerson","NonPerson","lbl_happy","label_happy","Happy","NonPerson","n","860","0.86","1"
"3","self-matching","1","Matching","rhomboid","happy","NonPerson","NonPerson","lbl_happy","label_happy","Happy","NonPerson","n","843","0.843","0"
"3","self-matching","1","Nonmatching","octagon","you","Self","Self","lbl_friend","label_friend","Friend","Close","n","739","0.739","1"
"3","self-matching","1","Nonmatching","octagon","you","Self","Self","lbl_friend","label_friend","Friend","Close","n","799","0.799","1"
"3","self-matching","1","Matching","octagon","you","Self","Self","lbl_you","label_you","Self","Self","m","623","0.623","1"
"3","self-matching","1","Nonmatching","diamond","friend","Friend","Close","lbl_you","label_you","Self","Self","n","939","0.939","1"
"3","self-matching","1","Matching","diamond","friend","Friend","Close","lbl_friend","label_friend","Friend","Close","m","807","0.807","1"
"3","self-matching","1","Nonmatching","triangle","neutral","NonPerson","NonPerson","lbl_happy","label_happy","Happy","NonPerson","n","752","0.752","1"
"3","self-matching","1","Matching","diamond","friend","Friend","Close","lbl_friend","label_friend","Friend","Close","n","664","0.664","0"
"3","self-matching","1","Nonmatching","rhomboid","happy","NonPerson","NonPerson","lbl_neutral","label_neutral","Neutral","NonPerson","n","701","0.701","1"
"3","self-matching","1","Nonmatching","diamond","friend","Friend","Close","lbl_you","label_you","Self","Self","m","512","0.512","0"
"3","self-matching","1","Matching","octagon","you","Self","Self","lbl_you","label_you","Self","Self","n","309","0.309","0"
"3","self-matching","1","Matching","rhomboid","happy","NonPerson","NonPerson","lbl_happy","label_happy","Happy","NonPerson","m","201","0.201","1"
"3","self-matching","1","Matching","triangle","neutral","NonPerson","NonPerson","lbl_neutral","label_neutral","Neutral","NonPerson","n","197","0.197","0"
"3","self-matching","1","Matching","triangle","neutral","NonPerson","NonPerson","lbl_neutral","label_neutral","Neutral","NonPerson","m","1336","1.336","1"
"3","self-matching","2","Matching","rhomboid","happy","NonPerson","NonPerson","lbl_happy","label_happy","Happy","NonPerson","m","774","0.774","1"
"3","self-matching","2","Matching","rhomboid","happy","NonPerson","NonPerson","lbl_happy","label_happy","Happy","NonPerson","m","732","0.732","1"
"3","self-matching","2","Nonmatching","triangle","neutral","NonPerson","NonPerson","lbl_happy","label_happy","Happy","NonPerson","n","761","0.761","1"
"3","self-matching","2","Matching","diamond","friend","Friend","Close","lbl_friend","label_friend","Friend","Close","m","969","0.969","1"
"3","self-matching","2","Matching","octagon","you","Self","Self","lbl_you","label_you","Self","Self","m","508","0.508","1"
"3","self-matching","2","Matching","triangle","neutral","NonPerson","NonPerson","lbl_neutral","label_neutral","Neutral","NonPerson","m","863","0.863","1"
"3","self-matching","2","Nonmatching","octagon","you","Self","Self","lbl_friend","label_friend","Friend","Close","n","680","0.68","1"
"3","self-matching","2","Nonmatching","diamond","friend","Friend","Close","lbl_you","label_you","Self","Self","n","687","0.687","1"
"3","self-matching","2","Nonmatching","diamond","friend","Friend","Close","lbl_you","label_you","Self","Self","n","867","0.867","1"
"3","self-matching","2","Matching","triangle","neutral","NonPerson","NonPerson","lbl_neutral","label_neutral","Neutral","NonPerson","m","898","0.898","1"
"3","self-matching","2","Nonmatching","rhomboid","happy","NonPerson","NonPerson","lbl_neutral","label_neutral","Neutral","NonPerson","n","1039","1.039","1"
"3","self-matching","2","Nonmatching","rhomboid","happy","NonPerson","NonPerson","lbl_neutral","label_neutral","Neutral","NonPerson","n","732","0.732","1"
"3","self-matching","2","Matching","octagon","you","Self","Self","lbl_you","label_you","Self","Self","n","841","0.841","0"
"3","self-matching","2","Matching","diamond","friend","Friend","Close","lbl_friend","label_friend","Friend","Close","m","707","0.707","1"
"3","self-matching","2","Nonmatching","octagon","you","Self","Self","lbl_friend","label_friend","Friend","Close","n","735","0.735","1"
"3","self-matching","2","Nonmatching","triangle","neutral","NonPerson","NonPerson","lbl_happy","label_happy","Happy","NonPerson","n","671","0.671","1"
"3","self-matching","3","Nonmatching","diamond","friend","Friend","Close","lbl_you","label_you","Self","Self","n","1286","1.286","1"
"3","self-matching","3","Matching","diamond","friend","Friend","Close","lbl_friend","label_friend","Friend","Close","m","676","0.676","1"
"3","self-matching","3","Nonmatching","rhomboid","happy","NonPerson","NonPerson","lbl_neutral","label_neutral","Neutral","NonPerson","n","842","0.842","1"
"3","self-matching","3","Matching","octagon","you","Self","Self","lbl_you","label_you","Self","Self","n","953","0.953","0"
"3","self-matching","3","Matching","triangle","neutral","NonPerson","NonPerson","lbl_neutral","label_neutral","Neutral","NonPerson","m","609","0.609","1"
"3","self-matching","3","Matching","octagon","you","Self","Self","lbl_you","label_you","Self","Self","m","755","0.755","1"
"3","self-matching","3","Nonmatching","octagon","you","Self","Self","lbl_friend","label_friend","Friend","Close","n","568","0.568","1"
"3","self-matching","3","Nonmatching","triangle","neutral","NonPerson","NonPerson","lbl_happy","label_happy","Happy","NonPerson","m","505","0.505","0"
"3","self-matching","3","Matching","rhomboid","happy","NonPerson","NonPerson","lbl_happy","label_happy","Happy","NonPerson","m","252","0.252","1"
"3","self-matching","3","Nonmatching","triangle","neutral","NonPerson","NonPerson","lbl_happy","label_happy","Happy","NonPerson","n","579","0.579","1"
"3","self-matching","3","Matching","rhomboid","happy","NonPerson","NonPerson","lbl_happy","label_happy","Happy","NonPerson","m","701","0.701","1"
"3","self-matching","3","Matching","diamond","friend","Friend","Close","lbl_friend","label_friend","Friend","Close","m","758","0.758","1"
"3","self-matching","3","Nonmatching","diamond","friend","Friend","Close","lbl_you","label_you","Self","Self","n","643","0.643","1"
"3","self-matching","3","Matching","triangle","neutral","NonPerson","NonPerson","lbl_neutral","label_neutral","Neutral","NonPerson","m","716","0.716","1"
"3","self-matching","3","Nonmatching","rhomboid","happy","NonPerson","NonPerson","lbl_neutral","label_neutral","Neutral","NonPerson","n","649","0.649","1"
"3","self-matching","3","Nonmatching","octagon","you","Self","Self","lbl_friend","label_friend","Friend","Close","n","689","0.689","1"
"6","self-matching","1","Matching","octagon","you","Self","Self","lbl_you","label_you","Self","Self","c","1415","1.415","1"
"6","self-matching","1","Matching","rhomboid","friend","Friend","Close","lbl_friend","label_friend","Friend","Close","c","1067","1.067","1"
"6","self-matching","1","Nonmatching","rhomboid","friend","Friend","Close","lbl_you","label_you","Self","Self","x","1476","1.476","1"
"6","self-matching","1","Nonmatching","diamond","happy","NonPerson","NonPerson","lbl_neutral","label_neutral","Neutral","NonPerson","timeout","1649","1.649","0"
"6","self-matching","1","Matching","diamond","happy","NonPerson","NonPerson","lbl_happy","label_happy","Happy","NonPerson","c","847","0.847","1"
"6","self-matching","1","Matching","diamond","happy","NonPerson","NonPerson","lbl_happy","label_happy","Happy","NonPerson","c","688","0.688","1"
"6","self-matching","1","Nonmatching","triangle","neutral","NonPerson","NonPerson","lbl_happy","label_happy","Happy","NonPerson","c","455","0.455","0"
"6","self-matching","1","Matching","rhomboid","friend","Friend","Close","lbl_friend","label_friend","Friend","Close","c","1208","1.208","1"
"6","self-matching","1","Matching","triangle","neutral","NonPerson","NonPerson","lbl_neutral","label_neutral","Neutral","NonPerson","x","1200","1.2","0"
"6","self-matching","1","Matching","triangle","neutral","NonPerson","NonPerson","lbl_neutral","label_neutral","Neutral","NonPerson","c","757","0.757","1"
"6","self-matching","1","Nonmatching","rhomboid","friend","Friend","Close","lbl_you","label_you","Self","Self","x","1253","1.253","1"
"6","self-matching","1","Matching","octagon","you","Self","Self","lbl_you","label_you","Self","Self","c","707","0.707","1"
"6","self-matching","1","Nonmatching","octagon","you","Self","Self","lbl_friend","label_friend","Friend","Close","x","870","0.87","1"
"6","self-matching","1","Nonmatching","octagon","you","Self","Self","lbl_friend","label_friend","Friend","Close","x","606","0.606","1"
"6","self-matching","1","Nonmatching","triangle","neutral","NonPerson","NonPerson","lbl_happy","label_happy","Happy","NonPerson","c","968","0.968","0"
"6","self-matching","1","Nonmatching","diamond","happy","NonPerson","NonPerson","lbl_neutral","label_neutral","Neutral","NonPerson","c","867","0.867","0"
"6","self-matching","2","Matching","triangle","neutral","NonPerson","NonPerson","lbl_neutral","label_neutral","Neutral","NonPerson","c","823","0.823","1"
"6","self-matching","2","Matching","octagon","you","Self","Self","lbl_you","label_you","Self","Self","x","764","0.764","0"
"6","self-matching","2","Nonmatching","octagon","you","Self","Self","lbl_friend","label_friend","Friend","Close","x","1259","1.259","1"
"6","self-matching","2","Nonmatching","diamond","happy","NonPerson","NonPerson","lbl_neutral","label_neutral","Neutral","NonPerson","c","999","0.999","0"
"6","self-matching","2","Nonmatching","rhomboid","friend","Friend","Close","lbl_you","label_you","Self","Self","x","1146","1.146","1"
"6","self-matching","2","Matching","diamond","happy","NonPerson","NonPerson","lbl_happy","label_happy","Happy","NonPerson","c","906","0.906","1"
"6","self-matching","2","Nonmatching","triangle","neutral","NonPerson","NonPerson","lbl_happy","label_happy","Happy","NonPerson","x","1118","1.118","1"
"6","self-matching","2","Nonmatching","rhomboid","friend","Friend","Close","lbl_you","label_you","Self","Self","x","1037","1.037","1"
"6","self-matching","2","Matching","diamond","happy","NonPerson","NonPerson","lbl_happy","label_happy","Happy","NonPerson","x","1305","1.305","0"
"6","self-matching","2","Nonmatching","triangle","neutral","NonPerson","NonPerson","lbl_happy","label_happy","Happy","NonPerson","x","1023","1.023","1"
"6","self-matching","2","Matching","triangle","neutral","NonPerson","NonPerson","lbl_neutral","label_neutral","Neutral","NonPerson","c","847","0.847","1"
"6","self-matching","2","Nonmatching","octagon","you","Self","Self","lbl_friend","label_friend","Friend","Close","x","1344","1.344","1"
"6","self-matching","2","Matching","octagon","you","Self","Self","lbl_you","label_you","Self","Self","c","823","0.823","1"
"6","self-matching","2","Matching","rhomboid","friend","Friend","Close","lbl_friend","label_friend","Friend","Close","c","643","0.643","1"
"6","self-matching","2","Matching","rhomboid","friend","Friend","Close","lbl_friend","label_friend","Friend","Close","c","617","0.617","1"
"6","self-matching","2","Nonmatching","diamond","happy","NonPerson","NonPerson","lbl_neutral","label_neutral","Neutral","NonPerson","x","949","0.949","1"
"6","self-matching","3","Matching","triangle","neutral","NonPerson","NonPerson","lbl_neutral","label_neutral","Neutral","NonPerson","timeout","1648","1.648","0"
"6","self-matching","3","Matching","rhomboid","friend","Friend","Close","lbl_friend","label_friend","Friend","Close","c","741","0.741","1"
"6","self-matching","3","Nonmatching","octagon","you","Self","Self","lbl_friend","label_friend","Friend","Close","x","736","0.736","1"
"6","self-matching","3","Matching","rhomboid","friend","Friend","Close","lbl_friend","label_friend","Friend","Close","c","622","0.622","1"
"6","self-matching","3","Nonmatching","diamond","happy","NonPerson","NonPerson","lbl_neutral","label_neutral","Neutral","NonPerson","x","702","0.702","1"
"6","self-matching","3","Nonmatching","triangle","neutral","NonPerson","NonPerson","lbl_happy","label_happy","Happy","NonPerson","c","782","0.782","0"
"6","self-matching","3","Matching","diamond","happy","NonPerson","NonPerson","lbl_happy","label_happy","Happy","NonPerson","c","797","0.797","1"
"6","self-matching","3","Nonmatching","diamond","happy","NonPerson","NonPerson","lbl_neutral","label_neutral","Neutral","NonPerson","x","735","0.735","1"
"6","self-matching","3","Nonmatching","triangle","neutral","NonPerson","NonPerson","lbl_happy","label_happy","Happy","NonPerson","c","870","0.87","0"
"6","self-matching","3","Matching","triangle","neutral","NonPerson","NonPerson","lbl_neutral","label_neutral","Neutral","NonPerson","c","1120","1.12","1"
"6","self-matching","3","Nonmatching","rhomboid","friend","Friend","Close","lbl_you","label_you","Self","Self","x","1012","1.012","1"
"6","self-matching","3","Matching","diamond","happy","NonPerson","NonPerson","lbl_happy","label_happy","Happy","NonPerson","x","745","0.745","0"
"6","self-matching","3","Nonmatching","octagon","you","Self","Self","lbl_friend","label_friend","Friend","Close","c","445","0.445","0"
"6","self-matching","3","Nonmatching","rhomboid","friend","Friend","Close","lbl_you","label_you","Self","Self","x","1037","1.037","1"
"6","self-matching","3","Matching","octagon","you","Self","Self","lbl_you","label_you","Self","Self","c","1013","1.013","1"
"6","self-matching","3","Matching","octagon","you","Self","Self","lbl_you","label_you","Self","Self","c","953","0.953","1"
"6","self-matching","1","Nonmatching","square","friend","Friend","Close","lbl_you","label_you","Self","Self","n","1015","1.015","1"
"6","self-matching","1","Nonmatching","pentagon","you","Self","Self","lbl_friend","label_friend","Friend","Close","n","1171","1.171","1"
"6","self-matching","1","Matching","trapeze","neutral","NonPerson","NonPerson","lbl_neutral","label_neutral","Neutral","NonPerson","m","978","0.978","1"
"6","self-matching","1","Matching","square","friend","Friend","Close","lbl_friend","label_friend","Friend","Close","n","1223","1.223","0"
"6","self-matching","1","Matching","kite","happy","NonPerson","NonPerson","lbl_happy","label_happy","Happy","NonPerson","n","468","0.468","0"
"6","self-matching","1","Matching","trapeze","neutral","NonPerson","NonPerson","lbl_neutral","label_neutral","Neutral","NonPerson","n","1078","1.078","0"
"6","self-matching","1","Matching","square","friend","Friend","Close","lbl_friend","label_friend","Friend","Close","m","726","0.726","1"
"6","self-matching","1","Nonmatching","trapeze","neutral","NonPerson","NonPerson","lbl_happy","label_happy","Happy","NonPerson","m","720","0.72","0"
"6","self-matching","1","Matching","pentagon","you","Self","Self","lbl_you","label_you","Self","Self","n","1067","1.067","0"
"6","self-matching","1","Nonmatching","trapeze","neutral","NonPerson","NonPerson","lbl_happy","label_happy","Happy","NonPerson","n","828","0.828","1"
"6","self-matching","1","Matching","kite","happy","NonPerson","NonPerson","lbl_happy","label_happy","Happy","NonPerson","m","648","0.648","1"
"6","self-matching","1","Nonmatching","pentagon","you","Self","Self","lbl_friend","label_friend","Friend","Close","n","746","0.746","1"
"6","self-matching","1","Nonmatching","square","friend","Friend","Close","lbl_you","label_you","Self","Self","n","820","0.82","1"
"6","self-matching","1","Nonmatching","kite","happy","NonPerson","NonPerson","lbl_neutral","label_neutral","Neutral","NonPerson","m","793","0.793","0"
"6","self-matching","1","Matching","pentagon","you","Self","Self","lbl_you","label_you","Self","Self","m","715","0.715","1"
"6","self-matching","1","Nonmatching","kite","happy","NonPerson","NonPerson","lbl_neutral","label_neutral","Neutral","NonPerson","n","617","0.617","1"
"6","self-matching","2","Nonmatching","trapeze","neutral","NonPerson","NonPerson","lbl_happy","label_happy","Happy","NonPerson","m","1585","1.585","0"
"6","self-matching","2","Nonmatching","pentagon","you","Self","Self","lbl_friend","label_friend","Friend","Close","n","726","0.726","1"
"6","self-matching","2","Matching","pentagon","you","Self","Self","lbl_you","label_you","Self","Self","m","816","0.816","1"
"6","self-matching","2","Matching","square","friend","Friend","Close","lbl_friend","label_friend","Friend","Close","n","767","0.767","0"
"6","self-matching","2","Matching","kite","happy","NonPerson","NonPerson","lbl_happy","label_happy","Happy","NonPerson","n","796","0.796","0"
"6","self-matching","2","Matching","square","friend","Friend","Close","lbl_friend","label_friend","Friend","Close","m","804","0.804","1"
"6","self-matching","2","Nonmatching","kite","happy","NonPerson","NonPerson","lbl_neutral","label_neutral","Neutral","NonPerson","n","712","0.712","1"
"6","self-matching","2","Matching","trapeze","neutral","NonPerson","NonPerson","lbl_neutral","label_neutral","Neutral","NonPerson","m","915","0.915","1"
"6","self-matching","2","Nonmatching","trapeze","neutral","NonPerson","NonPerson","lbl_happy","label_happy","Happy","NonPerson","n","750","0.75","1"
"6","self-matching","2","Nonmatching","pentagon","you","Self","Self","lbl_friend","label_friend","Friend","Close","m","741","0.741","0"
"6","self-matching","2","Nonmatching","kite","happy","NonPerson","NonPerson","lbl_neutral","label_neutral","Neutral","NonPerson","n","744","0.744","1"
"6","self-matching","2","Matching","kite","happy","NonPerson","NonPerson","lbl_happy","label_happy","Happy","NonPerson","m","842","0.842","1"
"6","self-matching","2","Matching","pentagon","you","Self","Self","lbl_you","label_you","Self","Self","n","930","0.93","0"
"6","self-matching","2","Nonmatching","square","friend","Friend","Close","lbl_you","label_you","Self","Self","m","995","0.995","0"
"6","self-matching","2","Matching","trapeze","neutral","NonPerson","NonPerson","lbl_neutral","label_neutral","Neutral","NonPerson","m","796","0.796","1"
"6","self-matching","2","Nonmatching","square","friend","Friend","Close","lbl_you","label_you","Self","Self","n","979","0.979","1"
"6","self-matching","3","Nonmatching","trapeze","neutral","NonPerson","NonPerson","lbl_happy","label_happy","Happy","NonPerson","m","737","0.737","0"
"6","self-matching","3","Nonmatching","kite","happy","NonPerson","NonPerson","lbl_neutral","label_neutral","Neutral","NonPerson","n","624","0.624","1"
"6","self-matching","3","Nonmatching","square","friend","Friend","Close","lbl_you","label_you","Self","Self","m","750","0.75","0"
"6","self-matching","3","Nonmatching","pentagon","you","Self","Self","lbl_friend","label_friend","Friend","Close","n","949","0.949","1"
"6","self-matching","3","Nonmatching","square","friend","Friend","Close","lbl_you","label_you","Self","Self","n","572","0.572","1"
"6","self-matching","3","Nonmatching","trapeze","neutral","NonPerson","NonPerson","lbl_happy","label_happy","Happy","NonPerson","m","596","0.596","0"
"6","self-matching","3","Matching","kite","happy","NonPerson","NonPerson","lbl_happy","label_happy","Happy","NonPerson","n","286","0.286","0"
"6","self-matching","3","Matching","trapeze","neutral","NonPerson","NonPerson","lbl_neutral","label_neutral","Neutral","NonPerson","n","458","0.458","0"
"6","self-matching","3","Matching","square","friend","Friend","Close","lbl_friend","label_friend","Friend","Close","n","747","0.747","0"
"6","self-matching","3","Matching","kite","happy","NonPerson","NonPerson","lbl_happy","label_happy","Happy","NonPerson","m","429","0.429","1"
"6","self-matching","3","Matching","square","friend","Friend","Close","lbl_friend","label_friend","Friend","Close","m","520","0.52","1"
"6","self-matching","3","Matching","trapeze","neutral","NonPerson","NonPerson","lbl_neutral","label_neutral","Neutral","NonPerson","m","657","0.657","1"
"6","self-matching","3","Matching","pentagon","you","Self","Self","lbl_you","label_you","Self","Self","m","1015","1.015","1"
"6","self-matching","3","Nonmatching","pentagon","you","Self","Self","lbl_friend","label_friend","Friend","Close","m","489","0.489","0"
"6","self-matching","3","Nonmatching","kite","happy","NonPerson","NonPerson","lbl_neutral","label_neutral","Neutral","NonPerson","n","930","0.93","1"
"6","self-matching","3","Matching","pentagon","you","Self","Self","lbl_you","label_you","Self","Self","m","998","0.998","1"
"7","self-matching","1","Nonmatching","rhomboid","you","Self","Self","lbl_friend","label_friend","Friend","Close","x","1058","1.058","1"
"7","self-matching","1","Nonmatching","triangle","neutral","NonPerson","NonPerson","lbl_happy","label_happy","Happy","NonPerson","x","1038","1.038","1"
"7","self-matching","1","Matching","octagon","happy","NonPerson","NonPerson","lbl_happy","label_happy","Happy","NonPerson","c","657","0.657","1"
"7","self-matching","1","Matching","rhomboid","you","Self","Self","lbl_you","label_you","Self","Self","c","627","0.627","1"
"7","self-matching","1","Nonmatching","octagon","happy","NonPerson","NonPerson","lbl_neutral","label_neutral","Neutral","NonPerson","x","594","0.594","1"
"7","self-matching","1","Nonmatching","diamond","friend","Friend","Close","lbl_you","label_you","Self","Self","c","572","0.572","0"
"7","self-matching","1","Matching","diamond","friend","Friend","Close","lbl_friend","label_friend","Friend","Close","c","997","0.997","1"
"7","self-matching","1","Matching","diamond","friend","Friend","Close","lbl_friend","label_friend","Friend","Close","c","767","0.767","1"
"7","self-matching","1","Matching","triangle","neutral","NonPerson","NonPerson","lbl_neutral","label_neutral","Neutral","NonPerson","x","799","0.799","0"
"7","self-matching","1","Nonmatching","octagon","happy","NonPerson","NonPerson","lbl_neutral","label_neutral","Neutral","NonPerson","c","790","0.79","0"
"7","self-matching","1","Matching","rhomboid","you","Self","Self","lbl_you","label_you","Self","Self","c","597","0.597","1"
"7","self-matching","1","Matching","triangle","neutral","NonPerson","NonPerson","lbl_neutral","label_neutral","Neutral","NonPerson","x","865","0.865","0"
"7","self-matching","1","Nonmatching","rhomboid","you","Self","Self","lbl_friend","label_friend","Friend","Close","c","572","0.572","0"
"7","self-matching","1","Matching","octagon","happy","NonPerson","NonPerson","lbl_happy","label_happy","Happy","NonPerson","c","690","0.69","1"
"7","self-matching","1","Nonmatching","diamond","friend","Friend","Close","lbl_you","label_you","Self","Self","c","841","0.841","0"
"7","self-matching","1","Nonmatching","triangle","neutral","NonPerson","NonPerson","lbl_happy","label_happy","Happy","NonPerson","x","744","0.744","1"
"7","self-matching","2","Matching","diamond","friend","Friend","Close","lbl_friend","label_friend","Friend","Close","x","936","0.936","0"
"7","self-matching","2","Matching","triangle","neutral","NonPerson","NonPerson","lbl_neutral","label_neutral","Neutral","NonPerson","x","1039","1.039","0"
"7","self-matching","2","Matching","diamond","friend","Friend","Close","lbl_friend","label_friend","Friend","Close","c","733","0.733","1"
"7","self-matching","2","Matching","rhomboid","you","Self","Self","lbl_you","label_you","Self","Self","c","518","0.518","1"
"7","self-matching","2","Nonmatching","triangle","neutral","NonPerson","NonPerson","lbl_happy","label_happy","Happy","NonPerson","c","730","0.73","0"
"7","self-matching","2","Nonmatching","diamond","friend","Friend","Close","lbl_you","label_you","Self","Self","c","555","0.555","0"
"7","self-matching","2","Nonmatching","octagon","happy","NonPerson","NonPerson","lbl_neutral","label_neutral","Neutral","NonPerson","c","679","0.679","0"
"7","self-matching","2","Matching","octagon","happy","NonPerson","NonPerson","lbl_happy","label_happy","Happy","NonPerson","c","601","0.601","1"
"7","self-matching","2","Nonmatching","octagon","happy","NonPerson","NonPerson","lbl_neutral","label_neutral","Neutral","NonPerson","x","706","0.706","1"
"7","self-matching","2","Nonmatching","rhomboid","you","Self","Self","lbl_friend","label_friend","Friend","Close","c","590","0.59","0"
"7","self-matching","2","Nonmatching","rhomboid","you","Self","Self","lbl_friend","label_friend","Friend","Close","c","570","0.57","0"
"7","self-matching","2","Matching","rhomboid","you","Self","Self","lbl_you","label_you","Self","Self","x","547","0.547","0"
"7","self-matching","2","Nonmatching","diamond","friend","Friend","Close","lbl_you","label_you","Self","Self","x","770","0.77","1"
"7","self-matching","2","Matching","octagon","happy","NonPerson","NonPerson","lbl_happy","label_happy","Happy","NonPerson","c","592","0.592","1"
"7","self-matching","2","Nonmatching","triangle","neutral","NonPerson","NonPerson","lbl_happy","label_happy","Happy","NonPerson","x","916","0.916","1"
"7","self-matching","2","Matching","triangle","neutral","NonPerson","NonPerson","lbl_neutral","label_neutral","Neutral","NonPerson","x","778","0.778","0"
"7","self-matching","3","Nonmatching","diamond","friend","Friend","Close","lbl_you","label_you","Self","Self","c","528","0.528","0"
"7","self-matching","3","Nonmatching","triangle","neutral","NonPerson","NonPerson","lbl_happy","label_happy","Happy","NonPerson","x","917","0.917","1"
"7","self-matching","3","Matching","rhomboid","you","Self","Self","lbl_you","label_you","Self","Self","c","552","0.552","1"
"7","self-matching","3","Nonmatching","diamond","friend","Friend","Close","lbl_you","label_you","Self","Self","x","862","0.862","1"
"7","self-matching","3","Nonmatching","octagon","happy","NonPerson","NonPerson","lbl_neutral","label_neutral","Neutral","NonPerson","c","771","0.771","0"
"7","self-matching","3","Matching","octagon","happy","NonPerson","NonPerson","lbl_happy","label_happy","Happy","NonPerson","c","647","0.647","1"
"7","self-matching","3","Nonmatching","triangle","neutral","NonPerson","NonPerson","lbl_happy","label_happy","Happy","NonPerson","x","736","0.736","1"
"7","self-matching","3","Matching","diamond","friend","Friend","Close","lbl_friend","label_friend","Friend","Close","c","1186","1.186","1"
"7","self-matching","3","Matching","triangle","neutral","NonPerson","NonPerson","lbl_neutral","label_neutral","Neutral","NonPerson","c","1224","1.224","1"
"7","self-matching","3","Nonmatching","octagon","happy","NonPerson","NonPerson","lbl_neutral","label_neutral","Neutral","NonPerson","x","788","0.788","1"
"7","self-matching","3","Matching","rhomboid","you","Self","Self","lbl_you","label_you","Self","Self","c","671","0.671","1"
"7","self-matching","3","Matching","triangle","neutral","NonPerson","NonPerson","lbl_neutral","label_neutral","Neutral","NonPerson","x","865","0.865","0"
"7","self-matching","3","Matching","octagon","happy","NonPerson","NonPerson","lbl_happy","label_happy","Happy","NonPerson","c","737","0.737","1"
"7","self-matching","3","Matching","diamond","friend","Friend","Close","lbl_friend","label_friend","Friend","Close","c","776","0.776","1"
"7","self-matching","3","Nonmatching","rhomboid","you","Self","Self","lbl_friend","label_friend","Friend","Close","x","723","0.723","1"
"7","self-matching","3","Nonmatching","rhomboid","you","Self","Self","lbl_friend","label_friend","Friend","Close","x","701","0.701","1"
"7","self-matching","1","Nonmatching","pentagon","happy","NonPerson","NonPerson","lbl_neutral","label_neutral","Neutral","NonPerson","n","779","0.779","1"
"7","self-matching","1","Matching","pentagon","happy","NonPerson","NonPerson","lbl_happy","label_happy","Happy","NonPerson","m","917","0.917","1"
"7","self-matching","1","Nonmatching","square","you","Self","Self","lbl_friend","label_friend","Friend","Close","n","911","0.911","1"
"7","self-matching","1","Nonmatching","pentagon","happy","NonPerson","NonPerson","lbl_neutral","label_neutral","Neutral","NonPerson","n","1016","1.016","1"
"7","self-matching","1","Matching","pentagon","happy","NonPerson","NonPerson","lbl_happy","label_happy","Happy","NonPerson","m","878","0.878","1"
"7","self-matching","1","Matching","square","you","Self","Self","lbl_you","label_you","Self","Self","m","437","0.437","1"
"7","self-matching","1","Matching","trapeze","neutral","NonPerson","NonPerson","lbl_neutral","label_neutral","Neutral","NonPerson","n","770","0.77","0"
"7","self-matching","1","Matching","kite","friend","Friend","Close","lbl_friend","label_friend","Friend","Close","m","653","0.653","1"
"7","self-matching","1","Nonmatching","trapeze","neutral","NonPerson","NonPerson","lbl_happy","label_happy","Happy","NonPerson","m","837","0.837","0"
"7","self-matching","1","Nonmatching","trapeze","neutral","NonPerson","NonPerson","lbl_happy","label_happy","Happy","NonPerson","m","780","0.78","0"
"7","self-matching","1","Matching","square","you","Self","Self","lbl_you","label_you","Self","Self","m","559","0.559","1"
"7","self-matching","1","Nonmatching","kite","friend","Friend","Close","lbl_you","label_you","Self","Self","m","712","0.712","0"
"7","self-matching","1","Matching","kite","friend","Friend","Close","lbl_friend","label_friend","Friend","Close","m","704","0.704","1"
"7","self-matching","1","Nonmatching","square","you","Self","Self","lbl_friend","label_friend","Friend","Close","n","688","0.688","1"
"7","self-matching","1","Matching","trapeze","neutral","NonPerson","NonPerson","lbl_neutral","label_neutral","Neutral","NonPerson","n","929","0.929","0"
"7","self-matching","1","Nonmatching","kite","friend","Friend","Close","lbl_you","label_you","Self","Self","n","788","0.788","1"
"7","self-matching","2","Matching","square","you","Self","Self","lbl_you","label_you","Self","Self","m","578","0.578","1"
"7","self-matching","2","Nonmatching","square","you","Self","Self","lbl_friend","label_friend","Friend","Close","n","543","0.543","1"
"7","self-matching","2","Matching","pentagon","happy","NonPerson","NonPerson","lbl_happy","label_happy","Happy","NonPerson","m","705","0.705","1"
"7","self-matching","2","Matching","trapeze","neutral","NonPerson","NonPerson","lbl_neutral","label_neutral","Neutral","NonPerson","n","697","0.697","0"
"7","self-matching","2","Nonmatching","kite","friend","Friend","Close","lbl_you","label_you","Self","Self","n","1027","1.027","1"
"7","self-matching","2","Nonmatching","pentagon","happy","NonPerson","NonPerson","lbl_neutral","label_neutral","Neutral","NonPerson","n","813","0.813","1"
"7","self-matching","2","Matching","kite","friend","Friend","Close","lbl_friend","label_friend","Friend","Close","m","651","0.651","1"
"7","self-matching","2","Matching","pentagon","happy","NonPerson","NonPerson","lbl_happy","label_happy","Happy","NonPerson","n","801","0.801","0"
"7","self-matching","2","Nonmatching","kite","friend","Friend","Close","lbl_you","label_you","Self","Self","n","844","0.844","1"
"7","self-matching","2","Nonmatching","trapeze","neutral","NonPerson","NonPerson","lbl_happy","label_happy","Happy","NonPerson","m","703","0.703","0"
"7","self-matching","2","Matching","kite","friend","Friend","Close","lbl_friend","label_friend","Friend","Close","m","638","0.638","1"
"7","self-matching","2","Nonmatching","trapeze","neutral","NonPerson","NonPerson","lbl_happy","label_happy","Happy","NonPerson","m","876","0.876","0"
"7","self-matching","2","Matching","square","you","Self","Self","lbl_you","label_you","Self","Self","m","688","0.688","1"
"7","self-matching","2","Matching","trapeze","neutral","NonPerson","NonPerson","lbl_neutral","label_neutral","Neutral","NonPerson","n","801","0.801","0"
"7","self-matching","2","Nonmatching","square","you","Self","Self","lbl_friend","label_friend","Friend","Close","n","1287","1.287","1"
"7","self-matching","2","Nonmatching","pentagon","happy","NonPerson","NonPerson","lbl_neutral","label_neutral","Neutral","NonPerson","m","1509","1.509","0"
"7","self-matching","3","Nonmatching","kite","friend","Friend","Close","lbl_you","label_you","Self","Self","n","953","0.953","1"
"7","self-matching","3","Nonmatching","kite","friend","Friend","Close","lbl_you","label_you","Self","Self","n","851","0.851","1"
"7","self-matching","3","Nonmatching","trapeze","neutral","NonPerson","NonPerson","lbl_happy","label_happy","Happy","NonPerson","m","832","0.832","0"
"7","self-matching","3","Nonmatching","square","you","Self","Self","lbl_friend","label_friend","Friend","Close","n","1060","1.06","1"
"7","self-matching","3","Matching","square","you","Self","Self","lbl_you","label_you","Self","Self","m","505","0.505","1"
"7","self-matching","3","Nonmatching","square","you","Self","Self","lbl_friend","label_friend","Friend","Close","n","624","0.624","1"
"7","self-matching","3","Matching","trapeze","neutral","NonPerson","NonPerson","lbl_neutral","label_neutral","Neutral","NonPerson","timeout","1651","1.651","0"
"7","self-matching","3","Matching","trapeze","neutral","NonPerson","NonPerson","lbl_neutral","label_neutral","Neutral","NonPerson","m","1078","1.078","1"
"7","self-matching","3","Nonmatching","pentagon","happy","NonPerson","NonPerson","lbl_neutral","label_neutral","Neutral","NonPerson","m","1065","1.065","0"
"7","self-matching","3","Matching","pentagon","happy","NonPerson","NonPerson","lbl_happy","label_happy","Happy","NonPerson","m","717","0.717","1"
"7","self-matching","3","Matching","pentagon","happy","NonPerson","NonPerson","lbl_happy","label_happy","Happy","NonPerson","m","600","0.6","1"
"7","self-matching","3","Matching","kite","friend","Friend","Close","lbl_friend","label_friend","Friend","Close","n","699","0.699","0"
"7","self-matching","3","Nonmatching","pentagon","happy","NonPerson","NonPerson","lbl_neutral","label_neutral","Neutral","NonPerson","n","794","0.794","1"
"7","self-matching","3","Matching","kite","friend","Friend","Close","lbl_friend","label_friend","Friend","Close","n","586","0.586","0"
"7","self-matching","3","Matching","square","you","Self","Self","lbl_you","label_you","Self","Self","m","577","0.577","1"
"7","self-matching","3","Nonmatching","trapeze","neutral","NonPerson","NonPerson","lbl_happy","label_happy","Happy","NonPerson","m","769","0.769","0"
"8","self-matching","1","Nonmatching","kite","friend","Friend","Close","lbl_you","label_you","Self","Self","m","1026","1.026","1"
"8","self-matching","1","Nonmatching","square","neutral","NonPerson","NonPerson","lbl_happy","label_happy","Happy","NonPerson","m","932","0.932","1"
"8","self-matching","1","Nonmatching","pentagon","you","Self","Self","lbl_friend","label_friend","Friend","Close","n","706","0.706","0"
"8","self-matching","1","Matching","kite","friend","Friend","Close","lbl_friend","label_friend","Friend","Close","n","804","0.804","1"
"8","self-matching","1","Nonmatching","pentagon","you","Self","Self","lbl_friend","label_friend","Friend","Close","m","787","0.787","1"
"8","self-matching","1","Nonmatching","trapeze","happy","NonPerson","NonPerson","lbl_neutral","label_neutral","Neutral","NonPerson","m","932","0.932","1"
"8","self-matching","1","Matching","kite","friend","Friend","Close","lbl_friend","label_friend","Friend","Close","n","707","0.707","1"
"8","self-matching","1","Nonmatching","square","neutral","NonPerson","NonPerson","lbl_happy","label_happy","Happy","NonPerson","m","809","0.809","1"
"8","self-matching","1","Nonmatching","kite","friend","Friend","Close","lbl_you","label_you","Self","Self","n","1009","1.009","0"
"8","self-matching","1","Matching","square","neutral","NonPerson","NonPerson","lbl_neutral","label_neutral","Neutral","NonPerson","m","1057","1.057","0"
"8","self-matching","1","Matching","trapeze","happy","NonPerson","NonPerson","lbl_happy","label_happy","Happy","NonPerson","m","903","0.903","0"
"8","self-matching","1","Matching","pentagon","you","Self","Self","lbl_you","label_you","Self","Self","n","1150","1.15","1"
"8","self-matching","1","Nonmatching","trapeze","happy","NonPerson","NonPerson","lbl_neutral","label_neutral","Neutral","NonPerson","m","845","0.845","1"
"8","self-matching","1","Matching","pentagon","you","Self","Self","lbl_you","label_you","Self","Self","m","1159","1.159","0"
"8","self-matching","1","Matching","trapeze","happy","NonPerson","NonPerson","lbl_happy","label_happy","Happy","NonPerson","n","1201","1.201","1"
"8","self-matching","1","Matching","square","neutral","NonPerson","NonPerson","lbl_neutral","label_neutral","Neutral","NonPerson","timeout","1654","1.654","0"
"8","self-matching","2","Matching","pentagon","you","Self","Self","lbl_you","label_you","Self","Self","m","659","0.659","0"
"8","self-matching","2","Nonmatching","kite","friend","Friend","Close","lbl_you","label_you","Self","Self","n","676","0.676","0"
"8","self-matching","2","Nonmatching","pentagon","you","Self","Self","lbl_friend","label_friend","Friend","Close","m","1141","1.141","1"
"8","self-matching","2","Matching","pentagon","you","Self","Self","lbl_you","label_you","Self","Self","m","678","0.678","0"
"8","self-matching","2","Nonmatching","square","neutral","NonPerson","NonPerson","lbl_happy","label_happy","Happy","NonPerson","m","1066","1.066","1"
"8","self-matching","2","Nonmatching","square","neutral","NonPerson","NonPerson","lbl_happy","label_happy","Happy","NonPerson","n","779","0.779","0"
"8","self-matching","2","Nonmatching","trapeze","happy","NonPerson","NonPerson","lbl_neutral","label_neutral","Neutral","NonPerson","m","851","0.851","1"
"8","self-matching","2","Matching","kite","friend","Friend","Close","lbl_friend","label_friend","Friend","Close","m","1001","1.001","0"
"8","self-matching","2","Nonmatching","trapeze","happy","NonPerson","NonPerson","lbl_neutral","label_neutral","Neutral","NonPerson","m","1628","1.628","1"
"8","self-matching","2","Matching","trapeze","happy","NonPerson","NonPerson","lbl_happy","label_happy","Happy","NonPerson","m","1181","1.181","0"
"8","self-matching","2","Matching","trapeze","happy","NonPerson","NonPerson","lbl_happy","label_happy","Happy","NonPerson","n","1198","1.198","1"
"8","self-matching","2","Matching","square","neutral","NonPerson","NonPerson","lbl_neutral","label_neutral","Neutral","NonPerson","m","848","0.848","0"
"8","self-matching","2","Matching","kite","friend","Friend","Close","lbl_friend","label_friend","Friend","Close","n","1317","1.317","1"
"8","self-matching","2","Nonmatching","pentagon","you","Self","Self","lbl_friend","label_friend","Friend","Close","m","1117","1.117","1"
"8","self-matching","2","Matching","square","neutral","NonPerson","NonPerson","lbl_neutral","label_neutral","Neutral","NonPerson","m","1587","1.587","0"
"8","self-matching","2","Nonmatching","kite","friend","Friend","Close","lbl_you","label_you","Self","Self","n","863","0.863","0"
"8","self-matching","3","Matching","trapeze","happy","NonPerson","NonPerson","lbl_happy","label_happy","Happy","NonPerson","n","869","0.869","1"
"8","self-matching","3","Matching","kite","friend","Friend","Close","lbl_friend","label_friend","Friend","Close","n","746","0.746","1"
"8","self-matching","3","Nonmatching","kite","friend","Friend","Close","lbl_you","label_you","Self","Self","m","732","0.732","1"
"8","self-matching","3","Nonmatching","square","neutral","NonPerson","NonPerson","lbl_happy","label_happy","Happy","NonPerson","m","1068","1.068","1"
"8","self-matching","3","Matching","pentagon","you","Self","Self","lbl_you","label_you","Self","Self","m","673","0.673","0"
"8","self-matching","3","Matching","trapeze","happy","NonPerson","NonPerson","lbl_happy","label_happy","Happy","NonPerson","n","961","0.961","1"
"8","self-matching","3","Matching","square","neutral","NonPerson","NonPerson","lbl_neutral","label_neutral","Neutral","NonPerson","m","1017","1.017","0"
"8","self-matching","3","Matching","pentagon","you","Self","Self","lbl_you","label_you","Self","Self","m","918","0.918","0"
"8","self-matching","3","Matching","kite","friend","Friend","Close","lbl_friend","label_friend","Friend","Close","n","783","0.783","1"
"8","self-matching","3","Nonmatching","kite","friend","Friend","Close","lbl_you","label_you","Self","Self","m","688","0.688","1"
"8","self-matching","3","Nonmatching","trapeze","happy","NonPerson","NonPerson","lbl_neutral","label_neutral","Neutral","NonPerson","n","1288","1.288","0"
"8","self-matching","3","Nonmatching","square","neutral","NonPerson","NonPerson","lbl_happy","label_happy","Happy","NonPerson","m","1246","1.246","1"
"8","self-matching","3","Matching","square","neutral","NonPerson","NonPerson","lbl_neutral","label_neutral","Neutral","NonPerson","n","882","0.882","1"
"8","self-matching","3","Nonmatching","trapeze","happy","NonPerson","NonPerson","lbl_neutral","label_neutral","Neutral","NonPerson","m","993","0.993","1"
"8","self-matching","3","Nonmatching","pentagon","you","Self","Self","lbl_friend","label_friend","Friend","Close","m","1347","1.347","1"
"8","self-matching","3","Nonmatching","pentagon","you","Self","Self","lbl_friend","label_friend","Friend","Close","m","916","0.916","1"
"8","self-matching","1","Matching","triangle","happy","NonPerson","NonPerson","lbl_happy","label_happy","Happy","NonPerson","c","623","0.623","0"
"8","self-matching","1","Matching","rhomboid","neutral","NonPerson","NonPerson","lbl_neutral","label_neutral","Neutral","NonPerson","x","831","0.831","1"
"8","self-matching","1","Nonmatching","rhomboid","neutral","NonPerson","NonPerson","lbl_happy","label_happy","Happy","NonPerson","c","747","0.747","1"
"8","self-matching","1","Nonmatching","triangle","happy","NonPerson","NonPerson","lbl_neutral","label_neutral","Neutral","NonPerson","c","746","0.746","1"
"8","self-matching","1","Matching","diamond","friend","Friend","Close","lbl_friend","label_friend","Friend","Close","x","752","0.752","1"
"8","self-matching","1","Matching","octagon","you","Self","Self","lbl_you","label_you","Self","Self","x","489","0.489","1"
"8","self-matching","1","Nonmatching","diamond","friend","Friend","Close","lbl_you","label_you","Self","Self","c","845","0.845","1"
"8","self-matching","1","Matching","octagon","you","Self","Self","lbl_you","label_you","Self","Self","c","564","0.564","0"
"8","self-matching","1","Nonmatching","octagon","you","Self","Self","lbl_friend","label_friend","Friend","Close","x","740","0.74","0"
"8","self-matching","1","Matching","rhomboid","neutral","NonPerson","NonPerson","lbl_neutral","label_neutral","Neutral","NonPerson","c","911","0.911","0"
"8","self-matching","1","Nonmatching","diamond","friend","Friend","Close","lbl_you","label_you","Self","Self","c","1069","1.069","1"
"8","self-matching","1","Matching","diamond","friend","Friend","Close","lbl_friend","label_friend","Friend","Close","x","768","0.768","1"
"8","self-matching","1","Nonmatching","rhomboid","neutral","NonPerson","NonPerson","lbl_happy","label_happy","Happy","NonPerson","c","703","0.703","1"
"8","self-matching","1","Matching","triangle","happy","NonPerson","NonPerson","lbl_happy","label_happy","Happy","NonPerson","x","742","0.742","1"
"8","self-matching","1","Nonmatching","octagon","you","Self","Self","lbl_friend","label_friend","Friend","Close","c","910","0.91","1"
"8","self-matching","1","Nonmatching","triangle","happy","NonPerson","NonPerson","lbl_neutral","label_neutral","Neutral","NonPerson","c","829","0.829","1"
"8","self-matching","2","Nonmatching","rhomboid","neutral","NonPerson","NonPerson","lbl_happy","label_happy","Happy","NonPerson","c","646","0.646","1"
"8","self-matching","2","Matching","triangle","happy","NonPerson","NonPerson","lbl_happy","label_happy","Happy","NonPerson","c","636","0.636","0"
"8","self-matching","2","Nonmatching","rhomboid","neutral","NonPerson","NonPerson","lbl_happy","label_happy","Happy","NonPerson","c","754","0.754","1"
"8","self-matching","2","Nonmatching","octagon","you","Self","Self","lbl_friend","label_friend","Friend","Close","c","947","0.947","1"
"8","self-matching","2","Nonmatching","diamond","friend","Friend","Close","lbl_you","label_you","Self","Self","x","898","0.898","0"
"8","self-matching","2","Matching","octagon","you","Self","Self","lbl_you","label_you","Self","Self","x","535","0.535","1"
"8","self-matching","2","Matching","triangle","happy","NonPerson","NonPerson","lbl_happy","label_happy","Happy","NonPerson","c","625","0.625","0"
"8","self-matching","2","Nonmatching","diamond","friend","Friend","Close","lbl_you","label_you","Self","Self","c","830","0.83","1"
"8","self-matching","2","Matching","diamond","friend","Friend","Close","lbl_friend","label_friend","Friend","Close","x","738","0.738","1"
"8","self-matching","2","Matching","rhomboid","neutral","NonPerson","NonPerson","lbl_neutral","label_neutral","Neutral","NonPerson","c","734","0.734","0"
"8","self-matching","2","Nonmatching","octagon","you","Self","Self","lbl_friend","label_friend","Friend","Close","c","1069","1.069","1"
"8","self-matching","2","Matching","octagon","you","Self","Self","lbl_you","label_you","Self","Self","c","934","0.934","0"
"8","self-matching","2","Matching","diamond","friend","Friend","Close","lbl_friend","label_friend","Friend","Close","x","802","0.802","1"
"8","self-matching","2","Matching","rhomboid","neutral","NonPerson","NonPerson","lbl_neutral","label_neutral","Neutral","NonPerson","x","861","0.861","1"
"8","self-matching","2","Nonmatching","triangle","happy","NonPerson","NonPerson","lbl_neutral","label_neutral","Neutral","NonPerson","c","1154","1.154","1"
"8","self-matching","2","Nonmatching","triangle","happy","NonPerson","NonPerson","lbl_neutral","label_neutral","Neutral","NonPerson","x","638","0.638","0"
"8","self-matching","3","Matching","octagon","you","Self","Self","lbl_you","label_you","Self","Self","x","687","0.687","1"
"8","self-matching","3","Nonmatching","octagon","you","Self","Self","lbl_friend","label_friend","Friend","Close","c","650","0.65","1"
"8","self-matching","3","Nonmatching","triangle","happy","NonPerson","NonPerson","lbl_neutral","label_neutral","Neutral","NonPerson","c","806","0.806","1"
"8","self-matching","3","Matching","triangle","happy","NonPerson","NonPerson","lbl_happy","label_happy","Happy","NonPerson","x","658","0.658","1"
"8","self-matching","3","Matching","octagon","you","Self","Self","lbl_you","label_you","Self","Self","x","603","0.603","1"
"8","self-matching","3","Matching","rhomboid","neutral","NonPerson","NonPerson","lbl_neutral","label_neutral","Neutral","NonPerson","x","1264","1.264","1"
"8","self-matching","3","Nonmatching","rhomboid","neutral","NonPerson","NonPerson","lbl_happy","label_happy","Happy","NonPerson","c","816","0.816","1"
"8","self-matching","3","Nonmatching","triangle","happy","NonPerson","NonPerson","lbl_neutral","label_neutral","Neutral","NonPerson","c","780","0.78","1"
"8","self-matching","3","Nonmatching","diamond","friend","Friend","Close","lbl_you","label_you","Self","Self","c","877","0.877","1"
"8","self-matching","3","Matching","diamond","friend","Friend","Close","lbl_friend","label_friend","Friend","Close","x","777","0.777","1"
"8","self-matching","3","Nonmatching","rhomboid","neutral","NonPerson","NonPerson","lbl_happy","label_happy","Happy","NonPerson","c","576","0.576","1"
"8","self-matching","3","Nonmatching","diamond","friend","Friend","Close","lbl_you","label_you","Self","Self","x","583","0.583","0"
"8","self-matching","3","Nonmatching","octagon","you","Self","Self","lbl_friend","label_friend","Friend","Close","c","657","0.657","1"
"8","self-matching","3","Matching","diamond","friend","Friend","Close","lbl_friend","label_friend","Friend","Close","c","628","0.628","0"
"8","self-matching","3","Matching","triangle","happy","NonPerson","NonPerson","lbl_happy","label_happy","Happy","NonPerson","x","617","0.617","1"
"8","self-matching","3","Matching","rhomboid","neutral","NonPerson","NonPerson","lbl_neutral","label_neutral","Neutral","NonPerson","x","825","0.825","1"
"10","self-matching","1","Matching","diamond","you","Self","Self","lbl_you","label_you","Self","Self","c","774","0.774","1"
"10","self-matching","1","Nonmatching","rhomboid","friend","Friend","Close","lbl_you","label_you","Self","Self","x","705","0.705","1"
"10","self-matching","1","Matching","rhomboid","friend","Friend","Close","lbl_friend","label_friend","Friend","Close","x","723","0.723","0"
"10","self-matching","1","Nonmatching","octagon","happy","NonPerson","NonPerson","lbl_neutral","label_neutral","Neutral","NonPerson","x","1191","1.191","1"
"10","self-matching","1","Nonmatching","diamond","you","Self","Self","lbl_friend","label_friend","Friend","Close","x","771","0.771","1"
"10","self-matching","1","Matching","octagon","happy","NonPerson","NonPerson","lbl_happy","label_happy","Happy","NonPerson","c","924","0.924","1"
"10","self-matching","1","Matching","triangle","neutral","NonPerson","NonPerson","lbl_neutral","label_neutral","Neutral","NonPerson","c","933","0.933","1"
"10","self-matching","1","Nonmatching","octagon","happy","NonPerson","NonPerson","lbl_neutral","label_neutral","Neutral","NonPerson","x","667","0.667","1"
"10","self-matching","1","Matching","triangle","neutral","NonPerson","NonPerson","lbl_neutral","label_neutral","Neutral","NonPerson","timeout","1649","1.649","0"
"10","self-matching","1","Nonmatching","diamond","you","Self","Self","lbl_friend","label_friend","Friend","Close","c","1209","1.209","0"
"10","self-matching","1","Nonmatching","rhomboid","friend","Friend","Close","lbl_you","label_you","Self","Self","x","829","0.829","1"
"10","self-matching","1","Nonmatching","triangle","neutral","NonPerson","NonPerson","lbl_happy","label_happy","Happy","NonPerson","x","918","0.918","1"
"10","self-matching","1","Nonmatching","triangle","neutral","NonPerson","NonPerson","lbl_happy","label_happy","Happy","NonPerson","x","747","0.747","1"
"10","self-matching","1","Matching","diamond","you","Self","Self","lbl_you","label_you","Self","Self","c","765","0.765","1"
"10","self-matching","1","Matching","rhomboid","friend","Friend","Close","lbl_friend","label_friend","Friend","Close","c","604","0.604","1"
"10","self-matching","1","Matching","octagon","happy","NonPerson","NonPerson","lbl_happy","label_happy","Happy","NonPerson","c","566","0.566","1"
"10","self-matching","2","Matching","octagon","happy","NonPerson","NonPerson","lbl_happy","label_happy","Happy","NonPerson","c","726","0.726","1"
"10","self-matching","2","Nonmatching","rhomboid","friend","Friend","Close","lbl_you","label_you","Self","Self","c","923","0.923","0"
"10","self-matching","2","Nonmatching","octagon","happy","NonPerson","NonPerson","lbl_neutral","label_neutral","Neutral","NonPerson","x","728","0.728","1"
"10","self-matching","2","Nonmatching","triangle","neutral","NonPerson","NonPerson","lbl_happy","label_happy","Happy","NonPerson","x","919","0.919","1"
"10","self-matching","2","Matching","triangle","neutral","NonPerson","NonPerson","lbl_neutral","label_neutral","Neutral","NonPerson","c","981","0.981","1"
"10","self-matching","2","Nonmatching","diamond","you","Self","Self","lbl_friend","label_friend","Friend","Close","x","757","0.757","1"
"10","self-matching","2","Nonmatching","triangle","neutral","NonPerson","NonPerson","lbl_happy","label_happy","Happy","NonPerson","x","827","0.827","1"
"10","self-matching","2","Nonmatching","octagon","happy","NonPerson","NonPerson","lbl_neutral","label_neutral","Neutral","NonPerson","x","694","0.694","1"
"10","self-matching","2","Matching","octagon","happy","NonPerson","NonPerson","lbl_happy","label_happy","Happy","NonPerson","c","857","0.857","1"
"10","self-matching","2","Nonmatching","rhomboid","friend","Friend","Close","lbl_you","label_you","Self","Self","x","711","0.711","1"
"10","self-matching","2","Matching","diamond","you","Self","Self","lbl_you","label_you","Self","Self","c","731","0.731","1"
"10","self-matching","2","Matching","diamond","you","Self","Self","lbl_you","label_you","Self","Self","c","615","0.615","1"
"10","self-matching","2","Matching","rhomboid","friend","Friend","Close","lbl_friend","label_friend","Friend","Close","c","672","0.672","1"
"10","self-matching","2","Matching","rhomboid","friend","Friend","Close","lbl_friend","label_friend","Friend","Close","c","754","0.754","1"
"10","self-matching","2","Matching","triangle","neutral","NonPerson","NonPerson","lbl_neutral","label_neutral","Neutral","NonPerson","c","966","0.966","1"
"10","self-matching","2","Nonmatching","diamond","you","Self","Self","lbl_friend","label_friend","Friend","Close","x","642","0.642","1"
"10","self-matching","3","Matching","diamond","you","Self","Self","lbl_you","label_you","Self","Self","c","1066","1.066","1"
"10","self-matching","3","Matching","rhomboid","friend","Friend","Close","lbl_friend","label_friend","Friend","Close","c","620","0.62","1"
"10","self-matching","3","Nonmatching","octagon","happy","NonPerson","NonPerson","lbl_neutral","label_neutral","Neutral","NonPerson","x","685","0.685","1"
"10","self-matching","3","Matching","triangle","neutral","NonPerson","NonPerson","lbl_neutral","label_neutral","Neutral","NonPerson","c","765","0.765","1"
"10","self-matching","3","Nonmatching","octagon","happy","NonPerson","NonPerson","lbl_neutral","label_neutral","Neutral","NonPerson","x","678","0.678","1"
"10","self-matching","3","Nonmatching","diamond","you","Self","Self","lbl_friend","label_friend","Friend","Close","c","948","0.948","0"
"10","self-matching","3","Matching","triangle","neutral","NonPerson","NonPerson","lbl_neutral","label_neutral","Neutral","NonPerson","c","884","0.884","1"
"10","self-matching","3","Nonmatching","rhomboid","friend","Friend","Close","lbl_you","label_you","Self","Self","x","626","0.626","1"
"10","self-matching","3","Matching","diamond","you","Self","Self","lbl_you","label_you","Self","Self","c","615","0.615","1"
"10","self-matching","3","Nonmatching","rhomboid","friend","Friend","Close","lbl_you","label_you","Self","Self","x","708","0.708","1"
"10","self-matching","3","Matching","octagon","happy","NonPerson","NonPerson","lbl_happy","label_happy","Happy","NonPerson","c","625","0.625","1"
"10","self-matching","3","Matching","octagon","happy","NonPerson","NonPerson","lbl_happy","label_happy","Happy","NonPerson","c","603","0.603","1"
"10","self-matching","3","Matching","rhomboid","friend","Friend","Close","lbl_friend","label_friend","Friend","Close","c","685","0.685","1"
"10","self-matching","3","Nonmatching","diamond","you","Self","Self","lbl_friend","label_friend","Friend","Close","x","654","0.654","1"
"10","self-matching","3","Nonmatching","triangle","neutral","NonPerson","NonPerson","lbl_happy","label_happy","Happy","NonPerson","x","901","0.901","1"
"10","self-matching","3","Nonmatching","triangle","neutral","NonPerson","NonPerson","lbl_happy","label_happy","Happy","NonPerson","x","706","0.706","1"
"10","self-matching","1","Nonmatching","trapeze","neutral","NonPerson","NonPerson","lbl_happy","label_happy","Happy","NonPerson","n","792","0.792","1"
"10","self-matching","1","Matching","pentagon","happy","NonPerson","NonPerson","lbl_happy","label_happy","Happy","NonPerson","m","588","0.588","1"
"10","self-matching","1","Matching","trapeze","neutral","NonPerson","NonPerson","lbl_neutral","label_neutral","Neutral","NonPerson","m","788","0.788","1"
"10","self-matching","1","Nonmatching","pentagon","happy","NonPerson","NonPerson","lbl_neutral","label_neutral","Neutral","NonPerson","n","690","0.69","1"
"10","self-matching","1","Matching","pentagon","happy","NonPerson","NonPerson","lbl_happy","label_happy","Happy","NonPerson","m","589","0.589","1"
"10","self-matching","1","Matching","kite","you","Self","Self","lbl_you","label_you","Self","Self","m","415","0.415","1"
"10","self-matching","1","Nonmatching","square","friend","Friend","Close","lbl_you","label_you","Self","Self","n","700","0.7","1"
"10","self-matching","1","Matching","trapeze","neutral","NonPerson","NonPerson","lbl_neutral","label_neutral","Neutral","NonPerson","m","698","0.698","1"
"10","self-matching","1","Matching","square","friend","Friend","Close","lbl_friend","label_friend","Friend","Close","m","780","0.78","1"
"10","self-matching","1","Nonmatching","kite","you","Self","Self","lbl_friend","label_friend","Friend","Close","n","608","0.608","1"
"10","self-matching","1","Matching","kite","you","Self","Self","lbl_you","label_you","Self","Self","m","674","0.674","1"
"10","self-matching","1","Nonmatching","trapeze","neutral","NonPerson","NonPerson","lbl_happy","label_happy","Happy","NonPerson","n","634","0.634","1"
"10","self-matching","1","Matching","square","friend","Friend","Close","lbl_friend","label_friend","Friend","Close","m","721","0.721","1"
"10","self-matching","1","Nonmatching","pentagon","happy","NonPerson","NonPerson","lbl_neutral","label_neutral","Neutral","NonPerson","n","594","0.594","1"
"10","self-matching","1","Nonmatching","square","friend","Friend","Close","lbl_you","label_you","Self","Self","m","810","0.81","0"
"10","self-matching","1","Nonmatching","kite","you","Self","Self","lbl_friend","label_friend","Friend","Close","n","692","0.692","1"
"10","self-matching","2","Matching","trapeze","neutral","NonPerson","NonPerson","lbl_neutral","label_neutral","Neutral","NonPerson","m","619","0.619","1"
"10","self-matching","2","Nonmatching","trapeze","neutral","NonPerson","NonPerson","lbl_happy","label_happy","Happy","NonPerson","n","669","0.669","1"
"10","self-matching","2","Nonmatching","kite","you","Self","Self","lbl_friend","label_friend","Friend","Close","n","686","0.686","1"
"10","self-matching","2","Nonmatching","kite","you","Self","Self","lbl_friend","label_friend","Friend","Close","n","520","0.52","1"
"10","self-matching","2","Matching","square","friend","Friend","Close","lbl_friend","label_friend","Friend","Close","m","537","0.537","1"
"10","self-matching","2","Nonmatching","trapeze","neutral","NonPerson","NonPerson","lbl_happy","label_happy","Happy","NonPerson","n","653","0.653","1"
"10","self-matching","2","Matching","square","friend","Friend","Close","lbl_friend","label_friend","Friend","Close","m","686","0.686","1"
"10","self-matching","2","Matching","kite","you","Self","Self","lbl_you","label_you","Self","Self","n","535","0.535","0"
"10","self-matching","2","Nonmatching","pentagon","happy","NonPerson","NonPerson","lbl_neutral","label_neutral","Neutral","NonPerson","m","782","0.782","0"
"10","self-matching","2","Matching","pentagon","happy","NonPerson","NonPerson","lbl_happy","label_happy","Happy","NonPerson","m","672","0.672","1"
"10","self-matching","2","Nonmatching","square","friend","Friend","Close","lbl_you","label_you","Self","Self","m","554","0.554","0"
"10","self-matching","2","Nonmatching","pentagon","happy","NonPerson","NonPerson","lbl_neutral","label_neutral","Neutral","NonPerson","n","732","0.732","1"
"10","self-matching","2","Matching","kite","you","Self","Self","lbl_you","label_you","Self","Self","m","567","0.567","1"
"10","self-matching","2","Matching","trapeze","neutral","NonPerson","NonPerson","lbl_neutral","label_neutral","Neutral","NonPerson","m","804","0.804","1"
"10","self-matching","2","Nonmatching","square","friend","Friend","Close","lbl_you","label_you","Self","Self","m","640","0.64","0"
"10","self-matching","2","Matching","pentagon","happy","NonPerson","NonPerson","lbl_happy","label_happy","Happy","NonPerson","m","1012","1.012","1"
"10","self-matching","3","Nonmatching","kite","you","Self","Self","lbl_friend","label_friend","Friend","Close","n","705","0.705","1"
"10","self-matching","3","Nonmatching","kite","you","Self","Self","lbl_friend","label_friend","Friend","Close","n","499","0.499","1"
"10","self-matching","3","Matching","kite","you","Self","Self","lbl_you","label_you","Self","Self","m","488","0.488","1"
"10","self-matching","3","Matching","square","friend","Friend","Close","lbl_friend","label_friend","Friend","Close","m","622","0.622","1"
"10","self-matching","3","Nonmatching","pentagon","happy","NonPerson","NonPerson","lbl_neutral","label_neutral","Neutral","NonPerson","n","543","0.543","1"
"10","self-matching","3","Nonmatching","trapeze","neutral","NonPerson","NonPerson","lbl_happy","label_happy","Happy","NonPerson","n","741","0.741","1"
"10","self-matching","3","Matching","square","friend","Friend","Close","lbl_friend","label_friend","Friend","Close","m","578","0.578","1"
"10","self-matching","3","Nonmatching","pentagon","happy","NonPerson","NonPerson","lbl_neutral","label_neutral","Neutral","NonPerson","n","631","0.631","1"
"10","self-matching","3","Nonmatching","square","friend","Friend","Close","lbl_you","label_you","Self","Self","m","584","0.584","0"
"10","self-matching","3","Nonmatching","trapeze","neutral","NonPerson","NonPerson","lbl_happy","label_happy","Happy","NonPerson","n","752","0.752","1"
"10","self-matching","3","Matching","kite","you","Self","Self","lbl_you","label_you","Self","Self","m","612","0.612","1"
"10","self-matching","3","Matching","trapeze","neutral","NonPerson","NonPerson","lbl_neutral","label_neutral","Neutral","NonPerson","m","662","0.662","1"
"10","self-matching","3","Matching","trapeze","neutral","NonPerson","NonPerson","lbl_neutral","label_neutral","Neutral","NonPerson","m","638","0.638","1"
"10","self-matching","3","Nonmatching","square","friend","Friend","Close","lbl_you","label_you","Self","Self","n","597","0.597","1"
"10","self-matching","3","Matching","pentagon","happy","NonPerson","NonPerson","lbl_happy","label_happy","Happy","NonPerson","m","577","0.577","1"
"10","self-matching","3","Matching","pentagon","happy","NonPerson","NonPerson","lbl_happy","label_happy","Happy","NonPerson","m","678","0.678","1"
"11","self-matching","1","Nonmatching","kite","you","Self","Self","lbl_friend","label_friend","Friend","Close","c","849","0.849","1"
"11","self-matching","1","Matching","trapeze","friend","Friend","Close","lbl_friend","label_friend","Friend","Close","x","964","0.964","1"
"11","self-matching","1","Matching","pentagon","neutral","NonPerson","NonPerson","lbl_neutral","label_neutral","Neutral","NonPerson","x","1325","1.325","1"
"11","self-matching","1","Matching","pentagon","neutral","NonPerson","NonPerson","lbl_neutral","label_neutral","Neutral","NonPerson","x","1177","1.177","1"
"11","self-matching","1","Nonmatching","trapeze","friend","Friend","Close","lbl_you","label_you","Self","Self","c","1070","1.07","1"
"11","self-matching","1","Matching","square","happy","NonPerson","NonPerson","lbl_happy","label_happy","Happy","NonPerson","c","1365","1.365","0"
"11","self-matching","1","Nonmatching","kite","you","Self","Self","lbl_friend","label_friend","Friend","Close","c","1327","1.327","1"
"11","self-matching","1","Matching","kite","you","Self","Self","lbl_you","label_you","Self","Self","x","820","0.82","1"
"11","self-matching","1","Nonmatching","pentagon","neutral","NonPerson","NonPerson","lbl_happy","label_happy","Happy","NonPerson","c","1277","1.277","1"
"11","self-matching","1","Matching","kite","you","Self","Self","lbl_you","label_you","Self","Self","x","970","0.97","1"
"11","self-matching","1","Nonmatching","square","happy","NonPerson","NonPerson","lbl_neutral","label_neutral","Neutral","NonPerson","x","1272","1.272","0"
"11","self-matching","1","Matching","square","happy","NonPerson","NonPerson","lbl_happy","label_happy","Happy","NonPerson","x","986","0.986","1"
"11","self-matching","1","Nonmatching","pentagon","neutral","NonPerson","NonPerson","lbl_happy","label_happy","Happy","NonPerson","c","1348","1.348","1"
"11","self-matching","1","Matching","trapeze","friend","Friend","Close","lbl_friend","label_friend","Friend","Close","x","1277","1.277","1"
"11","self-matching","1","Nonmatching","square","happy","NonPerson","NonPerson","lbl_neutral","label_neutral","Neutral","NonPerson","c","1111","1.111","1"
"11","self-matching","1","Nonmatching","trapeze","friend","Friend","Close","lbl_you","label_you","Self","Self","c","1266","1.266","1"
"11","self-matching","2","Matching","square","happy","NonPerson","NonPerson","lbl_happy","label_happy","Happy","NonPerson","c","806","0.806","0"
"11","self-matching","2","Matching","square","happy","NonPerson","NonPerson","lbl_happy","label_happy","Happy","NonPerson","x","1179","1.179","1"
"11","self-matching","2","Nonmatching","square","happy","NonPerson","NonPerson","lbl_neutral","label_neutral","Neutral","NonPerson","c","918","0.918","1"
"11","self-matching","2","Nonmatching","kite","you","Self","Self","lbl_friend","label_friend","Friend","Close","c","1278","1.278","1"
"11","self-matching","2","Nonmatching","square","happy","NonPerson","NonPerson","lbl_neutral","label_neutral","Neutral","NonPerson","x","1220","1.22","0"
"11","self-matching","2","Nonmatching","trapeze","friend","Friend","Close","lbl_you","label_you","Self","Self","c","993","0.993","1"
"11","self-matching","2","Matching","trapeze","friend","Friend","Close","lbl_friend","label_friend","Friend","Close","x","992","0.992","1"
"11","self-matching","2","Matching","pentagon","neutral","NonPerson","NonPerson","lbl_neutral","label_neutral","Neutral","NonPerson","x","1527","1.527","1"
"11","self-matching","2","Nonmatching","trapeze","friend","Friend","Close","lbl_you","label_you","Self","Self","c","1085","1.085","1"
"11","self-matching","2","Matching","kite","you","Self","Self","lbl_you","label_you","Self","Self","x","893","0.893","1"
"11","self-matching","2","Nonmatching","pentagon","neutral","NonPerson","NonPerson","lbl_happy","label_happy","Happy","NonPerson","c","1400","1.4","1"
"11","self-matching","2","Nonmatching","pentagon","neutral","NonPerson","NonPerson","lbl_happy","label_happy","Happy","NonPerson","x","1142","1.142","0"
"11","self-matching","2","Matching","kite","you","Self","Self","lbl_you","label_you","Self","Self","x","1056","1.056","1"
"11","self-matching","2","Matching","pentagon","neutral","NonPerson","NonPerson","lbl_neutral","label_neutral","Neutral","NonPerson","x","1160","1.16","1"
"11","self-matching","2","Nonmatching","kite","you","Self","Self","lbl_friend","label_friend","Friend","Close","c","1172","1.172","1"
"11","self-matching","2","Matching","trapeze","friend","Friend","Close","lbl_friend","label_friend","Friend","Close","x","921","0.921","1"
"11","self-matching","3","Nonmatching","trapeze","friend","Friend","Close","lbl_you","label_you","Self","Self","c","839","0.839","1"
"11","self-matching","3","Nonmatching","kite","you","Self","Self","lbl_friend","label_friend","Friend","Close","c","918","0.918","1"
"11","self-matching","3","Nonmatching","trapeze","friend","Friend","Close","lbl_you","label_you","Self","Self","c","1043","1.043","1"
"11","self-matching","3","Nonmatching","kite","you","Self","Self","lbl_friend","label_friend","Friend","Close","c","1405","1.405","1"
"11","self-matching","3","Matching","pentagon","neutral","NonPerson","NonPerson","lbl_neutral","label_neutral","Neutral","NonPerson","x","1226","1.226","1"
"11","self-matching","3","Nonmatching","pentagon","neutral","NonPerson","NonPerson","lbl_happy","label_happy","Happy","NonPerson","x","963","0.963","0"
"11","self-matching","3","Matching","kite","you","Self","Self","lbl_you","label_you","Self","Self","x","969","0.969","1"
"11","self-matching","3","Matching","kite","you","Self","Self","lbl_you","label_you","Self","Self","x","986","0.986","1"
"11","self-matching","3","Nonmatching","square","happy","NonPerson","NonPerson","lbl_neutral","label_neutral","Neutral","NonPerson","x","1217","1.217","0"
"11","self-matching","3","Matching","trapeze","friend","Friend","Close","lbl_friend","label_friend","Friend","Close","x","1245","1.245","1"
"11","self-matching","3","Nonmatching","square","happy","NonPerson","NonPerson","lbl_neutral","label_neutral","Neutral","NonPerson","c","1114","1.114","1"
"11","self-matching","3","Matching","pentagon","neutral","NonPerson","NonPerson","lbl_neutral","label_neutral","Neutral","NonPerson","x","1112","1.112","1"
"11","self-matching","3","Nonmatching","pentagon","neutral","NonPerson","NonPerson","lbl_happy","label_happy","Happy","NonPerson","c","1229","1.229","1"
"11","self-matching","3","Matching","square","happy","NonPerson","NonPerson","lbl_happy","label_happy","Happy","NonPerson","x","1016","1.016","1"
"11","self-matching","3","Matching","trapeze","friend","Friend","Close","lbl_friend","label_friend","Friend","Close","x","1004","1.004","1"
"11","self-matching","3","Matching","square","happy","NonPerson","NonPerson","lbl_happy","label_happy","Happy","NonPerson","c","1307","1.307","0"
"11","self-matching","1","Matching","triangle","friend","Friend","Close","lbl_friend","label_friend","Friend","Close","n","807","0.807","1"
"11","self-matching","1","Matching","rhomboid","happy","NonPerson","NonPerson","lbl_happy","label_happy","Happy","NonPerson","n","920","0.92","1"
"11","self-matching","1","Matching","diamond","you","Self","Self","lbl_you","label_you","Self","Self","n","845","0.845","1"
"11","self-matching","1","Nonmatching","triangle","friend","Friend","Close","lbl_you","label_you","Self","Self","m","846","0.846","1"
"11","self-matching","1","Nonmatching","diamond","you","Self","Self","lbl_friend","label_friend","Friend","Close","n","871","0.871","0"
"11","self-matching","1","Matching","octagon","neutral","NonPerson","NonPerson","lbl_neutral","label_neutral","Neutral","NonPerson","n","1256","1.256","1"
"11","self-matching","1","Nonmatching","octagon","neutral","NonPerson","NonPerson","lbl_happy","label_happy","Happy","NonPerson","m","916","0.916","1"
"11","self-matching","1","Nonmatching","rhomboid","happy","NonPerson","NonPerson","lbl_neutral","label_neutral","Neutral","NonPerson","m","883","0.883","1"
"11","self-matching","1","Matching","triangle","friend","Friend","Close","lbl_friend","label_friend","Friend","Close","n","1237","1.237","1"
"11","self-matching","1","Matching","rhomboid","happy","NonPerson","NonPerson","lbl_happy","label_happy","Happy","NonPerson","n","916","0.916","1"
"11","self-matching","1","Nonmatching","rhomboid","happy","NonPerson","NonPerson","lbl_neutral","label_neutral","Neutral","NonPerson","m","1026","1.026","1"
"11","self-matching","1","Nonmatching","diamond","you","Self","Self","lbl_friend","label_friend","Friend","Close","m","1089","1.089","1"
"11","self-matching","1","Nonmatching","triangle","friend","Friend","Close","lbl_you","label_you","Self","Self","m","913","0.913","1"
"11","self-matching","1","Matching","octagon","neutral","NonPerson","NonPerson","lbl_neutral","label_neutral","Neutral","NonPerson","n","952","0.952","1"
"11","self-matching","1","Nonmatching","octagon","neutral","NonPerson","NonPerson","lbl_happy","label_happy","Happy","NonPerson","m","814","0.814","1"
"11","self-matching","1","Matching","diamond","you","Self","Self","lbl_you","label_you","Self","Self","m","1281","1.281","0"
"11","self-matching","2","Nonmatching","rhomboid","happy","NonPerson","NonPerson","lbl_neutral","label_neutral","Neutral","NonPerson","m","895","0.895","1"
"11","self-matching","2","Matching","diamond","you","Self","Self","lbl_you","label_you","Self","Self","n","813","0.813","1"
"11","self-matching","2","Nonmatching","rhomboid","happy","NonPerson","NonPerson","lbl_neutral","label_neutral","Neutral","NonPerson","m","911","0.911","1"
"11","self-matching","2","Matching","triangle","friend","Friend","Close","lbl_friend","label_friend","Friend","Close","n","791","0.791","1"
"11","self-matching","2","Matching","octagon","neutral","NonPerson","NonPerson","lbl_neutral","label_neutral","Neutral","NonPerson","n","1091","1.091","1"
"11","self-matching","2","Nonmatching","octagon","neutral","NonPerson","NonPerson","lbl_happy","label_happy","Happy","NonPerson","m","877","0.877","1"
"11","self-matching","2","Matching","rhomboid","happy","NonPerson","NonPerson","lbl_happy","label_happy","Happy","NonPerson","n","921","0.921","1"
"11","self-matching","2","Nonmatching","triangle","friend","Friend","Close","lbl_you","label_you","Self","Self","m","1108","1.108","1"
"11","self-matching","2","Nonmatching","octagon","neutral","NonPerson","NonPerson","lbl_happy","label_happy","Happy","NonPerson","m","961","0.961","1"
"11","self-matching","2","Nonmatching","triangle","friend","Friend","Close","lbl_you","label_you","Self","Self","m","1477","1.477","1"
"11","self-matching","2","Nonmatching","diamond","you","Self","Self","lbl_friend","label_friend","Friend","Close","m","989","0.989","1"
"11","self-matching","2","Matching","diamond","you","Self","Self","lbl_you","label_you","Self","Self","n","1319","1.319","1"
"11","self-matching","2","Matching","octagon","neutral","NonPerson","NonPerson","lbl_neutral","label_neutral","Neutral","NonPerson","n","1207","1.207","1"
"11","self-matching","2","Matching","rhomboid","happy","NonPerson","NonPerson","lbl_happy","label_happy","Happy","NonPerson","n","853","0.853","1"
"11","self-matching","2","Nonmatching","diamond","you","Self","Self","lbl_friend","label_friend","Friend","Close","m","978","0.978","1"
"11","self-matching","2","Matching","triangle","friend","Friend","Close","lbl_friend","label_friend","Friend","Close","n","887","0.887","1"
"11","self-matching","3","Matching","triangle","friend","Friend","Close","lbl_friend","label_friend","Friend","Close","n","804","0.804","1"
"11","self-matching","3","Matching","rhomboid","happy","NonPerson","NonPerson","lbl_happy","label_happy","Happy","NonPerson","n","814","0.814","1"
"11","self-matching","3","Matching","octagon","neutral","NonPerson","NonPerson","lbl_neutral","label_neutral","Neutral","NonPerson","n","890","0.89","1"
"11","self-matching","3","Matching","diamond","you","Self","Self","lbl_you","label_you","Self","Self","n","579","0.579","1"
"11","self-matching","3","Matching","rhomboid","happy","NonPerson","NonPerson","lbl_happy","label_happy","Happy","NonPerson","n","831","0.831","1"
"11","self-matching","3","Matching","diamond","you","Self","Self","lbl_you","label_you","Self","Self","n","877","0.877","1"
"11","self-matching","3","Nonmatching","diamond","you","Self","Self","lbl_friend","label_friend","Friend","Close","n","800","0.8","0"
"11","self-matching","3","Nonmatching","rhomboid","happy","NonPerson","NonPerson","lbl_neutral","label_neutral","Neutral","NonPerson","m","1053","1.053","1"
"11","self-matching","3","Nonmatching","octagon","neutral","NonPerson","NonPerson","lbl_happy","label_happy","Happy","NonPerson","m","1152","1.152","1"
"11","self-matching","3","Nonmatching","diamond","you","Self","Self","lbl_friend","label_friend","Friend","Close","m","936","0.936","1"
"11","self-matching","3","Nonmatching","octagon","neutral","NonPerson","NonPerson","lbl_happy","label_happy","Happy","NonPerson","m","895","0.895","1"
"11","self-matching","3","Matching","triangle","friend","Friend","Close","lbl_friend","label_friend","Friend","Close","n","759","0.759","1"
"11","self-matching","3","Nonmatching","triangle","friend","Friend","Close","lbl_you","label_you","Self","Self","n","679","0.679","0"
"11","self-matching","3","Matching","octagon","neutral","NonPerson","NonPerson","lbl_neutral","label_neutral","Neutral","NonPerson","n","1032","1.032","1"
"11","self-matching","3","Nonmatching","rhomboid","happy","NonPerson","NonPerson","lbl_neutral","label_neutral","Neutral","NonPerson","m","852","0.852","1"
"11","self-matching","3","Nonmatching","triangle","friend","Friend","Close","lbl_you","label_you","Self","Self","m","888","0.888","1"
"12","self-matching","1","Matching","trapeze","happy","NonPerson","NonPerson","lbl_happy","label_happy","Happy","NonPerson","x","776","0.776","1"
"12","self-matching","1","Nonmatching","kite","neutral","NonPerson","NonPerson","lbl_happy","label_happy","Happy","NonPerson","c","882","0.882","1"
"12","self-matching","1","Nonmatching","kite","neutral","NonPerson","NonPerson","lbl_happy","label_happy","Happy","NonPerson","x","793","0.793","0"
"12","self-matching","1","Matching","square","friend","Friend","Close","lbl_friend","label_friend","Friend","Close","x","868","0.868","1"
"12","self-matching","1","Nonmatching","trapeze","happy","NonPerson","NonPerson","lbl_neutral","label_neutral","Neutral","NonPerson","c","1272","1.272","1"
"12","self-matching","1","Matching","square","friend","Friend","Close","lbl_friend","label_friend","Friend","Close","x","731","0.731","1"
"12","self-matching","1","Matching","pentagon","you","Self","Self","lbl_you","label_you","Self","Self","x","619","0.619","1"
"12","self-matching","1","Nonmatching","pentagon","you","Self","Self","lbl_friend","label_friend","Friend","Close","c","955","0.955","1"
"12","self-matching","1","Nonmatching","pentagon","you","Self","Self","lbl_friend","label_friend","Friend","Close","x","971","0.971","0"
"12","self-matching","1","Matching","kite","neutral","NonPerson","NonPerson","lbl_neutral","label_neutral","Neutral","NonPerson","c","1010","1.01","0"
"12","self-matching","1","Matching","kite","neutral","NonPerson","NonPerson","lbl_neutral","label_neutral","Neutral","NonPerson","c","1518","1.518","0"
"12","self-matching","1","Nonmatching","square","friend","Friend","Close","lbl_you","label_you","Self","Self","c","1080","1.08","1"
"12","self-matching","1","Matching","trapeze","happy","NonPerson","NonPerson","lbl_happy","label_happy","Happy","NonPerson","x","885","0.885","1"
"12","self-matching","1","Matching","pentagon","you","Self","Self","lbl_you","label_you","Self","Self","x","938","0.938","1"
"12","self-matching","1","Nonmatching","square","friend","Friend","Close","lbl_you","label_you","Self","Self","c","945","0.945","1"
"12","self-matching","1","Nonmatching","trapeze","happy","NonPerson","NonPerson","lbl_neutral","label_neutral","Neutral","NonPerson","c","963","0.963","1"
"12","self-matching","2","Nonmatching","square","friend","Friend","Close","lbl_you","label_you","Self","Self","c","783","0.783","1"
"12","self-matching","2","Nonmatching","pentagon","you","Self","Self","lbl_friend","label_friend","Friend","Close","timeout","1663","1.663","0"
"12","self-matching","2","Nonmatching","square","friend","Friend","Close","lbl_you","label_you","Self","Self","c","796","0.796","1"
"12","self-matching","2","Matching","trapeze","happy","NonPerson","NonPerson","lbl_happy","label_happy","Happy","NonPerson","x","624","0.624","1"
"12","self-matching","2","Nonmatching","kite","neutral","NonPerson","NonPerson","lbl_happy","label_happy","Happy","NonPerson","c","1139","1.139","1"
"12","self-matching","2","Matching","square","friend","Friend","Close","lbl_friend","label_friend","Friend","Close","x","818","0.818","1"
"12","self-matching","2","Matching","kite","neutral","NonPerson","NonPerson","lbl_neutral","label_neutral","Neutral","NonPerson","x","1312","1.312","1"
"12","self-matching","2","Nonmatching","pentagon","you","Self","Self","lbl_friend","label_friend","Friend","Close","c","1162","1.162","1"
"12","self-matching","2","Matching","kite","neutral","NonPerson","NonPerson","lbl_neutral","label_neutral","Neutral","NonPerson","c","1113","1.113","0"
"12","self-matching","2","Matching","square","friend","Friend","Close","lbl_friend","label_friend","Friend","Close","x","949","0.949","1"
"12","self-matching","2","Matching","pentagon","you","Self","Self","lbl_you","label_you","Self","Self","x","723","0.723","1"
"12","self-matching","2","Nonmatching","trapeze","happy","NonPerson","NonPerson","lbl_neutral","label_neutral","Neutral","NonPerson","c","1585","1.585","1"
"12","self-matching","2","Nonmatching","trapeze","happy","NonPerson","NonPerson","lbl_neutral","label_neutral","Neutral","NonPerson","c","1108","1.108","1"
"12","self-matching","2","Matching","trapeze","happy","NonPerson","NonPerson","lbl_happy","label_happy","Happy","NonPerson","x","677","0.677","1"
"12","self-matching","2","Nonmatching","kite","neutral","NonPerson","NonPerson","lbl_happy","label_happy","Happy","NonPerson","c","1102","1.102","1"
"12","self-matching","2","Matching","pentagon","you","Self","Self","lbl_you","label_you","Self","Self","x","644","0.644","1"
"12","self-matching","3","Nonmatching","kite","neutral","NonPerson","NonPerson","lbl_happy","label_happy","Happy","NonPerson","x","1322","1.322","0"
"12","self-matching","3","Nonmatching","trapeze","happy","NonPerson","NonPerson","lbl_neutral","label_neutral","Neutral","NonPerson","c","1011","1.011","1"
"12","self-matching","3","Nonmatching","square","friend","Friend","Close","lbl_you","label_you","Self","Self","c","837","0.837","1"
"12","self-matching","3","Matching","square","friend","Friend","Close","lbl_friend","label_friend","Friend","Close","x","804","0.804","1"
"12","self-matching","3","Nonmatching","pentagon","you","Self","Self","lbl_friend","label_friend","Friend","Close","c","901","0.901","1"
"12","self-matching","3","Nonmatching","kite","neutral","NonPerson","NonPerson","lbl_happy","label_happy","Happy","NonPerson","c","1485","1.485","1"
"12","self-matching","3","Matching","trapeze","happy","NonPerson","NonPerson","lbl_happy","label_happy","Happy","NonPerson","x","777","0.777","1"
"12","self-matching","3","Matching","pentagon","you","Self","Self","lbl_you","label_you","Self","Self","x","645","0.645","1"
"12","self-matching","3","Nonmatching","pentagon","you","Self","Self","lbl_friend","label_friend","Friend","Close","c","806","0.806","1"
"12","self-matching","3","Nonmatching","trapeze","happy","NonPerson","NonPerson","lbl_neutral","label_neutral","Neutral","NonPerson","timeout","1647","1.647","0"
"12","self-matching","3","Matching","kite","neutral","NonPerson","NonPerson","lbl_neutral","label_neutral","Neutral","NonPerson","c","1163","1.163","0"
"12","self-matching","3","Matching","pentagon","you","Self","Self","lbl_you","label_you","Self","Self","x","689","0.689","1"
"12","self-matching","3","Matching","trapeze","happy","NonPerson","NonPerson","lbl_happy","label_happy","Happy","NonPerson","x","730","0.73","1"
"12","self-matching","3","Matching","kite","neutral","NonPerson","NonPerson","lbl_neutral","label_neutral","Neutral","NonPerson","c","727","0.727","0"
"12","self-matching","3","Nonmatching","square","friend","Friend","Close","lbl_you","label_you","Self","Self","c","869","0.869","1"
"12","self-matching","3","Matching","square","friend","Friend","Close","lbl_friend","label_friend","Friend","Close","x","869","0.869","1"
"12","self-matching","1","Matching","diamond","neutral","NonPerson","NonPerson","lbl_neutral","label_neutral","Neutral","NonPerson","n","924","0.924","1"
"12","self-matching","1","Matching","triangle","happy","NonPerson","NonPerson","lbl_happy","label_happy","Happy","NonPerson","n","792","0.792","1"
"12","self-matching","1","Nonmatching","triangle","happy","NonPerson","NonPerson","lbl_neutral","label_neutral","Neutral","NonPerson","m","1269","1.269","1"
"12","self-matching","1","Nonmatching","diamond","neutral","NonPerson","NonPerson","lbl_happy","label_happy","Happy","NonPerson","n","818","0.818","0"
"12","self-matching","1","Nonmatching","triangle","happy","NonPerson","NonPerson","lbl_neutral","label_neutral","Neutral","NonPerson","m","972","0.972","1"
"12","self-matching","1","Matching","triangle","happy","NonPerson","NonPerson","lbl_happy","label_happy","Happy","NonPerson","n","1314","1.314","1"
"12","self-matching","1","Matching","octagon","you","Self","Self","lbl_you","label_you","Self","Self","n","724","0.724","1"
"12","self-matching","1","Nonmatching","diamond","neutral","NonPerson","NonPerson","lbl_happy","label_happy","Happy","NonPerson","m","1218","1.218","1"
"12","self-matching","1","Matching","octagon","you","Self","Self","lbl_you","label_you","Self","Self","n","669","0.669","1"
"12","self-matching","1","Nonmatching","octagon","you","Self","Self","lbl_friend","label_friend","Friend","Close","m","813","0.813","1"
"12","self-matching","1","Matching","rhomboid","friend","Friend","Close","lbl_friend","label_friend","Friend","Close","n","806","0.806","1"
"12","self-matching","1","Matching","rhomboid","friend","Friend","Close","lbl_friend","label_friend","Friend","Close","n","753","0.753","1"
"12","self-matching","1","Nonmatching","octagon","you","Self","Self","lbl_friend","label_friend","Friend","Close","timeout","1658","1.658","0"
"12","self-matching","1","Matching","diamond","neutral","NonPerson","NonPerson","lbl_neutral","label_neutral","Neutral","NonPerson","m","917","0.917","0"
"12","self-matching","1","Nonmatching","rhomboid","friend","Friend","Close","lbl_you","label_you","Self","Self","m","876","0.876","1"
"12","self-matching","1","Nonmatching","rhomboid","friend","Friend","Close","lbl_you","label_you","Self","Self","m","743","0.743","1"
"12","self-matching","2","Matching","octagon","you","Self","Self","lbl_you","label_you","Self","Self","n","589","0.589","1"
"12","self-matching","2","Matching","octagon","you","Self","Self","lbl_you","label_you","Self","Self","n","733","0.733","1"
"12","self-matching","2","Nonmatching","rhomboid","friend","Friend","Close","lbl_you","label_you","Self","Self","m","677","0.677","1"
"12","self-matching","2","Nonmatching","rhomboid","friend","Friend","Close","lbl_you","label_you","Self","Self","m","830","0.83","1"
"12","self-matching","2","Nonmatching","triangle","happy","NonPerson","NonPerson","lbl_neutral","label_neutral","Neutral","NonPerson","m","1180","1.18","1"
"12","self-matching","2","Nonmatching","diamond","neutral","NonPerson","NonPerson","lbl_happy","label_happy","Happy","NonPerson","m","1028","1.028","1"
"12","self-matching","2","Matching","rhomboid","friend","Friend","Close","lbl_friend","label_friend","Friend","Close","n","868","0.868","1"
"12","self-matching","2","Matching","triangle","happy","NonPerson","NonPerson","lbl_happy","label_happy","Happy","NonPerson","n","1068","1.068","1"
"12","self-matching","2","Matching","diamond","neutral","NonPerson","NonPerson","lbl_neutral","label_neutral","Neutral","NonPerson","n","771","0.771","1"
"12","self-matching","2","Matching","diamond","neutral","NonPerson","NonPerson","lbl_neutral","label_neutral","Neutral","NonPerson","n","863","0.863","1"
"12","self-matching","2","Nonmatching","octagon","you","Self","Self","lbl_friend","label_friend","Friend","Close","m","679","0.679","1"
"12","self-matching","2","Nonmatching","triangle","happy","NonPerson","NonPerson","lbl_neutral","label_neutral","Neutral","NonPerson","n","1451","1.451","0"
"12","self-matching","2","Nonmatching","diamond","neutral","NonPerson","NonPerson","lbl_happy","label_happy","Happy","NonPerson","n","736","0.736","0"
"12","self-matching","2","Matching","triangle","happy","NonPerson","NonPerson","lbl_happy","label_happy","Happy","NonPerson","n","788","0.788","1"
"12","self-matching","2","Matching","rhomboid","friend","Friend","Close","lbl_friend","label_friend","Friend","Close","n","917","0.917","1"
"12","self-matching","2","Nonmatching","octagon","you","Self","Self","lbl_friend","label_friend","Friend","Close","m","795","0.795","1"
"12","self-matching","3","Matching","triangle","happy","NonPerson","NonPerson","lbl_happy","label_happy","Happy","NonPerson","n","913","0.913","1"
"12","self-matching","3","Matching","octagon","you","Self","Self","lbl_you","label_you","Self","Self","n","686","0.686","1"
"12","self-matching","3","Matching","triangle","happy","NonPerson","NonPerson","lbl_happy","label_happy","Happy","NonPerson","n","786","0.786","1"
"12","self-matching","3","Nonmatching","triangle","happy","NonPerson","NonPerson","lbl_neutral","label_neutral","Neutral","NonPerson","m","1134","1.134","1"
"12","self-matching","3","Matching","rhomboid","friend","Friend","Close","lbl_friend","label_friend","Friend","Close","n","893","0.893","1"
"12","self-matching","3","Nonmatching","rhomboid","friend","Friend","Close","lbl_you","label_you","Self","Self","m","773","0.773","1"
"12","self-matching","3","Nonmatching","rhomboid","friend","Friend","Close","lbl_you","label_you","Self","Self","m","679","0.679","1"
"12","self-matching","3","Nonmatching","diamond","neutral","NonPerson","NonPerson","lbl_happy","label_happy","Happy","NonPerson","n","658","0.658","0"
"12","self-matching","3","Nonmatching","diamond","neutral","NonPerson","NonPerson","lbl_happy","label_happy","Happy","NonPerson","m","1072","1.072","1"
"12","self-matching","3","Nonmatching","triangle","happy","NonPerson","NonPerson","lbl_neutral","label_neutral","Neutral","NonPerson","n","605","0.605","0"
"12","self-matching","3","Nonmatching","octagon","you","Self","Self","lbl_friend","label_friend","Friend","Close","m","806","0.806","1"
"12","self-matching","3","Matching","diamond","neutral","NonPerson","NonPerson","lbl_neutral","label_neutral","Neutral","NonPerson","n","1245","1.245","1"
"12","self-matching","3","Nonmatching","octagon","you","Self","Self","lbl_friend","label_friend","Friend","Close","m","833","0.833","1"
"12","self-matching","3","Matching","rhomboid","friend","Friend","Close","lbl_friend","label_friend","Friend","Close","n","982","0.982","1"
"12","self-matching","3","Matching","diamond","neutral","NonPerson","NonPerson","lbl_neutral","label_neutral","Neutral","NonPerson","n","1140","1.14","1"
"12","self-matching","3","Matching","octagon","you","Self","Self","lbl_you","label_you","Self","Self","n","616","0.616","1"
"13","self-matching","1","Matching","pentagon","friend","Friend","Close","lbl_friend","label_friend","Friend","Close","n","1259","1.259","1"
"13","self-matching","1","Nonmatching","trapeze","you","Self","Self","lbl_friend","label_friend","Friend","Close","m","803","0.803","1"
"13","self-matching","1","Nonmatching","pentagon","friend","Friend","Close","lbl_you","label_you","Self","Self","m","986","0.986","1"
"13","self-matching","1","Nonmatching","kite","happy","NonPerson","NonPerson","lbl_neutral","label_neutral","Neutral","NonPerson","m","1133","1.133","1"
"13","self-matching","1","Nonmatching","square","neutral","NonPerson","NonPerson","lbl_happy","label_happy","Happy","NonPerson","m","923","0.923","1"
"13","self-matching","1","Nonmatching","trapeze","you","Self","Self","lbl_friend","label_friend","Friend","Close","m","1204","1.204","1"
"13","self-matching","1","Matching","trapeze","you","Self","Self","lbl_you","label_you","Self","Self","n","664","0.664","1"
"13","self-matching","1","Matching","trapeze","you","Self","Self","lbl_you","label_you","Self","Self","n","851","0.851","1"
"13","self-matching","1","Matching","square","neutral","NonPerson","NonPerson","lbl_neutral","label_neutral","Neutral","NonPerson","n","1116","1.116","1"
"13","self-matching","1","Nonmatching","pentagon","friend","Friend","Close","lbl_you","label_you","Self","Self","m","837","0.837","1"
"13","self-matching","1","Matching","kite","happy","NonPerson","NonPerson","lbl_happy","label_happy","Happy","NonPerson","n","1203","1.203","1"
"13","self-matching","1","Matching","kite","happy","NonPerson","NonPerson","lbl_happy","label_happy","Happy","NonPerson","n","645","0.645","1"
"13","self-matching","1","Matching","pentagon","friend","Friend","Close","lbl_friend","label_friend","Friend","Close","n","918","0.918","1"
"13","self-matching","1","Nonmatching","square","neutral","NonPerson","NonPerson","lbl_happy","label_happy","Happy","NonPerson","m","840","0.84","1"
"13","self-matching","1","Matching","square","neutral","NonPerson","NonPerson","lbl_neutral","label_neutral","Neutral","NonPerson","n","799","0.799","1"
"13","self-matching","1","Nonmatching","kite","happy","NonPerson","NonPerson","lbl_neutral","label_neutral","Neutral","NonPerson","m","1627","1.627","1"
"13","self-matching","2","Matching","kite","happy","NonPerson","NonPerson","lbl_happy","label_happy","Happy","NonPerson","n","1051","1.051","1"
"13","self-matching","2","Matching","pentagon","friend","Friend","Close","lbl_friend","label_friend","Friend","Close","n","835","0.835","1"
"13","self-matching","2","Nonmatching","pentagon","friend","Friend","Close","lbl_you","label_you","Self","Self","m","917","0.917","1"
"13","self-matching","2","Nonmatching","pentagon","friend","Friend","Close","lbl_you","label_you","Self","Self","m","1183","1.183","1"
"13","self-matching","2","Matching","square","neutral","NonPerson","NonPerson","lbl_neutral","label_neutral","Neutral","NonPerson","n","790","0.79","1"
"13","self-matching","2","Nonmatching","square","neutral","NonPerson","NonPerson","lbl_happy","label_happy","Happy","NonPerson","m","1093","1.093","1"
"13","self-matching","2","Nonmatching","kite","happy","NonPerson","NonPerson","lbl_neutral","label_neutral","Neutral","NonPerson","m","921","0.921","1"
"13","self-matching","2","Matching","trapeze","you","Self","Self","lbl_you","label_you","Self","Self","n","714","0.714","1"
"13","self-matching","2","Nonmatching","square","neutral","NonPerson","NonPerson","lbl_happy","label_happy","Happy","NonPerson","m","1041","1.041","1"
"13","self-matching","2","Matching","pentagon","friend","Friend","Close","lbl_friend","label_friend","Friend","Close","n","806","0.806","1"
"13","self-matching","2","Nonmatching","kite","happy","NonPerson","NonPerson","lbl_neutral","label_neutral","Neutral","NonPerson","m","1043","1.043","1"
"13","self-matching","2","Matching","kite","happy","NonPerson","NonPerson","lbl_happy","label_happy","Happy","NonPerson","m","887","0.887","0"
"13","self-matching","2","Matching","trapeze","you","Self","Self","lbl_you","label_you","Self","Self","n","763","0.763","1"
"13","self-matching","2","Nonmatching","trapeze","you","Self","Self","lbl_friend","label_friend","Friend","Close","m","886","0.886","1"
"13","self-matching","2","Matching","square","neutral","NonPerson","NonPerson","lbl_neutral","label_neutral","Neutral","NonPerson","n","937","0.937","1"
"13","self-matching","2","Nonmatching","trapeze","you","Self","Self","lbl_friend","label_friend","Friend","Close","m","785","0.785","1"
"13","self-matching","3","Nonmatching","kite","happy","NonPerson","NonPerson","lbl_neutral","label_neutral","Neutral","NonPerson","m","897","0.897","1"
"13","self-matching","3","Matching","pentagon","friend","Friend","Close","lbl_friend","label_friend","Friend","Close","n","892","0.892","1"
"13","self-matching","3","Nonmatching","pentagon","friend","Friend","Close","lbl_you","label_you","Self","Self","m","818","0.818","1"
"13","self-matching","3","Nonmatching","square","neutral","NonPerson","NonPerson","lbl_happy","label_happy","Happy","NonPerson","m","930","0.93","1"
"13","self-matching","3","Nonmatching","pentagon","friend","Friend","Close","lbl_you","label_you","Self","Self","m","941","0.941","1"
"13","self-matching","3","Matching","pentagon","friend","Friend","Close","lbl_friend","label_friend","Friend","Close","n","695","0.695","1"
"13","self-matching","3","Matching","square","neutral","NonPerson","NonPerson","lbl_neutral","label_neutral","Neutral","NonPerson","n","884","0.884","1"
"13","self-matching","3","Nonmatching","square","neutral","NonPerson","NonPerson","lbl_happy","label_happy","Happy","NonPerson","m","707","0.707","1"
"13","self-matching","3","Nonmatching","trapeze","you","Self","Self","lbl_friend","label_friend","Friend","Close","m","685","0.685","1"
"13","self-matching","3","Matching","square","neutral","NonPerson","NonPerson","lbl_neutral","label_neutral","Neutral","NonPerson","n","775","0.775","1"
"13","self-matching","3","Matching","trapeze","you","Self","Self","lbl_you","label_you","Self","Self","n","718","0.718","1"
"13","self-matching","3","Matching","trapeze","you","Self","Self","lbl_you","label_you","Self","Self","n","805","0.805","1"
"13","self-matching","3","Nonmatching","trapeze","you","Self","Self","lbl_friend","label_friend","Friend","Close","m","569","0.569","1"
"13","self-matching","3","Nonmatching","kite","happy","NonPerson","NonPerson","lbl_neutral","label_neutral","Neutral","NonPerson","m","976","0.976","1"
"13","self-matching","3","Matching","kite","happy","NonPerson","NonPerson","lbl_happy","label_happy","Happy","NonPerson","n","648","0.648","1"
"13","self-matching","3","Matching","kite","happy","NonPerson","NonPerson","lbl_happy","label_happy","Happy","NonPerson","n","613","0.613","1"
"13","self-matching","1","Nonmatching","rhomboid","neutral","NonPerson","NonPerson","lbl_happy","label_happy","Happy","NonPerson","c","808","0.808","1"
"13","self-matching","1","Matching","rhomboid","neutral","NonPerson","NonPerson","lbl_neutral","label_neutral","Neutral","NonPerson","x","661","0.661","1"
"13","self-matching","1","Matching","octagon","friend","Friend","Close","lbl_friend","label_friend","Friend","Close","x","685","0.685","1"
"13","self-matching","1","Nonmatching","diamond","happy","NonPerson","NonPerson","lbl_neutral","label_neutral","Neutral","NonPerson","c","1185","1.185","1"
"13","self-matching","1","Matching","rhomboid","neutral","NonPerson","NonPerson","lbl_neutral","label_neutral","Neutral","NonPerson","x","1002","1.002","1"
"13","self-matching","1","Nonmatching","octagon","friend","Friend","Close","lbl_you","label_you","Self","Self","c","786","0.786","1"
"13","self-matching","1","Matching","triangle","you","Self","Self","lbl_you","label_you","Self","Self","x","592","0.592","1"
"13","self-matching","1","Nonmatching","triangle","you","Self","Self","lbl_friend","label_friend","Friend","Close","c","990","0.99","1"
"13","self-matching","1","Matching","diamond","happy","NonPerson","NonPerson","lbl_happy","label_happy","Happy","NonPerson","x","1124","1.124","1"
"13","self-matching","1","Matching","triangle","you","Self","Self","lbl_you","label_you","Self","Self","x","707","0.707","1"
"13","self-matching","1","Nonmatching","diamond","happy","NonPerson","NonPerson","lbl_neutral","label_neutral","Neutral","NonPerson","c","1019","1.019","1"
"13","self-matching","1","Nonmatching","octagon","friend","Friend","Close","lbl_you","label_you","Self","Self","c","742","0.742","1"
"13","self-matching","1","Nonmatching","triangle","you","Self","Self","lbl_friend","label_friend","Friend","Close","c","757","0.757","1"
"13","self-matching","1","Nonmatching","rhomboid","neutral","NonPerson","NonPerson","lbl_happy","label_happy","Happy","NonPerson","c","676","0.676","1"
"13","self-matching","1","Matching","diamond","happy","NonPerson","NonPerson","lbl_happy","label_happy","Happy","NonPerson","x","937","0.937","1"
"13","self-matching","1","Matching","octagon","friend","Friend","Close","lbl_friend","label_friend","Friend","Close","x","668","0.668","1"
"13","self-matching","2","Nonmatching","diamond","happy","NonPerson","NonPerson","lbl_neutral","label_neutral","Neutral","NonPerson","c","852","0.852","1"
"13","self-matching","2","Matching","octagon","friend","Friend","Close","lbl_friend","label_friend","Friend","Close","x","846","0.846","1"
"13","self-matching","2","Matching","rhomboid","neutral","NonPerson","NonPerson","lbl_neutral","label_neutral","Neutral","NonPerson","x","811","0.811","1"
"13","self-matching","2","Matching","diamond","happy","NonPerson","NonPerson","lbl_happy","label_happy","Happy","NonPerson","x","639","0.639","1"
"13","self-matching","2","Nonmatching","triangle","you","Self","Self","lbl_friend","label_friend","Friend","Close","c","828","0.828","1"
"13","self-matching","2","Nonmatching","triangle","you","Self","Self","lbl_friend","label_friend","Friend","Close","c","916","0.916","1"
"13","self-matching","2","Nonmatching","rhomboid","neutral","NonPerson","NonPerson","lbl_happy","label_happy","Happy","NonPerson","c","703","0.703","1"
"13","self-matching","2","Matching","rhomboid","neutral","NonPerson","NonPerson","lbl_neutral","label_neutral","Neutral","NonPerson","x","702","0.702","1"
"13","self-matching","2","Matching","triangle","you","Self","Self","lbl_you","label_you","Self","Self","x","583","0.583","1"
"13","self-matching","2","Nonmatching","diamond","happy","NonPerson","NonPerson","lbl_neutral","label_neutral","Neutral","NonPerson","c","1234","1.234","1"
"13","self-matching","2","Matching","diamond","happy","NonPerson","NonPerson","lbl_happy","label_happy","Happy","NonPerson","x","859","0.859","1"
"13","self-matching","2","Matching","triangle","you","Self","Self","lbl_you","label_you","Self","Self","c","947","0.947","0"
"13","self-matching","2","Nonmatching","octagon","friend","Friend","Close","lbl_you","label_you","Self","Self","c","966","0.966","1"
"13","self-matching","2","Nonmatching","rhomboid","neutral","NonPerson","NonPerson","lbl_happy","label_happy","Happy","NonPerson","c","715","0.715","1"
"13","self-matching","2","Matching","octagon","friend","Friend","Close","lbl_friend","label_friend","Friend","Close","x","650","0.65","1"
"13","self-matching","2","Nonmatching","octagon","friend","Friend","Close","lbl_you","label_you","Self","Self","c","752","0.752","1"
"13","self-matching","3","Matching","octagon","friend","Friend","Close","lbl_friend","label_friend","Friend","Close","x","982","0.982","1"
"13","self-matching","3","Nonmatching","octagon","friend","Friend","Close","lbl_you","label_you","Self","Self","c","568","0.568","1"
"13","self-matching","3","Nonmatching","triangle","you","Self","Self","lbl_friend","label_friend","Friend","Close","x","658","0.658","0"
"13","self-matching","3","Matching","octagon","friend","Friend","Close","lbl_friend","label_friend","Friend","Close","x","1189","1.189","1"
"13","self-matching","3","Matching","diamond","happy","NonPerson","NonPerson","lbl_happy","label_happy","Happy","NonPerson","x","979","0.979","1"
"13","self-matching","3","Nonmatching","diamond","happy","NonPerson","NonPerson","lbl_neutral","label_neutral","Neutral","NonPerson","x","1148","1.148","0"
"13","self-matching","3","Nonmatching","triangle","you","Self","Self","lbl_friend","label_friend","Friend","Close","x","588","0.588","0"
"13","self-matching","3","Nonmatching","diamond","happy","NonPerson","NonPerson","lbl_neutral","label_neutral","Neutral","NonPerson","c","1499","1.499","1"
"13","self-matching","3","Nonmatching","rhomboid","neutral","NonPerson","NonPerson","lbl_happy","label_happy","Happy","NonPerson","c","1255","1.255","1"
"13","self-matching","3","Matching","rhomboid","neutral","NonPerson","NonPerson","lbl_neutral","label_neutral","Neutral","NonPerson","x","754","0.754","1"
"13","self-matching","3","Matching","triangle","you","Self","Self","lbl_you","label_you","Self","Self","x","729","0.729","1"
"13","self-matching","3","Matching","diamond","happy","NonPerson","NonPerson","lbl_happy","label_happy","Happy","NonPerson","c","831","0.831","0"
"13","self-matching","3","Nonmatching","rhomboid","neutral","NonPerson","NonPerson","lbl_happy","label_happy","Happy","NonPerson","c","866","0.866","1"
"13","self-matching","3","Matching","rhomboid","neutral","NonPerson","NonPerson","lbl_neutral","label_neutral","Neutral","NonPerson","x","686","0.686","1"
"13","self-matching","3","Nonmatching","octagon","friend","Friend","Close","lbl_you","label_you","Self","Self","c","810","0.81","1"
"13","self-matching","3","Matching","triangle","you","Self","Self","lbl_you","label_you","Self","Self","x","559","0.559","1"
"14","self-matching","1","Matching","square","you","Self","Self","lbl_you","label_you","Self","Self","n","453","0.453","0"
"14","self-matching","1","Nonmatching","pentagon","neutral","NonPerson","NonPerson","lbl_happy","label_happy","Happy","NonPerson","m","385","0.385","0"
"14","self-matching","1","Matching","pentagon","neutral","NonPerson","NonPerson","lbl_neutral","label_neutral","Neutral","NonPerson","m","248","0.248","1"
"14","self-matching","1","Matching","kite","happy","NonPerson","NonPerson","lbl_happy","label_happy","Happy","NonPerson","m","220","0.22","1"
"14","self-matching","1","Nonmatching","trapeze","friend","Friend","Close","lbl_you","label_you","Self","Self","m","282","0.282","0"
"14","self-matching","1","Matching","trapeze","friend","Friend","Close","lbl_friend","label_friend","Friend","Close","m","417","0.417","1"
"14","self-matching","1","Nonmatching","kite","happy","NonPerson","NonPerson","lbl_neutral","label_neutral","Neutral","NonPerson","n","233","0.233","1"
"14","self-matching","1","Nonmatching","kite","happy","NonPerson","NonPerson","lbl_neutral","label_neutral","Neutral","NonPerson","m","208","0.208","0"
"14","self-matching","1","Matching","kite","happy","NonPerson","NonPerson","lbl_happy","label_happy","Happy","NonPerson","n","347","0.347","0"
"14","self-matching","1","Matching","square","you","Self","Self","lbl_you","label_you","Self","Self","m","285","0.285","1"
"14","self-matching","1","Matching","pentagon","neutral","NonPerson","NonPerson","lbl_neutral","label_neutral","Neutral","NonPerson","m","414","0.414","1"
"14","self-matching","1","Matching","trapeze","friend","Friend","Close","lbl_friend","label_friend","Friend","Close","m","226","0.226","1"
"14","self-matching","1","Nonmatching","square","you","Self","Self","lbl_friend","label_friend","Friend","Close","n","157","0.157","1"
"14","self-matching","1","Nonmatching","pentagon","neutral","NonPerson","NonPerson","lbl_happy","label_happy","Happy","NonPerson","m","217","0.217","0"
"14","self-matching","1","Nonmatching","square","you","Self","Self","lbl_friend","label_friend","Friend","Close","n","290","0.29","1"
"14","self-matching","1","Nonmatching","trapeze","friend","Friend","Close","lbl_you","label_you","Self","Self","m","247","0.247","0"
"14","self-matching","2","Matching","trapeze","friend","Friend","Close","lbl_friend","label_friend","Friend","Close","m","317","0.317","1"
"14","self-matching","2","Matching","pentagon","neutral","NonPerson","NonPerson","lbl_neutral","label_neutral","Neutral","NonPerson","n","223","0.223","0"
"14","self-matching","2","Matching","kite","happy","NonPerson","NonPerson","lbl_happy","label_happy","Happy","NonPerson","m","217","0.217","1"
"14","self-matching","2","Matching","square","you","Self","Self","lbl_you","label_you","Self","Self","m","240","0.24","1"
"14","self-matching","2","Nonmatching","trapeze","friend","Friend","Close","lbl_you","label_you","Self","Self","m","206","0.206","0"
"14","self-matching","2","Nonmatching","trapeze","friend","Friend","Close","lbl_you","label_you","Self","Self","n","184","0.184","1"
"14","self-matching","2","Nonmatching","kite","happy","NonPerson","NonPerson","lbl_neutral","label_neutral","Neutral","NonPerson","n","531","0.531","1"
"14","self-matching","2","Matching","trapeze","friend","Friend","Close","lbl_friend","label_friend","Friend","Close","m","281","0.281","1"
"14","self-matching","2","Nonmatching","pentagon","neutral","NonPerson","NonPerson","lbl_happy","label_happy","Happy","NonPerson","n","220","0.22","1"
"14","self-matching","2","Nonmatching","square","you","Self","Self","lbl_friend","label_friend","Friend","Close","n","332","0.332","1"
"14","self-matching","2","Matching","kite","happy","NonPerson","NonPerson","lbl_happy","label_happy","Happy","NonPerson","m","211","0.211","1"
"14","self-matching","2","Nonmatching","kite","happy","NonPerson","NonPerson","lbl_neutral","label_neutral","Neutral","NonPerson","n","203","0.203","1"
"14","self-matching","2","Matching","square","you","Self","Self","lbl_you","label_you","Self","Self","m","175","0.175","1"
"14","self-matching","2","Nonmatching","pentagon","neutral","NonPerson","NonPerson","lbl_happy","label_happy","Happy","NonPerson","n","345","0.345","1"
"14","self-matching","2","Matching","pentagon","neutral","NonPerson","NonPerson","lbl_neutral","label_neutral","Neutral","NonPerson","m","259","0.259","1"
"14","self-matching","2","Nonmatching","square","you","Self","Self","lbl_friend","label_friend","Friend","Close","n","168","0.168","1"
"14","self-matching","3","Nonmatching","trapeze","friend","Friend","Close","lbl_you","label_you","Self","Self","m","356","0.356","0"
"14","self-matching","3","Matching","trapeze","friend","Friend","Close","lbl_friend","label_friend","Friend","Close","n","229","0.229","0"
"14","self-matching","3","Matching","pentagon","neutral","NonPerson","NonPerson","lbl_neutral","label_neutral","Neutral","NonPerson","m","552","0.552","1"
"14","self-matching","3","Nonmatching","square","you","Self","Self","lbl_friend","label_friend","Friend","Close","m","251","0.251","0"
"14","self-matching","3","Matching","kite","happy","NonPerson","NonPerson","lbl_happy","label_happy","Happy","NonPerson","n","232","0.232","0"
"14","self-matching","3","Matching","square","you","Self","Self","lbl_you","label_you","Self","Self","m","85","0.085","1"
"14","self-matching","3","Nonmatching","kite","happy","NonPerson","NonPerson","lbl_neutral","label_neutral","Neutral","NonPerson","m","101","0.101","0"
"14","self-matching","3","Matching","pentagon","neutral","NonPerson","NonPerson","lbl_neutral","label_neutral","Neutral","NonPerson","n","110","0.11","0"
"14","self-matching","3","Nonmatching","pentagon","neutral","NonPerson","NonPerson","lbl_happy","label_happy","Happy","NonPerson","m","87","0.087","0"
"14","self-matching","3","Matching","kite","happy","NonPerson","NonPerson","lbl_happy","label_happy","Happy","NonPerson","n","51","0.051","0"
"14","self-matching","3","Nonmatching","kite","happy","NonPerson","NonPerson","lbl_neutral","label_neutral","Neutral","NonPerson","n","154","0.154","1"
"14","self-matching","3","Nonmatching","pentagon","neutral","NonPerson","NonPerson","lbl_happy","label_happy","Happy","NonPerson","n","217","0.217","1"
"14","self-matching","3","Nonmatching","trapeze","friend","Friend","Close","lbl_you","label_you","Self","Self","n","247","0.247","1"
"14","self-matching","3","Matching","square","you","Self","Self","lbl_you","label_you","Self","Self","m","332","0.332","1"
"14","self-matching","3","Nonmatching","square","you","Self","Self","lbl_friend","label_friend","Friend","Close","n","251","0.251","1"
"14","self-matching","3","Matching","trapeze","friend","Friend","Close","lbl_friend","label_friend","Friend","Close","m","256","0.256","1"
"14","self-matching","1","Matching","rhomboid","you","Self","Self","lbl_you","label_you","Self","Self","c","595","0.595","1"
"14","self-matching","1","Matching","octagon","neutral","NonPerson","NonPerson","lbl_neutral","label_neutral","Neutral","NonPerson","c","666","0.666","1"
"14","self-matching","1","Matching","diamond","happy","NonPerson","NonPerson","lbl_happy","label_happy","Happy","NonPerson","x","885","0.885","0"
"14","self-matching","1","Matching","diamond","happy","NonPerson","NonPerson","lbl_happy","label_happy","Happy","NonPerson","c","375","0.375","1"
"14","self-matching","1","Nonmatching","diamond","happy","NonPerson","NonPerson","lbl_neutral","label_neutral","Neutral","NonPerson","c","662","0.662","0"
"14","self-matching","1","Nonmatching","diamond","happy","NonPerson","NonPerson","lbl_neutral","label_neutral","Neutral","NonPerson","x","783","0.783","1"
"14","self-matching","1","Nonmatching","triangle","friend","Friend","Close","lbl_you","label_you","Self","Self","x","764","0.764","1"
"14","self-matching","1","Nonmatching","octagon","neutral","NonPerson","NonPerson","lbl_happy","label_happy","Happy","NonPerson","c","901","0.901","0"
"14","self-matching","1","Matching","triangle","friend","Friend","Close","lbl_friend","label_friend","Friend","Close","c","975","0.975","1"
"14","self-matching","1","Nonmatching","rhomboid","you","Self","Self","lbl_friend","label_friend","Friend","Close","c","801","0.801","0"
"14","self-matching","1","Nonmatching","triangle","friend","Friend","Close","lbl_you","label_you","Self","Self","x","1268","1.268","1"
"14","self-matching","1","Nonmatching","octagon","neutral","NonPerson","NonPerson","lbl_happy","label_happy","Happy","NonPerson","c","939","0.939","0"
"14","self-matching","1","Matching","rhomboid","you","Self","Self","lbl_you","label_you","Self","Self","c","840","0.84","1"
"14","self-matching","1","Matching","octagon","neutral","NonPerson","NonPerson","lbl_neutral","label_neutral","Neutral","NonPerson","c","832","0.832","1"
"14","self-matching","1","Nonmatching","rhomboid","you","Self","Self","lbl_friend","label_friend","Friend","Close","x","1099","1.099","1"
"14","self-matching","1","Matching","triangle","friend","Friend","Close","lbl_friend","label_friend","Friend","Close","c","526","0.526","1"
"14","self-matching","2","Nonmatching","rhomboid","you","Self","Self","lbl_friend","label_friend","Friend","Close","x","980","0.98","1"
"14","self-matching","2","Matching","triangle","friend","Friend","Close","lbl_friend","label_friend","Friend","Close","c","839","0.839","1"
"14","self-matching","2","Nonmatching","octagon","neutral","NonPerson","NonPerson","lbl_happy","label_happy","Happy","NonPerson","c","863","0.863","0"
"14","self-matching","2","Matching","diamond","happy","NonPerson","NonPerson","lbl_happy","label_happy","Happy","NonPerson","c","845","0.845","1"
"14","self-matching","2","Nonmatching","diamond","happy","NonPerson","NonPerson","lbl_neutral","label_neutral","Neutral","NonPerson","x","799","0.799","1"
"14","self-matching","2","Nonmatching","rhomboid","you","Self","Self","lbl_friend","label_friend","Friend","Close","x","1076","1.076","1"
"14","self-matching","2","Matching","rhomboid","you","Self","Self","lbl_you","label_you","Self","Self","c","521","0.521","1"
"14","self-matching","2","Matching","rhomboid","you","Self","Self","lbl_you","label_you","Self","Self","c","1266","1.266","1"
"14","self-matching","2","Matching","diamond","happy","NonPerson","NonPerson","lbl_happy","label_happy","Happy","NonPerson","x","1167","1.167","0"
"14","self-matching","2","Nonmatching","triangle","friend","Friend","Close","lbl_you","label_you","Self","Self","c","953","0.953","0"
"14","self-matching","2","Matching","octagon","neutral","NonPerson","NonPerson","lbl_neutral","label_neutral","Neutral","NonPerson","c","619","0.619","1"
"14","self-matching","2","Matching","octagon","neutral","NonPerson","NonPerson","lbl_neutral","label_neutral","Neutral","NonPerson","x","812","0.812","0"
"14","self-matching","2","Matching","triangle","friend","Friend","Close","lbl_friend","label_friend","Friend","Close","c","1359","1.359","1"
"14","self-matching","2","Nonmatching","triangle","friend","Friend","Close","lbl_you","label_you","Self","Self","x","1135","1.135","1"
"14","self-matching","2","Nonmatching","diamond","happy","NonPerson","NonPerson","lbl_neutral","label_neutral","Neutral","NonPerson","x","1329","1.329","1"
"14","self-matching","2","Nonmatching","octagon","neutral","NonPerson","NonPerson","lbl_happy","label_happy","Happy","NonPerson","c","998","0.998","0"
"14","self-matching","3","Matching","triangle","friend","Friend","Close","lbl_friend","label_friend","Friend","Close","c","1037","1.037","1"
"14","self-matching","3","Matching","diamond","happy","NonPerson","NonPerson","lbl_happy","label_happy","Happy","NonPerson","c","1095","1.095","1"
"14","self-matching","3","Nonmatching","octagon","neutral","NonPerson","NonPerson","lbl_happy","label_happy","Happy","NonPerson","c","421","0.421","0"
"14","self-matching","3","Nonmatching","diamond","happy","NonPerson","NonPerson","lbl_neutral","label_neutral","Neutral","NonPerson","c","1120","1.12","0"
"14","self-matching","3","Nonmatching","rhomboid","you","Self","Self","lbl_friend","label_friend","Friend","Close","x","1585","1.585","1"
"14","self-matching","3","Matching","octagon","neutral","NonPerson","NonPerson","lbl_neutral","label_neutral","Neutral","NonPerson","c","1272","1.272","1"
"14","self-matching","3","Nonmatching","octagon","neutral","NonPerson","NonPerson","lbl_happy","label_happy","Happy","NonPerson","x","1066","1.066","1"
"14","self-matching","3","Matching","triangle","friend","Friend","Close","lbl_friend","label_friend","Friend","Close","c","1078","1.078","1"
"14","self-matching","3","Nonmatching","diamond","happy","NonPerson","NonPerson","lbl_neutral","label_neutral","Neutral","NonPerson","timeout","1654","1.654","0"
"14","self-matching","3","Nonmatching","triangle","friend","Friend","Close","lbl_you","label_you","Self","Self","c","558","0.558","0"
"14","self-matching","3","Matching","octagon","neutral","NonPerson","NonPerson","lbl_neutral","label_neutral","Neutral","NonPerson","c","894","0.894","1"
"14","self-matching","3","Matching","rhomboid","you","Self","Self","lbl_you","label_you","Self","Self","x","421","0.421","0"
"14","self-matching","3","Nonmatching","rhomboid","you","Self","Self","lbl_friend","label_friend","Friend","Close","c","358","0.358","0"
"14","self-matching","3","Matching","rhomboid","you","Self","Self","lbl_you","label_you","Self","Self","x","385","0.385","0"
"14","self-matching","3","Matching","diamond","happy","NonPerson","NonPerson","lbl_happy","label_happy","Happy","NonPerson","c","235","0.235","1"
"14","self-matching","3","Nonmatching","triangle","friend","Friend","Close","lbl_you","label_you","Self","Self","c","360","0.36","0"
"15","self-matching","1","Nonmatching","rhomboid","friend","Friend","Close","lbl_you","label_you","Self","Self","m","699","0.699","0"
"15","self-matching","1","Nonmatching","octagon","neutral","NonPerson","NonPerson","lbl_happy","label_happy","Happy","NonPerson","n","740","0.74","1"
"15","self-matching","1","Matching","rhomboid","friend","Friend","Close","lbl_friend","label_friend","Friend","Close","m","999","0.999","1"
"15","self-matching","1","Matching","octagon","neutral","NonPerson","NonPerson","lbl_neutral","label_neutral","Neutral","NonPerson","n","775","0.775","0"
"15","self-matching","1","Matching","diamond","you","Self","Self","lbl_you","label_you","Self","Self","m","1070","1.07","1"
"15","self-matching","1","Matching","triangle","happy","NonPerson","NonPerson","lbl_happy","label_happy","Happy","NonPerson","n","794","0.794","0"
"15","self-matching","1","Matching","rhomboid","friend","Friend","Close","lbl_friend","label_friend","Friend","Close","m","857","0.857","1"
"15","self-matching","1","Nonmatching","triangle","happy","NonPerson","NonPerson","lbl_neutral","label_neutral","Neutral","NonPerson","n","1190","1.19","1"
"15","self-matching","1","Nonmatching","rhomboid","friend","Friend","Close","lbl_you","label_you","Self","Self","n","1517","1.517","1"
"15","self-matching","1","Matching","triangle","happy","NonPerson","NonPerson","lbl_happy","label_happy","Happy","NonPerson","m","922","0.922","1"
"15","self-matching","1","Matching","diamond","you","Self","Self","lbl_you","label_you","Self","Self","m","1402","1.402","1"
"15","self-matching","1","Nonmatching","diamond","you","Self","Self","lbl_friend","label_friend","Friend","Close","n","1069","1.069","1"
"15","self-matching","1","Nonmatching","octagon","neutral","NonPerson","NonPerson","lbl_happy","label_happy","Happy","NonPerson","n","1107","1.107","1"
"15","self-matching","1","Matching","octagon","neutral","NonPerson","NonPerson","lbl_neutral","label_neutral","Neutral","NonPerson","n","1147","1.147","0"
"15","self-matching","1","Nonmatching","triangle","happy","NonPerson","NonPerson","lbl_neutral","label_neutral","Neutral","NonPerson","n","1373","1.373","1"
"15","self-matching","1","Nonmatching","diamond","you","Self","Self","lbl_friend","label_friend","Friend","Close","n","1514","1.514","1"
"15","self-matching","2","Nonmatching","diamond","you","Self","Self","lbl_friend","label_friend","Friend","Close","n","883","0.883","1"
"15","self-matching","2","Matching","octagon","neutral","NonPerson","NonPerson","lbl_neutral","label_neutral","Neutral","NonPerson","m","1184","1.184","1"
"15","self-matching","2","Matching","diamond","you","Self","Self","lbl_you","label_you","Self","Self","m","1241","1.241","1"
"15","self-matching","2","Nonmatching","rhomboid","friend","Friend","Close","lbl_you","label_you","Self","Self","n","1350","1.35","1"
"15","self-matching","2","Matching","rhomboid","friend","Friend","Close","lbl_friend","label_friend","Friend","Close","m","1419","1.419","1"
"15","self-matching","2","Matching","diamond","you","Self","Self","lbl_you","label_you","Self","Self","m","1066","1.066","1"
"15","self-matching","2","Nonmatching","octagon","neutral","NonPerson","NonPerson","lbl_happy","label_happy","Happy","NonPerson","n","1162","1.162","1"
"15","self-matching","2","Matching","triangle","happy","NonPerson","NonPerson","lbl_happy","label_happy","Happy","NonPerson","m","1506","1.506","1"
"15","self-matching","2","Matching","rhomboid","friend","Friend","Close","lbl_friend","label_friend","Friend","Close","timeout","1648","1.648","0"
"15","self-matching","2","Matching","octagon","neutral","NonPerson","NonPerson","lbl_neutral","label_neutral","Neutral","NonPerson","n","818","0.818","0"
"15","self-matching","2","Matching","triangle","happy","NonPerson","NonPerson","lbl_happy","label_happy","Happy","NonPerson","m","709","0.709","1"
"15","self-matching","2","Nonmatching","diamond","you","Self","Self","lbl_friend","label_friend","Friend","Close","n","877","0.877","1"
"15","self-matching","2","Nonmatching","octagon","neutral","NonPerson","NonPerson","lbl_happy","label_happy","Happy","NonPerson","n","893","0.893","1"
"15","self-matching","2","Nonmatching","triangle","happy","NonPerson","NonPerson","lbl_neutral","label_neutral","Neutral","NonPerson","n","819","0.819","1"
"15","self-matching","2","Nonmatching","rhomboid","friend","Friend","Close","lbl_you","label_you","Self","Self","n","891","0.891","1"
"15","self-matching","2","Nonmatching","triangle","happy","NonPerson","NonPerson","lbl_neutral","label_neutral","Neutral","NonPerson","n","799","0.799","1"
"15","self-matching","3","Matching","triangle","happy","NonPerson","NonPerson","lbl_happy","label_happy","Happy","NonPerson","m","607","0.607","1"
"15","self-matching","3","Nonmatching","octagon","neutral","NonPerson","NonPerson","lbl_happy","label_happy","Happy","NonPerson","n","800","0.8","1"
"15","self-matching","3","Nonmatching","triangle","happy","NonPerson","NonPerson","lbl_neutral","label_neutral","Neutral","NonPerson","n","748","0.748","1"
"15","self-matching","3","Matching","octagon","neutral","NonPerson","NonPerson","lbl_neutral","label_neutral","Neutral","NonPerson","n","869","0.869","0"
"15","self-matching","3","Nonmatching","diamond","you","Self","Self","lbl_friend","label_friend","Friend","Close","n","892","0.892","1"
"15","self-matching","3","Nonmatching","octagon","neutral","NonPerson","NonPerson","lbl_happy","label_happy","Happy","NonPerson","n","958","0.958","1"
"15","self-matching","3","Nonmatching","rhomboid","friend","Friend","Close","lbl_you","label_you","Self","Self","m","998","0.998","0"
"15","self-matching","3","Matching","diamond","you","Self","Self","lbl_you","label_you","Self","Self","m","734","0.734","1"
"15","self-matching","3","Nonmatching","triangle","happy","NonPerson","NonPerson","lbl_neutral","label_neutral","Neutral","NonPerson","n","942","0.942","1"
"15","self-matching","3","Matching","rhomboid","friend","Friend","Close","lbl_friend","label_friend","Friend","Close","m","833","0.833","1"
"15","self-matching","3","Matching","octagon","neutral","NonPerson","NonPerson","lbl_neutral","label_neutral","Neutral","NonPerson","n","788","0.788","0"
"15","self-matching","3","Matching","diamond","you","Self","Self","lbl_you","label_you","Self","Self","m","907","0.907","1"
"15","self-matching","3","Nonmatching","diamond","you","Self","Self","lbl_friend","label_friend","Friend","Close","m","1194","1.194","0"
"15","self-matching","3","Matching","triangle","happy","NonPerson","NonPerson","lbl_happy","label_happy","Happy","NonPerson","m","982","0.982","1"
"15","self-matching","3","Matching","rhomboid","friend","Friend","Close","lbl_friend","label_friend","Friend","Close","m","942","0.942","1"
"15","self-matching","3","Nonmatching","rhomboid","friend","Friend","Close","lbl_you","label_you","Self","Self","n","1047","1.047","1"
"15","self-matching","1","Matching","kite","you","Self","Self","lbl_you","label_you","Self","Self","c","597","0.597","1"
"15","self-matching","1","Nonmatching","pentagon","neutral","NonPerson","NonPerson","lbl_happy","label_happy","Happy","NonPerson","c","1081","1.081","0"
"15","self-matching","1","Nonmatching","trapeze","happy","NonPerson","NonPerson","lbl_neutral","label_neutral","Neutral","NonPerson","c","861","0.861","0"
"15","self-matching","1","Nonmatching","kite","you","Self","Self","lbl_friend","label_friend","Friend","Close","x","722","0.722","1"
"15","self-matching","1","Nonmatching","kite","you","Self","Self","lbl_friend","label_friend","Friend","Close","x","849","0.849","1"
"15","self-matching","1","Nonmatching","square","friend","Friend","Close","lbl_you","label_you","Self","Self","x","931","0.931","1"
"15","self-matching","1","Nonmatching","pentagon","neutral","NonPerson","NonPerson","lbl_happy","label_happy","Happy","NonPerson","x","907","0.907","1"
"15","self-matching","1","Matching","square","friend","Friend","Close","lbl_friend","label_friend","Friend","Close","c","1042","1.042","1"
"15","self-matching","1","Matching","kite","you","Self","Self","lbl_you","label_you","Self","Self","c","703","0.703","1"
"15","self-matching","1","Nonmatching","trapeze","happy","NonPerson","NonPerson","lbl_neutral","label_neutral","Neutral","NonPerson","x","1030","1.03","1"
"15","self-matching","1","Matching","pentagon","neutral","NonPerson","NonPerson","lbl_neutral","label_neutral","Neutral","NonPerson","x","810","0.81","0"
"15","self-matching","1","Matching","square","friend","Friend","Close","lbl_friend","label_friend","Friend","Close","c","931","0.931","1"
"15","self-matching","1","Matching","pentagon","neutral","NonPerson","NonPerson","lbl_neutral","label_neutral","Neutral","NonPerson","x","848","0.848","0"
"15","self-matching","1","Matching","trapeze","happy","NonPerson","NonPerson","lbl_happy","label_happy","Happy","NonPerson","c","930","0.93","1"
"15","self-matching","1","Nonmatching","square","friend","Friend","Close","lbl_you","label_you","Self","Self","x","934","0.934","1"
"15","self-matching","1","Matching","trapeze","happy","NonPerson","NonPerson","lbl_happy","label_happy","Happy","NonPerson","x","991","0.991","0"
"15","self-matching","2","Matching","kite","you","Self","Self","lbl_you","label_you","Self","Self","c","701","0.701","1"
"15","self-matching","2","Nonmatching","pentagon","neutral","NonPerson","NonPerson","lbl_happy","label_happy","Happy","NonPerson","x","1198","1.198","1"
"15","self-matching","2","Matching","pentagon","neutral","NonPerson","NonPerson","lbl_neutral","label_neutral","Neutral","NonPerson","x","895","0.895","0"
"15","self-matching","2","Matching","square","friend","Friend","Close","lbl_friend","label_friend","Friend","Close","c","773","0.773","1"
"15","self-matching","2","Nonmatching","trapeze","happy","NonPerson","NonPerson","lbl_neutral","label_neutral","Neutral","NonPerson","c","856","0.856","0"
"15","self-matching","2","Matching","pentagon","neutral","NonPerson","NonPerson","lbl_neutral","label_neutral","Neutral","NonPerson","c","907","0.907","1"
"15","self-matching","2","Nonmatching","square","friend","Friend","Close","lbl_you","label_you","Self","Self","x","823","0.823","1"
"15","self-matching","2","Nonmatching","trapeze","happy","NonPerson","NonPerson","lbl_neutral","label_neutral","Neutral","NonPerson","x","980","0.98","1"
"15","self-matching","2","Matching","trapeze","happy","NonPerson","NonPerson","lbl_happy","label_happy","Happy","NonPerson","c","700","0.7","1"
"15","self-matching","2","Nonmatching","square","friend","Friend","Close","lbl_you","label_you","Self","Self","x","722","0.722","1"
"15","self-matching","2","Nonmatching","pentagon","neutral","NonPerson","NonPerson","lbl_happy","label_happy","Happy","NonPerson","x","916","0.916","1"
"15","self-matching","2","Matching","kite","you","Self","Self","lbl_you","label_you","Self","Self","c","618","0.618","1"
"15","self-matching","2","Matching","square","friend","Friend","Close","lbl_friend","label_friend","Friend","Close","c","737","0.737","1"
"15","self-matching","2","Matching","trapeze","happy","NonPerson","NonPerson","lbl_happy","label_happy","Happy","NonPerson","c","743","0.743","1"
"15","self-matching","2","Nonmatching","kite","you","Self","Self","lbl_friend","label_friend","Friend","Close","x","652","0.652","1"
"15","self-matching","2","Nonmatching","kite","you","Self","Self","lbl_friend","label_friend","Friend","Close","x","701","0.701","1"
"15","self-matching","3","Matching","trapeze","happy","NonPerson","NonPerson","lbl_happy","label_happy","Happy","NonPerson","c","605","0.605","1"
"15","self-matching","3","Nonmatching","square","friend","Friend","Close","lbl_you","label_you","Self","Self","x","595","0.595","1"
"15","self-matching","3","Nonmatching","pentagon","neutral","NonPerson","NonPerson","lbl_happy","label_happy","Happy","NonPerson","c","723","0.723","0"
"15","self-matching","3","Nonmatching","kite","you","Self","Self","lbl_friend","label_friend","Friend","Close","x","681","0.681","1"
"15","self-matching","3","Matching","trapeze","happy","NonPerson","NonPerson","lbl_happy","label_happy","Happy","NonPerson","c","647","0.647","1"
"15","self-matching","3","Matching","kite","you","Self","Self","lbl_you","label_you","Self","Self","c","643","0.643","1"
"15","self-matching","3","Matching","pentagon","neutral","NonPerson","NonPerson","lbl_neutral","label_neutral","Neutral","NonPerson","c","736","0.736","1"
"15","self-matching","3","Matching","kite","you","Self","Self","lbl_you","label_you","Self","Self","c","877","0.877","1"
"15","self-matching","3","Matching","pentagon","neutral","NonPerson","NonPerson","lbl_neutral","label_neutral","Neutral","NonPerson","x","766","0.766","0"
"15","self-matching","3","Matching","square","friend","Friend","Close","lbl_friend","label_friend","Friend","Close","c","673","0.673","1"
"15","self-matching","3","Nonmatching","trapeze","happy","NonPerson","NonPerson","lbl_neutral","label_neutral","Neutral","NonPerson","c","673","0.673","0"
"15","self-matching","3","Matching","square","friend","Friend","Close","lbl_friend","label_friend","Friend","Close","c","829","0.829","1"
"15","self-matching","3","Nonmatching","trapeze","happy","NonPerson","NonPerson","lbl_neutral","label_neutral","Neutral","NonPerson","x","914","0.914","1"
"15","self-matching","3","Nonmatching","kite","you","Self","Self","lbl_friend","label_friend","Friend","Close","x","895","0.895","1"
"15","self-matching","3","Nonmatching","pentagon","neutral","NonPerson","NonPerson","lbl_happy","label_happy","Happy","NonPerson","c","817","0.817","0"
"15","self-matching","3","Nonmatching","square","friend","Friend","Close","lbl_you","label_you","Self","Self","x","829","0.829","1"
"16","self-matching","1","Nonmatching","octagon","neutral","NonPerson","NonPerson","lbl_happy","label_happy","Happy","NonPerson","m","762","0.762","1"
"16","self-matching","1","Matching","triangle","you","Self","Self","lbl_you","label_you","Self","Self","n","721","0.721","1"
"16","self-matching","1","Matching","octagon","neutral","NonPerson","NonPerson","lbl_neutral","label_neutral","Neutral","NonPerson","n","800","0.8","1"
"16","self-matching","1","Nonmatching","rhomboid","happy","NonPerson","NonPerson","lbl_neutral","label_neutral","Neutral","NonPerson","m","835","0.835","1"
"16","self-matching","1","Matching","diamond","friend","Friend","Close","lbl_friend","label_friend","Friend","Close","n","848","0.848","1"
"16","self-matching","1","Matching","triangle","you","Self","Self","lbl_you","label_you","Self","Self","n","623","0.623","1"
"16","self-matching","1","Nonmatching","triangle","you","Self","Self","lbl_friend","label_friend","Friend","Close","m","962","0.962","1"
"16","self-matching","1","Nonmatching","diamond","friend","Friend","Close","lbl_you","label_you","Self","Self","m","936","0.936","1"
"16","self-matching","1","Matching","octagon","neutral","NonPerson","NonPerson","lbl_neutral","label_neutral","Neutral","NonPerson","n","727","0.727","1"
"16","self-matching","1","Matching","rhomboid","happy","NonPerson","NonPerson","lbl_happy","label_happy","Happy","NonPerson","n","954","0.954","1"
"16","self-matching","1","Matching","rhomboid","happy","NonPerson","NonPerson","lbl_happy","label_happy","Happy","NonPerson","n","634","0.634","1"
"16","self-matching","1","Nonmatching","triangle","you","Self","Self","lbl_friend","label_friend","Friend","Close","m","754","0.754","1"
"16","self-matching","1","Nonmatching","octagon","neutral","NonPerson","NonPerson","lbl_happy","label_happy","Happy","NonPerson","n","621","0.621","0"
"16","self-matching","1","Matching","diamond","friend","Friend","Close","lbl_friend","label_friend","Friend","Close","n","1446","1.446","1"
"16","self-matching","1","Nonmatching","rhomboid","happy","NonPerson","NonPerson","lbl_neutral","label_neutral","Neutral","NonPerson","m","1020","1.02","1"
"16","self-matching","1","Nonmatching","diamond","friend","Friend","Close","lbl_you","label_you","Self","Self","m","807","0.807","1"
"16","self-matching","2","Nonmatching","triangle","you","Self","Self","lbl_friend","label_friend","Friend","Close","m","865","0.865","1"
"16","self-matching","2","Nonmatching","octagon","neutral","NonPerson","NonPerson","lbl_happy","label_happy","Happy","NonPerson","m","975","0.975","1"
"16","self-matching","2","Nonmatching","diamond","friend","Friend","Close","lbl_you","label_you","Self","Self","m","738","0.738","1"
"16","self-matching","2","Nonmatching","triangle","you","Self","Self","lbl_friend","label_friend","Friend","Close","m","654","0.654","1"
"16","self-matching","2","Matching","rhomboid","happy","NonPerson","NonPerson","lbl_happy","label_happy","Happy","NonPerson","n","815","0.815","1"
"16","self-matching","2","Nonmatching","diamond","friend","Friend","Close","lbl_you","label_you","Self","Self","m","626","0.626","1"
"16","self-matching","2","Matching","diamond","friend","Friend","Close","lbl_friend","label_friend","Friend","Close","m","603","0.603","0"
"16","self-matching","2","Matching","octagon","neutral","NonPerson","NonPerson","lbl_neutral","label_neutral","Neutral","NonPerson","n","976","0.976","1"
"16","self-matching","2","Matching","triangle","you","Self","Self","lbl_you","label_you","Self","Self","n","605","0.605","1"
"16","self-matching","2","Matching","triangle","you","Self","Self","lbl_you","label_you","Self","Self","n","672","0.672","1"
"16","self-matching","2","Matching","diamond","friend","Friend","Close","lbl_friend","label_friend","Friend","Close","m","825","0.825","0"
"16","self-matching","2","Nonmatching","rhomboid","happy","NonPerson","NonPerson","lbl_neutral","label_neutral","Neutral","NonPerson","m","813","0.813","1"
"16","self-matching","2","Nonmatching","rhomboid","happy","NonPerson","NonPerson","lbl_neutral","label_neutral","Neutral","NonPerson","m","721","0.721","1"
"16","self-matching","2","Matching","octagon","neutral","NonPerson","NonPerson","lbl_neutral","label_neutral","Neutral","NonPerson","n","1054","1.054","1"
"16","self-matching","2","Matching","rhomboid","happy","NonPerson","NonPerson","lbl_happy","label_happy","Happy","NonPerson","n","664","0.664","1"
"16","self-matching","2","Nonmatching","octagon","neutral","NonPerson","NonPerson","lbl_happy","label_happy","Happy","NonPerson","n","636","0.636","0"
"16","self-matching","3","Nonmatching","diamond","friend","Friend","Close","lbl_you","label_you","Self","Self","m","974","0.974","1"
"16","self-matching","3","Nonmatching","diamond","friend","Friend","Close","lbl_you","label_you","Self","Self","m","946","0.946","1"
"16","self-matching","3","Nonmatching","triangle","you","Self","Self","lbl_friend","label_friend","Friend","Close","m","774","0.774","1"
"16","self-matching","3","Matching","diamond","friend","Friend","Close","lbl_friend","label_friend","Friend","Close","n","882","0.882","1"
"16","self-matching","3","Matching","diamond","friend","Friend","Close","lbl_friend","label_friend","Friend","Close","n","1082","1.082","1"
"16","self-matching","3","Nonmatching","triangle","you","Self","Self","lbl_friend","label_friend","Friend","Close","m","784","0.784","1"
"16","self-matching","3","Nonmatching","rhomboid","happy","NonPerson","NonPerson","lbl_neutral","label_neutral","Neutral","NonPerson","m","835","0.835","1"
"16","self-matching","3","Matching","octagon","neutral","NonPerson","NonPerson","lbl_neutral","label_neutral","Neutral","NonPerson","n","808","0.808","1"
"16","self-matching","3","Nonmatching","octagon","neutral","NonPerson","NonPerson","lbl_happy","label_happy","Happy","NonPerson","n","1049","1.049","0"
"16","self-matching","3","Matching","rhomboid","happy","NonPerson","NonPerson","lbl_happy","label_happy","Happy","NonPerson","n","598","0.598","1"
"16","self-matching","3","Nonmatching","rhomboid","happy","NonPerson","NonPerson","lbl_neutral","label_neutral","Neutral","NonPerson","m","809","0.809","1"
"16","self-matching","3","Matching","rhomboid","happy","NonPerson","NonPerson","lbl_happy","label_happy","Happy","NonPerson","n","984","0.984","1"
"16","self-matching","3","Matching","triangle","you","Self","Self","lbl_you","label_you","Self","Self","n","699","0.699","1"
"16","self-matching","3","Matching","octagon","neutral","NonPerson","NonPerson","lbl_neutral","label_neutral","Neutral","NonPerson","n","1017","1.017","1"
"16","self-matching","3","Matching","triangle","you","Self","Self","lbl_you","label_you","Self","Self","n","711","0.711","1"
"16","self-matching","3","Nonmatching","octagon","neutral","NonPerson","NonPerson","lbl_happy","label_happy","Happy","NonPerson","m","1020","1.02","1"
"16","self-matching","1","Matching","square","happy","NonPerson","NonPerson","lbl_happy","label_happy","Happy","NonPerson","x","883","0.883","1"
"16","self-matching","1","Matching","pentagon","neutral","NonPerson","NonPerson","lbl_neutral","label_neutral","Neutral","NonPerson","c","861","0.861","0"
"16","self-matching","1","Matching","trapeze","you","Self","Self","lbl_you","label_you","Self","Self","x","680","0.68","1"
"16","self-matching","1","Nonmatching","kite","friend","Friend","Close","lbl_you","label_you","Self","Self","c","795","0.795","1"
"16","self-matching","1","Nonmatching","square","happy","NonPerson","NonPerson","lbl_neutral","label_neutral","Neutral","NonPerson","c","692","0.692","1"
"16","self-matching","1","Nonmatching","trapeze","you","Self","Self","lbl_friend","label_friend","Friend","Close","c","1056","1.056","1"
"16","self-matching","1","Nonmatching","pentagon","neutral","NonPerson","NonPerson","lbl_happy","label_happy","Happy","NonPerson","c","1540","1.54","1"
"16","self-matching","1","Matching","kite","friend","Friend","Close","lbl_friend","label_friend","Friend","Close","x","966","0.966","1"
"16","self-matching","1","Matching","pentagon","neutral","NonPerson","NonPerson","lbl_neutral","label_neutral","Neutral","NonPerson","c","1139","1.139","0"
"16","self-matching","1","Nonmatching","pentagon","neutral","NonPerson","NonPerson","lbl_happy","label_happy","Happy","NonPerson","c","1116","1.116","1"
"16","self-matching","1","Matching","trapeze","you","Self","Self","lbl_you","label_you","Self","Self","x","727","0.727","1"
"16","self-matching","1","Matching","square","happy","NonPerson","NonPerson","lbl_happy","label_happy","Happy","NonPerson","x","893","0.893","1"
"16","self-matching","1","Nonmatching","kite","friend","Friend","Close","lbl_you","label_you","Self","Self","c","1353","1.353","1"
"16","self-matching","1","Matching","kite","friend","Friend","Close","lbl_friend","label_friend","Friend","Close","x","922","0.922","1"
"16","self-matching","1","Nonmatching","square","happy","NonPerson","NonPerson","lbl_neutral","label_neutral","Neutral","NonPerson","c","860","0.86","1"
"16","self-matching","1","Nonmatching","trapeze","you","Self","Self","lbl_friend","label_friend","Friend","Close","c","972","0.972","1"
"16","self-matching","2","Nonmatching","trapeze","you","Self","Self","lbl_friend","label_friend","Friend","Close","c","789","0.789","1"
"16","self-matching","2","Nonmatching","kite","friend","Friend","Close","lbl_you","label_you","Self","Self","c","796","0.796","1"
"16","self-matching","2","Nonmatching","trapeze","you","Self","Self","lbl_friend","label_friend","Friend","Close","c","1044","1.044","1"
"16","self-matching","2","Matching","kite","friend","Friend","Close","lbl_friend","label_friend","Friend","Close","c","685","0.685","0"
"16","self-matching","2","Matching","square","happy","NonPerson","NonPerson","lbl_happy","label_happy","Happy","NonPerson","x","753","0.753","1"
"16","self-matching","2","Matching","trapeze","you","Self","Self","lbl_you","label_you","Self","Self","x","766","0.766","1"
"16","self-matching","2","Nonmatching","pentagon","neutral","NonPerson","NonPerson","lbl_happy","label_happy","Happy","NonPerson","c","1565","1.565","1"
"16","self-matching","2","Nonmatching","pentagon","neutral","NonPerson","NonPerson","lbl_happy","label_happy","Happy","NonPerson","c","855","0.855","1"
"16","self-matching","2","Nonmatching","square","happy","NonPerson","NonPerson","lbl_neutral","label_neutral","Neutral","NonPerson","c","832","0.832","1"
"16","self-matching","2","Matching","pentagon","neutral","NonPerson","NonPerson","lbl_neutral","label_neutral","Neutral","NonPerson","c","877","0.877","0"
"16","self-matching","2","Matching","kite","friend","Friend","Close","lbl_friend","label_friend","Friend","Close","c","912","0.912","0"
"16","self-matching","2","Matching","pentagon","neutral","NonPerson","NonPerson","lbl_neutral","label_neutral","Neutral","NonPerson","c","765","0.765","0"
"16","self-matching","2","Matching","square","happy","NonPerson","NonPerson","lbl_happy","label_happy","Happy","NonPerson","c","879","0.879","0"
"16","self-matching","2","Nonmatching","kite","friend","Friend","Close","lbl_you","label_you","Self","Self","c","939","0.939","1"
"16","self-matching","2","Matching","trapeze","you","Self","Self","lbl_you","label_you","Self","Self","x","650","0.65","1"
"16","self-matching","2","Nonmatching","square","happy","NonPerson","NonPerson","lbl_neutral","label_neutral","Neutral","NonPerson","c","822","0.822","1"
"16","self-matching","3","Nonmatching","trapeze","you","Self","Self","lbl_friend","label_friend","Friend","Close","timeout","1651","1.651","0"
"16","self-matching","3","Matching","square","happy","NonPerson","NonPerson","lbl_happy","label_happy","Happy","NonPerson","x","643","0.643","1"
"16","self-matching","3","Matching","trapeze","you","Self","Self","lbl_you","label_you","Self","Self","x","576","0.576","1"
"16","self-matching","3","Nonmatching","square","happy","NonPerson","NonPerson","lbl_neutral","label_neutral","Neutral","NonPerson","c","684","0.684","1"
"16","self-matching","3","Nonmatching","pentagon","neutral","NonPerson","NonPerson","lbl_happy","label_happy","Happy","NonPerson","x","855","0.855","0"
"16","self-matching","3","Matching","kite","friend","Friend","Close","lbl_friend","label_friend","Friend","Close","x","779","0.779","1"
"16","self-matching","3","Matching","trapeze","you","Self","Self","lbl_you","label_you","Self","Self","x","564","0.564","1"
"16","self-matching","3","Nonmatching","trapeze","you","Self","Self","lbl_friend","label_friend","Friend","Close","c","737","0.737","1"
"16","self-matching","3","Nonmatching","pentagon","neutral","NonPerson","NonPerson","lbl_happy","label_happy","Happy","NonPerson","c","839","0.839","1"
"16","self-matching","3","Matching","pentagon","neutral","NonPerson","NonPerson","lbl_neutral","label_neutral","Neutral","NonPerson","x","870","0.87","1"
"16","self-matching","3","Matching","kite","friend","Friend","Close","lbl_friend","label_friend","Friend","Close","x","882","0.882","1"
"16","self-matching","3","Nonmatching","kite","friend","Friend","Close","lbl_you","label_you","Self","Self","x","607","0.607","0"
"16","self-matching","3","Nonmatching","square","happy","NonPerson","NonPerson","lbl_neutral","label_neutral","Neutral","NonPerson","c","1068","1.068","1"
"16","self-matching","3","Matching","pentagon","neutral","NonPerson","NonPerson","lbl_neutral","label_neutral","Neutral","NonPerson","c","893","0.893","0"
"16","self-matching","3","Nonmatching","kite","friend","Friend","Close","lbl_you","label_you","Self","Self","c","720","0.72","1"
"16","self-matching","3","Matching","square","happy","NonPerson","NonPerson","lbl_happy","label_happy","Happy","NonPerson","c","772","0.772","0"
"17","self-matching","1","Nonmatching","rhomboid","neutral","NonPerson","NonPerson","lbl_happy","label_happy","Happy","NonPerson","timeout","1649","1.649","0"
"17","self-matching","1","Matching","diamond","happy","NonPerson","NonPerson","lbl_happy","label_happy","Happy","NonPerson","n","1163","1.163","1"
"17","self-matching","1","Matching","rhomboid","neutral","NonPerson","NonPerson","lbl_neutral","label_neutral","Neutral","NonPerson","m","919","0.919","0"
"17","self-matching","1","Nonmatching","octagon","you","Self","Self","lbl_friend","label_friend","Friend","Close","m","1099","1.099","1"
"17","self-matching","1","Matching","triangle","friend","Friend","Close","lbl_friend","label_friend","Friend","Close","n","762","0.762","1"
"17","self-matching","1","Nonmatching","triangle","friend","Friend","Close","lbl_you","label_you","Self","Self","m","695","0.695","1"
"17","self-matching","1","Nonmatching","octagon","you","Self","Self","lbl_friend","label_friend","Friend","Close","m","794","0.794","1"
"17","self-matching","1","Matching","octagon","you","Self","Self","lbl_you","label_you","Self","Self","n","711","0.711","1"
"17","self-matching","1","Matching","diamond","happy","NonPerson","NonPerson","lbl_happy","label_happy","Happy","NonPerson","n","914","0.914","1"
"17","self-matching","1","Nonmatching","triangle","friend","Friend","Close","lbl_you","label_you","Self","Self","n","771","0.771","0"
"17","self-matching","1","Matching","rhomboid","neutral","NonPerson","NonPerson","lbl_neutral","label_neutral","Neutral","NonPerson","n","953","0.953","1"
"17","self-matching","1","Nonmatching","diamond","happy","NonPerson","NonPerson","lbl_neutral","label_neutral","Neutral","NonPerson","m","829","0.829","1"
"17","self-matching","1","Matching","octagon","you","Self","Self","lbl_you","label_you","Self","Self","n","676","0.676","1"
"17","self-matching","1","Nonmatching","rhomboid","neutral","NonPerson","NonPerson","lbl_happy","label_happy","Happy","NonPerson","timeout","1649","1.649","0"
"17","self-matching","1","Nonmatching","diamond","happy","NonPerson","NonPerson","lbl_neutral","label_neutral","Neutral","NonPerson","m","1304","1.304","1"
"17","self-matching","1","Matching","triangle","friend","Friend","Close","lbl_friend","label_friend","Friend","Close","n","808","0.808","1"
"17","self-matching","2","Matching","triangle","friend","Friend","Close","lbl_friend","label_friend","Friend","Close","n","1117","1.117","1"
"17","self-matching","2","Nonmatching","rhomboid","neutral","NonPerson","NonPerson","lbl_happy","label_happy","Happy","NonPerson","m","1115","1.115","1"
"17","self-matching","2","Matching","rhomboid","neutral","NonPerson","NonPerson","lbl_neutral","label_neutral","Neutral","NonPerson","n","1062","1.062","1"
"17","self-matching","2","Matching","triangle","friend","Friend","Close","lbl_friend","label_friend","Friend","Close","n","621","0.621","1"
"17","self-matching","2","Matching","diamond","happy","NonPerson","NonPerson","lbl_happy","label_happy","Happy","NonPerson","n","767","0.767","1"
"17","self-matching","2","Nonmatching","rhomboid","neutral","NonPerson","NonPerson","lbl_happy","label_happy","Happy","NonPerson","m","848","0.848","1"
"17","self-matching","2","Nonmatching","triangle","friend","Friend","Close","lbl_you","label_you","Self","Self","n","499","0.499","0"
"17","self-matching","2","Nonmatching","octagon","you","Self","Self","lbl_friend","label_friend","Friend","Close","n","554","0.554","0"
"17","self-matching","2","Matching","rhomboid","neutral","NonPerson","NonPerson","lbl_neutral","label_neutral","Neutral","NonPerson","n","898","0.898","1"
"17","self-matching","2","Nonmatching","diamond","happy","NonPerson","NonPerson","lbl_neutral","label_neutral","Neutral","NonPerson","m","1398","1.398","1"
"17","self-matching","2","Matching","diamond","happy","NonPerson","NonPerson","lbl_happy","label_happy","Happy","NonPerson","n","580","0.58","1"
"17","self-matching","2","Matching","octagon","you","Self","Self","lbl_you","label_you","Self","Self","n","518","0.518","1"
"17","self-matching","2","Nonmatching","octagon","you","Self","Self","lbl_friend","label_friend","Friend","Close","m","667","0.667","1"
"17","self-matching","2","Nonmatching","diamond","happy","NonPerson","NonPerson","lbl_neutral","label_neutral","Neutral","NonPerson","m","968","0.968","1"
"17","self-matching","2","Matching","octagon","you","Self","Self","lbl_you","label_you","Self","Self","n","1214","1.214","1"
"17","self-matching","2","Nonmatching","triangle","friend","Friend","Close","lbl_you","label_you","Self","Self","m","1163","1.163","1"
"17","self-matching","3","Nonmatching","octagon","you","Self","Self","lbl_friend","label_friend","Friend","Close","m","1221","1.221","1"
"17","self-matching","3","Matching","triangle","friend","Friend","Close","lbl_friend","label_friend","Friend","Close","n","1160","1.16","1"
"17","self-matching","3","Matching","triangle","friend","Friend","Close","lbl_friend","label_friend","Friend","Close","n","785","0.785","1"
"17","self-matching","3","Nonmatching","triangle","friend","Friend","Close","lbl_you","label_you","Self","Self","m","1435","1.435","1"
"17","self-matching","3","Nonmatching","diamond","happy","NonPerson","NonPerson","lbl_neutral","label_neutral","Neutral","NonPerson","m","1258","1.258","1"
"17","self-matching","3","Matching","octagon","you","Self","Self","lbl_you","label_you","Self","Self","n","961","0.961","1"
"17","self-matching","3","Nonmatching","rhomboid","neutral","NonPerson","NonPerson","lbl_happy","label_happy","Happy","NonPerson","m","1322","1.322","1"
"17","self-matching","3","Matching","diamond","happy","NonPerson","NonPerson","lbl_happy","label_happy","Happy","NonPerson","m","766","0.766","0"
"17","self-matching","3","Matching","rhomboid","neutral","NonPerson","NonPerson","lbl_neutral","label_neutral","Neutral","NonPerson","n","1468","1.468","1"
"17","self-matching","3","Nonmatching","diamond","happy","NonPerson","NonPerson","lbl_neutral","label_neutral","Neutral","NonPerson","m","1202","1.202","1"
"17","self-matching","3","Matching","octagon","you","Self","Self","lbl_you","label_you","Self","Self","n","631","0.631","1"
"17","self-matching","3","Nonmatching","octagon","you","Self","Self","lbl_friend","label_friend","Friend","Close","m","842","0.842","1"
"17","self-matching","3","Matching","diamond","happy","NonPerson","NonPerson","lbl_happy","label_happy","Happy","NonPerson","n","1230","1.23","1"
"17","self-matching","3","Nonmatching","rhomboid","neutral","NonPerson","NonPerson","lbl_happy","label_happy","Happy","NonPerson","m","833","0.833","1"
"17","self-matching","3","Matching","rhomboid","neutral","NonPerson","NonPerson","lbl_neutral","label_neutral","Neutral","NonPerson","n","1175","1.175","1"
"17","self-matching","3","Nonmatching","triangle","friend","Friend","Close","lbl_you","label_you","Self","Self","n","769","0.769","0"
"17","self-matching","1","Matching","pentagon","you","Self","Self","lbl_you","label_you","Self","Self","x","800","0.8","1"
"17","self-matching","1","Nonmatching","pentagon","you","Self","Self","lbl_friend","label_friend","Friend","Close","c","760","0.76","1"
"17","self-matching","1","Nonmatching","trapeze","friend","Friend","Close","lbl_you","label_you","Self","Self","c","1013","1.013","1"
"17","self-matching","1","Nonmatching","square","neutral","NonPerson","NonPerson","lbl_happy","label_happy","Happy","NonPerson","c","587","0.587","1"
"17","self-matching","1","Matching","square","neutral","NonPerson","NonPerson","lbl_neutral","label_neutral","Neutral","NonPerson","c","1341","1.341","0"
"17","self-matching","1","Matching","kite","happy","NonPerson","NonPerson","lbl_happy","label_happy","Happy","NonPerson","x","1209","1.209","1"
"17","self-matching","1","Nonmatching","kite","happy","NonPerson","NonPerson","lbl_neutral","label_neutral","Neutral","NonPerson","c","679","0.679","1"
"17","self-matching","1","Matching","trapeze","friend","Friend","Close","lbl_friend","label_friend","Friend","Close","x","875","0.875","1"
"17","self-matching","1","Matching","square","neutral","NonPerson","NonPerson","lbl_neutral","label_neutral","Neutral","NonPerson","x","989","0.989","1"
"17","self-matching","1","Nonmatching","kite","happy","NonPerson","NonPerson","lbl_neutral","label_neutral","Neutral","NonPerson","c","666","0.666","1"
"17","self-matching","1","Matching","kite","happy","NonPerson","NonPerson","lbl_happy","label_happy","Happy","NonPerson","x","625","0.625","1"
"17","self-matching","1","Matching","trapeze","friend","Friend","Close","lbl_friend","label_friend","Friend","Close","x","522","0.522","1"
"17","self-matching","1","Nonmatching","pentagon","you","Self","Self","lbl_friend","label_friend","Friend","Close","x","612","0.612","0"
"17","self-matching","1","Matching","pentagon","you","Self","Self","lbl_you","label_you","Self","Self","x","668","0.668","1"
"17","self-matching","1","Nonmatching","square","neutral","NonPerson","NonPerson","lbl_happy","label_happy","Happy","NonPerson","x","699","0.699","0"
"17","self-matching","1","Nonmatching","trapeze","friend","Friend","Close","lbl_you","label_you","Self","Self","x","737","0.737","0"
"17","self-matching","2","Nonmatching","square","neutral","NonPerson","NonPerson","lbl_happy","label_happy","Happy","NonPerson","c","1303","1.303","1"
"17","self-matching","2","Matching","pentagon","you","Self","Self","lbl_you","label_you","Self","Self","x","800","0.8","1"
"17","self-matching","2","Nonmatching","trapeze","friend","Friend","Close","lbl_you","label_you","Self","Self","timeout","1648","1.648","0"
"17","self-matching","2","Matching","square","neutral","NonPerson","NonPerson","lbl_neutral","label_neutral","Neutral","NonPerson","c","1422","1.422","0"
"17","self-matching","2","Matching","trapeze","friend","Friend","Close","lbl_friend","label_friend","Friend","Close","x","659","0.659","1"
"17","self-matching","2","Nonmatching","trapeze","friend","Friend","Close","lbl_you","label_you","Self","Self","x","553","0.553","0"
"17","self-matching","2","Matching","pentagon","you","Self","Self","lbl_you","label_you","Self","Self","x","580","0.58","1"
"17","self-matching","2","Matching","kite","happy","NonPerson","NonPerson","lbl_happy","label_happy","Happy","NonPerson","x","1062","1.062","1"
"17","self-matching","2","Nonmatching","kite","happy","NonPerson","NonPerson","lbl_neutral","label_neutral","Neutral","NonPerson","c","605","0.605","1"
"17","self-matching","2","Nonmatching","kite","happy","NonPerson","NonPerson","lbl_neutral","label_neutral","Neutral","NonPerson","x","686","0.686","0"
"17","self-matching","2","Nonmatching","pentagon","you","Self","Self","lbl_friend","label_friend","Friend","Close","x","597","0.597","0"
"17","self-matching","2","Nonmatching","square","neutral","NonPerson","NonPerson","lbl_happy","label_happy","Happy","NonPerson","timeout","1650","1.65","0"
"17","self-matching","2","Matching","trapeze","friend","Friend","Close","lbl_friend","label_friend","Friend","Close","x","554","0.554","1"
"17","self-matching","2","Matching","square","neutral","NonPerson","NonPerson","lbl_neutral","label_neutral","Neutral","NonPerson","c","1172","1.172","0"
"17","self-matching","2","Nonmatching","pentagon","you","Self","Self","lbl_friend","label_friend","Friend","Close","timeout","1649","1.649","0"
"17","self-matching","2","Matching","kite","happy","NonPerson","NonPerson","lbl_happy","label_happy","Happy","NonPerson","x","1566","1.566","1"
"17","self-matching","3","Nonmatching","pentagon","you","Self","Self","lbl_friend","label_friend","Friend","Close","x","734","0.734","0"
"17","self-matching","3","Nonmatching","kite","happy","NonPerson","NonPerson","lbl_neutral","label_neutral","Neutral","NonPerson","c","1212","1.212","1"
"17","self-matching","3","Matching","kite","happy","NonPerson","NonPerson","lbl_happy","label_happy","Happy","NonPerson","x","578","0.578","1"
"17","self-matching","3","Matching","trapeze","friend","Friend","Close","lbl_friend","label_friend","Friend","Close","x","557","0.557","1"
"17","self-matching","3","Matching","pentagon","you","Self","Self","lbl_you","label_you","Self","Self","x","496","0.496","1"
"17","self-matching","3","Nonmatching","square","neutral","NonPerson","NonPerson","lbl_happy","label_happy","Happy","NonPerson","x","1108","1.108","0"
"17","self-matching","3","Nonmatching","kite","happy","NonPerson","NonPerson","lbl_neutral","label_neutral","Neutral","NonPerson","c","679","0.679","1"
"17","self-matching","3","Matching","kite","happy","NonPerson","NonPerson","lbl_happy","label_happy","Happy","NonPerson","c","684","0.684","0"
"17","self-matching","3","Matching","pentagon","you","Self","Self","lbl_you","label_you","Self","Self","x","635","0.635","1"
"17","self-matching","3","Matching","square","neutral","NonPerson","NonPerson","lbl_neutral","label_neutral","Neutral","NonPerson","x","1082","1.082","1"
"17","self-matching","3","Matching","square","neutral","NonPerson","NonPerson","lbl_neutral","label_neutral","Neutral","NonPerson","x","856","0.856","1"
"17","self-matching","3","Nonmatching","pentagon","you","Self","Self","lbl_friend","label_friend","Friend","Close","x","651","0.651","0"
"17","self-matching","3","Nonmatching","trapeze","friend","Friend","Close","lbl_you","label_you","Self","Self","c","1003","1.003","1"
"17","self-matching","3","Nonmatching","trapeze","friend","Friend","Close","lbl_you","label_you","Self","Self","x","576","0.576","0"
"17","self-matching","3","Nonmatching","square","neutral","NonPerson","NonPerson","lbl_happy","label_happy","Happy","NonPerson","c","909","0.909","1"
"17","self-matching","3","Matching","trapeze","friend","Friend","Close","lbl_friend","label_friend","Friend","Close","c","934","0.934","0"
"18","self-matching","1","Nonmatching","pentagon","happy","NonPerson","NonPerson","lbl_neutral","label_neutral","Neutral","NonPerson","m","650","0.65","1"
"18","self-matching","1","Matching","square","neutral","NonPerson","NonPerson","lbl_neutral","label_neutral","Neutral","NonPerson","m","554","0.554","0"
"18","self-matching","1","Matching","pentagon","happy","NonPerson","NonPerson","lbl_happy","label_happy","Happy","NonPerson","n","779","0.779","1"
"18","self-matching","1","Matching","trapeze","friend","Friend","Close","lbl_friend","label_friend","Friend","Close","m","852","0.852","0"
"18","self-matching","1","Nonmatching","square","neutral","NonPerson","NonPerson","lbl_happy","label_happy","Happy","NonPerson","n","786","0.786","0"
"18","self-matching","1","Matching","square","neutral","NonPerson","NonPerson","lbl_neutral","label_neutral","Neutral","NonPerson","m","532","0.532","0"
"18","self-matching","1","Matching","kite","you","Self","Self","lbl_you","label_you","Self","Self","m","816","0.816","0"
"18","self-matching","1","Nonmatching","trapeze","friend","Friend","Close","lbl_you","label_you","Self","Self","m","806","0.806","1"
"18","self-matching","1","Nonmatching","kite","you","Self","Self","lbl_friend","label_friend","Friend","Close","m","966","0.966","1"
"18","self-matching","1","Nonmatching","pentagon","happy","NonPerson","NonPerson","lbl_neutral","label_neutral","Neutral","NonPerson","m","968","0.968","1"
"18","self-matching","1","Matching","trapeze","friend","Friend","Close","lbl_friend","label_friend","Friend","Close","n","870","0.87","1"
"18","self-matching","1","Matching","kite","you","Self","Self","lbl_you","label_you","Self","Self","m","713","0.713","0"
"18","self-matching","1","Matching","pentagon","happy","NonPerson","NonPerson","lbl_happy","label_happy","Happy","NonPerson","m","741","0.741","0"
"18","self-matching","1","Nonmatching","kite","you","Self","Self","lbl_friend","label_friend","Friend","Close","m","871","0.871","1"
"18","self-matching","1","Nonmatching","trapeze","friend","Friend","Close","lbl_you","label_you","Self","Self","m","952","0.952","1"
"18","self-matching","1","Nonmatching","square","neutral","NonPerson","NonPerson","lbl_happy","label_happy","Happy","NonPerson","m","991","0.991","1"
"18","self-matching","2","Nonmatching","kite","you","Self","Self","lbl_friend","label_friend","Friend","Close","n","797","0.797","0"
"18","self-matching","2","Matching","square","neutral","NonPerson","NonPerson","lbl_neutral","label_neutral","Neutral","NonPerson","m","868","0.868","0"
"18","self-matching","2","Nonmatching","trapeze","friend","Friend","Close","lbl_you","label_you","Self","Self","m","1008","1.008","1"
"18","self-matching","2","Matching","pentagon","happy","NonPerson","NonPerson","lbl_happy","label_happy","Happy","NonPerson","n","1207","1.207","1"
"18","self-matching","2","Nonmatching","trapeze","friend","Friend","Close","lbl_you","label_you","Self","Self","m","1330","1.33","1"
"18","self-matching","2","Nonmatching","square","neutral","NonPerson","NonPerson","lbl_happy","label_happy","Happy","NonPerson","m","1411","1.411","1"
"18","self-matching","2","Nonmatching","kite","you","Self","Self","lbl_friend","label_friend","Friend","Close","m","1306","1.306","1"
"18","self-matching","2","Nonmatching","pentagon","happy","NonPerson","NonPerson","lbl_neutral","label_neutral","Neutral","NonPerson","m","1069","1.069","1"
"18","self-matching","2","Matching","kite","you","Self","Self","lbl_you","label_you","Self","Self","n","1289","1.289","1"
"18","self-matching","2","Matching","pentagon","happy","NonPerson","NonPerson","lbl_happy","label_happy","Happy","NonPerson","m","1068","1.068","0"
"18","self-matching","2","Matching","trapeze","friend","Friend","Close","lbl_friend","label_friend","Friend","Close","n","1003","1.003","1"
"18","self-matching","2","Matching","trapeze","friend","Friend","Close","lbl_friend","label_friend","Friend","Close","n","835","0.835","1"
"18","self-matching","2","Matching","square","neutral","NonPerson","NonPerson","lbl_neutral","label_neutral","Neutral","NonPerson","m","1437","1.437","0"
"18","self-matching","2","Nonmatching","square","neutral","NonPerson","NonPerson","lbl_happy","label_happy","Happy","NonPerson","n","800","0.8","0"
"18","self-matching","2","Nonmatching","pentagon","happy","NonPerson","NonPerson","lbl_neutral","label_neutral","Neutral","NonPerson","m","757","0.757","1"
"18","self-matching","2","Matching","kite","you","Self","Self","lbl_you","label_you","Self","Self","n","1078","1.078","1"
"18","self-matching","3","Nonmatching","trapeze","friend","Friend","Close","lbl_you","label_you","Self","Self","n","854","0.854","0"
"18","self-matching","3","Matching","square","neutral","NonPerson","NonPerson","lbl_neutral","label_neutral","Neutral","NonPerson","m","797","0.797","0"
"18","self-matching","3","Matching","square","neutral","NonPerson","NonPerson","lbl_neutral","label_neutral","Neutral","NonPerson","m","781","0.781","0"
"18","self-matching","3","Matching","pentagon","happy","NonPerson","NonPerson","lbl_happy","label_happy","Happy","NonPerson","n","1231","1.231","1"
"18","self-matching","3","Matching","kite","you","Self","Self","lbl_you","label_you","Self","Self","n","666","0.666","1"
"18","self-matching","3","Matching","trapeze","friend","Friend","Close","lbl_friend","label_friend","Friend","Close","n","600","0.6","1"
"18","self-matching","3","Matching","kite","you","Self","Self","lbl_you","label_you","Self","Self","n","651","0.651","1"
"18","self-matching","3","Nonmatching","square","neutral","NonPerson","NonPerson","lbl_happy","label_happy","Happy","NonPerson","n","647","0.647","0"
"18","self-matching","3","Nonmatching","kite","you","Self","Self","lbl_friend","label_friend","Friend","Close","m","1117","1.117","1"
"18","self-matching","3","Matching","trapeze","friend","Friend","Close","lbl_friend","label_friend","Friend","Close","n","966","0.966","1"
"18","self-matching","3","Nonmatching","kite","you","Self","Self","lbl_friend","label_friend","Friend","Close","m","906","0.906","1"
"18","self-matching","3","Nonmatching","square","neutral","NonPerson","NonPerson","lbl_happy","label_happy","Happy","NonPerson","m","754","0.754","1"
"18","self-matching","3","Nonmatching","pentagon","happy","NonPerson","NonPerson","lbl_neutral","label_neutral","Neutral","NonPerson","n","837","0.837","0"
"18","self-matching","3","Matching","pentagon","happy","NonPerson","NonPerson","lbl_happy","label_happy","Happy","NonPerson","m","674","0.674","0"
"18","self-matching","3","Nonmatching","trapeze","friend","Friend","Close","lbl_you","label_you","Self","Self","m","837","0.837","1"
"18","self-matching","3","Nonmatching","pentagon","happy","NonPerson","NonPerson","lbl_neutral","label_neutral","Neutral","NonPerson","m","760","0.76","1"
"18","self-matching","1","Nonmatching","diamond","you","Self","Self","lbl_friend","label_friend","Friend","Close","c","814","0.814","1"
"18","self-matching","1","Matching","octagon","happy","NonPerson","NonPerson","lbl_happy","label_happy","Happy","NonPerson","x","944","0.944","1"
"18","self-matching","1","Matching","rhomboid","neutral","NonPerson","NonPerson","lbl_neutral","label_neutral","Neutral","NonPerson","x","1325","1.325","1"
"18","self-matching","1","Nonmatching","rhomboid","neutral","NonPerson","NonPerson","lbl_happy","label_happy","Happy","NonPerson","c","727","0.727","1"
"18","self-matching","1","Nonmatching","diamond","you","Self","Self","lbl_friend","label_friend","Friend","Close","c","989","0.989","1"
"18","self-matching","1","Matching","diamond","you","Self","Self","lbl_you","label_you","Self","Self","x","907","0.907","1"
"18","self-matching","1","Matching","octagon","happy","NonPerson","NonPerson","lbl_happy","label_happy","Happy","NonPerson","x","766","0.766","1"
"18","self-matching","1","Matching","triangle","friend","Friend","Close","lbl_friend","label_friend","Friend","Close","x","1026","1.026","1"
"18","self-matching","1","Matching","rhomboid","neutral","NonPerson","NonPerson","lbl_neutral","label_neutral","Neutral","NonPerson","x","887","0.887","1"
"18","self-matching","1","Matching","diamond","you","Self","Self","lbl_you","label_you","Self","Self","x","780","0.78","1"
"18","self-matching","1","Nonmatching","rhomboid","neutral","NonPerson","NonPerson","lbl_happy","label_happy","Happy","NonPerson","c","1067","1.067","1"
"18","self-matching","1","Nonmatching","triangle","friend","Friend","Close","lbl_you","label_you","Self","Self","x","1219","1.219","0"
"18","self-matching","1","Nonmatching","octagon","happy","NonPerson","NonPerson","lbl_neutral","label_neutral","Neutral","NonPerson","c","945","0.945","1"
"18","self-matching","1","Nonmatching","triangle","friend","Friend","Close","lbl_you","label_you","Self","Self","x","851","0.851","0"
"18","self-matching","1","Matching","triangle","friend","Friend","Close","lbl_friend","label_friend","Friend","Close","c","911","0.911","0"
"18","self-matching","1","Nonmatching","octagon","happy","NonPerson","NonPerson","lbl_neutral","label_neutral","Neutral","NonPerson","c","992","0.992","1"
"18","self-matching","2","Matching","octagon","happy","NonPerson","NonPerson","lbl_happy","label_happy","Happy","NonPerson","x","790","0.79","1"
"18","self-matching","2","Nonmatching","rhomboid","neutral","NonPerson","NonPerson","lbl_happy","label_happy","Happy","NonPerson","c","957","0.957","1"
"18","self-matching","2","Nonmatching","triangle","friend","Friend","Close","lbl_you","label_you","Self","Self","x","1561","1.561","0"
"18","self-matching","2","Matching","rhomboid","neutral","NonPerson","NonPerson","lbl_neutral","label_neutral","Neutral","NonPerson","c","824","0.824","0"
"18","self-matching","2","Nonmatching","diamond","you","Self","Self","lbl_friend","label_friend","Friend","Close","c","1078","1.078","1"
"18","self-matching","2","Nonmatching","octagon","happy","NonPerson","NonPerson","lbl_neutral","label_neutral","Neutral","NonPerson","x","955","0.955","0"
"18","self-matching","2","Nonmatching","triangle","friend","Friend","Close","lbl_you","label_you","Self","Self","x","844","0.844","0"
"18","self-matching","2","Nonmatching","rhomboid","neutral","NonPerson","NonPerson","lbl_happy","label_happy","Happy","NonPerson","x","839","0.839","0"
"18","self-matching","2","Nonmatching","diamond","you","Self","Self","lbl_friend","label_friend","Friend","Close","x","751","0.751","0"
"18","self-matching","2","Matching","triangle","friend","Friend","Close","lbl_friend","label_friend","Friend","Close","c","781","0.781","0"
"18","self-matching","2","Matching","rhomboid","neutral","NonPerson","NonPerson","lbl_neutral","label_neutral","Neutral","NonPerson","c","823","0.823","0"
"18","self-matching","2","Matching","triangle","friend","Friend","Close","lbl_friend","label_friend","Friend","Close","x","1057","1.057","1"
"18","self-matching","2","Matching","octagon","happy","NonPerson","NonPerson","lbl_happy","label_happy","Happy","NonPerson","x","731","0.731","1"
"18","self-matching","2","Nonmatching","octagon","happy","NonPerson","NonPerson","lbl_neutral","label_neutral","Neutral","NonPerson","c","948","0.948","1"
"18","self-matching","2","Matching","diamond","you","Self","Self","lbl_you","label_you","Self","Self","x","775","0.775","1"
"18","self-matching","2","Matching","diamond","you","Self","Self","lbl_you","label_you","Self","Self","x","701","0.701","1"
"18","self-matching","3","Nonmatching","diamond","you","Self","Self","lbl_friend","label_friend","Friend","Close","c","1114","1.114","1"
"18","self-matching","3","Matching","triangle","friend","Friend","Close","lbl_friend","label_friend","Friend","Close","x","1267","1.267","1"
"18","self-matching","3","Matching","triangle","friend","Friend","Close","lbl_friend","label_friend","Friend","Close","x","587","0.587","1"
"18","self-matching","3","Nonmatching","triangle","friend","Friend","Close","lbl_you","label_you","Self","Self","c","1010","1.01","1"
"18","self-matching","3","Nonmatching","triangle","friend","Friend","Close","lbl_you","label_you","Self","Self","c","1175","1.175","1"
"18","self-matching","3","Matching","rhomboid","neutral","NonPerson","NonPerson","lbl_neutral","label_neutral","Neutral","NonPerson","c","940","0.94","0"
"18","self-matching","3","Matching","diamond","you","Self","Self","lbl_you","label_you","Self","Self","x","726","0.726","1"
"18","self-matching","3","Nonmatching","octagon","happy","NonPerson","NonPerson","lbl_neutral","label_neutral","Neutral","NonPerson","c","1345","1.345","1"
"18","self-matching","3","Matching","diamond","you","Self","Self","lbl_you","label_you","Self","Self","c","954","0.954","0"
"18","self-matching","3","Nonmatching","rhomboid","neutral","NonPerson","NonPerson","lbl_happy","label_happy","Happy","NonPerson","x","716","0.716","0"
"18","self-matching","3","Matching","octagon","happy","NonPerson","NonPerson","lbl_happy","label_happy","Happy","NonPerson","x","684","0.684","1"
"18","self-matching","3","Nonmatching","octagon","happy","NonPerson","NonPerson","lbl_neutral","label_neutral","Neutral","NonPerson","c","1368","1.368","1"
"18","self-matching","3","Nonmatching","rhomboid","neutral","NonPerson","NonPerson","lbl_happy","label_happy","Happy","NonPerson","c","1414","1.414","1"
"18","self-matching","3","Matching","rhomboid","neutral","NonPerson","NonPerson","lbl_neutral","label_neutral","Neutral","NonPerson","x","1421","1.421","1"
"18","self-matching","3","Matching","octagon","happy","NonPerson","NonPerson","lbl_happy","label_happy","Happy","NonPerson","x","747","0.747","1"
"18","self-matching","3","Nonmatching","diamond","you","Self","Self","lbl_friend","label_friend","Friend","Close","c","1094","1.094","1"
"19","self-matching","1","Nonmatching","square","neutral","NonPerson","NonPerson","lbl_happy","label_happy","Happy","NonPerson","m","1267","1.267","1"
"19","self-matching","1","Matching","square","neutral","NonPerson","NonPerson","lbl_neutral","label_neutral","Neutral","NonPerson","n","1647","1.647","1"
"19","self-matching","1","Nonmatching","kite","you","Self","Self","lbl_friend","label_friend","Friend","Close","m","1040","1.04","1"
"19","self-matching","1","Nonmatching","pentagon","friend","Friend","Close","lbl_you","label_you","Self","Self","n","1065","1.065","0"
"19","self-matching","1","Nonmatching","kite","you","Self","Self","lbl_friend","label_friend","Friend","Close","m","1092","1.092","1"
"19","self-matching","1","Nonmatching","pentagon","friend","Friend","Close","lbl_you","label_you","Self","Self","m","1077","1.077","1"
"19","self-matching","1","Matching","kite","you","Self","Self","lbl_you","label_you","Self","Self","n","770","0.77","1"
"19","self-matching","1","Matching","pentagon","friend","Friend","Close","lbl_friend","label_friend","Friend","Close","m","487","0.487","0"
"19","self-matching","1","Matching","trapeze","happy","NonPerson","NonPerson","lbl_happy","label_happy","Happy","NonPerson","n","1204","1.204","1"
"19","self-matching","1","Nonmatching","square","neutral","NonPerson","NonPerson","lbl_happy","label_happy","Happy","NonPerson","m","951","0.951","1"
"19","self-matching","1","Matching","kite","you","Self","Self","lbl_you","label_you","Self","Self","n","1102","1.102","1"
"19","self-matching","1","Nonmatching","trapeze","happy","NonPerson","NonPerson","lbl_neutral","label_neutral","Neutral","NonPerson","m","1169","1.169","1"
"19","self-matching","1","Matching","trapeze","happy","NonPerson","NonPerson","lbl_happy","label_happy","Happy","NonPerson","m","1291","1.291","0"
"19","self-matching","1","Matching","square","neutral","NonPerson","NonPerson","lbl_neutral","label_neutral","Neutral","NonPerson","n","1341","1.341","1"
"19","self-matching","1","Nonmatching","trapeze","happy","NonPerson","NonPerson","lbl_neutral","label_neutral","Neutral","NonPerson","m","1071","1.071","1"
"19","self-matching","1","Matching","pentagon","friend","Friend","Close","lbl_friend","label_friend","Friend","Close","n","864","0.864","1"
"19","self-matching","2","Matching","kite","you","Self","Self","lbl_you","label_you","Self","Self","n","1046","1.046","1"
"19","self-matching","2","Matching","square","neutral","NonPerson","NonPerson","lbl_neutral","label_neutral","Neutral","NonPerson","m","744","0.744","0"
"19","self-matching","2","Nonmatching","pentagon","friend","Friend","Close","lbl_you","label_you","Self","Self","m","1196","1.196","1"
"19","self-matching","2","Matching","trapeze","happy","NonPerson","NonPerson","lbl_happy","label_happy","Happy","NonPerson","n","990","0.99","1"
"19","self-matching","2","Nonmatching","trapeze","happy","NonPerson","NonPerson","lbl_neutral","label_neutral","Neutral","NonPerson","m","902","0.902","1"
"19","self-matching","2","Nonmatching","square","neutral","NonPerson","NonPerson","lbl_happy","label_happy","Happy","NonPerson","m","1088","1.088","1"
"19","self-matching","2","Nonmatching","kite","you","Self","Self","lbl_friend","label_friend","Friend","Close","m","1059","1.059","1"
"19","self-matching","2","Matching","square","neutral","NonPerson","NonPerson","lbl_neutral","label_neutral","Neutral","NonPerson","n","1303","1.303","1"
"19","self-matching","2","Matching","kite","you","Self","Self","lbl_you","label_you","Self","Self","n","880","0.88","1"
"19","self-matching","2","Nonmatching","trapeze","happy","NonPerson","NonPerson","lbl_neutral","label_neutral","Neutral","NonPerson","m","1000","1","1"
"19","self-matching","2","Nonmatching","kite","you","Self","Self","lbl_friend","label_friend","Friend","Close","n","888","0.888","0"
"19","self-matching","2","Nonmatching","square","neutral","NonPerson","NonPerson","lbl_happy","label_happy","Happy","NonPerson","m","1258","1.258","1"
"19","self-matching","2","Matching","trapeze","happy","NonPerson","NonPerson","lbl_happy","label_happy","Happy","NonPerson","n","959","0.959","1"
"19","self-matching","2","Matching","pentagon","friend","Friend","Close","lbl_friend","label_friend","Friend","Close","m","975","0.975","0"
"19","self-matching","2","Matching","pentagon","friend","Friend","Close","lbl_friend","label_friend","Friend","Close","n","1228","1.228","1"
"19","self-matching","2","Nonmatching","pentagon","friend","Friend","Close","lbl_you","label_you","Self","Self","m","899","0.899","1"
"19","self-matching","3","Matching","kite","you","Self","Self","lbl_you","label_you","Self","Self","n","678","0.678","1"
"19","self-matching","3","Nonmatching","pentagon","friend","Friend","Close","lbl_you","label_you","Self","Self","m","889","0.889","1"
"19","self-matching","3","Nonmatching","square","neutral","NonPerson","NonPerson","lbl_happy","label_happy","Happy","NonPerson","m","1283","1.283","1"
"19","self-matching","3","Nonmatching","kite","you","Self","Self","lbl_friend","label_friend","Friend","Close","m","1093","1.093","1"
"19","self-matching","3","Matching","trapeze","happy","NonPerson","NonPerson","lbl_happy","label_happy","Happy","NonPerson","n","1049","1.049","1"
"19","self-matching","3","Matching","trapeze","happy","NonPerson","NonPerson","lbl_happy","label_happy","Happy","NonPerson","n","739","0.739","1"
"19","self-matching","3","Matching","square","neutral","NonPerson","NonPerson","lbl_neutral","label_neutral","Neutral","NonPerson","m","874","0.874","0"
"19","self-matching","3","Nonmatching","trapeze","happy","NonPerson","NonPerson","lbl_neutral","label_neutral","Neutral","NonPerson","m","1366","1.366","1"
"19","self-matching","3","Matching","pentagon","friend","Friend","Close","lbl_friend","label_friend","Friend","Close","m","1025","1.025","0"
"19","self-matching","3","Matching","square","neutral","NonPerson","NonPerson","lbl_neutral","label_neutral","Neutral","NonPerson","n","1342","1.342","1"
"19","self-matching","3","Matching","kite","you","Self","Self","lbl_you","label_you","Self","Self","n","1207","1.207","1"
"19","self-matching","3","Nonmatching","square","neutral","NonPerson","NonPerson","lbl_happy","label_happy","Happy","NonPerson","m","1265","1.265","1"
"19","self-matching","3","Nonmatching","kite","you","Self","Self","lbl_friend","label_friend","Friend","Close","m","1274","1.274","1"
"19","self-matching","3","Nonmatching","pentagon","friend","Friend","Close","lbl_you","label_you","Self","Self","m","1295","1.295","1"
"19","self-matching","3","Nonmatching","trapeze","happy","NonPerson","NonPerson","lbl_neutral","label_neutral","Neutral","NonPerson","m","1114","1.114","1"
"19","self-matching","3","Matching","pentagon","friend","Friend","Close","lbl_friend","label_friend","Friend","Close","n","1160","1.16","1"
"19","self-matching","1","Matching","diamond","you","Self","Self","lbl_you","label_you","Self","Self","x","808","0.808","1"
"19","self-matching","1","Matching","triangle","happy","NonPerson","NonPerson","lbl_happy","label_happy","Happy","NonPerson","x","1183","1.183","1"
"19","self-matching","1","Matching","rhomboid","neutral","NonPerson","NonPerson","lbl_neutral","label_neutral","Neutral","NonPerson","c","878","0.878","0"
"19","self-matching","1","Nonmatching","triangle","happy","NonPerson","NonPerson","lbl_neutral","label_neutral","Neutral","NonPerson","x","1249","1.249","0"
"19","self-matching","1","Matching","octagon","friend","Friend","Close","lbl_friend","label_friend","Friend","Close","x","1124","1.124","1"
"19","self-matching","1","Nonmatching","rhomboid","neutral","NonPerson","NonPerson","lbl_happy","label_happy","Happy","NonPerson","x","914","0.914","0"
"19","self-matching","1","Nonmatching","diamond","you","Self","Self","lbl_friend","label_friend","Friend","Close","c","1395","1.395","1"
"19","self-matching","1","Matching","rhomboid","neutral","NonPerson","NonPerson","lbl_neutral","label_neutral","Neutral","NonPerson","x","1385","1.385","1"
"19","self-matching","1","Nonmatching","rhomboid","neutral","NonPerson","NonPerson","lbl_happy","label_happy","Happy","NonPerson","c","977","0.977","1"
"19","self-matching","1","Matching","octagon","friend","Friend","Close","lbl_friend","label_friend","Friend","Close","x","719","0.719","1"
"19","self-matching","1","Nonmatching","octagon","friend","Friend","Close","lbl_you","label_you","Self","Self","c","949","0.949","1"
"19","self-matching","1","Matching","triangle","happy","NonPerson","NonPerson","lbl_happy","label_happy","Happy","NonPerson","x","1384","1.384","1"
"19","self-matching","1","Matching","diamond","you","Self","Self","lbl_you","label_you","Self","Self","x","865","0.865","1"
"19","self-matching","1","Nonmatching","triangle","happy","NonPerson","NonPerson","lbl_neutral","label_neutral","Neutral","NonPerson","c","940","0.94","1"
"19","self-matching","1","Nonmatching","diamond","you","Self","Self","lbl_friend","label_friend","Friend","Close","c","1375","1.375","1"
"19","self-matching","1","Nonmatching","octagon","friend","Friend","Close","lbl_you","label_you","Self","Self","c","1374","1.374","1"
"19","self-matching","2","Matching","octagon","friend","Friend","Close","lbl_friend","label_friend","Friend","Close","x","1001","1.001","1"
"19","self-matching","2","Nonmatching","triangle","happy","NonPerson","NonPerson","lbl_neutral","label_neutral","Neutral","NonPerson","c","1010","1.01","1"
"19","self-matching","2","Matching","diamond","you","Self","Self","lbl_you","label_you","Self","Self","x","860","0.86","1"
"19","self-matching","2","Matching","rhomboid","neutral","NonPerson","NonPerson","lbl_neutral","label_neutral","Neutral","NonPerson","x","1006","1.006","1"
"19","self-matching","2","Nonmatching","triangle","happy","NonPerson","NonPerson","lbl_neutral","label_neutral","Neutral","NonPerson","c","924","0.924","1"
"19","self-matching","2","Nonmatching","rhomboid","neutral","NonPerson","NonPerson","lbl_happy","label_happy","Happy","NonPerson","c","1276","1.276","1"
"19","self-matching","2","Nonmatching","octagon","friend","Friend","Close","lbl_you","label_you","Self","Self","c","1018","1.018","1"
"19","self-matching","2","Matching","diamond","you","Self","Self","lbl_you","label_you","Self","Self","x","573","0.573","1"
"19","self-matching","2","Nonmatching","diamond","you","Self","Self","lbl_friend","label_friend","Friend","Close","c","1023","1.023","1"
"19","self-matching","2","Nonmatching","diamond","you","Self","Self","lbl_friend","label_friend","Friend","Close","c","632","0.632","1"
"19","self-matching","2","Matching","octagon","friend","Friend","Close","lbl_friend","label_friend","Friend","Close","x","1009","1.009","1"
"19","self-matching","2","Nonmatching","octagon","friend","Friend","Close","lbl_you","label_you","Self","Self","c","1010","1.01","1"
"19","self-matching","2","Matching","rhomboid","neutral","NonPerson","NonPerson","lbl_neutral","label_neutral","Neutral","NonPerson","x","1045","1.045","1"
"19","self-matching","2","Matching","triangle","happy","NonPerson","NonPerson","lbl_happy","label_happy","Happy","NonPerson","x","895","0.895","1"
"19","self-matching","2","Nonmatching","rhomboid","neutral","NonPerson","NonPerson","lbl_happy","label_happy","Happy","NonPerson","c","1072","1.072","1"
"19","self-matching","2","Matching","triangle","happy","NonPerson","NonPerson","lbl_happy","label_happy","Happy","NonPerson","x","860","0.86","1"
"19","self-matching","3","Matching","diamond","you","Self","Self","lbl_you","label_you","Self","Self","x","972","0.972","1"
"19","self-matching","3","Matching","octagon","friend","Friend","Close","lbl_friend","label_friend","Friend","Close","x","809","0.809","1"
"19","self-matching","3","Nonmatching","triangle","happy","NonPerson","NonPerson","lbl_neutral","label_neutral","Neutral","NonPerson","c","1050","1.05","1"
"19","self-matching","3","Matching","octagon","friend","Friend","Close","lbl_friend","label_friend","Friend","Close","x","757","0.757","1"
"19","self-matching","3","Nonmatching","diamond","you","Self","Self","lbl_friend","label_friend","Friend","Close","c","903","0.903","1"
"19","self-matching","3","Nonmatching","octagon","friend","Friend","Close","lbl_you","label_you","Self","Self","x","795","0.795","0"
"19","self-matching","3","Matching","triangle","happy","NonPerson","NonPerson","lbl_happy","label_happy","Happy","NonPerson","c","886","0.886","0"
"19","self-matching","3","Matching","triangle","happy","NonPerson","NonPerson","lbl_happy","label_happy","Happy","NonPerson","x","828","0.828","1"
"19","self-matching","3","Nonmatching","diamond","you","Self","Self","lbl_friend","label_friend","Friend","Close","c","1099","1.099","1"
"19","self-matching","3","Matching","rhomboid","neutral","NonPerson","NonPerson","lbl_neutral","label_neutral","Neutral","NonPerson","x","1084","1.084","1"
"19","self-matching","3","Matching","diamond","you","Self","Self","lbl_you","label_you","Self","Self","x","940","0.94","1"
"19","self-matching","3","Nonmatching","octagon","friend","Friend","Close","lbl_you","label_you","Self","Self","c","855","0.855","1"
"19","self-matching","3","Matching","rhomboid","neutral","NonPerson","NonPerson","lbl_neutral","label_neutral","Neutral","NonPerson","x","1257","1.257","1"
"19","self-matching","3","Nonmatching","triangle","happy","NonPerson","NonPerson","lbl_neutral","label_neutral","Neutral","NonPerson","c","1210","1.21","1"
"19","self-matching","3","Nonmatching","rhomboid","neutral","NonPerson","NonPerson","lbl_happy","label_happy","Happy","NonPerson","c","1186","1.186","1"
"19","self-matching","3","Nonmatching","rhomboid","neutral","NonPerson","NonPerson","lbl_happy","label_happy","Happy","NonPerson","c","981","0.981","1"
"20","self-matching","1","Matching","trapeze","friend","Friend","Close","lbl_friend","label_friend","Friend","Close","n","844","0.844","1"
"20","self-matching","1","Nonmatching","square","happy","NonPerson","NonPerson","lbl_neutral","label_neutral","Neutral","NonPerson","n","674","0.674","0"
"20","self-matching","1","Nonmatching","trapeze","friend","Friend","Close","lbl_you","label_you","Self","Self","m","757","0.757","1"
"20","self-matching","1","Nonmatching","trapeze","friend","Friend","Close","lbl_you","label_you","Self","Self","m","770","0.77","1"
"20","self-matching","1","Matching","trapeze","friend","Friend","Close","lbl_friend","label_friend","Friend","Close","m","656","0.656","0"
"20","self-matching","1","Nonmatching","kite","neutral","NonPerson","NonPerson","lbl_happy","label_happy","Happy","NonPerson","m","790","0.79","1"
"20","self-matching","1","Nonmatching","kite","neutral","NonPerson","NonPerson","lbl_happy","label_happy","Happy","NonPerson","m","800","0.8","1"
"20","self-matching","1","Nonmatching","square","happy","NonPerson","NonPerson","lbl_neutral","label_neutral","Neutral","NonPerson","m","1188","1.188","1"
"20","self-matching","1","Matching","kite","neutral","NonPerson","NonPerson","lbl_neutral","label_neutral","Neutral","NonPerson","n","832","0.832","1"
"20","self-matching","1","Nonmatching","pentagon","you","Self","Self","lbl_friend","label_friend","Friend","Close","m","967","0.967","1"
"20","self-matching","1","Nonmatching","pentagon","you","Self","Self","lbl_friend","label_friend","Friend","Close","m","894","0.894","1"
"20","self-matching","1","Matching","kite","neutral","NonPerson","NonPerson","lbl_neutral","label_neutral","Neutral","NonPerson","n","929","0.929","1"
"20","self-matching","1","Matching","square","happy","NonPerson","NonPerson","lbl_happy","label_happy","Happy","NonPerson","n","820","0.82","1"
"20","self-matching","1","Matching","pentagon","you","Self","Self","lbl_you","label_you","Self","Self","n","831","0.831","1"
"20","self-matching","1","Matching","square","happy","NonPerson","NonPerson","lbl_happy","label_happy","Happy","NonPerson","m","796","0.796","0"
"20","self-matching","1","Matching","pentagon","you","Self","Self","lbl_you","label_you","Self","Self","n","840","0.84","1"
"20","self-matching","2","Matching","square","happy","NonPerson","NonPerson","lbl_happy","label_happy","Happy","NonPerson","n","805","0.805","1"
"20","self-matching","2","Nonmatching","kite","neutral","NonPerson","NonPerson","lbl_happy","label_happy","Happy","NonPerson","m","963","0.963","1"
"20","self-matching","2","Matching","pentagon","you","Self","Self","lbl_you","label_you","Self","Self","n","899","0.899","1"
"20","self-matching","2","Nonmatching","square","happy","NonPerson","NonPerson","lbl_neutral","label_neutral","Neutral","NonPerson","n","813","0.813","0"
"20","self-matching","2","Matching","trapeze","friend","Friend","Close","lbl_friend","label_friend","Friend","Close","n","801","0.801","1"
"20","self-matching","2","Nonmatching","pentagon","you","Self","Self","lbl_friend","label_friend","Friend","Close","n","754","0.754","0"
"20","self-matching","2","Matching","kite","neutral","NonPerson","NonPerson","lbl_neutral","label_neutral","Neutral","NonPerson","n","732","0.732","1"
"20","self-matching","2","Nonmatching","square","happy","NonPerson","NonPerson","lbl_neutral","label_neutral","Neutral","NonPerson","m","1108","1.108","1"
"20","self-matching","2","Nonmatching","pentagon","you","Self","Self","lbl_friend","label_friend","Friend","Close","n","696","0.696","0"
"20","self-matching","2","Nonmatching","trapeze","friend","Friend","Close","lbl_you","label_you","Self","Self","n","950","0.95","0"
"20","self-matching","2","Nonmatching","kite","neutral","NonPerson","NonPerson","lbl_happy","label_happy","Happy","NonPerson","m","1217","1.217","1"
"20","self-matching","2","Matching","square","happy","NonPerson","NonPerson","lbl_happy","label_happy","Happy","NonPerson","n","759","0.759","1"
"20","self-matching","2","Nonmatching","trapeze","friend","Friend","Close","lbl_you","label_you","Self","Self","n","707","0.707","0"
"20","self-matching","2","Matching","pentagon","you","Self","Self","lbl_you","label_you","Self","Self","n","930","0.93","1"
"20","self-matching","2","Matching","trapeze","friend","Friend","Close","lbl_friend","label_friend","Friend","Close","n","995","0.995","1"
"20","self-matching","2","Matching","kite","neutral","NonPerson","NonPerson","lbl_neutral","label_neutral","Neutral","NonPerson","n","760","0.76","1"
"20","self-matching","3","Nonmatching","pentagon","you","Self","Self","lbl_friend","label_friend","Friend","Close","timeout","1652","1.652","0"
"20","self-matching","3","Matching","pentagon","you","Self","Self","lbl_you","label_you","Self","Self","n","815","0.815","1"
"20","self-matching","3","Matching","trapeze","friend","Friend","Close","lbl_friend","label_friend","Friend","Close","n","982","0.982","1"
"20","self-matching","3","Matching","kite","neutral","NonPerson","NonPerson","lbl_neutral","label_neutral","Neutral","NonPerson","n","722","0.722","1"
"20","self-matching","3","Matching","pentagon","you","Self","Self","lbl_you","label_you","Self","Self","n","628","0.628","1"
"20","self-matching","3","Nonmatching","kite","neutral","NonPerson","NonPerson","lbl_happy","label_happy","Happy","NonPerson","n","660","0.66","0"
"20","self-matching","3","Matching","square","happy","NonPerson","NonPerson","lbl_happy","label_happy","Happy","NonPerson","n","754","0.754","1"
"20","self-matching","3","Nonmatching","trapeze","friend","Friend","Close","lbl_you","label_you","Self","Self","m","747","0.747","1"
"20","self-matching","3","Nonmatching","kite","neutral","NonPerson","NonPerson","lbl_happy","label_happy","Happy","NonPerson","n","690","0.69","0"
"20","self-matching","3","Nonmatching","trapeze","friend","Friend","Close","lbl_you","label_you","Self","Self","m","1620","1.62","1"
"20","self-matching","3","Nonmatching","pentagon","you","Self","Self","lbl_friend","label_friend","Friend","Close","n","1066","1.066","0"
"20","self-matching","3","Nonmatching","square","happy","NonPerson","NonPerson","lbl_neutral","label_neutral","Neutral","NonPerson","m","1037","1.037","1"
"20","self-matching","3","Matching","square","happy","NonPerson","NonPerson","lbl_happy","label_happy","Happy","NonPerson","n","646","0.646","1"
"20","self-matching","3","Nonmatching","square","happy","NonPerson","NonPerson","lbl_neutral","label_neutral","Neutral","NonPerson","m","856","0.856","1"
"20","self-matching","3","Matching","kite","neutral","NonPerson","NonPerson","lbl_neutral","label_neutral","Neutral","NonPerson","n","684","0.684","1"
"20","self-matching","3","Matching","trapeze","friend","Friend","Close","lbl_friend","label_friend","Friend","Close","n","714","0.714","1"
"20","self-matching","1","Nonmatching","diamond","neutral","NonPerson","NonPerson","lbl_happy","label_happy","Happy","NonPerson","x","995","0.995","0"
"20","self-matching","1","Matching","rhomboid","happy","NonPerson","NonPerson","lbl_happy","label_happy","Happy","NonPerson","x","683","0.683","1"
"20","self-matching","1","Nonmatching","rhomboid","happy","NonPerson","NonPerson","lbl_neutral","label_neutral","Neutral","NonPerson","c","698","0.698","1"
"20","self-matching","1","Matching","triangle","friend","Friend","Close","lbl_friend","label_friend","Friend","Close","x","952","0.952","1"
"20","self-matching","1","Nonmatching","octagon","you","Self","Self","lbl_friend","label_friend","Friend","Close","x","745","0.745","0"
"20","self-matching","1","Matching","rhomboid","happy","NonPerson","NonPerson","lbl_happy","label_happy","Happy","NonPerson","x","768","0.768","1"
"20","self-matching","1","Matching","octagon","you","Self","Self","lbl_you","label_you","Self","Self","c","820","0.82","0"
"20","self-matching","1","Matching","octagon","you","Self","Self","lbl_you","label_you","Self","Self","x","672","0.672","1"
"20","self-matching","1","Matching","diamond","neutral","NonPerson","NonPerson","lbl_neutral","label_neutral","Neutral","NonPerson","x","1408","1.408","1"
"20","self-matching","1","Matching","diamond","neutral","NonPerson","NonPerson","lbl_neutral","label_neutral","Neutral","NonPerson","x","641","0.641","1"
"20","self-matching","1","Nonmatching","triangle","friend","Friend","Close","lbl_you","label_you","Self","Self","x","681","0.681","0"
"20","self-matching","1","Nonmatching","triangle","friend","Friend","Close","lbl_you","label_you","Self","Self","c","566","0.566","1"
"20","self-matching","1","Nonmatching","rhomboid","happy","NonPerson","NonPerson","lbl_neutral","label_neutral","Neutral","NonPerson","x","667","0.667","0"
"20","self-matching","1","Matching","triangle","friend","Friend","Close","lbl_friend","label_friend","Friend","Close","c","780","0.78","0"
"20","self-matching","1","Nonmatching","octagon","you","Self","Self","lbl_friend","label_friend","Friend","Close","c","904","0.904","1"
"20","self-matching","1","Nonmatching","diamond","neutral","NonPerson","NonPerson","lbl_happy","label_happy","Happy","NonPerson","x","1183","1.183","0"
"20","self-matching","2","Matching","diamond","neutral","NonPerson","NonPerson","lbl_neutral","label_neutral","Neutral","NonPerson","x","788","0.788","1"
"20","self-matching","2","Nonmatching","rhomboid","happy","NonPerson","NonPerson","lbl_neutral","label_neutral","Neutral","NonPerson","c","873","0.873","1"
"20","self-matching","2","Nonmatching","diamond","neutral","NonPerson","NonPerson","lbl_happy","label_happy","Happy","NonPerson","x","769","0.769","0"
"20","self-matching","2","Matching","diamond","neutral","NonPerson","NonPerson","lbl_neutral","label_neutral","Neutral","NonPerson","x","756","0.756","1"
"20","self-matching","2","Nonmatching","octagon","you","Self","Self","lbl_friend","label_friend","Friend","Close","c","1014","1.014","1"
"20","self-matching","2","Nonmatching","octagon","you","Self","Self","lbl_friend","label_friend","Friend","Close","c","661","0.661","1"
"20","self-matching","2","Matching","triangle","friend","Friend","Close","lbl_friend","label_friend","Friend","Close","x","1439","1.439","1"
"20","self-matching","2","Nonmatching","triangle","friend","Friend","Close","lbl_you","label_you","Self","Self","c","833","0.833","1"
"20","self-matching","2","Matching","octagon","you","Self","Self","lbl_you","label_you","Self","Self","x","678","0.678","1"
"20","self-matching","2","Nonmatching","diamond","neutral","NonPerson","NonPerson","lbl_happy","label_happy","Happy","NonPerson","x","656","0.656","0"
"20","self-matching","2","Nonmatching","triangle","friend","Friend","Close","lbl_you","label_you","Self","Self","x","799","0.799","0"
"20","self-matching","2","Nonmatching","rhomboid","happy","NonPerson","NonPerson","lbl_neutral","label_neutral","Neutral","NonPerson","x","927","0.927","0"
"20","self-matching","2","Matching","rhomboid","happy","NonPerson","NonPerson","lbl_happy","label_happy","Happy","NonPerson","x","729","0.729","1"
"20","self-matching","2","Matching","rhomboid","happy","NonPerson","NonPerson","lbl_happy","label_happy","Happy","NonPerson","c","849","0.849","0"
"20","self-matching","2","Matching","triangle","friend","Friend","Close","lbl_friend","label_friend","Friend","Close","x","1026","1.026","1"
"20","self-matching","2","Matching","octagon","you","Self","Self","lbl_you","label_you","Self","Self","x","458","0.458","1"
"20","self-matching","3","Matching","rhomboid","happy","NonPerson","NonPerson","lbl_happy","label_happy","Happy","NonPerson","x","818","0.818","1"
"20","self-matching","3","Nonmatching","rhomboid","happy","NonPerson","NonPerson","lbl_neutral","label_neutral","Neutral","NonPerson","x","475","0.475","0"
"20","self-matching","3","Matching","diamond","neutral","NonPerson","NonPerson","lbl_neutral","label_neutral","Neutral","NonPerson","x","612","0.612","1"
"20","self-matching","3","Matching","diamond","neutral","NonPerson","NonPerson","lbl_neutral","label_neutral","Neutral","NonPerson","x","565","0.565","1"
"20","self-matching","3","Matching","triangle","friend","Friend","Close","lbl_friend","label_friend","Friend","Close","x","744","0.744","1"
"20","self-matching","3","Matching","rhomboid","happy","NonPerson","NonPerson","lbl_happy","label_happy","Happy","NonPerson","x","838","0.838","1"
"20","self-matching","3","Nonmatching","triangle","friend","Friend","Close","lbl_you","label_you","Self","Self","x","699","0.699","0"
"20","self-matching","3","Matching","octagon","you","Self","Self","lbl_you","label_you","Self","Self","x","437","0.437","1"
"20","self-matching","3","Matching","triangle","friend","Friend","Close","lbl_friend","label_friend","Friend","Close","x","907","0.907","1"
"20","self-matching","3","Nonmatching","triangle","friend","Friend","Close","lbl_you","label_you","Self","Self","c","720","0.72","1"
"20","self-matching","3","Nonmatching","octagon","you","Self","Self","lbl_friend","label_friend","Friend","Close","c","900","0.9","1"
"20","self-matching","3","Matching","octagon","you","Self","Self","lbl_you","label_you","Self","Self","x","630","0.63","1"
"20","self-matching","3","Nonmatching","diamond","neutral","NonPerson","NonPerson","lbl_happy","label_happy","Happy","NonPerson","x","704","0.704","0"
"20","self-matching","3","Nonmatching","octagon","you","Self","Self","lbl_friend","label_friend","Friend","Close","x","883","0.883","0"
"20","self-matching","3","Nonmatching","diamond","neutral","NonPerson","NonPerson","lbl_happy","label_happy","Happy","NonPerson","x","748","0.748","0"
"20","self-matching","3","Nonmatching","rhomboid","happy","NonPerson","NonPerson","lbl_neutral","label_neutral","Neutral","NonPerson","x","646","0.646","0"
"21","self-matching","1","Matching","trapeze","happy","NonPerson","NonPerson","lbl_happy","label_happy","Happy","NonPerson","x","1246","1.246","1"
"21","self-matching","1","Matching","square","you","Self","Self","lbl_you","label_you","Self","Self","x","585","0.585","1"
"21","self-matching","1","Matching","trapeze","happy","NonPerson","NonPerson","lbl_happy","label_happy","Happy","NonPerson","x","759","0.759","1"
"21","self-matching","1","Nonmatching","kite","friend","Friend","Close","lbl_you","label_you","Self","Self","c","731","0.731","1"
"21","self-matching","1","Nonmatching","trapeze","happy","NonPerson","NonPerson","lbl_neutral","label_neutral","Neutral","NonPerson","c","769","0.769","1"
"21","self-matching","1","Matching","kite","friend","Friend","Close","lbl_friend","label_friend","Friend","Close","x","624","0.624","1"
"21","self-matching","1","Nonmatching","square","you","Self","Self","lbl_friend","label_friend","Friend","Close","c","803","0.803","1"
"21","self-matching","1","Nonmatching","kite","friend","Friend","Close","lbl_you","label_you","Self","Self","c","863","0.863","1"
"21","self-matching","1","Matching","pentagon","neutral","NonPerson","NonPerson","lbl_neutral","label_neutral","Neutral","NonPerson","c","779","0.779","0"
"21","self-matching","1","Nonmatching","square","you","Self","Self","lbl_friend","label_friend","Friend","Close","c","979","0.979","1"
"21","self-matching","1","Nonmatching","trapeze","happy","NonPerson","NonPerson","lbl_neutral","label_neutral","Neutral","NonPerson","c","727","0.727","1"
"21","self-matching","1","Matching","pentagon","neutral","NonPerson","NonPerson","lbl_neutral","label_neutral","Neutral","NonPerson","c","979","0.979","0"
"21","self-matching","1","Nonmatching","pentagon","neutral","NonPerson","NonPerson","lbl_happy","label_happy","Happy","NonPerson","x","870","0.87","0"
"21","self-matching","1","Matching","kite","friend","Friend","Close","lbl_friend","label_friend","Friend","Close","x","909","0.909","1"
"21","self-matching","1","Nonmatching","pentagon","neutral","NonPerson","NonPerson","lbl_happy","label_happy","Happy","NonPerson","x","1096","1.096","0"
"21","self-matching","1","Matching","square","you","Self","Self","lbl_you","label_you","Self","Self","x","745","0.745","1"
"21","self-matching","2","Nonmatching","kite","friend","Friend","Close","lbl_you","label_you","Self","Self","c","836","0.836","1"
"21","self-matching","2","Matching","trapeze","happy","NonPerson","NonPerson","lbl_happy","label_happy","Happy","NonPerson","x","701","0.701","1"
"21","self-matching","2","Matching","kite","friend","Friend","Close","lbl_friend","label_friend","Friend","Close","x","862","0.862","1"
"21","self-matching","2","Nonmatching","pentagon","neutral","NonPerson","NonPerson","lbl_happy","label_happy","Happy","NonPerson","c","1019","1.019","1"
"21","self-matching","2","Nonmatching","kite","friend","Friend","Close","lbl_you","label_you","Self","Self","c","887","0.887","1"
"21","self-matching","2","Nonmatching","square","you","Self","Self","lbl_friend","label_friend","Friend","Close","c","1125","1.125","1"
"21","self-matching","2","Nonmatching","trapeze","happy","NonPerson","NonPerson","lbl_neutral","label_neutral","Neutral","NonPerson","c","1175","1.175","1"
"21","self-matching","2","Matching","pentagon","neutral","NonPerson","NonPerson","lbl_neutral","label_neutral","Neutral","NonPerson","x","827","0.827","1"
"21","self-matching","2","Matching","pentagon","neutral","NonPerson","NonPerson","lbl_neutral","label_neutral","Neutral","NonPerson","x","1117","1.117","1"
"21","self-matching","2","Matching","trapeze","happy","NonPerson","NonPerson","lbl_happy","label_happy","Happy","NonPerson","x","901","0.901","1"
"21","self-matching","2","Nonmatching","pentagon","neutral","NonPerson","NonPerson","lbl_happy","label_happy","Happy","NonPerson","c","1021","1.021","1"
"21","self-matching","2","Matching","square","you","Self","Self","lbl_you","label_you","Self","Self","x","698","0.698","1"
"21","self-matching","2","Nonmatching","square","you","Self","Self","lbl_friend","label_friend","Friend","Close","c","823","0.823","1"
"21","self-matching","2","Matching","square","you","Self","Self","lbl_you","label_you","Self","Self","x","762","0.762","1"
"21","self-matching","2","Matching","kite","friend","Friend","Close","lbl_friend","label_friend","Friend","Close","x","790","0.79","1"
"21","self-matching","2","Nonmatching","trapeze","happy","NonPerson","NonPerson","lbl_neutral","label_neutral","Neutral","NonPerson","c","1023","1.023","1"
"21","self-matching","3","Nonmatching","square","you","Self","Self","lbl_friend","label_friend","Friend","Close","c","679","0.679","1"
"21","self-matching","3","Nonmatching","square","you","Self","Self","lbl_friend","label_friend","Friend","Close","c","795","0.795","1"
"21","self-matching","3","Matching","pentagon","neutral","NonPerson","NonPerson","lbl_neutral","label_neutral","Neutral","NonPerson","x","935","0.935","1"
"21","self-matching","3","Nonmatching","trapeze","happy","NonPerson","NonPerson","lbl_neutral","label_neutral","Neutral","NonPerson","c","964","0.964","1"
"21","self-matching","3","Matching","trapeze","happy","NonPerson","NonPerson","lbl_happy","label_happy","Happy","NonPerson","x","637","0.637","1"
"21","self-matching","3","Matching","square","you","Self","Self","lbl_you","label_you","Self","Self","x","693","0.693","1"
"21","self-matching","3","Matching","trapeze","happy","NonPerson","NonPerson","lbl_happy","label_happy","Happy","NonPerson","x","661","0.661","1"
"21","self-matching","3","Nonmatching","kite","friend","Friend","Close","lbl_you","label_you","Self","Self","c","813","0.813","1"
"21","self-matching","3","Nonmatching","kite","friend","Friend","Close","lbl_you","label_you","Self","Self","c","749","0.749","1"
"21","self-matching","3","Matching","kite","friend","Friend","Close","lbl_friend","label_friend","Friend","Close","x","539","0.539","1"
"21","self-matching","3","Matching","pentagon","neutral","NonPerson","NonPerson","lbl_neutral","label_neutral","Neutral","NonPerson","c","804","0.804","0"
"21","self-matching","3","Nonmatching","pentagon","neutral","NonPerson","NonPerson","lbl_happy","label_happy","Happy","NonPerson","c","1245","1.245","1"
"21","self-matching","3","Nonmatching","pentagon","neutral","NonPerson","NonPerson","lbl_happy","label_happy","Happy","NonPerson","c","856","0.856","1"
"21","self-matching","3","Matching","kite","friend","Friend","Close","lbl_friend","label_friend","Friend","Close","x","844","0.844","1"
"21","self-matching","3","Matching","square","you","Self","Self","lbl_you","label_you","Self","Self","x","784","0.784","1"
"21","self-matching","3","Nonmatching","trapeze","happy","NonPerson","NonPerson","lbl_neutral","label_neutral","Neutral","NonPerson","c","1169","1.169","1"
"21","self-matching","1","Matching","rhomboid","you","Self","Self","lbl_you","label_you","Self","Self","n","663","0.663","1"
"21","self-matching","1","Matching","rhomboid","you","Self","Self","lbl_you","label_you","Self","Self","n","579","0.579","1"
"21","self-matching","1","Matching","diamond","friend","Friend","Close","lbl_friend","label_friend","Friend","Close","n","480","0.48","1"
"21","self-matching","1","Nonmatching","triangle","happy","NonPerson","NonPerson","lbl_neutral","label_neutral","Neutral","NonPerson","m","937","0.937","1"
"21","self-matching","1","Nonmatching","rhomboid","you","Self","Self","lbl_friend","label_friend","Friend","Close","m","815","0.815","1"
"21","self-matching","1","Matching","triangle","happy","NonPerson","NonPerson","lbl_happy","label_happy","Happy","NonPerson","n","796","0.796","1"
"21","self-matching","1","Nonmatching","rhomboid","you","Self","Self","lbl_friend","label_friend","Friend","Close","m","1160","1.16","1"
"21","self-matching","1","Matching","diamond","friend","Friend","Close","lbl_friend","label_friend","Friend","Close","n","825","0.825","1"
"21","self-matching","1","Nonmatching","triangle","happy","NonPerson","NonPerson","lbl_neutral","label_neutral","Neutral","NonPerson","m","723","0.723","1"
"21","self-matching","1","Nonmatching","octagon","neutral","NonPerson","NonPerson","lbl_happy","label_happy","Happy","NonPerson","m","965","0.965","1"
"21","self-matching","1","Matching","octagon","neutral","NonPerson","NonPerson","lbl_neutral","label_neutral","Neutral","NonPerson","n","762","0.762","1"
"21","self-matching","1","Matching","triangle","happy","NonPerson","NonPerson","lbl_happy","label_happy","Happy","NonPerson","n","664","0.664","1"
"21","self-matching","1","Nonmatching","diamond","friend","Friend","Close","lbl_you","label_you","Self","Self","m","785","0.785","1"
"21","self-matching","1","Nonmatching","octagon","neutral","NonPerson","NonPerson","lbl_happy","label_happy","Happy","NonPerson","m","857","0.857","1"
"21","self-matching","1","Nonmatching","diamond","friend","Friend","Close","lbl_you","label_you","Self","Self","m","746","0.746","1"
"21","self-matching","1","Matching","octagon","neutral","NonPerson","NonPerson","lbl_neutral","label_neutral","Neutral","NonPerson","n","821","0.821","1"
"21","self-matching","2","Nonmatching","diamond","friend","Friend","Close","lbl_you","label_you","Self","Self","m","690","0.69","1"
"21","self-matching","2","Nonmatching","triangle","happy","NonPerson","NonPerson","lbl_neutral","label_neutral","Neutral","NonPerson","m","966","0.966","1"
"21","self-matching","2","Nonmatching","triangle","happy","NonPerson","NonPerson","lbl_neutral","label_neutral","Neutral","NonPerson","m","873","0.873","1"
"21","self-matching","2","Nonmatching","diamond","friend","Friend","Close","lbl_you","label_you","Self","Self","m","694","0.694","1"
"21","self-matching","2","Nonmatching","octagon","neutral","NonPerson","NonPerson","lbl_happy","label_happy","Happy","NonPerson","m","791","0.791","1"
"21","self-matching","2","Matching","diamond","friend","Friend","Close","lbl_friend","label_friend","Friend","Close","n","622","0.622","1"
"21","self-matching","2","Matching","triangle","happy","NonPerson","NonPerson","lbl_happy","label_happy","Happy","NonPerson","n","806","0.806","1"
"21","self-matching","2","Matching","rhomboid","you","Self","Self","lbl_you","label_you","Self","Self","n","528","0.528","1"
"21","self-matching","2","Matching","octagon","neutral","NonPerson","NonPerson","lbl_neutral","label_neutral","Neutral","NonPerson","n","781","0.781","1"
"21","self-matching","2","Matching","diamond","friend","Friend","Close","lbl_friend","label_friend","Friend","Close","n","644","0.644","1"
"21","self-matching","2","Nonmatching","octagon","neutral","NonPerson","NonPerson","lbl_happy","label_happy","Happy","NonPerson","m","656","0.656","1"
"21","self-matching","2","Matching","octagon","neutral","NonPerson","NonPerson","lbl_neutral","label_neutral","Neutral","NonPerson","n","683","0.683","1"
"21","self-matching","2","Matching","triangle","happy","NonPerson","NonPerson","lbl_happy","label_happy","Happy","NonPerson","n","667","0.667","1"
"21","self-matching","2","Nonmatching","rhomboid","you","Self","Self","lbl_friend","label_friend","Friend","Close","m","786","0.786","1"
"21","self-matching","2","Nonmatching","rhomboid","you","Self","Self","lbl_friend","label_friend","Friend","Close","m","742","0.742","1"
"21","self-matching","2","Matching","rhomboid","you","Self","Self","lbl_you","label_you","Self","Self","n","511","0.511","1"
"21","self-matching","3","Matching","triangle","happy","NonPerson","NonPerson","lbl_happy","label_happy","Happy","NonPerson","n","778","0.778","1"
"21","self-matching","3","Matching","diamond","friend","Friend","Close","lbl_friend","label_friend","Friend","Close","n","770","0.77","1"
"21","self-matching","3","Nonmatching","rhomboid","you","Self","Self","lbl_friend","label_friend","Friend","Close","m","626","0.626","1"
"21","self-matching","3","Nonmatching","diamond","friend","Friend","Close","lbl_you","label_you","Self","Self","m","899","0.899","1"
"21","self-matching","3","Matching","octagon","neutral","NonPerson","NonPerson","lbl_neutral","label_neutral","Neutral","NonPerson","n","734","0.734","1"
"21","self-matching","3","Nonmatching","octagon","neutral","NonPerson","NonPerson","lbl_happy","label_happy","Happy","NonPerson","m","971","0.971","1"
"21","self-matching","3","Matching","diamond","friend","Friend","Close","lbl_friend","label_friend","Friend","Close","n","830","0.83","1"
"21","self-matching","3","Nonmatching","triangle","happy","NonPerson","NonPerson","lbl_neutral","label_neutral","Neutral","NonPerson","m","833","0.833","1"
"21","self-matching","3","Matching","rhomboid","you","Self","Self","lbl_you","label_you","Self","Self","n","700","0.7","1"
"21","self-matching","3","Matching","rhomboid","you","Self","Self","lbl_you","label_you","Self","Self","n","631","0.631","1"
"21","self-matching","3","Matching","octagon","neutral","NonPerson","NonPerson","lbl_neutral","label_neutral","Neutral","NonPerson","n","781","0.781","1"
"21","self-matching","3","Nonmatching","rhomboid","you","Self","Self","lbl_friend","label_friend","Friend","Close","m","721","0.721","1"
"21","self-matching","3","Nonmatching","octagon","neutral","NonPerson","NonPerson","lbl_happy","label_happy","Happy","NonPerson","m","729","0.729","1"
"21","self-matching","3","Nonmatching","diamond","friend","Friend","Close","lbl_you","label_you","Self","Self","m","840","0.84","1"
"21","self-matching","3","Matching","triangle","happy","NonPerson","NonPerson","lbl_happy","label_happy","Happy","NonPerson","n","837","0.837","1"
"21","self-matching","3","Nonmatching","triangle","happy","NonPerson","NonPerson","lbl_neutral","label_neutral","Neutral","NonPerson","m","578","0.578","1"
"22","self-matching","1","Matching","pentagon","friend","Friend","Close","lbl_friend","label_friend","Friend","Close","m","1098","1.098","1"
"22","self-matching","1","Nonmatching","pentagon","friend","Friend","Close","lbl_you","label_you","Self","Self","m","929","0.929","0"
"22","self-matching","1","Matching","trapeze","neutral","NonPerson","NonPerson","lbl_neutral","label_neutral","Neutral","NonPerson","m","705","0.705","1"
"22","self-matching","1","Matching","pentagon","friend","Friend","Close","lbl_friend","label_friend","Friend","Close","m","664","0.664","1"
"22","self-matching","1","Matching","square","you","Self","Self","lbl_you","label_you","Self","Self","m","490","0.49","1"
"22","self-matching","1","Nonmatching","trapeze","neutral","NonPerson","NonPerson","lbl_happy","label_happy","Happy","NonPerson","m","725","0.725","0"
"22","self-matching","1","Nonmatching","square","you","Self","Self","lbl_friend","label_friend","Friend","Close","n","871","0.871","1"
"22","self-matching","1","Nonmatching","trapeze","neutral","NonPerson","NonPerson","lbl_happy","label_happy","Happy","NonPerson","m","855","0.855","0"
"22","self-matching","1","Matching","kite","happy","NonPerson","NonPerson","lbl_happy","label_happy","Happy","NonPerson","n","1469","1.469","0"
"22","self-matching","1","Matching","kite","happy","NonPerson","NonPerson","lbl_happy","label_happy","Happy","NonPerson","m","996","0.996","1"
"22","self-matching","1","Nonmatching","kite","happy","NonPerson","NonPerson","lbl_neutral","label_neutral","Neutral","NonPerson","n","887","0.887","1"
"22","self-matching","1","Nonmatching","kite","happy","NonPerson","NonPerson","lbl_neutral","label_neutral","Neutral","NonPerson","n","1432","1.432","1"
"22","self-matching","1","Matching","square","you","Self","Self","lbl_you","label_you","Self","Self","m","1507","1.507","1"
"22","self-matching","1","Nonmatching","square","you","Self","Self","lbl_friend","label_friend","Friend","Close","m","756","0.756","0"
"22","self-matching","1","Nonmatching","pentagon","friend","Friend","Close","lbl_you","label_you","Self","Self","n","1010","1.01","1"
"22","self-matching","1","Matching","trapeze","neutral","NonPerson","NonPerson","lbl_neutral","label_neutral","Neutral","NonPerson","m","896","0.896","1"
"22","self-matching","2","Nonmatching","pentagon","friend","Friend","Close","lbl_you","label_you","Self","Self","m","949","0.949","0"
"22","self-matching","2","Nonmatching","kite","happy","NonPerson","NonPerson","lbl_neutral","label_neutral","Neutral","NonPerson","n","1097","1.097","1"
"22","self-matching","2","Matching","kite","happy","NonPerson","NonPerson","lbl_happy","label_happy","Happy","NonPerson","m","809","0.809","1"
"22","self-matching","2","Matching","square","you","Self","Self","lbl_you","label_you","Self","Self","m","724","0.724","1"
"22","self-matching","2","Matching","pentagon","friend","Friend","Close","lbl_friend","label_friend","Friend","Close","m","843","0.843","1"
"22","self-matching","2","Matching","kite","happy","NonPerson","NonPerson","lbl_happy","label_happy","Happy","NonPerson","m","758","0.758","1"
"22","self-matching","2","Nonmatching","square","you","Self","Self","lbl_friend","label_friend","Friend","Close","n","759","0.759","1"
"22","self-matching","2","Matching","trapeze","neutral","NonPerson","NonPerson","lbl_neutral","label_neutral","Neutral","NonPerson","m","948","0.948","1"
"22","self-matching","2","Nonmatching","trapeze","neutral","NonPerson","NonPerson","lbl_happy","label_happy","Happy","NonPerson","timeout","1648","1.648","0"
"22","self-matching","2","Matching","pentagon","friend","Friend","Close","lbl_friend","label_friend","Friend","Close","m","656","0.656","1"
"22","self-matching","2","Nonmatching","kite","happy","NonPerson","NonPerson","lbl_neutral","label_neutral","Neutral","NonPerson","m","1016","1.016","0"
"22","self-matching","2","Nonmatching","square","you","Self","Self","lbl_friend","label_friend","Friend","Close","n","854","0.854","1"
"22","self-matching","2","Matching","square","you","Self","Self","lbl_you","label_you","Self","Self","m","727","0.727","1"
"22","self-matching","2","Matching","trapeze","neutral","NonPerson","NonPerson","lbl_neutral","label_neutral","Neutral","NonPerson","m","951","0.951","1"
"22","self-matching","2","Nonmatching","pentagon","friend","Friend","Close","lbl_you","label_you","Self","Self","m","825","0.825","0"
"22","self-matching","2","Nonmatching","trapeze","neutral","NonPerson","NonPerson","lbl_happy","label_happy","Happy","NonPerson","m","804","0.804","0"
"22","self-matching","3","Nonmatching","trapeze","neutral","NonPerson","NonPerson","lbl_happy","label_happy","Happy","NonPerson","n","939","0.939","1"
"22","self-matching","3","Nonmatching","square","you","Self","Self","lbl_friend","label_friend","Friend","Close","n","841","0.841","1"
"22","self-matching","3","Matching","pentagon","friend","Friend","Close","lbl_friend","label_friend","Friend","Close","m","917","0.917","1"
"22","self-matching","3","Nonmatching","kite","happy","NonPerson","NonPerson","lbl_neutral","label_neutral","Neutral","NonPerson","n","1079","1.079","1"
"22","self-matching","3","Matching","square","you","Self","Self","lbl_you","label_you","Self","Self","m","790","0.79","1"
"22","self-matching","3","Nonmatching","kite","happy","NonPerson","NonPerson","lbl_neutral","label_neutral","Neutral","NonPerson","n","984","0.984","1"
"22","self-matching","3","Nonmatching","trapeze","neutral","NonPerson","NonPerson","lbl_happy","label_happy","Happy","NonPerson","m","1115","1.115","0"
"22","self-matching","3","Matching","trapeze","neutral","NonPerson","NonPerson","lbl_neutral","label_neutral","Neutral","NonPerson","m","748","0.748","1"
"22","self-matching","3","Matching","square","you","Self","Self","lbl_you","label_you","Self","Self","n","919","0.919","0"
"22","self-matching","3","Matching","kite","happy","NonPerson","NonPerson","lbl_happy","label_happy","Happy","NonPerson","m","930","0.93","1"
"22","self-matching","3","Matching","kite","happy","NonPerson","NonPerson","lbl_happy","label_happy","Happy","NonPerson","m","867","0.867","1"
"22","self-matching","3","Matching","trapeze","neutral","NonPerson","NonPerson","lbl_neutral","label_neutral","Neutral","NonPerson","n","782","0.782","0"
"22","self-matching","3","Nonmatching","pentagon","friend","Friend","Close","lbl_you","label_you","Self","Self","m","816","0.816","0"
"22","self-matching","3","Nonmatching","square","you","Self","Self","lbl_friend","label_friend","Friend","Close","m","443","0.443","0"
"22","self-matching","3","Nonmatching","pentagon","friend","Friend","Close","lbl_you","label_you","Self","Self","m","548","0.548","0"
"22","self-matching","3","Matching","pentagon","friend","Friend","Close","lbl_friend","label_friend","Friend","Close","m","666","0.666","1"
"22","self-matching","1","Matching","rhomboid","you","Self","Self","NA","label_you","Self","Self","c","484","0.484","1"
"22","self-matching","1","Nonmatching","diamond","friend","Friend","Close","NA","label_you","Self","Self","x","881","0.881","1"
"22","self-matching","1","Nonmatching","diamond","friend","Friend","Close","NA","label_you","Self","Self","x","767","0.767","1"
"22","self-matching","1","Nonmatching","diamond","happy","NonPerson","NonPerson","NA","label_neutral","Neutral","NonPerson","x","1038","1.038","1"
"22","self-matching","1","Matching","diamond","friend","Friend","Close","NA","label_friend","Friend","Close","c","672","0.672","1"
"22","self-matching","1","Matching","diamond","happy","NonPerson","NonPerson","NA","label_happy","Happy","NonPerson","c","682","0.682","1"
"22","self-matching","1","Matching","diamond","happy","NonPerson","NonPerson","NA","label_happy","Happy","NonPerson","c","726","0.726","1"
"22","self-matching","1","Matching","rhomboid","you","Self","Self","NA","label_you","Self","Self","c","1106","1.106","1"
"22","self-matching","1","Matching","diamond","friend","Friend","Close","NA","label_friend","Friend","Close","c","732","0.732","1"
"22","self-matching","1","Nonmatching","triangle","neutral","NonPerson","NonPerson","NA","label_happy","Happy","NonPerson","x","1175","1.175","1"
"22","self-matching","1","Nonmatching","rhomboid","you","Self","Self","NA","label_friend","Friend","Close","x","821","0.821","1"
"22","self-matching","1","Nonmatching","diamond","happy","NonPerson","NonPerson","NA","label_neutral","Neutral","NonPerson","x","950","0.95","1"
"22","self-matching","1","Nonmatching","rhomboid","you","Self","Self","NA","label_friend","Friend","Close","x","615","0.615","1"
"22","self-matching","1","Matching","triangle","neutral","NonPerson","NonPerson","NA","label_neutral","Neutral","NonPerson","c","999","0.999","1"
"22","self-matching","1","Nonmatching","triangle","neutral","NonPerson","NonPerson","NA","label_happy","Happy","NonPerson","x","807","0.807","1"
"22","self-matching","1","Matching","triangle","neutral","NonPerson","NonPerson","NA","label_neutral","Neutral","NonPerson","c","644","0.644","1"
"22","self-matching","2","Nonmatching","rhomboid","you","Self","Self","NA","label_friend","Friend","Close","x","792","0.792","1"
"22","self-matching","2","Matching","diamond","friend","Friend","Close","NA","label_friend","Friend","Close","c","1610","1.61","1"
"22","self-matching","2","Matching","diamond","happy","NonPerson","NonPerson","NA","label_happy","Happy","NonPerson","c","975","0.975","1"
"22","self-matching","2","Nonmatching","diamond","friend","Friend","Close","NA","label_you","Self","Self","x","896","0.896","1"
"22","self-matching","2","Nonmatching","triangle","neutral","NonPerson","NonPerson","NA","label_happy","Happy","NonPerson","x","998","0.998","1"
"22","self-matching","2","Matching","diamond","happy","NonPerson","NonPerson","NA","label_happy","Happy","NonPerson","x","616","0.616","0"
"22","self-matching","2","Nonmatching","diamond","happy","NonPerson","NonPerson","NA","label_neutral","Neutral","NonPerson","x","1065","1.065","1"
"22","self-matching","2","Nonmatching","diamond","happy","NonPerson","NonPerson","NA","label_neutral","Neutral","NonPerson","x","999","0.999","1"
"22","self-matching","2","Matching","diamond","friend","Friend","Close","NA","label_friend","Friend","Close","c","882","0.882","1"
"22","self-matching","2","Matching","rhomboid","you","Self","Self","NA","label_you","Self","Self","c","778","0.778","1"
"22","self-matching","2","Matching","triangle","neutral","NonPerson","NonPerson","NA","label_neutral","Neutral","NonPerson","c","830","0.83","1"
"22","self-matching","2","Matching","rhomboid","you","Self","Self","NA","label_you","Self","Self","c","696","0.696","1"
"22","self-matching","2","Matching","triangle","neutral","NonPerson","NonPerson","NA","label_neutral","Neutral","NonPerson","c","1049","1.049","1"
"22","self-matching","2","Nonmatching","triangle","neutral","NonPerson","NonPerson","NA","label_happy","Happy","NonPerson","x","1010","1.01","1"
"22","self-matching","2","Nonmatching","rhomboid","you","Self","Self","NA","label_friend","Friend","Close","x","880","0.88","1"
"22","self-matching","2","Nonmatching","diamond","friend","Friend","Close","NA","label_you","Self","Self","x","942","0.942","1"
"22","self-matching","3","Matching","diamond","friend","Friend","Close","NA","label_friend","Friend","Close","c","788","0.788","1"
"22","self-matching","3","Nonmatching","rhomboid","you","Self","Self","NA","label_friend","Friend","Close","x","792","0.792","1"
"22","self-matching","3","Matching","diamond","happy","NonPerson","NonPerson","NA","label_happy","Happy","NonPerson","c","760","0.76","1"
"22","self-matching","3","Matching","diamond","happy","NonPerson","NonPerson","NA","label_happy","Happy","NonPerson","c","808","0.808","1"
"22","self-matching","3","Matching","rhomboid","you","Self","Self","NA","label_you","Self","Self","c","851","0.851","1"
"22","self-matching","3","Nonmatching","diamond","happy","NonPerson","NonPerson","NA","label_neutral","Neutral","NonPerson","c","805","0.805","0"
"22","self-matching","3","Nonmatching","rhomboid","you","Self","Self","NA","label_friend","Friend","Close","x","661","0.661","1"
"22","self-matching","3","Nonmatching","triangle","neutral","NonPerson","NonPerson","NA","label_happy","Happy","NonPerson","x","1054","1.054","1"
"22","self-matching","3","Nonmatching","diamond","happy","NonPerson","NonPerson","NA","label_neutral","Neutral","NonPerson","x","742","0.742","1"
"22","self-matching","3","Nonmatching","diamond","friend","Friend","Close","NA","label_you","Self","Self","x","850","0.85","1"
"22","self-matching","3","Matching","diamond","friend","Friend","Close","NA","label_friend","Friend","Close","c","491","0.491","1"
"22","self-matching","3","Matching","rhomboid","you","Self","Self","NA","label_you","Self","Self","c","709","0.709","1"
"22","self-matching","3","Nonmatching","triangle","neutral","NonPerson","NonPerson","NA","label_happy","Happy","NonPerson","x","758","0.758","1"
"22","self-matching","3","Matching","triangle","neutral","NonPerson","NonPerson","NA","label_neutral","Neutral","NonPerson","c","592","0.592","1"
"22","self-matching","3","Nonmatching","diamond","friend","Friend","Close","NA","label_you","Self","Self","x","877","0.877","1"
"22","self-matching","3","Matching","triangle","neutral","NonPerson","NonPerson","NA","label_neutral","Neutral","NonPerson","c","818","0.818","1"
"23","self-matching","1","Matching","square","you","Self","Self","lbl_you","label_you","Self","Self","n","934","0.934","1"
"23","self-matching","1","Nonmatching","trapeze","happy","NonPerson","NonPerson","lbl_neutral","label_neutral","Neutral","NonPerson","m","1194","1.194","1"
"23","self-matching","1","Nonmatching","pentagon","friend","Friend","Close","lbl_you","label_you","Self","Self","m","950","0.95","1"
"23","self-matching","1","Matching","kite","neutral","NonPerson","NonPerson","lbl_neutral","label_neutral","Neutral","NonPerson","n","1110","1.11","1"
"23","self-matching","1","Nonmatching","pentagon","friend","Friend","Close","lbl_you","label_you","Self","Self","m","914","0.914","1"
"23","self-matching","1","Matching","pentagon","friend","Friend","Close","lbl_friend","label_friend","Friend","Close","n","754","0.754","1"
"23","self-matching","1","Nonmatching","kite","neutral","NonPerson","NonPerson","lbl_happy","label_happy","Happy","NonPerson","n","1207","1.207","0"
"23","self-matching","1","Nonmatching","trapeze","happy","NonPerson","NonPerson","lbl_neutral","label_neutral","Neutral","NonPerson","m","855","0.855","1"
"23","self-matching","1","Nonmatching","square","you","Self","Self","lbl_friend","label_friend","Friend","Close","m","1197","1.197","1"
"23","self-matching","1","Matching","square","you","Self","Self","lbl_you","label_you","Self","Self","n","1081","1.081","1"
"23","self-matching","1","Matching","trapeze","happy","NonPerson","NonPerson","lbl_happy","label_happy","Happy","NonPerson","n","887","0.887","1"
"23","self-matching","1","Nonmatching","square","you","Self","Self","lbl_friend","label_friend","Friend","Close","m","749","0.749","1"
"23","self-matching","1","Nonmatching","kite","neutral","NonPerson","NonPerson","lbl_happy","label_happy","Happy","NonPerson","n","508","0.508","0"
"23","self-matching","1","Matching","trapeze","happy","NonPerson","NonPerson","lbl_happy","label_happy","Happy","NonPerson","n","498","0.498","1"
"23","self-matching","1","Matching","kite","neutral","NonPerson","NonPerson","lbl_neutral","label_neutral","Neutral","NonPerson","m","431","0.431","0"
"23","self-matching","1","Matching","pentagon","friend","Friend","Close","lbl_friend","label_friend","Friend","Close","n","790","0.79","1"
"23","self-matching","2","Nonmatching","trapeze","happy","NonPerson","NonPerson","lbl_neutral","label_neutral","Neutral","NonPerson","n","881","0.881","0"
"23","self-matching","2","Matching","trapeze","happy","NonPerson","NonPerson","lbl_happy","label_happy","Happy","NonPerson","n","1361","1.361","1"
"23","self-matching","2","Nonmatching","square","you","Self","Self","lbl_friend","label_friend","Friend","Close","m","834","0.834","1"
"23","self-matching","2","Matching","square","you","Self","Self","lbl_you","label_you","Self","Self","n","856","0.856","1"
"23","self-matching","2","Matching","trapeze","happy","NonPerson","NonPerson","lbl_happy","label_happy","Happy","NonPerson","n","1008","1.008","1"
"23","self-matching","2","Matching","square","you","Self","Self","lbl_you","label_you","Self","Self","n","691","0.691","1"
"23","self-matching","2","Nonmatching","pentagon","friend","Friend","Close","lbl_you","label_you","Self","Self","m","913","0.913","1"
"23","self-matching","2","Nonmatching","pentagon","friend","Friend","Close","lbl_you","label_you","Self","Self","m","1060","1.06","1"
"23","self-matching","2","Nonmatching","trapeze","happy","NonPerson","NonPerson","lbl_neutral","label_neutral","Neutral","NonPerson","n","823","0.823","0"
"23","self-matching","2","Matching","pentagon","friend","Friend","Close","lbl_friend","label_friend","Friend","Close","n","773","0.773","1"
"23","self-matching","2","Nonmatching","kite","neutral","NonPerson","NonPerson","lbl_happy","label_happy","Happy","NonPerson","n","784","0.784","0"
"23","self-matching","2","Matching","kite","neutral","NonPerson","NonPerson","lbl_neutral","label_neutral","Neutral","NonPerson","m","965","0.965","0"
"23","self-matching","2","Matching","pentagon","friend","Friend","Close","lbl_friend","label_friend","Friend","Close","n","812","0.812","1"
"23","self-matching","2","Nonmatching","kite","neutral","NonPerson","NonPerson","lbl_happy","label_happy","Happy","NonPerson","n","658","0.658","0"
"23","self-matching","2","Nonmatching","square","you","Self","Self","lbl_friend","label_friend","Friend","Close","m","769","0.769","1"
"23","self-matching","2","Matching","kite","neutral","NonPerson","NonPerson","lbl_neutral","label_neutral","Neutral","NonPerson","n","898","0.898","1"
"23","self-matching","3","Matching","kite","neutral","NonPerson","NonPerson","lbl_neutral","label_neutral","Neutral","NonPerson","m","1197","1.197","0"
"23","self-matching","3","Nonmatching","trapeze","happy","NonPerson","NonPerson","lbl_neutral","label_neutral","Neutral","NonPerson","n","842","0.842","0"
"23","self-matching","3","Matching","trapeze","happy","NonPerson","NonPerson","lbl_happy","label_happy","Happy","NonPerson","n","740","0.74","1"
"23","self-matching","3","Matching","kite","neutral","NonPerson","NonPerson","lbl_neutral","label_neutral","Neutral","NonPerson","n","801","0.801","1"
"23","self-matching","3","Nonmatching","kite","neutral","NonPerson","NonPerson","lbl_happy","label_happy","Happy","NonPerson","m","847","0.847","1"
"23","self-matching","3","Matching","square","you","Self","Self","lbl_you","label_you","Self","Self","n","768","0.768","1"
"23","self-matching","3","Nonmatching","pentagon","friend","Friend","Close","lbl_you","label_you","Self","Self","m","689","0.689","1"
"23","self-matching","3","Matching","pentagon","friend","Friend","Close","lbl_friend","label_friend","Friend","Close","n","854","0.854","1"
"23","self-matching","3","Nonmatching","pentagon","friend","Friend","Close","lbl_you","label_you","Self","Self","n","559","0.559","0"
"23","self-matching","3","Nonmatching","square","you","Self","Self","lbl_friend","label_friend","Friend","Close","n","681","0.681","0"
"23","self-matching","3","Matching","square","you","Self","Self","lbl_you","label_you","Self","Self","n","725","0.725","1"
"23","self-matching","3","Matching","trapeze","happy","NonPerson","NonPerson","lbl_happy","label_happy","Happy","NonPerson","n","867","0.867","1"
"23","self-matching","3","Matching","pentagon","friend","Friend","Close","lbl_friend","label_friend","Friend","Close","n","831","0.831","1"
"23","self-matching","3","Nonmatching","kite","neutral","NonPerson","NonPerson","lbl_happy","label_happy","Happy","NonPerson","m","907","0.907","1"
"23","self-matching","3","Nonmatching","square","you","Self","Self","lbl_friend","label_friend","Friend","Close","m","1111","1.111","1"
"23","self-matching","3","Nonmatching","trapeze","happy","NonPerson","NonPerson","lbl_neutral","label_neutral","Neutral","NonPerson","n","840","0.84","0"
"23","self-matching","1","Nonmatching","octagon","friend","Friend","Close","lbl_you","label_you","Self","Self","x","844","0.844","0"
"23","self-matching","1","Nonmatching","rhomboid","you","Self","Self","lbl_friend","label_friend","Friend","Close","c","960","0.96","1"
"23","self-matching","1","Matching","rhomboid","you","Self","Self","lbl_you","label_you","Self","Self","x","568","0.568","1"
"23","self-matching","1","Nonmatching","triangle","happy","NonPerson","NonPerson","lbl_neutral","label_neutral","Neutral","NonPerson","c","796","0.796","1"
"23","self-matching","1","Matching","rhomboid","you","Self","Self","lbl_you","label_you","Self","Self","x","817","0.817","1"
"23","self-matching","1","Nonmatching","diamond","neutral","NonPerson","NonPerson","lbl_happy","label_happy","Happy","NonPerson","c","1047","1.047","1"
"23","self-matching","1","Matching","diamond","neutral","NonPerson","NonPerson","lbl_neutral","label_neutral","Neutral","NonPerson","x","924","0.924","1"
"23","self-matching","1","Nonmatching","triangle","happy","NonPerson","NonPerson","lbl_neutral","label_neutral","Neutral","NonPerson","c","824","0.824","1"
"23","self-matching","1","Matching","triangle","happy","NonPerson","NonPerson","lbl_happy","label_happy","Happy","NonPerson","x","719","0.719","1"
"23","self-matching","1","Nonmatching","octagon","friend","Friend","Close","lbl_you","label_you","Self","Self","c","963","0.963","1"
"23","self-matching","1","Matching","octagon","friend","Friend","Close","lbl_friend","label_friend","Friend","Close","x","623","0.623","1"
"23","self-matching","1","Matching","diamond","neutral","NonPerson","NonPerson","lbl_neutral","label_neutral","Neutral","NonPerson","x","724","0.724","1"
"23","self-matching","1","Nonmatching","rhomboid","you","Self","Self","lbl_friend","label_friend","Friend","Close","c","812","0.812","1"
"23","self-matching","1","Nonmatching","diamond","neutral","NonPerson","NonPerson","lbl_happy","label_happy","Happy","NonPerson","x","720","0.72","0"
"23","self-matching","1","Matching","octagon","friend","Friend","Close","lbl_friend","label_friend","Friend","Close","x","756","0.756","1"
"23","self-matching","1","Matching","triangle","happy","NonPerson","NonPerson","lbl_happy","label_happy","Happy","NonPerson","c","542","0.542","0"
"23","self-matching","2","Matching","rhomboid","you","Self","Self","lbl_you","label_you","Self","Self","x","578","0.578","1"
"23","self-matching","2","Matching","triangle","happy","NonPerson","NonPerson","lbl_happy","label_happy","Happy","NonPerson","x","832","0.832","1"
"23","self-matching","2","Nonmatching","octagon","friend","Friend","Close","lbl_you","label_you","Self","Self","c","784","0.784","1"
"23","self-matching","2","Nonmatching","diamond","neutral","NonPerson","NonPerson","lbl_happy","label_happy","Happy","NonPerson","c","1131","1.131","1"
"23","self-matching","2","Nonmatching","triangle","happy","NonPerson","NonPerson","lbl_neutral","label_neutral","Neutral","NonPerson","x","679","0.679","0"
"23","self-matching","2","Matching","diamond","neutral","NonPerson","NonPerson","lbl_neutral","label_neutral","Neutral","NonPerson","x","763","0.763","1"
"23","self-matching","2","Nonmatching","triangle","happy","NonPerson","NonPerson","lbl_neutral","label_neutral","Neutral","NonPerson","c","984","0.984","1"
"23","self-matching","2","Matching","diamond","neutral","NonPerson","NonPerson","lbl_neutral","label_neutral","Neutral","NonPerson","x","809","0.809","1"
"23","self-matching","2","Matching","octagon","friend","Friend","Close","lbl_friend","label_friend","Friend","Close","x","710","0.71","1"
"23","self-matching","2","Matching","rhomboid","you","Self","Self","lbl_you","label_you","Self","Self","x","635","0.635","1"
"23","self-matching","2","Matching","octagon","friend","Friend","Close","lbl_friend","label_friend","Friend","Close","x","750","0.75","1"
"23","self-matching","2","Matching","triangle","happy","NonPerson","NonPerson","lbl_happy","label_happy","Happy","NonPerson","x","866","0.866","1"
"23","self-matching","2","Nonmatching","rhomboid","you","Self","Self","lbl_friend","label_friend","Friend","Close","c","723","0.723","1"
"23","self-matching","2","Nonmatching","diamond","neutral","NonPerson","NonPerson","lbl_happy","label_happy","Happy","NonPerson","x","978","0.978","0"
"23","self-matching","2","Nonmatching","octagon","friend","Friend","Close","lbl_you","label_you","Self","Self","c","779","0.779","1"
"23","self-matching","2","Nonmatching","rhomboid","you","Self","Self","lbl_friend","label_friend","Friend","Close","c","807","0.807","1"
"23","self-matching","3","Matching","diamond","neutral","NonPerson","NonPerson","lbl_neutral","label_neutral","Neutral","NonPerson","x","860","0.86","1"
"23","self-matching","3","Nonmatching","diamond","neutral","NonPerson","NonPerson","lbl_happy","label_happy","Happy","NonPerson","c","849","0.849","1"
"23","self-matching","3","Matching","octagon","friend","Friend","Close","lbl_friend","label_friend","Friend","Close","x","911","0.911","1"
"23","self-matching","3","Matching","rhomboid","you","Self","Self","lbl_you","label_you","Self","Self","c","703","0.703","0"
"23","self-matching","3","Nonmatching","rhomboid","you","Self","Self","lbl_friend","label_friend","Friend","Close","x","735","0.735","0"
"23","self-matching","3","Nonmatching","rhomboid","you","Self","Self","lbl_friend","label_friend","Friend","Close","c","881","0.881","1"
"23","self-matching","3","Nonmatching","octagon","friend","Friend","Close","lbl_you","label_you","Self","Self","c","767","0.767","1"
"23","self-matching","3","Matching","triangle","happy","NonPerson","NonPerson","lbl_happy","label_happy","Happy","NonPerson","x","974","0.974","1"
"23","self-matching","3","Matching","octagon","friend","Friend","Close","lbl_friend","label_friend","Friend","Close","x","680","0.68","1"
"23","self-matching","3","Matching","triangle","happy","NonPerson","NonPerson","lbl_happy","label_happy","Happy","NonPerson","x","847","0.847","1"
"23","self-matching","3","Matching","diamond","neutral","NonPerson","NonPerson","lbl_neutral","label_neutral","Neutral","NonPerson","c","895","0.895","0"
"23","self-matching","3","Nonmatching","triangle","happy","NonPerson","NonPerson","lbl_neutral","label_neutral","Neutral","NonPerson","c","793","0.793","1"
"23","self-matching","3","Nonmatching","diamond","neutral","NonPerson","NonPerson","lbl_happy","label_happy","Happy","NonPerson","c","1018","1.018","1"
"23","self-matching","3","Matching","rhomboid","you","Self","Self","lbl_you","label_you","Self","Self","x","663","0.663","1"
"23","self-matching","3","Nonmatching","octagon","friend","Friend","Close","lbl_you","label_you","Self","Self","c","756","0.756","1"
"23","self-matching","3","Nonmatching","triangle","happy","NonPerson","NonPerson","lbl_neutral","label_neutral","Neutral","NonPerson","x","846","0.846","0"
"24","self-matching","1","Nonmatching","kite","happy","NonPerson","NonPerson","lbl_neutral","label_neutral","Neutral","NonPerson","c","1179","1.179","1"
"24","self-matching","1","Matching","trapeze","you","Self","Self","lbl_you","label_you","Self","Self","x","914","0.914","1"
"24","self-matching","1","Nonmatching","trapeze","you","Self","Self","lbl_friend","label_friend","Friend","Close","c","996","0.996","1"
"24","self-matching","1","Nonmatching","pentagon","neutral","NonPerson","NonPerson","lbl_happy","label_happy","Happy","NonPerson","timeout","1651","1.651","0"
"24","self-matching","1","Nonmatching","square","friend","Friend","Close","lbl_you","label_you","Self","Self","x","636","0.636","0"
"24","self-matching","1","Matching","square","friend","Friend","Close","lbl_friend","label_friend","Friend","Close","x","819","0.819","1"
"24","self-matching","1","Matching","pentagon","neutral","NonPerson","NonPerson","lbl_neutral","label_neutral","Neutral","NonPerson","c","1329","1.329","0"
"24","self-matching","1","Matching","pentagon","neutral","NonPerson","NonPerson","lbl_neutral","label_neutral","Neutral","NonPerson","x","1282","1.282","1"
"24","self-matching","1","Matching","square","friend","Friend","Close","lbl_friend","label_friend","Friend","Close","timeout","1651","1.651","0"
"24","self-matching","1","Matching","kite","happy","NonPerson","NonPerson","lbl_happy","label_happy","Happy","NonPerson","x","783","0.783","1"
"24","self-matching","1","Matching","kite","happy","NonPerson","NonPerson","lbl_happy","label_happy","Happy","NonPerson","x","750","0.75","1"
"24","self-matching","1","Nonmatching","pentagon","neutral","NonPerson","NonPerson","lbl_happy","label_happy","Happy","NonPerson","c","1135","1.135","1"
"24","self-matching","1","Nonmatching","trapeze","you","Self","Self","lbl_friend","label_friend","Friend","Close","x","1455","1.455","0"
"24","self-matching","1","Nonmatching","kite","happy","NonPerson","NonPerson","lbl_neutral","label_neutral","Neutral","NonPerson","c","875","0.875","1"
"24","self-matching","1","Matching","trapeze","you","Self","Self","lbl_you","label_you","Self","Self","x","846","0.846","1"
"24","self-matching","1","Nonmatching","square","friend","Friend","Close","lbl_you","label_you","Self","Self","c","899","0.899","1"
"24","self-matching","2","Nonmatching","kite","happy","NonPerson","NonPerson","lbl_neutral","label_neutral","Neutral","NonPerson","c","788","0.788","1"
"24","self-matching","2","Matching","square","friend","Friend","Close","lbl_friend","label_friend","Friend","Close","x","1507","1.507","1"
"24","self-matching","2","Matching","kite","happy","NonPerson","NonPerson","lbl_happy","label_happy","Happy","NonPerson","c","1117","1.117","0"
"24","self-matching","2","Nonmatching","pentagon","neutral","NonPerson","NonPerson","lbl_happy","label_happy","Happy","NonPerson","c","1230","1.23","1"
"24","self-matching","2","Nonmatching","square","friend","Friend","Close","lbl_you","label_you","Self","Self","x","691","0.691","0"
"24","self-matching","2","Matching","trapeze","you","Self","Self","lbl_you","label_you","Self","Self","x","614","0.614","1"
"24","self-matching","2","Matching","square","friend","Friend","Close","lbl_friend","label_friend","Friend","Close","x","1244","1.244","1"
"24","self-matching","2","Nonmatching","pentagon","neutral","NonPerson","NonPerson","lbl_happy","label_happy","Happy","NonPerson","c","873","0.873","1"
"24","self-matching","2","Nonmatching","trapeze","you","Self","Self","lbl_friend","label_friend","Friend","Close","c","1218","1.218","1"
"24","self-matching","2","Matching","pentagon","neutral","NonPerson","NonPerson","lbl_neutral","label_neutral","Neutral","NonPerson","x","1241","1.241","1"
"24","self-matching","2","Nonmatching","kite","happy","NonPerson","NonPerson","lbl_neutral","label_neutral","Neutral","NonPerson","c","806","0.806","1"
"24","self-matching","2","Matching","kite","happy","NonPerson","NonPerson","lbl_happy","label_happy","Happy","NonPerson","x","1348","1.348","1"
"24","self-matching","2","Nonmatching","square","friend","Friend","Close","lbl_you","label_you","Self","Self","c","861","0.861","1"
"24","self-matching","2","Matching","pentagon","neutral","NonPerson","NonPerson","lbl_neutral","label_neutral","Neutral","NonPerson","x","1025","1.025","1"
"24","self-matching","2","Nonmatching","trapeze","you","Self","Self","lbl_friend","label_friend","Friend","Close","x","1158","1.158","0"
"24","self-matching","2","Matching","trapeze","you","Self","Self","lbl_you","label_you","Self","Self","x","878","0.878","1"
"24","self-matching","3","Nonmatching","pentagon","neutral","NonPerson","NonPerson","lbl_happy","label_happy","Happy","NonPerson","c","1139","1.139","1"
"24","self-matching","3","Matching","square","friend","Friend","Close","lbl_friend","label_friend","Friend","Close","x","940","0.94","1"
"24","self-matching","3","Matching","pentagon","neutral","NonPerson","NonPerson","lbl_neutral","label_neutral","Neutral","NonPerson","c","1284","1.284","0"
"24","self-matching","3","Matching","square","friend","Friend","Close","lbl_friend","label_friend","Friend","Close","x","943","0.943","1"
"24","self-matching","3","Matching","trapeze","you","Self","Self","lbl_you","label_you","Self","Self","x","1167","1.167","1"
"24","self-matching","3","Matching","kite","happy","NonPerson","NonPerson","lbl_happy","label_happy","Happy","NonPerson","x","871","0.871","1"
"24","self-matching","3","Matching","trapeze","you","Self","Self","lbl_you","label_you","Self","Self","timeout","1651","1.651","0"
"24","self-matching","3","Nonmatching","trapeze","you","Self","Self","lbl_friend","label_friend","Friend","Close","c","958","0.958","1"
"24","self-matching","3","Nonmatching","square","friend","Friend","Close","lbl_you","label_you","Self","Self","c","1126","1.126","1"
"24","self-matching","3","Nonmatching","square","friend","Friend","Close","lbl_you","label_you","Self","Self","x","695","0.695","0"
"24","self-matching","3","Matching","kite","happy","NonPerson","NonPerson","lbl_happy","label_happy","Happy","NonPerson","x","729","0.729","1"
"24","self-matching","3","Matching","pentagon","neutral","NonPerson","NonPerson","lbl_neutral","label_neutral","Neutral","NonPerson","c","1539","1.539","0"
"24","self-matching","3","Nonmatching","pentagon","neutral","NonPerson","NonPerson","lbl_happy","label_happy","Happy","NonPerson","c","860","0.86","1"
"24","self-matching","3","Nonmatching","trapeze","you","Self","Self","lbl_friend","label_friend","Friend","Close","c","1128","1.128","1"
"24","self-matching","3","Nonmatching","kite","happy","NonPerson","NonPerson","lbl_neutral","label_neutral","Neutral","NonPerson","x","1537","1.537","0"
"24","self-matching","3","Nonmatching","kite","happy","NonPerson","NonPerson","lbl_neutral","label_neutral","Neutral","NonPerson","c","929","0.929","1"
"24","self-matching","1","Nonmatching","rhomboid","friend","Friend","Close","lbl_you","label_you","Self","Self","m","1072","1.072","1"
"24","self-matching","1","Nonmatching","octagon","neutral","NonPerson","NonPerson","lbl_happy","label_happy","Happy","NonPerson","timeout","1652","1.652","0"
"24","self-matching","1","Matching","diamond","happy","NonPerson","NonPerson","lbl_happy","label_happy","Happy","NonPerson","n","670","0.67","1"
"24","self-matching","1","Nonmatching","octagon","neutral","NonPerson","NonPerson","lbl_happy","label_happy","Happy","NonPerson","m","1034","1.034","1"
"24","self-matching","1","Matching","octagon","neutral","NonPerson","NonPerson","lbl_neutral","label_neutral","Neutral","NonPerson","n","711","0.711","1"
"24","self-matching","1","Nonmatching","triangle","you","Self","Self","lbl_friend","label_friend","Friend","Close","m","1385","1.385","1"
"24","self-matching","1","Matching","triangle","you","Self","Self","lbl_you","label_you","Self","Self","n","630","0.63","1"
"24","self-matching","1","Matching","diamond","happy","NonPerson","NonPerson","lbl_happy","label_happy","Happy","NonPerson","n","900","0.9","1"
"24","self-matching","1","Matching","triangle","you","Self","Self","lbl_you","label_you","Self","Self","n","654","0.654","1"
"24","self-matching","1","Nonmatching","triangle","you","Self","Self","lbl_friend","label_friend","Friend","Close","m","971","0.971","1"
"24","self-matching","1","Nonmatching","diamond","happy","NonPerson","NonPerson","lbl_neutral","label_neutral","Neutral","NonPerson","n","1626","1.626","0"
"24","self-matching","1","Matching","rhomboid","friend","Friend","Close","lbl_friend","label_friend","Friend","Close","timeout","1651","1.651","0"
"24","self-matching","1","Nonmatching","rhomboid","friend","Friend","Close","lbl_you","label_you","Self","Self","m","1306","1.306","1"
"24","self-matching","1","Matching","rhomboid","friend","Friend","Close","lbl_friend","label_friend","Friend","Close","n","868","0.868","1"
"24","self-matching","1","Matching","octagon","neutral","NonPerson","NonPerson","lbl_neutral","label_neutral","Neutral","NonPerson","n","1103","1.103","1"
"24","self-matching","1","Nonmatching","diamond","happy","NonPerson","NonPerson","lbl_neutral","label_neutral","Neutral","NonPerson","n","1577","1.577","0"
"24","self-matching","2","Nonmatching","triangle","you","Self","Self","lbl_friend","label_friend","Friend","Close","m","894","0.894","1"
"24","self-matching","2","Nonmatching","rhomboid","friend","Friend","Close","lbl_you","label_you","Self","Self","m","1065","1.065","1"
"24","self-matching","2","Matching","triangle","you","Self","Self","lbl_you","label_you","Self","Self","n","692","0.692","1"
"24","self-matching","2","Nonmatching","octagon","neutral","NonPerson","NonPerson","lbl_happy","label_happy","Happy","NonPerson","m","959","0.959","1"
"24","self-matching","2","Matching","rhomboid","friend","Friend","Close","lbl_friend","label_friend","Friend","Close","n","975","0.975","1"
"24","self-matching","2","Matching","octagon","neutral","NonPerson","NonPerson","lbl_neutral","label_neutral","Neutral","NonPerson","n","1231","1.231","1"
"24","self-matching","2","Nonmatching","triangle","you","Self","Self","lbl_friend","label_friend","Friend","Close","m","1260","1.26","1"
"24","self-matching","2","Nonmatching","rhomboid","friend","Friend","Close","lbl_you","label_you","Self","Self","m","1320","1.32","1"
"24","self-matching","2","Nonmatching","diamond","happy","NonPerson","NonPerson","lbl_neutral","label_neutral","Neutral","NonPerson","m","1200","1.2","1"
"24","self-matching","2","Matching","rhomboid","friend","Friend","Close","lbl_friend","label_friend","Friend","Close","n","1054","1.054","1"
"24","self-matching","2","Matching","octagon","neutral","NonPerson","NonPerson","lbl_neutral","label_neutral","Neutral","NonPerson","n","1050","1.05","1"
"24","self-matching","2","Matching","diamond","happy","NonPerson","NonPerson","lbl_happy","label_happy","Happy","NonPerson","n","1334","1.334","1"
"24","self-matching","2","Matching","triangle","you","Self","Self","lbl_you","label_you","Self","Self","n","535","0.535","1"
"24","self-matching","2","Matching","diamond","happy","NonPerson","NonPerson","lbl_happy","label_happy","Happy","NonPerson","n","896","0.896","1"
"24","self-matching","2","Nonmatching","diamond","happy","NonPerson","NonPerson","lbl_neutral","label_neutral","Neutral","NonPerson","m","1018","1.018","1"
"24","self-matching","2","Nonmatching","octagon","neutral","NonPerson","NonPerson","lbl_happy","label_happy","Happy","NonPerson","n","1328","1.328","0"
"24","self-matching","3","Nonmatching","diamond","happy","NonPerson","NonPerson","lbl_neutral","label_neutral","Neutral","NonPerson","m","880","0.88","1"
"24","self-matching","3","Nonmatching","octagon","neutral","NonPerson","NonPerson","lbl_happy","label_happy","Happy","NonPerson","m","1084","1.084","1"
"24","self-matching","3","Nonmatching","triangle","you","Self","Self","lbl_friend","label_friend","Friend","Close","m","1062","1.062","1"
"24","self-matching","3","Nonmatching","rhomboid","friend","Friend","Close","lbl_you","label_you","Self","Self","m","930","0.93","1"
"24","self-matching","3","Matching","rhomboid","friend","Friend","Close","lbl_friend","label_friend","Friend","Close","n","876","0.876","1"
"24","self-matching","3","Matching","diamond","happy","NonPerson","NonPerson","lbl_happy","label_happy","Happy","NonPerson","n","1159","1.159","1"
"24","self-matching","3","Nonmatching","octagon","neutral","NonPerson","NonPerson","lbl_happy","label_happy","Happy","NonPerson","m","751","0.751","1"
"24","self-matching","3","Matching","octagon","neutral","NonPerson","NonPerson","lbl_neutral","label_neutral","Neutral","NonPerson","n","847","0.847","1"
"24","self-matching","3","Nonmatching","triangle","you","Self","Self","lbl_friend","label_friend","Friend","Close","m","948","0.948","1"
"24","self-matching","3","Matching","triangle","you","Self","Self","lbl_you","label_you","Self","Self","n","796","0.796","1"
"24","self-matching","3","Matching","diamond","happy","NonPerson","NonPerson","lbl_happy","label_happy","Happy","NonPerson","n","1307","1.307","1"
"24","self-matching","3","Matching","octagon","neutral","NonPerson","NonPerson","lbl_neutral","label_neutral","Neutral","NonPerson","n","749","0.749","1"
"24","self-matching","3","Nonmatching","rhomboid","friend","Friend","Close","lbl_you","label_you","Self","Self","m","949","0.949","1"
"24","self-matching","3","Matching","triangle","you","Self","Self","lbl_you","label_you","Self","Self","n","725","0.725","1"
"24","self-matching","3","Nonmatching","diamond","happy","NonPerson","NonPerson","lbl_neutral","label_neutral","Neutral","NonPerson","timeout","1651","1.651","0"
"24","self-matching","3","Matching","rhomboid","friend","Friend","Close","lbl_friend","label_friend","Friend","Close","n","1010","1.01","1"
"25","self-matching","1","Matching","octagon","neutral","NonPerson","NonPerson","lbl_neutral","label_neutral","Neutral","NonPerson","n","981","0.981","0"
"25","self-matching","1","Matching","rhomboid","friend","Friend","Close","lbl_friend","label_friend","Friend","Close","m","690","0.69","1"
"25","self-matching","1","Nonmatching","rhomboid","friend","Friend","Close","lbl_you","label_you","Self","Self","n","655","0.655","1"
"25","self-matching","1","Matching","rhomboid","friend","Friend","Close","lbl_friend","label_friend","Friend","Close","m","776","0.776","1"
"25","self-matching","1","Matching","diamond","you","Self","Self","lbl_you","label_you","Self","Self","n","734","0.734","0"
"25","self-matching","1","Nonmatching","diamond","you","Self","Self","lbl_friend","label_friend","Friend","Close","n","983","0.983","1"
"25","self-matching","1","Matching","triangle","happy","NonPerson","NonPerson","lbl_happy","label_happy","Happy","NonPerson","m","756","0.756","1"
"25","self-matching","1","Nonmatching","diamond","you","Self","Self","lbl_friend","label_friend","Friend","Close","n","849","0.849","1"
"25","self-matching","1","Matching","diamond","you","Self","Self","lbl_you","label_you","Self","Self","m","861","0.861","1"
"25","self-matching","1","Nonmatching","octagon","neutral","NonPerson","NonPerson","lbl_happy","label_happy","Happy","NonPerson","n","952","0.952","1"
"25","self-matching","1","Nonmatching","triangle","happy","NonPerson","NonPerson","lbl_neutral","label_neutral","Neutral","NonPerson","n","951","0.951","1"
"25","self-matching","1","Nonmatching","rhomboid","friend","Friend","Close","lbl_you","label_you","Self","Self","m","726","0.726","0"
"25","self-matching","1","Matching","octagon","neutral","NonPerson","NonPerson","lbl_neutral","label_neutral","Neutral","NonPerson","m","960","0.96","1"
"25","self-matching","1","Nonmatching","triangle","happy","NonPerson","NonPerson","lbl_neutral","label_neutral","Neutral","NonPerson","n","760","0.76","1"
"25","self-matching","1","Matching","triangle","happy","NonPerson","NonPerson","lbl_happy","label_happy","Happy","NonPerson","m","713","0.713","1"
"25","self-matching","1","Nonmatching","octagon","neutral","NonPerson","NonPerson","lbl_happy","label_happy","Happy","NonPerson","m","746","0.746","0"
"25","self-matching","2","Nonmatching","octagon","neutral","NonPerson","NonPerson","lbl_happy","label_happy","Happy","NonPerson","n","1023","1.023","1"
"25","self-matching","2","Matching","diamond","you","Self","Self","lbl_you","label_you","Self","Self","m","985","0.985","1"
"25","self-matching","2","Nonmatching","diamond","you","Self","Self","lbl_friend","label_friend","Friend","Close","n","719","0.719","1"
"25","self-matching","2","Nonmatching","rhomboid","friend","Friend","Close","lbl_you","label_you","Self","Self","n","712","0.712","1"
"25","self-matching","2","Matching","diamond","you","Self","Self","lbl_you","label_you","Self","Self","n","588","0.588","0"
"25","self-matching","2","Matching","octagon","neutral","NonPerson","NonPerson","lbl_neutral","label_neutral","Neutral","NonPerson","m","804","0.804","1"
"25","self-matching","2","Matching","rhomboid","friend","Friend","Close","lbl_friend","label_friend","Friend","Close","m","761","0.761","1"
"25","self-matching","2","Nonmatching","rhomboid","friend","Friend","Close","lbl_you","label_you","Self","Self","n","629","0.629","1"
"25","self-matching","2","Nonmatching","triangle","happy","NonPerson","NonPerson","lbl_neutral","label_neutral","Neutral","NonPerson","n","942","0.942","1"
"25","self-matching","2","Matching","rhomboid","friend","Friend","Close","lbl_friend","label_friend","Friend","Close","m","711","0.711","1"
"25","self-matching","2","Nonmatching","octagon","neutral","NonPerson","NonPerson","lbl_happy","label_happy","Happy","NonPerson","m","814","0.814","0"
"25","self-matching","2","Matching","triangle","happy","NonPerson","NonPerson","lbl_happy","label_happy","Happy","NonPerson","m","878","0.878","1"
"25","self-matching","2","Nonmatching","triangle","happy","NonPerson","NonPerson","lbl_neutral","label_neutral","Neutral","NonPerson","n","802","0.802","1"
"25","self-matching","2","Matching","triangle","happy","NonPerson","NonPerson","lbl_happy","label_happy","Happy","NonPerson","m","989","0.989","1"
"25","self-matching","2","Matching","octagon","neutral","NonPerson","NonPerson","lbl_neutral","label_neutral","Neutral","NonPerson","m","680","0.68","1"
"25","self-matching","2","Nonmatching","diamond","you","Self","Self","lbl_friend","label_friend","Friend","Close","n","918","0.918","1"
"25","self-matching","3","Matching","diamond","you","Self","Self","lbl_you","label_you","Self","Self","m","995","0.995","1"
"25","self-matching","3","Nonmatching","rhomboid","friend","Friend","Close","lbl_you","label_you","Self","Self","n","716","0.716","1"
"25","self-matching","3","Matching","rhomboid","friend","Friend","Close","lbl_friend","label_friend","Friend","Close","m","521","0.521","1"
"25","self-matching","3","Matching","octagon","neutral","NonPerson","NonPerson","lbl_neutral","label_neutral","Neutral","NonPerson","m","853","0.853","1"
"25","self-matching","3","Nonmatching","diamond","you","Self","Self","lbl_friend","label_friend","Friend","Close","n","1014","1.014","1"
"25","self-matching","3","Nonmatching","octagon","neutral","NonPerson","NonPerson","lbl_happy","label_happy","Happy","NonPerson","n","731","0.731","1"
"25","self-matching","3","Nonmatching","triangle","happy","NonPerson","NonPerson","lbl_neutral","label_neutral","Neutral","NonPerson","n","776","0.776","1"
"25","self-matching","3","Nonmatching","rhomboid","friend","Friend","Close","lbl_you","label_you","Self","Self","n","792","0.792","1"
"25","self-matching","3","Nonmatching","octagon","neutral","NonPerson","NonPerson","lbl_happy","label_happy","Happy","NonPerson","n","878","0.878","1"
"25","self-matching","3","Matching","diamond","you","Self","Self","lbl_you","label_you","Self","Self","m","978","0.978","1"
"25","self-matching","3","Nonmatching","triangle","happy","NonPerson","NonPerson","lbl_neutral","label_neutral","Neutral","NonPerson","n","1138","1.138","1"
"25","self-matching","3","Matching","triangle","happy","NonPerson","NonPerson","lbl_happy","label_happy","Happy","NonPerson","m","707","0.707","1"
"25","self-matching","3","Nonmatching","diamond","you","Self","Self","lbl_friend","label_friend","Friend","Close","n","804","0.804","1"
"25","self-matching","3","Matching","triangle","happy","NonPerson","NonPerson","lbl_happy","label_happy","Happy","NonPerson","m","675","0.675","1"
"25","self-matching","3","Matching","rhomboid","friend","Friend","Close","lbl_friend","label_friend","Friend","Close","m","738","0.738","1"
"25","self-matching","3","Matching","octagon","neutral","NonPerson","NonPerson","lbl_neutral","label_neutral","Neutral","NonPerson","n","926","0.926","0"
"25","self-matching","1","Matching","pentagon","neutral","NonPerson","NonPerson","lbl_neutral","label_neutral","Neutral","NonPerson","c","826","0.826","1"
"25","self-matching","1","Nonmatching","kite","you","Self","Self","lbl_friend","label_friend","Friend","Close","x","863","0.863","1"
"25","self-matching","1","Nonmatching","kite","you","Self","Self","lbl_friend","label_friend","Friend","Close","x","800","0.8","1"
"25","self-matching","1","Nonmatching","pentagon","neutral","NonPerson","NonPerson","lbl_happy","label_happy","Happy","NonPerson","x","947","0.947","1"
"25","self-matching","1","Matching","square","friend","Friend","Close","lbl_friend","label_friend","Friend","Close","x","741","0.741","0"
"25","self-matching","1","Nonmatching","trapeze","happy","NonPerson","NonPerson","lbl_neutral","label_neutral","Neutral","NonPerson","x","899","0.899","1"
"25","self-matching","1","Matching","kite","you","Self","Self","lbl_you","label_you","Self","Self","x","791","0.791","0"
"25","self-matching","1","Nonmatching","square","friend","Friend","Close","lbl_you","label_you","Self","Self","x","1121","1.121","1"
"25","self-matching","1","Matching","square","friend","Friend","Close","lbl_friend","label_friend","Friend","Close","c","1056","1.056","1"
"25","self-matching","1","Matching","trapeze","happy","NonPerson","NonPerson","lbl_happy","label_happy","Happy","NonPerson","c","1103","1.103","1"
"25","self-matching","1","Nonmatching","square","friend","Friend","Close","lbl_you","label_you","Self","Self","x","942","0.942","1"
"25","self-matching","1","Nonmatching","trapeze","happy","NonPerson","NonPerson","lbl_neutral","label_neutral","Neutral","NonPerson","x","978","0.978","1"
"25","self-matching","1","Nonmatching","pentagon","neutral","NonPerson","NonPerson","lbl_happy","label_happy","Happy","NonPerson","x","1327","1.327","1"
"25","self-matching","1","Matching","trapeze","happy","NonPerson","NonPerson","lbl_happy","label_happy","Happy","NonPerson","c","1422","1.422","1"
"25","self-matching","1","Matching","pentagon","neutral","NonPerson","NonPerson","lbl_neutral","label_neutral","Neutral","NonPerson","c","891","0.891","1"
"25","self-matching","1","Matching","kite","you","Self","Self","lbl_you","label_you","Self","Self","c","594","0.594","1"
"25","self-matching","2","Matching","pentagon","neutral","NonPerson","NonPerson","lbl_neutral","label_neutral","Neutral","NonPerson","c","850","0.85","1"
"25","self-matching","2","Nonmatching","trapeze","happy","NonPerson","NonPerson","lbl_neutral","label_neutral","Neutral","NonPerson","x","866","0.866","1"
"25","self-matching","2","Matching","trapeze","happy","NonPerson","NonPerson","lbl_happy","label_happy","Happy","NonPerson","c","1089","1.089","1"
"25","self-matching","2","Matching","kite","you","Self","Self","lbl_you","label_you","Self","Self","c","471","0.471","1"
"25","self-matching","2","Matching","kite","you","Self","Self","lbl_you","label_you","Self","Self","c","445","0.445","1"
"25","self-matching","2","Matching","pentagon","neutral","NonPerson","NonPerson","lbl_neutral","label_neutral","Neutral","NonPerson","c","912","0.912","1"
"25","self-matching","2","Nonmatching","pentagon","neutral","NonPerson","NonPerson","lbl_happy","label_happy","Happy","NonPerson","x","857","0.857","1"
"25","self-matching","2","Matching","square","friend","Friend","Close","lbl_friend","label_friend","Friend","Close","c","620","0.62","1"
"25","self-matching","2","Nonmatching","kite","you","Self","Self","lbl_friend","label_friend","Friend","Close","x","769","0.769","1"
"25","self-matching","2","Nonmatching","square","friend","Friend","Close","lbl_you","label_you","Self","Self","c","662","0.662","0"
"25","self-matching","2","Nonmatching","pentagon","neutral","NonPerson","NonPerson","lbl_happy","label_happy","Happy","NonPerson","x","973","0.973","1"
"25","self-matching","2","Matching","trapeze","happy","NonPerson","NonPerson","lbl_happy","label_happy","Happy","NonPerson","c","808","0.808","1"
"25","self-matching","2","Matching","square","friend","Friend","Close","lbl_friend","label_friend","Friend","Close","c","965","0.965","1"
"25","self-matching","2","Nonmatching","square","friend","Friend","Close","lbl_you","label_you","Self","Self","x","647","0.647","1"
"25","self-matching","2","Nonmatching","trapeze","happy","NonPerson","NonPerson","lbl_neutral","label_neutral","Neutral","NonPerson","c","820","0.82","0"
"25","self-matching","2","Nonmatching","kite","you","Self","Self","lbl_friend","label_friend","Friend","Close","x","818","0.818","1"
"25","self-matching","3","Matching","trapeze","happy","NonPerson","NonPerson","lbl_happy","label_happy","Happy","NonPerson","c","744","0.744","1"
"25","self-matching","3","Matching","kite","you","Self","Self","lbl_you","label_you","Self","Self","c","698","0.698","1"
"25","self-matching","3","Nonmatching","kite","you","Self","Self","lbl_friend","label_friend","Friend","Close","x","646","0.646","1"
"25","self-matching","3","Matching","trapeze","happy","NonPerson","NonPerson","lbl_happy","label_happy","Happy","NonPerson","c","708","0.708","1"
"25","self-matching","3","Matching","square","friend","Friend","Close","lbl_friend","label_friend","Friend","Close","c","1080","1.08","1"
"25","self-matching","3","Nonmatching","trapeze","happy","NonPerson","NonPerson","lbl_neutral","label_neutral","Neutral","NonPerson","x","762","0.762","1"
"25","self-matching","3","Nonmatching","pentagon","neutral","NonPerson","NonPerson","lbl_happy","label_happy","Happy","NonPerson","c","740","0.74","0"
"25","self-matching","3","Nonmatching","trapeze","happy","NonPerson","NonPerson","lbl_neutral","label_neutral","Neutral","NonPerson","x","1158","1.158","1"
"25","self-matching","3","Nonmatching","square","friend","Friend","Close","lbl_you","label_you","Self","Self","c","1198","1.198","0"
"25","self-matching","3","Matching","pentagon","neutral","NonPerson","NonPerson","lbl_neutral","label_neutral","Neutral","NonPerson","x","966","0.966","0"
"25","self-matching","3","Nonmatching","kite","you","Self","Self","lbl_friend","label_friend","Friend","Close","x","1198","1.198","1"
"25","self-matching","3","Nonmatching","square","friend","Friend","Close","lbl_you","label_you","Self","Self","c","911","0.911","0"
"25","self-matching","3","Matching","kite","you","Self","Self","lbl_you","label_you","Self","Self","c","751","0.751","1"
"25","self-matching","3","Nonmatching","pentagon","neutral","NonPerson","NonPerson","lbl_happy","label_happy","Happy","NonPerson","x","986","0.986","1"
"25","self-matching","3","Matching","pentagon","neutral","NonPerson","NonPerson","lbl_neutral","label_neutral","Neutral","NonPerson","c","1404","1.404","1"
"25","self-matching","3","Matching","square","friend","Friend","Close","lbl_friend","label_friend","Friend","Close","x","579","0.579","0"
"26","self-matching","1","Matching","kite","happy","NonPerson","NonPerson","lbl_happy","label_happy","Happy","NonPerson","m","1065","1.065","1"
"26","self-matching","1","Matching","square","you","Self","Self","lbl_you","label_you","Self","Self","m","543","0.543","1"
"26","self-matching","1","Matching","square","you","Self","Self","lbl_you","label_you","Self","Self","m","614","0.614","1"
"26","self-matching","1","Nonmatching","kite","happy","NonPerson","NonPerson","lbl_neutral","label_neutral","Neutral","NonPerson","n","1008","1.008","1"
"26","self-matching","1","Matching","kite","happy","NonPerson","NonPerson","lbl_happy","label_happy","Happy","NonPerson","m","619","0.619","1"
"26","self-matching","1","Nonmatching","square","you","Self","Self","lbl_friend","label_friend","Friend","Close","n","933","0.933","1"
"26","self-matching","1","Nonmatching","pentagon","neutral","NonPerson","NonPerson","lbl_happy","label_happy","Happy","NonPerson","m","803","0.803","0"
"26","self-matching","1","Matching","pentagon","neutral","NonPerson","NonPerson","lbl_neutral","label_neutral","Neutral","NonPerson","m","727","0.727","1"
"26","self-matching","1","Matching","trapeze","friend","Friend","Close","lbl_friend","label_friend","Friend","Close","m","651","0.651","1"
"26","self-matching","1","Matching","trapeze","friend","Friend","Close","lbl_friend","label_friend","Friend","Close","m","569","0.569","1"
"26","self-matching","1","Nonmatching","pentagon","neutral","NonPerson","NonPerson","lbl_happy","label_happy","Happy","NonPerson","m","638","0.638","0"
"26","self-matching","1","Nonmatching","trapeze","friend","Friend","Close","lbl_you","label_you","Self","Self","n","739","0.739","1"
"26","self-matching","1","Nonmatching","trapeze","friend","Friend","Close","lbl_you","label_you","Self","Self","n","762","0.762","1"
"26","self-matching","1","Nonmatching","kite","happy","NonPerson","NonPerson","lbl_neutral","label_neutral","Neutral","NonPerson","n","1503","1.503","1"
"26","self-matching","1","Nonmatching","square","you","Self","Self","lbl_friend","label_friend","Friend","Close","n","900","0.9","1"
"26","self-matching","1","Matching","pentagon","neutral","NonPerson","NonPerson","lbl_neutral","label_neutral","Neutral","NonPerson","m","970","0.97","1"
"26","self-matching","2","Nonmatching","kite","happy","NonPerson","NonPerson","lbl_neutral","label_neutral","Neutral","NonPerson","timeout","1649","1.649","0"
"26","self-matching","2","Matching","kite","happy","NonPerson","NonPerson","lbl_happy","label_happy","Happy","NonPerson","m","1459","1.459","1"
"26","self-matching","2","Nonmatching","trapeze","friend","Friend","Close","lbl_you","label_you","Self","Self","n","870","0.87","1"
"26","self-matching","2","Matching","square","you","Self","Self","lbl_you","label_you","Self","Self","m","682","0.682","1"
"26","self-matching","2","Nonmatching","square","you","Self","Self","lbl_friend","label_friend","Friend","Close","n","643","0.643","1"
"26","self-matching","2","Matching","pentagon","neutral","NonPerson","NonPerson","lbl_neutral","label_neutral","Neutral","NonPerson","m","668","0.668","1"
"26","self-matching","2","Matching","pentagon","neutral","NonPerson","NonPerson","lbl_neutral","label_neutral","Neutral","NonPerson","n","734","0.734","0"
"26","self-matching","2","Nonmatching","trapeze","friend","Friend","Close","lbl_you","label_you","Self","Self","n","911","0.911","1"
"26","self-matching","2","Matching","kite","happy","NonPerson","NonPerson","lbl_happy","label_happy","Happy","NonPerson","m","603","0.603","1"
"26","self-matching","2","Nonmatching","kite","happy","NonPerson","NonPerson","lbl_neutral","label_neutral","Neutral","NonPerson","n","707","0.707","1"
"26","self-matching","2","Nonmatching","pentagon","neutral","NonPerson","NonPerson","lbl_happy","label_happy","Happy","NonPerson","m","732","0.732","0"
"26","self-matching","2","Matching","square","you","Self","Self","lbl_you","label_you","Self","Self","m","876","0.876","1"
"26","self-matching","2","Matching","trapeze","friend","Friend","Close","lbl_friend","label_friend","Friend","Close","m","617","0.617","1"
"26","self-matching","2","Matching","trapeze","friend","Friend","Close","lbl_friend","label_friend","Friend","Close","m","558","0.558","1"
"26","self-matching","2","Nonmatching","pentagon","neutral","NonPerson","NonPerson","lbl_happy","label_happy","Happy","NonPerson","m","535","0.535","0"
"26","self-matching","2","Nonmatching","square","you","Self","Self","lbl_friend","label_friend","Friend","Close","m","587","0.587","0"
"26","self-matching","3","Nonmatching","trapeze","friend","Friend","Close","lbl_you","label_you","Self","Self","n","857","0.857","1"
"26","self-matching","3","Matching","kite","happy","NonPerson","NonPerson","lbl_happy","label_happy","Happy","NonPerson","m","1434","1.434","1"
"26","self-matching","3","Matching","kite","happy","NonPerson","NonPerson","lbl_happy","label_happy","Happy","NonPerson","m","573","0.573","1"
"26","self-matching","3","Nonmatching","square","you","Self","Self","lbl_friend","label_friend","Friend","Close","n","1300","1.3","1"
"26","self-matching","3","Nonmatching","square","you","Self","Self","lbl_friend","label_friend","Friend","Close","n","754","0.754","1"
"26","self-matching","3","Matching","pentagon","neutral","NonPerson","NonPerson","lbl_neutral","label_neutral","Neutral","NonPerson","m","876","0.876","1"
"26","self-matching","3","Matching","trapeze","friend","Friend","Close","lbl_friend","label_friend","Friend","Close","m","740","0.74","1"
"26","self-matching","3","Nonmatching","kite","happy","NonPerson","NonPerson","lbl_neutral","label_neutral","Neutral","NonPerson","n","817","0.817","1"
"26","self-matching","3","Nonmatching","pentagon","neutral","NonPerson","NonPerson","lbl_happy","label_happy","Happy","NonPerson","m","535","0.535","0"
"26","self-matching","3","Matching","pentagon","neutral","NonPerson","NonPerson","lbl_neutral","label_neutral","Neutral","NonPerson","m","534","0.534","1"
"26","self-matching","3","Nonmatching","kite","happy","NonPerson","NonPerson","lbl_neutral","label_neutral","Neutral","NonPerson","n","766","0.766","1"
"26","self-matching","3","Matching","square","you","Self","Self","lbl_you","label_you","Self","Self","m","566","0.566","1"
"26","self-matching","3","Matching","trapeze","friend","Friend","Close","lbl_friend","label_friend","Friend","Close","m","560","0.56","1"
"26","self-matching","3","Nonmatching","trapeze","friend","Friend","Close","lbl_you","label_you","Self","Self","n","638","0.638","1"
"26","self-matching","3","Nonmatching","pentagon","neutral","NonPerson","NonPerson","lbl_happy","label_happy","Happy","NonPerson","m","595","0.595","0"
"26","self-matching","3","Matching","square","you","Self","Self","lbl_you","label_you","Self","Self","m","625","0.625","1"
"26","self-matching","1","Nonmatching","triangle","friend","Friend","Close","lbl_you","label_you","Self","Self","x","783","0.783","1"
"26","self-matching","1","Nonmatching","octagon","neutral","NonPerson","NonPerson","lbl_happy","label_happy","Happy","NonPerson","x","1107","1.107","1"
"26","self-matching","1","Matching","triangle","friend","Friend","Close","lbl_friend","label_friend","Friend","Close","x","755","0.755","0"
"26","self-matching","1","Nonmatching","triangle","friend","Friend","Close","lbl_you","label_you","Self","Self","x","738","0.738","1"
"26","self-matching","1","Nonmatching","diamond","happy","NonPerson","NonPerson","lbl_neutral","label_neutral","Neutral","NonPerson","x","1130","1.13","1"
"26","self-matching","1","Matching","diamond","happy","NonPerson","NonPerson","lbl_happy","label_happy","Happy","NonPerson","c","699","0.699","1"
"26","self-matching","1","Matching","rhomboid","you","Self","Self","lbl_you","label_you","Self","Self","c","528","0.528","1"
"26","self-matching","1","Nonmatching","rhomboid","you","Self","Self","lbl_friend","label_friend","Friend","Close","x","795","0.795","1"
"26","self-matching","1","Matching","diamond","happy","NonPerson","NonPerson","lbl_happy","label_happy","Happy","NonPerson","c","769","0.769","1"
"26","self-matching","1","Matching","triangle","friend","Friend","Close","lbl_friend","label_friend","Friend","Close","c","642","0.642","1"
"26","self-matching","1","Matching","octagon","neutral","NonPerson","NonPerson","lbl_neutral","label_neutral","Neutral","NonPerson","c","689","0.689","1"
"26","self-matching","1","Matching","octagon","neutral","NonPerson","NonPerson","lbl_neutral","label_neutral","Neutral","NonPerson","c","534","0.534","1"
"26","self-matching","1","Nonmatching","octagon","neutral","NonPerson","NonPerson","lbl_happy","label_happy","Happy","NonPerson","x","741","0.741","1"
"26","self-matching","1","Nonmatching","diamond","happy","NonPerson","NonPerson","lbl_neutral","label_neutral","Neutral","NonPerson","c","798","0.798","0"
"26","self-matching","1","Nonmatching","rhomboid","you","Self","Self","lbl_friend","label_friend","Friend","Close","x","1012","1.012","1"
"26","self-matching","1","Matching","rhomboid","you","Self","Self","lbl_you","label_you","Self","Self","c","424","0.424","1"
"26","self-matching","2","Nonmatching","diamond","happy","NonPerson","NonPerson","lbl_neutral","label_neutral","Neutral","NonPerson","x","1039","1.039","1"
"26","self-matching","2","Nonmatching","rhomboid","you","Self","Self","lbl_friend","label_friend","Friend","Close","x","877","0.877","1"
"26","self-matching","2","Matching","octagon","neutral","NonPerson","NonPerson","lbl_neutral","label_neutral","Neutral","NonPerson","c","732","0.732","1"
"26","self-matching","2","Matching","triangle","friend","Friend","Close","lbl_friend","label_friend","Friend","Close","c","768","0.768","1"
"26","self-matching","2","Matching","octagon","neutral","NonPerson","NonPerson","lbl_neutral","label_neutral","Neutral","NonPerson","c","642","0.642","1"
"26","self-matching","2","Matching","diamond","happy","NonPerson","NonPerson","lbl_happy","label_happy","Happy","NonPerson","c","718","0.718","1"
"26","self-matching","2","Nonmatching","octagon","neutral","NonPerson","NonPerson","lbl_happy","label_happy","Happy","NonPerson","c","633","0.633","0"
"26","self-matching","2","Matching","diamond","happy","NonPerson","NonPerson","lbl_happy","label_happy","Happy","NonPerson","c","630","0.63","1"
"26","self-matching","2","Matching","rhomboid","you","Self","Self","lbl_you","label_you","Self","Self","c","627","0.627","1"
"26","self-matching","2","Nonmatching","octagon","neutral","NonPerson","NonPerson","lbl_happy","label_happy","Happy","NonPerson","x","778","0.778","1"
"26","self-matching","2","Nonmatching","rhomboid","you","Self","Self","lbl_friend","label_friend","Friend","Close","x","828","0.828","1"
"26","self-matching","2","Nonmatching","triangle","friend","Friend","Close","lbl_you","label_you","Self","Self","c","734","0.734","0"
"26","self-matching","2","Matching","rhomboid","you","Self","Self","lbl_you","label_you","Self","Self","c","692","0.692","1"
"26","self-matching","2","Matching","triangle","friend","Friend","Close","lbl_friend","label_friend","Friend","Close","c","727","0.727","1"
"26","self-matching","2","Nonmatching","diamond","happy","NonPerson","NonPerson","lbl_neutral","label_neutral","Neutral","NonPerson","x","869","0.869","1"
"26","self-matching","2","Nonmatching","triangle","friend","Friend","Close","lbl_you","label_you","Self","Self","x","774","0.774","1"
"26","self-matching","3","Nonmatching","rhomboid","you","Self","Self","lbl_friend","label_friend","Friend","Close","x","1018","1.018","1"
"26","self-matching","3","Matching","rhomboid","you","Self","Self","lbl_you","label_you","Self","Self","c","588","0.588","1"
"26","self-matching","3","Nonmatching","octagon","neutral","NonPerson","NonPerson","lbl_happy","label_happy","Happy","NonPerson","x","761","0.761","1"
"26","self-matching","3","Matching","triangle","friend","Friend","Close","lbl_friend","label_friend","Friend","Close","c","779","0.779","1"
"26","self-matching","3","Nonmatching","rhomboid","you","Self","Self","lbl_friend","label_friend","Friend","Close","x","690","0.69","1"
"26","self-matching","3","Matching","diamond","happy","NonPerson","NonPerson","lbl_happy","label_happy","Happy","NonPerson","c","779","0.779","1"
"26","self-matching","3","Nonmatching","triangle","friend","Friend","Close","lbl_you","label_you","Self","Self","x","753","0.753","1"
"26","self-matching","3","Matching","octagon","neutral","NonPerson","NonPerson","lbl_neutral","label_neutral","Neutral","NonPerson","c","709","0.709","1"
"26","self-matching","3","Matching","rhomboid","you","Self","Self","lbl_you","label_you","Self","Self","c","712","0.712","1"
"26","self-matching","3","Nonmatching","diamond","happy","NonPerson","NonPerson","lbl_neutral","label_neutral","Neutral","NonPerson","x","704","0.704","1"
"26","self-matching","3","Nonmatching","triangle","friend","Friend","Close","lbl_you","label_you","Self","Self","x","633","0.633","1"
"26","self-matching","3","Nonmatching","octagon","neutral","NonPerson","NonPerson","lbl_happy","label_happy","Happy","NonPerson","x","1213","1.213","1"
"26","self-matching","3","Matching","diamond","happy","NonPerson","NonPerson","lbl_happy","label_happy","Happy","NonPerson","c","592","0.592","1"
"26","self-matching","3","Matching","octagon","neutral","NonPerson","NonPerson","lbl_neutral","label_neutral","Neutral","NonPerson","x","574","0.574","0"
"26","self-matching","3","Nonmatching","diamond","happy","NonPerson","NonPerson","lbl_neutral","label_neutral","Neutral","NonPerson","x","739","0.739","1"
"26","self-matching","3","Matching","triangle","friend","Friend","Close","lbl_friend","label_friend","Friend","Close","c","854","0.854","1"
"27","self-matching","1","Nonmatching","diamond","you","Self","Self","lbl_friend","label_friend","Friend","Close","x","607","0.607","1"
"27","self-matching","1","Matching","triangle","neutral","NonPerson","NonPerson","lbl_neutral","label_neutral","Neutral","NonPerson","c","780","0.78","1"
"27","self-matching","1","Nonmatching","diamond","you","Self","Self","lbl_friend","label_friend","Friend","Close","x","1050","1.05","1"
"27","self-matching","1","Nonmatching","octagon","happy","NonPerson","NonPerson","lbl_neutral","label_neutral","Neutral","NonPerson","c","639","0.639","0"
"27","self-matching","1","Nonmatching","rhomboid","friend","Friend","Close","lbl_you","label_you","Self","Self","x","703","0.703","1"
"27","self-matching","1","Matching","rhomboid","friend","Friend","Close","lbl_friend","label_friend","Friend","Close","c","693","0.693","1"
"27","self-matching","1","Nonmatching","triangle","neutral","NonPerson","NonPerson","lbl_happy","label_happy","Happy","NonPerson","x","785","0.785","1"
"27","self-matching","1","Matching","diamond","you","Self","Self","lbl_you","label_you","Self","Self","c","607","0.607","1"
"27","self-matching","1","Matching","octagon","happy","NonPerson","NonPerson","lbl_happy","label_happy","Happy","NonPerson","c","664","0.664","1"
"27","self-matching","1","Nonmatching","rhomboid","friend","Friend","Close","lbl_you","label_you","Self","Self","x","833","0.833","1"
"27","self-matching","1","Nonmatching","triangle","neutral","NonPerson","NonPerson","lbl_happy","label_happy","Happy","NonPerson","x","856","0.856","1"
"27","self-matching","1","Matching","triangle","neutral","NonPerson","NonPerson","lbl_neutral","label_neutral","Neutral","NonPerson","c","1112","1.112","1"
"27","self-matching","1","Matching","octagon","happy","NonPerson","NonPerson","lbl_happy","label_happy","Happy","NonPerson","c","732","0.732","1"
"27","self-matching","1","Nonmatching","octagon","happy","NonPerson","NonPerson","lbl_neutral","label_neutral","Neutral","NonPerson","x","770","0.77","1"
"27","self-matching","1","Matching","rhomboid","friend","Friend","Close","lbl_friend","label_friend","Friend","Close","c","493","0.493","1"
"27","self-matching","1","Matching","diamond","you","Self","Self","lbl_you","label_you","Self","Self","c","448","0.448","1"
"27","self-matching","2","Matching","rhomboid","friend","Friend","Close","lbl_friend","label_friend","Friend","Close","c","563","0.563","1"
"27","self-matching","2","Nonmatching","triangle","neutral","NonPerson","NonPerson","lbl_happy","label_happy","Happy","NonPerson","c","821","0.821","0"
"27","self-matching","2","Nonmatching","octagon","happy","NonPerson","NonPerson","lbl_neutral","label_neutral","Neutral","NonPerson","x","714","0.714","1"
"27","self-matching","2","Nonmatching","octagon","happy","NonPerson","NonPerson","lbl_neutral","label_neutral","Neutral","NonPerson","x","601","0.601","1"
"27","self-matching","2","Matching","octagon","happy","NonPerson","NonPerson","lbl_happy","label_happy","Happy","NonPerson","c","757","0.757","1"
"27","self-matching","2","Nonmatching","triangle","neutral","NonPerson","NonPerson","lbl_happy","label_happy","Happy","NonPerson","x","865","0.865","1"
"27","self-matching","2","Matching","triangle","neutral","NonPerson","NonPerson","lbl_neutral","label_neutral","Neutral","NonPerson","c","960","0.96","1"
"27","self-matching","2","Nonmatching","rhomboid","friend","Friend","Close","lbl_you","label_you","Self","Self","x","666","0.666","1"
"27","self-matching","2","Nonmatching","diamond","you","Self","Self","lbl_friend","label_friend","Friend","Close","x","575","0.575","1"
"27","self-matching","2","Matching","diamond","you","Self","Self","lbl_you","label_you","Self","Self","c","535","0.535","1"
"27","self-matching","2","Nonmatching","diamond","you","Self","Self","lbl_friend","label_friend","Friend","Close","c","671","0.671","0"
"27","self-matching","2","Nonmatching","rhomboid","friend","Friend","Close","lbl_you","label_you","Self","Self","x","599","0.599","1"
"27","self-matching","2","Matching","triangle","neutral","NonPerson","NonPerson","lbl_neutral","label_neutral","Neutral","NonPerson","c","772","0.772","1"
"27","self-matching","2","Matching","diamond","you","Self","Self","lbl_you","label_you","Self","Self","c","699","0.699","1"
"27","self-matching","2","Matching","octagon","happy","NonPerson","NonPerson","lbl_happy","label_happy","Happy","NonPerson","c","586","0.586","1"
"27","self-matching","2","Matching","rhomboid","friend","Friend","Close","lbl_friend","label_friend","Friend","Close","x","598","0.598","0"
"27","self-matching","3","Nonmatching","triangle","neutral","NonPerson","NonPerson","lbl_happy","label_happy","Happy","NonPerson","c","644","0.644","0"
"27","self-matching","3","Nonmatching","diamond","you","Self","Self","lbl_friend","label_friend","Friend","Close","x","717","0.717","1"
"27","self-matching","3","Nonmatching","octagon","happy","NonPerson","NonPerson","lbl_neutral","label_neutral","Neutral","NonPerson","c","540","0.54","0"
"27","self-matching","3","Nonmatching","octagon","happy","NonPerson","NonPerson","lbl_neutral","label_neutral","Neutral","NonPerson","x","697","0.697","1"
"27","self-matching","3","Matching","rhomboid","friend","Friend","Close","lbl_friend","label_friend","Friend","Close","c","891","0.891","1"
"27","self-matching","3","Matching","diamond","you","Self","Self","lbl_you","label_you","Self","Self","c","475","0.475","1"
"27","self-matching","3","Nonmatching","rhomboid","friend","Friend","Close","lbl_you","label_you","Self","Self","x","514","0.514","1"
"27","self-matching","3","Matching","triangle","neutral","NonPerson","NonPerson","lbl_neutral","label_neutral","Neutral","NonPerson","c","561","0.561","1"
"27","self-matching","3","Matching","rhomboid","friend","Friend","Close","lbl_friend","label_friend","Friend","Close","x","467","0.467","0"
"27","self-matching","3","Matching","octagon","happy","NonPerson","NonPerson","lbl_happy","label_happy","Happy","NonPerson","c","476","0.476","1"
"27","self-matching","3","Matching","octagon","happy","NonPerson","NonPerson","lbl_happy","label_happy","Happy","NonPerson","c","601","0.601","1"
"27","self-matching","3","Matching","diamond","you","Self","Self","lbl_you","label_you","Self","Self","c","517","0.517","1"
"27","self-matching","3","Nonmatching","triangle","neutral","NonPerson","NonPerson","lbl_happy","label_happy","Happy","NonPerson","x","584","0.584","1"
"27","self-matching","3","Matching","triangle","neutral","NonPerson","NonPerson","lbl_neutral","label_neutral","Neutral","NonPerson","c","494","0.494","1"
"27","self-matching","3","Nonmatching","diamond","you","Self","Self","lbl_friend","label_friend","Friend","Close","x","554","0.554","1"
"27","self-matching","3","Nonmatching","rhomboid","friend","Friend","Close","lbl_you","label_you","Self","Self","x","650","0.65","1"
"27","self-matching","1","Nonmatching","kite","you","Self","Self","lbl_friend","label_friend","Friend","Close","m","691","0.691","0"
"27","self-matching","1","Matching","pentagon","happy","NonPerson","NonPerson","lbl_happy","label_happy","Happy","NonPerson","m","702","0.702","1"
"27","self-matching","1","Nonmatching","trapeze","neutral","NonPerson","NonPerson","lbl_happy","label_happy","Happy","NonPerson","m","699","0.699","0"
"27","self-matching","1","Matching","trapeze","neutral","NonPerson","NonPerson","lbl_neutral","label_neutral","Neutral","NonPerson","n","494","0.494","0"
"27","self-matching","1","Matching","trapeze","neutral","NonPerson","NonPerson","lbl_neutral","label_neutral","Neutral","NonPerson","m","666","0.666","1"
"27","self-matching","1","Matching","square","friend","Friend","Close","lbl_friend","label_friend","Friend","Close","n","451","0.451","0"
"27","self-matching","1","Matching","kite","you","Self","Self","lbl_you","label_you","Self","Self","m","489","0.489","1"
"27","self-matching","1","Nonmatching","square","friend","Friend","Close","lbl_you","label_you","Self","Self","n","545","0.545","1"
"27","self-matching","1","Nonmatching","pentagon","happy","NonPerson","NonPerson","lbl_neutral","label_neutral","Neutral","NonPerson","m","750","0.75","0"
"27","self-matching","1","Nonmatching","square","friend","Friend","Close","lbl_you","label_you","Self","Self","n","549","0.549","1"
"27","self-matching","1","Nonmatching","pentagon","happy","NonPerson","NonPerson","lbl_neutral","label_neutral","Neutral","NonPerson","n","781","0.781","1"
"27","self-matching","1","Matching","pentagon","happy","NonPerson","NonPerson","lbl_happy","label_happy","Happy","NonPerson","m","580","0.58","1"
"27","self-matching","1","Matching","kite","you","Self","Self","lbl_you","label_you","Self","Self","m","521","0.521","1"
"27","self-matching","1","Nonmatching","trapeze","neutral","NonPerson","NonPerson","lbl_happy","label_happy","Happy","NonPerson","m","612","0.612","0"
"27","self-matching","1","Nonmatching","kite","you","Self","Self","lbl_friend","label_friend","Friend","Close","n","660","0.66","1"
"27","self-matching","1","Matching","square","friend","Friend","Close","lbl_friend","label_friend","Friend","Close","m","827","0.827","1"
"27","self-matching","2","Nonmatching","kite","you","Self","Self","lbl_friend","label_friend","Friend","Close","n","500","0.5","1"
"27","self-matching","2","Matching","square","friend","Friend","Close","lbl_friend","label_friend","Friend","Close","m","597","0.597","1"
"27","self-matching","2","Matching","kite","you","Self","Self","lbl_you","label_you","Self","Self","m","378","0.378","1"
"27","self-matching","2","Nonmatching","square","friend","Friend","Close","lbl_you","label_you","Self","Self","n","558","0.558","1"
"27","self-matching","2","Matching","pentagon","happy","NonPerson","NonPerson","lbl_happy","label_happy","Happy","NonPerson","m","547","0.547","1"
"27","self-matching","2","Nonmatching","trapeze","neutral","NonPerson","NonPerson","lbl_happy","label_happy","Happy","NonPerson","n","579","0.579","1"
"27","self-matching","2","Matching","square","friend","Friend","Close","lbl_friend","label_friend","Friend","Close","m","528","0.528","1"
"27","self-matching","2","Matching","trapeze","neutral","NonPerson","NonPerson","lbl_neutral","label_neutral","Neutral","NonPerson","m","606","0.606","1"
"27","self-matching","2","Nonmatching","trapeze","neutral","NonPerson","NonPerson","lbl_happy","label_happy","Happy","NonPerson","n","571","0.571","1"
"27","self-matching","2","Nonmatching","pentagon","happy","NonPerson","NonPerson","lbl_neutral","label_neutral","Neutral","NonPerson","m","675","0.675","0"
"27","self-matching","2","Nonmatching","kite","you","Self","Self","lbl_friend","label_friend","Friend","Close","n","549","0.549","1"
"27","self-matching","2","Matching","kite","you","Self","Self","lbl_you","label_you","Self","Self","m","466","0.466","1"
"27","self-matching","2","Nonmatching","pentagon","happy","NonPerson","NonPerson","lbl_neutral","label_neutral","Neutral","NonPerson","n","598","0.598","1"
"27","self-matching","2","Matching","trapeze","neutral","NonPerson","NonPerson","lbl_neutral","label_neutral","Neutral","NonPerson","m","633","0.633","1"
"27","self-matching","2","Nonmatching","square","friend","Friend","Close","lbl_you","label_you","Self","Self","n","517","0.517","1"
"27","self-matching","2","Matching","pentagon","happy","NonPerson","NonPerson","lbl_happy","label_happy","Happy","NonPerson","m","566","0.566","1"
"27","self-matching","3","Matching","pentagon","happy","NonPerson","NonPerson","lbl_happy","label_happy","Happy","NonPerson","m","682","0.682","1"
"27","self-matching","3","Matching","square","friend","Friend","Close","lbl_friend","label_friend","Friend","Close","m","587","0.587","1"
"27","self-matching","3","Nonmatching","kite","you","Self","Self","lbl_friend","label_friend","Friend","Close","n","604","0.604","1"
"27","self-matching","3","Matching","trapeze","neutral","NonPerson","NonPerson","lbl_neutral","label_neutral","Neutral","NonPerson","m","559","0.559","1"
"27","self-matching","3","Matching","kite","you","Self","Self","lbl_you","label_you","Self","Self","n","642","0.642","0"
"27","self-matching","3","Nonmatching","trapeze","neutral","NonPerson","NonPerson","lbl_happy","label_happy","Happy","NonPerson","m","532","0.532","0"
"27","self-matching","3","Nonmatching","trapeze","neutral","NonPerson","NonPerson","lbl_happy","label_happy","Happy","NonPerson","m","573","0.573","0"
"27","self-matching","3","Matching","pentagon","happy","NonPerson","NonPerson","lbl_happy","label_happy","Happy","NonPerson","m","477","0.477","1"
"27","self-matching","3","Nonmatching","kite","you","Self","Self","lbl_friend","label_friend","Friend","Close","n","859","0.859","1"
"27","self-matching","3","Nonmatching","pentagon","happy","NonPerson","NonPerson","lbl_neutral","label_neutral","Neutral","NonPerson","n","822","0.822","1"
"27","self-matching","3","Nonmatching","square","friend","Friend","Close","lbl_you","label_you","Self","Self","n","933","0.933","1"
"27","self-matching","3","Nonmatching","square","friend","Friend","Close","lbl_you","label_you","Self","Self","n","620","0.62","1"
"27","self-matching","3","Nonmatching","pentagon","happy","NonPerson","NonPerson","lbl_neutral","label_neutral","Neutral","NonPerson","m","482","0.482","0"
"27","self-matching","3","Matching","square","friend","Friend","Close","lbl_friend","label_friend","Friend","Close","m","437","0.437","1"
"27","self-matching","3","Matching","kite","you","Self","Self","lbl_you","label_you","Self","Self","m","499","0.499","1"
"27","self-matching","3","Matching","trapeze","neutral","NonPerson","NonPerson","lbl_neutral","label_neutral","Neutral","NonPerson","n","537","0.537","0"
"28","self-matching","1","Matching","pentagon","friend","Friend","Close","lbl_friend","label_friend","Friend","Close","n","971","0.971","0"
"28","self-matching","1","Matching","kite","neutral","NonPerson","NonPerson","lbl_neutral","label_neutral","Neutral","NonPerson","n","1038","1.038","0"
"28","self-matching","1","Nonmatching","square","happy","NonPerson","NonPerson","lbl_neutral","label_neutral","Neutral","NonPerson","n","851","0.851","1"
"28","self-matching","1","Nonmatching","kite","neutral","NonPerson","NonPerson","lbl_happy","label_happy","Happy","NonPerson","n","1529","1.529","1"
"28","self-matching","1","Matching","trapeze","you","Self","Self","lbl_you","label_you","Self","Self","m","877","0.877","1"
"28","self-matching","1","Nonmatching","kite","neutral","NonPerson","NonPerson","lbl_happy","label_happy","Happy","NonPerson","m","1602","1.602","0"
"28","self-matching","1","Matching","pentagon","friend","Friend","Close","lbl_friend","label_friend","Friend","Close","m","1594","1.594","1"
"28","self-matching","1","Nonmatching","pentagon","friend","Friend","Close","lbl_you","label_you","Self","Self","n","1097","1.097","1"
"28","self-matching","1","Nonmatching","pentagon","friend","Friend","Close","lbl_you","label_you","Self","Self","n","981","0.981","1"
"28","self-matching","1","Matching","trapeze","you","Self","Self","lbl_you","label_you","Self","Self","m","450","0.45","1"
"28","self-matching","1","Matching","square","happy","NonPerson","NonPerson","lbl_happy","label_happy","Happy","NonPerson","m","681","0.681","1"
"28","self-matching","1","Matching","kite","neutral","NonPerson","NonPerson","lbl_neutral","label_neutral","Neutral","NonPerson","m","1633","1.633","1"
"28","self-matching","1","Nonmatching","square","happy","NonPerson","NonPerson","lbl_neutral","label_neutral","Neutral","NonPerson","n","765","0.765","1"
"28","self-matching","1","Matching","square","happy","NonPerson","NonPerson","lbl_happy","label_happy","Happy","NonPerson","m","620","0.62","1"
"28","self-matching","1","Nonmatching","trapeze","you","Self","Self","lbl_friend","label_friend","Friend","Close","m","681","0.681","0"
"28","self-matching","1","Nonmatching","trapeze","you","Self","Self","lbl_friend","label_friend","Friend","Close","n","854","0.854","1"
"28","self-matching","2","Matching","kite","neutral","NonPerson","NonPerson","lbl_neutral","label_neutral","Neutral","NonPerson","n","1403","1.403","0"
"28","self-matching","2","Matching","square","happy","NonPerson","NonPerson","lbl_happy","label_happy","Happy","NonPerson","m","713","0.713","1"
"28","self-matching","2","Matching","pentagon","friend","Friend","Close","lbl_friend","label_friend","Friend","Close","m","1129","1.129","1"
"28","self-matching","2","Matching","trapeze","you","Self","Self","lbl_you","label_you","Self","Self","m","652","0.652","1"
"28","self-matching","2","Nonmatching","pentagon","friend","Friend","Close","lbl_you","label_you","Self","Self","n","1318","1.318","1"
"28","self-matching","2","Nonmatching","trapeze","you","Self","Self","lbl_friend","label_friend","Friend","Close","n","854","0.854","1"
"28","self-matching","2","Nonmatching","kite","neutral","NonPerson","NonPerson","lbl_happy","label_happy","Happy","NonPerson","n","1353","1.353","1"
"28","self-matching","2","Nonmatching","square","happy","NonPerson","NonPerson","lbl_neutral","label_neutral","Neutral","NonPerson","n","1183","1.183","1"
"28","self-matching","2","Matching","trapeze","you","Self","Self","lbl_you","label_you","Self","Self","m","921","0.921","1"
"28","self-matching","2","Matching","kite","neutral","NonPerson","NonPerson","lbl_neutral","label_neutral","Neutral","NonPerson","m","1099","1.099","1"
"28","self-matching","2","Matching","square","happy","NonPerson","NonPerson","lbl_happy","label_happy","Happy","NonPerson","m","762","0.762","1"
"28","self-matching","2","Matching","pentagon","friend","Friend","Close","lbl_friend","label_friend","Friend","Close","m","1048","1.048","1"
"28","self-matching","2","Nonmatching","trapeze","you","Self","Self","lbl_friend","label_friend","Friend","Close","n","1347","1.347","1"
"28","self-matching","2","Nonmatching","pentagon","friend","Friend","Close","lbl_you","label_you","Self","Self","m","1563","1.563","0"
"28","self-matching","2","Nonmatching","kite","neutral","NonPerson","NonPerson","lbl_happy","label_happy","Happy","NonPerson","n","1013","1.013","1"
"28","self-matching","2","Nonmatching","square","happy","NonPerson","NonPerson","lbl_neutral","label_neutral","Neutral","NonPerson","n","1449","1.449","1"
"28","self-matching","3","Matching","square","happy","NonPerson","NonPerson","lbl_happy","label_happy","Happy","NonPerson","m","1023","1.023","1"
"28","self-matching","3","Matching","trapeze","you","Self","Self","lbl_you","label_you","Self","Self","m","748","0.748","1"
"28","self-matching","3","Nonmatching","trapeze","you","Self","Self","lbl_friend","label_friend","Friend","Close","n","684","0.684","1"
"28","self-matching","3","Nonmatching","square","happy","NonPerson","NonPerson","lbl_neutral","label_neutral","Neutral","NonPerson","n","847","0.847","1"
"28","self-matching","3","Nonmatching","pentagon","friend","Friend","Close","lbl_you","label_you","Self","Self","timeout","1648","1.648","0"
"28","self-matching","3","Matching","trapeze","you","Self","Self","lbl_you","label_you","Self","Self","m","759","0.759","1"
"28","self-matching","3","Matching","kite","neutral","NonPerson","NonPerson","lbl_neutral","label_neutral","Neutral","NonPerson","n","1244","1.244","0"
"28","self-matching","3","Nonmatching","kite","neutral","NonPerson","NonPerson","lbl_happy","label_happy","Happy","NonPerson","n","897","0.897","1"
"28","self-matching","3","Matching","kite","neutral","NonPerson","NonPerson","lbl_neutral","label_neutral","Neutral","NonPerson","m","1177","1.177","1"
"28","self-matching","3","Nonmatching","kite","neutral","NonPerson","NonPerson","lbl_happy","label_happy","Happy","NonPerson","n","891","0.891","1"
"28","self-matching","3","Matching","square","happy","NonPerson","NonPerson","lbl_happy","label_happy","Happy","NonPerson","m","811","0.811","1"
"28","self-matching","3","Matching","pentagon","friend","Friend","Close","lbl_friend","label_friend","Friend","Close","m","865","0.865","1"
"28","self-matching","3","Nonmatching","pentagon","friend","Friend","Close","lbl_you","label_you","Self","Self","n","849","0.849","1"
"28","self-matching","3","Matching","pentagon","friend","Friend","Close","lbl_friend","label_friend","Friend","Close","m","887","0.887","1"
"28","self-matching","3","Nonmatching","trapeze","you","Self","Self","lbl_friend","label_friend","Friend","Close","n","1045","1.045","1"
"28","self-matching","3","Nonmatching","square","happy","NonPerson","NonPerson","lbl_neutral","label_neutral","Neutral","NonPerson","n","746","0.746","1"
"28","self-matching","1","Matching","rhomboid","happy","NonPerson","NonPerson","lbl_happy","label_happy","Happy","NonPerson","c","912","0.912","1"
"28","self-matching","1","Matching","diamond","neutral","NonPerson","NonPerson","lbl_neutral","label_neutral","Neutral","NonPerson","c","900","0.9","1"
"28","self-matching","1","Nonmatching","rhomboid","happy","NonPerson","NonPerson","lbl_neutral","label_neutral","Neutral","NonPerson","x","1131","1.131","1"
"28","self-matching","1","Nonmatching","rhomboid","happy","NonPerson","NonPerson","lbl_neutral","label_neutral","Neutral","NonPerson","x","669","0.669","1"
"28","self-matching","1","Matching","rhomboid","happy","NonPerson","NonPerson","lbl_happy","label_happy","Happy","NonPerson","c","745","0.745","1"
"28","self-matching","1","Nonmatching","triangle","you","Self","Self","lbl_friend","label_friend","Friend","Close","x","950","0.95","1"
"28","self-matching","1","Matching","diamond","neutral","NonPerson","NonPerson","lbl_neutral","label_neutral","Neutral","NonPerson","c","1016","1.016","1"
"28","self-matching","1","Nonmatching","octagon","friend","Friend","Close","lbl_you","label_you","Self","Self","x","949","0.949","1"
"28","self-matching","1","Matching","octagon","friend","Friend","Close","lbl_friend","label_friend","Friend","Close","c","851","0.851","1"
"28","self-matching","1","Matching","triangle","you","Self","Self","lbl_you","label_you","Self","Self","c","941","0.941","1"
"28","self-matching","1","Nonmatching","diamond","neutral","NonPerson","NonPerson","lbl_happy","label_happy","Happy","NonPerson","x","1331","1.331","1"
"28","self-matching","1","Matching","octagon","friend","Friend","Close","lbl_friend","label_friend","Friend","Close","c","744","0.744","1"
"28","self-matching","1","Matching","triangle","you","Self","Self","lbl_you","label_you","Self","Self","c","634","0.634","1"
"28","self-matching","1","Nonmatching","octagon","friend","Friend","Close","lbl_you","label_you","Self","Self","c","438","0.438","0"
"28","self-matching","1","Nonmatching","triangle","you","Self","Self","lbl_friend","label_friend","Friend","Close","c","924","0.924","0"
"28","self-matching","1","Nonmatching","diamond","neutral","NonPerson","NonPerson","lbl_happy","label_happy","Happy","NonPerson","x","1267","1.267","1"
"28","self-matching","2","Matching","octagon","friend","Friend","Close","lbl_friend","label_friend","Friend","Close","c","789","0.789","1"
"28","self-matching","2","Nonmatching","octagon","friend","Friend","Close","lbl_you","label_you","Self","Self","x","1054","1.054","1"
"28","self-matching","2","Matching","rhomboid","happy","NonPerson","NonPerson","lbl_happy","label_happy","Happy","NonPerson","c","823","0.823","1"
"28","self-matching","2","Nonmatching","octagon","friend","Friend","Close","lbl_you","label_you","Self","Self","x","824","0.824","1"
"28","self-matching","2","Nonmatching","diamond","neutral","NonPerson","NonPerson","lbl_happy","label_happy","Happy","NonPerson","c","1285","1.285","0"
"28","self-matching","2","Nonmatching","rhomboid","happy","NonPerson","NonPerson","lbl_neutral","label_neutral","Neutral","NonPerson","c","451","0.451","0"
"28","self-matching","2","Nonmatching","triangle","you","Self","Self","lbl_friend","label_friend","Friend","Close","x","1301","1.301","1"
"28","self-matching","2","Matching","triangle","you","Self","Self","lbl_you","label_you","Self","Self","c","886","0.886","1"
"28","self-matching","2","Matching","diamond","neutral","NonPerson","NonPerson","lbl_neutral","label_neutral","Neutral","NonPerson","c","1125","1.125","1"
"28","self-matching","2","Nonmatching","triangle","you","Self","Self","lbl_friend","label_friend","Friend","Close","x","1295","1.295","1"
"28","self-matching","2","Matching","diamond","neutral","NonPerson","NonPerson","lbl_neutral","label_neutral","Neutral","NonPerson","c","1452","1.452","1"
"28","self-matching","2","Matching","triangle","you","Self","Self","lbl_you","label_you","Self","Self","timeout","1657","1.657","0"
"28","self-matching","2","Matching","rhomboid","happy","NonPerson","NonPerson","lbl_happy","label_happy","Happy","NonPerson","c","813","0.813","1"
"28","self-matching","2","Matching","octagon","friend","Friend","Close","lbl_friend","label_friend","Friend","Close","c","1060","1.06","1"
"28","self-matching","2","Nonmatching","diamond","neutral","NonPerson","NonPerson","lbl_happy","label_happy","Happy","NonPerson","c","746","0.746","0"
"28","self-matching","2","Nonmatching","rhomboid","happy","NonPerson","NonPerson","lbl_neutral","label_neutral","Neutral","NonPerson","c","763","0.763","0"
"28","self-matching","3","Matching","rhomboid","happy","NonPerson","NonPerson","lbl_happy","label_happy","Happy","NonPerson","c","706","0.706","1"
"28","self-matching","3","Matching","rhomboid","happy","NonPerson","NonPerson","lbl_happy","label_happy","Happy","NonPerson","c","506","0.506","1"
"28","self-matching","3","Nonmatching","diamond","neutral","NonPerson","NonPerson","lbl_happy","label_happy","Happy","NonPerson","x","902","0.902","1"
"28","self-matching","3","Nonmatching","octagon","friend","Friend","Close","lbl_you","label_you","Self","Self","c","705","0.705","0"
"28","self-matching","3","Nonmatching","diamond","neutral","NonPerson","NonPerson","lbl_happy","label_happy","Happy","NonPerson","x","1381","1.381","1"
"28","self-matching","3","Nonmatching","rhomboid","happy","NonPerson","NonPerson","lbl_neutral","label_neutral","Neutral","NonPerson","x","1035","1.035","1"
"28","self-matching","3","Nonmatching","triangle","you","Self","Self","lbl_friend","label_friend","Friend","Close","x","1075","1.075","1"
"28","self-matching","3","Nonmatching","rhomboid","happy","NonPerson","NonPerson","lbl_neutral","label_neutral","Neutral","NonPerson","x","1036","1.036","1"
"28","self-matching","3","Nonmatching","octagon","friend","Friend","Close","lbl_you","label_you","Self","Self","x","789","0.789","1"
"28","self-matching","3","Matching","octagon","friend","Friend","Close","lbl_friend","label_friend","Friend","Close","c","593","0.593","1"
"28","self-matching","3","Matching","octagon","friend","Friend","Close","lbl_friend","label_friend","Friend","Close","c","672","0.672","1"
"28","self-matching","3","Matching","triangle","you","Self","Self","lbl_you","label_you","Self","Self","c","984","0.984","1"
"28","self-matching","3","Matching","triangle","you","Self","Self","lbl_you","label_you","Self","Self","c","467","0.467","1"
"28","self-matching","3","Nonmatching","triangle","you","Self","Self","lbl_friend","label_friend","Friend","Close","c","467","0.467","0"
"28","self-matching","3","Matching","diamond","neutral","NonPerson","NonPerson","lbl_neutral","label_neutral","Neutral","NonPerson","c","724","0.724","1"
"28","self-matching","3","Matching","diamond","neutral","NonPerson","NonPerson","lbl_neutral","label_neutral","Neutral","NonPerson","c","434","0.434","1"
"29","self-matching","1","Matching","kite","friend","Friend","Close","lbl_friend","label_friend","Friend","Close","n","1222","1.222","1"
"29","self-matching","1","Nonmatching","pentagon","you","Self","Self","lbl_friend","label_friend","Friend","Close","m","888","0.888","1"
"29","self-matching","1","Nonmatching","square","neutral","NonPerson","NonPerson","lbl_happy","label_happy","Happy","NonPerson","m","1098","1.098","1"
"29","self-matching","1","Matching","square","neutral","NonPerson","NonPerson","lbl_neutral","label_neutral","Neutral","NonPerson","n","655","0.655","1"
"29","self-matching","1","Nonmatching","square","neutral","NonPerson","NonPerson","lbl_happy","label_happy","Happy","NonPerson","m","751","0.751","1"
"29","self-matching","1","Matching","trapeze","happy","NonPerson","NonPerson","lbl_happy","label_happy","Happy","NonPerson","n","1025","1.025","1"
"29","self-matching","1","Matching","square","neutral","NonPerson","NonPerson","lbl_neutral","label_neutral","Neutral","NonPerson","n","895","0.895","1"
"29","self-matching","1","Nonmatching","trapeze","happy","NonPerson","NonPerson","lbl_neutral","label_neutral","Neutral","NonPerson","timeout","1652","1.652","0"
"29","self-matching","1","Nonmatching","pentagon","you","Self","Self","lbl_friend","label_friend","Friend","Close","m","1135","1.135","1"
"29","self-matching","1","Nonmatching","kite","friend","Friend","Close","lbl_you","label_you","Self","Self","m","1134","1.134","1"
"29","self-matching","1","Matching","pentagon","you","Self","Self","lbl_you","label_you","Self","Self","n","783","0.783","1"
"29","self-matching","1","Nonmatching","trapeze","happy","NonPerson","NonPerson","lbl_neutral","label_neutral","Neutral","NonPerson","m","943","0.943","1"
"29","self-matching","1","Matching","pentagon","you","Self","Self","lbl_you","label_you","Self","Self","n","916","0.916","1"
"29","self-matching","1","Nonmatching","kite","friend","Friend","Close","lbl_you","label_you","Self","Self","m","718","0.718","1"
"29","self-matching","1","Matching","trapeze","happy","NonPerson","NonPerson","lbl_happy","label_happy","Happy","NonPerson","n","991","0.991","1"
"29","self-matching","1","Matching","kite","friend","Friend","Close","lbl_friend","label_friend","Friend","Close","n","1148","1.148","1"
"29","self-matching","2","Nonmatching","square","neutral","NonPerson","NonPerson","lbl_happy","label_happy","Happy","NonPerson","m","1129","1.129","1"
"29","self-matching","2","Matching","trapeze","happy","NonPerson","NonPerson","lbl_happy","label_happy","Happy","NonPerson","n","802","0.802","1"
"29","self-matching","2","Nonmatching","kite","friend","Friend","Close","lbl_you","label_you","Self","Self","m","976","0.976","1"
"29","self-matching","2","Nonmatching","square","neutral","NonPerson","NonPerson","lbl_happy","label_happy","Happy","NonPerson","m","899","0.899","1"
"29","self-matching","2","Nonmatching","trapeze","happy","NonPerson","NonPerson","lbl_neutral","label_neutral","Neutral","NonPerson","m","985","0.985","1"
"29","self-matching","2","Nonmatching","trapeze","happy","NonPerson","NonPerson","lbl_neutral","label_neutral","Neutral","NonPerson","m","1349","1.349","1"
"29","self-matching","2","Nonmatching","pentagon","you","Self","Self","lbl_friend","label_friend","Friend","Close","m","1254","1.254","1"
"29","self-matching","2","Matching","square","neutral","NonPerson","NonPerson","lbl_neutral","label_neutral","Neutral","NonPerson","n","1081","1.081","1"
"29","self-matching","2","Matching","kite","friend","Friend","Close","lbl_friend","label_friend","Friend","Close","n","1249","1.249","1"
"29","self-matching","2","Matching","trapeze","happy","NonPerson","NonPerson","lbl_happy","label_happy","Happy","NonPerson","n","1006","1.006","1"
"29","self-matching","2","Matching","kite","friend","Friend","Close","lbl_friend","label_friend","Friend","Close","n","983","0.983","1"
"29","self-matching","2","Nonmatching","pentagon","you","Self","Self","lbl_friend","label_friend","Friend","Close","m","840","0.84","1"
"29","self-matching","2","Matching","square","neutral","NonPerson","NonPerson","lbl_neutral","label_neutral","Neutral","NonPerson","n","772","0.772","1"
"29","self-matching","2","Matching","pentagon","you","Self","Self","lbl_you","label_you","Self","Self","n","801","0.801","1"
"29","self-matching","2","Nonmatching","kite","friend","Friend","Close","lbl_you","label_you","Self","Self","m","877","0.877","1"
"29","self-matching","2","Matching","pentagon","you","Self","Self","lbl_you","label_you","Self","Self","n","880","0.88","1"
"29","self-matching","3","Matching","kite","friend","Friend","Close","lbl_friend","label_friend","Friend","Close","n","785","0.785","1"
"29","self-matching","3","Matching","pentagon","you","Self","Self","lbl_you","label_you","Self","Self","n","694","0.694","1"
"29","self-matching","3","Matching","square","neutral","NonPerson","NonPerson","lbl_neutral","label_neutral","Neutral","NonPerson","n","718","0.718","1"
"29","self-matching","3","Nonmatching","square","neutral","NonPerson","NonPerson","lbl_happy","label_happy","Happy","NonPerson","m","1002","1.002","1"
"29","self-matching","3","Nonmatching","kite","friend","Friend","Close","lbl_you","label_you","Self","Self","m","995","0.995","1"
"29","self-matching","3","Matching","trapeze","happy","NonPerson","NonPerson","lbl_happy","label_happy","Happy","NonPerson","n","808","0.808","1"
"29","self-matching","3","Nonmatching","trapeze","happy","NonPerson","NonPerson","lbl_neutral","label_neutral","Neutral","NonPerson","m","1270","1.27","1"
"29","self-matching","3","Matching","trapeze","happy","NonPerson","NonPerson","lbl_happy","label_happy","Happy","NonPerson","n","807","0.807","1"
"29","self-matching","3","Nonmatching","pentagon","you","Self","Self","lbl_friend","label_friend","Friend","Close","m","1009","1.009","1"
"29","self-matching","3","Nonmatching","pentagon","you","Self","Self","lbl_friend","label_friend","Friend","Close","m","925","0.925","1"
"29","self-matching","3","Matching","pentagon","you","Self","Self","lbl_you","label_you","Self","Self","n","657","0.657","1"
"29","self-matching","3","Nonmatching","trapeze","happy","NonPerson","NonPerson","lbl_neutral","label_neutral","Neutral","NonPerson","m","1153","1.153","1"
"29","self-matching","3","Nonmatching","square","neutral","NonPerson","NonPerson","lbl_happy","label_happy","Happy","NonPerson","m","1017","1.017","1"
"29","self-matching","3","Matching","square","neutral","NonPerson","NonPerson","lbl_neutral","label_neutral","Neutral","NonPerson","n","926","0.926","1"
"29","self-matching","3","Nonmatching","kite","friend","Friend","Close","lbl_you","label_you","Self","Self","n","970","0.97","0"
"29","self-matching","3","Matching","kite","friend","Friend","Close","lbl_friend","label_friend","Friend","Close","n","1018","1.018","1"
"29","self-matching","1","Nonmatching","triangle","happy","NonPerson","NonPerson","lbl_neutral","label_neutral","Neutral","NonPerson","c","1102","1.102","1"
"29","self-matching","1","Matching","octagon","you","Self","Self","lbl_you","label_you","Self","Self","x","617","0.617","1"
"29","self-matching","1","Nonmatching","octagon","you","Self","Self","lbl_friend","label_friend","Friend","Close","x","902","0.902","0"
"29","self-matching","1","Nonmatching","diamond","friend","Friend","Close","lbl_you","label_you","Self","Self","c","818","0.818","1"
"29","self-matching","1","Matching","octagon","you","Self","Self","lbl_you","label_you","Self","Self","x","589","0.589","1"
"29","self-matching","1","Matching","triangle","happy","NonPerson","NonPerson","lbl_happy","label_happy","Happy","NonPerson","x","1245","1.245","1"
"29","self-matching","1","Matching","rhomboid","neutral","NonPerson","NonPerson","lbl_neutral","label_neutral","Neutral","NonPerson","c","1318","1.318","0"
"29","self-matching","1","Nonmatching","rhomboid","neutral","NonPerson","NonPerson","lbl_happy","label_happy","Happy","NonPerson","c","1125","1.125","1"
"29","self-matching","1","Matching","diamond","friend","Friend","Close","lbl_friend","label_friend","Friend","Close","x","1036","1.036","1"
"29","self-matching","1","Nonmatching","rhomboid","neutral","NonPerson","NonPerson","lbl_happy","label_happy","Happy","NonPerson","c","890","0.89","1"
"29","self-matching","1","Nonmatching","octagon","you","Self","Self","lbl_friend","label_friend","Friend","Close","c","796","0.796","1"
"29","self-matching","1","Matching","diamond","friend","Friend","Close","lbl_friend","label_friend","Friend","Close","x","940","0.94","1"
"29","self-matching","1","Matching","rhomboid","neutral","NonPerson","NonPerson","lbl_neutral","label_neutral","Neutral","NonPerson","x","796","0.796","1"
"29","self-matching","1","Matching","triangle","happy","NonPerson","NonPerson","lbl_happy","label_happy","Happy","NonPerson","x","844","0.844","1"
"29","self-matching","1","Nonmatching","triangle","happy","NonPerson","NonPerson","lbl_neutral","label_neutral","Neutral","NonPerson","c","712","0.712","1"
"29","self-matching","1","Nonmatching","diamond","friend","Friend","Close","lbl_you","label_you","Self","Self","timeout","1652","1.652","0"
"29","self-matching","2","Nonmatching","diamond","friend","Friend","Close","lbl_you","label_you","Self","Self","c","1240","1.24","1"
"29","self-matching","2","Matching","diamond","friend","Friend","Close","lbl_friend","label_friend","Friend","Close","x","1053","1.053","1"
"29","self-matching","2","Matching","triangle","happy","NonPerson","NonPerson","lbl_happy","label_happy","Happy","NonPerson","x","1183","1.183","1"
"29","self-matching","2","Matching","rhomboid","neutral","NonPerson","NonPerson","lbl_neutral","label_neutral","Neutral","NonPerson","x","1323","1.323","1"
"29","self-matching","2","Matching","rhomboid","neutral","NonPerson","NonPerson","lbl_neutral","label_neutral","Neutral","NonPerson","timeout","1647","1.647","0"
"29","self-matching","2","Nonmatching","rhomboid","neutral","NonPerson","NonPerson","lbl_happy","label_happy","Happy","NonPerson","c","1015","1.015","1"
"29","self-matching","2","Nonmatching","octagon","you","Self","Self","lbl_friend","label_friend","Friend","Close","c","864","0.864","1"
"29","self-matching","2","Matching","octagon","you","Self","Self","lbl_you","label_you","Self","Self","x","604","0.604","1"
"29","self-matching","2","Matching","diamond","friend","Friend","Close","lbl_friend","label_friend","Friend","Close","x","946","0.946","1"
"29","self-matching","2","Matching","triangle","happy","NonPerson","NonPerson","lbl_happy","label_happy","Happy","NonPerson","x","772","0.772","1"
"29","self-matching","2","Matching","octagon","you","Self","Self","lbl_you","label_you","Self","Self","x","867","0.867","1"
"29","self-matching","2","Nonmatching","triangle","happy","NonPerson","NonPerson","lbl_neutral","label_neutral","Neutral","NonPerson","c","1081","1.081","1"
"29","self-matching","2","Nonmatching","rhomboid","neutral","NonPerson","NonPerson","lbl_happy","label_happy","Happy","NonPerson","c","993","0.993","1"
"29","self-matching","2","Nonmatching","triangle","happy","NonPerson","NonPerson","lbl_neutral","label_neutral","Neutral","NonPerson","c","999","0.999","1"
"29","self-matching","2","Nonmatching","octagon","you","Self","Self","lbl_friend","label_friend","Friend","Close","c","712","0.712","1"
"29","self-matching","2","Nonmatching","diamond","friend","Friend","Close","lbl_you","label_you","Self","Self","x","975","0.975","0"
"29","self-matching","3","Matching","rhomboid","neutral","NonPerson","NonPerson","lbl_neutral","label_neutral","Neutral","NonPerson","x","911","0.911","1"
"29","self-matching","3","Nonmatching","rhomboid","neutral","NonPerson","NonPerson","lbl_happy","label_happy","Happy","NonPerson","c","764","0.764","1"
"29","self-matching","3","Nonmatching","triangle","happy","NonPerson","NonPerson","lbl_neutral","label_neutral","Neutral","NonPerson","x","1154","1.154","0"
"29","self-matching","3","Nonmatching","octagon","you","Self","Self","lbl_friend","label_friend","Friend","Close","c","833","0.833","1"
"29","self-matching","3","Matching","diamond","friend","Friend","Close","lbl_friend","label_friend","Friend","Close","x","990","0.99","1"
"29","self-matching","3","Nonmatching","diamond","friend","Friend","Close","lbl_you","label_you","Self","Self","c","641","0.641","1"
"29","self-matching","3","Nonmatching","triangle","happy","NonPerson","NonPerson","lbl_neutral","label_neutral","Neutral","NonPerson","c","1255","1.255","1"
"29","self-matching","3","Nonmatching","diamond","friend","Friend","Close","lbl_you","label_you","Self","Self","c","1030","1.03","1"
"29","self-matching","3","Matching","triangle","happy","NonPerson","NonPerson","lbl_happy","label_happy","Happy","NonPerson","x","838","0.838","1"
"29","self-matching","3","Nonmatching","rhomboid","neutral","NonPerson","NonPerson","lbl_happy","label_happy","Happy","NonPerson","c","664","0.664","1"
"29","self-matching","3","Nonmatching","octagon","you","Self","Self","lbl_friend","label_friend","Friend","Close","c","997","0.997","1"
"29","self-matching","3","Matching","octagon","you","Self","Self","lbl_you","label_you","Self","Self","x","684","0.684","1"
"29","self-matching","3","Matching","diamond","friend","Friend","Close","lbl_friend","label_friend","Friend","Close","x","1382","1.382","1"
"29","self-matching","3","Matching","rhomboid","neutral","NonPerson","NonPerson","lbl_neutral","label_neutral","Neutral","NonPerson","x","980","0.98","1"
"29","self-matching","3","Matching","octagon","you","Self","Self","lbl_you","label_you","Self","Self","x","746","0.746","1"
"29","self-matching","3","Matching","triangle","happy","NonPerson","NonPerson","lbl_happy","label_happy","Happy","NonPerson","x","1315","1.315","1"
"31","self-matching","1","Nonmatching","diamond","friend","Friend","Close","lbl_you","label_you","Self","Self","c","708","0.708","0"
"31","self-matching","1","Matching","diamond","friend","Friend","Close","lbl_friend","label_friend","Friend","Close","c","734","0.734","1"
"31","self-matching","1","Nonmatching","triangle","neutral","NonPerson","NonPerson","lbl_happy","label_happy","Happy","NonPerson","x","799","0.799","1"
"31","self-matching","1","Matching","octagon","happy","NonPerson","NonPerson","lbl_happy","label_happy","Happy","NonPerson","c","582","0.582","1"
"31","self-matching","1","Matching","triangle","neutral","NonPerson","NonPerson","lbl_neutral","label_neutral","Neutral","NonPerson","x","680","0.68","0"
"31","self-matching","1","Matching","octagon","happy","NonPerson","NonPerson","lbl_happy","label_happy","Happy","NonPerson","c","565","0.565","1"
"31","self-matching","1","Matching","rhomboid","you","Self","Self","lbl_you","label_you","Self","Self","c","660","0.66","1"
"31","self-matching","1","Nonmatching","rhomboid","you","Self","Self","lbl_friend","label_friend","Friend","Close","x","615","0.615","1"
"31","self-matching","1","Nonmatching","rhomboid","you","Self","Self","lbl_friend","label_friend","Friend","Close","c","1075","1.075","0"
"31","self-matching","1","Matching","diamond","friend","Friend","Close","lbl_friend","label_friend","Friend","Close","c","705","0.705","1"
"31","self-matching","1","Matching","triangle","neutral","NonPerson","NonPerson","lbl_neutral","label_neutral","Neutral","NonPerson","x","776","0.776","0"
"31","self-matching","1","Nonmatching","octagon","happy","NonPerson","NonPerson","lbl_neutral","label_neutral","Neutral","NonPerson","x","794","0.794","1"
"31","self-matching","1","Nonmatching","diamond","friend","Friend","Close","lbl_you","label_you","Self","Self","c","624","0.624","0"
"31","self-matching","1","Nonmatching","octagon","happy","NonPerson","NonPerson","lbl_neutral","label_neutral","Neutral","NonPerson","x","675","0.675","1"
"31","self-matching","1","Nonmatching","triangle","neutral","NonPerson","NonPerson","lbl_happy","label_happy","Happy","NonPerson","x","885","0.885","1"
"31","self-matching","1","Matching","rhomboid","you","Self","Self","lbl_you","label_you","Self","Self","c","773","0.773","1"
"31","self-matching","2","Nonmatching","diamond","friend","Friend","Close","lbl_you","label_you","Self","Self","x","809","0.809","1"
"31","self-matching","2","Matching","diamond","friend","Friend","Close","lbl_friend","label_friend","Friend","Close","x","802","0.802","0"
"31","self-matching","2","Matching","triangle","neutral","NonPerson","NonPerson","lbl_neutral","label_neutral","Neutral","NonPerson","x","686","0.686","0"
"31","self-matching","2","Nonmatching","octagon","happy","NonPerson","NonPerson","lbl_neutral","label_neutral","Neutral","NonPerson","x","677","0.677","1"
"31","self-matching","2","Matching","rhomboid","you","Self","Self","lbl_you","label_you","Self","Self","c","581","0.581","1"
"31","self-matching","2","Matching","rhomboid","you","Self","Self","lbl_you","label_you","Self","Self","c","857","0.857","1"
"31","self-matching","2","Matching","triangle","neutral","NonPerson","NonPerson","lbl_neutral","label_neutral","Neutral","NonPerson","x","748","0.748","0"
"31","self-matching","2","Nonmatching","diamond","friend","Friend","Close","lbl_you","label_you","Self","Self","c","672","0.672","0"
"31","self-matching","2","Matching","octagon","happy","NonPerson","NonPerson","lbl_happy","label_happy","Happy","NonPerson","c","557","0.557","1"
"31","self-matching","2","Nonmatching","rhomboid","you","Self","Self","lbl_friend","label_friend","Friend","Close","x","703","0.703","1"
"31","self-matching","2","Matching","diamond","friend","Friend","Close","lbl_friend","label_friend","Friend","Close","x","730","0.73","0"
"31","self-matching","2","Nonmatching","triangle","neutral","NonPerson","NonPerson","lbl_happy","label_happy","Happy","NonPerson","c","434","0.434","0"
"31","self-matching","2","Nonmatching","octagon","happy","NonPerson","NonPerson","lbl_neutral","label_neutral","Neutral","NonPerson","x","722","0.722","1"
"31","self-matching","2","Nonmatching","triangle","neutral","NonPerson","NonPerson","lbl_happy","label_happy","Happy","NonPerson","c","575","0.575","0"
"31","self-matching","2","Nonmatching","rhomboid","you","Self","Self","lbl_friend","label_friend","Friend","Close","x","749","0.749","1"
"31","self-matching","2","Matching","octagon","happy","NonPerson","NonPerson","lbl_happy","label_happy","Happy","NonPerson","c","604","0.604","1"
"31","self-matching","3","Matching","triangle","neutral","NonPerson","NonPerson","lbl_neutral","label_neutral","Neutral","NonPerson","x","696","0.696","0"
"31","self-matching","3","Matching","triangle","neutral","NonPerson","NonPerson","lbl_neutral","label_neutral","Neutral","NonPerson","c","718","0.718","1"
"31","self-matching","3","Matching","diamond","friend","Friend","Close","lbl_friend","label_friend","Friend","Close","c","805","0.805","1"
"31","self-matching","3","Nonmatching","diamond","friend","Friend","Close","lbl_you","label_you","Self","Self","x","646","0.646","1"
"31","self-matching","3","Matching","octagon","happy","NonPerson","NonPerson","lbl_happy","label_happy","Happy","NonPerson","c","530","0.53","1"
"31","self-matching","3","Matching","octagon","happy","NonPerson","NonPerson","lbl_happy","label_happy","Happy","NonPerson","c","431","0.431","1"
"31","self-matching","3","Matching","diamond","friend","Friend","Close","lbl_friend","label_friend","Friend","Close","c","733","0.733","1"
"31","self-matching","3","Nonmatching","rhomboid","you","Self","Self","lbl_friend","label_friend","Friend","Close","x","807","0.807","1"
"31","self-matching","3","Nonmatching","triangle","neutral","NonPerson","NonPerson","lbl_happy","label_happy","Happy","NonPerson","c","506","0.506","0"
"31","self-matching","3","Nonmatching","octagon","happy","NonPerson","NonPerson","lbl_neutral","label_neutral","Neutral","NonPerson","x","725","0.725","1"
"31","self-matching","3","Nonmatching","diamond","friend","Friend","Close","lbl_you","label_you","Self","Self","c","869","0.869","0"
"31","self-matching","3","Matching","rhomboid","you","Self","Self","lbl_you","label_you","Self","Self","c","544","0.544","1"
"31","self-matching","3","Nonmatching","octagon","happy","NonPerson","NonPerson","lbl_neutral","label_neutral","Neutral","NonPerson","x","755","0.755","1"
"31","self-matching","3","Nonmatching","triangle","neutral","NonPerson","NonPerson","lbl_happy","label_happy","Happy","NonPerson","x","763","0.763","1"
"31","self-matching","3","Matching","rhomboid","you","Self","Self","lbl_you","label_you","Self","Self","x","1162","1.162","0"
"31","self-matching","3","Nonmatching","rhomboid","you","Self","Self","lbl_friend","label_friend","Friend","Close","x","861","0.861","1"
"31","self-matching","1","Nonmatching","pentagon","happy","NonPerson","NonPerson","lbl_neutral","label_neutral","Neutral","NonPerson","n","656","0.656","1"
"31","self-matching","1","Nonmatching","trapeze","neutral","NonPerson","NonPerson","lbl_happy","label_happy","Happy","NonPerson","m","449","0.449","0"
"31","self-matching","1","Matching","square","you","Self","Self","lbl_you","label_you","Self","Self","m","598","0.598","1"
"31","self-matching","1","Matching","kite","friend","Friend","Close","lbl_friend","label_friend","Friend","Close","m","574","0.574","1"
"31","self-matching","1","Matching","trapeze","neutral","NonPerson","NonPerson","lbl_neutral","label_neutral","Neutral","NonPerson","n","579","0.579","0"
"31","self-matching","1","Nonmatching","trapeze","neutral","NonPerson","NonPerson","lbl_happy","label_happy","Happy","NonPerson","n","608","0.608","1"
"31","self-matching","1","Nonmatching","pentagon","happy","NonPerson","NonPerson","lbl_neutral","label_neutral","Neutral","NonPerson","n","534","0.534","1"
"31","self-matching","1","Matching","square","you","Self","Self","lbl_you","label_you","Self","Self","m","560","0.56","1"
"31","self-matching","1","Matching","pentagon","happy","NonPerson","NonPerson","lbl_happy","label_happy","Happy","NonPerson","m","696","0.696","1"
"31","self-matching","1","Nonmatching","kite","friend","Friend","Close","lbl_you","label_you","Self","Self","n","676","0.676","1"
"31","self-matching","1","Matching","kite","friend","Friend","Close","lbl_friend","label_friend","Friend","Close","m","627","0.627","1"
"31","self-matching","1","Matching","trapeze","neutral","NonPerson","NonPerson","lbl_neutral","label_neutral","Neutral","NonPerson","n","707","0.707","0"
"31","self-matching","1","Nonmatching","square","you","Self","Self","lbl_friend","label_friend","Friend","Close","n","830","0.83","1"
"31","self-matching","1","Matching","pentagon","happy","NonPerson","NonPerson","lbl_happy","label_happy","Happy","NonPerson","m","561","0.561","1"
"31","self-matching","1","Nonmatching","kite","friend","Friend","Close","lbl_you","label_you","Self","Self","n","777","0.777","1"
"31","self-matching","1","Nonmatching","square","you","Self","Self","lbl_friend","label_friend","Friend","Close","m","545","0.545","0"
"31","self-matching","2","Matching","pentagon","happy","NonPerson","NonPerson","lbl_happy","label_happy","Happy","NonPerson","m","457","0.457","1"
"31","self-matching","2","Nonmatching","square","you","Self","Self","lbl_friend","label_friend","Friend","Close","n","562","0.562","1"
"31","self-matching","2","Matching","trapeze","neutral","NonPerson","NonPerson","lbl_neutral","label_neutral","Neutral","NonPerson","m","594","0.594","1"
"31","self-matching","2","Nonmatching","square","you","Self","Self","lbl_friend","label_friend","Friend","Close","n","735","0.735","1"
"31","self-matching","2","Matching","pentagon","happy","NonPerson","NonPerson","lbl_happy","label_happy","Happy","NonPerson","m","600","0.6","1"
"31","self-matching","2","Matching","kite","friend","Friend","Close","lbl_friend","label_friend","Friend","Close","n","652","0.652","0"
"31","self-matching","2","Matching","square","you","Self","Self","lbl_you","label_you","Self","Self","m","604","0.604","1"
"31","self-matching","2","Nonmatching","trapeze","neutral","NonPerson","NonPerson","lbl_happy","label_happy","Happy","NonPerson","m","574","0.574","0"
"31","self-matching","2","Matching","square","you","Self","Self","lbl_you","label_you","Self","Self","m","646","0.646","1"
"31","self-matching","2","Nonmatching","kite","friend","Friend","Close","lbl_you","label_you","Self","Self","n","744","0.744","1"
"31","self-matching","2","Nonmatching","pentagon","happy","NonPerson","NonPerson","lbl_neutral","label_neutral","Neutral","NonPerson","n","696","0.696","1"
"31","self-matching","2","Nonmatching","pentagon","happy","NonPerson","NonPerson","lbl_neutral","label_neutral","Neutral","NonPerson","n","610","0.61","1"
"31","self-matching","2","Matching","trapeze","neutral","NonPerson","NonPerson","lbl_neutral","label_neutral","Neutral","NonPerson","m","635","0.635","1"
"31","self-matching","2","Nonmatching","kite","friend","Friend","Close","lbl_you","label_you","Self","Self","n","859","0.859","1"
"31","self-matching","2","Nonmatching","trapeze","neutral","NonPerson","NonPerson","lbl_happy","label_happy","Happy","NonPerson","n","749","0.749","1"
"31","self-matching","2","Matching","kite","friend","Friend","Close","lbl_friend","label_friend","Friend","Close","m","658","0.658","1"
"31","self-matching","3","Nonmatching","trapeze","neutral","NonPerson","NonPerson","lbl_happy","label_happy","Happy","NonPerson","n","835","0.835","1"
"31","self-matching","3","Nonmatching","kite","friend","Friend","Close","lbl_you","label_you","Self","Self","m","871","0.871","0"
"31","self-matching","3","Nonmatching","pentagon","happy","NonPerson","NonPerson","lbl_neutral","label_neutral","Neutral","NonPerson","n","827","0.827","1"
"31","self-matching","3","Nonmatching","square","you","Self","Self","lbl_friend","label_friend","Friend","Close","n","721","0.721","1"
"31","self-matching","3","Matching","pentagon","happy","NonPerson","NonPerson","lbl_happy","label_happy","Happy","NonPerson","m","550","0.55","1"
"31","self-matching","3","Nonmatching","kite","friend","Friend","Close","lbl_you","label_you","Self","Self","n","722","0.722","1"
"31","self-matching","3","Matching","square","you","Self","Self","lbl_you","label_you","Self","Self","m","546","0.546","1"
"31","self-matching","3","Nonmatching","square","you","Self","Self","lbl_friend","label_friend","Friend","Close","n","578","0.578","1"
"31","self-matching","3","Matching","trapeze","neutral","NonPerson","NonPerson","lbl_neutral","label_neutral","Neutral","NonPerson","n","668","0.668","0"
"31","self-matching","3","Nonmatching","trapeze","neutral","NonPerson","NonPerson","lbl_happy","label_happy","Happy","NonPerson","n","851","0.851","1"
"31","self-matching","3","Nonmatching","pentagon","happy","NonPerson","NonPerson","lbl_neutral","label_neutral","Neutral","NonPerson","n","667","0.667","1"
"31","self-matching","3","Matching","pentagon","happy","NonPerson","NonPerson","lbl_happy","label_happy","Happy","NonPerson","m","564","0.564","1"
"31","self-matching","3","Matching","kite","friend","Friend","Close","lbl_friend","label_friend","Friend","Close","n","626","0.626","0"
"31","self-matching","3","Matching","kite","friend","Friend","Close","lbl_friend","label_friend","Friend","Close","m","624","0.624","1"
"31","self-matching","3","Matching","trapeze","neutral","NonPerson","NonPerson","lbl_neutral","label_neutral","Neutral","NonPerson","m","845","0.845","1"
"31","self-matching","3","Matching","square","you","Self","Self","lbl_you","label_you","Self","Self","m","604","0.604","1"
"32","self-matching","1","Nonmatching","square","happy","NonPerson","NonPerson","lbl_neutral","label_neutral","Neutral","NonPerson","m","1347","1.347","1"
"32","self-matching","1","Nonmatching","trapeze","friend","Friend","Close","lbl_you","label_you","Self","Self","m","1249","1.249","1"
"32","self-matching","1","Matching","pentagon","you","Self","Self","lbl_you","label_you","Self","Self","n","971","0.971","1"
"32","self-matching","1","Matching","kite","neutral","NonPerson","NonPerson","lbl_neutral","label_neutral","Neutral","NonPerson","n","1293","1.293","1"
"32","self-matching","1","Nonmatching","kite","neutral","NonPerson","NonPerson","lbl_happy","label_happy","Happy","NonPerson","m","1286","1.286","1"
"32","self-matching","1","Matching","trapeze","friend","Friend","Close","lbl_friend","label_friend","Friend","Close","n","1405","1.405","1"
"32","self-matching","1","Matching","square","happy","NonPerson","NonPerson","lbl_happy","label_happy","Happy","NonPerson","m","1306","1.306","0"
"32","self-matching","1","Matching","trapeze","friend","Friend","Close","lbl_friend","label_friend","Friend","Close","n","1557","1.557","1"
"32","self-matching","1","Matching","kite","neutral","NonPerson","NonPerson","lbl_neutral","label_neutral","Neutral","NonPerson","timeout","1650","1.65","0"
"32","self-matching","1","Nonmatching","square","happy","NonPerson","NonPerson","lbl_neutral","label_neutral","Neutral","NonPerson","n","1133","1.133","0"
"32","self-matching","1","Matching","square","happy","NonPerson","NonPerson","lbl_happy","label_happy","Happy","NonPerson","n","1315","1.315","1"
"32","self-matching","1","Nonmatching","trapeze","friend","Friend","Close","lbl_you","label_you","Self","Self","m","1463","1.463","1"
"32","self-matching","1","Nonmatching","kite","neutral","NonPerson","NonPerson","lbl_happy","label_happy","Happy","NonPerson","m","1472","1.472","1"
"32","self-matching","1","Matching","pentagon","you","Self","Self","lbl_you","label_you","Self","Self","n","1302","1.302","1"
"32","self-matching","1","Nonmatching","pentagon","you","Self","Self","lbl_friend","label_friend","Friend","Close","m","1088","1.088","1"
"32","self-matching","1","Nonmatching","pentagon","you","Self","Self","lbl_friend","label_friend","Friend","Close","m","919","0.919","1"
"32","self-matching","2","Nonmatching","trapeze","friend","Friend","Close","lbl_you","label_you","Self","Self","m","1078","1.078","1"
"32","self-matching","2","Nonmatching","pentagon","you","Self","Self","lbl_friend","label_friend","Friend","Close","m","1553","1.553","1"
"32","self-matching","2","Matching","square","happy","NonPerson","NonPerson","lbl_happy","label_happy","Happy","NonPerson","n","1020","1.02","1"
"32","self-matching","2","Matching","kite","neutral","NonPerson","NonPerson","lbl_neutral","label_neutral","Neutral","NonPerson","m","1380","1.38","0"
"32","self-matching","2","Matching","trapeze","friend","Friend","Close","lbl_friend","label_friend","Friend","Close","timeout","1650","1.65","0"
"32","self-matching","2","Nonmatching","kite","neutral","NonPerson","NonPerson","lbl_happy","label_happy","Happy","NonPerson","timeout","1650","1.65","0"
"32","self-matching","2","Nonmatching","square","happy","NonPerson","NonPerson","lbl_neutral","label_neutral","Neutral","NonPerson","n","1209","1.209","0"
"32","self-matching","2","Matching","pentagon","you","Self","Self","lbl_you","label_you","Self","Self","timeout","1648","1.648","0"
"32","self-matching","2","Nonmatching","kite","neutral","NonPerson","NonPerson","lbl_happy","label_happy","Happy","NonPerson","m","945","0.945","1"
"32","self-matching","2","Matching","trapeze","friend","Friend","Close","lbl_friend","label_friend","Friend","Close","n","954","0.954","1"
"32","self-matching","2","Matching","square","happy","NonPerson","NonPerson","lbl_happy","label_happy","Happy","NonPerson","n","1024","1.024","1"
"32","self-matching","2","Matching","pentagon","you","Self","Self","lbl_you","label_you","Self","Self","n","904","0.904","1"
"32","self-matching","2","Matching","kite","neutral","NonPerson","NonPerson","lbl_neutral","label_neutral","Neutral","NonPerson","m","1040","1.04","0"
"32","self-matching","2","Nonmatching","square","happy","NonPerson","NonPerson","lbl_neutral","label_neutral","Neutral","NonPerson","m","1241","1.241","1"
"32","self-matching","2","Nonmatching","pentagon","you","Self","Self","lbl_friend","label_friend","Friend","Close","m","972","0.972","1"
"32","self-matching","2","Nonmatching","trapeze","friend","Friend","Close","lbl_you","label_you","Self","Self","m","924","0.924","1"
"32","self-matching","3","Matching","trapeze","friend","Friend","Close","lbl_friend","label_friend","Friend","Close","n","1096","1.096","1"
"32","self-matching","3","Matching","kite","neutral","NonPerson","NonPerson","lbl_neutral","label_neutral","Neutral","NonPerson","m","1347","1.347","0"
"32","self-matching","3","Nonmatching","pentagon","you","Self","Self","lbl_friend","label_friend","Friend","Close","m","1047","1.047","1"
"32","self-matching","3","Matching","pentagon","you","Self","Self","lbl_you","label_you","Self","Self","n","1093","1.093","1"
"32","self-matching","3","Matching","pentagon","you","Self","Self","lbl_you","label_you","Self","Self","n","695","0.695","1"
"32","self-matching","3","Matching","square","happy","NonPerson","NonPerson","lbl_happy","label_happy","Happy","NonPerson","n","1149","1.149","1"
"32","self-matching","3","Matching","trapeze","friend","Friend","Close","lbl_friend","label_friend","Friend","Close","n","1276","1.276","1"
"32","self-matching","3","Nonmatching","kite","neutral","NonPerson","NonPerson","lbl_happy","label_happy","Happy","NonPerson","m","1283","1.283","1"
"32","self-matching","3","Nonmatching","trapeze","friend","Friend","Close","lbl_you","label_you","Self","Self","m","1105","1.105","1"
"32","self-matching","3","Nonmatching","pentagon","you","Self","Self","lbl_friend","label_friend","Friend","Close","m","991","0.991","1"
"32","self-matching","3","Nonmatching","square","happy","NonPerson","NonPerson","lbl_neutral","label_neutral","Neutral","NonPerson","n","1493","1.493","0"
"32","self-matching","3","Matching","kite","neutral","NonPerson","NonPerson","lbl_neutral","label_neutral","Neutral","NonPerson","m","1546","1.546","0"
"32","self-matching","3","Nonmatching","kite","neutral","NonPerson","NonPerson","lbl_happy","label_happy","Happy","NonPerson","m","1569","1.569","1"
"32","self-matching","3","Nonmatching","trapeze","friend","Friend","Close","lbl_you","label_you","Self","Self","m","888","0.888","1"
"32","self-matching","3","Matching","square","happy","NonPerson","NonPerson","lbl_happy","label_happy","Happy","NonPerson","n","1300","1.3","1"
"32","self-matching","3","Nonmatching","square","happy","NonPerson","NonPerson","lbl_neutral","label_neutral","Neutral","NonPerson","m","1036","1.036","1"
"32","self-matching","1","Matching","octagon","you","Self","Self","lbl_you","label_you","Self","Self","x","746","0.746","1"
"32","self-matching","1","Matching","triangle","friend","Friend","Close","lbl_friend","label_friend","Friend","Close","x","747","0.747","1"
"32","self-matching","1","Nonmatching","diamond","neutral","NonPerson","NonPerson","lbl_happy","label_happy","Happy","NonPerson","x","1268","1.268","0"
"32","self-matching","1","Nonmatching","triangle","friend","Friend","Close","lbl_you","label_you","Self","Self","c","983","0.983","1"
"32","self-matching","1","Nonmatching","triangle","friend","Friend","Close","lbl_you","label_you","Self","Self","c","762","0.762","1"
"32","self-matching","1","Matching","rhomboid","happy","NonPerson","NonPerson","lbl_happy","label_happy","Happy","NonPerson","x","1307","1.307","1"
"32","self-matching","1","Matching","octagon","you","Self","Self","lbl_you","label_you","Self","Self","x","663","0.663","1"
"32","self-matching","1","Nonmatching","diamond","neutral","NonPerson","NonPerson","lbl_happy","label_happy","Happy","NonPerson","c","1163","1.163","1"
"32","self-matching","1","Nonmatching","rhomboid","happy","NonPerson","NonPerson","lbl_neutral","label_neutral","Neutral","NonPerson","c","984","0.984","1"
"32","self-matching","1","Nonmatching","rhomboid","happy","NonPerson","NonPerson","lbl_neutral","label_neutral","Neutral","NonPerson","c","761","0.761","1"
"32","self-matching","1","Nonmatching","octagon","you","Self","Self","lbl_friend","label_friend","Friend","Close","c","973","0.973","1"
"32","self-matching","1","Matching","diamond","neutral","NonPerson","NonPerson","lbl_neutral","label_neutral","Neutral","NonPerson","x","1507","1.507","1"
"32","self-matching","1","Matching","triangle","friend","Friend","Close","lbl_friend","label_friend","Friend","Close","x","906","0.906","1"
"32","self-matching","1","Matching","diamond","neutral","NonPerson","NonPerson","lbl_neutral","label_neutral","Neutral","NonPerson","c","1613","1.613","0"
"32","self-matching","1","Nonmatching","octagon","you","Self","Self","lbl_friend","label_friend","Friend","Close","c","806","0.806","1"
"32","self-matching","1","Matching","rhomboid","happy","NonPerson","NonPerson","lbl_happy","label_happy","Happy","NonPerson","c","939","0.939","0"
"32","self-matching","2","Nonmatching","octagon","you","Self","Self","lbl_friend","label_friend","Friend","Close","c","805","0.805","1"
"32","self-matching","2","Matching","diamond","neutral","NonPerson","NonPerson","lbl_neutral","label_neutral","Neutral","NonPerson","x","1407","1.407","1"
"32","self-matching","2","Nonmatching","triangle","friend","Friend","Close","lbl_you","label_you","Self","Self","c","843","0.843","1"
"32","self-matching","2","Matching","rhomboid","happy","NonPerson","NonPerson","lbl_happy","label_happy","Happy","NonPerson","x","1184","1.184","1"
"32","self-matching","2","Nonmatching","rhomboid","happy","NonPerson","NonPerson","lbl_neutral","label_neutral","Neutral","NonPerson","c","877","0.877","1"
"32","self-matching","2","Matching","rhomboid","happy","NonPerson","NonPerson","lbl_happy","label_happy","Happy","NonPerson","x","974","0.974","1"
"32","self-matching","2","Nonmatching","rhomboid","happy","NonPerson","NonPerson","lbl_neutral","label_neutral","Neutral","NonPerson","c","778","0.778","1"
"32","self-matching","2","Nonmatching","triangle","friend","Friend","Close","lbl_you","label_you","Self","Self","c","855","0.855","1"
"32","self-matching","2","Matching","octagon","you","Self","Self","lbl_you","label_you","Self","Self","x","845","0.845","1"
"32","self-matching","2","Matching","triangle","friend","Friend","Close","lbl_friend","label_friend","Friend","Close","x","736","0.736","1"
"32","self-matching","2","Nonmatching","diamond","neutral","NonPerson","NonPerson","lbl_happy","label_happy","Happy","NonPerson","c","1465","1.465","1"
"32","self-matching","2","Matching","octagon","you","Self","Self","lbl_you","label_you","Self","Self","x","683","0.683","1"
"32","self-matching","2","Nonmatching","diamond","neutral","NonPerson","NonPerson","lbl_happy","label_happy","Happy","NonPerson","c","1300","1.3","1"
"32","self-matching","2","Nonmatching","octagon","you","Self","Self","lbl_friend","label_friend","Friend","Close","c","863","0.863","1"
"32","self-matching","2","Matching","triangle","friend","Friend","Close","lbl_friend","label_friend","Friend","Close","c","723","0.723","0"
"32","self-matching","2","Matching","diamond","neutral","NonPerson","NonPerson","lbl_neutral","label_neutral","Neutral","NonPerson","x","1458","1.458","1"
"32","self-matching","3","Nonmatching","diamond","neutral","NonPerson","NonPerson","lbl_happy","label_happy","Happy","NonPerson","x","1342","1.342","0"
"32","self-matching","3","Matching","triangle","friend","Friend","Close","lbl_friend","label_friend","Friend","Close","x","992","0.992","1"
"32","self-matching","3","Matching","octagon","you","Self","Self","lbl_you","label_you","Self","Self","x","623","0.623","1"
"32","self-matching","3","Matching","diamond","neutral","NonPerson","NonPerson","lbl_neutral","label_neutral","Neutral","NonPerson","x","1452","1.452","1"
"32","self-matching","3","Nonmatching","rhomboid","happy","NonPerson","NonPerson","lbl_neutral","label_neutral","Neutral","NonPerson","c","1007","1.007","1"
"32","self-matching","3","Matching","diamond","neutral","NonPerson","NonPerson","lbl_neutral","label_neutral","Neutral","NonPerson","x","1409","1.409","1"
"32","self-matching","3","Nonmatching","octagon","you","Self","Self","lbl_friend","label_friend","Friend","Close","c","774","0.774","1"
"32","self-matching","3","Nonmatching","diamond","neutral","NonPerson","NonPerson","lbl_happy","label_happy","Happy","NonPerson","c","1468","1.468","1"
"32","self-matching","3","Nonmatching","rhomboid","happy","NonPerson","NonPerson","lbl_neutral","label_neutral","Neutral","NonPerson","c","1162","1.162","1"
"32","self-matching","3","Matching","triangle","friend","Friend","Close","lbl_friend","label_friend","Friend","Close","x","920","0.92","1"
"32","self-matching","3","Nonmatching","triangle","friend","Friend","Close","lbl_you","label_you","Self","Self","c","704","0.704","1"
"32","self-matching","3","Nonmatching","octagon","you","Self","Self","lbl_friend","label_friend","Friend","Close","c","910","0.91","1"
"32","self-matching","3","Matching","rhomboid","happy","NonPerson","NonPerson","lbl_happy","label_happy","Happy","NonPerson","x","1589","1.589","1"
"32","self-matching","3","Nonmatching","triangle","friend","Friend","Close","lbl_you","label_you","Self","Self","c","859","0.859","1"
"32","self-matching","3","Matching","octagon","you","Self","Self","lbl_you","label_you","Self","Self","x","728","0.728","1"
"32","self-matching","3","Matching","rhomboid","happy","NonPerson","NonPerson","lbl_happy","label_happy","Happy","NonPerson","x","1054","1.054","1"
"33","self-matching","1","Nonmatching","trapeze","you","Self","Self","lbl_friend","label_friend","Friend","Close","n","1389","1.389","1"
"33","self-matching","1","Matching","kite","friend","Friend","Close","lbl_friend","label_friend","Friend","Close","m","1101","1.101","1"
"33","self-matching","1","Matching","square","neutral","NonPerson","NonPerson","lbl_neutral","label_neutral","Neutral","NonPerson","m","1253","1.253","1"
"33","self-matching","1","Matching","pentagon","happy","NonPerson","NonPerson","lbl_happy","label_happy","Happy","NonPerson","m","1048","1.048","1"
"33","self-matching","1","Nonmatching","square","neutral","NonPerson","NonPerson","lbl_happy","label_happy","Happy","NonPerson","m","817","0.817","0"
"33","self-matching","1","Nonmatching","trapeze","you","Self","Self","lbl_friend","label_friend","Friend","Close","n","1340","1.34","1"
"33","self-matching","1","Nonmatching","kite","friend","Friend","Close","lbl_you","label_you","Self","Self","n","1178","1.178","1"
"33","self-matching","1","Nonmatching","pentagon","happy","NonPerson","NonPerson","lbl_neutral","label_neutral","Neutral","NonPerson","n","1564","1.564","1"
"33","self-matching","1","Nonmatching","kite","friend","Friend","Close","lbl_you","label_you","Self","Self","n","1349","1.349","1"
"33","self-matching","1","Matching","trapeze","you","Self","Self","lbl_you","label_you","Self","Self","m","895","0.895","1"
"33","self-matching","1","Matching","kite","friend","Friend","Close","lbl_friend","label_friend","Friend","Close","m","1247","1.247","1"
"33","self-matching","1","Matching","square","neutral","NonPerson","NonPerson","lbl_neutral","label_neutral","Neutral","NonPerson","m","1108","1.108","1"
"33","self-matching","1","Matching","pentagon","happy","NonPerson","NonPerson","lbl_happy","label_happy","Happy","NonPerson","m","1149","1.149","1"
"33","self-matching","1","Matching","trapeze","you","Self","Self","lbl_you","label_you","Self","Self","m","1032","1.032","1"
"33","self-matching","1","Nonmatching","pentagon","happy","NonPerson","NonPerson","lbl_neutral","label_neutral","Neutral","NonPerson","n","1449","1.449","1"
"33","self-matching","1","Nonmatching","square","neutral","NonPerson","NonPerson","lbl_happy","label_happy","Happy","NonPerson","n","1113","1.113","1"
"33","self-matching","2","Matching","pentagon","happy","NonPerson","NonPerson","lbl_happy","label_happy","Happy","NonPerson","m","907","0.907","1"
"33","self-matching","2","Matching","trapeze","you","Self","Self","lbl_you","label_you","Self","Self","m","862","0.862","1"
"33","self-matching","2","Nonmatching","kite","friend","Friend","Close","lbl_you","label_you","Self","Self","n","815","0.815","1"
"33","self-matching","2","Nonmatching","pentagon","happy","NonPerson","NonPerson","lbl_neutral","label_neutral","Neutral","NonPerson","n","1239","1.239","1"
"33","self-matching","2","Matching","kite","friend","Friend","Close","lbl_friend","label_friend","Friend","Close","m","903","0.903","1"
"33","self-matching","2","Nonmatching","square","neutral","NonPerson","NonPerson","lbl_happy","label_happy","Happy","NonPerson","n","1091","1.091","1"
"33","self-matching","2","Matching","pentagon","happy","NonPerson","NonPerson","lbl_happy","label_happy","Happy","NonPerson","m","1135","1.135","1"
"33","self-matching","2","Matching","trapeze","you","Self","Self","lbl_you","label_you","Self","Self","m","827","0.827","1"
"33","self-matching","2","Nonmatching","kite","friend","Friend","Close","lbl_you","label_you","Self","Self","n","1159","1.159","1"
"33","self-matching","2","Matching","square","neutral","NonPerson","NonPerson","lbl_neutral","label_neutral","Neutral","NonPerson","m","1059","1.059","1"
"33","self-matching","2","Nonmatching","square","neutral","NonPerson","NonPerson","lbl_happy","label_happy","Happy","NonPerson","n","992","0.992","1"
"33","self-matching","2","Matching","square","neutral","NonPerson","NonPerson","lbl_neutral","label_neutral","Neutral","NonPerson","m","1112","1.112","1"
"33","self-matching","2","Matching","kite","friend","Friend","Close","lbl_friend","label_friend","Friend","Close","m","930","0.93","1"
"33","self-matching","2","Nonmatching","trapeze","you","Self","Self","lbl_friend","label_friend","Friend","Close","n","830","0.83","1"
"33","self-matching","2","Nonmatching","pentagon","happy","NonPerson","NonPerson","lbl_neutral","label_neutral","Neutral","NonPerson","n","1036","1.036","1"
"33","self-matching","2","Nonmatching","trapeze","you","Self","Self","lbl_friend","label_friend","Friend","Close","n","998","0.998","1"
"33","self-matching","3","Matching","pentagon","happy","NonPerson","NonPerson","lbl_happy","label_happy","Happy","NonPerson","m","865","0.865","1"
"33","self-matching","3","Nonmatching","trapeze","you","Self","Self","lbl_friend","label_friend","Friend","Close","n","1314","1.314","1"
"33","self-matching","3","Matching","kite","friend","Friend","Close","lbl_friend","label_friend","Friend","Close","m","880","0.88","1"
"33","self-matching","3","Matching","trapeze","you","Self","Self","lbl_you","label_you","Self","Self","m","755","0.755","1"
"33","self-matching","3","Nonmatching","square","neutral","NonPerson","NonPerson","lbl_happy","label_happy","Happy","NonPerson","n","1453","1.453","1"
"33","self-matching","3","Matching","trapeze","you","Self","Self","lbl_you","label_you","Self","Self","m","752","0.752","1"
"33","self-matching","3","Matching","kite","friend","Friend","Close","lbl_friend","label_friend","Friend","Close","m","849","0.849","1"
"33","self-matching","3","Nonmatching","kite","friend","Friend","Close","lbl_you","label_you","Self","Self","n","802","0.802","1"
"33","self-matching","3","Nonmatching","trapeze","you","Self","Self","lbl_friend","label_friend","Friend","Close","n","900","0.9","1"
"33","self-matching","3","Nonmatching","kite","friend","Friend","Close","lbl_you","label_you","Self","Self","n","886","0.886","1"
"33","self-matching","3","Nonmatching","square","neutral","NonPerson","NonPerson","lbl_happy","label_happy","Happy","NonPerson","n","979","0.979","1"
"33","self-matching","3","Matching","pentagon","happy","NonPerson","NonPerson","lbl_happy","label_happy","Happy","NonPerson","m","765","0.765","1"
"33","self-matching","3","Nonmatching","pentagon","happy","NonPerson","NonPerson","lbl_neutral","label_neutral","Neutral","NonPerson","n","867","0.867","1"
"33","self-matching","3","Matching","square","neutral","NonPerson","NonPerson","lbl_neutral","label_neutral","Neutral","NonPerson","m","897","0.897","1"
"33","self-matching","3","Nonmatching","pentagon","happy","NonPerson","NonPerson","lbl_neutral","label_neutral","Neutral","NonPerson","n","994","0.994","1"
"33","self-matching","3","Matching","square","neutral","NonPerson","NonPerson","lbl_neutral","label_neutral","Neutral","NonPerson","m","1111","1.111","1"
"33","self-matching","1","Matching","diamond","friend","Friend","Close","lbl_friend","label_friend","Friend","Close","x","851","0.851","0"
"33","self-matching","1","Nonmatching","triangle","you","Self","Self","lbl_friend","label_friend","Friend","Close","x","833","0.833","1"
"33","self-matching","1","Nonmatching","octagon","happy","NonPerson","NonPerson","lbl_neutral","label_neutral","Neutral","NonPerson","x","803","0.803","1"
"33","self-matching","1","Nonmatching","triangle","you","Self","Self","lbl_friend","label_friend","Friend","Close","c","1048","1.048","0"
"33","self-matching","1","Matching","triangle","you","Self","Self","lbl_you","label_you","Self","Self","c","885","0.885","1"
"33","self-matching","1","Matching","diamond","friend","Friend","Close","lbl_friend","label_friend","Friend","Close","x","867","0.867","0"
"33","self-matching","1","Matching","triangle","you","Self","Self","lbl_you","label_you","Self","Self","c","971","0.971","1"
"33","self-matching","1","Nonmatching","diamond","friend","Friend","Close","lbl_you","label_you","Self","Self","x","1040","1.04","1"
"33","self-matching","1","Nonmatching","rhomboid","neutral","NonPerson","NonPerson","lbl_happy","label_happy","Happy","NonPerson","x","887","0.887","1"
"33","self-matching","1","Matching","rhomboid","neutral","NonPerson","NonPerson","lbl_neutral","label_neutral","Neutral","NonPerson","c","790","0.79","1"
"33","self-matching","1","Nonmatching","octagon","happy","NonPerson","NonPerson","lbl_neutral","label_neutral","Neutral","NonPerson","x","803","0.803","1"
"33","self-matching","1","Nonmatching","diamond","friend","Friend","Close","lbl_you","label_you","Self","Self","x","1093","1.093","1"
"33","self-matching","1","Matching","rhomboid","neutral","NonPerson","NonPerson","lbl_neutral","label_neutral","Neutral","NonPerson","c","854","0.854","1"
"33","self-matching","1","Matching","octagon","happy","NonPerson","NonPerson","lbl_happy","label_happy","Happy","NonPerson","c","753","0.753","1"
"33","self-matching","1","Nonmatching","rhomboid","neutral","NonPerson","NonPerson","lbl_happy","label_happy","Happy","NonPerson","x","863","0.863","1"
"33","self-matching","1","Matching","octagon","happy","NonPerson","NonPerson","lbl_happy","label_happy","Happy","NonPerson","c","788","0.788","1"
"33","self-matching","2","Matching","octagon","happy","NonPerson","NonPerson","lbl_happy","label_happy","Happy","NonPerson","c","636","0.636","1"
"33","self-matching","2","Nonmatching","diamond","friend","Friend","Close","lbl_you","label_you","Self","Self","x","1018","1.018","1"
"33","self-matching","2","Matching","triangle","you","Self","Self","lbl_you","label_you","Self","Self","c","519","0.519","1"
"33","self-matching","2","Matching","diamond","friend","Friend","Close","lbl_friend","label_friend","Friend","Close","x","626","0.626","0"
"33","self-matching","2","Nonmatching","rhomboid","neutral","NonPerson","NonPerson","lbl_happy","label_happy","Happy","NonPerson","x","1105","1.105","1"
"33","self-matching","2","Matching","rhomboid","neutral","NonPerson","NonPerson","lbl_neutral","label_neutral","Neutral","NonPerson","c","1000","1","1"
"33","self-matching","2","Matching","triangle","you","Self","Self","lbl_you","label_you","Self","Self","c","751","0.751","1"
"33","self-matching","2","Nonmatching","octagon","happy","NonPerson","NonPerson","lbl_neutral","label_neutral","Neutral","NonPerson","x","770","0.77","1"
"33","self-matching","2","Nonmatching","triangle","you","Self","Self","lbl_friend","label_friend","Friend","Close","x","878","0.878","1"
"33","self-matching","2","Matching","rhomboid","neutral","NonPerson","NonPerson","lbl_neutral","label_neutral","Neutral","NonPerson","c","1095","1.095","1"
"33","self-matching","2","Matching","octagon","happy","NonPerson","NonPerson","lbl_happy","label_happy","Happy","NonPerson","c","673","0.673","1"
"33","self-matching","2","Nonmatching","triangle","you","Self","Self","lbl_friend","label_friend","Friend","Close","x","794","0.794","1"
"33","self-matching","2","Nonmatching","octagon","happy","NonPerson","NonPerson","lbl_neutral","label_neutral","Neutral","NonPerson","x","754","0.754","1"
"33","self-matching","2","Nonmatching","rhomboid","neutral","NonPerson","NonPerson","lbl_happy","label_happy","Happy","NonPerson","x","982","0.982","1"
"33","self-matching","2","Matching","diamond","friend","Friend","Close","lbl_friend","label_friend","Friend","Close","c","997","0.997","1"
"33","self-matching","2","Nonmatching","diamond","friend","Friend","Close","lbl_you","label_you","Self","Self","x","748","0.748","1"
"33","self-matching","3","Matching","rhomboid","neutral","NonPerson","NonPerson","lbl_neutral","label_neutral","Neutral","NonPerson","c","769","0.769","1"
"33","self-matching","3","Nonmatching","diamond","friend","Friend","Close","lbl_you","label_you","Self","Self","x","926","0.926","1"
"33","self-matching","3","Matching","octagon","happy","NonPerson","NonPerson","lbl_happy","label_happy","Happy","NonPerson","c","626","0.626","1"
"33","self-matching","3","Matching","diamond","friend","Friend","Close","lbl_friend","label_friend","Friend","Close","c","664","0.664","1"
"33","self-matching","3","Matching","diamond","friend","Friend","Close","lbl_friend","label_friend","Friend","Close","c","746","0.746","1"
"33","self-matching","3","Nonmatching","triangle","you","Self","Self","lbl_friend","label_friend","Friend","Close","x","787","0.787","1"
"33","self-matching","3","Matching","triangle","you","Self","Self","lbl_you","label_you","Self","Self","c","1056","1.056","1"
"33","self-matching","3","Nonmatching","octagon","happy","NonPerson","NonPerson","lbl_neutral","label_neutral","Neutral","NonPerson","x","792","0.792","1"
"33","self-matching","3","Nonmatching","diamond","friend","Friend","Close","lbl_you","label_you","Self","Self","x","903","0.903","1"
"33","self-matching","3","Matching","rhomboid","neutral","NonPerson","NonPerson","lbl_neutral","label_neutral","Neutral","NonPerson","c","907","0.907","1"
"33","self-matching","3","Nonmatching","octagon","happy","NonPerson","NonPerson","lbl_neutral","label_neutral","Neutral","NonPerson","x","689","0.689","1"
"33","self-matching","3","Matching","triangle","you","Self","Self","lbl_you","label_you","Self","Self","c","676","0.676","1"
"33","self-matching","3","Nonmatching","triangle","you","Self","Self","lbl_friend","label_friend","Friend","Close","c","621","0.621","0"
"33","self-matching","3","Nonmatching","rhomboid","neutral","NonPerson","NonPerson","lbl_happy","label_happy","Happy","NonPerson","x","805","0.805","1"
"33","self-matching","3","Nonmatching","rhomboid","neutral","NonPerson","NonPerson","lbl_happy","label_happy","Happy","NonPerson","x","899","0.899","1"
"33","self-matching","3","Matching","octagon","happy","NonPerson","NonPerson","lbl_happy","label_happy","Happy","NonPerson","c","815","0.815","1"
"34","self-matching","1","Matching","octagon","you","Self","Self","lbl_you","label_you","Self","Self","n","944","0.944","1"
"34","self-matching","1","Matching","triangle","friend","Friend","Close","lbl_friend","label_friend","Friend","Close","n","528","0.528","1"
"34","self-matching","1","Nonmatching","octagon","you","Self","Self","lbl_friend","label_friend","Friend","Close","n","630","0.63","0"
"34","self-matching","1","Nonmatching","triangle","friend","Friend","Close","lbl_you","label_you","Self","Self","m","809","0.809","1"
"34","self-matching","1","Matching","rhomboid","neutral","NonPerson","NonPerson","lbl_neutral","label_neutral","Neutral","NonPerson","n","732","0.732","1"
"34","self-matching","1","Matching","octagon","you","Self","Self","lbl_you","label_you","Self","Self","n","673","0.673","1"
"34","self-matching","1","Matching","triangle","friend","Friend","Close","lbl_friend","label_friend","Friend","Close","n","563","0.563","1"
"34","self-matching","1","Nonmatching","octagon","you","Self","Self","lbl_friend","label_friend","Friend","Close","m","757","0.757","1"
"34","self-matching","1","Nonmatching","triangle","friend","Friend","Close","lbl_you","label_you","Self","Self","n","694","0.694","0"
"34","self-matching","1","Matching","diamond","happy","NonPerson","NonPerson","lbl_happy","label_happy","Happy","NonPerson","n","1241","1.241","1"
"34","self-matching","1","Matching","diamond","happy","NonPerson","NonPerson","lbl_happy","label_happy","Happy","NonPerson","n","807","0.807","1"
"34","self-matching","1","Nonmatching","diamond","happy","NonPerson","NonPerson","lbl_neutral","label_neutral","Neutral","NonPerson","n","862","0.862","0"
"34","self-matching","1","Matching","rhomboid","neutral","NonPerson","NonPerson","lbl_neutral","label_neutral","Neutral","NonPerson","n","837","0.837","1"
"34","self-matching","1","Nonmatching","diamond","happy","NonPerson","NonPerson","lbl_neutral","label_neutral","Neutral","NonPerson","m","835","0.835","1"
"34","self-matching","1","Nonmatching","rhomboid","neutral","NonPerson","NonPerson","lbl_happy","label_happy","Happy","NonPerson","n","879","0.879","0"
"34","self-matching","1","Nonmatching","rhomboid","neutral","NonPerson","NonPerson","lbl_happy","label_happy","Happy","NonPerson","m","877","0.877","1"
"34","self-matching","2","Nonmatching","rhomboid","neutral","NonPerson","NonPerson","lbl_happy","label_happy","Happy","NonPerson","m","834","0.834","1"
"34","self-matching","2","Matching","triangle","friend","Friend","Close","lbl_friend","label_friend","Friend","Close","m","718","0.718","0"
"34","self-matching","2","Nonmatching","octagon","you","Self","Self","lbl_friend","label_friend","Friend","Close","m","802","0.802","1"
"34","self-matching","2","Nonmatching","diamond","happy","NonPerson","NonPerson","lbl_neutral","label_neutral","Neutral","NonPerson","m","914","0.914","1"
"34","self-matching","2","Nonmatching","triangle","friend","Friend","Close","lbl_you","label_you","Self","Self","m","654","0.654","1"
"34","self-matching","2","Nonmatching","diamond","happy","NonPerson","NonPerson","lbl_neutral","label_neutral","Neutral","NonPerson","m","1301","1.301","1"
"34","self-matching","2","Matching","diamond","happy","NonPerson","NonPerson","lbl_happy","label_happy","Happy","NonPerson","n","907","0.907","1"
"34","self-matching","2","Nonmatching","triangle","friend","Friend","Close","lbl_you","label_you","Self","Self","m","808","0.808","1"
"34","self-matching","2","Nonmatching","octagon","you","Self","Self","lbl_friend","label_friend","Friend","Close","m","799","0.799","1"
"34","self-matching","2","Nonmatching","rhomboid","neutral","NonPerson","NonPerson","lbl_happy","label_happy","Happy","NonPerson","n","761","0.761","0"
"34","self-matching","2","Matching","diamond","happy","NonPerson","NonPerson","lbl_happy","label_happy","Happy","NonPerson","m","1117","1.117","0"
"34","self-matching","2","Matching","octagon","you","Self","Self","lbl_you","label_you","Self","Self","n","688","0.688","1"
"34","self-matching","2","Matching","triangle","friend","Friend","Close","lbl_friend","label_friend","Friend","Close","n","955","0.955","1"
"34","self-matching","2","Matching","rhomboid","neutral","NonPerson","NonPerson","lbl_neutral","label_neutral","Neutral","NonPerson","n","882","0.882","1"
"34","self-matching","2","Matching","rhomboid","neutral","NonPerson","NonPerson","lbl_neutral","label_neutral","Neutral","NonPerson","m","800","0.8","0"
"34","self-matching","2","Matching","octagon","you","Self","Self","lbl_you","label_you","Self","Self","n","881","0.881","1"
"34","self-matching","3","Nonmatching","octagon","you","Self","Self","lbl_friend","label_friend","Friend","Close","m","750","0.75","1"
"34","self-matching","3","Nonmatching","rhomboid","neutral","NonPerson","NonPerson","lbl_happy","label_happy","Happy","NonPerson","m","1073","1.073","1"
"34","self-matching","3","Matching","diamond","happy","NonPerson","NonPerson","lbl_happy","label_happy","Happy","NonPerson","n","797","0.797","1"
"34","self-matching","3","Matching","octagon","you","Self","Self","lbl_you","label_you","Self","Self","n","493","0.493","1"
"34","self-matching","3","Matching","diamond","happy","NonPerson","NonPerson","lbl_happy","label_happy","Happy","NonPerson","m","1011","1.011","0"
"34","self-matching","3","Nonmatching","rhomboid","neutral","NonPerson","NonPerson","lbl_happy","label_happy","Happy","NonPerson","m","977","0.977","1"
"34","self-matching","3","Matching","triangle","friend","Friend","Close","lbl_friend","label_friend","Friend","Close","n","686","0.686","1"
"34","self-matching","3","Matching","octagon","you","Self","Self","lbl_you","label_you","Self","Self","n","570","0.57","1"
"34","self-matching","3","Nonmatching","triangle","friend","Friend","Close","lbl_you","label_you","Self","Self","m","709","0.709","1"
"34","self-matching","3","Nonmatching","triangle","friend","Friend","Close","lbl_you","label_you","Self","Self","m","696","0.696","1"
"34","self-matching","3","Matching","rhomboid","neutral","NonPerson","NonPerson","lbl_neutral","label_neutral","Neutral","NonPerson","n","846","0.846","1"
"34","self-matching","3","Matching","triangle","friend","Friend","Close","lbl_friend","label_friend","Friend","Close","n","961","0.961","1"
"34","self-matching","3","Nonmatching","octagon","you","Self","Self","lbl_friend","label_friend","Friend","Close","n","489","0.489","0"
"34","self-matching","3","Nonmatching","diamond","happy","NonPerson","NonPerson","lbl_neutral","label_neutral","Neutral","NonPerson","m","822","0.822","1"
"34","self-matching","3","Matching","rhomboid","neutral","NonPerson","NonPerson","lbl_neutral","label_neutral","Neutral","NonPerson","m","661","0.661","0"
"34","self-matching","3","Nonmatching","diamond","happy","NonPerson","NonPerson","lbl_neutral","label_neutral","Neutral","NonPerson","m","896","0.896","1"
"34","self-matching","1","Matching","trapeze","friend","Friend","Close","lbl_friend","label_friend","Friend","Close","x","1149","1.149","1"
"34","self-matching","1","Matching","square","neutral","NonPerson","NonPerson","lbl_neutral","label_neutral","Neutral","NonPerson","x","724","0.724","1"
"34","self-matching","1","Matching","square","neutral","NonPerson","NonPerson","lbl_neutral","label_neutral","Neutral","NonPerson","c","808","0.808","0"
"34","self-matching","1","Nonmatching","pentagon","you","Self","Self","lbl_friend","label_friend","Friend","Close","c","712","0.712","1"
"34","self-matching","1","Matching","trapeze","friend","Friend","Close","lbl_friend","label_friend","Friend","Close","x","630","0.63","1"
"34","self-matching","1","Nonmatching","square","neutral","NonPerson","NonPerson","lbl_happy","label_happy","Happy","NonPerson","c","1058","1.058","1"
"34","self-matching","1","Nonmatching","trapeze","friend","Friend","Close","lbl_you","label_you","Self","Self","x","689","0.689","0"
"34","self-matching","1","Matching","kite","happy","NonPerson","NonPerson","lbl_happy","label_happy","Happy","NonPerson","x","741","0.741","1"
"34","self-matching","1","Matching","kite","happy","NonPerson","NonPerson","lbl_happy","label_happy","Happy","NonPerson","x","708","0.708","1"
"34","self-matching","1","Matching","pentagon","you","Self","Self","lbl_you","label_you","Self","Self","x","531","0.531","1"
"34","self-matching","1","Nonmatching","kite","happy","NonPerson","NonPerson","lbl_neutral","label_neutral","Neutral","NonPerson","c","922","0.922","1"
"34","self-matching","1","Matching","pentagon","you","Self","Self","lbl_you","label_you","Self","Self","x","663","0.663","1"
"34","self-matching","1","Nonmatching","kite","happy","NonPerson","NonPerson","lbl_neutral","label_neutral","Neutral","NonPerson","c","667","0.667","1"
"34","self-matching","1","Nonmatching","pentagon","you","Self","Self","lbl_friend","label_friend","Friend","Close","c","540","0.54","1"
"34","self-matching","1","Nonmatching","trapeze","friend","Friend","Close","lbl_you","label_you","Self","Self","x","272","0.272","0"
"34","self-matching","1","Nonmatching","square","neutral","NonPerson","NonPerson","lbl_happy","label_happy","Happy","NonPerson","c","503","0.503","1"
"34","self-matching","2","Nonmatching","square","neutral","NonPerson","NonPerson","lbl_happy","label_happy","Happy","NonPerson","c","667","0.667","1"
"34","self-matching","2","Nonmatching","square","neutral","NonPerson","NonPerson","lbl_happy","label_happy","Happy","NonPerson","c","831","0.831","1"
"34","self-matching","2","Matching","trapeze","friend","Friend","Close","lbl_friend","label_friend","Friend","Close","c","1129","1.129","0"
"34","self-matching","2","Matching","square","neutral","NonPerson","NonPerson","lbl_neutral","label_neutral","Neutral","NonPerson","c","900","0.9","0"
"34","self-matching","2","Matching","trapeze","friend","Friend","Close","lbl_friend","label_friend","Friend","Close","c","668","0.668","0"
"34","self-matching","2","Nonmatching","kite","happy","NonPerson","NonPerson","lbl_neutral","label_neutral","Neutral","NonPerson","x","687","0.687","0"
"34","self-matching","2","Nonmatching","trapeze","friend","Friend","Close","lbl_you","label_you","Self","Self","c","1265","1.265","1"
"34","self-matching","2","Nonmatching","trapeze","friend","Friend","Close","lbl_you","label_you","Self","Self","c","870","0.87","1"
"34","self-matching","2","Matching","kite","happy","NonPerson","NonPerson","lbl_happy","label_happy","Happy","NonPerson","x","909","0.909","1"
"34","self-matching","2","Matching","pentagon","you","Self","Self","lbl_you","label_you","Self","Self","x","832","0.832","1"
"34","self-matching","2","Nonmatching","kite","happy","NonPerson","NonPerson","lbl_neutral","label_neutral","Neutral","NonPerson","c","717","0.717","1"
"34","self-matching","2","Nonmatching","pentagon","you","Self","Self","lbl_friend","label_friend","Friend","Close","c","722","0.722","1"
"34","self-matching","2","Matching","square","neutral","NonPerson","NonPerson","lbl_neutral","label_neutral","Neutral","NonPerson","x","1076","1.076","1"
"34","self-matching","2","Nonmatching","pentagon","you","Self","Self","lbl_friend","label_friend","Friend","Close","c","846","0.846","1"
"34","self-matching","2","Matching","pentagon","you","Self","Self","lbl_you","label_you","Self","Self","x","427","0.427","1"
"34","self-matching","2","Matching","kite","happy","NonPerson","NonPerson","lbl_happy","label_happy","Happy","NonPerson","c","671","0.671","0"
"34","self-matching","3","Nonmatching","kite","happy","NonPerson","NonPerson","lbl_neutral","label_neutral","Neutral","NonPerson","c","1135","1.135","1"
"34","self-matching","3","Matching","kite","happy","NonPerson","NonPerson","lbl_happy","label_happy","Happy","NonPerson","c","702","0.702","0"
"34","self-matching","3","Nonmatching","pentagon","you","Self","Self","lbl_friend","label_friend","Friend","Close","c","943","0.943","1"
"34","self-matching","3","Matching","pentagon","you","Self","Self","lbl_you","label_you","Self","Self","x","583","0.583","1"
"34","self-matching","3","Matching","kite","happy","NonPerson","NonPerson","lbl_happy","label_happy","Happy","NonPerson","c","557","0.557","0"
"34","self-matching","3","Nonmatching","trapeze","friend","Friend","Close","lbl_you","label_you","Self","Self","c","823","0.823","1"
"34","self-matching","3","Matching","trapeze","friend","Friend","Close","lbl_friend","label_friend","Friend","Close","x","632","0.632","1"
"34","self-matching","3","Matching","pentagon","you","Self","Self","lbl_you","label_you","Self","Self","x","640","0.64","1"
"34","self-matching","3","Matching","trapeze","friend","Friend","Close","lbl_friend","label_friend","Friend","Close","x","732","0.732","1"
"34","self-matching","3","Nonmatching","trapeze","friend","Friend","Close","lbl_you","label_you","Self","Self","c","852","0.852","1"
"34","self-matching","3","Matching","square","neutral","NonPerson","NonPerson","lbl_neutral","label_neutral","Neutral","NonPerson","x","695","0.695","1"
"34","self-matching","3","Nonmatching","square","neutral","NonPerson","NonPerson","lbl_happy","label_happy","Happy","NonPerson","c","706","0.706","1"
"34","self-matching","3","Matching","square","neutral","NonPerson","NonPerson","lbl_neutral","label_neutral","Neutral","NonPerson","c","546","0.546","0"
"34","self-matching","3","Nonmatching","pentagon","you","Self","Self","lbl_friend","label_friend","Friend","Close","c","833","0.833","1"
"34","self-matching","3","Nonmatching","square","neutral","NonPerson","NonPerson","lbl_happy","label_happy","Happy","NonPerson","c","644","0.644","1"
"34","self-matching","3","Nonmatching","kite","happy","NonPerson","NonPerson","lbl_neutral","label_neutral","Neutral","NonPerson","x","875","0.875","0"
"36","self-matching","1","Matching","octagon","happy","NonPerson","NonPerson","lbl_happy","label_happy","Happy","NonPerson","m","709","0.709","1"
"36","self-matching","1","Matching","diamond","neutral","NonPerson","NonPerson","lbl_neutral","label_neutral","Neutral","NonPerson","n","693","0.693","0"
"36","self-matching","1","Matching","triangle","friend","Friend","Close","lbl_friend","label_friend","Friend","Close","m","588","0.588","1"
"36","self-matching","1","Nonmatching","octagon","happy","NonPerson","NonPerson","lbl_neutral","label_neutral","Neutral","NonPerson","m","795","0.795","0"
"36","self-matching","1","Nonmatching","triangle","friend","Friend","Close","lbl_you","label_you","Self","Self","m","627","0.627","0"
"36","self-matching","1","Nonmatching","diamond","neutral","NonPerson","NonPerson","lbl_happy","label_happy","Happy","NonPerson","n","833","0.833","1"
"36","self-matching","1","Matching","rhomboid","you","Self","Self","lbl_you","label_you","Self","Self","m","464","0.464","1"
"36","self-matching","1","Nonmatching","triangle","friend","Friend","Close","lbl_you","label_you","Self","Self","n","721","0.721","1"
"36","self-matching","1","Nonmatching","octagon","happy","NonPerson","NonPerson","lbl_neutral","label_neutral","Neutral","NonPerson","m","699","0.699","0"
"36","self-matching","1","Nonmatching","rhomboid","you","Self","Self","lbl_friend","label_friend","Friend","Close","n","1109","1.109","1"
"36","self-matching","1","Matching","triangle","friend","Friend","Close","lbl_friend","label_friend","Friend","Close","m","562","0.562","1"
"36","self-matching","1","Matching","diamond","neutral","NonPerson","NonPerson","lbl_neutral","label_neutral","Neutral","NonPerson","m","956","0.956","1"
"36","self-matching","1","Matching","rhomboid","you","Self","Self","lbl_you","label_you","Self","Self","n","813","0.813","0"
"36","self-matching","1","Matching","octagon","happy","NonPerson","NonPerson","lbl_happy","label_happy","Happy","NonPerson","m","888","0.888","1"
"36","self-matching","1","Nonmatching","rhomboid","you","Self","Self","lbl_friend","label_friend","Friend","Close","n","636","0.636","1"
"36","self-matching","1","Nonmatching","diamond","neutral","NonPerson","NonPerson","lbl_happy","label_happy","Happy","NonPerson","m","900","0.9","0"
"36","self-matching","2","Nonmatching","rhomboid","you","Self","Self","lbl_friend","label_friend","Friend","Close","m","740","0.74","0"
"36","self-matching","2","Matching","diamond","neutral","NonPerson","NonPerson","lbl_neutral","label_neutral","Neutral","NonPerson","n","619","0.619","0"
"36","self-matching","2","Matching","triangle","friend","Friend","Close","lbl_friend","label_friend","Friend","Close","m","702","0.702","1"
"36","self-matching","2","Matching","diamond","neutral","NonPerson","NonPerson","lbl_neutral","label_neutral","Neutral","NonPerson","m","807","0.807","1"
"36","self-matching","2","Nonmatching","triangle","friend","Friend","Close","lbl_you","label_you","Self","Self","n","705","0.705","1"
"36","self-matching","2","Matching","rhomboid","you","Self","Self","lbl_you","label_you","Self","Self","m","641","0.641","1"
"36","self-matching","2","Nonmatching","diamond","neutral","NonPerson","NonPerson","lbl_happy","label_happy","Happy","NonPerson","n","935","0.935","1"
"36","self-matching","2","Nonmatching","triangle","friend","Friend","Close","lbl_you","label_you","Self","Self","m","516","0.516","0"
"36","self-matching","2","Nonmatching","octagon","happy","NonPerson","NonPerson","lbl_neutral","label_neutral","Neutral","NonPerson","n","837","0.837","1"
"36","self-matching","2","Matching","rhomboid","you","Self","Self","lbl_you","label_you","Self","Self","m","874","0.874","1"
"36","self-matching","2","Nonmatching","rhomboid","you","Self","Self","lbl_friend","label_friend","Friend","Close","m","526","0.526","0"
"36","self-matching","2","Nonmatching","octagon","happy","NonPerson","NonPerson","lbl_neutral","label_neutral","Neutral","NonPerson","m","839","0.839","0"
"36","self-matching","2","Matching","octagon","happy","NonPerson","NonPerson","lbl_happy","label_happy","Happy","NonPerson","m","819","0.819","1"
"36","self-matching","2","Matching","octagon","happy","NonPerson","NonPerson","lbl_happy","label_happy","Happy","NonPerson","m","802","0.802","1"
"36","self-matching","2","Matching","triangle","friend","Friend","Close","lbl_friend","label_friend","Friend","Close","m","625","0.625","1"
"36","self-matching","2","Nonmatching","diamond","neutral","NonPerson","NonPerson","lbl_happy","label_happy","Happy","NonPerson","n","921","0.921","1"
"36","self-matching","3","Matching","octagon","happy","NonPerson","NonPerson","lbl_happy","label_happy","Happy","NonPerson","m","680","0.68","1"
"36","self-matching","3","Matching","diamond","neutral","NonPerson","NonPerson","lbl_neutral","label_neutral","Neutral","NonPerson","n","722","0.722","0"
"36","self-matching","3","Matching","diamond","neutral","NonPerson","NonPerson","lbl_neutral","label_neutral","Neutral","NonPerson","m","635","0.635","1"
"36","self-matching","3","Matching","octagon","happy","NonPerson","NonPerson","lbl_happy","label_happy","Happy","NonPerson","m","859","0.859","1"
"36","self-matching","3","Nonmatching","octagon","happy","NonPerson","NonPerson","lbl_neutral","label_neutral","Neutral","NonPerson","n","892","0.892","1"
"36","self-matching","3","Nonmatching","rhomboid","you","Self","Self","lbl_friend","label_friend","Friend","Close","n","1139","1.139","1"
"36","self-matching","3","Nonmatching","rhomboid","you","Self","Self","lbl_friend","label_friend","Friend","Close","n","943","0.943","1"
"36","self-matching","3","Nonmatching","triangle","friend","Friend","Close","lbl_you","label_you","Self","Self","m","559","0.559","0"
"36","self-matching","3","Nonmatching","diamond","neutral","NonPerson","NonPerson","lbl_happy","label_happy","Happy","NonPerson","m","1048","1.048","0"
"36","self-matching","3","Nonmatching","triangle","friend","Friend","Close","lbl_you","label_you","Self","Self","n","1304","1.304","1"
"36","self-matching","3","Matching","rhomboid","you","Self","Self","lbl_you","label_you","Self","Self","m","663","0.663","1"
"36","self-matching","3","Nonmatching","octagon","happy","NonPerson","NonPerson","lbl_neutral","label_neutral","Neutral","NonPerson","m","728","0.728","0"
"36","self-matching","3","Nonmatching","diamond","neutral","NonPerson","NonPerson","lbl_happy","label_happy","Happy","NonPerson","n","1229","1.229","1"
"36","self-matching","3","Matching","triangle","friend","Friend","Close","lbl_friend","label_friend","Friend","Close","m","531","0.531","1"
"36","self-matching","3","Matching","triangle","friend","Friend","Close","lbl_friend","label_friend","Friend","Close","m","496","0.496","1"
"36","self-matching","3","Matching","rhomboid","you","Self","Self","lbl_you","label_you","Self","Self","m","765","0.765","1"
"36","self-matching","1","Matching","pentagon","happy","NonPerson","NonPerson","lbl_happy","label_happy","Happy","NonPerson","c","349","0.349","1"
"36","self-matching","1","Nonmatching","trapeze","friend","Friend","Close","lbl_you","label_you","Self","Self","c","619","0.619","0"
"36","self-matching","1","Nonmatching","square","you","Self","Self","lbl_friend","label_friend","Friend","Close","x","991","0.991","1"
"36","self-matching","1","Matching","square","you","Self","Self","lbl_you","label_you","Self","Self","c","641","0.641","1"
"36","self-matching","1","Matching","pentagon","happy","NonPerson","NonPerson","lbl_happy","label_happy","Happy","NonPerson","c","552","0.552","1"
"36","self-matching","1","Nonmatching","kite","neutral","NonPerson","NonPerson","lbl_happy","label_happy","Happy","NonPerson","x","964","0.964","1"
"36","self-matching","1","Nonmatching","trapeze","friend","Friend","Close","lbl_you","label_you","Self","Self","x","835","0.835","1"
"36","self-matching","1","Nonmatching","kite","neutral","NonPerson","NonPerson","lbl_happy","label_happy","Happy","NonPerson","x","850","0.85","1"
"36","self-matching","1","Nonmatching","pentagon","happy","NonPerson","NonPerson","lbl_neutral","label_neutral","Neutral","NonPerson","x","913","0.913","1"
"36","self-matching","1","Matching","kite","neutral","NonPerson","NonPerson","lbl_neutral","label_neutral","Neutral","NonPerson","x","780","0.78","0"
"36","self-matching","1","Nonmatching","pentagon","happy","NonPerson","NonPerson","lbl_neutral","label_neutral","Neutral","NonPerson","c","578","0.578","0"
"36","self-matching","1","Matching","trapeze","friend","Friend","Close","lbl_friend","label_friend","Friend","Close","c","362","0.362","1"
"36","self-matching","1","Nonmatching","square","you","Self","Self","lbl_friend","label_friend","Friend","Close","c","536","0.536","0"
"36","self-matching","1","Matching","square","you","Self","Self","lbl_you","label_you","Self","Self","c","769","0.769","1"
"36","self-matching","1","Matching","trapeze","friend","Friend","Close","lbl_friend","label_friend","Friend","Close","x","802","0.802","0"
"36","self-matching","1","Matching","kite","neutral","NonPerson","NonPerson","lbl_neutral","label_neutral","Neutral","NonPerson","c","409","0.409","1"
"36","self-matching","2","Nonmatching","pentagon","happy","NonPerson","NonPerson","lbl_neutral","label_neutral","Neutral","NonPerson","c","594","0.594","0"
"36","self-matching","2","Matching","pentagon","happy","NonPerson","NonPerson","lbl_happy","label_happy","Happy","NonPerson","x","402","0.402","0"
"36","self-matching","2","Nonmatching","kite","neutral","NonPerson","NonPerson","lbl_happy","label_happy","Happy","NonPerson","c","245","0.245","0"
"36","self-matching","2","Nonmatching","kite","neutral","NonPerson","NonPerson","lbl_happy","label_happy","Happy","NonPerson","x","103","0.103","1"
"36","self-matching","2","Nonmatching","trapeze","friend","Friend","Close","lbl_you","label_you","Self","Self","x","1644","1.644","1"
"36","self-matching","2","Matching","square","you","Self","Self","lbl_you","label_you","Self","Self","c","936","0.936","1"
"36","self-matching","2","Matching","kite","neutral","NonPerson","NonPerson","lbl_neutral","label_neutral","Neutral","NonPerson","x","717","0.717","0"
"36","self-matching","2","Nonmatching","square","you","Self","Self","lbl_friend","label_friend","Friend","Close","c","436","0.436","0"
"36","self-matching","2","Matching","trapeze","friend","Friend","Close","lbl_friend","label_friend","Friend","Close","c","821","0.821","1"
"36","self-matching","2","Nonmatching","square","you","Self","Self","lbl_friend","label_friend","Friend","Close","x","685","0.685","1"
"36","self-matching","2","Matching","pentagon","happy","NonPerson","NonPerson","lbl_happy","label_happy","Happy","NonPerson","x","844","0.844","0"
"36","self-matching","2","Nonmatching","trapeze","friend","Friend","Close","lbl_you","label_you","Self","Self","c","443","0.443","0"
"36","self-matching","2","Matching","trapeze","friend","Friend","Close","lbl_friend","label_friend","Friend","Close","c","825","0.825","1"
"36","self-matching","2","Nonmatching","pentagon","happy","NonPerson","NonPerson","lbl_neutral","label_neutral","Neutral","NonPerson","x","699","0.699","1"
"36","self-matching","2","Matching","square","you","Self","Self","lbl_you","label_you","Self","Self","c","1351","1.351","1"
"36","self-matching","2","Matching","kite","neutral","NonPerson","NonPerson","lbl_neutral","label_neutral","Neutral","NonPerson","c","1311","1.311","1"
"36","self-matching","3","Nonmatching","square","you","Self","Self","lbl_friend","label_friend","Friend","Close","x","960","0.96","1"
"36","self-matching","3","Matching","pentagon","happy","NonPerson","NonPerson","lbl_happy","label_happy","Happy","NonPerson","c","971","0.971","1"
"36","self-matching","3","Nonmatching","pentagon","happy","NonPerson","NonPerson","lbl_neutral","label_neutral","Neutral","NonPerson","x","1165","1.165","1"
"36","self-matching","3","Nonmatching","square","you","Self","Self","lbl_friend","label_friend","Friend","Close","x","1126","1.126","1"
"36","self-matching","3","Nonmatching","kite","neutral","NonPerson","NonPerson","lbl_happy","label_happy","Happy","NonPerson","c","1085","1.085","0"
"36","self-matching","3","Matching","trapeze","friend","Friend","Close","lbl_friend","label_friend","Friend","Close","c","937","0.937","1"
"36","self-matching","3","Matching","trapeze","friend","Friend","Close","lbl_friend","label_friend","Friend","Close","c","840","0.84","1"
"36","self-matching","3","Matching","kite","neutral","NonPerson","NonPerson","lbl_neutral","label_neutral","Neutral","NonPerson","c","1043","1.043","1"
"36","self-matching","3","Matching","square","you","Self","Self","lbl_you","label_you","Self","Self","c","791","0.791","1"
"36","self-matching","3","Nonmatching","kite","neutral","NonPerson","NonPerson","lbl_happy","label_happy","Happy","NonPerson","x","931","0.931","1"
"36","self-matching","3","Nonmatching","pentagon","happy","NonPerson","NonPerson","lbl_neutral","label_neutral","Neutral","NonPerson","x","1534","1.534","1"
"36","self-matching","3","Nonmatching","trapeze","friend","Friend","Close","lbl_you","label_you","Self","Self","x","1430","1.43","1"
"36","self-matching","3","Matching","square","you","Self","Self","lbl_you","label_you","Self","Self","c","726","0.726","1"
"36","self-matching","3","Matching","kite","neutral","NonPerson","NonPerson","lbl_neutral","label_neutral","Neutral","NonPerson","c","1149","1.149","1"
"36","self-matching","3","Nonmatching","trapeze","friend","Friend","Close","lbl_you","label_you","Self","Self","x","974","0.974","1"
"36","self-matching","3","Matching","pentagon","happy","NonPerson","NonPerson","lbl_happy","label_happy","Happy","NonPerson","c","1077","1.077","1"
"37","self-matching","1","Matching","kite","happy","NonPerson","NonPerson","lbl_happy","label_happy","Happy","NonPerson","m","758","0.758","1"
"37","self-matching","1","Matching","square","you","Self","Self","lbl_you","label_you","Self","Self","n","1405","1.405","0"
"37","self-matching","1","Matching","trapeze","neutral","NonPerson","NonPerson","lbl_neutral","label_neutral","Neutral","NonPerson","m","921","0.921","1"
"37","self-matching","1","Nonmatching","pentagon","friend","Friend","Close","lbl_you","label_you","Self","Self","n","878","0.878","1"
"37","self-matching","1","Matching","pentagon","friend","Friend","Close","lbl_friend","label_friend","Friend","Close","m","741","0.741","1"
"37","self-matching","1","Matching","pentagon","friend","Friend","Close","lbl_friend","label_friend","Friend","Close","m","730","0.73","1"
"37","self-matching","1","Nonmatching","kite","happy","NonPerson","NonPerson","lbl_neutral","label_neutral","Neutral","NonPerson","n","988","0.988","1"
"37","self-matching","1","Matching","square","you","Self","Self","lbl_you","label_you","Self","Self","n","795","0.795","0"
"37","self-matching","1","Nonmatching","kite","happy","NonPerson","NonPerson","lbl_neutral","label_neutral","Neutral","NonPerson","n","1030","1.03","1"
"37","self-matching","1","Nonmatching","pentagon","friend","Friend","Close","lbl_you","label_you","Self","Self","n","729","0.729","1"
"37","self-matching","1","Nonmatching","trapeze","neutral","NonPerson","NonPerson","lbl_happy","label_happy","Happy","NonPerson","n","1008","1.008","1"
"37","self-matching","1","Nonmatching","trapeze","neutral","NonPerson","NonPerson","lbl_happy","label_happy","Happy","NonPerson","n","1332","1.332","1"
"37","self-matching","1","Nonmatching","square","you","Self","Self","lbl_friend","label_friend","Friend","Close","n","794","0.794","1"
"37","self-matching","1","Matching","kite","happy","NonPerson","NonPerson","lbl_happy","label_happy","Happy","NonPerson","m","767","0.767","1"
"37","self-matching","1","Matching","trapeze","neutral","NonPerson","NonPerson","lbl_neutral","label_neutral","Neutral","NonPerson","m","967","0.967","1"
"37","self-matching","1","Nonmatching","square","you","Self","Self","lbl_friend","label_friend","Friend","Close","n","767","0.767","1"
"37","self-matching","2","Matching","trapeze","neutral","NonPerson","NonPerson","lbl_neutral","label_neutral","Neutral","NonPerson","m","750","0.75","1"
"37","self-matching","2","Nonmatching","square","you","Self","Self","lbl_friend","label_friend","Friend","Close","m","998","0.998","0"
"37","self-matching","2","Matching","trapeze","neutral","NonPerson","NonPerson","lbl_neutral","label_neutral","Neutral","NonPerson","m","770","0.77","1"
"37","self-matching","2","Matching","square","you","Self","Self","lbl_you","label_you","Self","Self","m","671","0.671","1"
"37","self-matching","2","Nonmatching","pentagon","friend","Friend","Close","lbl_you","label_you","Self","Self","n","912","0.912","1"
"37","self-matching","2","Nonmatching","trapeze","neutral","NonPerson","NonPerson","lbl_happy","label_happy","Happy","NonPerson","m","706","0.706","0"
"37","self-matching","2","Matching","kite","happy","NonPerson","NonPerson","lbl_happy","label_happy","Happy","NonPerson","m","666","0.666","1"
"37","self-matching","2","Nonmatching","trapeze","neutral","NonPerson","NonPerson","lbl_happy","label_happy","Happy","NonPerson","n","1194","1.194","1"
"37","self-matching","2","Matching","pentagon","friend","Friend","Close","lbl_friend","label_friend","Friend","Close","m","1059","1.059","1"
"37","self-matching","2","Nonmatching","kite","happy","NonPerson","NonPerson","lbl_neutral","label_neutral","Neutral","NonPerson","n","1202","1.202","1"
"37","self-matching","2","Nonmatching","square","you","Self","Self","lbl_friend","label_friend","Friend","Close","n","1319","1.319","1"
"37","self-matching","2","Matching","pentagon","friend","Friend","Close","lbl_friend","label_friend","Friend","Close","m","752","0.752","1"
"37","self-matching","2","Matching","kite","happy","NonPerson","NonPerson","lbl_happy","label_happy","Happy","NonPerson","m","696","0.696","1"
"37","self-matching","2","Nonmatching","kite","happy","NonPerson","NonPerson","lbl_neutral","label_neutral","Neutral","NonPerson","n","678","0.678","1"
"37","self-matching","2","Matching","square","you","Self","Self","lbl_you","label_you","Self","Self","m","620","0.62","1"
"37","self-matching","2","Nonmatching","pentagon","friend","Friend","Close","lbl_you","label_you","Self","Self","n","654","0.654","1"
"37","self-matching","3","Nonmatching","trapeze","neutral","NonPerson","NonPerson","lbl_happy","label_happy","Happy","NonPerson","n","847","0.847","1"
"37","self-matching","3","Nonmatching","square","you","Self","Self","lbl_friend","label_friend","Friend","Close","n","1114","1.114","1"
"37","self-matching","3","Nonmatching","trapeze","neutral","NonPerson","NonPerson","lbl_happy","label_happy","Happy","NonPerson","n","847","0.847","1"
"37","self-matching","3","Matching","trapeze","neutral","NonPerson","NonPerson","lbl_neutral","label_neutral","Neutral","NonPerson","m","975","0.975","1"
"37","self-matching","3","Nonmatching","kite","happy","NonPerson","NonPerson","lbl_neutral","label_neutral","Neutral","NonPerson","n","883","0.883","1"
"37","self-matching","3","Matching","pentagon","friend","Friend","Close","lbl_friend","label_friend","Friend","Close","m","763","0.763","1"
"37","self-matching","3","Matching","trapeze","neutral","NonPerson","NonPerson","lbl_neutral","label_neutral","Neutral","NonPerson","m","928","0.928","1"
"37","self-matching","3","Matching","square","you","Self","Self","lbl_you","label_you","Self","Self","m","866","0.866","1"
"37","self-matching","3","Matching","kite","happy","NonPerson","NonPerson","lbl_happy","label_happy","Happy","NonPerson","m","656","0.656","1"
"37","self-matching","3","Nonmatching","pentagon","friend","Friend","Close","lbl_you","label_you","Self","Self","n","674","0.674","1"
"37","self-matching","3","Matching","pentagon","friend","Friend","Close","lbl_friend","label_friend","Friend","Close","m","720","0.72","1"
"37","self-matching","3","Nonmatching","pentagon","friend","Friend","Close","lbl_you","label_you","Self","Self","n","734","0.734","1"
"37","self-matching","3","Nonmatching","square","you","Self","Self","lbl_friend","label_friend","Friend","Close","n","1250","1.25","1"
"37","self-matching","3","Matching","square","you","Self","Self","lbl_you","label_you","Self","Self","m","654","0.654","1"
"37","self-matching","3","Matching","kite","happy","NonPerson","NonPerson","lbl_happy","label_happy","Happy","NonPerson","m","660","0.66","1"
"37","self-matching","3","Nonmatching","kite","happy","NonPerson","NonPerson","lbl_neutral","label_neutral","Neutral","NonPerson","n","698","0.698","1"
"37","self-matching","1","Matching","diamond","happy","NonPerson","NonPerson","NA","label_happy","Happy","NonPerson","c","768","0.768","1"
"37","self-matching","1","Nonmatching","rhomboid","you","Self","Self","NA","label_friend","Friend","Close","x","641","0.641","1"
"37","self-matching","1","Matching","diamond","friend","Friend","Close","NA","label_friend","Friend","Close","c","717","0.717","1"
"37","self-matching","1","Nonmatching","diamond","happy","NonPerson","NonPerson","NA","label_neutral","Neutral","NonPerson","x","743","0.743","1"
"37","self-matching","1","Matching","diamond","happy","NonPerson","NonPerson","NA","label_happy","Happy","NonPerson","c","610","0.61","1"
"37","self-matching","1","Nonmatching","diamond","friend","Friend","Close","NA","label_you","Self","Self","x","694","0.694","1"
"37","self-matching","1","Nonmatching","triangle","neutral","NonPerson","NonPerson","NA","label_happy","Happy","NonPerson","c","545","0.545","0"
"37","self-matching","1","Matching","triangle","neutral","NonPerson","NonPerson","NA","label_neutral","Neutral","NonPerson","c","463","0.463","1"
"37","self-matching","1","Nonmatching","triangle","neutral","NonPerson","NonPerson","NA","label_happy","Happy","NonPerson","x","805","0.805","1"
"37","self-matching","1","Nonmatching","diamond","friend","Friend","Close","NA","label_you","Self","Self","x","594","0.594","1"
"37","self-matching","1","Matching","triangle","neutral","NonPerson","NonPerson","NA","label_neutral","Neutral","NonPerson","c","775","0.775","1"
"37","self-matching","1","Matching","diamond","friend","Friend","Close","NA","label_friend","Friend","Close","c","1077","1.077","1"
"37","self-matching","1","Nonmatching","rhomboid","you","Self","Self","NA","label_friend","Friend","Close","x","510","0.51","1"
"37","self-matching","1","Matching","rhomboid","you","Self","Self","NA","label_you","Self","Self","c","860","0.86","1"
"37","self-matching","1","Nonmatching","diamond","happy","NonPerson","NonPerson","NA","label_neutral","Neutral","NonPerson","x","777","0.777","1"
"37","self-matching","1","Matching","rhomboid","you","Self","Self","NA","label_you","Self","Self","c","855","0.855","1"
"37","self-matching","2","Nonmatching","diamond","friend","Friend","Close","NA","label_you","Self","Self","x","1096","1.096","1"
"37","self-matching","2","Matching","diamond","friend","Friend","Close","NA","label_friend","Friend","Close","c","775","0.775","1"
"37","self-matching","2","Matching","triangle","neutral","NonPerson","NonPerson","NA","label_neutral","Neutral","NonPerson","c","742","0.742","1"
"37","self-matching","2","Matching","rhomboid","you","Self","Self","NA","label_you","Self","Self","c","661","0.661","1"
"37","self-matching","2","Nonmatching","diamond","friend","Friend","Close","NA","label_you","Self","Self","x","615","0.615","1"
"37","self-matching","2","Matching","diamond","friend","Friend","Close","NA","label_friend","Friend","Close","c","716","0.716","1"
"37","self-matching","2","Nonmatching","diamond","happy","NonPerson","NonPerson","NA","label_neutral","Neutral","NonPerson","x","912","0.912","1"
"37","self-matching","2","Nonmatching","triangle","neutral","NonPerson","NonPerson","NA","label_happy","Happy","NonPerson","x","860","0.86","1"
"37","self-matching","2","Matching","rhomboid","you","Self","Self","NA","label_you","Self","Self","c","636","0.636","1"
"37","self-matching","2","Nonmatching","rhomboid","you","Self","Self","NA","label_friend","Friend","Close","x","707","0.707","1"
"37","self-matching","2","Matching","triangle","neutral","NonPerson","NonPerson","NA","label_neutral","Neutral","NonPerson","c","671","0.671","1"
"37","self-matching","2","Nonmatching","diamond","happy","NonPerson","NonPerson","NA","label_neutral","Neutral","NonPerson","x","624","0.624","1"
"37","self-matching","2","Nonmatching","triangle","neutral","NonPerson","NonPerson","NA","label_happy","Happy","NonPerson","c","482","0.482","0"
"37","self-matching","2","Nonmatching","rhomboid","you","Self","Self","NA","label_friend","Friend","Close","x","759","0.759","1"
"37","self-matching","2","Matching","diamond","happy","NonPerson","NonPerson","NA","label_happy","Happy","NonPerson","c","571","0.571","1"
"37","self-matching","2","Matching","diamond","happy","NonPerson","NonPerson","NA","label_happy","Happy","NonPerson","c","579","0.579","1"
"37","self-matching","3","Matching","triangle","neutral","NonPerson","NonPerson","NA","label_neutral","Neutral","NonPerson","c","827","0.827","1"
"37","self-matching","3","Nonmatching","rhomboid","you","Self","Self","NA","label_friend","Friend","Close","x","711","0.711","1"
"37","self-matching","3","Nonmatching","diamond","happy","NonPerson","NonPerson","NA","label_neutral","Neutral","NonPerson","x","770","0.77","1"
"37","self-matching","3","Matching","triangle","neutral","NonPerson","NonPerson","NA","label_neutral","Neutral","NonPerson","c","855","0.855","1"
"37","self-matching","3","Matching","rhomboid","you","Self","Self","NA","label_you","Self","Self","c","844","0.844","1"
"37","self-matching","3","Matching","diamond","happy","NonPerson","NonPerson","NA","label_happy","Happy","NonPerson","c","500","0.5","1"
"37","self-matching","3","Matching","diamond","friend","Friend","Close","NA","label_friend","Friend","Close","c","562","0.562","1"
"37","self-matching","3","Nonmatching","triangle","neutral","NonPerson","NonPerson","NA","label_happy","Happy","NonPerson","x","856","0.856","1"
"37","self-matching","3","Nonmatching","rhomboid","you","Self","Self","NA","label_friend","Friend","Close","x","547","0.547","1"
"37","self-matching","3","Nonmatching","diamond","friend","Friend","Close","NA","label_you","Self","Self","x","824","0.824","1"
"37","self-matching","3","Nonmatching","diamond","happy","NonPerson","NonPerson","NA","label_neutral","Neutral","NonPerson","x","829","0.829","1"
"37","self-matching","3","Matching","rhomboid","you","Self","Self","NA","label_you","Self","Self","c","709","0.709","1"
"37","self-matching","3","Matching","diamond","friend","Friend","Close","NA","label_friend","Friend","Close","c","588","0.588","1"
"37","self-matching","3","Nonmatching","diamond","friend","Friend","Close","NA","label_you","Self","Self","x","667","0.667","1"
"37","self-matching","3","Nonmatching","triangle","neutral","NonPerson","NonPerson","NA","label_happy","Happy","NonPerson","x","692","0.692","1"
"37","self-matching","3","Matching","diamond","happy","NonPerson","NonPerson","NA","label_happy","Happy","NonPerson","c","651","0.651","1"
"38","self-matching","1","Matching","octagon","neutral","NonPerson","NonPerson","lbl_neutral","label_neutral","Neutral","NonPerson","m","746","0.746","0"
"38","self-matching","1","Matching","octagon","neutral","NonPerson","NonPerson","lbl_neutral","label_neutral","Neutral","NonPerson","m","600","0.6","0"
"38","self-matching","1","Nonmatching","triangle","you","Self","Self","lbl_friend","label_friend","Friend","Close","m","671","0.671","1"
"38","self-matching","1","Nonmatching","diamond","friend","Friend","Close","lbl_you","label_you","Self","Self","n","577","0.577","0"
"38","self-matching","1","Nonmatching","diamond","friend","Friend","Close","lbl_you","label_you","Self","Self","m","710","0.71","1"
"38","self-matching","1","Matching","diamond","friend","Friend","Close","lbl_friend","label_friend","Friend","Close","n","713","0.713","1"
"38","self-matching","1","Matching","diamond","friend","Friend","Close","lbl_friend","label_friend","Friend","Close","n","590","0.59","1"
"38","self-matching","1","Matching","triangle","you","Self","Self","lbl_you","label_you","Self","Self","n","548","0.548","1"
"38","self-matching","1","Matching","rhomboid","happy","NonPerson","NonPerson","lbl_happy","label_happy","Happy","NonPerson","n","493","0.493","1"
"38","self-matching","1","Nonmatching","octagon","neutral","NonPerson","NonPerson","lbl_happy","label_happy","Happy","NonPerson","m","544","0.544","1"
"38","self-matching","1","Nonmatching","rhomboid","happy","NonPerson","NonPerson","lbl_neutral","label_neutral","Neutral","NonPerson","m","639","0.639","1"
"38","self-matching","1","Nonmatching","rhomboid","happy","NonPerson","NonPerson","lbl_neutral","label_neutral","Neutral","NonPerson","m","543","0.543","1"
"38","self-matching","1","Nonmatching","octagon","neutral","NonPerson","NonPerson","lbl_happy","label_happy","Happy","NonPerson","m","601","0.601","1"
"38","self-matching","1","Nonmatching","triangle","you","Self","Self","lbl_friend","label_friend","Friend","Close","m","497","0.497","1"
"38","self-matching","1","Matching","triangle","you","Self","Self","lbl_you","label_you","Self","Self","n","443","0.443","1"
"38","self-matching","1","Matching","rhomboid","happy","NonPerson","NonPerson","lbl_happy","label_happy","Happy","NonPerson","m","437","0.437","0"
"38","self-matching","2","Matching","rhomboid","happy","NonPerson","NonPerson","lbl_happy","label_happy","Happy","NonPerson","m","741","0.741","0"
"38","self-matching","2","Nonmatching","diamond","friend","Friend","Close","lbl_you","label_you","Self","Self","m","654","0.654","1"
"38","self-matching","2","Matching","diamond","friend","Friend","Close","lbl_friend","label_friend","Friend","Close","n","710","0.71","1"
"38","self-matching","2","Matching","octagon","neutral","NonPerson","NonPerson","lbl_neutral","label_neutral","Neutral","NonPerson","m","541","0.541","0"
"38","self-matching","2","Matching","diamond","friend","Friend","Close","lbl_friend","label_friend","Friend","Close","m","935","0.935","0"
"38","self-matching","2","Nonmatching","triangle","you","Self","Self","lbl_friend","label_friend","Friend","Close","m","767","0.767","1"
"38","self-matching","2","Nonmatching","rhomboid","happy","NonPerson","NonPerson","lbl_neutral","label_neutral","Neutral","NonPerson","m","828","0.828","1"
"38","self-matching","2","Nonmatching","diamond","friend","Friend","Close","lbl_you","label_you","Self","Self","n","874","0.874","0"
"38","self-matching","2","Nonmatching","octagon","neutral","NonPerson","NonPerson","lbl_happy","label_happy","Happy","NonPerson","m","861","0.861","1"
"38","self-matching","2","Matching","triangle","you","Self","Self","lbl_you","label_you","Self","Self","n","528","0.528","1"
"38","self-matching","2","Nonmatching","octagon","neutral","NonPerson","NonPerson","lbl_happy","label_happy","Happy","NonPerson","m","769","0.769","1"
"38","self-matching","2","Nonmatching","triangle","you","Self","Self","lbl_friend","label_friend","Friend","Close","m","579","0.579","1"
"38","self-matching","2","Nonmatching","rhomboid","happy","NonPerson","NonPerson","lbl_neutral","label_neutral","Neutral","NonPerson","m","694","0.694","1"
"38","self-matching","2","Matching","triangle","you","Self","Self","lbl_you","label_you","Self","Self","n","577","0.577","1"
"38","self-matching","2","Matching","rhomboid","happy","NonPerson","NonPerson","lbl_happy","label_happy","Happy","NonPerson","m","582","0.582","0"
"38","self-matching","2","Matching","octagon","neutral","NonPerson","NonPerson","lbl_neutral","label_neutral","Neutral","NonPerson","n","744","0.744","1"
"38","self-matching","3","Matching","triangle","you","Self","Self","lbl_you","label_you","Self","Self","n","433","0.433","1"
"38","self-matching","3","Nonmatching","rhomboid","happy","NonPerson","NonPerson","lbl_neutral","label_neutral","Neutral","NonPerson","m","549","0.549","1"
"38","self-matching","3","Matching","diamond","friend","Friend","Close","lbl_friend","label_friend","Friend","Close","n","917","0.917","1"
"38","self-matching","3","Matching","triangle","you","Self","Self","lbl_you","label_you","Self","Self","n","658","0.658","1"
"38","self-matching","3","Nonmatching","diamond","friend","Friend","Close","lbl_you","label_you","Self","Self","m","929","0.929","1"
"38","self-matching","3","Nonmatching","triangle","you","Self","Self","lbl_friend","label_friend","Friend","Close","m","521","0.521","1"
"38","self-matching","3","Nonmatching","rhomboid","happy","NonPerson","NonPerson","lbl_neutral","label_neutral","Neutral","NonPerson","m","845","0.845","1"
"38","self-matching","3","Matching","octagon","neutral","NonPerson","NonPerson","lbl_neutral","label_neutral","Neutral","NonPerson","m","666","0.666","0"
"38","self-matching","3","Matching","octagon","neutral","NonPerson","NonPerson","lbl_neutral","label_neutral","Neutral","NonPerson","n","504","0.504","1"
"38","self-matching","3","Matching","rhomboid","happy","NonPerson","NonPerson","lbl_happy","label_happy","Happy","NonPerson","n","654","0.654","1"
"38","self-matching","3","Nonmatching","diamond","friend","Friend","Close","lbl_you","label_you","Self","Self","m","633","0.633","1"
"38","self-matching","3","Matching","diamond","friend","Friend","Close","lbl_friend","label_friend","Friend","Close","m","564","0.564","0"
"38","self-matching","3","Nonmatching","triangle","you","Self","Self","lbl_friend","label_friend","Friend","Close","m","700","0.7","1"
"38","self-matching","3","Nonmatching","octagon","neutral","NonPerson","NonPerson","lbl_happy","label_happy","Happy","NonPerson","m","591","0.591","1"
"38","self-matching","3","Nonmatching","octagon","neutral","NonPerson","NonPerson","lbl_happy","label_happy","Happy","NonPerson","m","522","0.522","1"
"38","self-matching","3","Matching","rhomboid","happy","NonPerson","NonPerson","lbl_happy","label_happy","Happy","NonPerson","m","593","0.593","0"
"38","self-matching","1","Nonmatching","kite","friend","Friend","Close","lbl_you","label_you","Self","Self","c","682","0.682","1"
"38","self-matching","1","Matching","kite","friend","Friend","Close","lbl_friend","label_friend","Friend","Close","x","551","0.551","1"
"38","self-matching","1","Matching","kite","friend","Friend","Close","lbl_friend","label_friend","Friend","Close","x","437","0.437","1"
"38","self-matching","1","Nonmatching","square","happy","NonPerson","NonPerson","lbl_neutral","label_neutral","Neutral","NonPerson","c","560","0.56","1"
"38","self-matching","1","Matching","trapeze","you","Self","Self","lbl_you","label_you","Self","Self","c","467","0.467","0"
"38","self-matching","1","Matching","trapeze","you","Self","Self","lbl_you","label_you","Self","Self","x","377","0.377","1"
"38","self-matching","1","Matching","pentagon","neutral","NonPerson","NonPerson","lbl_neutral","label_neutral","Neutral","NonPerson","c","442","0.442","0"
"38","self-matching","1","Nonmatching","square","happy","NonPerson","NonPerson","lbl_neutral","label_neutral","Neutral","NonPerson","x","551","0.551","0"
"38","self-matching","1","Matching","square","happy","NonPerson","NonPerson","lbl_happy","label_happy","Happy","NonPerson","c","647","0.647","0"
"38","self-matching","1","Matching","square","happy","NonPerson","NonPerson","lbl_happy","label_happy","Happy","NonPerson","x","397","0.397","1"
"38","self-matching","1","Matching","pentagon","neutral","NonPerson","NonPerson","lbl_neutral","label_neutral","Neutral","NonPerson","x","834","0.834","1"
"38","self-matching","1","Nonmatching","trapeze","you","Self","Self","lbl_friend","label_friend","Friend","Close","x","565","0.565","0"
"38","self-matching","1","Nonmatching","kite","friend","Friend","Close","lbl_you","label_you","Self","Self","c","720","0.72","1"
"38","self-matching","1","Nonmatching","pentagon","neutral","NonPerson","NonPerson","lbl_happy","label_happy","Happy","NonPerson","c","800","0.8","1"
"38","self-matching","1","Nonmatching","trapeze","you","Self","Self","lbl_friend","label_friend","Friend","Close","c","800","0.8","1"
"38","self-matching","1","Nonmatching","pentagon","neutral","NonPerson","NonPerson","lbl_happy","label_happy","Happy","NonPerson","c","685","0.685","1"
"38","self-matching","2","Nonmatching","kite","friend","Friend","Close","lbl_you","label_you","Self","Self","c","540","0.54","1"
"38","self-matching","2","Matching","pentagon","neutral","NonPerson","NonPerson","lbl_neutral","label_neutral","Neutral","NonPerson","c","561","0.561","0"
"38","self-matching","2","Matching","trapeze","you","Self","Self","lbl_you","label_you","Self","Self","x","661","0.661","1"
"38","self-matching","2","Matching","square","happy","NonPerson","NonPerson","lbl_happy","label_happy","Happy","NonPerson","c","526","0.526","0"
"38","self-matching","2","Matching","square","happy","NonPerson","NonPerson","lbl_happy","label_happy","Happy","NonPerson","x","631","0.631","1"
"38","self-matching","2","Matching","pentagon","neutral","NonPerson","NonPerson","lbl_neutral","label_neutral","Neutral","NonPerson","c","576","0.576","0"
"38","self-matching","2","Nonmatching","trapeze","you","Self","Self","lbl_friend","label_friend","Friend","Close","c","861","0.861","1"
"38","self-matching","2","Nonmatching","kite","friend","Friend","Close","lbl_you","label_you","Self","Self","c","571","0.571","1"
"38","self-matching","2","Nonmatching","pentagon","neutral","NonPerson","NonPerson","lbl_happy","label_happy","Happy","NonPerson","x","606","0.606","0"
"38","self-matching","2","Nonmatching","square","happy","NonPerson","NonPerson","lbl_neutral","label_neutral","Neutral","NonPerson","c","800","0.8","1"
"38","self-matching","2","Matching","kite","friend","Friend","Close","lbl_friend","label_friend","Friend","Close","x","710","0.71","1"
"38","self-matching","2","Nonmatching","trapeze","you","Self","Self","lbl_friend","label_friend","Friend","Close","c","681","0.681","1"
"38","self-matching","2","Matching","kite","friend","Friend","Close","lbl_friend","label_friend","Friend","Close","x","661","0.661","1"
"38","self-matching","2","Nonmatching","pentagon","neutral","NonPerson","NonPerson","lbl_happy","label_happy","Happy","NonPerson","c","704","0.704","1"
"38","self-matching","2","Matching","trapeze","you","Self","Self","lbl_you","label_you","Self","Self","c","674","0.674","0"
"38","self-matching","2","Nonmatching","square","happy","NonPerson","NonPerson","lbl_neutral","label_neutral","Neutral","NonPerson","x","761","0.761","0"
"38","self-matching","3","Nonmatching","square","happy","NonPerson","NonPerson","lbl_neutral","label_neutral","Neutral","NonPerson","x","917","0.917","0"
"38","self-matching","3","Nonmatching","kite","friend","Friend","Close","lbl_you","label_you","Self","Self","c","647","0.647","1"
"38","self-matching","3","Matching","square","happy","NonPerson","NonPerson","lbl_happy","label_happy","Happy","NonPerson","x","626","0.626","1"
"38","self-matching","3","Nonmatching","trapeze","you","Self","Self","lbl_friend","label_friend","Friend","Close","c","648","0.648","1"
"38","self-matching","3","Nonmatching","pentagon","neutral","NonPerson","NonPerson","lbl_happy","label_happy","Happy","NonPerson","c","683","0.683","1"
"38","self-matching","3","Matching","pentagon","neutral","NonPerson","NonPerson","lbl_neutral","label_neutral","Neutral","NonPerson","c","552","0.552","0"
"38","self-matching","3","Matching","pentagon","neutral","NonPerson","NonPerson","lbl_neutral","label_neutral","Neutral","NonPerson","x","734","0.734","1"
"38","self-matching","3","Matching","trapeze","you","Self","Self","lbl_you","label_you","Self","Self","x","666","0.666","1"
"38","self-matching","3","Nonmatching","trapeze","you","Self","Self","lbl_friend","label_friend","Friend","Close","c","646","0.646","1"
"38","self-matching","3","Matching","kite","friend","Friend","Close","lbl_friend","label_friend","Friend","Close","x","836","0.836","1"
"38","self-matching","3","Matching","trapeze","you","Self","Self","lbl_you","label_you","Self","Self","x","690","0.69","1"
"38","self-matching","3","Matching","kite","friend","Friend","Close","lbl_friend","label_friend","Friend","Close","c","922","0.922","0"
"38","self-matching","3","Nonmatching","square","happy","NonPerson","NonPerson","lbl_neutral","label_neutral","Neutral","NonPerson","c","661","0.661","1"
"38","self-matching","3","Nonmatching","kite","friend","Friend","Close","lbl_you","label_you","Self","Self","c","658","0.658","1"
"38","self-matching","3","Matching","square","happy","NonPerson","NonPerson","lbl_happy","label_happy","Happy","NonPerson","x","611","0.611","1"
"38","self-matching","3","Nonmatching","pentagon","neutral","NonPerson","NonPerson","lbl_happy","label_happy","Happy","NonPerson","c","738","0.738","1"
"39","self-matching","1","Matching","square","happy","NonPerson","NonPerson","lbl_happy","label_happy","Happy","NonPerson","x","771","0.771","1"
"39","self-matching","1","Nonmatching","square","happy","NonPerson","NonPerson","lbl_neutral","label_neutral","Neutral","NonPerson","c","772","0.772","1"
"39","self-matching","1","Matching","square","happy","NonPerson","NonPerson","lbl_happy","label_happy","Happy","NonPerson","c","765","0.765","0"
"39","self-matching","1","Nonmatching","pentagon","neutral","NonPerson","NonPerson","lbl_happy","label_happy","Happy","NonPerson","c","845","0.845","1"
"39","self-matching","1","Nonmatching","pentagon","neutral","NonPerson","NonPerson","lbl_happy","label_happy","Happy","NonPerson","x","815","0.815","0"
"39","self-matching","1","Matching","pentagon","neutral","NonPerson","NonPerson","lbl_neutral","label_neutral","Neutral","NonPerson","c","826","0.826","0"
"39","self-matching","1","Nonmatching","kite","you","Self","Self","lbl_friend","label_friend","Friend","Close","c","835","0.835","1"
"39","self-matching","1","Matching","trapeze","friend","Friend","Close","lbl_friend","label_friend","Friend","Close","x","842","0.842","1"
"39","self-matching","1","Matching","kite","you","Self","Self","lbl_you","label_you","Self","Self","x","769","0.769","1"
"39","self-matching","1","Nonmatching","trapeze","friend","Friend","Close","lbl_you","label_you","Self","Self","c","745","0.745","1"
"39","self-matching","1","Matching","trapeze","friend","Friend","Close","lbl_friend","label_friend","Friend","Close","x","801","0.801","1"
"39","self-matching","1","Matching","pentagon","neutral","NonPerson","NonPerson","lbl_neutral","label_neutral","Neutral","NonPerson","c","1044","1.044","0"
"39","self-matching","1","Nonmatching","square","happy","NonPerson","NonPerson","lbl_neutral","label_neutral","Neutral","NonPerson","x","1124","1.124","0"
"39","self-matching","1","Nonmatching","trapeze","friend","Friend","Close","lbl_you","label_you","Self","Self","c","899","0.899","1"
"39","self-matching","1","Nonmatching","kite","you","Self","Self","lbl_friend","label_friend","Friend","Close","x","1028","1.028","0"
"39","self-matching","1","Matching","kite","you","Self","Self","lbl_you","label_you","Self","Self","x","1036","1.036","1"
"39","self-matching","2","Nonmatching","pentagon","neutral","NonPerson","NonPerson","lbl_happy","label_happy","Happy","NonPerson","c","1362","1.362","1"
"39","self-matching","2","Matching","pentagon","neutral","NonPerson","NonPerson","lbl_neutral","label_neutral","Neutral","NonPerson","timeout","1650","1.65","0"
"39","self-matching","2","Nonmatching","kite","you","Self","Self","lbl_friend","label_friend","Friend","Close","c","994","0.994","1"
"39","self-matching","2","Matching","trapeze","friend","Friend","Close","lbl_friend","label_friend","Friend","Close","x","740","0.74","1"
"39","self-matching","2","Nonmatching","trapeze","friend","Friend","Close","lbl_you","label_you","Self","Self","c","1071","1.071","1"
"39","self-matching","2","Nonmatching","square","happy","NonPerson","NonPerson","lbl_neutral","label_neutral","Neutral","NonPerson","c","869","0.869","1"
"39","self-matching","2","Nonmatching","trapeze","friend","Friend","Close","lbl_you","label_you","Self","Self","c","861","0.861","1"
"39","self-matching","2","Matching","square","happy","NonPerson","NonPerson","lbl_happy","label_happy","Happy","NonPerson","x","780","0.78","1"
"39","self-matching","2","Nonmatching","kite","you","Self","Self","lbl_friend","label_friend","Friend","Close","c","1053","1.053","1"
"39","self-matching","2","Nonmatching","square","happy","NonPerson","NonPerson","lbl_neutral","label_neutral","Neutral","NonPerson","c","849","0.849","1"
"39","self-matching","2","Matching","trapeze","friend","Friend","Close","lbl_friend","label_friend","Friend","Close","x","814","0.814","1"
"39","self-matching","2","Matching","pentagon","neutral","NonPerson","NonPerson","lbl_neutral","label_neutral","Neutral","NonPerson","x","1215","1.215","1"
"39","self-matching","2","Matching","kite","you","Self","Self","lbl_you","label_you","Self","Self","x","816","0.816","1"
"39","self-matching","2","Matching","kite","you","Self","Self","lbl_you","label_you","Self","Self","c","966","0.966","0"
"39","self-matching","2","Matching","square","happy","NonPerson","NonPerson","lbl_happy","label_happy","Happy","NonPerson","x","771","0.771","1"
"39","self-matching","2","Nonmatching","pentagon","neutral","NonPerson","NonPerson","lbl_happy","label_happy","Happy","NonPerson","c","1461","1.461","1"
"39","self-matching","3","Nonmatching","kite","you","Self","Self","lbl_friend","label_friend","Friend","Close","x","850","0.85","0"
"39","self-matching","3","Matching","trapeze","friend","Friend","Close","lbl_friend","label_friend","Friend","Close","x","885","0.885","1"
"39","self-matching","3","Matching","pentagon","neutral","NonPerson","NonPerson","lbl_neutral","label_neutral","Neutral","NonPerson","x","1065","1.065","1"
"39","self-matching","3","Nonmatching","square","happy","NonPerson","NonPerson","lbl_neutral","label_neutral","Neutral","NonPerson","c","1059","1.059","1"
"39","self-matching","3","Nonmatching","square","happy","NonPerson","NonPerson","lbl_neutral","label_neutral","Neutral","NonPerson","c","1140","1.14","1"
"39","self-matching","3","Matching","trapeze","friend","Friend","Close","lbl_friend","label_friend","Friend","Close","x","644","0.644","1"
"39","self-matching","3","Matching","pentagon","neutral","NonPerson","NonPerson","lbl_neutral","label_neutral","Neutral","NonPerson","x","1029","1.029","1"
"39","self-matching","3","Matching","square","happy","NonPerson","NonPerson","lbl_happy","label_happy","Happy","NonPerson","x","671","0.671","1"
"39","self-matching","3","Matching","square","happy","NonPerson","NonPerson","lbl_happy","label_happy","Happy","NonPerson","x","777","0.777","1"
"39","self-matching","3","Nonmatching","trapeze","friend","Friend","Close","lbl_you","label_you","Self","Self","c","857","0.857","1"
"39","self-matching","3","Nonmatching","pentagon","neutral","NonPerson","NonPerson","lbl_happy","label_happy","Happy","NonPerson","c","1174","1.174","1"
"39","self-matching","3","Nonmatching","trapeze","friend","Friend","Close","lbl_you","label_you","Self","Self","c","836","0.836","1"
"39","self-matching","3","Matching","kite","you","Self","Self","lbl_you","label_you","Self","Self","x","683","0.683","1"
"39","self-matching","3","Matching","kite","you","Self","Self","lbl_you","label_you","Self","Self","x","805","0.805","1"
"39","self-matching","3","Nonmatching","kite","you","Self","Self","lbl_friend","label_friend","Friend","Close","c","806","0.806","1"
"39","self-matching","3","Nonmatching","pentagon","neutral","NonPerson","NonPerson","lbl_happy","label_happy","Happy","NonPerson","c","894","0.894","1"
"39","self-matching","1","Nonmatching","octagon","neutral","NonPerson","NonPerson","lbl_happy","label_happy","Happy","NonPerson","m","872","0.872","1"
"39","self-matching","1","Matching","triangle","friend","Friend","Close","lbl_friend","label_friend","Friend","Close","n","813","0.813","1"
"39","self-matching","1","Nonmatching","rhomboid","happy","NonPerson","NonPerson","lbl_neutral","label_neutral","Neutral","NonPerson","m","909","0.909","1"
"39","self-matching","1","Matching","diamond","you","Self","Self","lbl_you","label_you","Self","Self","n","606","0.606","1"
"39","self-matching","1","Matching","rhomboid","happy","NonPerson","NonPerson","lbl_happy","label_happy","Happy","NonPerson","n","954","0.954","1"
"39","self-matching","1","Nonmatching","triangle","friend","Friend","Close","lbl_you","label_you","Self","Self","n","930","0.93","0"
"39","self-matching","1","Nonmatching","octagon","neutral","NonPerson","NonPerson","lbl_happy","label_happy","Happy","NonPerson","m","936","0.936","1"
"39","self-matching","1","Nonmatching","diamond","you","Self","Self","lbl_friend","label_friend","Friend","Close","m","1044","1.044","1"
"39","self-matching","1","Matching","octagon","neutral","NonPerson","NonPerson","lbl_neutral","label_neutral","Neutral","NonPerson","n","984","0.984","1"
"39","self-matching","1","Nonmatching","rhomboid","happy","NonPerson","NonPerson","lbl_neutral","label_neutral","Neutral","NonPerson","m","1009","1.009","1"
"39","self-matching","1","Matching","diamond","you","Self","Self","lbl_you","label_you","Self","Self","n","713","0.713","1"
"39","self-matching","1","Nonmatching","diamond","you","Self","Self","lbl_friend","label_friend","Friend","Close","m","975","0.975","1"
"39","self-matching","1","Nonmatching","triangle","friend","Friend","Close","lbl_you","label_you","Self","Self","n","589","0.589","0"
"39","self-matching","1","Matching","triangle","friend","Friend","Close","lbl_friend","label_friend","Friend","Close","n","949","0.949","1"
"39","self-matching","1","Matching","rhomboid","happy","NonPerson","NonPerson","lbl_happy","label_happy","Happy","NonPerson","n","734","0.734","1"
"39","self-matching","1","Matching","octagon","neutral","NonPerson","NonPerson","lbl_neutral","label_neutral","Neutral","NonPerson","n","870","0.87","1"
"39","self-matching","2","Matching","octagon","neutral","NonPerson","NonPerson","lbl_neutral","label_neutral","Neutral","NonPerson","n","773","0.773","1"
"39","self-matching","2","Nonmatching","diamond","you","Self","Self","lbl_friend","label_friend","Friend","Close","m","953","0.953","1"
"39","self-matching","2","Matching","octagon","neutral","NonPerson","NonPerson","lbl_neutral","label_neutral","Neutral","NonPerson","n","787","0.787","1"
"39","self-matching","2","Nonmatching","octagon","neutral","NonPerson","NonPerson","lbl_happy","label_happy","Happy","NonPerson","m","762","0.762","1"
"39","self-matching","2","Nonmatching","rhomboid","happy","NonPerson","NonPerson","lbl_neutral","label_neutral","Neutral","NonPerson","m","784","0.784","1"
"39","self-matching","2","Nonmatching","octagon","neutral","NonPerson","NonPerson","lbl_happy","label_happy","Happy","NonPerson","m","1014","1.014","1"
"39","self-matching","2","Matching","rhomboid","happy","NonPerson","NonPerson","lbl_happy","label_happy","Happy","NonPerson","n","711","0.711","1"
"39","self-matching","2","Nonmatching","triangle","friend","Friend","Close","lbl_you","label_you","Self","Self","m","1012","1.012","1"
"39","self-matching","2","Matching","diamond","you","Self","Self","lbl_you","label_you","Self","Self","n","923","0.923","1"
"39","self-matching","2","Nonmatching","triangle","friend","Friend","Close","lbl_you","label_you","Self","Self","n","992","0.992","0"
"39","self-matching","2","Matching","triangle","friend","Friend","Close","lbl_friend","label_friend","Friend","Close","n","982","0.982","1"
"39","self-matching","2","Matching","diamond","you","Self","Self","lbl_you","label_you","Self","Self","n","696","0.696","1"
"39","self-matching","2","Matching","triangle","friend","Friend","Close","lbl_friend","label_friend","Friend","Close","n","1072","1.072","1"
"39","self-matching","2","Matching","rhomboid","happy","NonPerson","NonPerson","lbl_happy","label_happy","Happy","NonPerson","m","959","0.959","0"
"39","self-matching","2","Nonmatching","rhomboid","happy","NonPerson","NonPerson","lbl_neutral","label_neutral","Neutral","NonPerson","m","871","0.871","1"
"39","self-matching","2","Nonmatching","diamond","you","Self","Self","lbl_friend","label_friend","Friend","Close","m","1093","1.093","1"
"39","self-matching","3","Matching","octagon","neutral","NonPerson","NonPerson","lbl_neutral","label_neutral","Neutral","NonPerson","n","790","0.79","1"
"39","self-matching","3","Matching","rhomboid","happy","NonPerson","NonPerson","lbl_happy","label_happy","Happy","NonPerson","n","765","0.765","1"
"39","self-matching","3","Matching","octagon","neutral","NonPerson","NonPerson","lbl_neutral","label_neutral","Neutral","NonPerson","n","996","0.996","1"
"39","self-matching","3","Nonmatching","octagon","neutral","NonPerson","NonPerson","lbl_happy","label_happy","Happy","NonPerson","n","854","0.854","0"
"39","self-matching","3","Nonmatching","octagon","neutral","NonPerson","NonPerson","lbl_happy","label_happy","Happy","NonPerson","m","1322","1.322","1"
"39","self-matching","3","Matching","diamond","you","Self","Self","lbl_you","label_you","Self","Self","n","861","0.861","1"
"39","self-matching","3","Nonmatching","diamond","you","Self","Self","lbl_friend","label_friend","Friend","Close","m","928","0.928","1"
"39","self-matching","3","Nonmatching","triangle","friend","Friend","Close","lbl_you","label_you","Self","Self","m","1137","1.137","1"
"39","self-matching","3","Nonmatching","triangle","friend","Friend","Close","lbl_you","label_you","Self","Self","m","761","0.761","1"
"39","self-matching","3","Nonmatching","rhomboid","happy","NonPerson","NonPerson","lbl_neutral","label_neutral","Neutral","NonPerson","m","927","0.927","1"
"39","self-matching","3","Matching","rhomboid","happy","NonPerson","NonPerson","lbl_happy","label_happy","Happy","NonPerson","n","1205","1.205","1"
"39","self-matching","3","Matching","triangle","friend","Friend","Close","lbl_friend","label_friend","Friend","Close","n","820","0.82","1"
"39","self-matching","3","Nonmatching","rhomboid","happy","NonPerson","NonPerson","lbl_neutral","label_neutral","Neutral","NonPerson","m","732","0.732","1"
"39","self-matching","3","Matching","triangle","friend","Friend","Close","lbl_friend","label_friend","Friend","Close","n","713","0.713","1"
"39","self-matching","3","Nonmatching","diamond","you","Self","Self","lbl_friend","label_friend","Friend","Close","m","767","0.767","1"
"39","self-matching","3","Matching","diamond","you","Self","Self","lbl_you","label_you","Self","Self","n","698","0.698","1"
"40","self-matching","1","Matching","pentagon","you","Self","Self","lbl_you","label_you","Self","Self","c","907","0.907","0"
"40","self-matching","1","Nonmatching","kite","neutral","NonPerson","NonPerson","lbl_happy","label_happy","Happy","NonPerson","c","902","0.902","1"
"40","self-matching","1","Matching","square","friend","Friend","Close","lbl_friend","label_friend","Friend","Close","c","739","0.739","0"
"40","self-matching","1","Nonmatching","kite","neutral","NonPerson","NonPerson","lbl_happy","label_happy","Happy","NonPerson","c","1029","1.029","1"
"40","self-matching","1","Matching","kite","neutral","NonPerson","NonPerson","lbl_neutral","label_neutral","Neutral","NonPerson","x","848","0.848","1"
"40","self-matching","1","Matching","trapeze","happy","NonPerson","NonPerson","lbl_happy","label_happy","Happy","NonPerson","x","738","0.738","1"
"40","self-matching","1","Matching","kite","neutral","NonPerson","NonPerson","lbl_neutral","label_neutral","Neutral","NonPerson","c","789","0.789","0"
"40","self-matching","1","Nonmatching","pentagon","you","Self","Self","lbl_friend","label_friend","Friend","Close","x","901","0.901","0"
"40","self-matching","1","Nonmatching","pentagon","you","Self","Self","lbl_friend","label_friend","Friend","Close","c","800","0.8","1"
"40","self-matching","1","Matching","trapeze","happy","NonPerson","NonPerson","lbl_happy","label_happy","Happy","NonPerson","x","781","0.781","1"
"40","self-matching","1","Nonmatching","trapeze","happy","NonPerson","NonPerson","lbl_neutral","label_neutral","Neutral","NonPerson","c","810","0.81","1"
"40","self-matching","1","Nonmatching","trapeze","happy","NonPerson","NonPerson","lbl_neutral","label_neutral","Neutral","NonPerson","c","920","0.92","1"
"40","self-matching","1","Matching","pentagon","you","Self","Self","lbl_you","label_you","Self","Self","x","911","0.911","1"
"40","self-matching","1","Matching","square","friend","Friend","Close","lbl_friend","label_friend","Friend","Close","x","633","0.633","1"
"40","self-matching","1","Nonmatching","square","friend","Friend","Close","lbl_you","label_you","Self","Self","c","754","0.754","1"
"40","self-matching","1","Nonmatching","square","friend","Friend","Close","lbl_you","label_you","Self","Self","x","810","0.81","0"
"40","self-matching","2","Nonmatching","trapeze","happy","NonPerson","NonPerson","lbl_neutral","label_neutral","Neutral","NonPerson","c","868","0.868","1"
"40","self-matching","2","Nonmatching","pentagon","you","Self","Self","lbl_friend","label_friend","Friend","Close","c","774","0.774","1"
"40","self-matching","2","Matching","trapeze","happy","NonPerson","NonPerson","lbl_happy","label_happy","Happy","NonPerson","c","823","0.823","0"
"40","self-matching","2","Matching","pentagon","you","Self","Self","lbl_you","label_you","Self","Self","x","781","0.781","1"
"40","self-matching","2","Nonmatching","kite","neutral","NonPerson","NonPerson","lbl_happy","label_happy","Happy","NonPerson","c","883","0.883","1"
"40","self-matching","2","Matching","pentagon","you","Self","Self","lbl_you","label_you","Self","Self","x","683","0.683","1"
"40","self-matching","2","Nonmatching","pentagon","you","Self","Self","lbl_friend","label_friend","Friend","Close","c","743","0.743","1"
"40","self-matching","2","Nonmatching","square","friend","Friend","Close","lbl_you","label_you","Self","Self","c","723","0.723","1"
"40","self-matching","2","Matching","kite","neutral","NonPerson","NonPerson","lbl_neutral","label_neutral","Neutral","NonPerson","c","1016","1.016","0"
"40","self-matching","2","Nonmatching","trapeze","happy","NonPerson","NonPerson","lbl_neutral","label_neutral","Neutral","NonPerson","c","737","0.737","1"
"40","self-matching","2","Nonmatching","kite","neutral","NonPerson","NonPerson","lbl_happy","label_happy","Happy","NonPerson","x","682","0.682","0"
"40","self-matching","2","Matching","kite","neutral","NonPerson","NonPerson","lbl_neutral","label_neutral","Neutral","NonPerson","x","902","0.902","1"
"40","self-matching","2","Matching","square","friend","Friend","Close","lbl_friend","label_friend","Friend","Close","x","908","0.908","1"
"40","self-matching","2","Nonmatching","square","friend","Friend","Close","lbl_you","label_you","Self","Self","c","605","0.605","1"
"40","self-matching","2","Matching","square","friend","Friend","Close","lbl_friend","label_friend","Friend","Close","c","814","0.814","0"
"40","self-matching","2","Matching","trapeze","happy","NonPerson","NonPerson","lbl_happy","label_happy","Happy","NonPerson","c","851","0.851","0"
"40","self-matching","3","Matching","kite","neutral","NonPerson","NonPerson","lbl_neutral","label_neutral","Neutral","NonPerson","c","752","0.752","0"
"40","self-matching","3","Matching","trapeze","happy","NonPerson","NonPerson","lbl_happy","label_happy","Happy","NonPerson","x","874","0.874","1"
"40","self-matching","3","Nonmatching","pentagon","you","Self","Self","lbl_friend","label_friend","Friend","Close","x","928","0.928","0"
"40","self-matching","3","Nonmatching","pentagon","you","Self","Self","lbl_friend","label_friend","Friend","Close","c","1122","1.122","1"
"40","self-matching","3","Nonmatching","trapeze","happy","NonPerson","NonPerson","lbl_neutral","label_neutral","Neutral","NonPerson","c","1075","1.075","1"
"40","self-matching","3","Matching","square","friend","Friend","Close","lbl_friend","label_friend","Friend","Close","x","806","0.806","1"
"40","self-matching","3","Nonmatching","trapeze","happy","NonPerson","NonPerson","lbl_neutral","label_neutral","Neutral","NonPerson","c","1082","1.082","1"
"40","self-matching","3","Matching","pentagon","you","Self","Self","lbl_you","label_you","Self","Self","x","914","0.914","1"
"40","self-matching","3","Nonmatching","kite","neutral","NonPerson","NonPerson","lbl_happy","label_happy","Happy","NonPerson","c","1182","1.182","1"
"40","self-matching","3","Matching","pentagon","you","Self","Self","lbl_you","label_you","Self","Self","x","794","0.794","1"
"40","self-matching","3","Nonmatching","kite","neutral","NonPerson","NonPerson","lbl_happy","label_happy","Happy","NonPerson","c","847","0.847","1"
"40","self-matching","3","Matching","trapeze","happy","NonPerson","NonPerson","lbl_happy","label_happy","Happy","NonPerson","x","898","0.898","1"
"40","self-matching","3","Nonmatching","square","friend","Friend","Close","lbl_you","label_you","Self","Self","c","896","0.896","1"
"40","self-matching","3","Nonmatching","square","friend","Friend","Close","lbl_you","label_you","Self","Self","c","846","0.846","1"
"40","self-matching","3","Matching","kite","neutral","NonPerson","NonPerson","lbl_neutral","label_neutral","Neutral","NonPerson","c","997","0.997","0"
"40","self-matching","3","Matching","square","friend","Friend","Close","lbl_friend","label_friend","Friend","Close","x","911","0.911","1"
"40","self-matching","1","Nonmatching","triangle","happy","NonPerson","NonPerson","lbl_neutral","label_neutral","Neutral","NonPerson","m","711","0.711","1"
"40","self-matching","1","Nonmatching","octagon","you","Self","Self","lbl_friend","label_friend","Friend","Close","m","738","0.738","1"
"40","self-matching","1","Matching","triangle","happy","NonPerson","NonPerson","lbl_happy","label_happy","Happy","NonPerson","n","751","0.751","1"
"40","self-matching","1","Matching","rhomboid","friend","Friend","Close","lbl_friend","label_friend","Friend","Close","n","814","0.814","1"
"40","self-matching","1","Nonmatching","octagon","you","Self","Self","lbl_friend","label_friend","Friend","Close","m","1029","1.029","1"
"40","self-matching","1","Nonmatching","diamond","neutral","NonPerson","NonPerson","lbl_happy","label_happy","Happy","NonPerson","m","1003","1.003","1"
"40","self-matching","1","Nonmatching","diamond","neutral","NonPerson","NonPerson","lbl_happy","label_happy","Happy","NonPerson","m","1241","1.241","1"
"40","self-matching","1","Matching","octagon","you","Self","Self","lbl_you","label_you","Self","Self","n","664","0.664","1"
"40","self-matching","1","Matching","diamond","neutral","NonPerson","NonPerson","lbl_neutral","label_neutral","Neutral","NonPerson","m","726","0.726","0"
"40","self-matching","1","Nonmatching","triangle","happy","NonPerson","NonPerson","lbl_neutral","label_neutral","Neutral","NonPerson","n","839","0.839","0"
"40","self-matching","1","Matching","triangle","happy","NonPerson","NonPerson","lbl_happy","label_happy","Happy","NonPerson","n","844","0.844","1"
"40","self-matching","1","Nonmatching","rhomboid","friend","Friend","Close","lbl_you","label_you","Self","Self","m","770","0.77","1"
"40","self-matching","1","Matching","octagon","you","Self","Self","lbl_you","label_you","Self","Self","n","1041","1.041","1"
"40","self-matching","1","Nonmatching","rhomboid","friend","Friend","Close","lbl_you","label_you","Self","Self","m","920","0.92","1"
"40","self-matching","1","Matching","diamond","neutral","NonPerson","NonPerson","lbl_neutral","label_neutral","Neutral","NonPerson","n","1265","1.265","1"
"40","self-matching","1","Matching","rhomboid","friend","Friend","Close","lbl_friend","label_friend","Friend","Close","n","787","0.787","1"
"40","self-matching","2","Nonmatching","rhomboid","friend","Friend","Close","lbl_you","label_you","Self","Self","m","777","0.777","1"
"40","self-matching","2","Matching","diamond","neutral","NonPerson","NonPerson","lbl_neutral","label_neutral","Neutral","NonPerson","n","1034","1.034","1"
"40","self-matching","2","Nonmatching","diamond","neutral","NonPerson","NonPerson","lbl_happy","label_happy","Happy","NonPerson","m","794","0.794","1"
"40","self-matching","2","Matching","octagon","you","Self","Self","lbl_you","label_you","Self","Self","n","769","0.769","1"
"40","self-matching","2","Nonmatching","rhomboid","friend","Friend","Close","lbl_you","label_you","Self","Self","m","697","0.697","1"
"40","self-matching","2","Matching","octagon","you","Self","Self","lbl_you","label_you","Self","Self","n","911","0.911","1"
"40","self-matching","2","Nonmatching","triangle","happy","NonPerson","NonPerson","lbl_neutral","label_neutral","Neutral","NonPerson","m","981","0.981","1"
"40","self-matching","2","Matching","diamond","neutral","NonPerson","NonPerson","lbl_neutral","label_neutral","Neutral","NonPerson","m","994","0.994","0"
"40","self-matching","2","Matching","triangle","happy","NonPerson","NonPerson","lbl_happy","label_happy","Happy","NonPerson","n","829","0.829","1"
"40","self-matching","2","Nonmatching","diamond","neutral","NonPerson","NonPerson","lbl_happy","label_happy","Happy","NonPerson","n","1002","1.002","0"
"40","self-matching","2","Nonmatching","triangle","happy","NonPerson","NonPerson","lbl_neutral","label_neutral","Neutral","NonPerson","m","806","0.806","1"
"40","self-matching","2","Matching","triangle","happy","NonPerson","NonPerson","lbl_happy","label_happy","Happy","NonPerson","n","998","0.998","1"
"40","self-matching","2","Matching","rhomboid","friend","Friend","Close","lbl_friend","label_friend","Friend","Close","n","942","0.942","1"
"40","self-matching","2","Nonmatching","octagon","you","Self","Self","lbl_friend","label_friend","Friend","Close","m","829","0.829","1"
"40","self-matching","2","Matching","rhomboid","friend","Friend","Close","lbl_friend","label_friend","Friend","Close","n","985","0.985","1"
"40","self-matching","2","Nonmatching","octagon","you","Self","Self","lbl_friend","label_friend","Friend","Close","m","796","0.796","1"
"40","self-matching","3","Matching","diamond","neutral","NonPerson","NonPerson","lbl_neutral","label_neutral","Neutral","NonPerson","n","1007","1.007","1"
"40","self-matching","3","Matching","triangle","happy","NonPerson","NonPerson","lbl_happy","label_happy","Happy","NonPerson","n","635","0.635","1"
"40","self-matching","3","Nonmatching","rhomboid","friend","Friend","Close","lbl_you","label_you","Self","Self","m","800","0.8","1"
"40","self-matching","3","Nonmatching","diamond","neutral","NonPerson","NonPerson","lbl_happy","label_happy","Happy","NonPerson","m","902","0.902","1"
"40","self-matching","3","Nonmatching","diamond","neutral","NonPerson","NonPerson","lbl_happy","label_happy","Happy","NonPerson","m","1109","1.109","1"
"40","self-matching","3","Nonmatching","triangle","happy","NonPerson","NonPerson","lbl_neutral","label_neutral","Neutral","NonPerson","m","770","0.77","1"
"40","self-matching","3","Nonmatching","rhomboid","friend","Friend","Close","lbl_you","label_you","Self","Self","m","817","0.817","1"
"40","self-matching","3","Nonmatching","triangle","happy","NonPerson","NonPerson","lbl_neutral","label_neutral","Neutral","NonPerson","n","1491","1.491","0"
"40","self-matching","3","Nonmatching","octagon","you","Self","Self","lbl_friend","label_friend","Friend","Close","m","742","0.742","1"
"40","self-matching","3","Matching","rhomboid","friend","Friend","Close","lbl_friend","label_friend","Friend","Close","n","809","0.809","1"
"40","self-matching","3","Matching","diamond","neutral","NonPerson","NonPerson","lbl_neutral","label_neutral","Neutral","NonPerson","n","1528","1.528","1"
"40","self-matching","3","Nonmatching","octagon","you","Self","Self","lbl_friend","label_friend","Friend","Close","m","710","0.71","1"
"40","self-matching","3","Matching","rhomboid","friend","Friend","Close","lbl_friend","label_friend","Friend","Close","n","738","0.738","1"
"40","self-matching","3","Matching","octagon","you","Self","Self","lbl_you","label_you","Self","Self","n","818","0.818","1"
"40","self-matching","3","Matching","octagon","you","Self","Self","lbl_you","label_you","Self","Self","n","569","0.569","1"
"40","self-matching","3","Matching","triangle","happy","NonPerson","NonPerson","lbl_happy","label_happy","Happy","NonPerson","n","934","0.934","1"
"42","self-matching","1","Matching","pentagon","happy","NonPerson","NonPerson","lbl_happy","label_happy","Happy","NonPerson","n","731","0.731","1"
"42","self-matching","1","Nonmatching","trapeze","friend","Friend","Close","lbl_you","label_you","Self","Self","m","803","0.803","1"
"42","self-matching","1","Matching","kite","you","Self","Self","lbl_you","label_you","Self","Self","n","636","0.636","1"
"42","self-matching","1","Matching","trapeze","friend","Friend","Close","lbl_friend","label_friend","Friend","Close","n","849","0.849","1"
"42","self-matching","1","Matching","square","neutral","NonPerson","NonPerson","lbl_neutral","label_neutral","Neutral","NonPerson","m","921","0.921","0"
"42","self-matching","1","Matching","kite","you","Self","Self","lbl_you","label_you","Self","Self","n","619","0.619","1"
"42","self-matching","1","Matching","trapeze","friend","Friend","Close","lbl_friend","label_friend","Friend","Close","n","496","0.496","1"
"42","self-matching","1","Matching","square","neutral","NonPerson","NonPerson","lbl_neutral","label_neutral","Neutral","NonPerson","n","927","0.927","1"
"42","self-matching","1","Nonmatching","square","neutral","NonPerson","NonPerson","lbl_happy","label_happy","Happy","NonPerson","m","940","0.94","1"
"42","self-matching","1","Nonmatching","kite","you","Self","Self","lbl_friend","label_friend","Friend","Close","m","774","0.774","1"
"42","self-matching","1","Nonmatching","pentagon","happy","NonPerson","NonPerson","lbl_neutral","label_neutral","Neutral","NonPerson","n","1147","1.147","0"
"42","self-matching","1","Nonmatching","kite","you","Self","Self","lbl_friend","label_friend","Friend","Close","m","753","0.753","1"
"42","self-matching","1","Nonmatching","pentagon","happy","NonPerson","NonPerson","lbl_neutral","label_neutral","Neutral","NonPerson","m","959","0.959","1"
"42","self-matching","1","Nonmatching","trapeze","friend","Friend","Close","lbl_you","label_you","Self","Self","m","892","0.892","1"
"42","self-matching","1","Matching","pentagon","happy","NonPerson","NonPerson","lbl_happy","label_happy","Happy","NonPerson","n","980","0.98","1"
"42","self-matching","1","Nonmatching","square","neutral","NonPerson","NonPerson","lbl_happy","label_happy","Happy","NonPerson","m","874","0.874","1"
"42","self-matching","2","Matching","trapeze","friend","Friend","Close","lbl_friend","label_friend","Friend","Close","n","1273","1.273","1"
"42","self-matching","2","Matching","trapeze","friend","Friend","Close","lbl_friend","label_friend","Friend","Close","n","802","0.802","1"
"42","self-matching","2","Nonmatching","trapeze","friend","Friend","Close","lbl_you","label_you","Self","Self","m","869","0.869","1"
"42","self-matching","2","Nonmatching","kite","you","Self","Self","lbl_friend","label_friend","Friend","Close","m","1156","1.156","1"
"42","self-matching","2","Matching","square","neutral","NonPerson","NonPerson","lbl_neutral","label_neutral","Neutral","NonPerson","n","1164","1.164","1"
"42","self-matching","2","Matching","pentagon","happy","NonPerson","NonPerson","lbl_happy","label_happy","Happy","NonPerson","n","988","0.988","1"
"42","self-matching","2","Nonmatching","square","neutral","NonPerson","NonPerson","lbl_happy","label_happy","Happy","NonPerson","m","809","0.809","1"
"42","self-matching","2","Nonmatching","kite","you","Self","Self","lbl_friend","label_friend","Friend","Close","m","844","0.844","1"
"42","self-matching","2","Matching","square","neutral","NonPerson","NonPerson","lbl_neutral","label_neutral","Neutral","NonPerson","n","1076","1.076","1"
"42","self-matching","2","Matching","kite","you","Self","Self","lbl_you","label_you","Self","Self","n","730","0.73","1"
"42","self-matching","2","Nonmatching","trapeze","friend","Friend","Close","lbl_you","label_you","Self","Self","m","888","0.888","1"
"42","self-matching","2","Nonmatching","pentagon","happy","NonPerson","NonPerson","lbl_neutral","label_neutral","Neutral","NonPerson","m","1079","1.079","1"
"42","self-matching","2","Nonmatching","pentagon","happy","NonPerson","NonPerson","lbl_neutral","label_neutral","Neutral","NonPerson","m","967","0.967","1"
"42","self-matching","2","Matching","pentagon","happy","NonPerson","NonPerson","lbl_happy","label_happy","Happy","NonPerson","n","1011","1.011","1"
"42","self-matching","2","Matching","kite","you","Self","Self","lbl_you","label_you","Self","Self","n","863","0.863","1"
"42","self-matching","2","Nonmatching","square","neutral","NonPerson","NonPerson","lbl_happy","label_happy","Happy","NonPerson","m","1121","1.121","1"
"42","self-matching","3","Nonmatching","trapeze","friend","Friend","Close","lbl_you","label_you","Self","Self","m","968","0.968","1"
"42","self-matching","3","Nonmatching","pentagon","happy","NonPerson","NonPerson","lbl_neutral","label_neutral","Neutral","NonPerson","m","837","0.837","1"
"42","self-matching","3","Matching","kite","you","Self","Self","lbl_you","label_you","Self","Self","n","740","0.74","1"
"42","self-matching","3","Matching","trapeze","friend","Friend","Close","lbl_friend","label_friend","Friend","Close","n","828","0.828","1"
"42","self-matching","3","Matching","square","neutral","NonPerson","NonPerson","lbl_neutral","label_neutral","Neutral","NonPerson","n","840","0.84","1"
"42","self-matching","3","Matching","trapeze","friend","Friend","Close","lbl_friend","label_friend","Friend","Close","n","1017","1.017","1"
"42","self-matching","3","Nonmatching","trapeze","friend","Friend","Close","lbl_you","label_you","Self","Self","m","822","0.822","1"
"42","self-matching","3","Matching","pentagon","happy","NonPerson","NonPerson","lbl_happy","label_happy","Happy","NonPerson","n","740","0.74","1"
"42","self-matching","3","Nonmatching","pentagon","happy","NonPerson","NonPerson","lbl_neutral","label_neutral","Neutral","NonPerson","m","924","0.924","1"
"42","self-matching","3","Nonmatching","kite","you","Self","Self","lbl_friend","label_friend","Friend","Close","m","1054","1.054","1"
"42","self-matching","3","Nonmatching","square","neutral","NonPerson","NonPerson","lbl_happy","label_happy","Happy","NonPerson","m","924","0.924","1"
"42","self-matching","3","Matching","kite","you","Self","Self","lbl_you","label_you","Self","Self","n","761","0.761","1"
"42","self-matching","3","Matching","square","neutral","NonPerson","NonPerson","lbl_neutral","label_neutral","Neutral","NonPerson","n","1059","1.059","1"
"42","self-matching","3","Nonmatching","kite","you","Self","Self","lbl_friend","label_friend","Friend","Close","m","1093","1.093","1"
"42","self-matching","3","Nonmatching","square","neutral","NonPerson","NonPerson","lbl_happy","label_happy","Happy","NonPerson","m","1078","1.078","1"
"42","self-matching","3","Matching","pentagon","happy","NonPerson","NonPerson","lbl_happy","label_happy","Happy","NonPerson","n","818","0.818","1"
"42","self-matching","1","Nonmatching","octagon","happy","NonPerson","NonPerson","lbl_neutral","label_neutral","Neutral","NonPerson","c","956","0.956","1"
"42","self-matching","1","Matching","triangle","friend","Friend","Close","lbl_friend","label_friend","Friend","Close","x","776","0.776","1"
"42","self-matching","1","Matching","triangle","friend","Friend","Close","lbl_friend","label_friend","Friend","Close","x","578","0.578","1"
"42","self-matching","1","Matching","octagon","happy","NonPerson","NonPerson","lbl_happy","label_happy","Happy","NonPerson","x","702","0.702","1"
"42","self-matching","1","Matching","diamond","you","Self","Self","lbl_you","label_you","Self","Self","x","802","0.802","1"
"42","self-matching","1","Nonmatching","diamond","you","Self","Self","lbl_friend","label_friend","Friend","Close","c","699","0.699","1"
"42","self-matching","1","Nonmatching","triangle","friend","Friend","Close","lbl_you","label_you","Self","Self","c","858","0.858","1"
"42","self-matching","1","Matching","rhomboid","neutral","NonPerson","NonPerson","lbl_neutral","label_neutral","Neutral","NonPerson","x","868","0.868","1"
"42","self-matching","1","Nonmatching","diamond","you","Self","Self","lbl_friend","label_friend","Friend","Close","c","853","0.853","1"
"42","self-matching","1","Matching","rhomboid","neutral","NonPerson","NonPerson","lbl_neutral","label_neutral","Neutral","NonPerson","x","751","0.751","1"
"42","self-matching","1","Nonmatching","triangle","friend","Friend","Close","lbl_you","label_you","Self","Self","x","990","0.99","0"
"42","self-matching","1","Nonmatching","rhomboid","neutral","NonPerson","NonPerson","lbl_happy","label_happy","Happy","NonPerson","c","1143","1.143","1"
"42","self-matching","1","Nonmatching","octagon","happy","NonPerson","NonPerson","lbl_neutral","label_neutral","Neutral","NonPerson","c","813","0.813","1"
"42","self-matching","1","Matching","octagon","happy","NonPerson","NonPerson","lbl_happy","label_happy","Happy","NonPerson","x","918","0.918","1"
"42","self-matching","1","Matching","diamond","you","Self","Self","lbl_you","label_you","Self","Self","c","808","0.808","0"
"42","self-matching","1","Nonmatching","rhomboid","neutral","NonPerson","NonPerson","lbl_happy","label_happy","Happy","NonPerson","c","914","0.914","1"
"42","self-matching","2","Matching","octagon","happy","NonPerson","NonPerson","lbl_happy","label_happy","Happy","NonPerson","x","836","0.836","1"
"42","self-matching","2","Matching","rhomboid","neutral","NonPerson","NonPerson","lbl_neutral","label_neutral","Neutral","NonPerson","x","891","0.891","1"
"42","self-matching","2","Nonmatching","triangle","friend","Friend","Close","lbl_you","label_you","Self","Self","x","722","0.722","0"
"42","self-matching","2","Nonmatching","rhomboid","neutral","NonPerson","NonPerson","lbl_happy","label_happy","Happy","NonPerson","c","1152","1.152","1"
"42","self-matching","2","Nonmatching","diamond","you","Self","Self","lbl_friend","label_friend","Friend","Close","c","827","0.827","1"
"42","self-matching","2","Matching","triangle","friend","Friend","Close","lbl_friend","label_friend","Friend","Close","x","856","0.856","1"
"42","self-matching","2","Nonmatching","octagon","happy","NonPerson","NonPerson","lbl_neutral","label_neutral","Neutral","NonPerson","c","945","0.945","1"
"42","self-matching","2","Matching","octagon","happy","NonPerson","NonPerson","lbl_happy","label_happy","Happy","NonPerson","x","1000","1","1"
"42","self-matching","2","Matching","diamond","you","Self","Self","lbl_you","label_you","Self","Self","x","751","0.751","1"
"42","self-matching","2","Matching","diamond","you","Self","Self","lbl_you","label_you","Self","Self","x","545","0.545","1"
"42","self-matching","2","Nonmatching","rhomboid","neutral","NonPerson","NonPerson","lbl_happy","label_happy","Happy","NonPerson","c","1066","1.066","1"
"42","self-matching","2","Nonmatching","triangle","friend","Friend","Close","lbl_you","label_you","Self","Self","c","841","0.841","1"
"42","self-matching","2","Nonmatching","octagon","happy","NonPerson","NonPerson","lbl_neutral","label_neutral","Neutral","NonPerson","c","830","0.83","1"
"42","self-matching","2","Matching","triangle","friend","Friend","Close","lbl_friend","label_friend","Friend","Close","x","842","0.842","1"
"42","self-matching","2","Matching","rhomboid","neutral","NonPerson","NonPerson","lbl_neutral","label_neutral","Neutral","NonPerson","x","1110","1.11","1"
"42","self-matching","2","Nonmatching","diamond","you","Self","Self","lbl_friend","label_friend","Friend","Close","c","915","0.915","1"
"42","self-matching","3","Matching","triangle","friend","Friend","Close","lbl_friend","label_friend","Friend","Close","x","844","0.844","1"
"42","self-matching","3","Nonmatching","triangle","friend","Friend","Close","lbl_you","label_you","Self","Self","c","708","0.708","1"
"42","self-matching","3","Matching","rhomboid","neutral","NonPerson","NonPerson","lbl_neutral","label_neutral","Neutral","NonPerson","x","687","0.687","1"
"42","self-matching","3","Nonmatching","triangle","friend","Friend","Close","lbl_you","label_you","Self","Self","c","968","0.968","1"
"42","self-matching","3","Nonmatching","diamond","you","Self","Self","lbl_friend","label_friend","Friend","Close","c","813","0.813","1"
"42","self-matching","3","Nonmatching","octagon","happy","NonPerson","NonPerson","lbl_neutral","label_neutral","Neutral","NonPerson","x","993","0.993","0"
"42","self-matching","3","Matching","octagon","happy","NonPerson","NonPerson","lbl_happy","label_happy","Happy","NonPerson","x","806","0.806","1"
"42","self-matching","3","Nonmatching","octagon","happy","NonPerson","NonPerson","lbl_neutral","label_neutral","Neutral","NonPerson","c","1033","1.033","1"
"42","self-matching","3","Matching","diamond","you","Self","Self","lbl_you","label_you","Self","Self","x","759","0.759","1"
"42","self-matching","3","Matching","triangle","friend","Friend","Close","lbl_friend","label_friend","Friend","Close","x","698","0.698","1"
"42","self-matching","3","Matching","diamond","you","Self","Self","lbl_you","label_you","Self","Self","x","667","0.667","1"
"42","self-matching","3","Nonmatching","rhomboid","neutral","NonPerson","NonPerson","lbl_happy","label_happy","Happy","NonPerson","x","658","0.658","0"
"42","self-matching","3","Nonmatching","rhomboid","neutral","NonPerson","NonPerson","lbl_happy","label_happy","Happy","NonPerson","c","755","0.755","1"
"42","self-matching","3","Matching","rhomboid","neutral","NonPerson","NonPerson","lbl_neutral","label_neutral","Neutral","NonPerson","c","632","0.632","0"
"42","self-matching","3","Nonmatching","diamond","you","Self","Self","lbl_friend","label_friend","Friend","Close","c","731","0.731","1"
"42","self-matching","3","Matching","octagon","happy","NonPerson","NonPerson","lbl_happy","label_happy","Happy","NonPerson","x","653","0.653","1"
"43","self-matching","1","Nonmatching","triangle","neutral","NonPerson","NonPerson","lbl_happy","label_happy","Happy","NonPerson","x","836","0.836","1"
"43","self-matching","1","Nonmatching","rhomboid","friend","Friend","Close","lbl_you","label_you","Self","Self","x","653","0.653","1"
"43","self-matching","1","Nonmatching","triangle","neutral","NonPerson","NonPerson","lbl_happy","label_happy","Happy","NonPerson","c","930","0.93","0"
"43","self-matching","1","Matching","diamond","happy","NonPerson","NonPerson","lbl_happy","label_happy","Happy","NonPerson","c","694","0.694","1"
"43","self-matching","1","Nonmatching","diamond","happy","NonPerson","NonPerson","lbl_neutral","label_neutral","Neutral","NonPerson","x","886","0.886","1"
"43","self-matching","1","Matching","octagon","you","Self","Self","lbl_you","label_you","Self","Self","c","802","0.802","1"
"43","self-matching","1","Matching","rhomboid","friend","Friend","Close","lbl_friend","label_friend","Friend","Close","c","685","0.685","1"
"43","self-matching","1","Nonmatching","diamond","happy","NonPerson","NonPerson","lbl_neutral","label_neutral","Neutral","NonPerson","c","918","0.918","0"
"43","self-matching","1","Matching","triangle","neutral","NonPerson","NonPerson","lbl_neutral","label_neutral","Neutral","NonPerson","c","848","0.848","1"
"43","self-matching","1","Matching","triangle","neutral","NonPerson","NonPerson","lbl_neutral","label_neutral","Neutral","NonPerson","c","915","0.915","1"
"43","self-matching","1","Matching","rhomboid","friend","Friend","Close","lbl_friend","label_friend","Friend","Close","c","797","0.797","1"
"43","self-matching","1","Nonmatching","rhomboid","friend","Friend","Close","lbl_you","label_you","Self","Self","x","858","0.858","1"
"43","self-matching","1","Nonmatching","octagon","you","Self","Self","lbl_friend","label_friend","Friend","Close","x","948","0.948","1"
"43","self-matching","1","Matching","diamond","happy","NonPerson","NonPerson","lbl_happy","label_happy","Happy","NonPerson","x","803","0.803","0"
"43","self-matching","1","Nonmatching","octagon","you","Self","Self","lbl_friend","label_friend","Friend","Close","x","1002","1.002","1"
"43","self-matching","1","Matching","octagon","you","Self","Self","lbl_you","label_you","Self","Self","x","918","0.918","0"
"43","self-matching","2","Nonmatching","octagon","you","Self","Self","lbl_friend","label_friend","Friend","Close","c","891","0.891","0"
"43","self-matching","2","Matching","rhomboid","friend","Friend","Close","lbl_friend","label_friend","Friend","Close","c","619","0.619","1"
"43","self-matching","2","Matching","diamond","happy","NonPerson","NonPerson","lbl_happy","label_happy","Happy","NonPerson","x","834","0.834","0"
"43","self-matching","2","Matching","triangle","neutral","NonPerson","NonPerson","lbl_neutral","label_neutral","Neutral","NonPerson","c","766","0.766","1"
"43","self-matching","2","Matching","octagon","you","Self","Self","lbl_you","label_you","Self","Self","c","799","0.799","1"
"43","self-matching","2","Nonmatching","diamond","happy","NonPerson","NonPerson","lbl_neutral","label_neutral","Neutral","NonPerson","x","991","0.991","1"
"43","self-matching","2","Nonmatching","diamond","happy","NonPerson","NonPerson","lbl_neutral","label_neutral","Neutral","NonPerson","x","707","0.707","1"
"43","self-matching","2","Matching","octagon","you","Self","Self","lbl_you","label_you","Self","Self","x","936","0.936","0"
"43","self-matching","2","Nonmatching","triangle","neutral","NonPerson","NonPerson","lbl_happy","label_happy","Happy","NonPerson","c","850","0.85","0"
"43","self-matching","2","Matching","rhomboid","friend","Friend","Close","lbl_friend","label_friend","Friend","Close","c","1102","1.102","1"
"43","self-matching","2","Matching","diamond","happy","NonPerson","NonPerson","lbl_happy","label_happy","Happy","NonPerson","c","1163","1.163","1"
"43","self-matching","2","Nonmatching","rhomboid","friend","Friend","Close","lbl_you","label_you","Self","Self","x","711","0.711","1"
"43","self-matching","2","Nonmatching","triangle","neutral","NonPerson","NonPerson","lbl_happy","label_happy","Happy","NonPerson","c","748","0.748","0"
"43","self-matching","2","Matching","triangle","neutral","NonPerson","NonPerson","lbl_neutral","label_neutral","Neutral","NonPerson","c","596","0.596","1"
"43","self-matching","2","Nonmatching","rhomboid","friend","Friend","Close","lbl_you","label_you","Self","Self","x","705","0.705","1"
"43","self-matching","2","Nonmatching","octagon","you","Self","Self","lbl_friend","label_friend","Friend","Close","x","985","0.985","1"
"43","self-matching","3","Nonmatching","rhomboid","friend","Friend","Close","lbl_you","label_you","Self","Self","x","832","0.832","1"
"43","self-matching","3","Nonmatching","triangle","neutral","NonPerson","NonPerson","lbl_happy","label_happy","Happy","NonPerson","x","933","0.933","1"
"43","self-matching","3","Matching","triangle","neutral","NonPerson","NonPerson","lbl_neutral","label_neutral","Neutral","NonPerson","c","676","0.676","1"
"43","self-matching","3","Matching","rhomboid","friend","Friend","Close","lbl_friend","label_friend","Friend","Close","c","836","0.836","1"
"43","self-matching","3","Nonmatching","diamond","happy","NonPerson","NonPerson","lbl_neutral","label_neutral","Neutral","NonPerson","c","1030","1.03","0"
"43","self-matching","3","Matching","diamond","happy","NonPerson","NonPerson","lbl_happy","label_happy","Happy","NonPerson","c","973","0.973","1"
"43","self-matching","3","Matching","rhomboid","friend","Friend","Close","lbl_friend","label_friend","Friend","Close","c","888","0.888","1"
"43","self-matching","3","Matching","octagon","you","Self","Self","lbl_you","label_you","Self","Self","c","969","0.969","1"
"43","self-matching","3","Nonmatching","diamond","happy","NonPerson","NonPerson","lbl_neutral","label_neutral","Neutral","NonPerson","c","753","0.753","0"
"43","self-matching","3","Matching","octagon","you","Self","Self","lbl_you","label_you","Self","Self","c","787","0.787","1"
"43","self-matching","3","Nonmatching","triangle","neutral","NonPerson","NonPerson","lbl_happy","label_happy","Happy","NonPerson","c","668","0.668","0"
"43","self-matching","3","Nonmatching","octagon","you","Self","Self","lbl_friend","label_friend","Friend","Close","c","702","0.702","0"
"43","self-matching","3","Matching","triangle","neutral","NonPerson","NonPerson","lbl_neutral","label_neutral","Neutral","NonPerson","c","963","0.963","1"
"43","self-matching","3","Nonmatching","rhomboid","friend","Friend","Close","lbl_you","label_you","Self","Self","x","871","0.871","1"
"43","self-matching","3","Nonmatching","octagon","you","Self","Self","lbl_friend","label_friend","Friend","Close","x","1534","1.534","1"
"43","self-matching","3","Matching","diamond","happy","NonPerson","NonPerson","lbl_happy","label_happy","Happy","NonPerson","c","866","0.866","1"
"43","self-matching","1","Matching","kite","happy","NonPerson","NonPerson","lbl_happy","label_happy","Happy","NonPerson","m","905","0.905","1"
"43","self-matching","1","Nonmatching","square","friend","Friend","Close","lbl_you","label_you","Self","Self","n","751","0.751","1"
"43","self-matching","1","Nonmatching","trapeze","neutral","NonPerson","NonPerson","lbl_happy","label_happy","Happy","NonPerson","m","983","0.983","0"
"43","self-matching","1","Nonmatching","pentagon","you","Self","Self","lbl_friend","label_friend","Friend","Close","n","1070","1.07","1"
"43","self-matching","1","Nonmatching","square","friend","Friend","Close","lbl_you","label_you","Self","Self","n","805","0.805","1"
"43","self-matching","1","Matching","trapeze","neutral","NonPerson","NonPerson","lbl_neutral","label_neutral","Neutral","NonPerson","m","762","0.762","1"
"43","self-matching","1","Matching","trapeze","neutral","NonPerson","NonPerson","lbl_neutral","label_neutral","Neutral","NonPerson","m","535","0.535","1"
"43","self-matching","1","Matching","pentagon","you","Self","Self","lbl_you","label_you","Self","Self","m","897","0.897","1"
"43","self-matching","1","Nonmatching","pentagon","you","Self","Self","lbl_friend","label_friend","Friend","Close","n","734","0.734","1"
"43","self-matching","1","Matching","square","friend","Friend","Close","lbl_friend","label_friend","Friend","Close","n","776","0.776","0"
"43","self-matching","1","Matching","square","friend","Friend","Close","lbl_friend","label_friend","Friend","Close","m","639","0.639","1"
"43","self-matching","1","Nonmatching","kite","happy","NonPerson","NonPerson","lbl_neutral","label_neutral","Neutral","NonPerson","n","932","0.932","1"
"43","self-matching","1","Matching","pentagon","you","Self","Self","lbl_you","label_you","Self","Self","m","725","0.725","1"
"43","self-matching","1","Matching","kite","happy","NonPerson","NonPerson","lbl_happy","label_happy","Happy","NonPerson","m","766","0.766","1"
"43","self-matching","1","Nonmatching","kite","happy","NonPerson","NonPerson","lbl_neutral","label_neutral","Neutral","NonPerson","n","626","0.626","1"
"43","self-matching","1","Nonmatching","trapeze","neutral","NonPerson","NonPerson","lbl_happy","label_happy","Happy","NonPerson","m","626","0.626","0"
"43","self-matching","2","Matching","pentagon","you","Self","Self","lbl_you","label_you","Self","Self","m","963","0.963","1"
"43","self-matching","2","Nonmatching","kite","happy","NonPerson","NonPerson","lbl_neutral","label_neutral","Neutral","NonPerson","n","610","0.61","1"
"43","self-matching","2","Matching","square","friend","Friend","Close","lbl_friend","label_friend","Friend","Close","m","580","0.58","1"
"43","self-matching","2","Nonmatching","pentagon","you","Self","Self","lbl_friend","label_friend","Friend","Close","n","729","0.729","1"
"43","self-matching","2","Matching","trapeze","neutral","NonPerson","NonPerson","lbl_neutral","label_neutral","Neutral","NonPerson","m","653","0.653","1"
"43","self-matching","2","Matching","kite","happy","NonPerson","NonPerson","lbl_happy","label_happy","Happy","NonPerson","m","862","0.862","1"
"43","self-matching","2","Nonmatching","trapeze","neutral","NonPerson","NonPerson","lbl_happy","label_happy","Happy","NonPerson","m","605","0.605","0"
"43","self-matching","2","Nonmatching","pentagon","you","Self","Self","lbl_friend","label_friend","Friend","Close","m","640","0.64","0"
"43","self-matching","2","Nonmatching","square","friend","Friend","Close","lbl_you","label_you","Self","Self","n","1229","1.229","1"
"43","self-matching","2","Nonmatching","square","friend","Friend","Close","lbl_you","label_you","Self","Self","n","745","0.745","1"
"43","self-matching","2","Nonmatching","kite","happy","NonPerson","NonPerson","lbl_neutral","label_neutral","Neutral","NonPerson","m","679","0.679","0"
"43","self-matching","2","Matching","square","friend","Friend","Close","lbl_friend","label_friend","Friend","Close","m","950","0.95","1"
"43","self-matching","2","Nonmatching","trapeze","neutral","NonPerson","NonPerson","lbl_happy","label_happy","Happy","NonPerson","m","718","0.718","0"
"43","self-matching","2","Matching","pentagon","you","Self","Self","lbl_you","label_you","Self","Self","m","743","0.743","1"
"43","self-matching","2","Matching","trapeze","neutral","NonPerson","NonPerson","lbl_neutral","label_neutral","Neutral","NonPerson","m","659","0.659","1"
"43","self-matching","2","Matching","kite","happy","NonPerson","NonPerson","lbl_happy","label_happy","Happy","NonPerson","m","686","0.686","1"
"43","self-matching","3","Matching","kite","happy","NonPerson","NonPerson","lbl_happy","label_happy","Happy","NonPerson","m","629","0.629","1"
"43","self-matching","3","Nonmatching","square","friend","Friend","Close","lbl_you","label_you","Self","Self","n","913","0.913","1"
"43","self-matching","3","Nonmatching","kite","happy","NonPerson","NonPerson","lbl_neutral","label_neutral","Neutral","NonPerson","n","857","0.857","1"
"43","self-matching","3","Nonmatching","trapeze","neutral","NonPerson","NonPerson","lbl_happy","label_happy","Happy","NonPerson","m","725","0.725","0"
"43","self-matching","3","Matching","pentagon","you","Self","Self","lbl_you","label_you","Self","Self","m","576","0.576","1"
"43","self-matching","3","Matching","trapeze","neutral","NonPerson","NonPerson","lbl_neutral","label_neutral","Neutral","NonPerson","m","476","0.476","1"
"43","self-matching","3","Matching","square","friend","Friend","Close","lbl_friend","label_friend","Friend","Close","m","778","0.778","1"
"43","self-matching","3","Nonmatching","pentagon","you","Self","Self","lbl_friend","label_friend","Friend","Close","n","673","0.673","1"
"43","self-matching","3","Nonmatching","kite","happy","NonPerson","NonPerson","lbl_neutral","label_neutral","Neutral","NonPerson","timeout","1650","1.65","0"
"43","self-matching","3","Matching","square","friend","Friend","Close","lbl_friend","label_friend","Friend","Close","m","889","0.889","1"
"43","self-matching","3","Matching","kite","happy","NonPerson","NonPerson","lbl_happy","label_happy","Happy","NonPerson","m","641","0.641","1"
"43","self-matching","3","Nonmatching","square","friend","Friend","Close","lbl_you","label_you","Self","Self","n","683","0.683","1"
"43","self-matching","3","Nonmatching","trapeze","neutral","NonPerson","NonPerson","lbl_happy","label_happy","Happy","NonPerson","m","559","0.559","0"
"43","self-matching","3","Matching","trapeze","neutral","NonPerson","NonPerson","lbl_neutral","label_neutral","Neutral","NonPerson","n","787","0.787","0"
"43","self-matching","3","Matching","pentagon","you","Self","Self","lbl_you","label_you","Self","Self","m","590","0.59","1"
"43","self-matching","3","Nonmatching","pentagon","you","Self","Self","lbl_friend","label_friend","Friend","Close","n","629","0.629","1"
"44","self-matching","1","Matching","diamond","neutral","NonPerson","NonPerson","lbl_neutral","label_neutral","Neutral","NonPerson","x","896","0.896","0"
"44","self-matching","1","Nonmatching","rhomboid","friend","Friend","Close","lbl_you","label_you","Self","Self","x","784","0.784","1"
"44","self-matching","1","Matching","diamond","neutral","NonPerson","NonPerson","lbl_neutral","label_neutral","Neutral","NonPerson","c","737","0.737","1"
"44","self-matching","1","Nonmatching","diamond","neutral","NonPerson","NonPerson","lbl_happy","label_happy","Happy","NonPerson","c","924","0.924","0"
"44","self-matching","1","Nonmatching","rhomboid","friend","Friend","Close","lbl_you","label_you","Self","Self","x","1058","1.058","1"
"44","self-matching","1","Matching","rhomboid","friend","Friend","Close","lbl_friend","label_friend","Friend","Close","c","1090","1.09","1"
"44","self-matching","1","Matching","rhomboid","friend","Friend","Close","lbl_friend","label_friend","Friend","Close","c","671","0.671","1"
"44","self-matching","1","Nonmatching","triangle","you","Self","Self","lbl_friend","label_friend","Friend","Close","x","1328","1.328","1"
"44","self-matching","1","Nonmatching","octagon","happy","NonPerson","NonPerson","lbl_neutral","label_neutral","Neutral","NonPerson","c","748","0.748","0"
"44","self-matching","1","Matching","octagon","happy","NonPerson","NonPerson","lbl_happy","label_happy","Happy","NonPerson","c","1050","1.05","1"
"44","self-matching","1","Nonmatching","triangle","you","Self","Self","lbl_friend","label_friend","Friend","Close","x","884","0.884","1"
"44","self-matching","1","Matching","triangle","you","Self","Self","lbl_you","label_you","Self","Self","c","775","0.775","1"
"44","self-matching","1","Nonmatching","diamond","neutral","NonPerson","NonPerson","lbl_happy","label_happy","Happy","NonPerson","c","856","0.856","0"
"44","self-matching","1","Matching","triangle","you","Self","Self","lbl_you","label_you","Self","Self","c","825","0.825","1"
"44","self-matching","1","Nonmatching","octagon","happy","NonPerson","NonPerson","lbl_neutral","label_neutral","Neutral","NonPerson","c","879","0.879","0"
"44","self-matching","1","Matching","octagon","happy","NonPerson","NonPerson","lbl_happy","label_happy","Happy","NonPerson","c","738","0.738","1"
"44","self-matching","2","Nonmatching","triangle","you","Self","Self","lbl_friend","label_friend","Friend","Close","c","638","0.638","0"
"44","self-matching","2","Nonmatching","octagon","happy","NonPerson","NonPerson","lbl_neutral","label_neutral","Neutral","NonPerson","c","746","0.746","0"
"44","self-matching","2","Matching","triangle","you","Self","Self","lbl_you","label_you","Self","Self","c","852","0.852","1"
"44","self-matching","2","Matching","rhomboid","friend","Friend","Close","lbl_friend","label_friend","Friend","Close","x","1032","1.032","0"
"44","self-matching","2","Matching","octagon","happy","NonPerson","NonPerson","lbl_happy","label_happy","Happy","NonPerson","c","747","0.747","1"
"44","self-matching","2","Nonmatching","octagon","happy","NonPerson","NonPerson","lbl_neutral","label_neutral","Neutral","NonPerson","c","739","0.739","0"
"44","self-matching","2","Nonmatching","triangle","you","Self","Self","lbl_friend","label_friend","Friend","Close","x","1132","1.132","1"
"44","self-matching","2","Matching","diamond","neutral","NonPerson","NonPerson","lbl_neutral","label_neutral","Neutral","NonPerson","c","742","0.742","1"
"44","self-matching","2","Matching","octagon","happy","NonPerson","NonPerson","lbl_happy","label_happy","Happy","NonPerson","c","1038","1.038","1"
"44","self-matching","2","Nonmatching","diamond","neutral","NonPerson","NonPerson","lbl_happy","label_happy","Happy","NonPerson","x","1484","1.484","1"
"44","self-matching","2","Nonmatching","rhomboid","friend","Friend","Close","lbl_you","label_you","Self","Self","c","984","0.984","0"
"44","self-matching","2","Matching","triangle","you","Self","Self","lbl_you","label_you","Self","Self","c","539","0.539","1"
"44","self-matching","2","Nonmatching","rhomboid","friend","Friend","Close","lbl_you","label_you","Self","Self","x","998","0.998","1"
"44","self-matching","2","Matching","diamond","neutral","NonPerson","NonPerson","lbl_neutral","label_neutral","Neutral","NonPerson","c","1340","1.34","1"
"44","self-matching","2","Matching","rhomboid","friend","Friend","Close","lbl_friend","label_friend","Friend","Close","c","807","0.807","1"
"44","self-matching","2","Nonmatching","diamond","neutral","NonPerson","NonPerson","lbl_happy","label_happy","Happy","NonPerson","c","1378","1.378","0"
"44","self-matching","3","Nonmatching","octagon","happy","NonPerson","NonPerson","lbl_neutral","label_neutral","Neutral","NonPerson","x","987","0.987","1"
"44","self-matching","3","Nonmatching","octagon","happy","NonPerson","NonPerson","lbl_neutral","label_neutral","Neutral","NonPerson","x","883","0.883","1"
"44","self-matching","3","Matching","rhomboid","friend","Friend","Close","lbl_friend","label_friend","Friend","Close","c","621","0.621","1"
"44","self-matching","3","Matching","triangle","you","Self","Self","lbl_you","label_you","Self","Self","c","395","0.395","1"
"44","self-matching","3","Nonmatching","diamond","neutral","NonPerson","NonPerson","lbl_happy","label_happy","Happy","NonPerson","c","760","0.76","0"
"44","self-matching","3","Matching","octagon","happy","NonPerson","NonPerson","lbl_happy","label_happy","Happy","NonPerson","c","596","0.596","1"
"44","self-matching","3","Nonmatching","triangle","you","Self","Self","lbl_friend","label_friend","Friend","Close","x","768","0.768","1"
"44","self-matching","3","Nonmatching","triangle","you","Self","Self","lbl_friend","label_friend","Friend","Close","x","860","0.86","1"
"44","self-matching","3","Matching","triangle","you","Self","Self","lbl_you","label_you","Self","Self","c","370","0.37","1"
"44","self-matching","3","Matching","octagon","happy","NonPerson","NonPerson","lbl_happy","label_happy","Happy","NonPerson","c","571","0.571","1"
"44","self-matching","3","Matching","diamond","neutral","NonPerson","NonPerson","lbl_neutral","label_neutral","Neutral","NonPerson","c","1347","1.347","1"
"44","self-matching","3","Matching","rhomboid","friend","Friend","Close","lbl_friend","label_friend","Friend","Close","c","780","0.78","1"
"44","self-matching","3","Nonmatching","rhomboid","friend","Friend","Close","lbl_you","label_you","Self","Self","x","797","0.797","1"
"44","self-matching","3","Nonmatching","diamond","neutral","NonPerson","NonPerson","lbl_happy","label_happy","Happy","NonPerson","c","762","0.762","0"
"44","self-matching","3","Nonmatching","rhomboid","friend","Friend","Close","lbl_you","label_you","Self","Self","x","959","0.959","1"
"44","self-matching","3","Matching","diamond","neutral","NonPerson","NonPerson","lbl_neutral","label_neutral","Neutral","NonPerson","c","1219","1.219","1"
"44","self-matching","1","Matching","pentagon","happy","NonPerson","NonPerson","lbl_happy","label_happy","Happy","NonPerson","m","734","0.734","1"
"44","self-matching","1","Nonmatching","kite","neutral","NonPerson","NonPerson","lbl_happy","label_happy","Happy","NonPerson","n","695","0.695","1"
"44","self-matching","1","Matching","trapeze","you","Self","Self","lbl_you","label_you","Self","Self","m","757","0.757","1"
"44","self-matching","1","Matching","kite","neutral","NonPerson","NonPerson","lbl_neutral","label_neutral","Neutral","NonPerson","n","1091","1.091","0"
"44","self-matching","1","Matching","square","friend","Friend","Close","lbl_friend","label_friend","Friend","Close","m","654","0.654","1"
"44","self-matching","1","Matching","square","friend","Friend","Close","lbl_friend","label_friend","Friend","Close","m","561","0.561","1"
"44","self-matching","1","Nonmatching","kite","neutral","NonPerson","NonPerson","lbl_happy","label_happy","Happy","NonPerson","n","995","0.995","1"
"44","self-matching","1","Nonmatching","pentagon","happy","NonPerson","NonPerson","lbl_neutral","label_neutral","Neutral","NonPerson","m","1140","1.14","0"
"44","self-matching","1","Nonmatching","square","friend","Friend","Close","lbl_you","label_you","Self","Self","n","1203","1.203","1"
"44","self-matching","1","Nonmatching","square","friend","Friend","Close","lbl_you","label_you","Self","Self","n","877","0.877","1"
"44","self-matching","1","Nonmatching","trapeze","you","Self","Self","lbl_friend","label_friend","Friend","Close","n","726","0.726","1"
"44","self-matching","1","Nonmatching","pentagon","happy","NonPerson","NonPerson","lbl_neutral","label_neutral","Neutral","NonPerson","m","1029","1.029","0"
"44","self-matching","1","Nonmatching","trapeze","you","Self","Self","lbl_friend","label_friend","Friend","Close","n","1014","1.014","1"
"44","self-matching","1","Matching","kite","neutral","NonPerson","NonPerson","lbl_neutral","label_neutral","Neutral","NonPerson","m","1447","1.447","1"
"44","self-matching","1","Matching","trapeze","you","Self","Self","lbl_you","label_you","Self","Self","m","725","0.725","1"
"44","self-matching","1","Matching","pentagon","happy","NonPerson","NonPerson","lbl_happy","label_happy","Happy","NonPerson","m","617","0.617","1"
"44","self-matching","2","Nonmatching","square","friend","Friend","Close","lbl_you","label_you","Self","Self","n","1239","1.239","1"
"44","self-matching","2","Nonmatching","trapeze","you","Self","Self","lbl_friend","label_friend","Friend","Close","n","806","0.806","1"
"44","self-matching","2","Nonmatching","pentagon","happy","NonPerson","NonPerson","lbl_neutral","label_neutral","Neutral","NonPerson","m","658","0.658","0"
"44","self-matching","2","Nonmatching","kite","neutral","NonPerson","NonPerson","lbl_happy","label_happy","Happy","NonPerson","m","790","0.79","0"
"44","self-matching","2","Matching","trapeze","you","Self","Self","lbl_you","label_you","Self","Self","m","926","0.926","1"
"44","self-matching","2","Nonmatching","trapeze","you","Self","Self","lbl_friend","label_friend","Friend","Close","n","915","0.915","1"
"44","self-matching","2","Matching","pentagon","happy","NonPerson","NonPerson","lbl_happy","label_happy","Happy","NonPerson","m","520","0.52","1"
"44","self-matching","2","Matching","pentagon","happy","NonPerson","NonPerson","lbl_happy","label_happy","Happy","NonPerson","n","791","0.791","0"
"44","self-matching","2","Nonmatching","pentagon","happy","NonPerson","NonPerson","lbl_neutral","label_neutral","Neutral","NonPerson","m","750","0.75","0"
"44","self-matching","2","Matching","square","friend","Friend","Close","lbl_friend","label_friend","Friend","Close","m","719","0.719","1"
"44","self-matching","2","Matching","square","friend","Friend","Close","lbl_friend","label_friend","Friend","Close","m","788","0.788","1"
"44","self-matching","2","Matching","trapeze","you","Self","Self","lbl_you","label_you","Self","Self","m","626","0.626","1"
"44","self-matching","2","Matching","kite","neutral","NonPerson","NonPerson","lbl_neutral","label_neutral","Neutral","NonPerson","n","723","0.723","0"
"44","self-matching","2","Matching","kite","neutral","NonPerson","NonPerson","lbl_neutral","label_neutral","Neutral","NonPerson","m","972","0.972","1"
"44","self-matching","2","Nonmatching","square","friend","Friend","Close","lbl_you","label_you","Self","Self","n","768","0.768","1"
"44","self-matching","2","Nonmatching","kite","neutral","NonPerson","NonPerson","lbl_happy","label_happy","Happy","NonPerson","m","671","0.671","0"
"44","self-matching","3","Matching","pentagon","happy","NonPerson","NonPerson","lbl_happy","label_happy","Happy","NonPerson","m","648","0.648","1"
"44","self-matching","3","Matching","square","friend","Friend","Close","lbl_friend","label_friend","Friend","Close","m","638","0.638","1"
"44","self-matching","3","Nonmatching","kite","neutral","NonPerson","NonPerson","lbl_happy","label_happy","Happy","NonPerson","m","1011","1.011","0"
"44","self-matching","3","Matching","square","friend","Friend","Close","lbl_friend","label_friend","Friend","Close","m","528","0.528","1"
"44","self-matching","3","Nonmatching","trapeze","you","Self","Self","lbl_friend","label_friend","Friend","Close","n","834","0.834","1"
"44","self-matching","3","Nonmatching","kite","neutral","NonPerson","NonPerson","lbl_happy","label_happy","Happy","NonPerson","m","544","0.544","0"
"44","self-matching","3","Matching","kite","neutral","NonPerson","NonPerson","lbl_neutral","label_neutral","Neutral","NonPerson","n","1012","1.012","0"
"44","self-matching","3","Nonmatching","trapeze","you","Self","Self","lbl_friend","label_friend","Friend","Close","n","975","0.975","1"
"44","self-matching","3","Matching","pentagon","happy","NonPerson","NonPerson","lbl_happy","label_happy","Happy","NonPerson","m","596","0.596","1"
"44","self-matching","3","Matching","trapeze","you","Self","Self","lbl_you","label_you","Self","Self","m","843","0.843","1"
"44","self-matching","3","Matching","trapeze","you","Self","Self","lbl_you","label_you","Self","Self","m","683","0.683","1"
"44","self-matching","3","Nonmatching","pentagon","happy","NonPerson","NonPerson","lbl_neutral","label_neutral","Neutral","NonPerson","m","745","0.745","0"
"44","self-matching","3","Nonmatching","pentagon","happy","NonPerson","NonPerson","lbl_neutral","label_neutral","Neutral","NonPerson","m","849","0.849","0"
"44","self-matching","3","Matching","kite","neutral","NonPerson","NonPerson","lbl_neutral","label_neutral","Neutral","NonPerson","m","760","0.76","1"
"44","self-matching","3","Nonmatching","square","friend","Friend","Close","lbl_you","label_you","Self","Self","n","1013","1.013","1"
"44","self-matching","3","Nonmatching","square","friend","Friend","Close","lbl_you","label_you","Self","Self","n","777","0.777","1"
"45","self-matching","1","Nonmatching","triangle","neutral","NonPerson","NonPerson","lbl_happy","label_happy","Happy","NonPerson","c","950","0.95","0"
"45","self-matching","1","Nonmatching","diamond","you","Self","Self","lbl_friend","label_friend","Friend","Close","c","1559","1.559","0"
"45","self-matching","1","Matching","octagon","friend","Friend","Close","lbl_friend","label_friend","Friend","Close","x","1202","1.202","0"
"45","self-matching","1","Matching","rhomboid","happy","NonPerson","NonPerson","lbl_happy","label_happy","Happy","NonPerson","c","1133","1.133","1"
"45","self-matching","1","Matching","triangle","neutral","NonPerson","NonPerson","lbl_neutral","label_neutral","Neutral","NonPerson","c","1002","1.002","1"
"45","self-matching","1","Matching","rhomboid","happy","NonPerson","NonPerson","lbl_happy","label_happy","Happy","NonPerson","c","1123","1.123","1"
"45","self-matching","1","Nonmatching","diamond","you","Self","Self","lbl_friend","label_friend","Friend","Close","x","771","0.771","1"
"45","self-matching","1","Nonmatching","rhomboid","happy","NonPerson","NonPerson","lbl_neutral","label_neutral","Neutral","NonPerson","x","1559","1.559","1"
"45","self-matching","1","Matching","diamond","you","Self","Self","lbl_you","label_you","Self","Self","c","714","0.714","1"
"45","self-matching","1","Matching","octagon","friend","Friend","Close","lbl_friend","label_friend","Friend","Close","x","1408","1.408","0"
"45","self-matching","1","Nonmatching","octagon","friend","Friend","Close","lbl_you","label_you","Self","Self","x","828","0.828","1"
"45","self-matching","1","Nonmatching","triangle","neutral","NonPerson","NonPerson","lbl_happy","label_happy","Happy","NonPerson","c","1157","1.157","0"
"45","self-matching","1","Matching","triangle","neutral","NonPerson","NonPerson","lbl_neutral","label_neutral","Neutral","NonPerson","c","838","0.838","1"
"45","self-matching","1","Nonmatching","octagon","friend","Friend","Close","lbl_you","label_you","Self","Self","x","972","0.972","1"
"45","self-matching","1","Nonmatching","rhomboid","happy","NonPerson","NonPerson","lbl_neutral","label_neutral","Neutral","NonPerson","x","1393","1.393","1"
"45","self-matching","1","Matching","diamond","you","Self","Self","lbl_you","label_you","Self","Self","c","783","0.783","1"
"45","self-matching","2","Matching","diamond","you","Self","Self","lbl_you","label_you","Self","Self","c","911","0.911","1"
"45","self-matching","2","Nonmatching","diamond","you","Self","Self","lbl_friend","label_friend","Friend","Close","x","900","0.9","1"
"45","self-matching","2","Nonmatching","rhomboid","happy","NonPerson","NonPerson","lbl_neutral","label_neutral","Neutral","NonPerson","c","920","0.92","0"
"45","self-matching","2","Matching","octagon","friend","Friend","Close","lbl_friend","label_friend","Friend","Close","x","1048","1.048","0"
"45","self-matching","2","Matching","triangle","neutral","NonPerson","NonPerson","lbl_neutral","label_neutral","Neutral","NonPerson","c","1575","1.575","1"
"45","self-matching","2","Nonmatching","triangle","neutral","NonPerson","NonPerson","lbl_happy","label_happy","Happy","NonPerson","x","1324","1.324","1"
"45","self-matching","2","Matching","diamond","you","Self","Self","lbl_you","label_you","Self","Self","c","760","0.76","1"
"45","self-matching","2","Matching","rhomboid","happy","NonPerson","NonPerson","lbl_happy","label_happy","Happy","NonPerson","c","1239","1.239","1"
"45","self-matching","2","Matching","rhomboid","happy","NonPerson","NonPerson","lbl_happy","label_happy","Happy","NonPerson","x","1110","1.11","0"
"45","self-matching","2","Nonmatching","diamond","you","Self","Self","lbl_friend","label_friend","Friend","Close","x","1339","1.339","1"
"45","self-matching","2","Nonmatching","rhomboid","happy","NonPerson","NonPerson","lbl_neutral","label_neutral","Neutral","NonPerson","c","848","0.848","0"
"45","self-matching","2","Nonmatching","octagon","friend","Friend","Close","lbl_you","label_you","Self","Self","x","908","0.908","1"
"45","self-matching","2","Matching","octagon","friend","Friend","Close","lbl_friend","label_friend","Friend","Close","timeout","1649","1.649","0"
"45","self-matching","2","Nonmatching","octagon","friend","Friend","Close","lbl_you","label_you","Self","Self","x","1072","1.072","1"
"45","self-matching","2","Matching","triangle","neutral","NonPerson","NonPerson","lbl_neutral","label_neutral","Neutral","NonPerson","c","1056","1.056","1"
"45","self-matching","2","Nonmatching","triangle","neutral","NonPerson","NonPerson","lbl_happy","label_happy","Happy","NonPerson","c","811","0.811","0"
"45","self-matching","3","Nonmatching","octagon","friend","Friend","Close","lbl_you","label_you","Self","Self","x","816","0.816","1"
"45","self-matching","3","Nonmatching","rhomboid","happy","NonPerson","NonPerson","lbl_neutral","label_neutral","Neutral","NonPerson","x","942","0.942","1"
"45","self-matching","3","Nonmatching","diamond","you","Self","Self","lbl_friend","label_friend","Friend","Close","x","1072","1.072","1"
"45","self-matching","3","Nonmatching","rhomboid","happy","NonPerson","NonPerson","lbl_neutral","label_neutral","Neutral","NonPerson","x","1066","1.066","1"
"45","self-matching","3","Matching","octagon","friend","Friend","Close","lbl_friend","label_friend","Friend","Close","c","1011","1.011","1"
"45","self-matching","3","Nonmatching","diamond","you","Self","Self","lbl_friend","label_friend","Friend","Close","x","799","0.799","1"
"45","self-matching","3","Matching","rhomboid","happy","NonPerson","NonPerson","lbl_happy","label_happy","Happy","NonPerson","c","775","0.775","1"
"45","self-matching","3","Matching","triangle","neutral","NonPerson","NonPerson","lbl_neutral","label_neutral","Neutral","NonPerson","c","1425","1.425","1"
"45","self-matching","3","Matching","triangle","neutral","NonPerson","NonPerson","lbl_neutral","label_neutral","Neutral","NonPerson","c","1089","1.089","1"
"45","self-matching","3","Matching","diamond","you","Self","Self","lbl_you","label_you","Self","Self","c","562","0.562","1"
"45","self-matching","3","Matching","octagon","friend","Friend","Close","lbl_friend","label_friend","Friend","Close","x","678","0.678","0"
"45","self-matching","3","Nonmatching","octagon","friend","Friend","Close","lbl_you","label_you","Self","Self","x","1130","1.13","1"
"45","self-matching","3","Nonmatching","triangle","neutral","NonPerson","NonPerson","lbl_happy","label_happy","Happy","NonPerson","c","1153","1.153","0"
"45","self-matching","3","Matching","diamond","you","Self","Self","lbl_you","label_you","Self","Self","c","853","0.853","1"
"45","self-matching","3","Matching","rhomboid","happy","NonPerson","NonPerson","lbl_happy","label_happy","Happy","NonPerson","c","1010","1.01","1"
"45","self-matching","3","Nonmatching","triangle","neutral","NonPerson","NonPerson","lbl_happy","label_happy","Happy","NonPerson","x","966","0.966","1"
"45","self-matching","1","Nonmatching","trapeze","neutral","NonPerson","NonPerson","lbl_happy","label_happy","Happy","NonPerson","n","927","0.927","1"
"45","self-matching","1","Nonmatching","trapeze","neutral","NonPerson","NonPerson","lbl_happy","label_happy","Happy","NonPerson","n","684","0.684","1"
"45","self-matching","1","Nonmatching","kite","you","Self","Self","lbl_friend","label_friend","Friend","Close","n","944","0.944","1"
"45","self-matching","1","Nonmatching","square","happy","NonPerson","NonPerson","lbl_neutral","label_neutral","Neutral","NonPerson","n","957","0.957","1"
"45","self-matching","1","Nonmatching","square","happy","NonPerson","NonPerson","lbl_neutral","label_neutral","Neutral","NonPerson","n","1210","1.21","1"
"45","self-matching","1","Matching","pentagon","friend","Friend","Close","lbl_friend","label_friend","Friend","Close","n","910","0.91","0"
"45","self-matching","1","Matching","square","happy","NonPerson","NonPerson","lbl_happy","label_happy","Happy","NonPerson","m","781","0.781","1"
"45","self-matching","1","Nonmatching","pentagon","friend","Friend","Close","lbl_you","label_you","Self","Self","n","746","0.746","1"
"45","self-matching","1","Matching","trapeze","neutral","NonPerson","NonPerson","lbl_neutral","label_neutral","Neutral","NonPerson","m","1013","1.013","1"
"45","self-matching","1","Matching","kite","you","Self","Self","lbl_you","label_you","Self","Self","m","650","0.65","1"
"45","self-matching","1","Matching","trapeze","neutral","NonPerson","NonPerson","lbl_neutral","label_neutral","Neutral","NonPerson","n","1030","1.03","0"
"45","self-matching","1","Matching","square","happy","NonPerson","NonPerson","lbl_happy","label_happy","Happy","NonPerson","m","672","0.672","1"
"45","self-matching","1","Nonmatching","kite","you","Self","Self","lbl_friend","label_friend","Friend","Close","n","849","0.849","1"
"45","self-matching","1","Matching","kite","you","Self","Self","lbl_you","label_you","Self","Self","m","539","0.539","1"
"45","self-matching","1","Matching","pentagon","friend","Friend","Close","lbl_friend","label_friend","Friend","Close","n","713","0.713","0"
"45","self-matching","1","Nonmatching","pentagon","friend","Friend","Close","lbl_you","label_you","Self","Self","n","871","0.871","1"
"45","self-matching","2","Nonmatching","square","happy","NonPerson","NonPerson","lbl_neutral","label_neutral","Neutral","NonPerson","n","970","0.97","1"
"45","self-matching","2","Matching","trapeze","neutral","NonPerson","NonPerson","lbl_neutral","label_neutral","Neutral","NonPerson","m","1201","1.201","1"
"45","self-matching","2","Nonmatching","square","happy","NonPerson","NonPerson","lbl_neutral","label_neutral","Neutral","NonPerson","n","718","0.718","1"
"45","self-matching","2","Nonmatching","kite","you","Self","Self","lbl_friend","label_friend","Friend","Close","n","643","0.643","1"
"45","self-matching","2","Matching","square","happy","NonPerson","NonPerson","lbl_happy","label_happy","Happy","NonPerson","m","624","0.624","1"
"45","self-matching","2","Matching","square","happy","NonPerson","NonPerson","lbl_happy","label_happy","Happy","NonPerson","n","759","0.759","0"
"45","self-matching","2","Nonmatching","kite","you","Self","Self","lbl_friend","label_friend","Friend","Close","m","889","0.889","0"
"45","self-matching","2","Nonmatching","pentagon","friend","Friend","Close","lbl_you","label_you","Self","Self","n","736","0.736","1"
"45","self-matching","2","Nonmatching","pentagon","friend","Friend","Close","lbl_you","label_you","Self","Self","n","972","0.972","1"
"45","self-matching","2","Matching","pentagon","friend","Friend","Close","lbl_friend","label_friend","Friend","Close","n","770","0.77","0"
"45","self-matching","2","Matching","kite","you","Self","Self","lbl_you","label_you","Self","Self","m","538","0.538","1"
"45","self-matching","2","Nonmatching","trapeze","neutral","NonPerson","NonPerson","lbl_happy","label_happy","Happy","NonPerson","n","1245","1.245","1"
"45","self-matching","2","Matching","pentagon","friend","Friend","Close","lbl_friend","label_friend","Friend","Close","m","1096","1.096","1"
"45","self-matching","2","Nonmatching","trapeze","neutral","NonPerson","NonPerson","lbl_happy","label_happy","Happy","NonPerson","n","1166","1.166","1"
"45","self-matching","2","Matching","kite","you","Self","Self","lbl_you","label_you","Self","Self","m","667","0.667","1"
"45","self-matching","2","Matching","trapeze","neutral","NonPerson","NonPerson","lbl_neutral","label_neutral","Neutral","NonPerson","m","1333","1.333","1"
"45","self-matching","3","Matching","kite","you","Self","Self","lbl_you","label_you","Self","Self","m","831","0.831","1"
"45","self-matching","3","Matching","pentagon","friend","Friend","Close","lbl_friend","label_friend","Friend","Close","n","516","0.516","0"
"45","self-matching","3","Nonmatching","kite","you","Self","Self","lbl_friend","label_friend","Friend","Close","n","757","0.757","1"
"45","self-matching","3","Nonmatching","pentagon","friend","Friend","Close","lbl_you","label_you","Self","Self","n","1019","1.019","1"
"45","self-matching","3","Nonmatching","square","happy","NonPerson","NonPerson","lbl_neutral","label_neutral","Neutral","NonPerson","n","860","0.86","1"
"45","self-matching","3","Nonmatching","trapeze","neutral","NonPerson","NonPerson","lbl_happy","label_happy","Happy","NonPerson","n","971","0.971","1"
"45","self-matching","3","Nonmatching","trapeze","neutral","NonPerson","NonPerson","lbl_happy","label_happy","Happy","NonPerson","n","705","0.705","1"
"45","self-matching","3","Matching","trapeze","neutral","NonPerson","NonPerson","lbl_neutral","label_neutral","Neutral","NonPerson","n","742","0.742","0"
"45","self-matching","3","Nonmatching","square","happy","NonPerson","NonPerson","lbl_neutral","label_neutral","Neutral","NonPerson","n","1300","1.3","1"
"45","self-matching","3","Matching","square","happy","NonPerson","NonPerson","lbl_happy","label_happy","Happy","NonPerson","m","478","0.478","1"
"45","self-matching","3","Nonmatching","pentagon","friend","Friend","Close","lbl_you","label_you","Self","Self","n","659","0.659","1"
"45","self-matching","3","Matching","pentagon","friend","Friend","Close","lbl_friend","label_friend","Friend","Close","m","1040","1.04","1"
"45","self-matching","3","Matching","kite","you","Self","Self","lbl_you","label_you","Self","Self","m","579","0.579","1"
"45","self-matching","3","Matching","square","happy","NonPerson","NonPerson","lbl_happy","label_happy","Happy","NonPerson","n","722","0.722","0"
"45","self-matching","3","Nonmatching","kite","you","Self","Self","lbl_friend","label_friend","Friend","Close","m","801","0.801","0"
"45","self-matching","3","Matching","trapeze","neutral","NonPerson","NonPerson","lbl_neutral","label_neutral","Neutral","NonPerson","n","963","0.963","0"
"46","self-matching","1","Nonmatching","square","you","Self","Self","lbl_friend","label_friend","Friend","Close","m","1099","1.099","1"
"46","self-matching","1","Nonmatching","trapeze","happy","NonPerson","NonPerson","lbl_neutral","label_neutral","Neutral","NonPerson","m","1159","1.159","1"
"46","self-matching","1","Matching","pentagon","friend","Friend","Close","lbl_friend","label_friend","Friend","Close","n","858","0.858","1"
"46","self-matching","1","Matching","pentagon","friend","Friend","Close","lbl_friend","label_friend","Friend","Close","n","801","0.801","1"
"46","self-matching","1","Nonmatching","kite","neutral","NonPerson","NonPerson","lbl_happy","label_happy","Happy","NonPerson","m","1258","1.258","1"
"46","self-matching","1","Nonmatching","square","you","Self","Self","lbl_friend","label_friend","Friend","Close","m","1009","1.009","1"
"46","self-matching","1","Nonmatching","kite","neutral","NonPerson","NonPerson","lbl_happy","label_happy","Happy","NonPerson","m","1205","1.205","1"
"46","self-matching","1","Matching","kite","neutral","NonPerson","NonPerson","lbl_neutral","label_neutral","Neutral","NonPerson","n","985","0.985","1"
"46","self-matching","1","Matching","trapeze","happy","NonPerson","NonPerson","lbl_happy","label_happy","Happy","NonPerson","n","1318","1.318","1"
"46","self-matching","1","Nonmatching","pentagon","friend","Friend","Close","lbl_you","label_you","Self","Self","m","746","0.746","1"
"46","self-matching","1","Matching","square","you","Self","Self","lbl_you","label_you","Self","Self","n","978","0.978","1"
"46","self-matching","1","Matching","kite","neutral","NonPerson","NonPerson","lbl_neutral","label_neutral","Neutral","NonPerson","n","1128","1.128","1"
"46","self-matching","1","Matching","square","you","Self","Self","lbl_you","label_you","Self","Self","n","773","0.773","1"
"46","self-matching","1","Matching","trapeze","happy","NonPerson","NonPerson","lbl_happy","label_happy","Happy","NonPerson","n","838","0.838","1"
"46","self-matching","1","Nonmatching","trapeze","happy","NonPerson","NonPerson","lbl_neutral","label_neutral","Neutral","NonPerson","m","772","0.772","1"
"46","self-matching","1","Nonmatching","pentagon","friend","Friend","Close","lbl_you","label_you","Self","Self","m","911","0.911","1"
"46","self-matching","2","Matching","pentagon","friend","Friend","Close","lbl_friend","label_friend","Friend","Close","n","900","0.9","1"
"46","self-matching","2","Nonmatching","square","you","Self","Self","lbl_friend","label_friend","Friend","Close","m","748","0.748","1"
"46","self-matching","2","Matching","kite","neutral","NonPerson","NonPerson","lbl_neutral","label_neutral","Neutral","NonPerson","n","1001","1.001","1"
"46","self-matching","2","Matching","square","you","Self","Self","lbl_you","label_you","Self","Self","n","989","0.989","1"
"46","self-matching","2","Nonmatching","pentagon","friend","Friend","Close","lbl_you","label_you","Self","Self","m","790","0.79","1"
"46","self-matching","2","Matching","pentagon","friend","Friend","Close","lbl_friend","label_friend","Friend","Close","n","772","0.772","1"
"46","self-matching","2","Matching","kite","neutral","NonPerson","NonPerson","lbl_neutral","label_neutral","Neutral","NonPerson","n","1109","1.109","1"
"46","self-matching","2","Nonmatching","trapeze","happy","NonPerson","NonPerson","lbl_neutral","label_neutral","Neutral","NonPerson","m","879","0.879","1"
"46","self-matching","2","Matching","trapeze","happy","NonPerson","NonPerson","lbl_happy","label_happy","Happy","NonPerson","n","823","0.823","1"
"46","self-matching","2","Matching","trapeze","happy","NonPerson","NonPerson","lbl_happy","label_happy","Happy","NonPerson","n","817","0.817","1"
"46","self-matching","2","Nonmatching","square","you","Self","Self","lbl_friend","label_friend","Friend","Close","m","904","0.904","1"
"46","self-matching","2","Nonmatching","trapeze","happy","NonPerson","NonPerson","lbl_neutral","label_neutral","Neutral","NonPerson","m","1440","1.44","1"
"46","self-matching","2","Nonmatching","pentagon","friend","Friend","Close","lbl_you","label_you","Self","Self","m","804","0.804","1"
"46","self-matching","2","Nonmatching","kite","neutral","NonPerson","NonPerson","lbl_happy","label_happy","Happy","NonPerson","m","1512","1.512","1"
"46","self-matching","2","Matching","square","you","Self","Self","lbl_you","label_you","Self","Self","n","894","0.894","1"
"46","self-matching","2","Nonmatching","kite","neutral","NonPerson","NonPerson","lbl_happy","label_happy","Happy","NonPerson","m","1130","1.13","1"
"46","self-matching","3","Nonmatching","trapeze","happy","NonPerson","NonPerson","lbl_neutral","label_neutral","Neutral","NonPerson","n","1098","1.098","0"
"46","self-matching","3","Matching","trapeze","happy","NonPerson","NonPerson","lbl_happy","label_happy","Happy","NonPerson","n","1008","1.008","1"
"46","self-matching","3","Nonmatching","square","you","Self","Self","lbl_friend","label_friend","Friend","Close","m","829","0.829","1"
"46","self-matching","3","Matching","kite","neutral","NonPerson","NonPerson","lbl_neutral","label_neutral","Neutral","NonPerson","n","1031","1.031","1"
"46","self-matching","3","Matching","square","you","Self","Self","lbl_you","label_you","Self","Self","n","680","0.68","1"
"46","self-matching","3","Matching","trapeze","happy","NonPerson","NonPerson","lbl_happy","label_happy","Happy","NonPerson","n","1087","1.087","1"
"46","self-matching","3","Matching","pentagon","friend","Friend","Close","lbl_friend","label_friend","Friend","Close","m","866","0.866","0"
"46","self-matching","3","Matching","pentagon","friend","Friend","Close","lbl_friend","label_friend","Friend","Close","n","720","0.72","1"
"46","self-matching","3","Nonmatching","square","you","Self","Self","lbl_friend","label_friend","Friend","Close","m","977","0.977","1"
"46","self-matching","3","Nonmatching","pentagon","friend","Friend","Close","lbl_you","label_you","Self","Self","m","896","0.896","1"
"46","self-matching","3","Nonmatching","kite","neutral","NonPerson","NonPerson","lbl_happy","label_happy","Happy","NonPerson","m","1264","1.264","1"
"46","self-matching","3","Nonmatching","pentagon","friend","Friend","Close","lbl_you","label_you","Self","Self","m","937","0.937","1"
"46","self-matching","3","Matching","kite","neutral","NonPerson","NonPerson","lbl_neutral","label_neutral","Neutral","NonPerson","n","1093","1.093","1"
"46","self-matching","3","Matching","square","you","Self","Self","lbl_you","label_you","Self","Self","m","784","0.784","0"
"46","self-matching","3","Nonmatching","trapeze","happy","NonPerson","NonPerson","lbl_neutral","label_neutral","Neutral","NonPerson","m","1405","1.405","1"
"46","self-matching","3","Nonmatching","kite","neutral","NonPerson","NonPerson","lbl_happy","label_happy","Happy","NonPerson","m","1237","1.237","1"
"46","self-matching","1","Nonmatching","rhomboid","you","Self","Self","lbl_friend","label_friend","Friend","Close","c","813","0.813","1"
"46","self-matching","1","Matching","triangle","happy","NonPerson","NonPerson","lbl_happy","label_happy","Happy","NonPerson","x","970","0.97","1"
"46","self-matching","1","Nonmatching","triangle","happy","NonPerson","NonPerson","lbl_neutral","label_neutral","Neutral","NonPerson","c","860","0.86","1"
"46","self-matching","1","Nonmatching","octagon","friend","Friend","Close","lbl_you","label_you","Self","Self","x","967","0.967","0"
"46","self-matching","1","Nonmatching","diamond","neutral","NonPerson","NonPerson","lbl_happy","label_happy","Happy","NonPerson","c","1151","1.151","1"
"46","self-matching","1","Matching","triangle","happy","NonPerson","NonPerson","lbl_happy","label_happy","Happy","NonPerson","x","696","0.696","1"
"46","self-matching","1","Matching","octagon","friend","Friend","Close","lbl_friend","label_friend","Friend","Close","x","1338","1.338","1"
"46","self-matching","1","Nonmatching","octagon","friend","Friend","Close","lbl_you","label_you","Self","Self","c","808","0.808","1"
"46","self-matching","1","Nonmatching","triangle","happy","NonPerson","NonPerson","lbl_neutral","label_neutral","Neutral","NonPerson","c","1097","1.097","1"
"46","self-matching","1","Matching","rhomboid","you","Self","Self","lbl_you","label_you","Self","Self","x","918","0.918","1"
"46","self-matching","1","Matching","octagon","friend","Friend","Close","lbl_friend","label_friend","Friend","Close","x","831","0.831","1"
"46","self-matching","1","Matching","diamond","neutral","NonPerson","NonPerson","lbl_neutral","label_neutral","Neutral","NonPerson","x","1241","1.241","1"
"46","self-matching","1","Nonmatching","rhomboid","you","Self","Self","lbl_friend","label_friend","Friend","Close","c","953","0.953","1"
"46","self-matching","1","Matching","diamond","neutral","NonPerson","NonPerson","lbl_neutral","label_neutral","Neutral","NonPerson","x","1542","1.542","1"
"46","self-matching","1","Nonmatching","diamond","neutral","NonPerson","NonPerson","lbl_happy","label_happy","Happy","NonPerson","c","1204","1.204","1"
"46","self-matching","1","Matching","rhomboid","you","Self","Self","lbl_you","label_you","Self","Self","x","636","0.636","1"
"46","self-matching","2","Matching","triangle","happy","NonPerson","NonPerson","lbl_happy","label_happy","Happy","NonPerson","x","636","0.636","1"
"46","self-matching","2","Matching","rhomboid","you","Self","Self","lbl_you","label_you","Self","Self","x","626","0.626","1"
"46","self-matching","2","Matching","rhomboid","you","Self","Self","lbl_you","label_you","Self","Self","x","627","0.627","1"
"46","self-matching","2","Nonmatching","diamond","neutral","NonPerson","NonPerson","lbl_happy","label_happy","Happy","NonPerson","c","929","0.929","1"
"46","self-matching","2","Nonmatching","octagon","friend","Friend","Close","lbl_you","label_you","Self","Self","c","951","0.951","1"
"46","self-matching","2","Matching","triangle","happy","NonPerson","NonPerson","lbl_happy","label_happy","Happy","NonPerson","x","842","0.842","1"
"46","self-matching","2","Nonmatching","diamond","neutral","NonPerson","NonPerson","lbl_happy","label_happy","Happy","NonPerson","c","916","0.916","1"
"46","self-matching","2","Nonmatching","rhomboid","you","Self","Self","lbl_friend","label_friend","Friend","Close","c","1008","1.008","1"
"46","self-matching","2","Matching","octagon","friend","Friend","Close","lbl_friend","label_friend","Friend","Close","x","967","0.967","1"
"46","self-matching","2","Nonmatching","octagon","friend","Friend","Close","lbl_you","label_you","Self","Self","c","799","0.799","1"
"46","self-matching","2","Nonmatching","triangle","happy","NonPerson","NonPerson","lbl_neutral","label_neutral","Neutral","NonPerson","c","1004","1.004","1"
"46","self-matching","2","Matching","diamond","neutral","NonPerson","NonPerson","lbl_neutral","label_neutral","Neutral","NonPerson","x","975","0.975","1"
"46","self-matching","2","Nonmatching","triangle","happy","NonPerson","NonPerson","lbl_neutral","label_neutral","Neutral","NonPerson","c","788","0.788","1"
"46","self-matching","2","Matching","diamond","neutral","NonPerson","NonPerson","lbl_neutral","label_neutral","Neutral","NonPerson","c","762","0.762","0"
"46","self-matching","2","Nonmatching","rhomboid","you","Self","Self","lbl_friend","label_friend","Friend","Close","c","832","0.832","1"
"46","self-matching","2","Matching","octagon","friend","Friend","Close","lbl_friend","label_friend","Friend","Close","x","780","0.78","1"
"46","self-matching","3","Matching","triangle","happy","NonPerson","NonPerson","lbl_happy","label_happy","Happy","NonPerson","x","874","0.874","1"
"46","self-matching","3","Nonmatching","triangle","happy","NonPerson","NonPerson","lbl_neutral","label_neutral","Neutral","NonPerson","c","973","0.973","1"
"46","self-matching","3","Matching","rhomboid","you","Self","Self","lbl_you","label_you","Self","Self","x","643","0.643","1"
"46","self-matching","3","Matching","triangle","happy","NonPerson","NonPerson","lbl_happy","label_happy","Happy","NonPerson","x","876","0.876","1"
"46","self-matching","3","Nonmatching","rhomboid","you","Self","Self","lbl_friend","label_friend","Friend","Close","c","812","0.812","1"
"46","self-matching","3","Matching","rhomboid","you","Self","Self","lbl_you","label_you","Self","Self","x","737","0.737","1"
"46","self-matching","3","Matching","octagon","friend","Friend","Close","lbl_friend","label_friend","Friend","Close","x","787","0.787","1"
"46","self-matching","3","Matching","diamond","neutral","NonPerson","NonPerson","lbl_neutral","label_neutral","Neutral","NonPerson","c","867","0.867","0"
"46","self-matching","3","Nonmatching","diamond","neutral","NonPerson","NonPerson","lbl_happy","label_happy","Happy","NonPerson","c","941","0.941","1"
"46","self-matching","3","Nonmatching","octagon","friend","Friend","Close","lbl_you","label_you","Self","Self","c","822","0.822","1"
"46","self-matching","3","Nonmatching","octagon","friend","Friend","Close","lbl_you","label_you","Self","Self","c","719","0.719","1"
"46","self-matching","3","Matching","octagon","friend","Friend","Close","lbl_friend","label_friend","Friend","Close","x","779","0.779","1"
"46","self-matching","3","Nonmatching","diamond","neutral","NonPerson","NonPerson","lbl_happy","label_happy","Happy","NonPerson","c","977","0.977","1"
"46","self-matching","3","Nonmatching","rhomboid","you","Self","Self","lbl_friend","label_friend","Friend","Close","c","839","0.839","1"
"46","self-matching","3","Matching","diamond","neutral","NonPerson","NonPerson","lbl_neutral","label_neutral","Neutral","NonPerson","x","783","0.783","1"
"46","self-matching","3","Nonmatching","triangle","happy","NonPerson","NonPerson","lbl_neutral","label_neutral","Neutral","NonPerson","c","831","0.831","1"
"47","self-matching","1","Nonmatching","kite","you","Self","Self","lbl_friend","label_friend","Friend","Close","m","1032","1.032","1"
"47","self-matching","1","Nonmatching","trapeze","happy","NonPerson","NonPerson","lbl_neutral","label_neutral","Neutral","NonPerson","n","1235","1.235","0"
"47","self-matching","1","Matching","square","neutral","NonPerson","NonPerson","lbl_neutral","label_neutral","Neutral","NonPerson","n","1413","1.413","1"
"47","self-matching","1","Nonmatching","square","neutral","NonPerson","NonPerson","lbl_happy","label_happy","Happy","NonPerson","m","1160","1.16","1"
"47","self-matching","1","Matching","kite","you","Self","Self","lbl_you","label_you","Self","Self","n","647","0.647","1"
"47","self-matching","1","Nonmatching","square","neutral","NonPerson","NonPerson","lbl_happy","label_happy","Happy","NonPerson","m","988","0.988","1"
"47","self-matching","1","Nonmatching","pentagon","friend","Friend","Close","lbl_you","label_you","Self","Self","m","946","0.946","1"
"47","self-matching","1","Nonmatching","kite","you","Self","Self","lbl_friend","label_friend","Friend","Close","m","722","0.722","1"
"47","self-matching","1","Matching","pentagon","friend","Friend","Close","lbl_friend","label_friend","Friend","Close","m","1351","1.351","0"
"47","self-matching","1","Matching","trapeze","happy","NonPerson","NonPerson","lbl_happy","label_happy","Happy","NonPerson","n","1082","1.082","1"
"47","self-matching","1","Nonmatching","trapeze","happy","NonPerson","NonPerson","lbl_neutral","label_neutral","Neutral","NonPerson","m","871","0.871","1"
"47","self-matching","1","Matching","square","neutral","NonPerson","NonPerson","lbl_neutral","label_neutral","Neutral","NonPerson","n","790","0.79","1"
"47","self-matching","1","Matching","pentagon","friend","Friend","Close","lbl_friend","label_friend","Friend","Close","n","837","0.837","1"
"47","self-matching","1","Matching","kite","you","Self","Self","lbl_you","label_you","Self","Self","n","592","0.592","1"
"47","self-matching","1","Nonmatching","pentagon","friend","Friend","Close","lbl_you","label_you","Self","Self","m","934","0.934","1"
"47","self-matching","1","Matching","trapeze","happy","NonPerson","NonPerson","lbl_happy","label_happy","Happy","NonPerson","n","1102","1.102","1"
"47","self-matching","2","Matching","trapeze","happy","NonPerson","NonPerson","lbl_happy","label_happy","Happy","NonPerson","n","910","0.91","1"
"47","self-matching","2","Nonmatching","pentagon","friend","Friend","Close","lbl_you","label_you","Self","Self","m","1091","1.091","1"
"47","self-matching","2","Matching","square","neutral","NonPerson","NonPerson","lbl_neutral","label_neutral","Neutral","NonPerson","n","827","0.827","1"
"47","self-matching","2","Matching","square","neutral","NonPerson","NonPerson","lbl_neutral","label_neutral","Neutral","NonPerson","n","742","0.742","1"
"47","self-matching","2","Matching","kite","you","Self","Self","lbl_you","label_you","Self","Self","n","569","0.569","1"
"47","self-matching","2","Nonmatching","pentagon","friend","Friend","Close","lbl_you","label_you","Self","Self","n","595","0.595","0"
"47","self-matching","2","Matching","trapeze","happy","NonPerson","NonPerson","lbl_happy","label_happy","Happy","NonPerson","n","742","0.742","1"
"47","self-matching","2","Matching","pentagon","friend","Friend","Close","lbl_friend","label_friend","Friend","Close","m","866","0.866","0"
"47","self-matching","2","Nonmatching","trapeze","happy","NonPerson","NonPerson","lbl_neutral","label_neutral","Neutral","NonPerson","m","1234","1.234","1"
"47","self-matching","2","Nonmatching","trapeze","happy","NonPerson","NonPerson","lbl_neutral","label_neutral","Neutral","NonPerson","m","985","0.985","1"
"47","self-matching","2","Matching","kite","you","Self","Self","lbl_you","label_you","Self","Self","n","597","0.597","1"
"47","self-matching","2","Nonmatching","kite","you","Self","Self","lbl_friend","label_friend","Friend","Close","m","1156","1.156","1"
"47","self-matching","2","Matching","pentagon","friend","Friend","Close","lbl_friend","label_friend","Friend","Close","n","1083","1.083","1"
"47","self-matching","2","Nonmatching","square","neutral","NonPerson","NonPerson","lbl_happy","label_happy","Happy","NonPerson","m","1163","1.163","1"
"47","self-matching","2","Nonmatching","kite","you","Self","Self","lbl_friend","label_friend","Friend","Close","m","1051","1.051","1"
"47","self-matching","2","Nonmatching","square","neutral","NonPerson","NonPerson","lbl_happy","label_happy","Happy","NonPerson","m","1288","1.288","1"
"47","self-matching","3","Matching","trapeze","happy","NonPerson","NonPerson","lbl_happy","label_happy","Happy","NonPerson","m","1269","1.269","0"
"47","self-matching","3","Matching","kite","you","Self","Self","lbl_you","label_you","Self","Self","n","666","0.666","1"
"47","self-matching","3","Matching","pentagon","friend","Friend","Close","lbl_friend","label_friend","Friend","Close","n","1194","1.194","1"
"47","self-matching","3","Matching","trapeze","happy","NonPerson","NonPerson","lbl_happy","label_happy","Happy","NonPerson","n","1085","1.085","1"
"47","self-matching","3","Nonmatching","square","neutral","NonPerson","NonPerson","lbl_happy","label_happy","Happy","NonPerson","m","756","0.756","1"
"47","self-matching","3","Nonmatching","kite","you","Self","Self","lbl_friend","label_friend","Friend","Close","n","982","0.982","0"
"47","self-matching","3","Matching","pentagon","friend","Friend","Close","lbl_friend","label_friend","Friend","Close","n","1277","1.277","1"
"47","self-matching","3","Nonmatching","pentagon","friend","Friend","Close","lbl_you","label_you","Self","Self","m","1278","1.278","1"
"47","self-matching","3","Nonmatching","trapeze","happy","NonPerson","NonPerson","lbl_neutral","label_neutral","Neutral","NonPerson","m","914","0.914","1"
"47","self-matching","3","Nonmatching","trapeze","happy","NonPerson","NonPerson","lbl_neutral","label_neutral","Neutral","NonPerson","m","643","0.643","1"
"47","self-matching","3","Matching","kite","you","Self","Self","lbl_you","label_you","Self","Self","n","1007","1.007","1"
"47","self-matching","3","Nonmatching","square","neutral","NonPerson","NonPerson","lbl_happy","label_happy","Happy","NonPerson","m","1174","1.174","1"
"47","self-matching","3","Matching","square","neutral","NonPerson","NonPerson","lbl_neutral","label_neutral","Neutral","NonPerson","n","798","0.798","1"
"47","self-matching","3","Nonmatching","kite","you","Self","Self","lbl_friend","label_friend","Friend","Close","m","1348","1.348","1"
"47","self-matching","3","Matching","square","neutral","NonPerson","NonPerson","lbl_neutral","label_neutral","Neutral","NonPerson","n","1107","1.107","1"
"47","self-matching","3","Nonmatching","pentagon","friend","Friend","Close","lbl_you","label_you","Self","Self","m","1151","1.151","1"
"47","self-matching","1","Matching","diamond","you","Self","Self","lbl_you","label_you","Self","Self","x","951","0.951","1"
"47","self-matching","1","Nonmatching","octagon","friend","Friend","Close","lbl_you","label_you","Self","Self","c","1001","1.001","1"
"47","self-matching","1","Matching","octagon","friend","Friend","Close","lbl_friend","label_friend","Friend","Close","x","745","0.745","1"
"47","self-matching","1","Matching","triangle","happy","NonPerson","NonPerson","lbl_happy","label_happy","Happy","NonPerson","x","693","0.693","1"
"47","self-matching","1","Nonmatching","rhomboid","neutral","NonPerson","NonPerson","lbl_happy","label_happy","Happy","NonPerson","c","1490","1.49","1"
"47","self-matching","1","Matching","diamond","you","Self","Self","lbl_you","label_you","Self","Self","x","936","0.936","1"
"47","self-matching","1","Nonmatching","triangle","happy","NonPerson","NonPerson","lbl_neutral","label_neutral","Neutral","NonPerson","c","797","0.797","1"
"47","self-matching","1","Nonmatching","rhomboid","neutral","NonPerson","NonPerson","lbl_happy","label_happy","Happy","NonPerson","c","875","0.875","1"
"47","self-matching","1","Nonmatching","octagon","friend","Friend","Close","lbl_you","label_you","Self","Self","c","1205","1.205","1"
"47","self-matching","1","Matching","rhomboid","neutral","NonPerson","NonPerson","lbl_neutral","label_neutral","Neutral","NonPerson","x","938","0.938","1"
"47","self-matching","1","Matching","triangle","happy","NonPerson","NonPerson","lbl_happy","label_happy","Happy","NonPerson","x","686","0.686","1"
"47","self-matching","1","Matching","octagon","friend","Friend","Close","lbl_friend","label_friend","Friend","Close","x","827","0.827","1"
"47","self-matching","1","Nonmatching","triangle","happy","NonPerson","NonPerson","lbl_neutral","label_neutral","Neutral","NonPerson","c","1041","1.041","1"
"47","self-matching","1","Matching","rhomboid","neutral","NonPerson","NonPerson","lbl_neutral","label_neutral","Neutral","NonPerson","x","992","0.992","1"
"47","self-matching","1","Nonmatching","diamond","you","Self","Self","lbl_friend","label_friend","Friend","Close","c","910","0.91","1"
"47","self-matching","1","Nonmatching","diamond","you","Self","Self","lbl_friend","label_friend","Friend","Close","c","631","0.631","1"
"47","self-matching","2","Nonmatching","diamond","you","Self","Self","lbl_friend","label_friend","Friend","Close","c","932","0.932","1"
"47","self-matching","2","Nonmatching","triangle","happy","NonPerson","NonPerson","lbl_neutral","label_neutral","Neutral","NonPerson","c","882","0.882","1"
"47","self-matching","2","Nonmatching","octagon","friend","Friend","Close","lbl_you","label_you","Self","Self","x","1021","1.021","0"
"47","self-matching","2","Matching","rhomboid","neutral","NonPerson","NonPerson","lbl_neutral","label_neutral","Neutral","NonPerson","x","797","0.797","1"
"47","self-matching","2","Nonmatching","triangle","happy","NonPerson","NonPerson","lbl_neutral","label_neutral","Neutral","NonPerson","c","707","0.707","1"
"47","self-matching","2","Matching","triangle","happy","NonPerson","NonPerson","lbl_happy","label_happy","Happy","NonPerson","x","575","0.575","1"
"47","self-matching","2","Matching","octagon","friend","Friend","Close","lbl_friend","label_friend","Friend","Close","x","817","0.817","1"
"47","self-matching","2","Matching","diamond","you","Self","Self","lbl_you","label_you","Self","Self","x","646","0.646","1"
"47","self-matching","2","Matching","triangle","happy","NonPerson","NonPerson","lbl_happy","label_happy","Happy","NonPerson","x","747","0.747","1"
"47","self-matching","2","Nonmatching","rhomboid","neutral","NonPerson","NonPerson","lbl_happy","label_happy","Happy","NonPerson","c","788","0.788","1"
"47","self-matching","2","Matching","rhomboid","neutral","NonPerson","NonPerson","lbl_neutral","label_neutral","Neutral","NonPerson","x","778","0.778","1"
"47","self-matching","2","Nonmatching","rhomboid","neutral","NonPerson","NonPerson","lbl_happy","label_happy","Happy","NonPerson","c","947","0.947","1"
"47","self-matching","2","Nonmatching","diamond","you","Self","Self","lbl_friend","label_friend","Friend","Close","x","1194","1.194","0"
"47","self-matching","2","Matching","diamond","you","Self","Self","lbl_you","label_you","Self","Self","x","378","0.378","1"
"47","self-matching","2","Nonmatching","octagon","friend","Friend","Close","lbl_you","label_you","Self","Self","c","726","0.726","1"
"47","self-matching","2","Matching","octagon","friend","Friend","Close","lbl_friend","label_friend","Friend","Close","x","632","0.632","1"
"47","self-matching","3","Nonmatching","rhomboid","neutral","NonPerson","NonPerson","lbl_happy","label_happy","Happy","NonPerson","c","728","0.728","1"
"47","self-matching","3","Nonmatching","diamond","you","Self","Self","lbl_friend","label_friend","Friend","Close","c","1342","1.342","1"
"47","self-matching","3","Matching","triangle","happy","NonPerson","NonPerson","lbl_happy","label_happy","Happy","NonPerson","c","600","0.6","0"
"47","self-matching","3","Nonmatching","diamond","you","Self","Self","lbl_friend","label_friend","Friend","Close","c","1227","1.227","1"
"47","self-matching","3","Matching","triangle","happy","NonPerson","NonPerson","lbl_happy","label_happy","Happy","NonPerson","x","732","0.732","1"
"47","self-matching","3","Matching","octagon","friend","Friend","Close","lbl_friend","label_friend","Friend","Close","x","908","0.908","1"
"47","self-matching","3","Matching","diamond","you","Self","Self","lbl_you","label_you","Self","Self","x","755","0.755","1"
"47","self-matching","3","Matching","rhomboid","neutral","NonPerson","NonPerson","lbl_neutral","label_neutral","Neutral","NonPerson","x","611","0.611","1"
"47","self-matching","3","Nonmatching","octagon","friend","Friend","Close","lbl_you","label_you","Self","Self","c","1014","1.014","1"
"47","self-matching","3","Nonmatching","rhomboid","neutral","NonPerson","NonPerson","lbl_happy","label_happy","Happy","NonPerson","c","944","0.944","1"
"47","self-matching","3","Nonmatching","triangle","happy","NonPerson","NonPerson","lbl_neutral","label_neutral","Neutral","NonPerson","c","844","0.844","1"
"47","self-matching","3","Nonmatching","triangle","happy","NonPerson","NonPerson","lbl_neutral","label_neutral","Neutral","NonPerson","c","812","0.812","1"
"47","self-matching","3","Matching","octagon","friend","Friend","Close","lbl_friend","label_friend","Friend","Close","x","756","0.756","1"
"47","self-matching","3","Matching","rhomboid","neutral","NonPerson","NonPerson","lbl_neutral","label_neutral","Neutral","NonPerson","x","929","0.929","1"
"47","self-matching","3","Nonmatching","octagon","friend","Friend","Close","lbl_you","label_you","Self","Self","x","657","0.657","0"
"47","self-matching","3","Matching","diamond","you","Self","Self","lbl_you","label_you","Self","Self","x","439","0.439","1"
"49","self-matching","1","Matching","kite","friend","Friend","Close","lbl_friend","label_friend","Friend","Close","n","629","0.629","1"
"49","self-matching","1","Matching","square","neutral","NonPerson","NonPerson","lbl_neutral","label_neutral","Neutral","NonPerson","n","990","0.99","1"
"49","self-matching","1","Nonmatching","trapeze","happy","NonPerson","NonPerson","lbl_neutral","label_neutral","Neutral","NonPerson","n","728","0.728","0"
"49","self-matching","1","Matching","kite","friend","Friend","Close","lbl_friend","label_friend","Friend","Close","m","747","0.747","0"
"49","self-matching","1","Matching","pentagon","you","Self","Self","lbl_you","label_you","Self","Self","n","773","0.773","1"
"49","self-matching","1","Nonmatching","square","neutral","NonPerson","NonPerson","lbl_happy","label_happy","Happy","NonPerson","n","879","0.879","0"
"49","self-matching","1","Matching","pentagon","you","Self","Self","lbl_you","label_you","Self","Self","n","744","0.744","1"
"49","self-matching","1","Matching","trapeze","happy","NonPerson","NonPerson","lbl_happy","label_happy","Happy","NonPerson","n","704","0.704","1"
"49","self-matching","1","Nonmatching","trapeze","happy","NonPerson","NonPerson","lbl_neutral","label_neutral","Neutral","NonPerson","m","945","0.945","1"
"49","self-matching","1","Nonmatching","pentagon","you","Self","Self","lbl_friend","label_friend","Friend","Close","m","1010","1.01","1"
"49","self-matching","1","Nonmatching","kite","friend","Friend","Close","lbl_you","label_you","Self","Self","n","624","0.624","0"
"49","self-matching","1","Matching","trapeze","happy","NonPerson","NonPerson","lbl_happy","label_happy","Happy","NonPerson","m","789","0.789","0"
"49","self-matching","1","Matching","square","neutral","NonPerson","NonPerson","lbl_neutral","label_neutral","Neutral","NonPerson","n","708","0.708","1"
"49","self-matching","1","Nonmatching","square","neutral","NonPerson","NonPerson","lbl_happy","label_happy","Happy","NonPerson","m","905","0.905","1"
"49","self-matching","1","Nonmatching","pentagon","you","Self","Self","lbl_friend","label_friend","Friend","Close","n","1032","1.032","0"
"49","self-matching","1","Nonmatching","kite","friend","Friend","Close","lbl_you","label_you","Self","Self","n","688","0.688","0"
"49","self-matching","2","Matching","square","neutral","NonPerson","NonPerson","lbl_neutral","label_neutral","Neutral","NonPerson","n","843","0.843","1"
"49","self-matching","2","Nonmatching","pentagon","you","Self","Self","lbl_friend","label_friend","Friend","Close","n","1015","1.015","0"
"49","self-matching","2","Nonmatching","square","neutral","NonPerson","NonPerson","lbl_happy","label_happy","Happy","NonPerson","m","1083","1.083","1"
"49","self-matching","2","Matching","kite","friend","Friend","Close","lbl_friend","label_friend","Friend","Close","n","672","0.672","1"
"49","self-matching","2","Nonmatching","trapeze","happy","NonPerson","NonPerson","lbl_neutral","label_neutral","Neutral","NonPerson","m","1192","1.192","1"
"49","self-matching","2","Nonmatching","kite","friend","Friend","Close","lbl_you","label_you","Self","Self","m","809","0.809","1"
"49","self-matching","2","Matching","trapeze","happy","NonPerson","NonPerson","lbl_happy","label_happy","Happy","NonPerson","n","792","0.792","1"
"49","self-matching","2","Nonmatching","square","neutral","NonPerson","NonPerson","lbl_happy","label_happy","Happy","NonPerson","n","859","0.859","0"
"49","self-matching","2","Nonmatching","trapeze","happy","NonPerson","NonPerson","lbl_neutral","label_neutral","Neutral","NonPerson","m","1025","1.025","1"
"49","self-matching","2","Matching","square","neutral","NonPerson","NonPerson","lbl_neutral","label_neutral","Neutral","NonPerson","n","795","0.795","1"
"49","self-matching","2","Matching","trapeze","happy","NonPerson","NonPerson","lbl_happy","label_happy","Happy","NonPerson","n","787","0.787","1"
"49","self-matching","2","Nonmatching","kite","friend","Friend","Close","lbl_you","label_you","Self","Self","n","941","0.941","0"
"49","self-matching","2","Matching","kite","friend","Friend","Close","lbl_friend","label_friend","Friend","Close","n","767","0.767","1"
"49","self-matching","2","Matching","pentagon","you","Self","Self","lbl_you","label_you","Self","Self","n","727","0.727","1"
"49","self-matching","2","Matching","pentagon","you","Self","Self","lbl_you","label_you","Self","Self","n","1079","1.079","1"
"49","self-matching","2","Nonmatching","pentagon","you","Self","Self","lbl_friend","label_friend","Friend","Close","m","875","0.875","1"
"49","self-matching","3","Nonmatching","square","neutral","NonPerson","NonPerson","lbl_happy","label_happy","Happy","NonPerson","n","1052","1.052","0"
"49","self-matching","3","Nonmatching","kite","friend","Friend","Close","lbl_you","label_you","Self","Self","m","833","0.833","1"
"49","self-matching","3","Nonmatching","trapeze","happy","NonPerson","NonPerson","lbl_neutral","label_neutral","Neutral","NonPerson","m","786","0.786","1"
"49","self-matching","3","Nonmatching","kite","friend","Friend","Close","lbl_you","label_you","Self","Self","m","862","0.862","1"
"49","self-matching","3","Nonmatching","pentagon","you","Self","Self","lbl_friend","label_friend","Friend","Close","m","806","0.806","1"
"49","self-matching","3","Matching","square","neutral","NonPerson","NonPerson","lbl_neutral","label_neutral","Neutral","NonPerson","n","794","0.794","1"
"49","self-matching","3","Matching","kite","friend","Friend","Close","lbl_friend","label_friend","Friend","Close","n","927","0.927","1"
"49","self-matching","3","Matching","trapeze","happy","NonPerson","NonPerson","lbl_happy","label_happy","Happy","NonPerson","n","890","0.89","1"
"49","self-matching","3","Matching","kite","friend","Friend","Close","lbl_friend","label_friend","Friend","Close","n","840","0.84","1"
"49","self-matching","3","Nonmatching","square","neutral","NonPerson","NonPerson","lbl_happy","label_happy","Happy","NonPerson","n","664","0.664","0"
"49","self-matching","3","Nonmatching","pentagon","you","Self","Self","lbl_friend","label_friend","Friend","Close","m","1233","1.233","1"
"49","self-matching","3","Matching","trapeze","happy","NonPerson","NonPerson","lbl_happy","label_happy","Happy","NonPerson","n","570","0.57","1"
"49","self-matching","3","Matching","pentagon","you","Self","Self","lbl_you","label_you","Self","Self","n","934","0.934","1"
"49","self-matching","3","Matching","pentagon","you","Self","Self","lbl_you","label_you","Self","Self","n","701","0.701","1"
"49","self-matching","3","Matching","square","neutral","NonPerson","NonPerson","lbl_neutral","label_neutral","Neutral","NonPerson","n","866","0.866","1"
"49","self-matching","3","Nonmatching","trapeze","happy","NonPerson","NonPerson","lbl_neutral","label_neutral","Neutral","NonPerson","m","782","0.782","1"
"49","self-matching","1","Matching","triangle","happy","NonPerson","NonPerson","lbl_happy","label_happy","Happy","NonPerson","x","730","0.73","1"
"49","self-matching","1","Nonmatching","rhomboid","neutral","NonPerson","NonPerson","lbl_happy","label_happy","Happy","NonPerson","x","744","0.744","0"
"49","self-matching","1","Matching","rhomboid","neutral","NonPerson","NonPerson","lbl_neutral","label_neutral","Neutral","NonPerson","x","816","0.816","1"
"49","self-matching","1","Matching","octagon","you","Self","Self","lbl_you","label_you","Self","Self","x","1072","1.072","1"
"49","self-matching","1","Nonmatching","diamond","friend","Friend","Close","lbl_you","label_you","Self","Self","c","804","0.804","1"
"49","self-matching","1","Matching","triangle","happy","NonPerson","NonPerson","lbl_happy","label_happy","Happy","NonPerson","x","781","0.781","1"
"49","self-matching","1","Nonmatching","triangle","happy","NonPerson","NonPerson","lbl_neutral","label_neutral","Neutral","NonPerson","c","1036","1.036","1"
"49","self-matching","1","Matching","rhomboid","neutral","NonPerson","NonPerson","lbl_neutral","label_neutral","Neutral","NonPerson","x","879","0.879","1"
"49","self-matching","1","Nonmatching","rhomboid","neutral","NonPerson","NonPerson","lbl_happy","label_happy","Happy","NonPerson","c","1274","1.274","1"
"49","self-matching","1","Nonmatching","octagon","you","Self","Self","lbl_friend","label_friend","Friend","Close","c","1181","1.181","1"
"49","self-matching","1","Nonmatching","triangle","happy","NonPerson","NonPerson","lbl_neutral","label_neutral","Neutral","NonPerson","c","731","0.731","1"
"49","self-matching","1","Matching","octagon","you","Self","Self","lbl_you","label_you","Self","Self","x","642","0.642","1"
"49","self-matching","1","Nonmatching","octagon","you","Self","Self","lbl_friend","label_friend","Friend","Close","c","669","0.669","1"
"49","self-matching","1","Nonmatching","diamond","friend","Friend","Close","lbl_you","label_you","Self","Self","c","1105","1.105","1"
"49","self-matching","1","Matching","diamond","friend","Friend","Close","lbl_friend","label_friend","Friend","Close","x","610","0.61","1"
"49","self-matching","1","Matching","diamond","friend","Friend","Close","lbl_friend","label_friend","Friend","Close","x","525","0.525","1"
"49","self-matching","2","Matching","triangle","happy","NonPerson","NonPerson","lbl_happy","label_happy","Happy","NonPerson","x","666","0.666","1"
"49","self-matching","2","Nonmatching","diamond","friend","Friend","Close","lbl_you","label_you","Self","Self","c","966","0.966","1"
"49","self-matching","2","Nonmatching","triangle","happy","NonPerson","NonPerson","lbl_neutral","label_neutral","Neutral","NonPerson","c","783","0.783","1"
"49","self-matching","2","Nonmatching","rhomboid","neutral","NonPerson","NonPerson","lbl_happy","label_happy","Happy","NonPerson","c","713","0.713","1"
"49","self-matching","2","Matching","octagon","you","Self","Self","lbl_you","label_you","Self","Self","x","663","0.663","1"
"49","self-matching","2","Matching","rhomboid","neutral","NonPerson","NonPerson","lbl_neutral","label_neutral","Neutral","NonPerson","x","1116","1.116","1"
"49","self-matching","2","Matching","triangle","happy","NonPerson","NonPerson","lbl_happy","label_happy","Happy","NonPerson","x","827","0.827","1"
"49","self-matching","2","Nonmatching","octagon","you","Self","Self","lbl_friend","label_friend","Friend","Close","c","1131","1.131","1"
"49","self-matching","2","Matching","rhomboid","neutral","NonPerson","NonPerson","lbl_neutral","label_neutral","Neutral","NonPerson","x","650","0.65","1"
"49","self-matching","2","Nonmatching","rhomboid","neutral","NonPerson","NonPerson","lbl_happy","label_happy","Happy","NonPerson","c","1155","1.155","1"
"49","self-matching","2","Matching","octagon","you","Self","Self","lbl_you","label_you","Self","Self","x","654","0.654","1"
"49","self-matching","2","Matching","diamond","friend","Friend","Close","lbl_friend","label_friend","Friend","Close","x","863","0.863","1"
"49","self-matching","2","Nonmatching","triangle","happy","NonPerson","NonPerson","lbl_neutral","label_neutral","Neutral","NonPerson","c","807","0.807","1"
"49","self-matching","2","Matching","diamond","friend","Friend","Close","lbl_friend","label_friend","Friend","Close","x","633","0.633","1"
"49","self-matching","2","Nonmatching","diamond","friend","Friend","Close","lbl_you","label_you","Self","Self","c","744","0.744","1"
"49","self-matching","2","Nonmatching","octagon","you","Self","Self","lbl_friend","label_friend","Friend","Close","x","691","0.691","0"
"49","self-matching","3","Nonmatching","rhomboid","neutral","NonPerson","NonPerson","lbl_happy","label_happy","Happy","NonPerson","x","1002","1.002","0"
"49","self-matching","3","Nonmatching","octagon","you","Self","Self","lbl_friend","label_friend","Friend","Close","c","958","0.958","1"
"49","self-matching","3","Matching","diamond","friend","Friend","Close","lbl_friend","label_friend","Friend","Close","x","535","0.535","1"
"49","self-matching","3","Nonmatching","triangle","happy","NonPerson","NonPerson","lbl_neutral","label_neutral","Neutral","NonPerson","c","734","0.734","1"
"49","self-matching","3","Nonmatching","octagon","you","Self","Self","lbl_friend","label_friend","Friend","Close","x","551","0.551","0"
"49","self-matching","3","Matching","triangle","happy","NonPerson","NonPerson","lbl_happy","label_happy","Happy","NonPerson","x","881","0.881","1"
"49","self-matching","3","Nonmatching","triangle","happy","NonPerson","NonPerson","lbl_neutral","label_neutral","Neutral","NonPerson","c","989","0.989","1"
"49","self-matching","3","Nonmatching","diamond","friend","Friend","Close","lbl_you","label_you","Self","Self","x","612","0.612","0"
"49","self-matching","3","Nonmatching","rhomboid","neutral","NonPerson","NonPerson","lbl_happy","label_happy","Happy","NonPerson","c","854","0.854","1"
"49","self-matching","3","Matching","octagon","you","Self","Self","lbl_you","label_you","Self","Self","x","584","0.584","1"
"49","self-matching","3","Nonmatching","diamond","friend","Friend","Close","lbl_you","label_you","Self","Self","c","861","0.861","1"
"49","self-matching","3","Matching","triangle","happy","NonPerson","NonPerson","lbl_happy","label_happy","Happy","NonPerson","x","719","0.719","1"
"49","self-matching","3","Matching","diamond","friend","Friend","Close","lbl_friend","label_friend","Friend","Close","x","1170","1.17","1"
"49","self-matching","3","Matching","octagon","you","Self","Self","lbl_you","label_you","Self","Self","x","492","0.492","1"
"49","self-matching","3","Matching","rhomboid","neutral","NonPerson","NonPerson","lbl_neutral","label_neutral","Neutral","NonPerson","x","696","0.696","1"
"49","self-matching","3","Matching","rhomboid","neutral","NonPerson","NonPerson","lbl_neutral","label_neutral","Neutral","NonPerson","x","609","0.609","1"
"50","self-matching","1","Matching","rhomboid","you","Self","Self","lbl_you","label_you","Self","Self","m","1070","1.07","1"
"50","self-matching","1","Matching","diamond","neutral","NonPerson","NonPerson","lbl_neutral","label_neutral","Neutral","NonPerson","timeout","1649","1.649","0"
"50","self-matching","1","Nonmatching","diamond","neutral","NonPerson","NonPerson","lbl_happy","label_happy","Happy","NonPerson","m","786","0.786","0"
"50","self-matching","1","Nonmatching","rhomboid","you","Self","Self","lbl_friend","label_friend","Friend","Close","n","909","0.909","1"
"50","self-matching","1","Nonmatching","triangle","friend","Friend","Close","lbl_you","label_you","Self","Self","m","923","0.923","0"
"50","self-matching","1","Matching","triangle","friend","Friend","Close","lbl_friend","label_friend","Friend","Close","m","1238","1.238","1"
"50","self-matching","1","Nonmatching","octagon","happy","NonPerson","NonPerson","lbl_neutral","label_neutral","Neutral","NonPerson","n","958","0.958","1"
"50","self-matching","1","Nonmatching","rhomboid","you","Self","Self","lbl_friend","label_friend","Friend","Close","n","803","0.803","1"
"50","self-matching","1","Nonmatching","octagon","happy","NonPerson","NonPerson","lbl_neutral","label_neutral","Neutral","NonPerson","m","1361","1.361","0"
"50","self-matching","1","Matching","diamond","neutral","NonPerson","NonPerson","lbl_neutral","label_neutral","Neutral","NonPerson","n","891","0.891","0"
"50","self-matching","1","Nonmatching","triangle","friend","Friend","Close","lbl_you","label_you","Self","Self","m","669","0.669","0"
"50","self-matching","1","Matching","octagon","happy","NonPerson","NonPerson","lbl_happy","label_happy","Happy","NonPerson","m","1262","1.262","1"
"50","self-matching","1","Matching","rhomboid","you","Self","Self","lbl_you","label_you","Self","Self","n","745","0.745","0"
"50","self-matching","1","Nonmatching","diamond","neutral","NonPerson","NonPerson","lbl_happy","label_happy","Happy","NonPerson","timeout","1648","1.648","0"
"50","self-matching","1","Matching","octagon","happy","NonPerson","NonPerson","lbl_happy","label_happy","Happy","NonPerson","timeout","1649","1.649","0"
"50","self-matching","1","Matching","triangle","friend","Friend","Close","lbl_friend","label_friend","Friend","Close","m","762","0.762","1"
"50","self-matching","2","Matching","rhomboid","you","Self","Self","lbl_you","label_you","Self","Self","m","886","0.886","1"
"50","self-matching","2","Matching","diamond","neutral","NonPerson","NonPerson","lbl_neutral","label_neutral","Neutral","NonPerson","m","1202","1.202","1"
"50","self-matching","2","Matching","triangle","friend","Friend","Close","lbl_friend","label_friend","Friend","Close","n","1184","1.184","0"
"50","self-matching","2","Nonmatching","triangle","friend","Friend","Close","lbl_you","label_you","Self","Self","n","1037","1.037","1"
"50","self-matching","2","Matching","octagon","happy","NonPerson","NonPerson","lbl_happy","label_happy","Happy","NonPerson","m","857","0.857","1"
"50","self-matching","2","Matching","rhomboid","you","Self","Self","lbl_you","label_you","Self","Self","m","619","0.619","1"
"50","self-matching","2","Matching","triangle","friend","Friend","Close","lbl_friend","label_friend","Friend","Close","n","720","0.72","0"
"50","self-matching","2","Nonmatching","octagon","happy","NonPerson","NonPerson","lbl_neutral","label_neutral","Neutral","NonPerson","n","915","0.915","1"
"50","self-matching","2","Nonmatching","octagon","happy","NonPerson","NonPerson","lbl_neutral","label_neutral","Neutral","NonPerson","n","844","0.844","1"
"50","self-matching","2","Nonmatching","diamond","neutral","NonPerson","NonPerson","lbl_happy","label_happy","Happy","NonPerson","n","1121","1.121","1"
"50","self-matching","2","Nonmatching","triangle","friend","Friend","Close","lbl_you","label_you","Self","Self","n","1248","1.248","1"
"50","self-matching","2","Nonmatching","rhomboid","you","Self","Self","lbl_friend","label_friend","Friend","Close","n","833","0.833","1"
"50","self-matching","2","Matching","diamond","neutral","NonPerson","NonPerson","lbl_neutral","label_neutral","Neutral","NonPerson","m","1037","1.037","1"
"50","self-matching","2","Matching","octagon","happy","NonPerson","NonPerson","lbl_happy","label_happy","Happy","NonPerson","m","629","0.629","1"
"50","self-matching","2","Nonmatching","rhomboid","you","Self","Self","lbl_friend","label_friend","Friend","Close","n","1057","1.057","1"
"50","self-matching","2","Nonmatching","diamond","neutral","NonPerson","NonPerson","lbl_happy","label_happy","Happy","NonPerson","m","798","0.798","0"
"50","self-matching","3","Matching","rhomboid","you","Self","Self","lbl_you","label_you","Self","Self","m","808","0.808","1"
"50","self-matching","3","Nonmatching","diamond","neutral","NonPerson","NonPerson","lbl_happy","label_happy","Happy","NonPerson","n","718","0.718","1"
"50","self-matching","3","Nonmatching","triangle","friend","Friend","Close","lbl_you","label_you","Self","Self","m","982","0.982","0"
"50","self-matching","3","Nonmatching","diamond","neutral","NonPerson","NonPerson","lbl_happy","label_happy","Happy","NonPerson","n","848","0.848","1"
"50","self-matching","3","Matching","octagon","happy","NonPerson","NonPerson","lbl_happy","label_happy","Happy","NonPerson","m","619","0.619","1"
"50","self-matching","3","Nonmatching","rhomboid","you","Self","Self","lbl_friend","label_friend","Friend","Close","m","787","0.787","0"
"50","self-matching","3","Matching","diamond","neutral","NonPerson","NonPerson","lbl_neutral","label_neutral","Neutral","NonPerson","m","1092","1.092","1"
"50","self-matching","3","Matching","triangle","friend","Friend","Close","lbl_friend","label_friend","Friend","Close","m","774","0.774","1"
"50","self-matching","3","Matching","rhomboid","you","Self","Self","lbl_you","label_you","Self","Self","n","474","0.474","0"
"50","self-matching","3","Nonmatching","triangle","friend","Friend","Close","lbl_you","label_you","Self","Self","n","926","0.926","1"
"50","self-matching","3","Nonmatching","octagon","happy","NonPerson","NonPerson","lbl_neutral","label_neutral","Neutral","NonPerson","n","888","0.888","1"
"50","self-matching","3","Nonmatching","rhomboid","you","Self","Self","lbl_friend","label_friend","Friend","Close","n","920","0.92","1"
"50","self-matching","3","Nonmatching","octagon","happy","NonPerson","NonPerson","lbl_neutral","label_neutral","Neutral","NonPerson","n","868","0.868","1"
"50","self-matching","3","Matching","triangle","friend","Friend","Close","lbl_friend","label_friend","Friend","Close","m","875","0.875","1"
"50","self-matching","3","Matching","octagon","happy","NonPerson","NonPerson","lbl_happy","label_happy","Happy","NonPerson","m","1010","1.01","1"
"50","self-matching","3","Matching","diamond","neutral","NonPerson","NonPerson","lbl_neutral","label_neutral","Neutral","NonPerson","m","904","0.904","1"
"50","self-matching","1","Matching","square","you","Self","Self","lbl_you","label_you","Self","Self","c","654","0.654","1"
"50","self-matching","1","Matching","pentagon","happy","NonPerson","NonPerson","lbl_happy","label_happy","Happy","NonPerson","c","644","0.644","1"
"50","self-matching","1","Nonmatching","pentagon","happy","NonPerson","NonPerson","lbl_neutral","label_neutral","Neutral","NonPerson","x","631","0.631","1"
"50","self-matching","1","Nonmatching","square","you","Self","Self","lbl_friend","label_friend","Friend","Close","c","594","0.594","0"
"50","self-matching","1","Nonmatching","square","you","Self","Self","lbl_friend","label_friend","Friend","Close","x","1065","1.065","1"
"50","self-matching","1","Nonmatching","kite","neutral","NonPerson","NonPerson","lbl_happy","label_happy","Happy","NonPerson","c","974","0.974","0"
"50","self-matching","1","Matching","kite","neutral","NonPerson","NonPerson","lbl_neutral","label_neutral","Neutral","NonPerson","c","666","0.666","1"
"50","self-matching","1","Matching","square","you","Self","Self","lbl_you","label_you","Self","Self","c","701","0.701","1"
"50","self-matching","1","Nonmatching","trapeze","friend","Friend","Close","lbl_you","label_you","Self","Self","c","565","0.565","0"
"50","self-matching","1","Matching","trapeze","friend","Friend","Close","lbl_friend","label_friend","Friend","Close","x","721","0.721","0"
"50","self-matching","1","Nonmatching","kite","neutral","NonPerson","NonPerson","lbl_happy","label_happy","Happy","NonPerson","x","819","0.819","1"
"50","self-matching","1","Matching","pentagon","happy","NonPerson","NonPerson","lbl_happy","label_happy","Happy","NonPerson","c","683","0.683","1"
"50","self-matching","1","Matching","kite","neutral","NonPerson","NonPerson","lbl_neutral","label_neutral","Neutral","NonPerson","c","907","0.907","1"
"50","self-matching","1","Nonmatching","pentagon","happy","NonPerson","NonPerson","lbl_neutral","label_neutral","Neutral","NonPerson","x","793","0.793","1"
"50","self-matching","1","Nonmatching","trapeze","friend","Friend","Close","lbl_you","label_you","Self","Self","c","713","0.713","0"
"50","self-matching","1","Matching","trapeze","friend","Friend","Close","lbl_friend","label_friend","Friend","Close","c","628","0.628","1"
"50","self-matching","2","Matching","pentagon","happy","NonPerson","NonPerson","lbl_happy","label_happy","Happy","NonPerson","c","835","0.835","1"
"50","self-matching","2","Nonmatching","pentagon","happy","NonPerson","NonPerson","lbl_neutral","label_neutral","Neutral","NonPerson","x","604","0.604","1"
"50","self-matching","2","Matching","pentagon","happy","NonPerson","NonPerson","lbl_happy","label_happy","Happy","NonPerson","c","614","0.614","1"
"50","self-matching","2","Nonmatching","kite","neutral","NonPerson","NonPerson","lbl_happy","label_happy","Happy","NonPerson","x","724","0.724","1"
"50","self-matching","2","Matching","trapeze","friend","Friend","Close","lbl_friend","label_friend","Friend","Close","c","663","0.663","1"
"50","self-matching","2","Matching","trapeze","friend","Friend","Close","lbl_friend","label_friend","Friend","Close","c","757","0.757","1"
"50","self-matching","2","Nonmatching","square","you","Self","Self","lbl_friend","label_friend","Friend","Close","c","691","0.691","0"
"50","self-matching","2","Matching","kite","neutral","NonPerson","NonPerson","lbl_neutral","label_neutral","Neutral","NonPerson","c","968","0.968","1"
"50","self-matching","2","Nonmatching","trapeze","friend","Friend","Close","lbl_you","label_you","Self","Self","x","929","0.929","1"
"50","self-matching","2","Matching","kite","neutral","NonPerson","NonPerson","lbl_neutral","label_neutral","Neutral","NonPerson","c","788","0.788","1"
"50","self-matching","2","Matching","square","you","Self","Self","lbl_you","label_you","Self","Self","c","805","0.805","1"
"50","self-matching","2","Matching","square","you","Self","Self","lbl_you","label_you","Self","Self","c","771","0.771","1"
"50","self-matching","2","Nonmatching","pentagon","happy","NonPerson","NonPerson","lbl_neutral","label_neutral","Neutral","NonPerson","x","1144","1.144","1"
"50","self-matching","2","Nonmatching","square","you","Self","Self","lbl_friend","label_friend","Friend","Close","c","751","0.751","0"
"50","self-matching","2","Nonmatching","kite","neutral","NonPerson","NonPerson","lbl_happy","label_happy","Happy","NonPerson","x","805","0.805","1"
"50","self-matching","2","Nonmatching","trapeze","friend","Friend","Close","lbl_you","label_you","Self","Self","c","569","0.569","0"
"50","self-matching","3","Nonmatching","trapeze","friend","Friend","Close","lbl_you","label_you","Self","Self","c","587","0.587","0"
"50","self-matching","3","Matching","pentagon","happy","NonPerson","NonPerson","lbl_happy","label_happy","Happy","NonPerson","c","955","0.955","1"
"50","self-matching","3","Matching","kite","neutral","NonPerson","NonPerson","lbl_neutral","label_neutral","Neutral","NonPerson","c","835","0.835","1"
"50","self-matching","3","Matching","trapeze","friend","Friend","Close","lbl_friend","label_friend","Friend","Close","c","737","0.737","1"
"50","self-matching","3","Nonmatching","square","you","Self","Self","lbl_friend","label_friend","Friend","Close","x","649","0.649","1"
"50","self-matching","3","Matching","square","you","Self","Self","lbl_you","label_you","Self","Self","c","688","0.688","1"
"50","self-matching","3","Nonmatching","kite","neutral","NonPerson","NonPerson","lbl_happy","label_happy","Happy","NonPerson","x","952","0.952","1"
"50","self-matching","3","Matching","trapeze","friend","Friend","Close","lbl_friend","label_friend","Friend","Close","c","764","0.764","1"
"50","self-matching","3","Nonmatching","pentagon","happy","NonPerson","NonPerson","lbl_neutral","label_neutral","Neutral","NonPerson","x","1337","1.337","1"
"50","self-matching","3","Nonmatching","trapeze","friend","Friend","Close","lbl_you","label_you","Self","Self","c","585","0.585","0"
"50","self-matching","3","Nonmatching","kite","neutral","NonPerson","NonPerson","lbl_happy","label_happy","Happy","NonPerson","x","1079","1.079","1"
"50","self-matching","3","Matching","square","you","Self","Self","lbl_you","label_you","Self","Self","c","635","0.635","1"
"50","self-matching","3","Matching","pentagon","happy","NonPerson","NonPerson","lbl_happy","label_happy","Happy","NonPerson","x","704","0.704","0"
"50","self-matching","3","Matching","kite","neutral","NonPerson","NonPerson","lbl_neutral","label_neutral","Neutral","NonPerson","x","947","0.947","0"
"50","self-matching","3","Nonmatching","pentagon","happy","NonPerson","NonPerson","lbl_neutral","label_neutral","Neutral","NonPerson","x","1238","1.238","1"
"50","self-matching","3","Nonmatching","square","you","Self","Self","lbl_friend","label_friend","Friend","Close","x","669","0.669","1"
"52","self-matching","1","Matching","pentagon","you","Self","Self","lbl_you","label_you","Self","Self","n","906","0.906","1"
"52","self-matching","1","Nonmatching","square","happy","NonPerson","NonPerson","lbl_neutral","label_neutral","Neutral","NonPerson","m","1115","1.115","1"
"52","self-matching","1","Nonmatching","square","happy","NonPerson","NonPerson","lbl_neutral","label_neutral","Neutral","NonPerson","m","1277","1.277","1"
"52","self-matching","1","Nonmatching","pentagon","you","Self","Self","lbl_friend","label_friend","Friend","Close","m","976","0.976","1"
"52","self-matching","1","Matching","square","happy","NonPerson","NonPerson","lbl_happy","label_happy","Happy","NonPerson","n","981","0.981","1"
"52","self-matching","1","Nonmatching","kite","neutral","NonPerson","NonPerson","lbl_happy","label_happy","Happy","NonPerson","m","821","0.821","1"
"52","self-matching","1","Matching","square","happy","NonPerson","NonPerson","lbl_happy","label_happy","Happy","NonPerson","n","1254","1.254","1"
"52","self-matching","1","Nonmatching","trapeze","friend","Friend","Close","lbl_you","label_you","Self","Self","m","1222","1.222","1"
"52","self-matching","1","Nonmatching","kite","neutral","NonPerson","NonPerson","lbl_happy","label_happy","Happy","NonPerson","m","955","0.955","1"
"52","self-matching","1","Matching","kite","neutral","NonPerson","NonPerson","lbl_neutral","label_neutral","Neutral","NonPerson","n","1284","1.284","1"
"52","self-matching","1","Matching","trapeze","friend","Friend","Close","lbl_friend","label_friend","Friend","Close","n","996","0.996","1"
"52","self-matching","1","Matching","trapeze","friend","Friend","Close","lbl_friend","label_friend","Friend","Close","n","822","0.822","1"
"52","self-matching","1","Nonmatching","pentagon","you","Self","Self","lbl_friend","label_friend","Friend","Close","m","857","0.857","1"
"52","self-matching","1","Matching","kite","neutral","NonPerson","NonPerson","lbl_neutral","label_neutral","Neutral","NonPerson","n","1350","1.35","1"
"52","self-matching","1","Nonmatching","trapeze","friend","Friend","Close","lbl_you","label_you","Self","Self","m","1060","1.06","1"
"52","self-matching","1","Matching","pentagon","you","Self","Self","lbl_you","label_you","Self","Self","n","928","0.928","1"
"52","self-matching","2","Nonmatching","pentagon","you","Self","Self","lbl_friend","label_friend","Friend","Close","m","918","0.918","1"
"52","self-matching","2","Matching","square","happy","NonPerson","NonPerson","lbl_happy","label_happy","Happy","NonPerson","n","964","0.964","1"
"52","self-matching","2","Nonmatching","trapeze","friend","Friend","Close","lbl_you","label_you","Self","Self","m","787","0.787","1"
"52","self-matching","2","Matching","pentagon","you","Self","Self","lbl_you","label_you","Self","Self","n","554","0.554","1"
"52","self-matching","2","Matching","trapeze","friend","Friend","Close","lbl_friend","label_friend","Friend","Close","m","782","0.782","0"
"52","self-matching","2","Matching","pentagon","you","Self","Self","lbl_you","label_you","Self","Self","n","601","0.601","1"
"52","self-matching","2","Nonmatching","square","happy","NonPerson","NonPerson","lbl_neutral","label_neutral","Neutral","NonPerson","m","1116","1.116","1"
"52","self-matching","2","Matching","trapeze","friend","Friend","Close","lbl_friend","label_friend","Friend","Close","n","759","0.759","1"
"52","self-matching","2","Nonmatching","kite","neutral","NonPerson","NonPerson","lbl_happy","label_happy","Happy","NonPerson","m","1190","1.19","1"
"52","self-matching","2","Nonmatching","trapeze","friend","Friend","Close","lbl_you","label_you","Self","Self","m","982","0.982","1"
"52","self-matching","2","Nonmatching","kite","neutral","NonPerson","NonPerson","lbl_happy","label_happy","Happy","NonPerson","m","1009","1.009","1"
"52","self-matching","2","Matching","kite","neutral","NonPerson","NonPerson","lbl_neutral","label_neutral","Neutral","NonPerson","n","1102","1.102","1"
"52","self-matching","2","Nonmatching","pentagon","you","Self","Self","lbl_friend","label_friend","Friend","Close","m","895","0.895","1"
"52","self-matching","2","Nonmatching","square","happy","NonPerson","NonPerson","lbl_neutral","label_neutral","Neutral","NonPerson","m","1086","1.086","1"
"52","self-matching","2","Matching","kite","neutral","NonPerson","NonPerson","lbl_neutral","label_neutral","Neutral","NonPerson","n","1118","1.118","1"
"52","self-matching","2","Matching","square","happy","NonPerson","NonPerson","lbl_happy","label_happy","Happy","NonPerson","n","1067","1.067","1"
"52","self-matching","3","Nonmatching","trapeze","friend","Friend","Close","lbl_you","label_you","Self","Self","n","776","0.776","0"
"52","self-matching","3","Matching","trapeze","friend","Friend","Close","lbl_friend","label_friend","Friend","Close","n","848","0.848","1"
"52","self-matching","3","Matching","trapeze","friend","Friend","Close","lbl_friend","label_friend","Friend","Close","n","693","0.693","1"
"52","self-matching","3","Nonmatching","square","happy","NonPerson","NonPerson","lbl_neutral","label_neutral","Neutral","NonPerson","m","1020","1.02","1"
"52","self-matching","3","Nonmatching","pentagon","you","Self","Self","lbl_friend","label_friend","Friend","Close","m","987","0.987","1"
"52","self-matching","3","Nonmatching","kite","neutral","NonPerson","NonPerson","lbl_happy","label_happy","Happy","NonPerson","m","1035","1.035","1"
"52","self-matching","3","Matching","pentagon","you","Self","Self","lbl_you","label_you","Self","Self","n","787","0.787","1"
"52","self-matching","3","Matching","kite","neutral","NonPerson","NonPerson","lbl_neutral","label_neutral","Neutral","NonPerson","m","1073","1.073","0"
"52","self-matching","3","Matching","kite","neutral","NonPerson","NonPerson","lbl_neutral","label_neutral","Neutral","NonPerson","n","854","0.854","1"
"52","self-matching","3","Nonmatching","square","happy","NonPerson","NonPerson","lbl_neutral","label_neutral","Neutral","NonPerson","m","1323","1.323","1"
"52","self-matching","3","Matching","square","happy","NonPerson","NonPerson","lbl_happy","label_happy","Happy","NonPerson","n","1422","1.422","1"
"52","self-matching","3","Nonmatching","trapeze","friend","Friend","Close","lbl_you","label_you","Self","Self","n","773","0.773","0"
"52","self-matching","3","Matching","square","happy","NonPerson","NonPerson","lbl_happy","label_happy","Happy","NonPerson","n","1097","1.097","1"
"52","self-matching","3","Matching","pentagon","you","Self","Self","lbl_you","label_you","Self","Self","n","938","0.938","1"
"52","self-matching","3","Nonmatching","pentagon","you","Self","Self","lbl_friend","label_friend","Friend","Close","m","837","0.837","1"
"52","self-matching","3","Nonmatching","kite","neutral","NonPerson","NonPerson","lbl_happy","label_happy","Happy","NonPerson","m","907","0.907","1"
"52","self-matching","1","Matching","octagon","you","Self","Self","lbl_you","label_you","Self","Self","x","732","0.732","1"
"52","self-matching","1","Nonmatching","rhomboid","happy","NonPerson","NonPerson","lbl_neutral","label_neutral","Neutral","NonPerson","x","920","0.92","0"
"52","self-matching","1","Nonmatching","triangle","friend","Friend","Close","lbl_you","label_you","Self","Self","c","853","0.853","1"
"52","self-matching","1","Nonmatching","octagon","you","Self","Self","lbl_friend","label_friend","Friend","Close","c","1057","1.057","1"
"52","self-matching","1","Nonmatching","rhomboid","happy","NonPerson","NonPerson","lbl_neutral","label_neutral","Neutral","NonPerson","x","1026","1.026","0"
"52","self-matching","1","Nonmatching","diamond","neutral","NonPerson","NonPerson","lbl_happy","label_happy","Happy","NonPerson","x","1507","1.507","0"
"52","self-matching","1","Matching","triangle","friend","Friend","Close","lbl_friend","label_friend","Friend","Close","x","877","0.877","1"
"52","self-matching","1","Nonmatching","diamond","neutral","NonPerson","NonPerson","lbl_happy","label_happy","Happy","NonPerson","timeout","1652","1.652","0"
"52","self-matching","1","Nonmatching","triangle","friend","Friend","Close","lbl_you","label_you","Self","Self","c","933","0.933","1"
"52","self-matching","1","Matching","rhomboid","happy","NonPerson","NonPerson","lbl_happy","label_happy","Happy","NonPerson","x","1037","1.037","1"
"52","self-matching","1","Matching","diamond","neutral","NonPerson","NonPerson","lbl_neutral","label_neutral","Neutral","NonPerson","x","810","0.81","1"
"52","self-matching","1","Matching","octagon","you","Self","Self","lbl_you","label_you","Self","Self","x","628","0.628","1"
"52","self-matching","1","Nonmatching","octagon","you","Self","Self","lbl_friend","label_friend","Friend","Close","c","690","0.69","1"
"52","self-matching","1","Matching","triangle","friend","Friend","Close","lbl_friend","label_friend","Friend","Close","x","593","0.593","1"
"52","self-matching","1","Matching","rhomboid","happy","NonPerson","NonPerson","lbl_happy","label_happy","Happy","NonPerson","c","1035","1.035","0"
"52","self-matching","1","Matching","diamond","neutral","NonPerson","NonPerson","lbl_neutral","label_neutral","Neutral","NonPerson","x","1093","1.093","1"
"52","self-matching","2","Nonmatching","triangle","friend","Friend","Close","lbl_you","label_you","Self","Self","c","833","0.833","1"
"52","self-matching","2","Matching","diamond","neutral","NonPerson","NonPerson","lbl_neutral","label_neutral","Neutral","NonPerson","x","795","0.795","1"
"52","self-matching","2","Nonmatching","diamond","neutral","NonPerson","NonPerson","lbl_happy","label_happy","Happy","NonPerson","x","841","0.841","0"
"52","self-matching","2","Matching","octagon","you","Self","Self","lbl_you","label_you","Self","Self","x","951","0.951","1"
"52","self-matching","2","Matching","rhomboid","happy","NonPerson","NonPerson","lbl_happy","label_happy","Happy","NonPerson","c","679","0.679","0"
"52","self-matching","2","Matching","octagon","you","Self","Self","lbl_you","label_you","Self","Self","x","1281","1.281","1"
"52","self-matching","2","Nonmatching","rhomboid","happy","NonPerson","NonPerson","lbl_neutral","label_neutral","Neutral","NonPerson","c","1080","1.08","1"
"52","self-matching","2","Matching","rhomboid","happy","NonPerson","NonPerson","lbl_happy","label_happy","Happy","NonPerson","c","925","0.925","0"
"52","self-matching","2","Nonmatching","diamond","neutral","NonPerson","NonPerson","lbl_happy","label_happy","Happy","NonPerson","x","473","0.473","0"
"52","self-matching","2","Matching","triangle","friend","Friend","Close","lbl_friend","label_friend","Friend","Close","x","764","0.764","1"
"52","self-matching","2","Matching","diamond","neutral","NonPerson","NonPerson","lbl_neutral","label_neutral","Neutral","NonPerson","c","1095","1.095","0"
"52","self-matching","2","Matching","triangle","friend","Friend","Close","lbl_friend","label_friend","Friend","Close","x","820","0.82","1"
"52","self-matching","2","Nonmatching","rhomboid","happy","NonPerson","NonPerson","lbl_neutral","label_neutral","Neutral","NonPerson","x","956","0.956","0"
"52","self-matching","2","Nonmatching","octagon","you","Self","Self","lbl_friend","label_friend","Friend","Close","c","1036","1.036","1"
"52","self-matching","2","Nonmatching","octagon","you","Self","Self","lbl_friend","label_friend","Friend","Close","c","878","0.878","1"
"52","self-matching","2","Nonmatching","triangle","friend","Friend","Close","lbl_you","label_you","Self","Self","x","973","0.973","0"
"52","self-matching","3","Nonmatching","diamond","neutral","NonPerson","NonPerson","lbl_happy","label_happy","Happy","NonPerson","x","943","0.943","0"
"52","self-matching","3","Nonmatching","triangle","friend","Friend","Close","lbl_you","label_you","Self","Self","c","973","0.973","1"
"52","self-matching","3","Nonmatching","octagon","you","Self","Self","lbl_friend","label_friend","Friend","Close","c","1262","1.262","1"
"52","self-matching","3","Matching","triangle","friend","Friend","Close","lbl_friend","label_friend","Friend","Close","x","693","0.693","1"
"52","self-matching","3","Nonmatching","octagon","you","Self","Self","lbl_friend","label_friend","Friend","Close","c","1139","1.139","1"
"52","self-matching","3","Nonmatching","rhomboid","happy","NonPerson","NonPerson","lbl_neutral","label_neutral","Neutral","NonPerson","x","524","0.524","0"
"52","self-matching","3","Nonmatching","triangle","friend","Friend","Close","lbl_you","label_you","Self","Self","c","964","0.964","1"
"52","self-matching","3","Matching","rhomboid","happy","NonPerson","NonPerson","lbl_happy","label_happy","Happy","NonPerson","x","1132","1.132","1"
"52","self-matching","3","Nonmatching","diamond","neutral","NonPerson","NonPerson","lbl_happy","label_happy","Happy","NonPerson","c","1100","1.1","1"
"52","self-matching","3","Matching","triangle","friend","Friend","Close","lbl_friend","label_friend","Friend","Close","x","829","0.829","1"
"52","self-matching","3","Nonmatching","rhomboid","happy","NonPerson","NonPerson","lbl_neutral","label_neutral","Neutral","NonPerson","x","965","0.965","0"
"52","self-matching","3","Matching","octagon","you","Self","Self","lbl_you","label_you","Self","Self","x","696","0.696","1"
"52","self-matching","3","Matching","diamond","neutral","NonPerson","NonPerson","lbl_neutral","label_neutral","Neutral","NonPerson","c","701","0.701","0"
"52","self-matching","3","Matching","diamond","neutral","NonPerson","NonPerson","lbl_neutral","label_neutral","Neutral","NonPerson","x","959","0.959","1"
"52","self-matching","3","Matching","rhomboid","happy","NonPerson","NonPerson","lbl_happy","label_happy","Happy","NonPerson","c","1256","1.256","0"
"52","self-matching","3","Matching","octagon","you","Self","Self","lbl_you","label_you","Self","Self","x","684","0.684","1"
"53","self-matching","1","Nonmatching","pentagon","friend","Friend","Close","lbl_you","label_you","Self","Self","m","1507","1.507","1"
"53","self-matching","1","Matching","pentagon","friend","Friend","Close","lbl_friend","label_friend","Friend","Close","m","1496","1.496","0"
"53","self-matching","1","Nonmatching","pentagon","friend","Friend","Close","lbl_you","label_you","Self","Self","m","951","0.951","1"
"53","self-matching","1","Matching","trapeze","you","Self","Self","lbl_you","label_you","Self","Self","m","1347","1.347","0"
"53","self-matching","1","Matching","square","neutral","NonPerson","NonPerson","lbl_neutral","label_neutral","Neutral","NonPerson","n","1172","1.172","1"
"53","self-matching","1","Matching","pentagon","friend","Friend","Close","lbl_friend","label_friend","Friend","Close","timeout","1648","1.648","0"
"53","self-matching","1","Nonmatching","trapeze","you","Self","Self","lbl_friend","label_friend","Friend","Close","n","1233","1.233","0"
"53","self-matching","1","Nonmatching","square","neutral","NonPerson","NonPerson","lbl_happy","label_happy","Happy","NonPerson","m","1058","1.058","1"
"53","self-matching","1","Nonmatching","kite","happy","NonPerson","NonPerson","lbl_neutral","label_neutral","Neutral","NonPerson","m","1100","1.1","1"
"53","self-matching","1","Nonmatching","trapeze","you","Self","Self","lbl_friend","label_friend","Friend","Close","n","1357","1.357","0"
"53","self-matching","1","Nonmatching","square","neutral","NonPerson","NonPerson","lbl_happy","label_happy","Happy","NonPerson","m","1029","1.029","1"
"53","self-matching","1","Nonmatching","kite","happy","NonPerson","NonPerson","lbl_neutral","label_neutral","Neutral","NonPerson","m","934","0.934","1"
"53","self-matching","1","Matching","square","neutral","NonPerson","NonPerson","lbl_neutral","label_neutral","Neutral","NonPerson","m","1327","1.327","0"
"53","self-matching","1","Matching","kite","happy","NonPerson","NonPerson","lbl_happy","label_happy","Happy","NonPerson","n","856","0.856","1"
"53","self-matching","1","Matching","trapeze","you","Self","Self","lbl_you","label_you","Self","Self","n","1089","1.089","1"
"53","self-matching","1","Matching","kite","happy","NonPerson","NonPerson","lbl_happy","label_happy","Happy","NonPerson","n","930","0.93","1"
"53","self-matching","2","Nonmatching","kite","happy","NonPerson","NonPerson","lbl_neutral","label_neutral","Neutral","NonPerson","m","942","0.942","1"
"53","self-matching","2","Matching","square","neutral","NonPerson","NonPerson","lbl_neutral","label_neutral","Neutral","NonPerson","n","927","0.927","1"
"53","self-matching","2","Nonmatching","pentagon","friend","Friend","Close","lbl_you","label_you","Self","Self","n","911","0.911","0"
"53","self-matching","2","Matching","trapeze","you","Self","Self","lbl_you","label_you","Self","Self","m","1099","1.099","0"
"53","self-matching","2","Matching","trapeze","you","Self","Self","lbl_you","label_you","Self","Self","n","752","0.752","1"
"53","self-matching","2","Matching","kite","happy","NonPerson","NonPerson","lbl_happy","label_happy","Happy","NonPerson","n","824","0.824","1"
"53","self-matching","2","Nonmatching","pentagon","friend","Friend","Close","lbl_you","label_you","Self","Self","n","827","0.827","0"
"53","self-matching","2","Nonmatching","trapeze","you","Self","Self","lbl_friend","label_friend","Friend","Close","m","871","0.871","1"
"53","self-matching","2","Matching","pentagon","friend","Friend","Close","lbl_friend","label_friend","Friend","Close","n","990","0.99","1"
"53","self-matching","2","Nonmatching","square","neutral","NonPerson","NonPerson","lbl_happy","label_happy","Happy","NonPerson","m","913","0.913","1"
"53","self-matching","2","Nonmatching","kite","happy","NonPerson","NonPerson","lbl_neutral","label_neutral","Neutral","NonPerson","m","884","0.884","1"
"53","self-matching","2","Nonmatching","square","neutral","NonPerson","NonPerson","lbl_happy","label_happy","Happy","NonPerson","m","917","0.917","1"
"53","self-matching","2","Nonmatching","trapeze","you","Self","Self","lbl_friend","label_friend","Friend","Close","m","1019","1.019","1"
"53","self-matching","2","Matching","square","neutral","NonPerson","NonPerson","lbl_neutral","label_neutral","Neutral","NonPerson","m","1074","1.074","0"
"53","self-matching","2","Matching","kite","happy","NonPerson","NonPerson","lbl_happy","label_happy","Happy","NonPerson","n","791","0.791","1"
"53","self-matching","2","Matching","pentagon","friend","Friend","Close","lbl_friend","label_friend","Friend","Close","n","988","0.988","1"
"53","self-matching","3","Nonmatching","trapeze","you","Self","Self","lbl_friend","label_friend","Friend","Close","m","1003","1.003","1"
"53","self-matching","3","Matching","kite","happy","NonPerson","NonPerson","lbl_happy","label_happy","Happy","NonPerson","n","761","0.761","1"
"53","self-matching","3","Matching","square","neutral","NonPerson","NonPerson","lbl_neutral","label_neutral","Neutral","NonPerson","m","1126","1.126","0"
"53","self-matching","3","Nonmatching","square","neutral","NonPerson","NonPerson","lbl_happy","label_happy","Happy","NonPerson","m","1266","1.266","1"
"53","self-matching","3","Matching","pentagon","friend","Friend","Close","lbl_friend","label_friend","Friend","Close","n","876","0.876","1"
"53","self-matching","3","Nonmatching","kite","happy","NonPerson","NonPerson","lbl_neutral","label_neutral","Neutral","NonPerson","m","1510","1.51","1"
"53","self-matching","3","Matching","trapeze","you","Self","Self","lbl_you","label_you","Self","Self","n","973","0.973","1"
"53","self-matching","3","Nonmatching","pentagon","friend","Friend","Close","lbl_you","label_you","Self","Self","m","886","0.886","1"
"53","self-matching","3","Nonmatching","kite","happy","NonPerson","NonPerson","lbl_neutral","label_neutral","Neutral","NonPerson","m","901","0.901","1"
"53","self-matching","3","Nonmatching","pentagon","friend","Friend","Close","lbl_you","label_you","Self","Self","m","1187","1.187","1"
"53","self-matching","3","Matching","kite","happy","NonPerson","NonPerson","lbl_happy","label_happy","Happy","NonPerson","n","795","0.795","1"
"53","self-matching","3","Nonmatching","square","neutral","NonPerson","NonPerson","lbl_happy","label_happy","Happy","NonPerson","m","1188","1.188","1"
"53","self-matching","3","Nonmatching","trapeze","you","Self","Self","lbl_friend","label_friend","Friend","Close","m","1306","1.306","1"
"53","self-matching","3","Matching","trapeze","you","Self","Self","lbl_you","label_you","Self","Self","n","922","0.922","1"
"53","self-matching","3","Matching","square","neutral","NonPerson","NonPerson","lbl_neutral","label_neutral","Neutral","NonPerson","n","1115","1.115","1"
"53","self-matching","3","Matching","pentagon","friend","Friend","Close","lbl_friend","label_friend","Friend","Close","n","1379","1.379","1"
"53","self-matching","1","Nonmatching","octagon","friend","Friend","Close","lbl_you","label_you","Self","Self","c","1328","1.328","1"
"53","self-matching","1","Matching","triangle","you","Self","Self","lbl_you","label_you","Self","Self","x","766","0.766","1"
"53","self-matching","1","Matching","octagon","friend","Friend","Close","lbl_friend","label_friend","Friend","Close","x","721","0.721","1"
"53","self-matching","1","Nonmatching","diamond","happy","NonPerson","NonPerson","lbl_neutral","label_neutral","Neutral","NonPerson","c","665","0.665","1"
"53","self-matching","1","Nonmatching","triangle","you","Self","Self","lbl_friend","label_friend","Friend","Close","c","1019","1.019","1"
"53","self-matching","1","Nonmatching","rhomboid","neutral","NonPerson","NonPerson","lbl_happy","label_happy","Happy","NonPerson","c","951","0.951","1"
"53","self-matching","1","Matching","triangle","you","Self","Self","lbl_you","label_you","Self","Self","x","920","0.92","1"
"53","self-matching","1","Matching","octagon","friend","Friend","Close","lbl_friend","label_friend","Friend","Close","x","788","0.788","1"
"53","self-matching","1","Matching","rhomboid","neutral","NonPerson","NonPerson","lbl_neutral","label_neutral","Neutral","NonPerson","x","745","0.745","1"
"53","self-matching","1","Matching","rhomboid","neutral","NonPerson","NonPerson","lbl_neutral","label_neutral","Neutral","NonPerson","x","872","0.872","1"
"53","self-matching","1","Nonmatching","rhomboid","neutral","NonPerson","NonPerson","lbl_happy","label_happy","Happy","NonPerson","c","807","0.807","1"
"53","self-matching","1","Matching","diamond","happy","NonPerson","NonPerson","lbl_happy","label_happy","Happy","NonPerson","x","968","0.968","1"
"53","self-matching","1","Nonmatching","diamond","happy","NonPerson","NonPerson","lbl_neutral","label_neutral","Neutral","NonPerson","c","665","0.665","1"
"53","self-matching","1","Nonmatching","triangle","you","Self","Self","lbl_friend","label_friend","Friend","Close","c","936","0.936","1"
"53","self-matching","1","Matching","diamond","happy","NonPerson","NonPerson","lbl_happy","label_happy","Happy","NonPerson","c","895","0.895","0"
"53","self-matching","1","Nonmatching","octagon","friend","Friend","Close","lbl_you","label_you","Self","Self","c","856","0.856","1"
"53","self-matching","2","Matching","octagon","friend","Friend","Close","lbl_friend","label_friend","Friend","Close","timeout","1647","1.647","0"
"53","self-matching","2","Matching","triangle","you","Self","Self","lbl_you","label_you","Self","Self","x","912","0.912","1"
"53","self-matching","2","Nonmatching","rhomboid","neutral","NonPerson","NonPerson","lbl_happy","label_happy","Happy","NonPerson","c","1037","1.037","1"
"53","self-matching","2","Matching","octagon","friend","Friend","Close","lbl_friend","label_friend","Friend","Close","x","696","0.696","1"
"53","self-matching","2","Matching","diamond","happy","NonPerson","NonPerson","lbl_happy","label_happy","Happy","NonPerson","c","807","0.807","0"
"53","self-matching","2","Nonmatching","rhomboid","neutral","NonPerson","NonPerson","lbl_happy","label_happy","Happy","NonPerson","c","894","0.894","1"
"53","self-matching","2","Matching","rhomboid","neutral","NonPerson","NonPerson","lbl_neutral","label_neutral","Neutral","NonPerson","x","841","0.841","1"
"53","self-matching","2","Matching","diamond","happy","NonPerson","NonPerson","lbl_happy","label_happy","Happy","NonPerson","timeout","1647","1.647","0"
"53","self-matching","2","Matching","rhomboid","neutral","NonPerson","NonPerson","lbl_neutral","label_neutral","Neutral","NonPerson","x","1106","1.106","1"
"53","self-matching","2","Nonmatching","triangle","you","Self","Self","lbl_friend","label_friend","Friend","Close","c","980","0.98","1"
"53","self-matching","2","Nonmatching","octagon","friend","Friend","Close","lbl_you","label_you","Self","Self","c","949","0.949","1"
"53","self-matching","2","Nonmatching","diamond","happy","NonPerson","NonPerson","lbl_neutral","label_neutral","Neutral","NonPerson","c","1238","1.238","1"
"53","self-matching","2","Nonmatching","diamond","happy","NonPerson","NonPerson","lbl_neutral","label_neutral","Neutral","NonPerson","c","791","0.791","1"
"53","self-matching","2","Nonmatching","triangle","you","Self","Self","lbl_friend","label_friend","Friend","Close","c","796","0.796","1"
"53","self-matching","2","Matching","triangle","you","Self","Self","lbl_you","label_you","Self","Self","x","608","0.608","1"
"53","self-matching","2","Nonmatching","octagon","friend","Friend","Close","lbl_you","label_you","Self","Self","c","723","0.723","1"
"53","self-matching","3","Nonmatching","triangle","you","Self","Self","lbl_friend","label_friend","Friend","Close","c","1097","1.097","1"
"53","self-matching","3","Nonmatching","triangle","you","Self","Self","lbl_friend","label_friend","Friend","Close","c","783","0.783","1"
"53","self-matching","3","Nonmatching","rhomboid","neutral","NonPerson","NonPerson","lbl_happy","label_happy","Happy","NonPerson","c","949","0.949","1"
"53","self-matching","3","Matching","rhomboid","neutral","NonPerson","NonPerson","lbl_neutral","label_neutral","Neutral","NonPerson","x","886","0.886","1"
"53","self-matching","3","Matching","triangle","you","Self","Self","lbl_you","label_you","Self","Self","x","565","0.565","1"
"53","self-matching","3","Matching","diamond","happy","NonPerson","NonPerson","lbl_happy","label_happy","Happy","NonPerson","c","585","0.585","0"
"53","self-matching","3","Matching","octagon","friend","Friend","Close","lbl_friend","label_friend","Friend","Close","x","1030","1.03","1"
"53","self-matching","3","Matching","rhomboid","neutral","NonPerson","NonPerson","lbl_neutral","label_neutral","Neutral","NonPerson","x","1010","1.01","1"
"53","self-matching","3","Nonmatching","diamond","happy","NonPerson","NonPerson","lbl_neutral","label_neutral","Neutral","NonPerson","c","761","0.761","1"
"53","self-matching","3","Nonmatching","octagon","friend","Friend","Close","lbl_you","label_you","Self","Self","c","871","0.871","1"
"53","self-matching","3","Matching","diamond","happy","NonPerson","NonPerson","lbl_happy","label_happy","Happy","NonPerson","c","1038","1.038","0"
"53","self-matching","3","Nonmatching","diamond","happy","NonPerson","NonPerson","lbl_neutral","label_neutral","Neutral","NonPerson","x","944","0.944","0"
"53","self-matching","3","Matching","triangle","you","Self","Self","lbl_you","label_you","Self","Self","x","1573","1.573","1"
"53","self-matching","3","Nonmatching","octagon","friend","Friend","Close","lbl_you","label_you","Self","Self","c","640","0.64","1"
"53","self-matching","3","Matching","octagon","friend","Friend","Close","lbl_friend","label_friend","Friend","Close","x","840","0.84","1"
"53","self-matching","3","Nonmatching","rhomboid","neutral","NonPerson","NonPerson","lbl_happy","label_happy","Happy","NonPerson","x","789","0.789","0"
"56","self-matching","1","Matching","square","happy","NonPerson","NonPerson","lbl_happy","label_happy","Happy","NonPerson","m","1397","1.397","1"
"56","self-matching","1","Nonmatching","pentagon","friend","Friend","Close","lbl_you","label_you","Self","Self","timeout","1647","1.647","0"
"56","self-matching","1","Matching","trapeze","you","Self","Self","lbl_you","label_you","Self","Self","n","1335","1.335","0"
"56","self-matching","1","Nonmatching","trapeze","you","Self","Self","lbl_friend","label_friend","Friend","Close","timeout","1650","1.65","0"
"56","self-matching","1","Nonmatching","kite","neutral","NonPerson","NonPerson","lbl_happy","label_happy","Happy","NonPerson","n","1569","1.569","1"
"56","self-matching","1","Matching","square","happy","NonPerson","NonPerson","lbl_happy","label_happy","Happy","NonPerson","m","1204","1.204","1"
"56","self-matching","1","Nonmatching","trapeze","you","Self","Self","lbl_friend","label_friend","Friend","Close","n","1370","1.37","1"
"56","self-matching","1","Matching","trapeze","you","Self","Self","lbl_you","label_you","Self","Self","m","1247","1.247","1"
"56","self-matching","1","Matching","kite","neutral","NonPerson","NonPerson","lbl_neutral","label_neutral","Neutral","NonPerson","m","1415","1.415","1"
"56","self-matching","1","Nonmatching","square","happy","NonPerson","NonPerson","lbl_neutral","label_neutral","Neutral","NonPerson","m","1453","1.453","0"
"56","self-matching","1","Nonmatching","square","happy","NonPerson","NonPerson","lbl_neutral","label_neutral","Neutral","NonPerson","n","1378","1.378","1"
"56","self-matching","1","Nonmatching","kite","neutral","NonPerson","NonPerson","lbl_happy","label_happy","Happy","NonPerson","m","1548","1.548","0"
"56","self-matching","1","Matching","pentagon","friend","Friend","Close","lbl_friend","label_friend","Friend","Close","n","1015","1.015","0"
"56","self-matching","1","Nonmatching","pentagon","friend","Friend","Close","lbl_you","label_you","Self","Self","n","1469","1.469","1"
"56","self-matching","1","Matching","kite","neutral","NonPerson","NonPerson","lbl_neutral","label_neutral","Neutral","NonPerson","m","1139","1.139","1"
"56","self-matching","1","Matching","pentagon","friend","Friend","Close","lbl_friend","label_friend","Friend","Close","m","1466","1.466","1"
"56","self-matching","2","Nonmatching","kite","neutral","NonPerson","NonPerson","lbl_happy","label_happy","Happy","NonPerson","n","1394","1.394","1"
"56","self-matching","2","Matching","trapeze","you","Self","Self","lbl_you","label_you","Self","Self","n","1121","1.121","0"
"56","self-matching","2","Nonmatching","square","happy","NonPerson","NonPerson","lbl_neutral","label_neutral","Neutral","NonPerson","m","789","0.789","0"
"56","self-matching","2","Nonmatching","kite","neutral","NonPerson","NonPerson","lbl_happy","label_happy","Happy","NonPerson","timeout","1643","1.643","0"
"56","self-matching","2","Nonmatching","pentagon","friend","Friend","Close","lbl_you","label_you","Self","Self","m","1196","1.196","0"
"56","self-matching","2","Nonmatching","trapeze","you","Self","Self","lbl_friend","label_friend","Friend","Close","timeout","1650","1.65","0"
"56","self-matching","2","Matching","trapeze","you","Self","Self","lbl_you","label_you","Self","Self","n","1523","1.523","0"
"56","self-matching","2","Matching","pentagon","friend","Friend","Close","lbl_friend","label_friend","Friend","Close","m","986","0.986","1"
"56","self-matching","2","Nonmatching","trapeze","you","Self","Self","lbl_friend","label_friend","Friend","Close","n","1455","1.455","1"
"56","self-matching","2","Matching","pentagon","friend","Friend","Close","lbl_friend","label_friend","Friend","Close","m","1261","1.261","1"
"56","self-matching","2","Matching","square","happy","NonPerson","NonPerson","lbl_happy","label_happy","Happy","NonPerson","n","1264","1.264","0"
"56","self-matching","2","Matching","kite","neutral","NonPerson","NonPerson","lbl_neutral","label_neutral","Neutral","NonPerson","m","903","0.903","1"
"56","self-matching","2","Matching","square","happy","NonPerson","NonPerson","lbl_happy","label_happy","Happy","NonPerson","m","866","0.866","1"
"56","self-matching","2","Nonmatching","pentagon","friend","Friend","Close","lbl_you","label_you","Self","Self","n","1117","1.117","1"
"56","self-matching","2","Matching","kite","neutral","NonPerson","NonPerson","lbl_neutral","label_neutral","Neutral","NonPerson","m","1053","1.053","1"
"56","self-matching","2","Nonmatching","square","happy","NonPerson","NonPerson","lbl_neutral","label_neutral","Neutral","NonPerson","m","977","0.977","0"
"56","self-matching","3","Nonmatching","square","happy","NonPerson","NonPerson","lbl_neutral","label_neutral","Neutral","NonPerson","m","976","0.976","0"
"56","self-matching","3","Matching","pentagon","friend","Friend","Close","lbl_friend","label_friend","Friend","Close","m","1034","1.034","1"
"56","self-matching","3","Matching","square","happy","NonPerson","NonPerson","lbl_happy","label_happy","Happy","NonPerson","n","1097","1.097","0"
"56","self-matching","3","Matching","trapeze","you","Self","Self","lbl_you","label_you","Self","Self","m","1236","1.236","1"
"56","self-matching","3","Matching","square","happy","NonPerson","NonPerson","lbl_happy","label_happy","Happy","NonPerson","n","1339","1.339","0"
"56","self-matching","3","Nonmatching","trapeze","you","Self","Self","lbl_friend","label_friend","Friend","Close","n","1456","1.456","1"
"56","self-matching","3","Nonmatching","kite","neutral","NonPerson","NonPerson","lbl_happy","label_happy","Happy","NonPerson","m","1372","1.372","0"
"56","self-matching","3","Nonmatching","pentagon","friend","Friend","Close","lbl_you","label_you","Self","Self","m","880","0.88","0"
"56","self-matching","3","Nonmatching","square","happy","NonPerson","NonPerson","lbl_neutral","label_neutral","Neutral","NonPerson","n","1253","1.253","1"
"56","self-matching","3","Nonmatching","trapeze","you","Self","Self","lbl_friend","label_friend","Friend","Close","n","1152","1.152","1"
"56","self-matching","3","Nonmatching","pentagon","friend","Friend","Close","lbl_you","label_you","Self","Self","n","1078","1.078","1"
"56","self-matching","3","Matching","kite","neutral","NonPerson","NonPerson","lbl_neutral","label_neutral","Neutral","NonPerson","n","1319","1.319","0"
"56","self-matching","3","Nonmatching","kite","neutral","NonPerson","NonPerson","lbl_happy","label_happy","Happy","NonPerson","n","1489","1.489","1"
"56","self-matching","3","Matching","kite","neutral","NonPerson","NonPerson","lbl_neutral","label_neutral","Neutral","NonPerson","m","959","0.959","1"
"56","self-matching","3","Matching","trapeze","you","Self","Self","lbl_you","label_you","Self","Self","n","918","0.918","0"
"56","self-matching","3","Matching","pentagon","friend","Friend","Close","lbl_friend","label_friend","Friend","Close","m","1097","1.097","1"
"56","self-matching","1","Matching","octagon","friend","Friend","Close","lbl_friend","label_friend","Friend","Close","c","1035","1.035","1"
"56","self-matching","1","Matching","octagon","friend","Friend","Close","lbl_friend","label_friend","Friend","Close","c","832","0.832","1"
"56","self-matching","1","Matching","rhomboid","happy","NonPerson","NonPerson","lbl_happy","label_happy","Happy","NonPerson","c","1125","1.125","1"
"56","self-matching","1","Nonmatching","rhomboid","happy","NonPerson","NonPerson","lbl_neutral","label_neutral","Neutral","NonPerson","x","1299","1.299","1"
"56","self-matching","1","Nonmatching","triangle","you","Self","Self","lbl_friend","label_friend","Friend","Close","x","1364","1.364","1"
"56","self-matching","1","Matching","diamond","neutral","NonPerson","NonPerson","lbl_neutral","label_neutral","Neutral","NonPerson","c","1394","1.394","1"
"56","self-matching","1","Nonmatching","diamond","neutral","NonPerson","NonPerson","lbl_happy","label_happy","Happy","NonPerson","x","1502","1.502","1"
"56","self-matching","1","Matching","triangle","you","Self","Self","lbl_you","label_you","Self","Self","c","1011","1.011","1"
"56","self-matching","1","Matching","diamond","neutral","NonPerson","NonPerson","lbl_neutral","label_neutral","Neutral","NonPerson","c","1335","1.335","1"
"56","self-matching","1","Nonmatching","diamond","neutral","NonPerson","NonPerson","lbl_happy","label_happy","Happy","NonPerson","x","1087","1.087","1"
"56","self-matching","1","Nonmatching","triangle","you","Self","Self","lbl_friend","label_friend","Friend","Close","x","962","0.962","1"
"56","self-matching","1","Matching","rhomboid","happy","NonPerson","NonPerson","lbl_happy","label_happy","Happy","NonPerson","c","759","0.759","1"
"56","self-matching","1","Matching","triangle","you","Self","Self","lbl_you","label_you","Self","Self","c","1074","1.074","1"
"56","self-matching","1","Nonmatching","octagon","friend","Friend","Close","lbl_you","label_you","Self","Self","x","951","0.951","1"
"56","self-matching","1","Nonmatching","rhomboid","happy","NonPerson","NonPerson","lbl_neutral","label_neutral","Neutral","NonPerson","x","1085","1.085","1"
"56","self-matching","1","Nonmatching","octagon","friend","Friend","Close","lbl_you","label_you","Self","Self","x","993","0.993","1"
"56","self-matching","2","Nonmatching","rhomboid","happy","NonPerson","NonPerson","lbl_neutral","label_neutral","Neutral","NonPerson","x","1162","1.162","1"
"56","self-matching","2","Matching","triangle","you","Self","Self","lbl_you","label_you","Self","Self","c","679","0.679","1"
"56","self-matching","2","Nonmatching","octagon","friend","Friend","Close","lbl_you","label_you","Self","Self","x","876","0.876","1"
"56","self-matching","2","Matching","triangle","you","Self","Self","lbl_you","label_you","Self","Self","c","655","0.655","1"
"56","self-matching","2","Matching","rhomboid","happy","NonPerson","NonPerson","lbl_happy","label_happy","Happy","NonPerson","c","878","0.878","1"
"56","self-matching","2","Matching","rhomboid","happy","NonPerson","NonPerson","lbl_happy","label_happy","Happy","NonPerson","c","678","0.678","1"
"56","self-matching","2","Matching","octagon","friend","Friend","Close","lbl_friend","label_friend","Friend","Close","c","741","0.741","1"
"56","self-matching","2","Matching","octagon","friend","Friend","Close","lbl_friend","label_friend","Friend","Close","c","942","0.942","1"
"56","self-matching","2","Nonmatching","triangle","you","Self","Self","lbl_friend","label_friend","Friend","Close","x","723","0.723","1"
"56","self-matching","2","Nonmatching","diamond","neutral","NonPerson","NonPerson","lbl_happy","label_happy","Happy","NonPerson","c","1018","1.018","0"
"56","self-matching","2","Matching","diamond","neutral","NonPerson","NonPerson","lbl_neutral","label_neutral","Neutral","NonPerson","c","1148","1.148","1"
"56","self-matching","2","Nonmatching","triangle","you","Self","Self","lbl_friend","label_friend","Friend","Close","c","1002","1.002","0"
"56","self-matching","2","Nonmatching","octagon","friend","Friend","Close","lbl_you","label_you","Self","Self","x","1065","1.065","1"
"56","self-matching","2","Matching","diamond","neutral","NonPerson","NonPerson","lbl_neutral","label_neutral","Neutral","NonPerson","c","1152","1.152","1"
"56","self-matching","2","Nonmatching","diamond","neutral","NonPerson","NonPerson","lbl_happy","label_happy","Happy","NonPerson","x","1148","1.148","1"
"56","self-matching","2","Nonmatching","rhomboid","happy","NonPerson","NonPerson","lbl_neutral","label_neutral","Neutral","NonPerson","x","1047","1.047","1"
"56","self-matching","3","Nonmatching","rhomboid","happy","NonPerson","NonPerson","lbl_neutral","label_neutral","Neutral","NonPerson","x","853","0.853","1"
"56","self-matching","3","Matching","triangle","you","Self","Self","lbl_you","label_you","Self","Self","c","939","0.939","1"
"56","self-matching","3","Nonmatching","octagon","friend","Friend","Close","lbl_you","label_you","Self","Self","x","1109","1.109","1"
"56","self-matching","3","Matching","octagon","friend","Friend","Close","lbl_friend","label_friend","Friend","Close","c","970","0.97","1"
"56","self-matching","3","Nonmatching","rhomboid","happy","NonPerson","NonPerson","lbl_neutral","label_neutral","Neutral","NonPerson","x","943","0.943","1"
"56","self-matching","3","Nonmatching","diamond","neutral","NonPerson","NonPerson","lbl_happy","label_happy","Happy","NonPerson","x","929","0.929","1"
"56","self-matching","3","Matching","diamond","neutral","NonPerson","NonPerson","lbl_neutral","label_neutral","Neutral","NonPerson","c","1036","1.036","1"
"56","self-matching","3","Matching","rhomboid","happy","NonPerson","NonPerson","lbl_happy","label_happy","Happy","NonPerson","c","1062","1.062","1"
"56","self-matching","3","Matching","octagon","friend","Friend","Close","lbl_friend","label_friend","Friend","Close","c","693","0.693","1"
"56","self-matching","3","Nonmatching","triangle","you","Self","Self","lbl_friend","label_friend","Friend","Close","x","635","0.635","1"
"56","self-matching","3","Nonmatching","triangle","you","Self","Self","lbl_friend","label_friend","Friend","Close","x","717","0.717","1"
"56","self-matching","3","Matching","triangle","you","Self","Self","lbl_you","label_you","Self","Self","c","679","0.679","1"
"56","self-matching","3","Nonmatching","octagon","friend","Friend","Close","lbl_you","label_you","Self","Self","x","681","0.681","1"
"56","self-matching","3","Matching","rhomboid","happy","NonPerson","NonPerson","lbl_happy","label_happy","Happy","NonPerson","c","1375","1.375","1"
"56","self-matching","3","Matching","diamond","neutral","NonPerson","NonPerson","lbl_neutral","label_neutral","Neutral","NonPerson","c","801","0.801","1"
"56","self-matching","3","Nonmatching","diamond","neutral","NonPerson","NonPerson","lbl_happy","label_happy","Happy","NonPerson","x","775","0.775","1"
"57","self-matching","1","Matching","square","you","Self","Self","lbl_you","label_you","Self","Self","n","663","0.663","0"
"57","self-matching","1","Matching","pentagon","friend","Friend","Close","lbl_friend","label_friend","Friend","Close","m","712","0.712","1"
"57","self-matching","1","Nonmatching","pentagon","friend","Friend","Close","lbl_you","label_you","Self","Self","n","813","0.813","1"
"57","self-matching","1","Matching","kite","happy","NonPerson","NonPerson","lbl_happy","label_happy","Happy","NonPerson","m","698","0.698","1"
"57","self-matching","1","Nonmatching","trapeze","neutral","NonPerson","NonPerson","lbl_happy","label_happy","Happy","NonPerson","m","639","0.639","0"
"57","self-matching","1","Nonmatching","square","you","Self","Self","lbl_friend","label_friend","Friend","Close","n","792","0.792","1"
"57","self-matching","1","Matching","trapeze","neutral","NonPerson","NonPerson","lbl_neutral","label_neutral","Neutral","NonPerson","m","957","0.957","1"
"57","self-matching","1","Nonmatching","trapeze","neutral","NonPerson","NonPerson","lbl_happy","label_happy","Happy","NonPerson","n","979","0.979","1"
"57","self-matching","1","Nonmatching","kite","happy","NonPerson","NonPerson","lbl_neutral","label_neutral","Neutral","NonPerson","n","1134","1.134","1"
"57","self-matching","1","Nonmatching","pentagon","friend","Friend","Close","lbl_you","label_you","Self","Self","n","681","0.681","1"
"57","self-matching","1","Nonmatching","square","you","Self","Self","lbl_friend","label_friend","Friend","Close","n","757","0.757","1"
"57","self-matching","1","Matching","square","you","Self","Self","lbl_you","label_you","Self","Self","m","750","0.75","1"
"57","self-matching","1","Matching","trapeze","neutral","NonPerson","NonPerson","lbl_neutral","label_neutral","Neutral","NonPerson","m","806","0.806","1"
"57","self-matching","1","Matching","pentagon","friend","Friend","Close","lbl_friend","label_friend","Friend","Close","m","748","0.748","1"
"57","self-matching","1","Matching","kite","happy","NonPerson","NonPerson","lbl_happy","label_happy","Happy","NonPerson","m","782","0.782","1"
"57","self-matching","1","Nonmatching","kite","happy","NonPerson","NonPerson","lbl_neutral","label_neutral","Neutral","NonPerson","n","946","0.946","1"
"57","self-matching","2","Matching","kite","happy","NonPerson","NonPerson","lbl_happy","label_happy","Happy","NonPerson","m","803","0.803","1"
"57","self-matching","2","Nonmatching","kite","happy","NonPerson","NonPerson","lbl_neutral","label_neutral","Neutral","NonPerson","n","954","0.954","1"
"57","self-matching","2","Nonmatching","trapeze","neutral","NonPerson","NonPerson","lbl_happy","label_happy","Happy","NonPerson","n","940","0.94","1"
"57","self-matching","2","Matching","trapeze","neutral","NonPerson","NonPerson","lbl_neutral","label_neutral","Neutral","NonPerson","n","1333","1.333","0"
"57","self-matching","2","Nonmatching","pentagon","friend","Friend","Close","lbl_you","label_you","Self","Self","n","723","0.723","1"
"57","self-matching","2","Matching","square","you","Self","Self","lbl_you","label_you","Self","Self","m","467","0.467","1"
"57","self-matching","2","Nonmatching","trapeze","neutral","NonPerson","NonPerson","lbl_happy","label_happy","Happy","NonPerson","n","1261","1.261","1"
"57","self-matching","2","Matching","kite","happy","NonPerson","NonPerson","lbl_happy","label_happy","Happy","NonPerson","m","778","0.778","1"
"57","self-matching","2","Nonmatching","square","you","Self","Self","lbl_friend","label_friend","Friend","Close","n","816","0.816","1"
"57","self-matching","2","Nonmatching","pentagon","friend","Friend","Close","lbl_you","label_you","Self","Self","n","895","0.895","1"
"57","self-matching","2","Matching","pentagon","friend","Friend","Close","lbl_friend","label_friend","Friend","Close","m","683","0.683","1"
"57","self-matching","2","Matching","pentagon","friend","Friend","Close","lbl_friend","label_friend","Friend","Close","m","674","0.674","1"
"57","self-matching","2","Nonmatching","kite","happy","NonPerson","NonPerson","lbl_neutral","label_neutral","Neutral","NonPerson","m","933","0.933","0"
"57","self-matching","2","Nonmatching","square","you","Self","Self","lbl_friend","label_friend","Friend","Close","n","725","0.725","1"
"57","self-matching","2","Matching","square","you","Self","Self","lbl_you","label_you","Self","Self","m","791","0.791","1"
"57","self-matching","2","Matching","trapeze","neutral","NonPerson","NonPerson","lbl_neutral","label_neutral","Neutral","NonPerson","m","914","0.914","1"
"57","self-matching","3","Nonmatching","trapeze","neutral","NonPerson","NonPerson","lbl_happy","label_happy","Happy","NonPerson","m","841","0.841","0"
"57","self-matching","3","Nonmatching","pentagon","friend","Friend","Close","lbl_you","label_you","Self","Self","n","788","0.788","1"
"57","self-matching","3","Matching","pentagon","friend","Friend","Close","lbl_friend","label_friend","Friend","Close","m","643","0.643","1"
"57","self-matching","3","Nonmatching","trapeze","neutral","NonPerson","NonPerson","lbl_happy","label_happy","Happy","NonPerson","m","1229","1.229","0"
"57","self-matching","3","Matching","kite","happy","NonPerson","NonPerson","lbl_happy","label_happy","Happy","NonPerson","m","899","0.899","1"
"57","self-matching","3","Matching","square","you","Self","Self","lbl_you","label_you","Self","Self","m","804","0.804","1"
"57","self-matching","3","Matching","trapeze","neutral","NonPerson","NonPerson","lbl_neutral","label_neutral","Neutral","NonPerson","m","787","0.787","1"
"57","self-matching","3","Nonmatching","square","you","Self","Self","lbl_friend","label_friend","Friend","Close","n","925","0.925","1"
"57","self-matching","3","Nonmatching","square","you","Self","Self","lbl_friend","label_friend","Friend","Close","n","920","0.92","1"
"57","self-matching","3","Nonmatching","kite","happy","NonPerson","NonPerson","lbl_neutral","label_neutral","Neutral","NonPerson","m","1042","1.042","0"
"57","self-matching","3","Nonmatching","pentagon","friend","Friend","Close","lbl_you","label_you","Self","Self","n","879","0.879","1"
"57","self-matching","3","Matching","square","you","Self","Self","lbl_you","label_you","Self","Self","m","707","0.707","1"
"57","self-matching","3","Matching","pentagon","friend","Friend","Close","lbl_friend","label_friend","Friend","Close","m","790","0.79","1"
"57","self-matching","3","Nonmatching","kite","happy","NonPerson","NonPerson","lbl_neutral","label_neutral","Neutral","NonPerson","m","960","0.96","0"
"57","self-matching","3","Matching","trapeze","neutral","NonPerson","NonPerson","lbl_neutral","label_neutral","Neutral","NonPerson","m","692","0.692","1"
"57","self-matching","3","Matching","kite","happy","NonPerson","NonPerson","lbl_happy","label_happy","Happy","NonPerson","m","638","0.638","1"
"57","self-matching","1","Nonmatching","triangle","neutral","NonPerson","NonPerson","NA","label_happy","Happy","NonPerson","x","924","0.924","1"
"57","self-matching","1","Matching","diamond","happy","NonPerson","NonPerson","NA","label_happy","Happy","NonPerson","c","584","0.584","1"
"57","self-matching","1","Matching","rhomboid","you","Self","Self","NA","label_you","Self","Self","c","662","0.662","1"
"57","self-matching","1","Nonmatching","diamond","friend","Friend","Close","NA","label_you","Self","Self","x","746","0.746","1"
"57","self-matching","1","Matching","rhomboid","you","Self","Self","NA","label_you","Self","Self","c","574","0.574","1"
"57","self-matching","1","Matching","triangle","neutral","NonPerson","NonPerson","NA","label_neutral","Neutral","NonPerson","c","769","0.769","1"
"57","self-matching","1","Matching","triangle","neutral","NonPerson","NonPerson","NA","label_neutral","Neutral","NonPerson","c","698","0.698","1"
"57","self-matching","1","Matching","diamond","friend","Friend","Close","NA","label_friend","Friend","Close","c","836","0.836","1"
"57","self-matching","1","Nonmatching","diamond","happy","NonPerson","NonPerson","NA","label_neutral","Neutral","NonPerson","x","646","0.646","1"
"57","self-matching","1","Nonmatching","diamond","happy","NonPerson","NonPerson","NA","label_neutral","Neutral","NonPerson","x","686","0.686","1"
"57","self-matching","1","Nonmatching","triangle","neutral","NonPerson","NonPerson","NA","label_happy","Happy","NonPerson","c","876","0.876","0"
"57","self-matching","1","Nonmatching","rhomboid","you","Self","Self","NA","label_friend","Friend","Close","c","1011","1.011","0"
"57","self-matching","1","Nonmatching","rhomboid","you","Self","Self","NA","label_friend","Friend","Close","c","433","0.433","0"
"57","self-matching","1","Matching","diamond","happy","NonPerson","NonPerson","NA","label_happy","Happy","NonPerson","c","756","0.756","1"
"57","self-matching","1","Matching","diamond","friend","Friend","Close","NA","label_friend","Friend","Close","c","940","0.94","1"
"57","self-matching","1","Nonmatching","diamond","friend","Friend","Close","NA","label_you","Self","Self","x","778","0.778","1"
"57","self-matching","2","Nonmatching","diamond","friend","Friend","Close","NA","label_you","Self","Self","x","829","0.829","1"
"57","self-matching","2","Matching","diamond","happy","NonPerson","NonPerson","NA","label_happy","Happy","NonPerson","c","996","0.996","1"
"57","self-matching","2","Nonmatching","rhomboid","you","Self","Self","NA","label_friend","Friend","Close","x","793","0.793","1"
"57","self-matching","2","Nonmatching","triangle","neutral","NonPerson","NonPerson","NA","label_happy","Happy","NonPerson","c","789","0.789","0"
"57","self-matching","2","Nonmatching","rhomboid","you","Self","Self","NA","label_friend","Friend","Close","x","770","0.77","1"
"57","self-matching","2","Nonmatching","triangle","neutral","NonPerson","NonPerson","NA","label_happy","Happy","NonPerson","x","969","0.969","1"
"57","self-matching","2","Matching","diamond","happy","NonPerson","NonPerson","NA","label_happy","Happy","NonPerson","c","829","0.829","1"
"57","self-matching","2","Matching","triangle","neutral","NonPerson","NonPerson","NA","label_neutral","Neutral","NonPerson","c","711","0.711","1"
"57","self-matching","2","Matching","triangle","neutral","NonPerson","NonPerson","NA","label_neutral","Neutral","NonPerson","c","646","0.646","1"
"57","self-matching","2","Matching","rhomboid","you","Self","Self","NA","label_you","Self","Self","c","711","0.711","1"
"57","self-matching","2","Nonmatching","diamond","friend","Friend","Close","NA","label_you","Self","Self","x","829","0.829","1"
"57","self-matching","2","Nonmatching","diamond","happy","NonPerson","NonPerson","NA","label_neutral","Neutral","NonPerson","x","1034","1.034","1"
"57","self-matching","2","Nonmatching","diamond","happy","NonPerson","NonPerson","NA","label_neutral","Neutral","NonPerson","x","681","0.681","1"
"57","self-matching","2","Matching","rhomboid","you","Self","Self","NA","label_you","Self","Self","c","598","0.598","1"
"57","self-matching","2","Matching","diamond","friend","Friend","Close","NA","label_friend","Friend","Close","c","827","0.827","1"
"57","self-matching","2","Matching","diamond","friend","Friend","Close","NA","label_friend","Friend","Close","c","456","0.456","1"
"57","self-matching","3","Matching","diamond","friend","Friend","Close","NA","label_friend","Friend","Close","c","724","0.724","1"
"57","self-matching","3","Nonmatching","diamond","happy","NonPerson","NonPerson","NA","label_neutral","Neutral","NonPerson","x","704","0.704","1"
"57","self-matching","3","Matching","rhomboid","you","Self","Self","NA","label_you","Self","Self","c","471","0.471","1"
"57","self-matching","3","Nonmatching","triangle","neutral","NonPerson","NonPerson","NA","label_happy","Happy","NonPerson","c","608","0.608","0"
"57","self-matching","3","Matching","triangle","neutral","NonPerson","NonPerson","NA","label_neutral","Neutral","NonPerson","c","554","0.554","1"
"57","self-matching","3","Matching","diamond","friend","Friend","Close","NA","label_friend","Friend","Close","c","673","0.673","1"
"57","self-matching","3","Matching","triangle","neutral","NonPerson","NonPerson","NA","label_neutral","Neutral","NonPerson","c","720","0.72","1"
"57","self-matching","3","Nonmatching","rhomboid","you","Self","Self","NA","label_friend","Friend","Close","x","666","0.666","1"
"57","self-matching","3","Matching","diamond","happy","NonPerson","NonPerson","NA","label_happy","Happy","NonPerson","c","826","0.826","1"
"57","self-matching","3","Nonmatching","triangle","neutral","NonPerson","NonPerson","NA","label_happy","Happy","NonPerson","x","649","0.649","1"
"57","self-matching","3","Matching","rhomboid","you","Self","Self","NA","label_you","Self","Self","c","658","0.658","1"
"57","self-matching","3","Nonmatching","diamond","friend","Friend","Close","NA","label_you","Self","Self","x","944","0.944","1"
"57","self-matching","3","Nonmatching","rhomboid","you","Self","Self","NA","label_friend","Friend","Close","x","797","0.797","1"
"57","self-matching","3","Nonmatching","diamond","happy","NonPerson","NonPerson","NA","label_neutral","Neutral","NonPerson","x","1063","1.063","1"
"57","self-matching","3","Nonmatching","diamond","friend","Friend","Close","NA","label_you","Self","Self","x","886","0.886","1"
"57","self-matching","3","Matching","diamond","happy","NonPerson","NonPerson","NA","label_happy","Happy","NonPerson","c","955","0.955","1"
