"subNo","hand","phaselabel","trial","resp","objnumber","objname","permutation","slot_identity1","slot_identity2","slot_identity3","version","self_pseudoword","objtype","ac","rt_ms"
"2501","1","test","1","m","1","shape1.jpg","1","You","Anna","<none>","1","Nenu","1","0","1459"
"2501","1","test","2","z","1","shape1.jpg","1","You","Anna","<none>","1","Nenu","1","1","691"
"2501","1","test","3","z","2","shape2.jpg","1","You","Anna","<none>","1","Nenu","1","1","730"
"2501","1","test","4","z","2","shape2.jpg","1","You","Anna","<none>","1","Nenu","1","1","626"
"2501","1","test","5","z","1","shape1.jpg","1","You","Anna","<none>","1","Nenu","1","1","540"
"2501","1","test","6","z","2","shape2.jpg","1","You","Anna","<none>","1","Nenu","1","1","596"
"2501","1","test","7","m","6","shape3.jpg","1","You","Anna","<none>","1","Nenu","2","1","703"
"2501","1","test","8","m","5","shape2.jpg","1","You","Anna","<none>","1","Nenu","2","1","1141"
"2501","1","test","9","z","2","shape2.jpg","1","You","Anna","<none>","1","Nenu","1","1","1500"
"2501","1","test","10","z","4","shape1.jpg","1","You","Anna","<none>","1","Nenu","2","0","833"
"2501","1","test","11","m","9","shape3.jpg","1","You","Anna","<none>","1","Nenu","2","1","730"
"2501","1","test","12","z","3","shape3.jpg","1","You","Anna","<none>","1","Nenu","1","1","487"
"2501","1","test","13","z","1","shape1.jpg","1","You","Anna","<none>","1","Nenu","1","1","680"
"2501","1","test","14","m","6","shape3.jpg","1","You","Anna","<none>","1","Nenu","2","1","554"
"2501","1","test","15","z","1","shape1.jpg","1","You","Anna","<none>","1","Nenu","1","1","559"
"2501","1","test","16","z","3","shape3.jpg","1","You","Anna","<none>","1","Nenu","1","1","757"
"2501","1","test","17","z","1","shape1.jpg","1","You","Anna","<none>","1","Nenu","1","1","721"
"2501","1","test","18","z","1","shape1.jpg","1","You","Anna","<none>","1","Nenu","1","1","729"
"2501","1","test","19","m","5","shape2.jpg","1","You","Anna","<none>","1","Nenu","2","1","719"
"2501","1","test","20","z","1","shape1.jpg","1","You","Anna","<none>","1","Nenu","1","1","662"
"2501","1","test","21","m","4","shape1.jpg","1","You","Anna","<none>","1","Nenu","2","1","632"
"2501","1","test","22","m","9","shape3.jpg","1","You","Anna","<none>","1","Nenu","2","1","937"
"2501","1","test","23","z","1","shape1.jpg","1","You","Anna","<none>","1","Nenu","1","1","718"
"2501","1","test","24","m","4","shape1.jpg","1","You","Anna","<none>","1","Nenu","2","1","798"
"2501","1","test","25","m","7","shape1.jpg","1","You","Anna","<none>","1","Nenu","2","1","842"
"2501","1","test","26","m","7","shape1.jpg","1","You","Anna","<none>","1","Nenu","2","1","666"
"2501","1","test","27","m","4","shape1.jpg","1","You","Anna","<none>","1","Nenu","2","1","611"
"2501","1","test","28","z","3","shape3.jpg","1","You","Anna","<none>","1","Nenu","1","1","1310"
"2501","1","test","29","m","8","shape2.jpg","1","You","Anna","<none>","1","Nenu","2","1","596"
"2501","1","test","30","z","1","shape1.jpg","1","You","Anna","<none>","1","Nenu","1","1","584"
"2501","1","test","31","m","7","shape1.jpg","1","You","Anna","<none>","1","Nenu","2","1","532"
"2501","1","test","32","m","6","shape3.jpg","1","You","Anna","<none>","1","Nenu","2","1","763"
"2501","1","test","33","m","2","shape2.jpg","1","You","Anna","<none>","1","Nenu","1","0","576"
"2501","1","test","34","m","9","shape3.jpg","1","You","Anna","<none>","1","Nenu","2","1","958"
"2501","1","test","35","z","1","shape1.jpg","1","You","Anna","<none>","1","Nenu","1","1","521"
"2501","1","test","36","m","8","shape2.jpg","1","You","Anna","<none>","1","Nenu","2","1","656"
"2501","1","test","37","z","2","shape2.jpg","1","You","Anna","<none>","1","Nenu","1","1","474"
"2501","1","test","38","z","2","shape2.jpg","1","You","Anna","<none>","1","Nenu","1","1","516"
"2501","1","test","39","m","4","shape1.jpg","1","You","Anna","<none>","1","Nenu","2","1","499"
"2501","1","test","40","m","8","shape2.jpg","1","You","Anna","<none>","1","Nenu","2","1","643"
"2501","1","test","41","m","7","shape1.jpg","1","You","Anna","<none>","1","Nenu","2","1","726"
"2501","1","test","42","m","4","shape1.jpg","1","You","Anna","<none>","1","Nenu","2","1","603"
"2501","1","test","43","m","4","shape1.jpg","1","You","Anna","<none>","1","Nenu","2","1","630"
"2501","1","test","44","m","5","shape2.jpg","1","You","Anna","<none>","1","Nenu","2","1","641"
"2501","1","test","45","m","9","shape3.jpg","1","You","Anna","<none>","1","Nenu","2","1","611"
"2501","1","test","46","m","4","shape1.jpg","1","You","Anna","<none>","1","Nenu","2","1","719"
"2501","1","test","47","m","9","shape3.jpg","1","You","Anna","<none>","1","Nenu","2","1","773"
"2501","1","test","48","m","3","shape3.jpg","1","You","Anna","<none>","1","Nenu","1","0","603"
"2501","1","test","49","m","7","shape1.jpg","1","You","Anna","<none>","1","Nenu","2","1","917"
"2501","1","test","50","m","5","shape2.jpg","1","You","Anna","<none>","1","Nenu","2","1","604"
"2501","1","test","51","m","5","shape2.jpg","1","You","Anna","<none>","1","Nenu","2","1","623"
"2501","1","test","52","m","8","shape2.jpg","1","You","Anna","<none>","1","Nenu","2","1","969"
"2501","1","test","53","m","4","shape1.jpg","1","You","Anna","<none>","1","Nenu","2","1","726"
"2501","1","test","54","m","9","shape3.jpg","1","You","Anna","<none>","1","Nenu","2","1","676"
"2501","1","test","55","m","9","shape3.jpg","1","You","Anna","<none>","1","Nenu","2","1","493"
"2501","1","test","56","m","4","shape1.jpg","1","You","Anna","<none>","1","Nenu","2","1","605"
"2501","1","test","57","m","9","shape3.jpg","1","You","Anna","<none>","1","Nenu","2","1","1163"
"2501","1","test","58","z","2","shape2.jpg","1","You","Anna","<none>","1","Nenu","1","1","686"
"2501","1","test","59","z","1","shape1.jpg","1","You","Anna","<none>","1","Nenu","1","1","893"
"2501","1","test","60","m","6","shape3.jpg","1","You","Anna","<none>","1","Nenu","2","1","572"
"2501","1","test","61","m","3","shape3.jpg","1","You","Anna","<none>","1","Nenu","1","0","810"
"2501","1","test","62","m","5","shape2.jpg","1","You","Anna","<none>","1","Nenu","2","1","892"
"2501","1","test","63","m","1","shape1.jpg","1","You","Anna","<none>","1","Nenu","1","0","540"
"2501","1","test","64","z","8","shape2.jpg","1","You","Anna","<none>","1","Nenu","2","0","666"
"2501","1","test","65","z","2","shape2.jpg","1","You","Anna","<none>","1","Nenu","1","1","788"
"2501","1","test","66","m","5","shape2.jpg","1","You","Anna","<none>","1","Nenu","2","1","783"
"2501","1","test","67","z","3","shape3.jpg","1","You","Anna","<none>","1","Nenu","1","1","801"
"2501","1","test","68","m","5","shape2.jpg","1","You","Anna","<none>","1","Nenu","2","1","597"
"2501","1","test","69","z","2","shape2.jpg","1","You","Anna","<none>","1","Nenu","1","1","466"
"2501","1","test","70","z","2","shape2.jpg","1","You","Anna","<none>","1","Nenu","1","1","476"
"2501","1","test","71","z","3","shape3.jpg","1","You","Anna","<none>","1","Nenu","1","1","740"
"2501","1","test","72","z","4","shape1.jpg","1","You","Anna","<none>","1","Nenu","2","0","459"
"2501","1","test","73","z","1","shape1.jpg","1","You","Anna","<none>","1","Nenu","1","1","453"
"2501","1","test","74","z","2","shape2.jpg","1","You","Anna","<none>","1","Nenu","1","1","583"
"2501","1","test","75","z","2","shape2.jpg","1","You","Anna","<none>","1","Nenu","1","1","570"
"2501","1","test","76","z","9","shape3.jpg","1","You","Anna","<none>","1","Nenu","2","0","672"
"2501","1","test","77","m","9","shape3.jpg","1","You","Anna","<none>","1","Nenu","2","1","656"
"2501","1","test","78","m","5","shape2.jpg","1","You","Anna","<none>","1","Nenu","2","1","658"
"2501","1","test","79","z","2","shape2.jpg","1","You","Anna","<none>","1","Nenu","1","1","716"
"2501","1","test","80","z","3","shape3.jpg","1","You","Anna","<none>","1","Nenu","1","1","953"
"2501","1","test","81","z","2","shape2.jpg","1","You","Anna","<none>","1","Nenu","1","1","814"
"2501","1","test","82","z","1","shape1.jpg","1","You","Anna","<none>","1","Nenu","1","1","849"
"2501","1","test","83","z","1","shape1.jpg","1","You","Anna","<none>","1","Nenu","1","1","338"
"2501","1","test","84","z","2","shape2.jpg","1","You","Anna","<none>","1","Nenu","1","1","497"
"2501","1","test","85","z","3","shape3.jpg","1","You","Anna","<none>","1","Nenu","1","1","563"
"2501","1","test","86","z","2","shape2.jpg","1","You","Anna","<none>","1","Nenu","1","1","584"
"2501","1","test","87","z","1","shape1.jpg","1","You","Anna","<none>","1","Nenu","1","1","780"
"2501","1","test","88","m","3","shape3.jpg","1","You","Anna","<none>","1","Nenu","1","0","648"
"2501","1","test","89","z","2","shape2.jpg","1","You","Anna","<none>","1","Nenu","1","1","337"
"2501","1","test","90","z","2","shape2.jpg","1","You","Anna","<none>","1","Nenu","1","1","617"
"2501","1","test","91","z","2","shape2.jpg","1","You","Anna","<none>","1","Nenu","1","1","475"
"2501","1","test","92","m","4","shape1.jpg","1","You","Anna","<none>","1","Nenu","2","1","1325"
"2501","1","test","93","m","4","shape1.jpg","1","You","Anna","<none>","1","Nenu","2","1","601"
"2501","1","test","94","z","3","shape3.jpg","1","You","Anna","<none>","1","Nenu","1","1","669"
"2501","1","test","95","m","6","shape3.jpg","1","You","Anna","<none>","1","Nenu","2","1","813"
"2501","1","test","96","m","5","shape2.jpg","1","You","Anna","<none>","1","Nenu","2","1","1282"
"2501","1","test","97","z","2","shape2.jpg","1","You","Anna","<none>","1","Nenu","1","1","392"
"2501","1","test","98","m","9","shape3.jpg","1","You","Anna","<none>","1","Nenu","2","1","1324"
"2501","1","test","99","z","3","shape3.jpg","1","You","Anna","<none>","1","Nenu","1","1","674"
"2501","1","test","100","m","6","shape3.jpg","1","You","Anna","<none>","1","Nenu","2","1","618"
"2501","1","test","101","z","8","shape2.jpg","1","You","Anna","<none>","1","Nenu","2","0","532"
"2501","1","test","102","z","2","shape2.jpg","1","You","Anna","<none>","1","Nenu","1","1","748"
"2501","1","test","103","m","2","shape2.jpg","1","You","Anna","<none>","1","Nenu","1","0","721"
"2501","1","test","104","z","1","shape1.jpg","1","You","Anna","<none>","1","Nenu","1","1","695"
"2501","1","test","105","m","6","shape3.jpg","1","You","Anna","<none>","1","Nenu","2","1","662"
"2501","1","test","106","z","1","shape1.jpg","1","You","Anna","<none>","1","Nenu","1","1","448"
"2501","1","test","107","m","7","shape1.jpg","1","You","Anna","<none>","1","Nenu","2","1","650"
"2501","1","test","108","m","3","shape3.jpg","1","You","Anna","<none>","1","Nenu","1","0","668"
"2501","1","test","109","m","8","shape2.jpg","1","You","Anna","<none>","1","Nenu","2","1","925"
"2501","1","test","110","m","7","shape1.jpg","1","You","Anna","<none>","1","Nenu","2","1","923"
"2501","1","test","111","m","8","shape2.jpg","1","You","Anna","<none>","1","Nenu","2","1","801"
"2501","1","test","112","z","2","shape2.jpg","1","You","Anna","<none>","1","Nenu","1","1","572"
"2501","1","test","113","m","3","shape3.jpg","1","You","Anna","<none>","1","Nenu","1","0","840"
"2501","1","test","114","z","3","shape3.jpg","1","You","Anna","<none>","1","Nenu","1","1","409"
"2501","1","test","115","z","1","shape1.jpg","1","You","Anna","<none>","1","Nenu","1","1","775"
"2501","1","test","116","m","8","shape2.jpg","1","You","Anna","<none>","1","Nenu","2","1","548"
"2501","1","test","117","z","2","shape2.jpg","1","You","Anna","<none>","1","Nenu","1","1","649"
"2501","1","test","118","m","7","shape1.jpg","1","You","Anna","<none>","1","Nenu","2","1","602"
"2501","1","test","119","m","7","shape1.jpg","1","You","Anna","<none>","1","Nenu","2","1","446"
"2501","1","test","120","m","6","shape3.jpg","1","You","Anna","<none>","1","Nenu","2","1","416"
"2501","1","test","121","z","1","shape1.jpg","1","You","Anna","<none>","1","Nenu","1","1","795"
"2501","1","test","122","m","7","shape1.jpg","1","You","Anna","<none>","1","Nenu","2","1","616"
"2501","1","test","123","m","1","shape1.jpg","1","You","Anna","<none>","1","Nenu","1","0","547"
"2501","1","test","124","m","6","shape3.jpg","1","You","Anna","<none>","1","Nenu","2","1","433"
"2501","1","test","125","m","6","shape3.jpg","1","You","Anna","<none>","1","Nenu","2","1","466"
"2501","1","test","126","m","8","shape2.jpg","1","You","Anna","<none>","1","Nenu","2","1","645"
"2501","1","test","127","z","2","shape2.jpg","1","You","Anna","<none>","1","Nenu","1","1","591"
"2501","1","test","128","m","2","shape2.jpg","1","You","Anna","<none>","1","Nenu","1","0","443"
"2501","1","test","129","z","2","shape2.jpg","1","You","Anna","<none>","1","Nenu","1","1","405"
"2501","1","test","130","z","3","shape3.jpg","1","You","Anna","<none>","1","Nenu","1","1","705"
"2501","1","test","131","m","6","shape3.jpg","1","You","Anna","<none>","1","Nenu","2","1","897"
"2501","1","test","132","z","1","shape1.jpg","1","You","Anna","<none>","1","Nenu","1","1","585"
"2501","1","test","133","z","1","shape1.jpg","1","You","Anna","<none>","1","Nenu","1","1","388"
"2501","1","test","134","z","3","shape3.jpg","1","You","Anna","<none>","1","Nenu","1","1","906"
"2501","1","test","135","m","5","shape2.jpg","1","You","Anna","<none>","1","Nenu","2","1","761"
"2501","1","test","136","m","7","shape1.jpg","1","You","Anna","<none>","1","Nenu","2","1","718"
"2501","1","test","137","z","2","shape2.jpg","1","You","Anna","<none>","1","Nenu","1","1","572"
"2501","1","test","138","x","5","shape2.jpg","1","You","Anna","<none>","1","Nenu","2","0","1499"
"2501","1","test","139","m","6","shape3.jpg","1","You","Anna","<none>","1","Nenu","2","1","1188"
"2501","1","test","140","m","6","shape3.jpg","1","You","Anna","<none>","1","Nenu","2","1","583"
"2501","1","test","141","m","9","shape3.jpg","1","You","Anna","<none>","1","Nenu","2","1","347"
"2501","1","test","142","m","3","shape3.jpg","1","You","Anna","<none>","1","Nenu","1","0","457"
"2501","1","test","143","z","1","shape1.jpg","1","You","Anna","<none>","1","Nenu","1","1","683"
"2501","1","test","144","m","6","shape3.jpg","1","You","Anna","<none>","1","Nenu","2","1","564"
"2501","1","test","145","z","1","shape1.jpg","1","You","Anna","<none>","1","Nenu","1","1","569"
"2501","1","test","146","m","4","shape1.jpg","1","You","Anna","<none>","1","Nenu","2","1","631"
"2501","1","test","147","m","9","shape3.jpg","1","You","Anna","<none>","1","Nenu","2","1","769"
"2501","1","test","148","m","7","shape1.jpg","1","You","Anna","<none>","1","Nenu","2","1","556"
"2501","1","test","149","z","3","shape3.jpg","1","You","Anna","<none>","1","Nenu","1","1","610"
"2501","1","test","150","m","9","shape3.jpg","1","You","Anna","<none>","1","Nenu","2","1","589"
"2501","1","test","151","z","2","shape2.jpg","1","You","Anna","<none>","1","Nenu","1","1","609"
"2501","1","test","152","z","3","shape3.jpg","1","You","Anna","<none>","1","Nenu","1","1","677"
"2501","1","test","153","m","1","shape1.jpg","1","You","Anna","<none>","1","Nenu","1","0","839"
"2501","1","test","154","m","4","shape1.jpg","1","You","Anna","<none>","1","Nenu","2","1","519"
"2501","1","test","155","z","1","shape1.jpg","1","You","Anna","<none>","1","Nenu","1","1","551"
"2501","1","test","156","m","7","shape1.jpg","1","You","Anna","<none>","1","Nenu","2","1","580"
"2501","1","test","157","z","1","shape1.jpg","1","You","Anna","<none>","1","Nenu","1","1","530"
"2501","1","test","158","m","1","shape1.jpg","1","You","Anna","<none>","1","Nenu","1","0","440"
"2501","1","test","159","m","5","shape2.jpg","1","You","Anna","<none>","1","Nenu","2","1","715"
"2501","1","test","160","z","2","shape2.jpg","1","You","Anna","<none>","1","Nenu","1","1","625"
"2501","1","test","161","z","3","shape3.jpg","1","You","Anna","<none>","1","Nenu","1","1","957"
"2501","1","test","162","z","3","shape3.jpg","1","You","Anna","<none>","1","Nenu","1","1","656"
"2501","1","test","163","z","2","shape2.jpg","1","You","Anna","<none>","1","Nenu","1","1","794"
"2501","1","test","164","m","5","shape2.jpg","1","You","Anna","<none>","1","Nenu","2","1","580"
"2501","1","test","165","z","1","shape1.jpg","1","You","Anna","<none>","1","Nenu","1","1","417"
"2501","1","test","166","m","6","shape3.jpg","1","You","Anna","<none>","1","Nenu","2","1","503"
"2501","1","test","167","z","3","shape3.jpg","1","You","Anna","<none>","1","Nenu","1","1","510"
"2501","1","test","168","m","6","shape3.jpg","1","You","Anna","<none>","1","Nenu","2","1","646"
"2501","1","test","169","m","8","shape2.jpg","1","You","Anna","<none>","1","Nenu","2","1","671"
"2501","1","test","170","m","4","shape1.jpg","1","You","Anna","<none>","1","Nenu","2","1","904"
"2501","1","test","171","z","2","shape2.jpg","1","You","Anna","<none>","1","Nenu","1","1","678"
"2501","1","test","172","z","1","shape1.jpg","1","You","Anna","<none>","1","Nenu","1","1","567"
"2501","1","test","173","m","9","shape3.jpg","1","You","Anna","<none>","1","Nenu","2","1","525"
"2501","1","test","174","z","2","shape2.jpg","1","You","Anna","<none>","1","Nenu","1","1","483"
"2501","1","test","175","z","4","shape1.jpg","1","You","Anna","<none>","1","Nenu","2","0","677"
"2501","1","test","176","m","5","shape2.jpg","1","You","Anna","<none>","1","Nenu","2","1","710"
"2501","1","test","177","m","5","shape2.jpg","1","You","Anna","<none>","1","Nenu","2","1","869"
"2501","1","test","178","z","2","shape2.jpg","1","You","Anna","<none>","1","Nenu","1","1","885"
"2501","1","test","179","m","8","shape2.jpg","1","You","Anna","<none>","1","Nenu","2","1","619"
"2501","1","test","180","z","1","shape1.jpg","1","You","Anna","<none>","1","Nenu","1","1","623"
"2501","1","test","181","m","7","shape1.jpg","1","You","Anna","<none>","1","Nenu","2","1","673"
"2501","1","test","182","m","8","shape2.jpg","1","You","Anna","<none>","1","Nenu","2","1","601"
"2501","1","test","183","m","8","shape2.jpg","1","You","Anna","<none>","1","Nenu","2","1","414"
"2501","1","test","184","m","3","shape3.jpg","1","You","Anna","<none>","1","Nenu","1","0","553"
"2501","1","test","185","m","9","shape3.jpg","1","You","Anna","<none>","1","Nenu","2","1","551"
"2501","1","test","186","m","8","shape2.jpg","1","You","Anna","<none>","1","Nenu","2","1","660"
"2501","1","test","187","m","7","shape1.jpg","1","You","Anna","<none>","1","Nenu","2","1","502"
"2501","1","test","188","m","7","shape1.jpg","1","You","Anna","<none>","1","Nenu","2","1","606"
"2501","1","test","189","m","1","shape1.jpg","1","You","Anna","<none>","1","Nenu","1","0","369"
"2501","1","test","190","z","1","shape1.jpg","1","You","Anna","<none>","1","Nenu","1","1","383"
"2501","1","test","191","z","1","shape1.jpg","1","You","Anna","<none>","1","Nenu","1","1","436"
"2501","1","test","192","z","2","shape2.jpg","1","You","Anna","<none>","1","Nenu","1","1","456"
"2501","1","test","193","z","4","shape1.jpg","1","You","Anna","<none>","1","Nenu","2","0","631"
"2501","1","test","194","m","7","shape1.jpg","1","You","Anna","<none>","1","Nenu","2","1","658"
"2501","1","test","195","z","3","shape3.jpg","1","You","Anna","<none>","1","Nenu","1","1","419"
"2501","1","test","196","m","4","shape1.jpg","1","You","Anna","<none>","1","Nenu","2","1","479"
"2501","1","test","197","z","3","shape3.jpg","1","You","Anna","<none>","1","Nenu","1","1","624"
"2501","1","test","198","m","4","shape1.jpg","1","You","Anna","<none>","1","Nenu","2","1","669"
"2501","1","test","199","m","7","shape1.jpg","1","You","Anna","<none>","1","Nenu","2","1","763"
"2501","1","test","200","z","3","shape3.jpg","1","You","Anna","<none>","1","Nenu","1","1","569"
"2501","1","test","201","m","1","shape1.jpg","1","You","Anna","<none>","1","Nenu","1","0","446"
"2501","1","test","202","m","3","shape3.jpg","1","You","Anna","<none>","1","Nenu","1","0","481"
"2501","1","test","203","m","8","shape2.jpg","1","You","Anna","<none>","1","Nenu","2","1","587"
"2501","1","test","204","z","2","shape2.jpg","1","You","Anna","<none>","1","Nenu","1","1","574"
"2501","1","test","205","z","9","shape3.jpg","1","You","Anna","<none>","1","Nenu","2","0","642"
"2501","1","test","206","m","5","shape2.jpg","1","You","Anna","<none>","1","Nenu","2","1","589"
"2501","1","test","207","m","6","shape3.jpg","1","You","Anna","<none>","1","Nenu","2","1","610"
"2501","1","test","208","m","6","shape3.jpg","1","You","Anna","<none>","1","Nenu","2","1","444"
"2501","1","test","209","z","9","shape3.jpg","1","You","Anna","<none>","1","Nenu","2","0","576"
"2501","1","test","210","m","8","shape2.jpg","1","You","Anna","<none>","1","Nenu","2","1","701"
"2501","1","test","211","m","7","shape1.jpg","1","You","Anna","<none>","1","Nenu","2","1","589"
"2501","1","test","212","m","3","shape3.jpg","1","You","Anna","<none>","1","Nenu","1","0","849"
"2501","1","test","213","z","2","shape2.jpg","1","You","Anna","<none>","1","Nenu","1","1","673"
"2501","1","test","214","z","1","shape1.jpg","1","You","Anna","<none>","1","Nenu","1","1","930"
"2501","1","test","215","m","5","shape2.jpg","1","You","Anna","<none>","1","Nenu","2","1","713"
"2501","1","test","216","z","4","shape1.jpg","1","You","Anna","<none>","1","Nenu","2","0","487"
"2501","1","test","217","z","1","shape1.jpg","1","You","Anna","<none>","1","Nenu","1","1","1256"
"2501","1","test","218","m","3","shape3.jpg","1","You","Anna","<none>","1","Nenu","1","0","630"
"2501","1","test","219","z","2","shape2.jpg","1","You","Anna","<none>","1","Nenu","1","1","729"
"2501","1","test","220","m","9","shape3.jpg","1","You","Anna","<none>","1","Nenu","2","1","889"
"2501","1","test","221","m","5","shape2.jpg","1","You","Anna","<none>","1","Nenu","2","1","903"
"2501","1","test","222","z","3","shape3.jpg","1","You","Anna","<none>","1","Nenu","1","1","541"
"2501","1","test","223","m","4","shape1.jpg","1","You","Anna","<none>","1","Nenu","2","1","564"
"2501","1","test","224","z","1","shape1.jpg","1","You","Anna","<none>","1","Nenu","1","1","458"
"2501","1","test","225","m","9","shape3.jpg","1","You","Anna","<none>","1","Nenu","2","1","516"
"2501","1","test","226","z","4","shape1.jpg","1","You","Anna","<none>","1","Nenu","2","0","475"
"2501","1","test","227","m","5","shape2.jpg","1","You","Anna","<none>","1","Nenu","2","1","525"
"2501","1","test","228","m","7","shape1.jpg","1","You","Anna","<none>","1","Nenu","2","1","627"
"2501","1","test","229","m","3","shape3.jpg","1","You","Anna","<none>","1","Nenu","1","0","910"
"2501","1","test","230","z","3","shape3.jpg","1","You","Anna","<none>","1","Nenu","1","1","364"
"2501","1","test","231","m","9","shape3.jpg","1","You","Anna","<none>","1","Nenu","2","1","586"
"2501","1","test","232","m","3","shape3.jpg","1","You","Anna","<none>","1","Nenu","1","0","856"
"2501","1","test","233","z","2","shape2.jpg","1","You","Anna","<none>","1","Nenu","1","1","816"
"2501","1","test","234","m","6","shape3.jpg","1","You","Anna","<none>","1","Nenu","2","1","619"
"2501","1","test","235","z","2","shape2.jpg","1","You","Anna","<none>","1","Nenu","1","1","717"
"2501","1","test","236","m","5","shape2.jpg","1","You","Anna","<none>","1","Nenu","2","1","659"
"2501","1","test","237","m","5","shape2.jpg","1","You","Anna","<none>","1","Nenu","2","1","493"
"2501","1","test","238","z","3","shape3.jpg","1","You","Anna","<none>","1","Nenu","1","1","526"
"2501","1","test","239","m","1","shape1.jpg","1","You","Anna","<none>","1","Nenu","1","0","532"
"2501","1","test","240","z","2","shape2.jpg","1","You","Anna","<none>","1","Nenu","1","1","596"
"2501","1","test","241","m","6","shape3.jpg","1","You","Anna","<none>","1","Nenu","2","1","904"
"2501","1","test","242","z","3","shape3.jpg","1","You","Anna","<none>","1","Nenu","1","1","718"
"2501","1","test","243","m","7","shape1.jpg","1","You","Anna","<none>","1","Nenu","2","1","454"
"2501","1","test","244","m","6","shape3.jpg","1","You","Anna","<none>","1","Nenu","2","1","439"
"2501","1","test","245","m","6","shape3.jpg","1","You","Anna","<none>","1","Nenu","2","1","386"
"2501","1","test","246","z","3","shape3.jpg","1","You","Anna","<none>","1","Nenu","1","1","727"
"2501","1","test","247","m","9","shape3.jpg","1","You","Anna","<none>","1","Nenu","2","1","822"
"2501","1","test","248","z","1","shape1.jpg","1","You","Anna","<none>","1","Nenu","1","1","759"
"2501","1","test","249","m","8","shape2.jpg","1","You","Anna","<none>","1","Nenu","2","1","652"
"2501","1","test","250","m","7","shape1.jpg","1","You","Anna","<none>","1","Nenu","2","1","583"
"2501","1","test","251","z","2","shape2.jpg","1","You","Anna","<none>","1","Nenu","1","1","427"
"2501","1","test","252","m","9","shape3.jpg","1","You","Anna","<none>","1","Nenu","2","1","910"
"2501","1","test","253","m","8","shape2.jpg","1","You","Anna","<none>","1","Nenu","2","1","510"
"2501","1","test","254","m","8","shape2.jpg","1","You","Anna","<none>","1","Nenu","2","1","596"
"2501","1","test","255","m","4","shape1.jpg","1","You","Anna","<none>","1","Nenu","2","1","625"
"2501","1","test","256","m","3","shape3.jpg","1","You","Anna","<none>","1","Nenu","1","0","572"
"2501","1","test","257","m","8","shape2.jpg","1","You","Anna","<none>","1","Nenu","2","1","689"
"2501","1","test","258","z","1","shape1.jpg","1","You","Anna","<none>","1","Nenu","1","1","744"
"2501","1","test","259","m","7","shape1.jpg","1","You","Anna","<none>","1","Nenu","2","1","471"
"2501","1","test","260","z","4","shape1.jpg","1","You","Anna","<none>","1","Nenu","2","0","784"
"2501","1","test","261","m","7","shape1.jpg","1","You","Anna","<none>","1","Nenu","2","1","660"
"2501","1","test","262","m","6","shape3.jpg","1","You","Anna","<none>","1","Nenu","2","1","669"
"2501","1","test","263","z","3","shape3.jpg","1","You","Anna","<none>","1","Nenu","1","1","757"
"2501","1","test","264","z","1","shape1.jpg","1","You","Anna","<none>","1","Nenu","1","1","562"
"2501","1","test","265","m","2","shape2.jpg","1","You","Anna","<none>","1","Nenu","1","0","511"
"2501","1","test","266","z","2","shape2.jpg","1","You","Anna","<none>","1","Nenu","1","1","511"
"2501","1","test","267","z","2","shape2.jpg","1","You","Anna","<none>","1","Nenu","1","1","393"
"2501","1","test","268","z","1","shape1.jpg","1","You","Anna","<none>","1","Nenu","1","1","742"
"2501","1","test","269","m","8","shape2.jpg","1","You","Anna","<none>","1","Nenu","2","1","604"
"2501","1","test","270","m","5","shape2.jpg","1","You","Anna","<none>","1","Nenu","2","1","902"
"2501","1","test","271","z","3","shape3.jpg","1","You","Anna","<none>","1","Nenu","1","1","630"
"2501","1","test","272","m","7","shape1.jpg","1","You","Anna","<none>","1","Nenu","2","1","559"
"2501","1","test","273","z","2","shape2.jpg","1","You","Anna","<none>","1","Nenu","1","1","655"
"2501","1","test","274","m","8","shape2.jpg","1","You","Anna","<none>","1","Nenu","2","1","550"
"2501","1","test","275","m","9","shape3.jpg","1","You","Anna","<none>","1","Nenu","2","1","797"
"2501","1","test","276","z","2","shape2.jpg","1","You","Anna","<none>","1","Nenu","1","1","682"
"2501","1","test","277","z","2","shape2.jpg","1","You","Anna","<none>","1","Nenu","1","1","609"
"2501","1","test","278","m","3","shape3.jpg","1","You","Anna","<none>","1","Nenu","1","0","885"
"2501","1","test","279","z","3","shape3.jpg","1","You","Anna","<none>","1","Nenu","1","1","396"
"2501","1","test","280","m","7","shape1.jpg","1","You","Anna","<none>","1","Nenu","2","1","553"
"2501","1","test","281","z","1","shape1.jpg","1","You","Anna","<none>","1","Nenu","1","1","695"
"2501","1","test","282","m","6","shape3.jpg","1","You","Anna","<none>","1","Nenu","2","1","655"
"2501","1","test","283","z","4","shape1.jpg","1","You","Anna","<none>","1","Nenu","2","0","912"
"2501","1","test","284","z","3","shape3.jpg","1","You","Anna","<none>","1","Nenu","1","1","790"
"2501","1","test","285","m","7","shape1.jpg","1","You","Anna","<none>","1","Nenu","2","1","602"
"2501","1","test","286","z","1","shape1.jpg","1","You","Anna","<none>","1","Nenu","1","1","710"
"2501","1","test","287","m","6","shape3.jpg","1","You","Anna","<none>","1","Nenu","2","1","548"
"2501","1","test","288","m","8","shape2.jpg","1","You","Anna","<none>","1","Nenu","2","1","562"
"2501","1","test","289","m","2","shape2.jpg","1","You","Anna","<none>","1","Nenu","1","0","528"
"2501","1","test","290","z","2","shape2.jpg","1","You","Anna","<none>","1","Nenu","1","1","640"
"2501","1","test","291","m","3","shape3.jpg","1","You","Anna","<none>","1","Nenu","1","0","513"
"2501","1","test","292","z","1","shape1.jpg","1","You","Anna","<none>","1","Nenu","1","1","672"
"2501","1","test","293","m","4","shape1.jpg","1","You","Anna","<none>","1","Nenu","2","1","610"
"2501","1","test","294","z","1","shape1.jpg","1","You","Anna","<none>","1","Nenu","1","1","941"
"2501","1","test","295","z","2","shape2.jpg","1","You","Anna","<none>","1","Nenu","1","1","674"
"2501","1","test","296","z","1","shape1.jpg","1","You","Anna","<none>","1","Nenu","1","1","810"
"2501","1","test","297","z","3","shape3.jpg","1","You","Anna","<none>","1","Nenu","1","1","797"
"2501","1","test","298","m","9","shape3.jpg","1","You","Anna","<none>","1","Nenu","2","1","858"
"2501","1","test","299","m","8","shape2.jpg","1","You","Anna","<none>","1","Nenu","2","1","690"
"2501","1","test","300","z","1","shape1.jpg","1","You","Anna","<none>","1","Nenu","1","1","1019"
"2501","1","test","301","m","7","shape1.jpg","1","You","Anna","<none>","1","Nenu","2","1","901"
"2501","1","test","302","z","9","shape3.jpg","1","You","Anna","<none>","1","Nenu","2","0","634"
"2501","1","test","303","z","1","shape1.jpg","1","You","Anna","<none>","1","Nenu","1","1","838"
"2501","1","test","304","z","2","shape2.jpg","1","You","Anna","<none>","1","Nenu","1","1","853"
"2501","1","test","305","m","4","shape1.jpg","1","You","Anna","<none>","1","Nenu","2","1","679"
"2501","1","test","306","m","9","shape3.jpg","1","You","Anna","<none>","1","Nenu","2","1","584"
"2501","1","test","307","z","3","shape3.jpg","1","You","Anna","<none>","1","Nenu","1","1","436"
"2501","1","test","308","z","3","shape3.jpg","1","You","Anna","<none>","1","Nenu","1","1","696"
"2501","1","test","309","m","5","shape2.jpg","1","You","Anna","<none>","1","Nenu","2","1","663"
"2501","1","test","310","z","2","shape2.jpg","1","You","Anna","<none>","1","Nenu","1","1","392"
"2501","1","test","311","z","1","shape1.jpg","1","You","Anna","<none>","1","Nenu","1","1","725"
"2501","1","test","312","m","4","shape1.jpg","1","You","Anna","<none>","1","Nenu","2","1","636"
"2501","1","test","313","m","9","shape3.jpg","1","You","Anna","<none>","1","Nenu","2","1","589"
"2501","1","test","314","z","2","shape2.jpg","1","You","Anna","<none>","1","Nenu","1","1","531"
"2501","1","test","315","m","7","shape1.jpg","1","You","Anna","<none>","1","Nenu","2","1","681"
"2501","1","test","316","z","1","shape1.jpg","1","You","Anna","<none>","1","Nenu","1","1","616"
"2501","1","test","317","m","8","shape2.jpg","1","You","Anna","<none>","1","Nenu","2","1","610"
"2501","1","test","318","m","6","shape3.jpg","1","You","Anna","<none>","1","Nenu","2","1","654"
"2501","1","test","319","z","2","shape2.jpg","1","You","Anna","<none>","1","Nenu","1","1","560"
"2501","1","test","320","m","5","shape2.jpg","1","You","Anna","<none>","1","Nenu","2","1","581"
"2501","1","test","321","m","3","shape3.jpg","1","You","Anna","<none>","1","Nenu","1","0","619"
"2501","1","test","322","m","8","shape2.jpg","1","You","Anna","<none>","1","Nenu","2","1","542"
"2501","1","test","323","z","3","shape3.jpg","1","You","Anna","<none>","1","Nenu","1","1","627"
"2501","1","test","324","m","3","shape3.jpg","1","You","Anna","<none>","1","Nenu","1","0","447"
"2501","1","test","325","m","8","shape2.jpg","1","You","Anna","<none>","1","Nenu","2","1","545"
"2501","1","test","326","m","9","shape3.jpg","1","You","Anna","<none>","1","Nenu","2","1","704"
"2501","1","test","327","m","5","shape2.jpg","1","You","Anna","<none>","1","Nenu","2","1","431"
"2501","1","test","328","m","6","shape3.jpg","1","You","Anna","<none>","1","Nenu","2","1","1291"
"2501","1","test","329","z","1","shape1.jpg","1","You","Anna","<none>","1","Nenu","1","1","663"
"2501","1","test","330","m","6","shape3.jpg","1","You","Anna","<none>","1","Nenu","2","1","1042"
"2501","1","test","331","z","1","shape1.jpg","1","You","Anna","<none>","1","Nenu","1","1","1146"
"2501","1","test","332","z","1","shape1.jpg","1","You","Anna","<none>","1","Nenu","1","1","560"
"2501","1","test","333","z","5","shape2.jpg","1","You","Anna","<none>","1","Nenu","2","0","741"
"2501","1","test","334","m","5","shape2.jpg","1","You","Anna","<none>","1","Nenu","2","1","923"
"2501","1","test","335","z","3","shape3.jpg","1","You","Anna","<none>","1","Nenu","1","1","785"
"2501","1","test","336","z","2","shape2.jpg","1","You","Anna","<none>","1","Nenu","1","1","749"
"2501","1","test","337","m","9","shape3.jpg","1","You","Anna","<none>","1","Nenu","2","1","769"
"2501","1","test","338","z","6","shape3.jpg","1","You","Anna","<none>","1","Nenu","2","0","702"
"2501","1","test","339","m","3","shape3.jpg","1","You","Anna","<none>","1","Nenu","1","0","677"
"2501","1","test","340","z","3","shape3.jpg","1","You","Anna","<none>","1","Nenu","1","1","541"
"2501","1","test","341","z","2","shape2.jpg","1","You","Anna","<none>","1","Nenu","1","1","731"
"2501","1","test","342","z","2","shape2.jpg","1","You","Anna","<none>","1","Nenu","1","1","449"
"2501","1","test","343","z","4","shape1.jpg","1","You","Anna","<none>","1","Nenu","2","0","1061"
"2501","1","test","344","m","5","shape2.jpg","1","You","Anna","<none>","1","Nenu","2","1","842"
"2501","1","test","345","z","3","shape3.jpg","1","You","Anna","<none>","1","Nenu","1","1","902"
"2501","1","test","346","z","1","shape1.jpg","1","You","Anna","<none>","1","Nenu","1","1","1196"
"2501","1","test","347","m","6","shape3.jpg","1","You","Anna","<none>","1","Nenu","2","1","552"
"2501","1","test","348","m","3","shape3.jpg","1","You","Anna","<none>","1","Nenu","1","0","436"
"2501","1","test","349","z","3","shape3.jpg","1","You","Anna","<none>","1","Nenu","1","1","399"
"2501","1","test","350","z","3","shape3.jpg","1","You","Anna","<none>","1","Nenu","1","1","467"
"2501","1","test","351","z","1","shape1.jpg","1","You","Anna","<none>","1","Nenu","1","1","686"
"2501","1","test","352","z","3","shape3.jpg","1","You","Anna","<none>","1","Nenu","1","1","773"
"2501","1","test","353","z","2","shape2.jpg","1","You","Anna","<none>","1","Nenu","1","1","584"
"2501","1","test","354","z","3","shape3.jpg","1","You","Anna","<none>","1","Nenu","1","1","782"
"2501","1","test","355","z","3","shape3.jpg","1","You","Anna","<none>","1","Nenu","1","1","472"
"2501","1","test","356","m","7","shape1.jpg","1","You","Anna","<none>","1","Nenu","2","1","570"
"2501","1","test","357","z","1","shape1.jpg","1","You","Anna","<none>","1","Nenu","1","1","526"
"2501","1","test","358","m","5","shape2.jpg","1","You","Anna","<none>","1","Nenu","2","1","774"
"2501","1","test","359","m","8","shape2.jpg","1","You","Anna","<none>","1","Nenu","2","1","514"
"2501","1","test","360","m","8","shape2.jpg","1","You","Anna","<none>","1","Nenu","2","1","513"
"2502","2","test","1","m","3","shape3.jpg","2","You","<none>","Miga","1","Nenu","1","1","771"
"2502","2","test","2","m","1","shape1.jpg","2","You","<none>","Miga","1","Nenu","1","1","800"
"2502","2","test","3","x","6","shape3.jpg","2","You","<none>","Miga","1","Nenu","2","0","1500"
"2502","2","test","4","m","5","shape2.jpg","2","You","<none>","Miga","1","Nenu","2","0","1333"
"2502","2","test","5","m","1","shape1.jpg","2","You","<none>","Miga","1","Nenu","1","1","978"
"2502","2","test","6","m","8","shape2.jpg","2","You","<none>","Miga","1","Nenu","2","0","685"
"2502","2","test","7","m","1","shape1.jpg","2","You","<none>","Miga","1","Nenu","1","1","1326"
"2502","2","test","8","x","4","shape1.jpg","2","You","<none>","Miga","1","Nenu","2","0","1499"
"2502","2","test","9","m","1","shape1.jpg","2","You","<none>","Miga","1","Nenu","1","1","1447"
"2502","2","test","10","x","7","shape1.jpg","2","You","<none>","Miga","1","Nenu","2","0","1500"
"2502","2","test","11","m","1","shape1.jpg","2","You","<none>","Miga","1","Nenu","1","1","913"
"2502","2","test","12","m","2","shape2.jpg","2","You","<none>","Miga","1","Nenu","1","1","936"
"2502","2","test","13","m","1","shape1.jpg","2","You","<none>","Miga","1","Nenu","1","1","741"
"2502","2","test","14","x","8","shape2.jpg","2","You","<none>","Miga","1","Nenu","2","0","1499"
"2502","2","test","15","x","8","shape2.jpg","2","You","<none>","Miga","1","Nenu","2","0","1500"
"2502","2","test","16","m","6","shape3.jpg","2","You","<none>","Miga","1","Nenu","2","0","635"
"2502","2","test","17","x","5","shape2.jpg","2","You","<none>","Miga","1","Nenu","2","0","1499"
"2502","2","test","18","m","3","shape3.jpg","2","You","<none>","Miga","1","Nenu","1","1","745"
"2502","2","test","19","x","3","shape3.jpg","2","You","<none>","Miga","1","Nenu","1","0","1500"
"2502","2","test","20","m","2","shape2.jpg","2","You","<none>","Miga","1","Nenu","1","1","1090"
"2502","2","test","21","m","3","shape3.jpg","2","You","<none>","Miga","1","Nenu","1","1","753"
"2502","2","test","22","x","7","shape1.jpg","2","You","<none>","Miga","1","Nenu","2","0","1499"
"2502","2","test","23","x","4","shape1.jpg","2","You","<none>","Miga","1","Nenu","2","0","1499"
"2502","2","test","24","m","7","shape1.jpg","2","You","<none>","Miga","1","Nenu","2","0","1262"
"2502","2","test","25","m","2","shape2.jpg","2","You","<none>","Miga","1","Nenu","1","1","1126"
"2502","2","test","26","m","1","shape1.jpg","2","You","<none>","Miga","1","Nenu","1","1","851"
"2502","2","test","27","x","7","shape1.jpg","2","You","<none>","Miga","1","Nenu","2","0","1499"
"2502","2","test","28","x","1","shape1.jpg","2","You","<none>","Miga","1","Nenu","1","0","1499"
"2502","2","test","29","m","1","shape1.jpg","2","You","<none>","Miga","1","Nenu","1","1","788"
"2502","2","test","30","x","5","shape2.jpg","2","You","<none>","Miga","1","Nenu","2","0","1499"
"2502","2","test","31","x","7","shape1.jpg","2","You","<none>","Miga","1","Nenu","2","0","1499"
"2502","2","test","32","x","7","shape1.jpg","2","You","<none>","Miga","1","Nenu","2","0","1499"
"2502","2","test","33","x","2","shape2.jpg","2","You","<none>","Miga","1","Nenu","1","0","1500"
"2502","2","test","34","m","2","shape2.jpg","2","You","<none>","Miga","1","Nenu","1","1","1150"
"2502","2","test","35","x","4","shape1.jpg","2","You","<none>","Miga","1","Nenu","2","0","1499"
"2502","2","test","36","x","9","shape3.jpg","2","You","<none>","Miga","1","Nenu","2","0","1500"
"2502","2","test","37","x","2","shape2.jpg","2","You","<none>","Miga","1","Nenu","1","0","1499"
"2502","2","test","38","m","1","shape1.jpg","2","You","<none>","Miga","1","Nenu","1","1","870"
"2502","2","test","39","m","2","shape2.jpg","2","You","<none>","Miga","1","Nenu","1","1","414"
"2502","2","test","40","m","1","shape1.jpg","2","You","<none>","Miga","1","Nenu","1","1","833"
"2502","2","test","41","m","5","shape2.jpg","2","You","<none>","Miga","1","Nenu","2","0","668"
"2502","2","test","42","m","7","shape1.jpg","2","You","<none>","Miga","1","Nenu","2","0","571"
"2502","2","test","43","m","1","shape1.jpg","2","You","<none>","Miga","1","Nenu","1","1","816"
"2502","2","test","44","m","6","shape3.jpg","2","You","<none>","Miga","1","Nenu","2","0","713"
"2502","2","test","45","x","9","shape3.jpg","2","You","<none>","Miga","1","Nenu","2","0","1499"
"2502","2","test","46","m","5","shape2.jpg","2","You","<none>","Miga","1","Nenu","2","0","1014"
"2502","2","test","47","m","3","shape3.jpg","2","You","<none>","Miga","1","Nenu","1","1","889"
"2502","2","test","48","x","8","shape2.jpg","2","You","<none>","Miga","1","Nenu","2","0","1498"
"2502","2","test","49","x","6","shape3.jpg","2","You","<none>","Miga","1","Nenu","2","0","1499"
"2502","2","test","50","m","1","shape1.jpg","2","You","<none>","Miga","1","Nenu","1","1","784"
"2502","2","test","51","x","4","shape1.jpg","2","You","<none>","Miga","1","Nenu","2","0","1500"
"2502","2","test","52","m","2","shape2.jpg","2","You","<none>","Miga","1","Nenu","1","1","855"
"2502","2","test","53","m","3","shape3.jpg","2","You","<none>","Miga","1","Nenu","1","1","688"
"2502","2","test","54","x","7","shape1.jpg","2","You","<none>","Miga","1","Nenu","2","0","1500"
"2502","2","test","55","x","9","shape3.jpg","2","You","<none>","Miga","1","Nenu","2","0","1499"
"2502","2","test","56","m","8","shape2.jpg","2","You","<none>","Miga","1","Nenu","2","0","822"
"2502","2","test","57","x","2","shape2.jpg","2","You","<none>","Miga","1","Nenu","1","0","1498"
"2502","2","test","58","m","3","shape3.jpg","2","You","<none>","Miga","1","Nenu","1","1","724"
"2502","2","test","59","x","4","shape1.jpg","2","You","<none>","Miga","1","Nenu","2","0","1498"
"2502","2","test","60","m","2","shape2.jpg","2","You","<none>","Miga","1","Nenu","1","1","689"
"2502","2","test","61","m","3","shape3.jpg","2","You","<none>","Miga","1","Nenu","1","1","664"
"2502","2","test","62","m","2","shape2.jpg","2","You","<none>","Miga","1","Nenu","1","1","513"
"2502","2","test","63","x","8","shape2.jpg","2","You","<none>","Miga","1","Nenu","2","0","1500"
"2502","2","test","64","m","4","shape1.jpg","2","You","<none>","Miga","1","Nenu","2","0","484"
"2502","2","test","65","m","1","shape1.jpg","2","You","<none>","Miga","1","Nenu","1","1","764"
"2502","2","test","66","m","1","shape1.jpg","2","You","<none>","Miga","1","Nenu","1","1","843"
"2502","2","test","67","x","9","shape3.jpg","2","You","<none>","Miga","1","Nenu","2","0","1499"
"2502","2","test","68","m","4","shape1.jpg","2","You","<none>","Miga","1","Nenu","2","0","863"
"2502","2","test","69","m","2","shape2.jpg","2","You","<none>","Miga","1","Nenu","1","1","1007"
"2502","2","test","70","x","4","shape1.jpg","2","You","<none>","Miga","1","Nenu","2","0","1500"
"2502","2","test","71","m","6","shape3.jpg","2","You","<none>","Miga","1","Nenu","2","0","781"
"2502","2","test","72","x","7","shape1.jpg","2","You","<none>","Miga","1","Nenu","2","0","1499"
"2502","2","test","73","m","1","shape1.jpg","2","You","<none>","Miga","1","Nenu","1","1","1221"
"2502","2","test","74","m","2","shape2.jpg","2","You","<none>","Miga","1","Nenu","1","1","814"
"2502","2","test","75","m","2","shape2.jpg","2","You","<none>","Miga","1","Nenu","1","1","1001"
"2502","2","test","76","x","6","shape3.jpg","2","You","<none>","Miga","1","Nenu","2","0","1499"
"2502","2","test","77","m","9","shape3.jpg","2","You","<none>","Miga","1","Nenu","2","0","775"
"2502","2","test","78","x","9","shape3.jpg","2","You","<none>","Miga","1","Nenu","2","0","1500"
"2502","2","test","79","m","3","shape3.jpg","2","You","<none>","Miga","1","Nenu","1","1","775"
"2502","2","test","80","x","8","shape2.jpg","2","You","<none>","Miga","1","Nenu","2","0","1499"
"2502","2","test","81","x","7","shape1.jpg","2","You","<none>","Miga","1","Nenu","2","0","1499"
"2502","2","test","82","m","3","shape3.jpg","2","You","<none>","Miga","1","Nenu","1","1","699"
"2502","2","test","83","m","4","shape1.jpg","2","You","<none>","Miga","1","Nenu","2","0","1355"
"2502","2","test","84","m","2","shape2.jpg","2","You","<none>","Miga","1","Nenu","1","1","974"
"2502","2","test","85","x","8","shape2.jpg","2","You","<none>","Miga","1","Nenu","2","0","1500"
"2502","2","test","86","m","2","shape2.jpg","2","You","<none>","Miga","1","Nenu","1","1","781"
"2502","2","test","87","x","8","shape2.jpg","2","You","<none>","Miga","1","Nenu","2","0","1499"
"2502","2","test","88","x","7","shape1.jpg","2","You","<none>","Miga","1","Nenu","2","0","1499"
"2502","2","test","89","x","4","shape1.jpg","2","You","<none>","Miga","1","Nenu","2","0","1499"
"2502","2","test","90","x","5","shape2.jpg","2","You","<none>","Miga","1","Nenu","2","0","1499"
"2502","2","test","91","m","3","shape3.jpg","2","You","<none>","Miga","1","Nenu","1","1","696"
"2502","2","test","92","x","6","shape3.jpg","2","You","<none>","Miga","1","Nenu","2","0","1500"
"2502","2","test","93","x","2","shape2.jpg","2","You","<none>","Miga","1","Nenu","1","0","1499"
"2502","2","test","94","x","5","shape2.jpg","2","You","<none>","Miga","1","Nenu","2","0","1500"
"2502","2","test","95","m","6","shape3.jpg","2","You","<none>","Miga","1","Nenu","2","0","829"
"2502","2","test","96","m","2","shape2.jpg","2","You","<none>","Miga","1","Nenu","1","1","1208"
"2502","2","test","97","x","8","shape2.jpg","2","You","<none>","Miga","1","Nenu","2","0","1499"
"2502","2","test","98","m","3","shape3.jpg","2","You","<none>","Miga","1","Nenu","1","1","948"
"2502","2","test","99","m","3","shape3.jpg","2","You","<none>","Miga","1","Nenu","1","1","728"
"2502","2","test","100","m","1","shape1.jpg","2","You","<none>","Miga","1","Nenu","1","1","791"
"2502","2","test","101","x","7","shape1.jpg","2","You","<none>","Miga","1","Nenu","2","0","1499"
"2502","2","test","102","x","9","shape3.jpg","2","You","<none>","Miga","1","Nenu","2","0","1498"
"2502","2","test","103","m","2","shape2.jpg","2","You","<none>","Miga","1","Nenu","1","1","730"
"2502","2","test","104","x","8","shape2.jpg","2","You","<none>","Miga","1","Nenu","2","0","1499"
"2502","2","test","105","x","4","shape1.jpg","2","You","<none>","Miga","1","Nenu","2","0","1498"
"2502","2","test","106","x","1","shape1.jpg","2","You","<none>","Miga","1","Nenu","1","0","1498"
"2502","2","test","107","m","5","shape2.jpg","2","You","<none>","Miga","1","Nenu","2","0","596"
"2502","2","test","108","x","6","shape3.jpg","2","You","<none>","Miga","1","Nenu","2","0","1499"
"2502","2","test","109","m","3","shape3.jpg","2","You","<none>","Miga","1","Nenu","1","1","869"
"2502","2","test","110","m","3","shape3.jpg","2","You","<none>","Miga","1","Nenu","1","1","748"
"2502","2","test","111","m","7","shape1.jpg","2","You","<none>","Miga","1","Nenu","2","0","706"
"2502","2","test","112","m","3","shape3.jpg","2","You","<none>","Miga","1","Nenu","1","1","816"
"2502","2","test","113","m","5","shape2.jpg","2","You","<none>","Miga","1","Nenu","2","0","748"
"2502","2","test","114","x","8","shape2.jpg","2","You","<none>","Miga","1","Nenu","2","0","1500"
"2502","2","test","115","m","2","shape2.jpg","2","You","<none>","Miga","1","Nenu","1","1","796"
"2502","2","test","116","x","5","shape2.jpg","2","You","<none>","Miga","1","Nenu","2","0","1498"
"2502","2","test","117","m","3","shape3.jpg","2","You","<none>","Miga","1","Nenu","1","1","634"
"2502","2","test","118","x","8","shape2.jpg","2","You","<none>","Miga","1","Nenu","2","0","1499"
"2502","2","test","119","m","1","shape1.jpg","2","You","<none>","Miga","1","Nenu","1","1","561"
"2502","2","test","120","x","7","shape1.jpg","2","You","<none>","Miga","1","Nenu","2","0","1499"
"2502","2","test","121","m","5","shape2.jpg","2","You","<none>","Miga","1","Nenu","2","0","702"
"2502","2","test","122","m","2","shape2.jpg","2","You","<none>","Miga","1","Nenu","1","1","654"
"2502","2","test","123","m","2","shape2.jpg","2","You","<none>","Miga","1","Nenu","1","1","737"
"2502","2","test","124","m","2","shape2.jpg","2","You","<none>","Miga","1","Nenu","1","1","518"
"2502","2","test","125","z","9","shape3.jpg","2","You","<none>","Miga","1","Nenu","2","1","1213"
"2502","2","test","126","m","3","shape3.jpg","2","You","<none>","Miga","1","Nenu","1","1","646"
"2502","2","test","127","z","7","shape1.jpg","2","You","<none>","Miga","1","Nenu","2","1","762"
"2502","2","test","128","z","6","shape3.jpg","2","You","<none>","Miga","1","Nenu","2","1","1231"
"2502","2","test","129","z","9","shape3.jpg","2","You","<none>","Miga","1","Nenu","2","1","951"
"2502","2","test","130","z","8","shape2.jpg","2","You","<none>","Miga","1","Nenu","2","1","733"
"2502","2","test","131","m","5","shape2.jpg","2","You","<none>","Miga","1","Nenu","2","0","1097"
"2502","2","test","132","m","3","shape3.jpg","2","You","<none>","Miga","1","Nenu","1","1","777"
"2502","2","test","133","z","6","shape3.jpg","2","You","<none>","Miga","1","Nenu","2","1","821"
"2502","2","test","134","z","6","shape3.jpg","2","You","<none>","Miga","1","Nenu","2","1","776"
"2502","2","test","135","m","3","shape3.jpg","2","You","<none>","Miga","1","Nenu","1","1","739"
"2502","2","test","136","m","2","shape2.jpg","2","You","<none>","Miga","1","Nenu","1","1","689"
"2502","2","test","137","z","8","shape2.jpg","2","You","<none>","Miga","1","Nenu","2","1","777"
"2502","2","test","138","m","2","shape2.jpg","2","You","<none>","Miga","1","Nenu","1","1","798"
"2502","2","test","139","m","1","shape1.jpg","2","You","<none>","Miga","1","Nenu","1","1","826"
"2502","2","test","140","m","1","shape1.jpg","2","You","<none>","Miga","1","Nenu","1","1","603"
"2502","2","test","141","m","3","shape3.jpg","2","You","<none>","Miga","1","Nenu","1","1","687"
"2502","2","test","142","m","2","shape2.jpg","2","You","<none>","Miga","1","Nenu","1","1","831"
"2502","2","test","143","m","2","shape2.jpg","2","You","<none>","Miga","1","Nenu","1","1","625"
"2502","2","test","144","z","4","shape1.jpg","2","You","<none>","Miga","1","Nenu","2","1","923"
"2502","2","test","145","z","6","shape3.jpg","2","You","<none>","Miga","1","Nenu","2","1","897"
"2502","2","test","146","m","1","shape1.jpg","2","You","<none>","Miga","1","Nenu","1","1","936"
"2502","2","test","147","x","8","shape2.jpg","2","You","<none>","Miga","1","Nenu","2","0","1498"
"2502","2","test","148","m","2","shape2.jpg","2","You","<none>","Miga","1","Nenu","1","1","835"
"2502","2","test","149","z","9","shape3.jpg","2","You","<none>","Miga","1","Nenu","2","1","884"
"2502","2","test","150","z","7","shape1.jpg","2","You","<none>","Miga","1","Nenu","2","1","818"
"2502","2","test","151","m","5","shape2.jpg","2","You","<none>","Miga","1","Nenu","2","0","1029"
"2502","2","test","152","m","1","shape1.jpg","2","You","<none>","Miga","1","Nenu","1","1","936"
"2502","2","test","153","z","4","shape1.jpg","2","You","<none>","Miga","1","Nenu","2","1","757"
"2502","2","test","154","z","4","shape1.jpg","2","You","<none>","Miga","1","Nenu","2","1","802"
"2502","2","test","155","m","9","shape3.jpg","2","You","<none>","Miga","1","Nenu","2","0","812"
"2502","2","test","156","z","9","shape3.jpg","2","You","<none>","Miga","1","Nenu","2","1","952"
"2502","2","test","157","z","9","shape3.jpg","2","You","<none>","Miga","1","Nenu","2","1","707"
"2502","2","test","158","m","2","shape2.jpg","2","You","<none>","Miga","1","Nenu","1","1","851"
"2502","2","test","159","z","8","shape2.jpg","2","You","<none>","Miga","1","Nenu","2","1","724"
"2502","2","test","160","m","2","shape2.jpg","2","You","<none>","Miga","1","Nenu","1","1","843"
"2502","2","test","161","z","5","shape2.jpg","2","You","<none>","Miga","1","Nenu","2","1","757"
"2502","2","test","162","z","9","shape3.jpg","2","You","<none>","Miga","1","Nenu","2","1","784"
"2502","2","test","163","m","2","shape2.jpg","2","You","<none>","Miga","1","Nenu","1","1","717"
"2502","2","test","164","z","6","shape3.jpg","2","You","<none>","Miga","1","Nenu","2","1","715"
"2502","2","test","165","z","9","shape3.jpg","2","You","<none>","Miga","1","Nenu","2","1","673"
"2502","2","test","166","m","3","shape3.jpg","2","You","<none>","Miga","1","Nenu","1","1","851"
"2502","2","test","167","m","1","shape1.jpg","2","You","<none>","Miga","1","Nenu","1","1","891"
"2502","2","test","168","m","3","shape3.jpg","2","You","<none>","Miga","1","Nenu","1","1","859"
"2502","2","test","169","z","8","shape2.jpg","2","You","<none>","Miga","1","Nenu","2","1","747"
"2502","2","test","170","z","6","shape3.jpg","2","You","<none>","Miga","1","Nenu","2","1","1257"
"2502","2","test","171","m","2","shape2.jpg","2","You","<none>","Miga","1","Nenu","1","1","801"
"2502","2","test","172","z","4","shape1.jpg","2","You","<none>","Miga","1","Nenu","2","1","842"
"2502","2","test","173","z","9","shape3.jpg","2","You","<none>","Miga","1","Nenu","2","1","1221"
"2502","2","test","174","z","9","shape3.jpg","2","You","<none>","Miga","1","Nenu","2","1","1039"
"2502","2","test","175","z","6","shape3.jpg","2","You","<none>","Miga","1","Nenu","2","1","671"
"2502","2","test","176","m","3","shape3.jpg","2","You","<none>","Miga","1","Nenu","1","1","928"
"2502","2","test","177","m","1","shape1.jpg","2","You","<none>","Miga","1","Nenu","1","1","718"
"2502","2","test","178","x","5","shape2.jpg","2","You","<none>","Miga","1","Nenu","2","0","1500"
"2502","2","test","179","z","4","shape1.jpg","2","You","<none>","Miga","1","Nenu","2","1","887"
"2502","2","test","180","z","6","shape3.jpg","2","You","<none>","Miga","1","Nenu","2","1","760"
"2502","2","test","181","m","3","shape3.jpg","2","You","<none>","Miga","1","Nenu","1","1","861"
"2502","2","test","182","m","1","shape1.jpg","2","You","<none>","Miga","1","Nenu","1","1","806"
"2502","2","test","183","m","3","shape3.jpg","2","You","<none>","Miga","1","Nenu","1","1","810"
"2502","2","test","184","m","5","shape2.jpg","2","You","<none>","Miga","1","Nenu","2","0","828"
"2502","2","test","185","z","4","shape1.jpg","2","You","<none>","Miga","1","Nenu","2","1","829"
"2502","2","test","186","z","7","shape1.jpg","2","You","<none>","Miga","1","Nenu","2","1","687"
"2502","2","test","187","m","3","shape3.jpg","2","You","<none>","Miga","1","Nenu","1","1","713"
"2502","2","test","188","m","1","shape1.jpg","2","You","<none>","Miga","1","Nenu","1","1","647"
"2502","2","test","189","z","7","shape1.jpg","2","You","<none>","Miga","1","Nenu","2","1","801"
"2502","2","test","190","m","9","shape3.jpg","2","You","<none>","Miga","1","Nenu","2","0","764"
"2502","2","test","191","m","7","shape1.jpg","2","You","<none>","Miga","1","Nenu","2","0","873"
"2502","2","test","192","m","3","shape3.jpg","2","You","<none>","Miga","1","Nenu","1","1","659"
"2502","2","test","193","z","6","shape3.jpg","2","You","<none>","Miga","1","Nenu","2","1","827"
"2502","2","test","194","z","8","shape2.jpg","2","You","<none>","Miga","1","Nenu","2","1","1301"
"2502","2","test","195","m","3","shape3.jpg","2","You","<none>","Miga","1","Nenu","1","1","883"
"2502","2","test","196","z","5","shape2.jpg","2","You","<none>","Miga","1","Nenu","2","1","754"
"2502","2","test","197","m","8","shape2.jpg","2","You","<none>","Miga","1","Nenu","2","0","1039"
"2502","2","test","198","m","1","shape1.jpg","2","You","<none>","Miga","1","Nenu","1","1","1080"
"2502","2","test","199","z","4","shape1.jpg","2","You","<none>","Miga","1","Nenu","2","1","680"
"2502","2","test","200","m","3","shape3.jpg","2","You","<none>","Miga","1","Nenu","1","1","888"
"2502","2","test","201","z","2","shape2.jpg","2","You","<none>","Miga","1","Nenu","1","0","919"
"2502","2","test","202","m","1","shape1.jpg","2","You","<none>","Miga","1","Nenu","1","1","854"
"2502","2","test","203","m","2","shape2.jpg","2","You","<none>","Miga","1","Nenu","1","1","870"
"2502","2","test","204","m","2","shape2.jpg","2","You","<none>","Miga","1","Nenu","1","1","639"
"2502","2","test","205","x","9","shape3.jpg","2","You","<none>","Miga","1","Nenu","2","0","1499"
"2502","2","test","206","z","6","shape3.jpg","2","You","<none>","Miga","1","Nenu","2","1","868"
"2502","2","test","207","z","8","shape2.jpg","2","You","<none>","Miga","1","Nenu","2","1","845"
"2502","2","test","208","m","2","shape2.jpg","2","You","<none>","Miga","1","Nenu","1","1","880"
"2502","2","test","209","z","9","shape3.jpg","2","You","<none>","Miga","1","Nenu","2","1","1006"
"2502","2","test","210","z","9","shape3.jpg","2","You","<none>","Miga","1","Nenu","2","1","938"
"2502","2","test","211","m","8","shape2.jpg","2","You","<none>","Miga","1","Nenu","2","0","575"
"2502","2","test","212","m","1","shape1.jpg","2","You","<none>","Miga","1","Nenu","1","1","787"
"2502","2","test","213","m","3","shape3.jpg","2","You","<none>","Miga","1","Nenu","1","1","694"
"2502","2","test","214","m","3","shape3.jpg","2","You","<none>","Miga","1","Nenu","1","1","615"
"2502","2","test","215","z","5","shape2.jpg","2","You","<none>","Miga","1","Nenu","2","1","817"
"2502","2","test","216","z","4","shape1.jpg","2","You","<none>","Miga","1","Nenu","2","1","875"
"2502","2","test","217","z","4","shape1.jpg","2","You","<none>","Miga","1","Nenu","2","1","605"
"2502","2","test","218","z","5","shape2.jpg","2","You","<none>","Miga","1","Nenu","2","1","935"
"2502","2","test","219","m","2","shape2.jpg","2","You","<none>","Miga","1","Nenu","1","1","757"
"2502","2","test","220","z","9","shape3.jpg","2","You","<none>","Miga","1","Nenu","2","1","762"
"2502","2","test","221","m","8","shape2.jpg","2","You","<none>","Miga","1","Nenu","2","0","784"
"2502","2","test","222","m","3","shape3.jpg","2","You","<none>","Miga","1","Nenu","1","1","666"
"2502","2","test","223","m","1","shape1.jpg","2","You","<none>","Miga","1","Nenu","1","1","746"
"2502","2","test","224","z","7","shape1.jpg","2","You","<none>","Miga","1","Nenu","2","1","1074"
"2502","2","test","225","z","4","shape1.jpg","2","You","<none>","Miga","1","Nenu","2","1","937"
"2502","2","test","226","z","6","shape3.jpg","2","You","<none>","Miga","1","Nenu","2","1","742"
"2502","2","test","227","z","2","shape2.jpg","2","You","<none>","Miga","1","Nenu","1","0","732"
"2502","2","test","228","m","3","shape3.jpg","2","You","<none>","Miga","1","Nenu","1","1","1018"
"2502","2","test","229","m","1","shape1.jpg","2","You","<none>","Miga","1","Nenu","1","1","907"
"2502","2","test","230","z","6","shape3.jpg","2","You","<none>","Miga","1","Nenu","2","1","689"
"2502","2","test","231","z","6","shape3.jpg","2","You","<none>","Miga","1","Nenu","2","1","771"
"2502","2","test","232","m","3","shape3.jpg","2","You","<none>","Miga","1","Nenu","1","1","766"
"2502","2","test","233","z","4","shape1.jpg","2","You","<none>","Miga","1","Nenu","2","1","707"
"2502","2","test","234","z","6","shape3.jpg","2","You","<none>","Miga","1","Nenu","2","1","1225"
"2502","2","test","235","z","3","shape3.jpg","2","You","<none>","Miga","1","Nenu","1","0","731"
"2502","2","test","236","z","7","shape1.jpg","2","You","<none>","Miga","1","Nenu","2","1","560"
"2502","2","test","237","z","6","shape3.jpg","2","You","<none>","Miga","1","Nenu","2","1","1110"
"2502","2","test","238","z","9","shape3.jpg","2","You","<none>","Miga","1","Nenu","2","1","709"
"2502","2","test","239","m","1","shape1.jpg","2","You","<none>","Miga","1","Nenu","1","1","612"
"2502","2","test","240","m","1","shape1.jpg","2","You","<none>","Miga","1","Nenu","1","1","655"
"2502","2","test","241","x","3","shape3.jpg","2","You","<none>","Miga","1","Nenu","1","0","1500"
"2502","2","test","242","m","2","shape2.jpg","2","You","<none>","Miga","1","Nenu","1","1","1083"
"2502","2","test","243","m","2","shape2.jpg","2","You","<none>","Miga","1","Nenu","1","1","730"
"2502","2","test","244","m","4","shape1.jpg","2","You","<none>","Miga","1","Nenu","2","0","737"
"2502","2","test","245","m","1","shape1.jpg","2","You","<none>","Miga","1","Nenu","1","1","1077"
"2502","2","test","246","z","5","shape2.jpg","2","You","<none>","Miga","1","Nenu","2","1","805"
"2502","2","test","247","z","5","shape2.jpg","2","You","<none>","Miga","1","Nenu","2","1","1008"
"2502","2","test","248","m","4","shape1.jpg","2","You","<none>","Miga","1","Nenu","2","0","619"
"2502","2","test","249","m","2","shape2.jpg","2","You","<none>","Miga","1","Nenu","1","1","766"
"2502","2","test","250","z","8","shape2.jpg","2","You","<none>","Miga","1","Nenu","2","1","898"
"2502","2","test","251","m","3","shape3.jpg","2","You","<none>","Miga","1","Nenu","1","1","674"
"2502","2","test","252","z","7","shape1.jpg","2","You","<none>","Miga","1","Nenu","2","1","841"
"2502","2","test","253","m","2","shape2.jpg","2","You","<none>","Miga","1","Nenu","1","1","805"
"2502","2","test","254","m","1","shape1.jpg","2","You","<none>","Miga","1","Nenu","1","1","727"
"2502","2","test","255","m","1","shape1.jpg","2","You","<none>","Miga","1","Nenu","1","1","694"
"2502","2","test","256","m","2","shape2.jpg","2","You","<none>","Miga","1","Nenu","1","1","734"
"2502","2","test","257","m","2","shape2.jpg","2","You","<none>","Miga","1","Nenu","1","1","1011"
"2502","2","test","258","m","1","shape1.jpg","2","You","<none>","Miga","1","Nenu","1","1","646"
"2502","2","test","259","m","3","shape3.jpg","2","You","<none>","Miga","1","Nenu","1","1","824"
"2502","2","test","260","z","4","shape1.jpg","2","You","<none>","Miga","1","Nenu","2","1","746"
"2502","2","test","261","m","1","shape1.jpg","2","You","<none>","Miga","1","Nenu","1","1","784"
"2502","2","test","262","m","3","shape3.jpg","2","You","<none>","Miga","1","Nenu","1","1","707"
"2502","2","test","263","m","1","shape1.jpg","2","You","<none>","Miga","1","Nenu","1","1","674"
"2502","2","test","264","m","2","shape2.jpg","2","You","<none>","Miga","1","Nenu","1","1","659"
"2502","2","test","265","m","1","shape1.jpg","2","You","<none>","Miga","1","Nenu","1","1","606"
"2502","2","test","266","m","1","shape1.jpg","2","You","<none>","Miga","1","Nenu","1","1","585"
"2502","2","test","267","m","3","shape3.jpg","2","You","<none>","Miga","1","Nenu","1","1","454"
"2502","2","test","268","z","9","shape3.jpg","2","You","<none>","Miga","1","Nenu","2","1","1263"
"2502","2","test","269","m","1","shape1.jpg","2","You","<none>","Miga","1","Nenu","1","1","694"
"2502","2","test","270","m","6","shape3.jpg","2","You","<none>","Miga","1","Nenu","2","0","750"
"2502","2","test","271","z","9","shape3.jpg","2","You","<none>","Miga","1","Nenu","2","1","835"
"2502","2","test","272","m","1","shape1.jpg","2","You","<none>","Miga","1","Nenu","1","1","741"
"2502","2","test","273","z","6","shape3.jpg","2","You","<none>","Miga","1","Nenu","2","1","754"
"2502","2","test","274","m","2","shape2.jpg","2","You","<none>","Miga","1","Nenu","1","1","520"
"2502","2","test","275","m","8","shape2.jpg","2","You","<none>","Miga","1","Nenu","2","0","1006"
"2502","2","test","276","m","3","shape3.jpg","2","You","<none>","Miga","1","Nenu","1","1","681"
"2502","2","test","277","m","1","shape1.jpg","2","You","<none>","Miga","1","Nenu","1","1","682"
"2502","2","test","278","m","3","shape3.jpg","2","You","<none>","Miga","1","Nenu","1","1","674"
"2502","2","test","279","m","1","shape1.jpg","2","You","<none>","Miga","1","Nenu","1","1","601"
"2502","2","test","280","m","1","shape1.jpg","2","You","<none>","Miga","1","Nenu","1","1","726"
"2502","2","test","281","m","3","shape3.jpg","2","You","<none>","Miga","1","Nenu","1","1","565"
"2502","2","test","282","m","1","shape1.jpg","2","You","<none>","Miga","1","Nenu","1","1","665"
"2502","2","test","283","z","6","shape3.jpg","2","You","<none>","Miga","1","Nenu","2","1","817"
"2502","2","test","284","z","7","shape1.jpg","2","You","<none>","Miga","1","Nenu","2","1","708"
"2502","2","test","285","m","5","shape2.jpg","2","You","<none>","Miga","1","Nenu","2","0","1196"
"2502","2","test","286","z","4","shape1.jpg","2","You","<none>","Miga","1","Nenu","2","1","902"
"2502","2","test","287","m","3","shape3.jpg","2","You","<none>","Miga","1","Nenu","1","1","780"
"2502","2","test","288","x","5","shape2.jpg","2","You","<none>","Miga","1","Nenu","2","0","1499"
"2502","2","test","289","z","9","shape3.jpg","2","You","<none>","Miga","1","Nenu","2","1","901"
"2502","2","test","290","m","2","shape2.jpg","2","You","<none>","Miga","1","Nenu","1","1","667"
"2502","2","test","291","z","9","shape3.jpg","2","You","<none>","Miga","1","Nenu","2","1","669"
"2502","2","test","292","m","1","shape1.jpg","2","You","<none>","Miga","1","Nenu","1","1","780"
"2502","2","test","293","m","2","shape2.jpg","2","You","<none>","Miga","1","Nenu","1","1","689"
"2502","2","test","294","z","1","shape1.jpg","2","You","<none>","Miga","1","Nenu","1","0","777"
"2502","2","test","295","z","7","shape1.jpg","2","You","<none>","Miga","1","Nenu","2","1","750"
"2502","2","test","296","z","9","shape3.jpg","2","You","<none>","Miga","1","Nenu","2","1","905"
"2502","2","test","297","m","8","shape2.jpg","2","You","<none>","Miga","1","Nenu","2","0","755"
"2502","2","test","298","z","5","shape2.jpg","2","You","<none>","Miga","1","Nenu","2","1","854"
"2502","2","test","299","z","7","shape1.jpg","2","You","<none>","Miga","1","Nenu","2","1","680"
"2502","2","test","300","z","9","shape3.jpg","2","You","<none>","Miga","1","Nenu","2","1","736"
"2502","2","test","301","m","8","shape2.jpg","2","You","<none>","Miga","1","Nenu","2","0","661"
"2502","2","test","302","m","3","shape3.jpg","2","You","<none>","Miga","1","Nenu","1","1","1079"
"2502","2","test","303","z","8","shape2.jpg","2","You","<none>","Miga","1","Nenu","2","1","639"
"2502","2","test","304","m","1","shape1.jpg","2","You","<none>","Miga","1","Nenu","1","1","833"
"2502","2","test","305","x","4","shape1.jpg","2","You","<none>","Miga","1","Nenu","2","0","1500"
"2502","2","test","306","z","7","shape1.jpg","2","You","<none>","Miga","1","Nenu","2","1","727"
"2502","2","test","307","m","2","shape2.jpg","2","You","<none>","Miga","1","Nenu","1","1","781"
"2502","2","test","308","z","5","shape2.jpg","2","You","<none>","Miga","1","Nenu","2","1","880"
"2502","2","test","309","m","2","shape2.jpg","2","You","<none>","Miga","1","Nenu","1","1","826"
"2502","2","test","310","z","8","shape2.jpg","2","You","<none>","Miga","1","Nenu","2","1","757"
"2502","2","test","311","z","6","shape3.jpg","2","You","<none>","Miga","1","Nenu","2","1","1120"
"2502","2","test","312","m","1","shape1.jpg","2","You","<none>","Miga","1","Nenu","1","1","846"
"2502","2","test","313","m","3","shape3.jpg","2","You","<none>","Miga","1","Nenu","1","1","647"
"2502","2","test","314","m","1","shape1.jpg","2","You","<none>","Miga","1","Nenu","1","1","698"
"2502","2","test","315","m","3","shape3.jpg","2","You","<none>","Miga","1","Nenu","1","1","729"
"2502","2","test","316","m","3","shape3.jpg","2","You","<none>","Miga","1","Nenu","1","1","768"
"2502","2","test","317","m","3","shape3.jpg","2","You","<none>","Miga","1","Nenu","1","1","468"
"2502","2","test","318","m","1","shape1.jpg","2","You","<none>","Miga","1","Nenu","1","1","630"
"2502","2","test","319","z","3","shape3.jpg","2","You","<none>","Miga","1","Nenu","1","0","815"
"2502","2","test","320","z","7","shape1.jpg","2","You","<none>","Miga","1","Nenu","2","1","1058"
"2502","2","test","321","m","2","shape2.jpg","2","You","<none>","Miga","1","Nenu","1","1","729"
"2502","2","test","322","m","3","shape3.jpg","2","You","<none>","Miga","1","Nenu","1","1","674"
"2502","2","test","323","m","3","shape3.jpg","2","You","<none>","Miga","1","Nenu","1","1","722"
"2502","2","test","324","m","3","shape3.jpg","2","You","<none>","Miga","1","Nenu","1","1","649"
"2502","2","test","325","m","5","shape2.jpg","2","You","<none>","Miga","1","Nenu","2","0","969"
"2502","2","test","326","z","2","shape2.jpg","2","You","<none>","Miga","1","Nenu","1","0","1021"
"2502","2","test","327","x","5","shape2.jpg","2","You","<none>","Miga","1","Nenu","2","0","1500"
"2502","2","test","328","z","5","shape2.jpg","2","You","<none>","Miga","1","Nenu","2","1","874"
"2502","2","test","329","z","6","shape3.jpg","2","You","<none>","Miga","1","Nenu","2","1","914"
"2502","2","test","330","m","1","shape1.jpg","2","You","<none>","Miga","1","Nenu","1","1","754"
"2502","2","test","331","m","3","shape3.jpg","2","You","<none>","Miga","1","Nenu","1","1","718"
"2502","2","test","332","z","4","shape1.jpg","2","You","<none>","Miga","1","Nenu","2","1","1015"
"2502","2","test","333","m","3","shape3.jpg","2","You","<none>","Miga","1","Nenu","1","1","791"
"2502","2","test","334","m","2","shape2.jpg","2","You","<none>","Miga","1","Nenu","1","1","779"
"2502","2","test","335","z","7","shape1.jpg","2","You","<none>","Miga","1","Nenu","2","1","672"
"2502","2","test","336","m","2","shape2.jpg","2","You","<none>","Miga","1","Nenu","1","1","656"
"2502","2","test","337","z","4","shape1.jpg","2","You","<none>","Miga","1","Nenu","2","1","930"
"2502","2","test","338","m","5","shape2.jpg","2","You","<none>","Miga","1","Nenu","2","0","888"
"2502","2","test","339","m","3","shape3.jpg","2","You","<none>","Miga","1","Nenu","1","1","727"
"2502","2","test","340","z","7","shape1.jpg","2","You","<none>","Miga","1","Nenu","2","1","959"
"2502","2","test","341","m","2","shape2.jpg","2","You","<none>","Miga","1","Nenu","1","1","827"
"2502","2","test","342","m","1","shape1.jpg","2","You","<none>","Miga","1","Nenu","1","1","677"
"2502","2","test","343","m","1","shape1.jpg","2","You","<none>","Miga","1","Nenu","1","1","637"
"2502","2","test","344","z","8","shape2.jpg","2","You","<none>","Miga","1","Nenu","2","1","879"
"2502","2","test","345","m","3","shape3.jpg","2","You","<none>","Miga","1","Nenu","1","1","593"
"2502","2","test","346","m","2","shape2.jpg","2","You","<none>","Miga","1","Nenu","1","1","1084"
"2502","2","test","347","m","1","shape1.jpg","2","You","<none>","Miga","1","Nenu","1","1","588"
"2502","2","test","348","m","2","shape2.jpg","2","You","<none>","Miga","1","Nenu","1","1","807"
"2502","2","test","349","m","3","shape3.jpg","2","You","<none>","Miga","1","Nenu","1","1","634"
"2502","2","test","350","m","1","shape1.jpg","2","You","<none>","Miga","1","Nenu","1","1","653"
"2502","2","test","351","z","9","shape3.jpg","2","You","<none>","Miga","1","Nenu","2","1","789"
"2502","2","test","352","m","5","shape2.jpg","2","You","<none>","Miga","1","Nenu","2","0","978"
"2502","2","test","353","m","2","shape2.jpg","2","You","<none>","Miga","1","Nenu","1","1","774"
"2502","2","test","354","m","3","shape3.jpg","2","You","<none>","Miga","1","Nenu","1","1","593"
"2502","2","test","355","m","2","shape2.jpg","2","You","<none>","Miga","1","Nenu","1","1","765"
"2502","2","test","356","m","4","shape1.jpg","2","You","<none>","Miga","1","Nenu","2","0","555"
"2502","2","test","357","z","6","shape3.jpg","2","You","<none>","Miga","1","Nenu","2","1","928"
"2502","2","test","358","m","1","shape1.jpg","2","You","<none>","Miga","1","Nenu","1","1","725"
"2502","2","test","359","m","2","shape2.jpg","2","You","<none>","Miga","1","Nenu","1","1","684"
"2502","2","test","360","z","7","shape1.jpg","2","You","<none>","Miga","1","Nenu","2","1","732"
"2503","1","test","1","m","8","shape2.jpg","3","Pinar","You","<none>","1","Miru","2","1","1066"
"2503","1","test","2","m","6","shape3.jpg","3","Pinar","You","<none>","1","Miru","2","1","1337"
"2503","1","test","3","m","9","shape3.jpg","3","Pinar","You","<none>","1","Miru","2","1","1277"
"2503","1","test","4","z","3","shape3.jpg","3","Pinar","You","<none>","1","Miru","1","1","996"
"2503","1","test","5","x","2","shape2.jpg","3","Pinar","You","<none>","1","Miru","1","0","1499"
"2503","1","test","6","m","8","shape2.jpg","3","Pinar","You","<none>","1","Miru","2","1","985"
"2503","1","test","7","z","3","shape3.jpg","3","Pinar","You","<none>","1","Miru","1","1","1103"
"2503","1","test","8","m","6","shape3.jpg","3","Pinar","You","<none>","1","Miru","2","1","1020"
"2503","1","test","9","x","7","shape1.jpg","3","Pinar","You","<none>","1","Miru","2","0","1500"
"2503","1","test","10","m","4","shape1.jpg","3","Pinar","You","<none>","1","Miru","2","1","1160"
"2503","1","test","11","m","6","shape3.jpg","3","Pinar","You","<none>","1","Miru","2","1","957"
"2503","1","test","12","z","3","shape3.jpg","3","Pinar","You","<none>","1","Miru","1","1","1243"
"2503","1","test","13","z","5","shape2.jpg","3","Pinar","You","<none>","1","Miru","2","0","1258"
"2503","1","test","14","m","4","shape1.jpg","3","Pinar","You","<none>","1","Miru","2","1","1201"
"2503","1","test","15","z","1","shape1.jpg","3","Pinar","You","<none>","1","Miru","1","1","1276"
"2503","1","test","16","z","3","shape3.jpg","3","Pinar","You","<none>","1","Miru","1","1","1330"
"2503","1","test","17","m","7","shape1.jpg","3","Pinar","You","<none>","1","Miru","2","1","1237"
"2503","1","test","18","z","3","shape3.jpg","3","Pinar","You","<none>","1","Miru","1","1","1064"
"2503","1","test","19","z","3","shape3.jpg","3","Pinar","You","<none>","1","Miru","1","1","623"
"2503","1","test","20","m","4","shape1.jpg","3","Pinar","You","<none>","1","Miru","2","1","819"
"2503","1","test","21","z","1","shape1.jpg","3","Pinar","You","<none>","1","Miru","1","1","797"
"2503","1","test","22","z","3","shape3.jpg","3","Pinar","You","<none>","1","Miru","1","1","864"
"2503","1","test","23","m","1","shape1.jpg","3","Pinar","You","<none>","1","Miru","1","0","1129"
"2503","1","test","24","z","2","shape2.jpg","3","Pinar","You","<none>","1","Miru","1","1","863"
"2503","1","test","25","z","3","shape3.jpg","3","Pinar","You","<none>","1","Miru","1","1","1015"
"2503","1","test","26","m","5","shape2.jpg","3","Pinar","You","<none>","1","Miru","2","1","1249"
"2503","1","test","27","m","4","shape1.jpg","3","Pinar","You","<none>","1","Miru","2","1","985"
"2503","1","test","28","z","3","shape3.jpg","3","Pinar","You","<none>","1","Miru","1","1","780"
"2503","1","test","29","z","3","shape3.jpg","3","Pinar","You","<none>","1","Miru","1","1","849"
"2503","1","test","30","m","9","shape3.jpg","3","Pinar","You","<none>","1","Miru","2","1","1346"
"2503","1","test","31","m","8","shape2.jpg","3","Pinar","You","<none>","1","Miru","2","1","1030"
"2503","1","test","32","z","1","shape1.jpg","3","Pinar","You","<none>","1","Miru","1","1","1103"
"2503","1","test","33","z","1","shape1.jpg","3","Pinar","You","<none>","1","Miru","1","1","685"
"2503","1","test","34","z","3","shape3.jpg","3","Pinar","You","<none>","1","Miru","1","1","1028"
"2503","1","test","35","m","4","shape1.jpg","3","Pinar","You","<none>","1","Miru","2","1","799"
"2503","1","test","36","z","3","shape3.jpg","3","Pinar","You","<none>","1","Miru","1","1","794"
"2503","1","test","37","z","3","shape3.jpg","3","Pinar","You","<none>","1","Miru","1","1","1014"
"2503","1","test","38","z","1","shape1.jpg","3","Pinar","You","<none>","1","Miru","1","1","937"
"2503","1","test","39","m","6","shape3.jpg","3","Pinar","You","<none>","1","Miru","2","1","886"
"2503","1","test","40","z","3","shape3.jpg","3","Pinar","You","<none>","1","Miru","1","1","732"
"2503","1","test","41","z","1","shape1.jpg","3","Pinar","You","<none>","1","Miru","1","1","850"
"2503","1","test","42","m","3","shape3.jpg","3","Pinar","You","<none>","1","Miru","1","0","761"
"2503","1","test","43","z","9","shape3.jpg","3","Pinar","You","<none>","1","Miru","2","0","656"
"2503","1","test","44","m","6","shape3.jpg","3","Pinar","You","<none>","1","Miru","2","1","1081"
"2503","1","test","45","z","2","shape2.jpg","3","Pinar","You","<none>","1","Miru","1","1","809"
"2503","1","test","46","m","6","shape3.jpg","3","Pinar","You","<none>","1","Miru","2","1","827"
"2503","1","test","47","m","6","shape3.jpg","3","Pinar","You","<none>","1","Miru","2","1","902"
"2503","1","test","48","m","5","shape2.jpg","3","Pinar","You","<none>","1","Miru","2","1","1422"
"2503","1","test","49","z","2","shape2.jpg","3","Pinar","You","<none>","1","Miru","1","1","1396"
"2503","1","test","50","z","2","shape2.jpg","3","Pinar","You","<none>","1","Miru","1","1","567"
"2503","1","test","51","m","1","shape1.jpg","3","Pinar","You","<none>","1","Miru","1","0","788"
"2503","1","test","52","z","2","shape2.jpg","3","Pinar","You","<none>","1","Miru","1","1","1343"
"2503","1","test","53","z","3","shape3.jpg","3","Pinar","You","<none>","1","Miru","1","1","892"
"2503","1","test","54","z","3","shape3.jpg","3","Pinar","You","<none>","1","Miru","1","1","492"
"2503","1","test","55","z","2","shape2.jpg","3","Pinar","You","<none>","1","Miru","1","1","1028"
"2503","1","test","56","m","6","shape3.jpg","3","Pinar","You","<none>","1","Miru","2","1","925"
"2503","1","test","57","z","5","shape2.jpg","3","Pinar","You","<none>","1","Miru","2","0","1067"
"2503","1","test","58","z","2","shape2.jpg","3","Pinar","You","<none>","1","Miru","1","1","793"
"2503","1","test","59","m","4","shape1.jpg","3","Pinar","You","<none>","1","Miru","2","1","982"
"2503","1","test","60","m","9","shape3.jpg","3","Pinar","You","<none>","1","Miru","2","1","1257"
"2503","1","test","61","z","1","shape1.jpg","3","Pinar","You","<none>","1","Miru","1","1","914"
"2503","1","test","62","z","2","shape2.jpg","3","Pinar","You","<none>","1","Miru","1","1","728"
"2503","1","test","63","z","1","shape1.jpg","3","Pinar","You","<none>","1","Miru","1","1","1159"
"2503","1","test","64","m","5","shape2.jpg","3","Pinar","You","<none>","1","Miru","2","1","1306"
"2503","1","test","65","m","7","shape1.jpg","3","Pinar","You","<none>","1","Miru","2","1","1015"
"2503","1","test","66","m","4","shape1.jpg","3","Pinar","You","<none>","1","Miru","2","1","1064"
"2503","1","test","67","m","9","shape3.jpg","3","Pinar","You","<none>","1","Miru","2","1","1002"
"2503","1","test","68","z","2","shape2.jpg","3","Pinar","You","<none>","1","Miru","1","1","811"
"2503","1","test","69","z","2","shape2.jpg","3","Pinar","You","<none>","1","Miru","1","1","846"
"2503","1","test","70","z","3","shape3.jpg","3","Pinar","You","<none>","1","Miru","1","1","913"
"2503","1","test","71","z","2","shape2.jpg","3","Pinar","You","<none>","1","Miru","1","1","822"
"2503","1","test","72","m","4","shape1.jpg","3","Pinar","You","<none>","1","Miru","2","1","842"
"2503","1","test","73","z","1","shape1.jpg","3","Pinar","You","<none>","1","Miru","1","1","1194"
"2503","1","test","74","z","2","shape2.jpg","3","Pinar","You","<none>","1","Miru","1","1","749"
"2503","1","test","75","m","6","shape3.jpg","3","Pinar","You","<none>","1","Miru","2","1","834"
"2503","1","test","76","z","1","shape1.jpg","3","Pinar","You","<none>","1","Miru","1","1","780"
"2503","1","test","77","m","8","shape2.jpg","3","Pinar","You","<none>","1","Miru","2","1","953"
"2503","1","test","78","z","5","shape2.jpg","3","Pinar","You","<none>","1","Miru","2","0","700"
"2503","1","test","79","m","6","shape3.jpg","3","Pinar","You","<none>","1","Miru","2","1","1004"
"2503","1","test","80","z","3","shape3.jpg","3","Pinar","You","<none>","1","Miru","1","1","654"
"2503","1","test","81","z","5","shape2.jpg","3","Pinar","You","<none>","1","Miru","2","0","663"
"2503","1","test","82","z","2","shape2.jpg","3","Pinar","You","<none>","1","Miru","1","1","609"
"2503","1","test","83","z","3","shape3.jpg","3","Pinar","You","<none>","1","Miru","1","1","677"
"2503","1","test","84","m","7","shape1.jpg","3","Pinar","You","<none>","1","Miru","2","1","1053"
"2503","1","test","85","z","3","shape3.jpg","3","Pinar","You","<none>","1","Miru","1","1","845"
"2503","1","test","86","m","4","shape1.jpg","3","Pinar","You","<none>","1","Miru","2","1","911"
"2503","1","test","87","z","1","shape1.jpg","3","Pinar","You","<none>","1","Miru","1","1","869"
"2503","1","test","88","z","3","shape3.jpg","3","Pinar","You","<none>","1","Miru","1","1","646"
"2503","1","test","89","m","5","shape2.jpg","3","Pinar","You","<none>","1","Miru","2","1","1103"
"2503","1","test","90","z","2","shape2.jpg","3","Pinar","You","<none>","1","Miru","1","1","718"
"2503","1","test","91","m","4","shape1.jpg","3","Pinar","You","<none>","1","Miru","2","1","860"
"2503","1","test","92","m","8","shape2.jpg","3","Pinar","You","<none>","1","Miru","2","1","1046"
"2503","1","test","93","z","1","shape1.jpg","3","Pinar","You","<none>","1","Miru","1","1","990"
"2503","1","test","94","z","5","shape2.jpg","3","Pinar","You","<none>","1","Miru","2","0","617"
"2503","1","test","95","z","7","shape1.jpg","3","Pinar","You","<none>","1","Miru","2","0","1011"
"2503","1","test","96","m","6","shape3.jpg","3","Pinar","You","<none>","1","Miru","2","1","927"
"2503","1","test","97","z","1","shape1.jpg","3","Pinar","You","<none>","1","Miru","1","1","908"
"2503","1","test","98","z","1","shape1.jpg","3","Pinar","You","<none>","1","Miru","1","1","796"
"2503","1","test","99","z","1","shape1.jpg","3","Pinar","You","<none>","1","Miru","1","1","623"
"2503","1","test","100","z","2","shape2.jpg","3","Pinar","You","<none>","1","Miru","1","1","1097"
"2503","1","test","101","z","2","shape2.jpg","3","Pinar","You","<none>","1","Miru","1","1","664"
"2503","1","test","102","z","5","shape2.jpg","3","Pinar","You","<none>","1","Miru","2","0","720"
"2503","1","test","103","m","3","shape3.jpg","3","Pinar","You","<none>","1","Miru","1","0","1247"
"2503","1","test","104","z","3","shape3.jpg","3","Pinar","You","<none>","1","Miru","1","1","711"
"2503","1","test","105","m","7","shape1.jpg","3","Pinar","You","<none>","1","Miru","2","1","1280"
"2503","1","test","106","z","3","shape3.jpg","3","Pinar","You","<none>","1","Miru","1","1","791"
"2503","1","test","107","z","2","shape2.jpg","3","Pinar","You","<none>","1","Miru","1","1","1273"
"2503","1","test","108","m","4","shape1.jpg","3","Pinar","You","<none>","1","Miru","2","1","832"
"2503","1","test","109","z","9","shape3.jpg","3","Pinar","You","<none>","1","Miru","2","0","1002"
"2503","1","test","110","m","8","shape2.jpg","3","Pinar","You","<none>","1","Miru","2","1","964"
"2503","1","test","111","z","6","shape3.jpg","3","Pinar","You","<none>","1","Miru","2","0","704"
"2503","1","test","112","z","2","shape2.jpg","3","Pinar","You","<none>","1","Miru","1","1","720"
"2503","1","test","113","m","5","shape2.jpg","3","Pinar","You","<none>","1","Miru","2","1","1000"
"2503","1","test","114","z","1","shape1.jpg","3","Pinar","You","<none>","1","Miru","1","1","992"
"2503","1","test","115","z","1","shape1.jpg","3","Pinar","You","<none>","1","Miru","1","1","773"
"2503","1","test","116","z","3","shape3.jpg","3","Pinar","You","<none>","1","Miru","1","1","784"
"2503","1","test","117","m","4","shape1.jpg","3","Pinar","You","<none>","1","Miru","2","1","748"
"2503","1","test","118","z","1","shape1.jpg","3","Pinar","You","<none>","1","Miru","1","1","770"
"2503","1","test","119","m","4","shape1.jpg","3","Pinar","You","<none>","1","Miru","2","1","734"
"2503","1","test","120","z","2","shape2.jpg","3","Pinar","You","<none>","1","Miru","1","1","676"
"2503","1","test","121","z","1","shape1.jpg","3","Pinar","You","<none>","1","Miru","1","1","952"
"2503","1","test","122","m","5","shape2.jpg","3","Pinar","You","<none>","1","Miru","2","1","836"
"2503","1","test","123","m","4","shape1.jpg","3","Pinar","You","<none>","1","Miru","2","1","966"
"2503","1","test","124","m","4","shape1.jpg","3","Pinar","You","<none>","1","Miru","2","1","754"
"2503","1","test","125","z","2","shape2.jpg","3","Pinar","You","<none>","1","Miru","1","1","768"
"2503","1","test","126","m","8","shape2.jpg","3","Pinar","You","<none>","1","Miru","2","1","772"
"2503","1","test","127","m","4","shape1.jpg","3","Pinar","You","<none>","1","Miru","2","1","689"
"2503","1","test","128","z","2","shape2.jpg","3","Pinar","You","<none>","1","Miru","1","1","705"
"2503","1","test","129","m","6","shape3.jpg","3","Pinar","You","<none>","1","Miru","2","1","864"
"2503","1","test","130","m","8","shape2.jpg","3","Pinar","You","<none>","1","Miru","2","1","945"
"2503","1","test","131","m","4","shape1.jpg","3","Pinar","You","<none>","1","Miru","2","1","606"
"2503","1","test","132","z","3","shape3.jpg","3","Pinar","You","<none>","1","Miru","1","1","666"
"2503","1","test","133","z","2","shape2.jpg","3","Pinar","You","<none>","1","Miru","1","1","883"
"2503","1","test","134","m","7","shape1.jpg","3","Pinar","You","<none>","1","Miru","2","1","898"
"2503","1","test","135","z","5","shape2.jpg","3","Pinar","You","<none>","1","Miru","2","0","890"
"2503","1","test","136","m","6","shape3.jpg","3","Pinar","You","<none>","1","Miru","2","1","1223"
"2503","1","test","137","z","1","shape1.jpg","3","Pinar","You","<none>","1","Miru","1","1","920"
"2503","1","test","138","z","2","shape2.jpg","3","Pinar","You","<none>","1","Miru","1","1","935"
"2503","1","test","139","m","9","shape3.jpg","3","Pinar","You","<none>","1","Miru","2","1","916"
"2503","1","test","140","z","1","shape1.jpg","3","Pinar","You","<none>","1","Miru","1","1","1075"
"2503","1","test","141","z","1","shape1.jpg","3","Pinar","You","<none>","1","Miru","1","1","905"
"2503","1","test","142","z","3","shape3.jpg","3","Pinar","You","<none>","1","Miru","1","1","952"
"2503","1","test","143","m","8","shape2.jpg","3","Pinar","You","<none>","1","Miru","2","1","741"
"2503","1","test","144","m","4","shape1.jpg","3","Pinar","You","<none>","1","Miru","2","1","947"
"2503","1","test","145","z","2","shape2.jpg","3","Pinar","You","<none>","1","Miru","1","1","767"
"2503","1","test","146","z","2","shape2.jpg","3","Pinar","You","<none>","1","Miru","1","1","981"
"2503","1","test","147","z","1","shape1.jpg","3","Pinar","You","<none>","1","Miru","1","1","728"
"2503","1","test","148","z","1","shape1.jpg","3","Pinar","You","<none>","1","Miru","1","1","631"
"2503","1","test","149","m","8","shape2.jpg","3","Pinar","You","<none>","1","Miru","2","1","810"
"2503","1","test","150","m","6","shape3.jpg","3","Pinar","You","<none>","1","Miru","2","1","996"
"2503","1","test","151","m","9","shape3.jpg","3","Pinar","You","<none>","1","Miru","2","1","1040"
"2503","1","test","152","m","7","shape1.jpg","3","Pinar","You","<none>","1","Miru","2","1","864"
"2503","1","test","153","m","8","shape2.jpg","3","Pinar","You","<none>","1","Miru","2","1","890"
"2503","1","test","154","z","2","shape2.jpg","3","Pinar","You","<none>","1","Miru","1","1","816"
"2503","1","test","155","z","3","shape3.jpg","3","Pinar","You","<none>","1","Miru","1","1","852"
"2503","1","test","156","z","2","shape2.jpg","3","Pinar","You","<none>","1","Miru","1","1","1115"
"2503","1","test","157","m","8","shape2.jpg","3","Pinar","You","<none>","1","Miru","2","1","778"
"2503","1","test","158","z","2","shape2.jpg","3","Pinar","You","<none>","1","Miru","1","1","845"
"2503","1","test","159","m","5","shape2.jpg","3","Pinar","You","<none>","1","Miru","2","1","936"
"2503","1","test","160","z","1","shape1.jpg","3","Pinar","You","<none>","1","Miru","1","1","804"
"2503","1","test","161","z","2","shape2.jpg","3","Pinar","You","<none>","1","Miru","1","1","726"
"2503","1","test","162","m","9","shape3.jpg","3","Pinar","You","<none>","1","Miru","2","1","828"
"2503","1","test","163","m","6","shape3.jpg","3","Pinar","You","<none>","1","Miru","2","1","842"
"2503","1","test","164","z","1","shape1.jpg","3","Pinar","You","<none>","1","Miru","1","1","746"
"2503","1","test","165","z","1","shape1.jpg","3","Pinar","You","<none>","1","Miru","1","1","728"
"2503","1","test","166","m","6","shape3.jpg","3","Pinar","You","<none>","1","Miru","2","1","806"
"2503","1","test","167","z","1","shape1.jpg","3","Pinar","You","<none>","1","Miru","1","1","784"
"2503","1","test","168","m","5","shape2.jpg","3","Pinar","You","<none>","1","Miru","2","1","829"
"2503","1","test","169","m","4","shape1.jpg","3","Pinar","You","<none>","1","Miru","2","1","1055"
"2503","1","test","170","z","2","shape2.jpg","3","Pinar","You","<none>","1","Miru","1","1","743"
"2503","1","test","171","m","8","shape2.jpg","3","Pinar","You","<none>","1","Miru","2","1","902"
"2503","1","test","172","m","9","shape3.jpg","3","Pinar","You","<none>","1","Miru","2","1","1068"
"2503","1","test","173","m","9","shape3.jpg","3","Pinar","You","<none>","1","Miru","2","1","691"
"2503","1","test","174","m","7","shape1.jpg","3","Pinar","You","<none>","1","Miru","2","1","1283"
"2503","1","test","175","m","7","shape1.jpg","3","Pinar","You","<none>","1","Miru","2","1","946"
"2503","1","test","176","m","9","shape3.jpg","3","Pinar","You","<none>","1","Miru","2","1","1015"
"2503","1","test","177","z","2","shape2.jpg","3","Pinar","You","<none>","1","Miru","1","1","848"
"2503","1","test","178","m","7","shape1.jpg","3","Pinar","You","<none>","1","Miru","2","1","938"
"2503","1","test","179","m","5","shape2.jpg","3","Pinar","You","<none>","1","Miru","2","1","1231"
"2503","1","test","180","m","5","shape2.jpg","3","Pinar","You","<none>","1","Miru","2","1","792"
"2503","1","test","181","z","3","shape3.jpg","3","Pinar","You","<none>","1","Miru","1","1","723"
"2503","1","test","182","z","3","shape3.jpg","3","Pinar","You","<none>","1","Miru","1","1","787"
"2503","1","test","183","z","1","shape1.jpg","3","Pinar","You","<none>","1","Miru","1","1","1006"
"2503","1","test","184","z","1","shape1.jpg","3","Pinar","You","<none>","1","Miru","1","1","896"
"2503","1","test","185","z","3","shape3.jpg","3","Pinar","You","<none>","1","Miru","1","1","783"
"2503","1","test","186","z","2","shape2.jpg","3","Pinar","You","<none>","1","Miru","1","1","763"
"2503","1","test","187","m","6","shape3.jpg","3","Pinar","You","<none>","1","Miru","2","1","753"
"2503","1","test","188","z","3","shape3.jpg","3","Pinar","You","<none>","1","Miru","1","1","686"
"2503","1","test","189","m","9","shape3.jpg","3","Pinar","You","<none>","1","Miru","2","1","878"
"2503","1","test","190","z","2","shape2.jpg","3","Pinar","You","<none>","1","Miru","1","1","725"
"2503","1","test","191","z","3","shape3.jpg","3","Pinar","You","<none>","1","Miru","1","1","836"
"2503","1","test","192","m","8","shape2.jpg","3","Pinar","You","<none>","1","Miru","2","1","1101"
"2503","1","test","193","z","2","shape2.jpg","3","Pinar","You","<none>","1","Miru","1","1","732"
"2503","1","test","194","z","5","shape2.jpg","3","Pinar","You","<none>","1","Miru","2","0","922"
"2503","1","test","195","m","9","shape3.jpg","3","Pinar","You","<none>","1","Miru","2","1","1024"
"2503","1","test","196","z","3","shape3.jpg","3","Pinar","You","<none>","1","Miru","1","1","1034"
"2503","1","test","197","m","9","shape3.jpg","3","Pinar","You","<none>","1","Miru","2","1","865"
"2503","1","test","198","m","8","shape2.jpg","3","Pinar","You","<none>","1","Miru","2","1","1034"
"2503","1","test","199","z","2","shape2.jpg","3","Pinar","You","<none>","1","Miru","1","1","858"
"2503","1","test","200","z","2","shape2.jpg","3","Pinar","You","<none>","1","Miru","1","1","1325"
"2503","1","test","201","z","2","shape2.jpg","3","Pinar","You","<none>","1","Miru","1","1","849"
"2503","1","test","202","m","5","shape2.jpg","3","Pinar","You","<none>","1","Miru","2","1","928"
"2503","1","test","203","m","4","shape1.jpg","3","Pinar","You","<none>","1","Miru","2","1","904"
"2503","1","test","204","m","4","shape1.jpg","3","Pinar","You","<none>","1","Miru","2","1","767"
"2503","1","test","205","m","5","shape2.jpg","3","Pinar","You","<none>","1","Miru","2","1","1107"
"2503","1","test","206","z","1","shape1.jpg","3","Pinar","You","<none>","1","Miru","1","1","776"
"2503","1","test","207","m","6","shape3.jpg","3","Pinar","You","<none>","1","Miru","2","1","1060"
"2503","1","test","208","m","5","shape2.jpg","3","Pinar","You","<none>","1","Miru","2","1","925"
"2503","1","test","209","z","1","shape1.jpg","3","Pinar","You","<none>","1","Miru","1","1","1026"
"2503","1","test","210","z","1","shape1.jpg","3","Pinar","You","<none>","1","Miru","1","1","747"
"2503","1","test","211","m","7","shape1.jpg","3","Pinar","You","<none>","1","Miru","2","1","802"
"2503","1","test","212","z","7","shape1.jpg","3","Pinar","You","<none>","1","Miru","2","0","1220"
"2503","1","test","213","m","5","shape2.jpg","3","Pinar","You","<none>","1","Miru","2","1","1358"
"2503","1","test","214","m","8","shape2.jpg","3","Pinar","You","<none>","1","Miru","2","1","865"
"2503","1","test","215","z","1","shape1.jpg","3","Pinar","You","<none>","1","Miru","1","1","1250"
"2503","1","test","216","m","7","shape1.jpg","3","Pinar","You","<none>","1","Miru","2","1","712"
"2503","1","test","217","z","2","shape2.jpg","3","Pinar","You","<none>","1","Miru","1","1","848"
"2503","1","test","218","z","1","shape1.jpg","3","Pinar","You","<none>","1","Miru","1","1","1186"
"2503","1","test","219","z","1","shape1.jpg","3","Pinar","You","<none>","1","Miru","1","1","764"
"2503","1","test","220","z","3","shape3.jpg","3","Pinar","You","<none>","1","Miru","1","1","809"
"2503","1","test","221","z","1","shape1.jpg","3","Pinar","You","<none>","1","Miru","1","1","692"
"2503","1","test","222","m","9","shape3.jpg","3","Pinar","You","<none>","1","Miru","2","1","988"
"2503","1","test","223","m","7","shape1.jpg","3","Pinar","You","<none>","1","Miru","2","1","1103"
"2503","1","test","224","z","2","shape2.jpg","3","Pinar","You","<none>","1","Miru","1","1","677"
"2503","1","test","225","m","6","shape3.jpg","3","Pinar","You","<none>","1","Miru","2","1","903"
"2503","1","test","226","z","1","shape1.jpg","3","Pinar","You","<none>","1","Miru","1","1","949"
"2503","1","test","227","m","8","shape2.jpg","3","Pinar","You","<none>","1","Miru","2","1","953"
"2503","1","test","228","m","8","shape2.jpg","3","Pinar","You","<none>","1","Miru","2","1","1014"
"2503","1","test","229","z","3","shape3.jpg","3","Pinar","You","<none>","1","Miru","1","1","865"
"2503","1","test","230","z","1","shape1.jpg","3","Pinar","You","<none>","1","Miru","1","1","1049"
"2503","1","test","231","z","1","shape1.jpg","3","Pinar","You","<none>","1","Miru","1","1","841"
"2503","1","test","232","z","2","shape2.jpg","3","Pinar","You","<none>","1","Miru","1","1","810"
"2503","1","test","233","z","3","shape3.jpg","3","Pinar","You","<none>","1","Miru","1","1","726"
"2503","1","test","234","z","3","shape3.jpg","3","Pinar","You","<none>","1","Miru","1","1","589"
"2503","1","test","235","m","7","shape1.jpg","3","Pinar","You","<none>","1","Miru","2","1","889"
"2503","1","test","236","m","9","shape3.jpg","3","Pinar","You","<none>","1","Miru","2","1","951"
"2503","1","test","237","m","4","shape1.jpg","3","Pinar","You","<none>","1","Miru","2","1","972"
"2503","1","test","238","z","1","shape1.jpg","3","Pinar","You","<none>","1","Miru","1","1","1225"
"2503","1","test","239","m","9","shape3.jpg","3","Pinar","You","<none>","1","Miru","2","1","865"
"2503","1","test","240","m","7","shape1.jpg","3","Pinar","You","<none>","1","Miru","2","1","930"
"2503","1","test","241","z","3","shape3.jpg","3","Pinar","You","<none>","1","Miru","1","1","964"
"2503","1","test","242","z","1","shape1.jpg","3","Pinar","You","<none>","1","Miru","1","1","914"
"2503","1","test","243","z","1","shape1.jpg","3","Pinar","You","<none>","1","Miru","1","1","631"
"2503","1","test","244","x","8","shape2.jpg","3","Pinar","You","<none>","1","Miru","2","0","1498"
"2503","1","test","245","z","1","shape1.jpg","3","Pinar","You","<none>","1","Miru","1","1","1343"
"2503","1","test","246","m","8","shape2.jpg","3","Pinar","You","<none>","1","Miru","2","1","1106"
"2503","1","test","247","z","5","shape2.jpg","3","Pinar","You","<none>","1","Miru","2","0","888"
"2503","1","test","248","x","1","shape1.jpg","3","Pinar","You","<none>","1","Miru","1","0","1499"
"2503","1","test","249","z","1","shape1.jpg","3","Pinar","You","<none>","1","Miru","1","1","714"
"2503","1","test","250","z","2","shape2.jpg","3","Pinar","You","<none>","1","Miru","1","1","811"
"2503","1","test","251","z","1","shape1.jpg","3","Pinar","You","<none>","1","Miru","1","1","676"
"2503","1","test","252","z","7","shape1.jpg","3","Pinar","You","<none>","1","Miru","2","0","701"
"2503","1","test","253","z","9","shape3.jpg","3","Pinar","You","<none>","1","Miru","2","0","917"
"2503","1","test","254","z","3","shape3.jpg","3","Pinar","You","<none>","1","Miru","1","1","811"
"2503","1","test","255","z","2","shape2.jpg","3","Pinar","You","<none>","1","Miru","1","1","710"
"2503","1","test","256","m","7","shape1.jpg","3","Pinar","You","<none>","1","Miru","2","1","909"
"2503","1","test","257","m","6","shape3.jpg","3","Pinar","You","<none>","1","Miru","2","1","787"
"2503","1","test","258","m","1","shape1.jpg","3","Pinar","You","<none>","1","Miru","1","0","880"
"2503","1","test","259","z","2","shape2.jpg","3","Pinar","You","<none>","1","Miru","1","1","1224"
"2503","1","test","260","z","2","shape2.jpg","3","Pinar","You","<none>","1","Miru","1","1","865"
"2503","1","test","261","m","6","shape3.jpg","3","Pinar","You","<none>","1","Miru","2","1","785"
"2503","1","test","262","z","3","shape3.jpg","3","Pinar","You","<none>","1","Miru","1","1","837"
"2503","1","test","263","z","3","shape3.jpg","3","Pinar","You","<none>","1","Miru","1","1","1046"
"2503","1","test","264","z","1","shape1.jpg","3","Pinar","You","<none>","1","Miru","1","1","792"
"2503","1","test","265","z","3","shape3.jpg","3","Pinar","You","<none>","1","Miru","1","1","1075"
"2503","1","test","266","m","5","shape2.jpg","3","Pinar","You","<none>","1","Miru","2","1","956"
"2503","1","test","267","m","8","shape2.jpg","3","Pinar","You","<none>","1","Miru","2","1","943"
"2503","1","test","268","z","3","shape3.jpg","3","Pinar","You","<none>","1","Miru","1","1","757"
"2503","1","test","269","z","2","shape2.jpg","3","Pinar","You","<none>","1","Miru","1","1","825"
"2503","1","test","270","m","7","shape1.jpg","3","Pinar","You","<none>","1","Miru","2","1","883"
"2503","1","test","271","m","8","shape2.jpg","3","Pinar","You","<none>","1","Miru","2","1","811"
"2503","1","test","272","m","8","shape2.jpg","3","Pinar","You","<none>","1","Miru","2","1","1046"
"2503","1","test","273","m","9","shape3.jpg","3","Pinar","You","<none>","1","Miru","2","1","935"
"2503","1","test","274","z","3","shape3.jpg","3","Pinar","You","<none>","1","Miru","1","1","837"
"2503","1","test","275","z","2","shape2.jpg","3","Pinar","You","<none>","1","Miru","1","1","1045"
"2503","1","test","276","z","3","shape3.jpg","3","Pinar","You","<none>","1","Miru","1","1","694"
"2503","1","test","277","z","2","shape2.jpg","3","Pinar","You","<none>","1","Miru","1","1","653"
"2503","1","test","278","z","2","shape2.jpg","3","Pinar","You","<none>","1","Miru","1","1","743"
"2503","1","test","279","m","5","shape2.jpg","3","Pinar","You","<none>","1","Miru","2","1","1221"
"2503","1","test","280","z","3","shape3.jpg","3","Pinar","You","<none>","1","Miru","1","1","743"
"2503","1","test","281","m","5","shape2.jpg","3","Pinar","You","<none>","1","Miru","2","1","1117"
"2503","1","test","282","z","2","shape2.jpg","3","Pinar","You","<none>","1","Miru","1","1","938"
"2503","1","test","283","m","5","shape2.jpg","3","Pinar","You","<none>","1","Miru","2","1","886"
"2503","1","test","284","m","6","shape3.jpg","3","Pinar","You","<none>","1","Miru","2","1","886"
"2503","1","test","285","z","1","shape1.jpg","3","Pinar","You","<none>","1","Miru","1","1","893"
"2503","1","test","286","z","3","shape3.jpg","3","Pinar","You","<none>","1","Miru","1","1","716"
"2503","1","test","287","z","3","shape3.jpg","3","Pinar","You","<none>","1","Miru","1","1","1187"
"2503","1","test","288","z","2","shape2.jpg","3","Pinar","You","<none>","1","Miru","1","1","878"
"2503","1","test","289","z","3","shape3.jpg","3","Pinar","You","<none>","1","Miru","1","1","775"
"2503","1","test","290","z","3","shape3.jpg","3","Pinar","You","<none>","1","Miru","1","1","611"
"2503","1","test","291","m","9","shape3.jpg","3","Pinar","You","<none>","1","Miru","2","1","693"
"2503","1","test","292","z","2","shape2.jpg","3","Pinar","You","<none>","1","Miru","1","1","670"
"2503","1","test","293","m","6","shape3.jpg","3","Pinar","You","<none>","1","Miru","2","1","822"
"2503","1","test","294","z","2","shape2.jpg","3","Pinar","You","<none>","1","Miru","1","1","746"
"2503","1","test","295","m","9","shape3.jpg","3","Pinar","You","<none>","1","Miru","2","1","1134"
"2503","1","test","296","m","4","shape1.jpg","3","Pinar","You","<none>","1","Miru","2","1","948"
"2503","1","test","297","m","4","shape1.jpg","3","Pinar","You","<none>","1","Miru","2","1","599"
"2503","1","test","298","z","1","shape1.jpg","3","Pinar","You","<none>","1","Miru","1","1","827"
"2503","1","test","299","z","3","shape3.jpg","3","Pinar","You","<none>","1","Miru","1","1","726"
"2503","1","test","300","z","3","shape3.jpg","3","Pinar","You","<none>","1","Miru","1","1","691"
"2503","1","test","301","m","2","shape2.jpg","3","Pinar","You","<none>","1","Miru","1","0","677"
"2503","1","test","302","m","4","shape1.jpg","3","Pinar","You","<none>","1","Miru","2","1","868"
"2503","1","test","303","z","5","shape2.jpg","3","Pinar","You","<none>","1","Miru","2","0","757"
"2503","1","test","304","z","1","shape1.jpg","3","Pinar","You","<none>","1","Miru","1","1","850"
"2503","1","test","305","z","2","shape2.jpg","3","Pinar","You","<none>","1","Miru","1","1","1156"
"2503","1","test","306","z","3","shape3.jpg","3","Pinar","You","<none>","1","Miru","1","1","719"
"2503","1","test","307","m","6","shape3.jpg","3","Pinar","You","<none>","1","Miru","2","1","813"
"2503","1","test","308","z","3","shape3.jpg","3","Pinar","You","<none>","1","Miru","1","1","825"
"2503","1","test","309","m","9","shape3.jpg","3","Pinar","You","<none>","1","Miru","2","1","730"
"2503","1","test","310","z","9","shape3.jpg","3","Pinar","You","<none>","1","Miru","2","0","1001"
"2503","1","test","311","z","2","shape2.jpg","3","Pinar","You","<none>","1","Miru","1","1","747"
"2503","1","test","312","m","7","shape1.jpg","3","Pinar","You","<none>","1","Miru","2","1","1017"
"2503","1","test","313","m","7","shape1.jpg","3","Pinar","You","<none>","1","Miru","2","1","859"
"2503","1","test","314","z","7","shape1.jpg","3","Pinar","You","<none>","1","Miru","2","0","860"
"2503","1","test","315","x","8","shape2.jpg","3","Pinar","You","<none>","1","Miru","2","0","1499"
"2503","1","test","316","m","4","shape1.jpg","3","Pinar","You","<none>","1","Miru","2","1","872"
"2503","1","test","317","m","4","shape1.jpg","3","Pinar","You","<none>","1","Miru","2","1","609"
"2503","1","test","318","m","9","shape3.jpg","3","Pinar","You","<none>","1","Miru","2","1","900"
"2503","1","test","319","m","9","shape3.jpg","3","Pinar","You","<none>","1","Miru","2","1","603"
"2503","1","test","320","m","7","shape1.jpg","3","Pinar","You","<none>","1","Miru","2","1","941"
"2503","1","test","321","m","4","shape1.jpg","3","Pinar","You","<none>","1","Miru","2","1","739"
"2503","1","test","322","m","6","shape3.jpg","3","Pinar","You","<none>","1","Miru","2","1","753"
"2503","1","test","323","m","8","shape2.jpg","3","Pinar","You","<none>","1","Miru","2","1","949"
"2503","1","test","324","m","8","shape2.jpg","3","Pinar","You","<none>","1","Miru","2","1","523"
"2503","1","test","325","z","1","shape1.jpg","3","Pinar","You","<none>","1","Miru","1","1","936"
"2503","1","test","326","m","7","shape1.jpg","3","Pinar","You","<none>","1","Miru","2","1","847"
"2503","1","test","327","m","5","shape2.jpg","3","Pinar","You","<none>","1","Miru","2","1","1050"
"2503","1","test","328","m","8","shape2.jpg","3","Pinar","You","<none>","1","Miru","2","1","834"
"2503","1","test","329","z","1","shape1.jpg","3","Pinar","You","<none>","1","Miru","1","1","858"
"2503","1","test","330","z","2","shape2.jpg","3","Pinar","You","<none>","1","Miru","1","1","722"
"2503","1","test","331","z","1","shape1.jpg","3","Pinar","You","<none>","1","Miru","1","1","722"
"2503","1","test","332","z","3","shape3.jpg","3","Pinar","You","<none>","1","Miru","1","1","688"
"2503","1","test","333","m","8","shape2.jpg","3","Pinar","You","<none>","1","Miru","2","1","776"
"2503","1","test","334","m","7","shape1.jpg","3","Pinar","You","<none>","1","Miru","2","1","899"
"2503","1","test","335","z","1","shape1.jpg","3","Pinar","You","<none>","1","Miru","1","1","794"
"2503","1","test","336","m","6","shape3.jpg","3","Pinar","You","<none>","1","Miru","2","1","752"
"2503","1","test","337","m","6","shape3.jpg","3","Pinar","You","<none>","1","Miru","2","1","947"
"2503","1","test","338","m","9","shape3.jpg","3","Pinar","You","<none>","1","Miru","2","1","1055"
"2503","1","test","339","z","2","shape2.jpg","3","Pinar","You","<none>","1","Miru","1","1","770"
"2503","1","test","340","z","7","shape1.jpg","3","Pinar","You","<none>","1","Miru","2","0","783"
"2503","1","test","341","m","6","shape3.jpg","3","Pinar","You","<none>","1","Miru","2","1","929"
"2503","1","test","342","m","8","shape2.jpg","3","Pinar","You","<none>","1","Miru","2","1","1399"
"2503","1","test","343","m","5","shape2.jpg","3","Pinar","You","<none>","1","Miru","2","1","1137"
"2503","1","test","344","m","2","shape2.jpg","3","Pinar","You","<none>","1","Miru","1","0","726"
"2503","1","test","345","m","7","shape1.jpg","3","Pinar","You","<none>","1","Miru","2","1","1156"
"2503","1","test","346","m","6","shape3.jpg","3","Pinar","You","<none>","1","Miru","2","1","776"
"2503","1","test","347","m","2","shape2.jpg","3","Pinar","You","<none>","1","Miru","1","0","596"
"2503","1","test","348","z","1","shape1.jpg","3","Pinar","You","<none>","1","Miru","1","1","585"
"2503","1","test","349","m","8","shape2.jpg","3","Pinar","You","<none>","1","Miru","2","1","806"
"2503","1","test","350","m","9","shape3.jpg","3","Pinar","You","<none>","1","Miru","2","1","1119"
"2503","1","test","351","z","3","shape3.jpg","3","Pinar","You","<none>","1","Miru","1","1","677"
"2503","1","test","352","m","4","shape1.jpg","3","Pinar","You","<none>","1","Miru","2","1","735"
"2503","1","test","353","m","7","shape1.jpg","3","Pinar","You","<none>","1","Miru","2","1","868"
"2503","1","test","354","m","4","shape1.jpg","3","Pinar","You","<none>","1","Miru","2","1","739"
"2503","1","test","355","m","9","shape3.jpg","3","Pinar","You","<none>","1","Miru","2","1","1025"
"2503","1","test","356","z","1","shape1.jpg","3","Pinar","You","<none>","1","Miru","1","1","923"
"2503","1","test","357","m","9","shape3.jpg","3","Pinar","You","<none>","1","Miru","2","1","809"
"2503","1","test","358","m","7","shape1.jpg","3","Pinar","You","<none>","1","Miru","2","1","829"
"2503","1","test","359","z","3","shape3.jpg","3","Pinar","You","<none>","1","Miru","1","1","894"
"2503","1","test","360","z","3","shape3.jpg","3","Pinar","You","<none>","1","Miru","1","1","597"
"2504","2","test","1","m","2","shape2.jpg","4","Gyuri","<none>","You","1","Waru","1","1","1074"
"2504","2","test","2","z","9","shape3.jpg","4","Gyuri","<none>","You","1","Waru","2","1","1362"
"2504","2","test","3","x","6","shape3.jpg","4","Gyuri","<none>","You","1","Waru","2","0","1499"
"2504","2","test","4","m","4","shape1.jpg","4","Gyuri","<none>","You","1","Waru","2","0","618"
"2504","2","test","5","m","7","shape1.jpg","4","Gyuri","<none>","You","1","Waru","2","0","851"
"2504","2","test","6","m","7","shape1.jpg","4","Gyuri","<none>","You","1","Waru","2","0","381"
"2504","2","test","7","z","2","shape2.jpg","4","Gyuri","<none>","You","1","Waru","1","0","650"
"2504","2","test","8","m","2","shape2.jpg","4","Gyuri","<none>","You","1","Waru","1","1","692"
"2504","2","test","9","m","3","shape3.jpg","4","Gyuri","<none>","You","1","Waru","1","1","1252"
"2504","2","test","10","z","4","shape1.jpg","4","Gyuri","<none>","You","1","Waru","2","1","970"
"2504","2","test","11","m","3","shape3.jpg","4","Gyuri","<none>","You","1","Waru","1","1","718"
"2504","2","test","12","z","8","shape2.jpg","4","Gyuri","<none>","You","1","Waru","2","1","773"
"2504","2","test","13","m","7","shape1.jpg","4","Gyuri","<none>","You","1","Waru","2","0","1258"
"2504","2","test","14","m","2","shape2.jpg","4","Gyuri","<none>","You","1","Waru","1","1","842"
"2504","2","test","15","z","9","shape3.jpg","4","Gyuri","<none>","You","1","Waru","2","1","1058"
"2504","2","test","16","m","1","shape1.jpg","4","Gyuri","<none>","You","1","Waru","1","1","707"
"2504","2","test","17","x","3","shape3.jpg","4","Gyuri","<none>","You","1","Waru","1","0","1500"
"2504","2","test","18","z","8","shape2.jpg","4","Gyuri","<none>","You","1","Waru","2","1","1365"
"2504","2","test","19","x","2","shape2.jpg","4","Gyuri","<none>","You","1","Waru","1","0","1500"
"2504","2","test","20","z","7","shape1.jpg","4","Gyuri","<none>","You","1","Waru","2","1","1332"
"2504","2","test","21","m","4","shape1.jpg","4","Gyuri","<none>","You","1","Waru","2","0","626"
"2504","2","test","22","x","3","shape3.jpg","4","Gyuri","<none>","You","1","Waru","1","0","1500"
"2504","2","test","23","m","3","shape3.jpg","4","Gyuri","<none>","You","1","Waru","1","1","376"
"2504","2","test","24","m","2","shape2.jpg","4","Gyuri","<none>","You","1","Waru","1","1","526"
"2504","2","test","25","z","6","shape3.jpg","4","Gyuri","<none>","You","1","Waru","2","1","1197"
"2504","2","test","26","z","8","shape2.jpg","4","Gyuri","<none>","You","1","Waru","2","1","712"
"2504","2","test","27","m","1","shape1.jpg","4","Gyuri","<none>","You","1","Waru","1","1","766"
"2504","2","test","28","z","9","shape3.jpg","4","Gyuri","<none>","You","1","Waru","2","1","882"
"2504","2","test","29","x","6","shape3.jpg","4","Gyuri","<none>","You","1","Waru","2","0","1499"
"2504","2","test","30","z","4","shape1.jpg","4","Gyuri","<none>","You","1","Waru","2","1","1111"
"2504","2","test","31","m","3","shape3.jpg","4","Gyuri","<none>","You","1","Waru","1","1","620"
"2504","2","test","32","m","3","shape3.jpg","4","Gyuri","<none>","You","1","Waru","1","1","639"
"2504","2","test","33","z","8","shape2.jpg","4","Gyuri","<none>","You","1","Waru","2","1","721"
"2504","2","test","34","z","5","shape2.jpg","4","Gyuri","<none>","You","1","Waru","2","1","905"
"2504","2","test","35","z","5","shape2.jpg","4","Gyuri","<none>","You","1","Waru","2","1","695"
"2504","2","test","36","z","7","shape1.jpg","4","Gyuri","<none>","You","1","Waru","2","1","839"
"2504","2","test","37","z","6","shape3.jpg","4","Gyuri","<none>","You","1","Waru","2","1","616"
"2504","2","test","38","z","7","shape1.jpg","4","Gyuri","<none>","You","1","Waru","2","1","723"
"2504","2","test","39","z","7","shape1.jpg","4","Gyuri","<none>","You","1","Waru","2","1","561"
"2504","2","test","40","z","2","shape2.jpg","4","Gyuri","<none>","You","1","Waru","1","0","431"
"2504","2","test","41","z","8","shape2.jpg","4","Gyuri","<none>","You","1","Waru","2","1","801"
"2504","2","test","42","z","5","shape2.jpg","4","Gyuri","<none>","You","1","Waru","2","1","764"
"2504","2","test","43","m","7","shape1.jpg","4","Gyuri","<none>","You","1","Waru","2","0","1458"
"2504","2","test","44","m","1","shape1.jpg","4","Gyuri","<none>","You","1","Waru","1","1","1088"
"2504","2","test","45","m","3","shape3.jpg","4","Gyuri","<none>","You","1","Waru","1","1","871"
"2504","2","test","46","z","1","shape1.jpg","4","Gyuri","<none>","You","1","Waru","1","0","783"
"2504","2","test","47","m","1","shape1.jpg","4","Gyuri","<none>","You","1","Waru","1","1","508"
"2504","2","test","48","m","3","shape3.jpg","4","Gyuri","<none>","You","1","Waru","1","1","890"
"2504","2","test","49","z","5","shape2.jpg","4","Gyuri","<none>","You","1","Waru","2","1","1034"
"2504","2","test","50","z","9","shape3.jpg","4","Gyuri","<none>","You","1","Waru","2","1","796"
"2504","2","test","51","m","2","shape2.jpg","4","Gyuri","<none>","You","1","Waru","1","1","992"
"2504","2","test","52","z","7","shape1.jpg","4","Gyuri","<none>","You","1","Waru","2","1","641"
"2504","2","test","53","z","9","shape3.jpg","4","Gyuri","<none>","You","1","Waru","2","1","940"
"2504","2","test","54","z","1","shape1.jpg","4","Gyuri","<none>","You","1","Waru","1","0","585"
"2504","2","test","55","m","3","shape3.jpg","4","Gyuri","<none>","You","1","Waru","1","1","998"
"2504","2","test","56","m","3","shape3.jpg","4","Gyuri","<none>","You","1","Waru","1","1","729"
"2504","2","test","57","z","4","shape1.jpg","4","Gyuri","<none>","You","1","Waru","2","1","871"
"2504","2","test","58","z","8","shape2.jpg","4","Gyuri","<none>","You","1","Waru","2","1","688"
"2504","2","test","59","m","1","shape1.jpg","4","Gyuri","<none>","You","1","Waru","1","1","686"
"2504","2","test","60","z","8","shape2.jpg","4","Gyuri","<none>","You","1","Waru","2","1","1351"
"2504","2","test","61","z","6","shape3.jpg","4","Gyuri","<none>","You","1","Waru","2","1","1386"
"2504","2","test","62","m","3","shape3.jpg","4","Gyuri","<none>","You","1","Waru","1","1","1437"
"2504","2","test","63","z","5","shape2.jpg","4","Gyuri","<none>","You","1","Waru","2","1","628"
"2504","2","test","64","m","1","shape1.jpg","4","Gyuri","<none>","You","1","Waru","1","1","672"
"2504","2","test","65","z","4","shape1.jpg","4","Gyuri","<none>","You","1","Waru","2","1","576"
"2504","2","test","66","m","3","shape3.jpg","4","Gyuri","<none>","You","1","Waru","1","1","549"
"2504","2","test","67","z","2","shape2.jpg","4","Gyuri","<none>","You","1","Waru","1","0","498"
"2504","2","test","68","z","6","shape3.jpg","4","Gyuri","<none>","You","1","Waru","2","1","857"
"2504","2","test","69","z","8","shape2.jpg","4","Gyuri","<none>","You","1","Waru","2","1","1084"
"2504","2","test","70","m","2","shape2.jpg","4","Gyuri","<none>","You","1","Waru","1","1","977"
"2504","2","test","71","m","1","shape1.jpg","4","Gyuri","<none>","You","1","Waru","1","1","501"
"2504","2","test","72","m","3","shape3.jpg","4","Gyuri","<none>","You","1","Waru","1","1","637"
"2504","2","test","73","m","2","shape2.jpg","4","Gyuri","<none>","You","1","Waru","1","1","1152"
"2504","2","test","74","m","1","shape1.jpg","4","Gyuri","<none>","You","1","Waru","1","1","644"
"2504","2","test","75","z","9","shape3.jpg","4","Gyuri","<none>","You","1","Waru","2","1","1079"
"2504","2","test","76","m","2","shape2.jpg","4","Gyuri","<none>","You","1","Waru","1","1","756"
"2504","2","test","77","z","5","shape2.jpg","4","Gyuri","<none>","You","1","Waru","2","1","707"
"2504","2","test","78","m","1","shape1.jpg","4","Gyuri","<none>","You","1","Waru","1","1","632"
"2504","2","test","79","z","5","shape2.jpg","4","Gyuri","<none>","You","1","Waru","2","1","675"
"2504","2","test","80","z","7","shape1.jpg","4","Gyuri","<none>","You","1","Waru","2","1","1388"
"2504","2","test","81","z","7","shape1.jpg","4","Gyuri","<none>","You","1","Waru","2","1","807"
"2504","2","test","82","m","3","shape3.jpg","4","Gyuri","<none>","You","1","Waru","1","1","1258"
"2504","2","test","83","m","1","shape1.jpg","4","Gyuri","<none>","You","1","Waru","1","1","434"
"2504","2","test","84","m","2","shape2.jpg","4","Gyuri","<none>","You","1","Waru","1","1","860"
"2504","2","test","85","z","5","shape2.jpg","4","Gyuri","<none>","You","1","Waru","2","1","788"
"2504","2","test","86","z","5","shape2.jpg","4","Gyuri","<none>","You","1","Waru","2","1","801"
"2504","2","test","87","m","9","shape3.jpg","4","Gyuri","<none>","You","1","Waru","2","0","667"
"2504","2","test","88","m","1","shape1.jpg","4","Gyuri","<none>","You","1","Waru","1","1","916"
"2504","2","test","89","m","6","shape3.jpg","4","Gyuri","<none>","You","1","Waru","2","0","698"
"2504","2","test","90","z","6","shape3.jpg","4","Gyuri","<none>","You","1","Waru","2","1","985"
"2504","2","test","91","m","1","shape1.jpg","4","Gyuri","<none>","You","1","Waru","1","1","763"
"2504","2","test","92","z","7","shape1.jpg","4","Gyuri","<none>","You","1","Waru","2","1","1424"
"2504","2","test","93","x","9","shape3.jpg","4","Gyuri","<none>","You","1","Waru","2","0","1500"
"2504","2","test","94","m","3","shape3.jpg","4","Gyuri","<none>","You","1","Waru","1","1","750"
"2504","2","test","95","m","2","shape2.jpg","4","Gyuri","<none>","You","1","Waru","1","1","970"
"2504","2","test","96","m","8","shape2.jpg","4","Gyuri","<none>","You","1","Waru","2","0","1143"
"2504","2","test","97","m","3","shape3.jpg","4","Gyuri","<none>","You","1","Waru","1","1","579"
"2504","2","test","98","m","3","shape3.jpg","4","Gyuri","<none>","You","1","Waru","1","1","823"
"2504","2","test","99","m","5","shape2.jpg","4","Gyuri","<none>","You","1","Waru","2","0","858"
"2504","2","test","100","m","3","shape3.jpg","4","Gyuri","<none>","You","1","Waru","1","1","780"
"2504","2","test","101","m","3","shape3.jpg","4","Gyuri","<none>","You","1","Waru","1","1","967"
"2504","2","test","102","z","8","shape2.jpg","4","Gyuri","<none>","You","1","Waru","2","1","787"
"2504","2","test","103","m","1","shape1.jpg","4","Gyuri","<none>","You","1","Waru","1","1","718"
"2504","2","test","104","z","2","shape2.jpg","4","Gyuri","<none>","You","1","Waru","1","0","518"
"2504","2","test","105","m","1","shape1.jpg","4","Gyuri","<none>","You","1","Waru","1","1","684"
"2504","2","test","106","z","5","shape2.jpg","4","Gyuri","<none>","You","1","Waru","2","1","788"
"2504","2","test","107","m","1","shape1.jpg","4","Gyuri","<none>","You","1","Waru","1","1","791"
"2504","2","test","108","m","3","shape3.jpg","4","Gyuri","<none>","You","1","Waru","1","1","723"
"2504","2","test","109","z","9","shape3.jpg","4","Gyuri","<none>","You","1","Waru","2","1","1089"
"2504","2","test","110","z","3","shape3.jpg","4","Gyuri","<none>","You","1","Waru","1","0","1136"
"2504","2","test","111","m","3","shape3.jpg","4","Gyuri","<none>","You","1","Waru","1","1","509"
"2504","2","test","112","m","1","shape1.jpg","4","Gyuri","<none>","You","1","Waru","1","1","669"
"2504","2","test","113","m","2","shape2.jpg","4","Gyuri","<none>","You","1","Waru","1","1","822"
"2504","2","test","114","m","3","shape3.jpg","4","Gyuri","<none>","You","1","Waru","1","1","688"
"2504","2","test","115","z","4","shape1.jpg","4","Gyuri","<none>","You","1","Waru","2","1","849"
"2504","2","test","116","z","7","shape1.jpg","4","Gyuri","<none>","You","1","Waru","2","1","761"
"2504","2","test","117","z","8","shape2.jpg","4","Gyuri","<none>","You","1","Waru","2","1","957"
"2504","2","test","118","m","1","shape1.jpg","4","Gyuri","<none>","You","1","Waru","1","1","786"
"2504","2","test","119","z","6","shape3.jpg","4","Gyuri","<none>","You","1","Waru","2","1","1070"
"2504","2","test","120","m","2","shape2.jpg","4","Gyuri","<none>","You","1","Waru","1","1","654"
"2504","2","test","121","m","5","shape2.jpg","4","Gyuri","<none>","You","1","Waru","2","0","1334"
"2504","2","test","122","m","1","shape1.jpg","4","Gyuri","<none>","You","1","Waru","1","1","673"
"2504","2","test","123","x","8","shape2.jpg","4","Gyuri","<none>","You","1","Waru","2","0","1500"
"2504","2","test","124","m","8","shape2.jpg","4","Gyuri","<none>","You","1","Waru","2","0","1404"
"2504","2","test","125","z","5","shape2.jpg","4","Gyuri","<none>","You","1","Waru","2","1","1031"
"2504","2","test","126","m","2","shape2.jpg","4","Gyuri","<none>","You","1","Waru","1","1","769"
"2504","2","test","127","x","2","shape2.jpg","4","Gyuri","<none>","You","1","Waru","1","0","1499"
"2504","2","test","128","z","5","shape2.jpg","4","Gyuri","<none>","You","1","Waru","2","1","824"
"2504","2","test","129","z","4","shape1.jpg","4","Gyuri","<none>","You","1","Waru","2","1","843"
"2504","2","test","130","m","2","shape2.jpg","4","Gyuri","<none>","You","1","Waru","1","1","900"
"2504","2","test","131","z","9","shape3.jpg","4","Gyuri","<none>","You","1","Waru","2","1","851"
"2504","2","test","132","z","4","shape1.jpg","4","Gyuri","<none>","You","1","Waru","2","1","1003"
"2504","2","test","133","z","9","shape3.jpg","4","Gyuri","<none>","You","1","Waru","2","1","918"
"2504","2","test","134","z","6","shape3.jpg","4","Gyuri","<none>","You","1","Waru","2","1","682"
"2504","2","test","135","m","1","shape1.jpg","4","Gyuri","<none>","You","1","Waru","1","1","812"
"2504","2","test","136","z","6","shape3.jpg","4","Gyuri","<none>","You","1","Waru","2","1","800"
"2504","2","test","137","m","1","shape1.jpg","4","Gyuri","<none>","You","1","Waru","1","1","673"
"2504","2","test","138","m","1","shape1.jpg","4","Gyuri","<none>","You","1","Waru","1","1","593"
"2504","2","test","139","m","1","shape1.jpg","4","Gyuri","<none>","You","1","Waru","1","1","550"
"2504","2","test","140","m","2","shape2.jpg","4","Gyuri","<none>","You","1","Waru","1","1","771"
"2504","2","test","141","m","3","shape3.jpg","4","Gyuri","<none>","You","1","Waru","1","1","416"
"2504","2","test","142","m","2","shape2.jpg","4","Gyuri","<none>","You","1","Waru","1","1","589"
"2504","2","test","143","z","7","shape1.jpg","4","Gyuri","<none>","You","1","Waru","2","1","801"
"2504","2","test","144","z","4","shape1.jpg","4","Gyuri","<none>","You","1","Waru","2","1","867"
"2504","2","test","145","m","3","shape3.jpg","4","Gyuri","<none>","You","1","Waru","1","1","699"
"2504","2","test","146","m","3","shape3.jpg","4","Gyuri","<none>","You","1","Waru","1","1","499"
"2504","2","test","147","z","6","shape3.jpg","4","Gyuri","<none>","You","1","Waru","2","1","755"
"2504","2","test","148","z","4","shape1.jpg","4","Gyuri","<none>","You","1","Waru","2","1","1032"
"2504","2","test","149","z","6","shape3.jpg","4","Gyuri","<none>","You","1","Waru","2","1","785"
"2504","2","test","150","z","6","shape3.jpg","4","Gyuri","<none>","You","1","Waru","2","1","661"
"2504","2","test","151","z","4","shape1.jpg","4","Gyuri","<none>","You","1","Waru","2","1","838"
"2504","2","test","152","z","6","shape3.jpg","4","Gyuri","<none>","You","1","Waru","2","1","624"
"2504","2","test","153","m","3","shape3.jpg","4","Gyuri","<none>","You","1","Waru","1","1","562"
"2504","2","test","154","m","5","shape2.jpg","4","Gyuri","<none>","You","1","Waru","2","0","591"
"2504","2","test","155","z","2","shape2.jpg","4","Gyuri","<none>","You","1","Waru","1","0","661"
"2504","2","test","156","m","1","shape1.jpg","4","Gyuri","<none>","You","1","Waru","1","1","182"
"2504","2","test","157","z","5","shape2.jpg","4","Gyuri","<none>","You","1","Waru","2","1","589"
"2504","2","test","158","m","1","shape1.jpg","4","Gyuri","<none>","You","1","Waru","1","1","719"
"2504","2","test","159","m","1","shape1.jpg","4","Gyuri","<none>","You","1","Waru","1","1","454"
"2504","2","test","160","z","3","shape3.jpg","4","Gyuri","<none>","You","1","Waru","1","0","705"
"2504","2","test","161","m","3","shape3.jpg","4","Gyuri","<none>","You","1","Waru","1","1","455"
"2504","2","test","162","m","1","shape1.jpg","4","Gyuri","<none>","You","1","Waru","1","1","578"
"2504","2","test","163","z","2","shape2.jpg","4","Gyuri","<none>","You","1","Waru","1","0","726"
"2504","2","test","164","m","2","shape2.jpg","4","Gyuri","<none>","You","1","Waru","1","1","205"
"2504","2","test","165","m","9","shape3.jpg","4","Gyuri","<none>","You","1","Waru","2","0","298"
"2504","2","test","166","x","4","shape1.jpg","4","Gyuri","<none>","You","1","Waru","2","0","1499"
"2504","2","test","167","z","6","shape3.jpg","4","Gyuri","<none>","You","1","Waru","2","1","725"
"2504","2","test","168","z","7","shape1.jpg","4","Gyuri","<none>","You","1","Waru","2","1","549"
"2504","2","test","169","m","2","shape2.jpg","4","Gyuri","<none>","You","1","Waru","1","1","769"
"2504","2","test","170","z","8","shape2.jpg","4","Gyuri","<none>","You","1","Waru","2","1","742"
"2504","2","test","171","z","4","shape1.jpg","4","Gyuri","<none>","You","1","Waru","2","1","908"
"2504","2","test","172","z","9","shape3.jpg","4","Gyuri","<none>","You","1","Waru","2","1","940"
"2504","2","test","173","m","2","shape2.jpg","4","Gyuri","<none>","You","1","Waru","1","1","753"
"2504","2","test","174","z","6","shape3.jpg","4","Gyuri","<none>","You","1","Waru","2","1","701"
"2504","2","test","175","m","3","shape3.jpg","4","Gyuri","<none>","You","1","Waru","1","1","749"
"2504","2","test","176","m","1","shape1.jpg","4","Gyuri","<none>","You","1","Waru","1","1","521"
"2504","2","test","177","z","2","shape2.jpg","4","Gyuri","<none>","You","1","Waru","1","0","679"
"2504","2","test","178","m","1","shape1.jpg","4","Gyuri","<none>","You","1","Waru","1","1","673"
"2504","2","test","179","m","3","shape3.jpg","4","Gyuri","<none>","You","1","Waru","1","1","619"
"2504","2","test","180","m","5","shape2.jpg","4","Gyuri","<none>","You","1","Waru","2","0","684"
"2504","2","test","181","m","9","shape3.jpg","4","Gyuri","<none>","You","1","Waru","2","0","494"
"2504","2","test","182","m","2","shape2.jpg","4","Gyuri","<none>","You","1","Waru","1","1","238"
"2504","2","test","183","m","3","shape3.jpg","4","Gyuri","<none>","You","1","Waru","1","1","560"
"2504","2","test","184","m","2","shape2.jpg","4","Gyuri","<none>","You","1","Waru","1","1","1094"
"2504","2","test","185","m","3","shape3.jpg","4","Gyuri","<none>","You","1","Waru","1","1","693"
"2504","2","test","186","m","9","shape3.jpg","4","Gyuri","<none>","You","1","Waru","2","0","461"
"2504","2","test","187","m","2","shape2.jpg","4","Gyuri","<none>","You","1","Waru","1","1","470"
"2504","2","test","188","m","5","shape2.jpg","4","Gyuri","<none>","You","1","Waru","2","0","897"
"2504","2","test","189","z","4","shape1.jpg","4","Gyuri","<none>","You","1","Waru","2","1","992"
"2504","2","test","190","m","2","shape2.jpg","4","Gyuri","<none>","You","1","Waru","1","1","1003"
"2504","2","test","191","m","2","shape2.jpg","4","Gyuri","<none>","You","1","Waru","1","1","700"
"2504","2","test","192","m","1","shape1.jpg","4","Gyuri","<none>","You","1","Waru","1","1","659"
"2504","2","test","193","z","9","shape3.jpg","4","Gyuri","<none>","You","1","Waru","2","1","758"
"2504","2","test","194","m","2","shape2.jpg","4","Gyuri","<none>","You","1","Waru","1","1","875"
"2504","2","test","195","m","2","shape2.jpg","4","Gyuri","<none>","You","1","Waru","1","1","667"
"2504","2","test","196","z","4","shape1.jpg","4","Gyuri","<none>","You","1","Waru","2","1","852"
"2504","2","test","197","m","2","shape2.jpg","4","Gyuri","<none>","You","1","Waru","1","1","676"
"2504","2","test","198","m","2","shape2.jpg","4","Gyuri","<none>","You","1","Waru","1","1","1109"
"2504","2","test","199","m","2","shape2.jpg","4","Gyuri","<none>","You","1","Waru","1","1","515"
"2504","2","test","200","z","9","shape3.jpg","4","Gyuri","<none>","You","1","Waru","2","1","963"
"2504","2","test","201","m","2","shape2.jpg","4","Gyuri","<none>","You","1","Waru","1","1","743"
"2504","2","test","202","z","8","shape2.jpg","4","Gyuri","<none>","You","1","Waru","2","1","756"
"2504","2","test","203","z","5","shape2.jpg","4","Gyuri","<none>","You","1","Waru","2","1","713"
"2504","2","test","204","z","4","shape1.jpg","4","Gyuri","<none>","You","1","Waru","2","1","953"
"2504","2","test","205","m","3","shape3.jpg","4","Gyuri","<none>","You","1","Waru","1","1","782"
"2504","2","test","206","z","5","shape2.jpg","4","Gyuri","<none>","You","1","Waru","2","1","537"
"2504","2","test","207","m","8","shape2.jpg","4","Gyuri","<none>","You","1","Waru","2","0","913"
"2504","2","test","208","z","9","shape3.jpg","4","Gyuri","<none>","You","1","Waru","2","1","702"
"2504","2","test","209","z","5","shape2.jpg","4","Gyuri","<none>","You","1","Waru","2","1","781"
"2504","2","test","210","m","3","shape3.jpg","4","Gyuri","<none>","You","1","Waru","1","1","673"
"2504","2","test","211","m","3","shape3.jpg","4","Gyuri","<none>","You","1","Waru","1","1","562"
"2504","2","test","212","z","8","shape2.jpg","4","Gyuri","<none>","You","1","Waru","2","1","655"
"2504","2","test","213","m","1","shape1.jpg","4","Gyuri","<none>","You","1","Waru","1","1","1169"
"2504","2","test","214","m","1","shape1.jpg","4","Gyuri","<none>","You","1","Waru","1","1","525"
"2504","2","test","215","z","8","shape2.jpg","4","Gyuri","<none>","You","1","Waru","2","1","1299"
"2504","2","test","216","z","9","shape3.jpg","4","Gyuri","<none>","You","1","Waru","2","1","850"
"2504","2","test","217","z","5","shape2.jpg","4","Gyuri","<none>","You","1","Waru","2","1","850"
"2504","2","test","218","m","1","shape1.jpg","4","Gyuri","<none>","You","1","Waru","1","1","739"
"2504","2","test","219","z","4","shape1.jpg","4","Gyuri","<none>","You","1","Waru","2","1","609"
"2504","2","test","220","m","2","shape2.jpg","4","Gyuri","<none>","You","1","Waru","1","1","772"
"2504","2","test","221","z","9","shape3.jpg","4","Gyuri","<none>","You","1","Waru","2","1","938"
"2504","2","test","222","m","3","shape3.jpg","4","Gyuri","<none>","You","1","Waru","1","1","447"
"2504","2","test","223","z","6","shape3.jpg","4","Gyuri","<none>","You","1","Waru","2","1","944"
"2504","2","test","224","z","6","shape3.jpg","4","Gyuri","<none>","You","1","Waru","2","1","621"
"2504","2","test","225","z","6","shape3.jpg","4","Gyuri","<none>","You","1","Waru","2","1","576"
"2504","2","test","226","z","9","shape3.jpg","4","Gyuri","<none>","You","1","Waru","2","1","670"
"2504","2","test","227","z","1","shape1.jpg","4","Gyuri","<none>","You","1","Waru","1","0","493"
"2504","2","test","228","z","5","shape2.jpg","4","Gyuri","<none>","You","1","Waru","2","1","662"
"2504","2","test","229","z","9","shape3.jpg","4","Gyuri","<none>","You","1","Waru","2","1","792"
"2504","2","test","230","m","2","shape2.jpg","4","Gyuri","<none>","You","1","Waru","1","1","948"
"2504","2","test","231","z","7","shape1.jpg","4","Gyuri","<none>","You","1","Waru","2","1","881"
"2504","2","test","232","z","5","shape2.jpg","4","Gyuri","<none>","You","1","Waru","2","1","808"
"2504","2","test","233","m","4","shape1.jpg","4","Gyuri","<none>","You","1","Waru","2","0","739"
"2504","2","test","234","m","1","shape1.jpg","4","Gyuri","<none>","You","1","Waru","1","1","714"
"2504","2","test","235","z","9","shape3.jpg","4","Gyuri","<none>","You","1","Waru","2","1","679"
"2504","2","test","236","m","3","shape3.jpg","4","Gyuri","<none>","You","1","Waru","1","1","913"
"2504","2","test","237","z","9","shape3.jpg","4","Gyuri","<none>","You","1","Waru","2","1","871"
"2504","2","test","238","z","7","shape1.jpg","4","Gyuri","<none>","You","1","Waru","2","1","656"
"2504","2","test","239","m","3","shape3.jpg","4","Gyuri","<none>","You","1","Waru","1","1","826"
"2504","2","test","240","m","3","shape3.jpg","4","Gyuri","<none>","You","1","Waru","1","1","724"
"2504","2","test","241","m","3","shape3.jpg","4","Gyuri","<none>","You","1","Waru","1","1","695"
"2504","2","test","242","z","6","shape3.jpg","4","Gyuri","<none>","You","1","Waru","2","1","711"
"2504","2","test","243","z","6","shape3.jpg","4","Gyuri","<none>","You","1","Waru","2","1","582"
"2504","2","test","244","z","4","shape1.jpg","4","Gyuri","<none>","You","1","Waru","2","1","833"
"2504","2","test","245","m","2","shape2.jpg","4","Gyuri","<none>","You","1","Waru","1","1","867"
"2504","2","test","246","z","2","shape2.jpg","4","Gyuri","<none>","You","1","Waru","1","0","643"
"2504","2","test","247","m","1","shape1.jpg","4","Gyuri","<none>","You","1","Waru","1","1","709"
"2504","2","test","248","m","3","shape3.jpg","4","Gyuri","<none>","You","1","Waru","1","1","701"
"2504","2","test","249","m","3","shape3.jpg","4","Gyuri","<none>","You","1","Waru","1","1","523"
"2504","2","test","250","m","3","shape3.jpg","4","Gyuri","<none>","You","1","Waru","1","1","418"
"2504","2","test","251","m","3","shape3.jpg","4","Gyuri","<none>","You","1","Waru","1","1","599"
"2504","2","test","252","m","1","shape1.jpg","4","Gyuri","<none>","You","1","Waru","1","1","594"
"2504","2","test","253","m","2","shape2.jpg","4","Gyuri","<none>","You","1","Waru","1","1","590"
"2504","2","test","254","m","1","shape1.jpg","4","Gyuri","<none>","You","1","Waru","1","1","578"
"2504","2","test","255","z","8","shape2.jpg","4","Gyuri","<none>","You","1","Waru","2","1","1175"
"2504","2","test","256","z","8","shape2.jpg","4","Gyuri","<none>","You","1","Waru","2","1","602"
"2504","2","test","257","z","5","shape2.jpg","4","Gyuri","<none>","You","1","Waru","2","1","1157"
"2504","2","test","258","m","3","shape3.jpg","4","Gyuri","<none>","You","1","Waru","1","1","906"
"2504","2","test","259","z","9","shape3.jpg","4","Gyuri","<none>","You","1","Waru","2","1","817"
"2504","2","test","260","m","3","shape3.jpg","4","Gyuri","<none>","You","1","Waru","1","1","674"
"2504","2","test","261","m","3","shape3.jpg","4","Gyuri","<none>","You","1","Waru","1","1","875"
"2504","2","test","262","m","2","shape2.jpg","4","Gyuri","<none>","You","1","Waru","1","1","899"
"2504","2","test","263","m","1","shape1.jpg","4","Gyuri","<none>","You","1","Waru","1","1","643"
"2504","2","test","264","z","8","shape2.jpg","4","Gyuri","<none>","You","1","Waru","2","1","948"
"2504","2","test","265","z","7","shape1.jpg","4","Gyuri","<none>","You","1","Waru","2","1","1041"
"2504","2","test","266","m","1","shape1.jpg","4","Gyuri","<none>","You","1","Waru","1","1","658"
"2504","2","test","267","z","9","shape3.jpg","4","Gyuri","<none>","You","1","Waru","2","1","732"
"2504","2","test","268","z","7","shape1.jpg","4","Gyuri","<none>","You","1","Waru","2","1","713"
"2504","2","test","269","m","2","shape2.jpg","4","Gyuri","<none>","You","1","Waru","1","1","761"
"2504","2","test","270","z","8","shape2.jpg","4","Gyuri","<none>","You","1","Waru","2","1","814"
"2504","2","test","271","m","2","shape2.jpg","4","Gyuri","<none>","You","1","Waru","1","1","673"
"2504","2","test","272","m","3","shape3.jpg","4","Gyuri","<none>","You","1","Waru","1","1","778"
"2504","2","test","273","m","1","shape1.jpg","4","Gyuri","<none>","You","1","Waru","1","1","718"
"2504","2","test","274","m","2","shape2.jpg","4","Gyuri","<none>","You","1","Waru","1","1","884"
"2504","2","test","275","z","7","shape1.jpg","4","Gyuri","<none>","You","1","Waru","2","1","757"
"2504","2","test","276","m","6","shape3.jpg","4","Gyuri","<none>","You","1","Waru","2","0","1184"
"2504","2","test","277","z","4","shape1.jpg","4","Gyuri","<none>","You","1","Waru","2","1","931"
"2504","2","test","278","z","4","shape1.jpg","4","Gyuri","<none>","You","1","Waru","2","1","658"
"2504","2","test","279","m","2","shape2.jpg","4","Gyuri","<none>","You","1","Waru","1","1","883"
"2504","2","test","280","z","5","shape2.jpg","4","Gyuri","<none>","You","1","Waru","2","1","770"
"2504","2","test","281","z","8","shape2.jpg","4","Gyuri","<none>","You","1","Waru","2","1","919"
"2504","2","test","282","z","7","shape1.jpg","4","Gyuri","<none>","You","1","Waru","2","1","684"
"2504","2","test","283","m","2","shape2.jpg","4","Gyuri","<none>","You","1","Waru","1","1","860"
"2504","2","test","284","m","2","shape2.jpg","4","Gyuri","<none>","You","1","Waru","1","1","580"
"2504","2","test","285","z","4","shape1.jpg","4","Gyuri","<none>","You","1","Waru","2","1","722"
"2504","2","test","286","m","1","shape1.jpg","4","Gyuri","<none>","You","1","Waru","1","1","753"
"2504","2","test","287","z","7","shape1.jpg","4","Gyuri","<none>","You","1","Waru","2","1","1045"
"2504","2","test","288","z","4","shape1.jpg","4","Gyuri","<none>","You","1","Waru","2","1","623"
"2504","2","test","289","z","4","shape1.jpg","4","Gyuri","<none>","You","1","Waru","2","1","553"
"2504","2","test","290","m","2","shape2.jpg","4","Gyuri","<none>","You","1","Waru","1","1","750"
"2504","2","test","291","m","2","shape2.jpg","4","Gyuri","<none>","You","1","Waru","1","1","643"
"2504","2","test","292","m","3","shape3.jpg","4","Gyuri","<none>","You","1","Waru","1","1","631"
"2504","2","test","293","z","8","shape2.jpg","4","Gyuri","<none>","You","1","Waru","2","1","856"
"2504","2","test","294","z","6","shape3.jpg","4","Gyuri","<none>","You","1","Waru","2","1","985"
"2504","2","test","295","m","1","shape1.jpg","4","Gyuri","<none>","You","1","Waru","1","1","692"
"2504","2","test","296","z","4","shape1.jpg","4","Gyuri","<none>","You","1","Waru","2","1","644"
"2504","2","test","297","z","7","shape1.jpg","4","Gyuri","<none>","You","1","Waru","2","1","640"
"2504","2","test","298","z","7","shape1.jpg","4","Gyuri","<none>","You","1","Waru","2","1","601"
"2504","2","test","299","z","1","shape1.jpg","4","Gyuri","<none>","You","1","Waru","1","0","668"
"2504","2","test","300","m","1","shape1.jpg","4","Gyuri","<none>","You","1","Waru","1","1","605"
"2504","2","test","301","z","4","shape1.jpg","4","Gyuri","<none>","You","1","Waru","2","1","591"
"2504","2","test","302","m","1","shape1.jpg","4","Gyuri","<none>","You","1","Waru","1","1","661"
"2504","2","test","303","m","1","shape1.jpg","4","Gyuri","<none>","You","1","Waru","1","1","478"
"2504","2","test","304","m","2","shape2.jpg","4","Gyuri","<none>","You","1","Waru","1","1","711"
"2504","2","test","305","m","1","shape1.jpg","4","Gyuri","<none>","You","1","Waru","1","1","727"
"2504","2","test","306","m","1","shape1.jpg","4","Gyuri","<none>","You","1","Waru","1","1","533"
"2504","2","test","307","z","5","shape2.jpg","4","Gyuri","<none>","You","1","Waru","2","1","619"
"2504","2","test","308","m","6","shape3.jpg","4","Gyuri","<none>","You","1","Waru","2","0","623"
"2504","2","test","309","m","1","shape1.jpg","4","Gyuri","<none>","You","1","Waru","1","1","505"
"2504","2","test","310","z","7","shape1.jpg","4","Gyuri","<none>","You","1","Waru","2","1","737"
"2504","2","test","311","m","1","shape1.jpg","4","Gyuri","<none>","You","1","Waru","1","1","584"
"2504","2","test","312","m","9","shape3.jpg","4","Gyuri","<none>","You","1","Waru","2","0","428"
"2504","2","test","313","z","8","shape2.jpg","4","Gyuri","<none>","You","1","Waru","2","1","958"
"2504","2","test","314","m","2","shape2.jpg","4","Gyuri","<none>","You","1","Waru","1","1","731"
"2504","2","test","315","z","9","shape3.jpg","4","Gyuri","<none>","You","1","Waru","2","1","778"
"2504","2","test","316","m","2","shape2.jpg","4","Gyuri","<none>","You","1","Waru","1","1","718"
"2504","2","test","317","z","5","shape2.jpg","4","Gyuri","<none>","You","1","Waru","2","1","820"
"2504","2","test","318","m","3","shape3.jpg","4","Gyuri","<none>","You","1","Waru","1","1","607"
"2504","2","test","319","m","3","shape3.jpg","4","Gyuri","<none>","You","1","Waru","1","1","650"
"2504","2","test","320","z","6","shape3.jpg","4","Gyuri","<none>","You","1","Waru","2","1","715"
"2504","2","test","321","m","2","shape2.jpg","4","Gyuri","<none>","You","1","Waru","1","1","691"
"2504","2","test","322","z","9","shape3.jpg","4","Gyuri","<none>","You","1","Waru","2","1","1218"
"2504","2","test","323","m","3","shape3.jpg","4","Gyuri","<none>","You","1","Waru","1","1","701"
"2504","2","test","324","z","6","shape3.jpg","4","Gyuri","<none>","You","1","Waru","2","1","746"
"2504","2","test","325","z","8","shape2.jpg","4","Gyuri","<none>","You","1","Waru","2","1","1113"
"2504","2","test","326","m","1","shape1.jpg","4","Gyuri","<none>","You","1","Waru","1","1","495"
"2504","2","test","327","z","7","shape1.jpg","4","Gyuri","<none>","You","1","Waru","2","1","582"
"2504","2","test","328","m","1","shape1.jpg","4","Gyuri","<none>","You","1","Waru","1","1","835"
"2504","2","test","329","m","2","shape2.jpg","4","Gyuri","<none>","You","1","Waru","1","1","1133"
"2504","2","test","330","m","2","shape2.jpg","4","Gyuri","<none>","You","1","Waru","1","1","818"
"2504","2","test","331","z","8","shape2.jpg","4","Gyuri","<none>","You","1","Waru","2","1","635"
"2504","2","test","332","z","7","shape1.jpg","4","Gyuri","<none>","You","1","Waru","2","1","806"
"2504","2","test","333","m","1","shape1.jpg","4","Gyuri","<none>","You","1","Waru","1","1","608"
"2504","2","test","334","z","4","shape1.jpg","4","Gyuri","<none>","You","1","Waru","2","1","541"
"2504","2","test","335","m","1","shape1.jpg","4","Gyuri","<none>","You","1","Waru","1","1","586"
"2504","2","test","336","m","6","shape3.jpg","4","Gyuri","<none>","You","1","Waru","2","0","847"
"2504","2","test","337","z","3","shape3.jpg","4","Gyuri","<none>","You","1","Waru","1","0","1121"
"2504","2","test","338","m","1","shape1.jpg","4","Gyuri","<none>","You","1","Waru","1","1","703"
"2504","2","test","339","z","8","shape2.jpg","4","Gyuri","<none>","You","1","Waru","2","1","876"
"2504","2","test","340","z","4","shape1.jpg","4","Gyuri","<none>","You","1","Waru","2","1","933"
"2504","2","test","341","z","9","shape3.jpg","4","Gyuri","<none>","You","1","Waru","2","1","891"
"2504","2","test","342","z","4","shape1.jpg","4","Gyuri","<none>","You","1","Waru","2","1","1282"
"2504","2","test","343","z","7","shape1.jpg","4","Gyuri","<none>","You","1","Waru","2","1","1090"
"2504","2","test","344","z","5","shape2.jpg","4","Gyuri","<none>","You","1","Waru","2","1","655"
"2504","2","test","345","m","3","shape3.jpg","4","Gyuri","<none>","You","1","Waru","1","1","745"
"2504","2","test","346","z","7","shape1.jpg","4","Gyuri","<none>","You","1","Waru","2","1","551"
"2504","2","test","347","z","8","shape2.jpg","4","Gyuri","<none>","You","1","Waru","2","1","1005"
"2504","2","test","348","z","5","shape2.jpg","4","Gyuri","<none>","You","1","Waru","2","1","663"
"2504","2","test","349","z","2","shape2.jpg","4","Gyuri","<none>","You","1","Waru","1","0","568"
"2504","2","test","350","m","1","shape1.jpg","4","Gyuri","<none>","You","1","Waru","1","1","574"
"2504","2","test","351","z","6","shape3.jpg","4","Gyuri","<none>","You","1","Waru","2","1","946"
"2504","2","test","352","z","6","shape3.jpg","4","Gyuri","<none>","You","1","Waru","2","1","879"
"2504","2","test","353","m","3","shape3.jpg","4","Gyuri","<none>","You","1","Waru","1","1","752"
"2504","2","test","354","m","3","shape3.jpg","4","Gyuri","<none>","You","1","Waru","1","1","621"
"2504","2","test","355","z","7","shape1.jpg","4","Gyuri","<none>","You","1","Waru","2","1","591"
"2504","2","test","356","m","3","shape3.jpg","4","Gyuri","<none>","You","1","Waru","1","1","699"
"2504","2","test","357","m","3","shape3.jpg","4","Gyuri","<none>","You","1","Waru","1","1","467"
"2504","2","test","358","m","1","shape1.jpg","4","Gyuri","<none>","You","1","Waru","1","1","827"
"2504","2","test","359","m","1","shape1.jpg","4","Gyuri","<none>","You","1","Waru","1","1","478"
"2504","2","test","360","z","8","shape2.jpg","4","Gyuri","<none>","You","1","Waru","2","1","1007"
"2505","1","test","1","z","3","shape3.jpg","5","<none>","You","Csilla","1","Miru","1","1","1125"
"2505","1","test","2","z","2","shape2.jpg","5","<none>","You","Csilla","1","Miru","1","1","1315"
"2505","1","test","3","m","9","shape3.jpg","5","<none>","You","Csilla","1","Miru","2","1","1447"
"2505","1","test","4","m","4","shape1.jpg","5","<none>","You","Csilla","1","Miru","2","1","744"
"2505","1","test","5","m","8","shape2.jpg","5","<none>","You","Csilla","1","Miru","2","1","990"
"2505","1","test","6","z","1","shape1.jpg","5","<none>","You","Csilla","1","Miru","1","1","1239"
"2505","1","test","7","m","4","shape1.jpg","5","<none>","You","Csilla","1","Miru","2","1","1065"
"2505","1","test","8","m","8","shape2.jpg","5","<none>","You","Csilla","1","Miru","2","1","881"
"2505","1","test","9","z","3","shape3.jpg","5","<none>","You","Csilla","1","Miru","1","1","904"
"2505","1","test","10","z","1","shape1.jpg","5","<none>","You","Csilla","1","Miru","1","1","951"
"2505","1","test","11","m","9","shape3.jpg","5","<none>","You","Csilla","1","Miru","2","1","1076"
"2505","1","test","12","m","5","shape2.jpg","5","<none>","You","Csilla","1","Miru","2","1","892"
"2505","1","test","13","m","8","shape2.jpg","5","<none>","You","Csilla","1","Miru","2","1","1051"
"2505","1","test","14","m","7","shape1.jpg","5","<none>","You","Csilla","1","Miru","2","1","1380"
"2505","1","test","15","z","3","shape3.jpg","5","<none>","You","Csilla","1","Miru","1","1","767"
"2505","1","test","16","m","9","shape3.jpg","5","<none>","You","Csilla","1","Miru","2","1","1171"
"2505","1","test","17","m","1","shape1.jpg","5","<none>","You","Csilla","1","Miru","1","0","1205"
"2505","1","test","18","m","9","shape3.jpg","5","<none>","You","Csilla","1","Miru","2","1","815"
"2505","1","test","19","z","6","shape3.jpg","5","<none>","You","Csilla","1","Miru","2","0","995"
"2505","1","test","20","z","2","shape2.jpg","5","<none>","You","Csilla","1","Miru","1","1","925"
"2505","1","test","21","z","2","shape2.jpg","5","<none>","You","Csilla","1","Miru","1","1","1067"
"2505","1","test","22","z","6","shape3.jpg","5","<none>","You","Csilla","1","Miru","2","0","683"
"2505","1","test","23","z","1","shape1.jpg","5","<none>","You","Csilla","1","Miru","1","1","994"
"2505","1","test","24","z","2","shape2.jpg","5","<none>","You","Csilla","1","Miru","1","1","805"
"2505","1","test","25","m","8","shape2.jpg","5","<none>","You","Csilla","1","Miru","2","1","905"
"2505","1","test","26","z","5","shape2.jpg","5","<none>","You","Csilla","1","Miru","2","0","823"
"2505","1","test","27","z","3","shape3.jpg","5","<none>","You","Csilla","1","Miru","1","1","1194"
"2505","1","test","28","z","1","shape1.jpg","5","<none>","You","Csilla","1","Miru","1","1","788"
"2505","1","test","29","z","6","shape3.jpg","5","<none>","You","Csilla","1","Miru","2","0","752"
"2505","1","test","30","m","4","shape1.jpg","5","<none>","You","Csilla","1","Miru","2","1","1285"
"2505","1","test","31","m","4","shape1.jpg","5","<none>","You","Csilla","1","Miru","2","1","1284"
"2505","1","test","32","m","7","shape1.jpg","5","<none>","You","Csilla","1","Miru","2","1","1473"
"2505","1","test","33","z","2","shape2.jpg","5","<none>","You","Csilla","1","Miru","1","1","919"
"2505","1","test","34","m","6","shape3.jpg","5","<none>","You","Csilla","1","Miru","2","1","1318"
"2505","1","test","35","m","7","shape1.jpg","5","<none>","You","Csilla","1","Miru","2","1","1059"
"2505","1","test","36","z","3","shape3.jpg","5","<none>","You","Csilla","1","Miru","1","1","978"
"2505","1","test","37","z","2","shape2.jpg","5","<none>","You","Csilla","1","Miru","1","1","718"
"2505","1","test","38","m","9","shape3.jpg","5","<none>","You","Csilla","1","Miru","2","1","1380"
"2505","1","test","39","z","2","shape2.jpg","5","<none>","You","Csilla","1","Miru","1","1","679"
"2505","1","test","40","m","5","shape2.jpg","5","<none>","You","Csilla","1","Miru","2","1","1160"
"2505","1","test","41","m","8","shape2.jpg","5","<none>","You","Csilla","1","Miru","2","1","869"
"2505","1","test","42","m","5","shape2.jpg","5","<none>","You","Csilla","1","Miru","2","1","1092"
"2505","1","test","43","z","2","shape2.jpg","5","<none>","You","Csilla","1","Miru","1","1","834"
"2505","1","test","44","z","2","shape2.jpg","5","<none>","You","Csilla","1","Miru","1","1","724"
"2505","1","test","45","m","4","shape1.jpg","5","<none>","You","Csilla","1","Miru","2","1","1275"
"2505","1","test","46","z","3","shape3.jpg","5","<none>","You","Csilla","1","Miru","1","1","1091"
"2505","1","test","47","z","6","shape3.jpg","5","<none>","You","Csilla","1","Miru","2","0","1362"
"2505","1","test","48","z","3","shape3.jpg","5","<none>","You","Csilla","1","Miru","1","1","724"
"2505","1","test","49","m","4","shape1.jpg","5","<none>","You","Csilla","1","Miru","2","1","1060"
"2505","1","test","50","z","1","shape1.jpg","5","<none>","You","Csilla","1","Miru","1","1","1394"
"2505","1","test","51","z","3","shape3.jpg","5","<none>","You","Csilla","1","Miru","1","1","892"
"2505","1","test","52","z","3","shape3.jpg","5","<none>","You","Csilla","1","Miru","1","1","956"
"2505","1","test","53","m","4","shape1.jpg","5","<none>","You","Csilla","1","Miru","2","1","1065"
"2505","1","test","54","m","8","shape2.jpg","5","<none>","You","Csilla","1","Miru","2","1","945"
"2505","1","test","55","m","7","shape1.jpg","5","<none>","You","Csilla","1","Miru","2","1","1158"
"2505","1","test","56","m","1","shape1.jpg","5","<none>","You","Csilla","1","Miru","1","0","1081"
"2505","1","test","57","z","3","shape3.jpg","5","<none>","You","Csilla","1","Miru","1","1","794"
"2505","1","test","58","z","3","shape3.jpg","5","<none>","You","Csilla","1","Miru","1","1","798"
"2505","1","test","59","m","9","shape3.jpg","5","<none>","You","Csilla","1","Miru","2","1","985"
"2505","1","test","60","m","7","shape1.jpg","5","<none>","You","Csilla","1","Miru","2","1","1052"
"2505","1","test","61","z","1","shape1.jpg","5","<none>","You","Csilla","1","Miru","1","1","612"
"2505","1","test","62","m","5","shape2.jpg","5","<none>","You","Csilla","1","Miru","2","1","1231"
"2505","1","test","63","z","3","shape3.jpg","5","<none>","You","Csilla","1","Miru","1","1","817"
"2505","1","test","64","m","1","shape1.jpg","5","<none>","You","Csilla","1","Miru","1","0","900"
"2505","1","test","65","m","8","shape2.jpg","5","<none>","You","Csilla","1","Miru","2","1","1033"
"2505","1","test","66","z","3","shape3.jpg","5","<none>","You","Csilla","1","Miru","1","1","916"
"2505","1","test","67","z","3","shape3.jpg","5","<none>","You","Csilla","1","Miru","1","1","921"
"2505","1","test","68","z","1","shape1.jpg","5","<none>","You","Csilla","1","Miru","1","1","791"
"2505","1","test","69","z","2","shape2.jpg","5","<none>","You","Csilla","1","Miru","1","1","690"
"2505","1","test","70","z","3","shape3.jpg","5","<none>","You","Csilla","1","Miru","1","1","866"
"2505","1","test","71","m","6","shape3.jpg","5","<none>","You","Csilla","1","Miru","2","1","892"
"2505","1","test","72","z","2","shape2.jpg","5","<none>","You","Csilla","1","Miru","1","1","938"
"2505","1","test","73","z","2","shape2.jpg","5","<none>","You","Csilla","1","Miru","1","1","1375"
"2505","1","test","74","z","3","shape3.jpg","5","<none>","You","Csilla","1","Miru","1","1","1345"
"2505","1","test","75","m","5","shape2.jpg","5","<none>","You","Csilla","1","Miru","2","1","981"
"2505","1","test","76","m","7","shape1.jpg","5","<none>","You","Csilla","1","Miru","2","1","834"
"2505","1","test","77","m","6","shape3.jpg","5","<none>","You","Csilla","1","Miru","2","1","972"
"2505","1","test","78","m","4","shape1.jpg","5","<none>","You","Csilla","1","Miru","2","1","1016"
"2505","1","test","79","m","5","shape2.jpg","5","<none>","You","Csilla","1","Miru","2","1","1129"
"2505","1","test","80","m","4","shape1.jpg","5","<none>","You","Csilla","1","Miru","2","1","1405"
"2505","1","test","81","z","2","shape2.jpg","5","<none>","You","Csilla","1","Miru","1","1","1016"
"2505","1","test","82","z","1","shape1.jpg","5","<none>","You","Csilla","1","Miru","1","1","1000"
"2505","1","test","83","m","7","shape1.jpg","5","<none>","You","Csilla","1","Miru","2","1","923"
"2505","1","test","84","m","1","shape1.jpg","5","<none>","You","Csilla","1","Miru","1","0","1081"
"2505","1","test","85","z","3","shape3.jpg","5","<none>","You","Csilla","1","Miru","1","1","816"
"2505","1","test","86","z","2","shape2.jpg","5","<none>","You","Csilla","1","Miru","1","1","763"
"2505","1","test","87","m","1","shape1.jpg","5","<none>","You","Csilla","1","Miru","1","0","799"
"2505","1","test","88","z","3","shape3.jpg","5","<none>","You","Csilla","1","Miru","1","1","963"
"2505","1","test","89","z","3","shape3.jpg","5","<none>","You","Csilla","1","Miru","1","1","807"
"2505","1","test","90","z","9","shape3.jpg","5","<none>","You","Csilla","1","Miru","2","0","635"
"2505","1","test","91","z","3","shape3.jpg","5","<none>","You","Csilla","1","Miru","1","1","700"
"2505","1","test","92","m","1","shape1.jpg","5","<none>","You","Csilla","1","Miru","1","0","885"
"2505","1","test","93","z","3","shape3.jpg","5","<none>","You","Csilla","1","Miru","1","1","691"
"2505","1","test","94","z","7","shape1.jpg","5","<none>","You","Csilla","1","Miru","2","0","396"
"2505","1","test","95","z","2","shape2.jpg","5","<none>","You","Csilla","1","Miru","1","1","815"
"2505","1","test","96","m","5","shape2.jpg","5","<none>","You","Csilla","1","Miru","2","1","1187"
"2505","1","test","97","m","6","shape3.jpg","5","<none>","You","Csilla","1","Miru","2","1","1124"
"2505","1","test","98","m","8","shape2.jpg","5","<none>","You","Csilla","1","Miru","2","1","1146"
"2505","1","test","99","z","2","shape2.jpg","5","<none>","You","Csilla","1","Miru","1","1","1006"
"2505","1","test","100","m","5","shape2.jpg","5","<none>","You","Csilla","1","Miru","2","1","938"
"2505","1","test","101","z","3","shape3.jpg","5","<none>","You","Csilla","1","Miru","1","1","998"
"2505","1","test","102","z","2","shape2.jpg","5","<none>","You","Csilla","1","Miru","1","1","858"
"2505","1","test","103","z","6","shape3.jpg","5","<none>","You","Csilla","1","Miru","2","0","553"
"2505","1","test","104","x","5","shape2.jpg","5","<none>","You","Csilla","1","Miru","2","0","1500"
"2505","1","test","105","m","8","shape2.jpg","5","<none>","You","Csilla","1","Miru","2","1","908"
"2505","1","test","106","m","4","shape1.jpg","5","<none>","You","Csilla","1","Miru","2","1","979"
"2505","1","test","107","m","3","shape3.jpg","5","<none>","You","Csilla","1","Miru","1","0","806"
"2505","1","test","108","m","7","shape1.jpg","5","<none>","You","Csilla","1","Miru","2","1","793"
"2505","1","test","109","z","2","shape2.jpg","5","<none>","You","Csilla","1","Miru","1","1","1190"
"2505","1","test","110","m","9","shape3.jpg","5","<none>","You","Csilla","1","Miru","2","1","1207"
"2505","1","test","111","m","4","shape1.jpg","5","<none>","You","Csilla","1","Miru","2","1","1026"
"2505","1","test","112","z","1","shape1.jpg","5","<none>","You","Csilla","1","Miru","1","1","996"
"2505","1","test","113","z","1","shape1.jpg","5","<none>","You","Csilla","1","Miru","1","1","573"
"2505","1","test","114","z","6","shape3.jpg","5","<none>","You","Csilla","1","Miru","2","0","762"
"2505","1","test","115","m","4","shape1.jpg","5","<none>","You","Csilla","1","Miru","2","1","1440"
"2505","1","test","116","m","9","shape3.jpg","5","<none>","You","Csilla","1","Miru","2","1","1056"
"2505","1","test","117","m","9","shape3.jpg","5","<none>","You","Csilla","1","Miru","2","1","1040"
"2505","1","test","118","m","4","shape1.jpg","5","<none>","You","Csilla","1","Miru","2","1","1002"
"2505","1","test","119","z","2","shape2.jpg","5","<none>","You","Csilla","1","Miru","1","1","812"
"2505","1","test","120","m","9","shape3.jpg","5","<none>","You","Csilla","1","Miru","2","1","1007"
"2505","1","test","121","z","3","shape3.jpg","5","<none>","You","Csilla","1","Miru","1","1","1041"
"2505","1","test","122","z","2","shape2.jpg","5","<none>","You","Csilla","1","Miru","1","1","816"
"2505","1","test","123","z","2","shape2.jpg","5","<none>","You","Csilla","1","Miru","1","1","852"
"2505","1","test","124","x","4","shape1.jpg","5","<none>","You","Csilla","1","Miru","2","0","1499"
"2505","1","test","125","z","1","shape1.jpg","5","<none>","You","Csilla","1","Miru","1","1","1271"
"2505","1","test","126","z","1","shape1.jpg","5","<none>","You","Csilla","1","Miru","1","1","951"
"2505","1","test","127","z","1","shape1.jpg","5","<none>","You","Csilla","1","Miru","1","1","605"
"2505","1","test","128","z","5","shape2.jpg","5","<none>","You","Csilla","1","Miru","2","0","648"
"2505","1","test","129","z","1","shape1.jpg","5","<none>","You","Csilla","1","Miru","1","1","776"
"2505","1","test","130","z","1","shape1.jpg","5","<none>","You","Csilla","1","Miru","1","1","621"
"2505","1","test","131","m","7","shape1.jpg","5","<none>","You","Csilla","1","Miru","2","1","1080"
"2505","1","test","132","z","2","shape2.jpg","5","<none>","You","Csilla","1","Miru","1","1","1239"
"2505","1","test","133","z","3","shape3.jpg","5","<none>","You","Csilla","1","Miru","1","1","951"
"2505","1","test","134","z","2","shape2.jpg","5","<none>","You","Csilla","1","Miru","1","1","684"
"2505","1","test","135","z","6","shape3.jpg","5","<none>","You","Csilla","1","Miru","2","0","596"
"2505","1","test","136","m","8","shape2.jpg","5","<none>","You","Csilla","1","Miru","2","1","1481"
"2505","1","test","137","z","1","shape1.jpg","5","<none>","You","Csilla","1","Miru","1","1","783"
"2505","1","test","138","z","1","shape1.jpg","5","<none>","You","Csilla","1","Miru","1","1","722"
"2505","1","test","139","z","2","shape2.jpg","5","<none>","You","Csilla","1","Miru","1","1","976"
"2505","1","test","140","z","1","shape1.jpg","5","<none>","You","Csilla","1","Miru","1","1","1180"
"2505","1","test","141","m","9","shape3.jpg","5","<none>","You","Csilla","1","Miru","2","1","1016"
"2505","1","test","142","x","2","shape2.jpg","5","<none>","You","Csilla","1","Miru","1","0","1500"
"2505","1","test","143","m","8","shape2.jpg","5","<none>","You","Csilla","1","Miru","2","1","846"
"2505","1","test","144","m","6","shape3.jpg","5","<none>","You","Csilla","1","Miru","2","1","695"
"2505","1","test","145","z","1","shape1.jpg","5","<none>","You","Csilla","1","Miru","1","1","991"
"2505","1","test","146","m","5","shape2.jpg","5","<none>","You","Csilla","1","Miru","2","1","1058"
"2505","1","test","147","z","2","shape2.jpg","5","<none>","You","Csilla","1","Miru","1","1","698"
"2505","1","test","148","m","6","shape3.jpg","5","<none>","You","Csilla","1","Miru","2","1","841"
"2505","1","test","149","m","5","shape2.jpg","5","<none>","You","Csilla","1","Miru","2","1","907"
"2505","1","test","150","m","9","shape3.jpg","5","<none>","You","Csilla","1","Miru","2","1","890"
"2505","1","test","151","z","2","shape2.jpg","5","<none>","You","Csilla","1","Miru","1","1","705"
"2505","1","test","152","z","1","shape1.jpg","5","<none>","You","Csilla","1","Miru","1","1","913"
"2505","1","test","153","z","4","shape1.jpg","5","<none>","You","Csilla","1","Miru","2","0","694"
"2505","1","test","154","m","9","shape3.jpg","5","<none>","You","Csilla","1","Miru","2","1","990"
"2505","1","test","155","m","5","shape2.jpg","5","<none>","You","Csilla","1","Miru","2","1","1058"
"2505","1","test","156","z","2","shape2.jpg","5","<none>","You","Csilla","1","Miru","1","1","1195"
"2505","1","test","157","z","1","shape1.jpg","5","<none>","You","Csilla","1","Miru","1","1","1325"
"2505","1","test","158","z","1","shape1.jpg","5","<none>","You","Csilla","1","Miru","1","1","793"
"2505","1","test","159","z","2","shape2.jpg","5","<none>","You","Csilla","1","Miru","1","1","757"
"2505","1","test","160","z","2","shape2.jpg","5","<none>","You","Csilla","1","Miru","1","1","635"
"2505","1","test","161","m","5","shape2.jpg","5","<none>","You","Csilla","1","Miru","2","1","844"
"2505","1","test","162","z","2","shape2.jpg","5","<none>","You","Csilla","1","Miru","1","1","693"
"2505","1","test","163","z","1","shape1.jpg","5","<none>","You","Csilla","1","Miru","1","1","814"
"2505","1","test","164","m","4","shape1.jpg","5","<none>","You","Csilla","1","Miru","2","1","970"
"2505","1","test","165","z","3","shape3.jpg","5","<none>","You","Csilla","1","Miru","1","1","933"
"2505","1","test","166","z","2","shape2.jpg","5","<none>","You","Csilla","1","Miru","1","1","626"
"2505","1","test","167","m","5","shape2.jpg","5","<none>","You","Csilla","1","Miru","2","1","1061"
"2505","1","test","168","z","3","shape3.jpg","5","<none>","You","Csilla","1","Miru","1","1","749"
"2505","1","test","169","m","6","shape3.jpg","5","<none>","You","Csilla","1","Miru","2","1","977"
"2505","1","test","170","m","7","shape1.jpg","5","<none>","You","Csilla","1","Miru","2","1","805"
"2505","1","test","171","m","5","shape2.jpg","5","<none>","You","Csilla","1","Miru","2","1","961"
"2505","1","test","172","m","2","shape2.jpg","5","<none>","You","Csilla","1","Miru","1","0","1309"
"2505","1","test","173","m","7","shape1.jpg","5","<none>","You","Csilla","1","Miru","2","1","707"
"2505","1","test","174","z","1","shape1.jpg","5","<none>","You","Csilla","1","Miru","1","1","907"
"2505","1","test","175","z","1","shape1.jpg","5","<none>","You","Csilla","1","Miru","1","1","849"
"2505","1","test","176","z","1","shape1.jpg","5","<none>","You","Csilla","1","Miru","1","1","930"
"2505","1","test","177","z","6","shape3.jpg","5","<none>","You","Csilla","1","Miru","2","0","744"
"2505","1","test","178","z","2","shape2.jpg","5","<none>","You","Csilla","1","Miru","1","1","517"
"2505","1","test","179","z","1","shape1.jpg","5","<none>","You","Csilla","1","Miru","1","1","1020"
"2505","1","test","180","z","2","shape2.jpg","5","<none>","You","Csilla","1","Miru","1","1","1079"
"2505","1","test","181","z","2","shape2.jpg","5","<none>","You","Csilla","1","Miru","1","1","869"
"2505","1","test","182","z","3","shape3.jpg","5","<none>","You","Csilla","1","Miru","1","1","1310"
"2505","1","test","183","m","5","shape2.jpg","5","<none>","You","Csilla","1","Miru","2","1","1307"
"2505","1","test","184","m","8","shape2.jpg","5","<none>","You","Csilla","1","Miru","2","1","1048"
"2505","1","test","185","z","8","shape2.jpg","5","<none>","You","Csilla","1","Miru","2","0","1281"
"2505","1","test","186","z","2","shape2.jpg","5","<none>","You","Csilla","1","Miru","1","1","648"
"2505","1","test","187","m","8","shape2.jpg","5","<none>","You","Csilla","1","Miru","2","1","770"
"2505","1","test","188","m","8","shape2.jpg","5","<none>","You","Csilla","1","Miru","2","1","886"
"2505","1","test","189","m","7","shape1.jpg","5","<none>","You","Csilla","1","Miru","2","1","887"
"2505","1","test","190","z","3","shape3.jpg","5","<none>","You","Csilla","1","Miru","1","1","1374"
"2505","1","test","191","x","9","shape3.jpg","5","<none>","You","Csilla","1","Miru","2","0","1500"
"2505","1","test","192","m","5","shape2.jpg","5","<none>","You","Csilla","1","Miru","2","1","899"
"2505","1","test","193","z","2","shape2.jpg","5","<none>","You","Csilla","1","Miru","1","1","715"
"2505","1","test","194","z","3","shape3.jpg","5","<none>","You","Csilla","1","Miru","1","1","777"
"2505","1","test","195","m","3","shape3.jpg","5","<none>","You","Csilla","1","Miru","1","0","941"
"2505","1","test","196","z","3","shape3.jpg","5","<none>","You","Csilla","1","Miru","1","1","530"
"2505","1","test","197","m","1","shape1.jpg","5","<none>","You","Csilla","1","Miru","1","0","953"
"2505","1","test","198","m","4","shape1.jpg","5","<none>","You","Csilla","1","Miru","2","1","782"
"2505","1","test","199","z","1","shape1.jpg","5","<none>","You","Csilla","1","Miru","1","1","665"
"2505","1","test","200","m","9","shape3.jpg","5","<none>","You","Csilla","1","Miru","2","1","1180"
"2505","1","test","201","z","1","shape1.jpg","5","<none>","You","Csilla","1","Miru","1","1","799"
"2505","1","test","202","m","8","shape2.jpg","5","<none>","You","Csilla","1","Miru","2","1","1353"
"2505","1","test","203","z","3","shape3.jpg","5","<none>","You","Csilla","1","Miru","1","1","685"
"2505","1","test","204","z","1","shape1.jpg","5","<none>","You","Csilla","1","Miru","1","1","700"
"2505","1","test","205","z","3","shape3.jpg","5","<none>","You","Csilla","1","Miru","1","1","667"
"2505","1","test","206","m","4","shape1.jpg","5","<none>","You","Csilla","1","Miru","2","1","1085"
"2505","1","test","207","m","6","shape3.jpg","5","<none>","You","Csilla","1","Miru","2","1","993"
"2505","1","test","208","z","1","shape1.jpg","5","<none>","You","Csilla","1","Miru","1","1","846"
"2505","1","test","209","z","2","shape2.jpg","5","<none>","You","Csilla","1","Miru","1","1","791"
"2505","1","test","210","m","8","shape2.jpg","5","<none>","You","Csilla","1","Miru","2","1","1003"
"2505","1","test","211","m","8","shape2.jpg","5","<none>","You","Csilla","1","Miru","2","1","830"
"2505","1","test","212","z","2","shape2.jpg","5","<none>","You","Csilla","1","Miru","1","1","624"
"2505","1","test","213","m","7","shape1.jpg","5","<none>","You","Csilla","1","Miru","2","1","890"
"2505","1","test","214","m","8","shape2.jpg","5","<none>","You","Csilla","1","Miru","2","1","947"
"2505","1","test","215","z","3","shape3.jpg","5","<none>","You","Csilla","1","Miru","1","1","560"
"2505","1","test","216","z","3","shape3.jpg","5","<none>","You","Csilla","1","Miru","1","1","620"
"2505","1","test","217","m","8","shape2.jpg","5","<none>","You","Csilla","1","Miru","2","1","608"
"2505","1","test","218","m","1","shape1.jpg","5","<none>","You","Csilla","1","Miru","1","0","732"
"2505","1","test","219","z","2","shape2.jpg","5","<none>","You","Csilla","1","Miru","1","1","488"
"2505","1","test","220","z","4","shape1.jpg","5","<none>","You","Csilla","1","Miru","2","0","410"
"2505","1","test","221","m","9","shape3.jpg","5","<none>","You","Csilla","1","Miru","2","1","1166"
"2505","1","test","222","z","2","shape2.jpg","5","<none>","You","Csilla","1","Miru","1","1","744"
"2505","1","test","223","m","4","shape1.jpg","5","<none>","You","Csilla","1","Miru","2","1","880"
"2505","1","test","224","m","4","shape1.jpg","5","<none>","You","Csilla","1","Miru","2","1","1279"
"2505","1","test","225","m","3","shape3.jpg","5","<none>","You","Csilla","1","Miru","1","0","1126"
"2505","1","test","226","z","1","shape1.jpg","5","<none>","You","Csilla","1","Miru","1","1","835"
"2505","1","test","227","m","6","shape3.jpg","5","<none>","You","Csilla","1","Miru","2","1","789"
"2505","1","test","228","z","6","shape3.jpg","5","<none>","You","Csilla","1","Miru","2","0","634"
"2505","1","test","229","z","2","shape2.jpg","5","<none>","You","Csilla","1","Miru","1","1","539"
"2505","1","test","230","z","1","shape1.jpg","5","<none>","You","Csilla","1","Miru","1","1","673"
"2505","1","test","231","m","3","shape3.jpg","5","<none>","You","Csilla","1","Miru","1","0","987"
"2505","1","test","232","z","2","shape2.jpg","5","<none>","You","Csilla","1","Miru","1","1","676"
"2505","1","test","233","m","8","shape2.jpg","5","<none>","You","Csilla","1","Miru","2","1","1206"
"2505","1","test","234","m","6","shape3.jpg","5","<none>","You","Csilla","1","Miru","2","1","792"
"2505","1","test","235","m","8","shape2.jpg","5","<none>","You","Csilla","1","Miru","2","1","732"
"2505","1","test","236","z","9","shape3.jpg","5","<none>","You","Csilla","1","Miru","2","0","1273"
"2505","1","test","237","m","7","shape1.jpg","5","<none>","You","Csilla","1","Miru","2","1","737"
"2505","1","test","238","z","2","shape2.jpg","5","<none>","You","Csilla","1","Miru","1","1","694"
"2505","1","test","239","z","3","shape3.jpg","5","<none>","You","Csilla","1","Miru","1","1","686"
"2505","1","test","240","m","5","shape2.jpg","5","<none>","You","Csilla","1","Miru","2","1","1063"
"2505","1","test","241","m","8","shape2.jpg","5","<none>","You","Csilla","1","Miru","2","1","1015"
"2505","1","test","242","z","3","shape3.jpg","5","<none>","You","Csilla","1","Miru","1","1","912"
"2505","1","test","243","m","6","shape3.jpg","5","<none>","You","Csilla","1","Miru","2","1","704"
"2505","1","test","244","z","1","shape1.jpg","5","<none>","You","Csilla","1","Miru","1","1","647"
"2505","1","test","245","z","1","shape1.jpg","5","<none>","You","Csilla","1","Miru","1","1","752"
"2505","1","test","246","m","6","shape3.jpg","5","<none>","You","Csilla","1","Miru","2","1","983"
"2505","1","test","247","m","9","shape3.jpg","5","<none>","You","Csilla","1","Miru","2","1","960"
"2505","1","test","248","z","8","shape2.jpg","5","<none>","You","Csilla","1","Miru","2","0","982"
"2505","1","test","249","z","3","shape3.jpg","5","<none>","You","Csilla","1","Miru","1","1","1480"
"2505","1","test","250","z","1","shape1.jpg","5","<none>","You","Csilla","1","Miru","1","1","944"
"2505","1","test","251","z","3","shape3.jpg","5","<none>","You","Csilla","1","Miru","1","1","1291"
"2505","1","test","252","m","3","shape3.jpg","5","<none>","You","Csilla","1","Miru","1","0","1027"
"2505","1","test","253","m","9","shape3.jpg","5","<none>","You","Csilla","1","Miru","2","1","820"
"2505","1","test","254","z","1","shape1.jpg","5","<none>","You","Csilla","1","Miru","1","1","767"
"2505","1","test","255","z","9","shape3.jpg","5","<none>","You","Csilla","1","Miru","2","0","914"
"2505","1","test","256","m","5","shape2.jpg","5","<none>","You","Csilla","1","Miru","2","1","704"
"2505","1","test","257","z","2","shape2.jpg","5","<none>","You","Csilla","1","Miru","1","1","856"
"2505","1","test","258","z","1","shape1.jpg","5","<none>","You","Csilla","1","Miru","1","1","648"
"2505","1","test","259","m","7","shape1.jpg","5","<none>","You","Csilla","1","Miru","2","1","706"
"2505","1","test","260","m","6","shape3.jpg","5","<none>","You","Csilla","1","Miru","2","1","938"
"2505","1","test","261","m","8","shape2.jpg","5","<none>","You","Csilla","1","Miru","2","1","944"
"2505","1","test","262","m","9","shape3.jpg","5","<none>","You","Csilla","1","Miru","2","1","1124"
"2505","1","test","263","z","2","shape2.jpg","5","<none>","You","Csilla","1","Miru","1","1","762"
"2505","1","test","264","m","4","shape1.jpg","5","<none>","You","Csilla","1","Miru","2","1","959"
"2505","1","test","265","z","3","shape3.jpg","5","<none>","You","Csilla","1","Miru","1","1","956"
"2505","1","test","266","z","1","shape1.jpg","5","<none>","You","Csilla","1","Miru","1","1","840"
"2505","1","test","267","z","2","shape2.jpg","5","<none>","You","Csilla","1","Miru","1","1","600"
"2505","1","test","268","z","3","shape3.jpg","5","<none>","You","Csilla","1","Miru","1","1","876"
"2505","1","test","269","z","3","shape3.jpg","5","<none>","You","Csilla","1","Miru","1","1","1158"
"2505","1","test","270","m","6","shape3.jpg","5","<none>","You","Csilla","1","Miru","2","1","904"
"2505","1","test","271","m","7","shape1.jpg","5","<none>","You","Csilla","1","Miru","2","1","1135"
"2505","1","test","272","m","7","shape1.jpg","5","<none>","You","Csilla","1","Miru","2","1","836"
"2505","1","test","273","z","1","shape1.jpg","5","<none>","You","Csilla","1","Miru","1","1","829"
"2505","1","test","274","m","6","shape3.jpg","5","<none>","You","Csilla","1","Miru","2","1","760"
"2505","1","test","275","m","1","shape1.jpg","5","<none>","You","Csilla","1","Miru","1","0","845"
"2505","1","test","276","z","2","shape2.jpg","5","<none>","You","Csilla","1","Miru","1","1","615"
"2505","1","test","277","m","5","shape2.jpg","5","<none>","You","Csilla","1","Miru","2","1","1075"
"2505","1","test","278","m","6","shape3.jpg","5","<none>","You","Csilla","1","Miru","2","1","801"
"2505","1","test","279","x","2","shape2.jpg","5","<none>","You","Csilla","1","Miru","1","0","1499"
"2505","1","test","280","z","1","shape1.jpg","5","<none>","You","Csilla","1","Miru","1","1","799"
"2505","1","test","281","z","3","shape3.jpg","5","<none>","You","Csilla","1","Miru","1","1","906"
"2505","1","test","282","z","2","shape2.jpg","5","<none>","You","Csilla","1","Miru","1","1","545"
"2505","1","test","283","z","2","shape2.jpg","5","<none>","You","Csilla","1","Miru","1","1","943"
"2505","1","test","284","z","3","shape3.jpg","5","<none>","You","Csilla","1","Miru","1","1","1085"
"2505","1","test","285","z","3","shape3.jpg","5","<none>","You","Csilla","1","Miru","1","1","571"
"2505","1","test","286","m","5","shape2.jpg","5","<none>","You","Csilla","1","Miru","2","1","1041"
"2505","1","test","287","m","9","shape3.jpg","5","<none>","You","Csilla","1","Miru","2","1","754"
"2505","1","test","288","m","4","shape1.jpg","5","<none>","You","Csilla","1","Miru","2","1","1008"
"2505","1","test","289","m","8","shape2.jpg","5","<none>","You","Csilla","1","Miru","2","1","970"
"2505","1","test","290","m","6","shape3.jpg","5","<none>","You","Csilla","1","Miru","2","1","1157"
"2505","1","test","291","m","9","shape3.jpg","5","<none>","You","Csilla","1","Miru","2","1","953"
"2505","1","test","292","m","4","shape1.jpg","5","<none>","You","Csilla","1","Miru","2","1","758"
"2505","1","test","293","m","5","shape2.jpg","5","<none>","You","Csilla","1","Miru","2","1","812"
"2505","1","test","294","z","2","shape2.jpg","5","<none>","You","Csilla","1","Miru","1","1","870"
"2505","1","test","295","m","9","shape3.jpg","5","<none>","You","Csilla","1","Miru","2","1","950"
"2505","1","test","296","z","3","shape3.jpg","5","<none>","You","Csilla","1","Miru","1","1","1147"
"2505","1","test","297","m","8","shape2.jpg","5","<none>","You","Csilla","1","Miru","2","1","879"
"2505","1","test","298","m","9","shape3.jpg","5","<none>","You","Csilla","1","Miru","2","1","903"
"2505","1","test","299","z","3","shape3.jpg","5","<none>","You","Csilla","1","Miru","1","1","669"
"2505","1","test","300","z","3","shape3.jpg","5","<none>","You","Csilla","1","Miru","1","1","679"
"2505","1","test","301","z","1","shape1.jpg","5","<none>","You","Csilla","1","Miru","1","1","832"
"2505","1","test","302","m","8","shape2.jpg","5","<none>","You","Csilla","1","Miru","2","1","1281"
"2505","1","test","303","m","4","shape1.jpg","5","<none>","You","Csilla","1","Miru","2","1","863"
"2505","1","test","304","z","3","shape3.jpg","5","<none>","You","Csilla","1","Miru","1","1","1088"
"2505","1","test","305","m","7","shape1.jpg","5","<none>","You","Csilla","1","Miru","2","1","927"
"2505","1","test","306","m","7","shape1.jpg","5","<none>","You","Csilla","1","Miru","2","1","844"
"2505","1","test","307","m","7","shape1.jpg","5","<none>","You","Csilla","1","Miru","2","1","1015"
"2505","1","test","308","z","3","shape3.jpg","5","<none>","You","Csilla","1","Miru","1","1","642"
"2505","1","test","309","m","7","shape1.jpg","5","<none>","You","Csilla","1","Miru","2","1","715"
"2505","1","test","310","m","1","shape1.jpg","5","<none>","You","Csilla","1","Miru","1","0","593"
"2505","1","test","311","m","5","shape2.jpg","5","<none>","You","Csilla","1","Miru","2","1","966"
"2505","1","test","312","z","1","shape1.jpg","5","<none>","You","Csilla","1","Miru","1","1","1369"
"2505","1","test","313","m","9","shape3.jpg","5","<none>","You","Csilla","1","Miru","2","1","884"
"2505","1","test","314","m","7","shape1.jpg","5","<none>","You","Csilla","1","Miru","2","1","1387"
"2505","1","test","315","m","5","shape2.jpg","5","<none>","You","Csilla","1","Miru","2","1","790"
"2505","1","test","316","m","7","shape1.jpg","5","<none>","You","Csilla","1","Miru","2","1","818"
"2505","1","test","317","m","7","shape1.jpg","5","<none>","You","Csilla","1","Miru","2","1","700"
"2505","1","test","318","z","3","shape3.jpg","5","<none>","You","Csilla","1","Miru","1","1","922"
"2505","1","test","319","z","3","shape3.jpg","5","<none>","You","Csilla","1","Miru","1","1","713"
"2505","1","test","320","m","6","shape3.jpg","5","<none>","You","Csilla","1","Miru","2","1","817"
"2505","1","test","321","z","2","shape2.jpg","5","<none>","You","Csilla","1","Miru","1","1","691"
"2505","1","test","322","m","5","shape2.jpg","5","<none>","You","Csilla","1","Miru","2","1","699"
"2505","1","test","323","z","1","shape1.jpg","5","<none>","You","Csilla","1","Miru","1","1","761"
"2505","1","test","324","m","4","shape1.jpg","5","<none>","You","Csilla","1","Miru","2","1","678"
"2505","1","test","325","z","9","shape3.jpg","5","<none>","You","Csilla","1","Miru","2","0","680"
"2505","1","test","326","m","4","shape1.jpg","5","<none>","You","Csilla","1","Miru","2","1","841"
"2505","1","test","327","z","9","shape3.jpg","5","<none>","You","Csilla","1","Miru","2","0","1322"
"2505","1","test","328","m","6","shape3.jpg","5","<none>","You","Csilla","1","Miru","2","1","854"
"2505","1","test","329","z","2","shape2.jpg","5","<none>","You","Csilla","1","Miru","1","1","775"
"2505","1","test","330","m","6","shape3.jpg","5","<none>","You","Csilla","1","Miru","2","1","1044"
"2505","1","test","331","z","3","shape3.jpg","5","<none>","You","Csilla","1","Miru","1","1","700"
"2505","1","test","332","m","7","shape1.jpg","5","<none>","You","Csilla","1","Miru","2","1","1108"
"2505","1","test","333","m","5","shape2.jpg","5","<none>","You","Csilla","1","Miru","2","1","947"
"2505","1","test","334","m","7","shape1.jpg","5","<none>","You","Csilla","1","Miru","2","1","734"
"2505","1","test","335","z","7","shape1.jpg","5","<none>","You","Csilla","1","Miru","2","0","958"
"2505","1","test","336","z","3","shape3.jpg","5","<none>","You","Csilla","1","Miru","1","1","842"
"2505","1","test","337","m","4","shape1.jpg","5","<none>","You","Csilla","1","Miru","2","1","915"
"2505","1","test","338","z","1","shape1.jpg","5","<none>","You","Csilla","1","Miru","1","1","912"
"2505","1","test","339","m","6","shape3.jpg","5","<none>","You","Csilla","1","Miru","2","1","889"
"2505","1","test","340","z","1","shape1.jpg","5","<none>","You","Csilla","1","Miru","1","1","975"
"2505","1","test","341","z","2","shape2.jpg","5","<none>","You","Csilla","1","Miru","1","1","1052"
"2505","1","test","342","m","7","shape1.jpg","5","<none>","You","Csilla","1","Miru","2","1","787"
"2505","1","test","343","m","8","shape2.jpg","5","<none>","You","Csilla","1","Miru","2","1","808"
"2505","1","test","344","z","1","shape1.jpg","5","<none>","You","Csilla","1","Miru","1","1","906"
"2505","1","test","345","m","8","shape2.jpg","5","<none>","You","Csilla","1","Miru","2","1","993"
"2505","1","test","346","z","1","shape1.jpg","5","<none>","You","Csilla","1","Miru","1","1","997"
"2505","1","test","347","z","2","shape2.jpg","5","<none>","You","Csilla","1","Miru","1","1","816"
"2505","1","test","348","m","5","shape2.jpg","5","<none>","You","Csilla","1","Miru","2","1","874"
"2505","1","test","349","m","5","shape2.jpg","5","<none>","You","Csilla","1","Miru","2","1","1003"
"2505","1","test","350","m","3","shape3.jpg","5","<none>","You","Csilla","1","Miru","1","0","740"
"2505","1","test","351","z","1","shape1.jpg","5","<none>","You","Csilla","1","Miru","1","1","689"
"2505","1","test","352","m","3","shape3.jpg","5","<none>","You","Csilla","1","Miru","1","0","737"
"2505","1","test","353","z","2","shape2.jpg","5","<none>","You","Csilla","1","Miru","1","1","847"
"2505","1","test","354","z","4","shape1.jpg","5","<none>","You","Csilla","1","Miru","2","0","1401"
"2505","1","test","355","z","1","shape1.jpg","5","<none>","You","Csilla","1","Miru","1","1","674"
"2505","1","test","356","z","2","shape2.jpg","5","<none>","You","Csilla","1","Miru","1","1","692"
"2505","1","test","357","z","2","shape2.jpg","5","<none>","You","Csilla","1","Miru","1","1","771"
"2505","1","test","358","m","4","shape1.jpg","5","<none>","You","Csilla","1","Miru","2","1","1000"
"2505","1","test","359","m","7","shape1.jpg","5","<none>","You","Csilla","1","Miru","2","1","914"
"2505","1","test","360","m","9","shape3.jpg","5","<none>","You","Csilla","1","Miru","2","1","1001"
"2506","2","test","1","z","6","shape3.jpg","6","<none>","Eszter","You","1","Waru","2","1","1068"
"2506","2","test","2","m","3","shape3.jpg","6","<none>","Eszter","You","1","Waru","1","1","1107"
"2506","2","test","3","m","3","shape3.jpg","6","<none>","Eszter","You","1","Waru","1","1","594"
"2506","2","test","4","m","1","shape1.jpg","6","<none>","Eszter","You","1","Waru","1","1","1054"
"2506","2","test","5","m","3","shape3.jpg","6","<none>","Eszter","You","1","Waru","1","1","622"
"2506","2","test","6","m","2","shape2.jpg","6","<none>","Eszter","You","1","Waru","1","1","754"
"2506","2","test","7","z","8","shape2.jpg","6","<none>","Eszter","You","1","Waru","2","1","935"
"2506","2","test","8","x","9","shape3.jpg","6","<none>","Eszter","You","1","Waru","2","0","1499"
"2506","2","test","9","m","2","shape2.jpg","6","<none>","Eszter","You","1","Waru","1","1","807"
"2506","2","test","10","m","3","shape3.jpg","6","<none>","Eszter","You","1","Waru","1","1","754"
"2506","2","test","11","m","1","shape1.jpg","6","<none>","Eszter","You","1","Waru","1","1","751"
"2506","2","test","12","m","1","shape1.jpg","6","<none>","Eszter","You","1","Waru","1","1","708"
"2506","2","test","13","z","5","shape2.jpg","6","<none>","Eszter","You","1","Waru","2","1","835"
"2506","2","test","14","m","9","shape3.jpg","6","<none>","Eszter","You","1","Waru","2","0","789"
"2506","2","test","15","m","8","shape2.jpg","6","<none>","Eszter","You","1","Waru","2","0","560"
"2506","2","test","16","m","8","shape2.jpg","6","<none>","Eszter","You","1","Waru","2","0","656"
"2506","2","test","17","m","2","shape2.jpg","6","<none>","Eszter","You","1","Waru","1","1","680"
"2506","2","test","18","m","1","shape1.jpg","6","<none>","Eszter","You","1","Waru","1","1","953"
"2506","2","test","19","m","2","shape2.jpg","6","<none>","Eszter","You","1","Waru","1","1","764"
"2506","2","test","20","z","8","shape2.jpg","6","<none>","Eszter","You","1","Waru","2","1","930"
"2506","2","test","21","z","3","shape3.jpg","6","<none>","Eszter","You","1","Waru","1","0","1048"
"2506","2","test","22","x","6","shape3.jpg","6","<none>","Eszter","You","1","Waru","2","0","1499"
"2506","2","test","23","m","3","shape3.jpg","6","<none>","Eszter","You","1","Waru","1","1","733"
"2506","2","test","24","m","3","shape3.jpg","6","<none>","Eszter","You","1","Waru","1","1","500"
"2506","2","test","25","m","8","shape2.jpg","6","<none>","Eszter","You","1","Waru","2","0","522"
"2506","2","test","26","m","3","shape3.jpg","6","<none>","Eszter","You","1","Waru","1","1","1097"
"2506","2","test","27","z","2","shape2.jpg","6","<none>","Eszter","You","1","Waru","1","0","1304"
"2506","2","test","28","m","1","shape1.jpg","6","<none>","Eszter","You","1","Waru","1","1","958"
"2506","2","test","29","z","6","shape3.jpg","6","<none>","Eszter","You","1","Waru","2","1","899"
"2506","2","test","30","m","1","shape1.jpg","6","<none>","Eszter","You","1","Waru","1","1","1161"
"2506","2","test","31","z","5","shape2.jpg","6","<none>","Eszter","You","1","Waru","2","1","1141"
"2506","2","test","32","z","8","shape2.jpg","6","<none>","Eszter","You","1","Waru","2","1","849"
"2506","2","test","33","m","2","shape2.jpg","6","<none>","Eszter","You","1","Waru","1","1","891"
"2506","2","test","34","m","9","shape3.jpg","6","<none>","Eszter","You","1","Waru","2","0","1154"
"2506","2","test","35","m","1","shape1.jpg","6","<none>","Eszter","You","1","Waru","1","1","735"
"2506","2","test","36","m","1","shape1.jpg","6","<none>","Eszter","You","1","Waru","1","1","571"
"2506","2","test","37","x","3","shape3.jpg","6","<none>","Eszter","You","1","Waru","1","0","1499"
"2506","2","test","38","m","2","shape2.jpg","6","<none>","Eszter","You","1","Waru","1","1","1059"
"2506","2","test","39","m","2","shape2.jpg","6","<none>","Eszter","You","1","Waru","1","1","652"
"2506","2","test","40","z","7","shape1.jpg","6","<none>","Eszter","You","1","Waru","2","1","1094"
"2506","2","test","41","z","6","shape3.jpg","6","<none>","Eszter","You","1","Waru","2","1","797"
"2506","2","test","42","m","3","shape3.jpg","6","<none>","Eszter","You","1","Waru","1","1","713"
"2506","2","test","43","x","5","shape2.jpg","6","<none>","Eszter","You","1","Waru","2","0","1499"
"2506","2","test","44","z","5","shape2.jpg","6","<none>","Eszter","You","1","Waru","2","1","700"
"2506","2","test","45","m","3","shape3.jpg","6","<none>","Eszter","You","1","Waru","1","1","787"
"2506","2","test","46","m","2","shape2.jpg","6","<none>","Eszter","You","1","Waru","1","1","1063"
"2506","2","test","47","z","4","shape1.jpg","6","<none>","Eszter","You","1","Waru","2","1","823"
"2506","2","test","48","m","2","shape2.jpg","6","<none>","Eszter","You","1","Waru","1","1","801"
"2506","2","test","49","m","1","shape1.jpg","6","<none>","Eszter","You","1","Waru","1","1","765"
"2506","2","test","50","m","5","shape2.jpg","6","<none>","Eszter","You","1","Waru","2","0","810"
"2506","2","test","51","z","6","shape3.jpg","6","<none>","Eszter","You","1","Waru","2","1","804"
"2506","2","test","52","z","7","shape1.jpg","6","<none>","Eszter","You","1","Waru","2","1","767"
"2506","2","test","53","z","2","shape2.jpg","6","<none>","Eszter","You","1","Waru","1","0","796"
"2506","2","test","54","z","9","shape3.jpg","6","<none>","Eszter","You","1","Waru","2","1","856"
"2506","2","test","55","m","2","shape2.jpg","6","<none>","Eszter","You","1","Waru","1","1","567"
"2506","2","test","56","z","6","shape3.jpg","6","<none>","Eszter","You","1","Waru","2","1","574"
"2506","2","test","57","z","7","shape1.jpg","6","<none>","Eszter","You","1","Waru","2","1","891"
"2506","2","test","58","m","3","shape3.jpg","6","<none>","Eszter","You","1","Waru","1","1","618"
"2506","2","test","59","m","1","shape1.jpg","6","<none>","Eszter","You","1","Waru","1","1","509"
"2506","2","test","60","m","1","shape1.jpg","6","<none>","Eszter","You","1","Waru","1","1","636"
"2506","2","test","61","m","8","shape2.jpg","6","<none>","Eszter","You","1","Waru","2","0","656"
"2506","2","test","62","z","4","shape1.jpg","6","<none>","Eszter","You","1","Waru","2","1","944"
"2506","2","test","63","m","1","shape1.jpg","6","<none>","Eszter","You","1","Waru","1","1","524"
"2506","2","test","64","m","2","shape2.jpg","6","<none>","Eszter","You","1","Waru","1","1","596"
"2506","2","test","65","z","4","shape1.jpg","6","<none>","Eszter","You","1","Waru","2","1","826"
"2506","2","test","66","z","8","shape2.jpg","6","<none>","Eszter","You","1","Waru","2","1","787"
"2506","2","test","67","m","2","shape2.jpg","6","<none>","Eszter","You","1","Waru","1","1","607"
"2506","2","test","68","z","8","shape2.jpg","6","<none>","Eszter","You","1","Waru","2","1","683"
"2506","2","test","69","z","6","shape3.jpg","6","<none>","Eszter","You","1","Waru","2","1","762"
"2506","2","test","70","m","1","shape1.jpg","6","<none>","Eszter","You","1","Waru","1","1","703"
"2506","2","test","71","z","8","shape2.jpg","6","<none>","Eszter","You","1","Waru","2","1","663"
"2506","2","test","72","z","5","shape2.jpg","6","<none>","Eszter","You","1","Waru","2","1","832"
"2506","2","test","73","z","6","shape3.jpg","6","<none>","Eszter","You","1","Waru","2","1","866"
"2506","2","test","74","m","2","shape2.jpg","6","<none>","Eszter","You","1","Waru","1","1","634"
"2506","2","test","75","z","3","shape3.jpg","6","<none>","Eszter","You","1","Waru","1","0","644"
"2506","2","test","76","m","2","shape2.jpg","6","<none>","Eszter","You","1","Waru","1","1","653"
"2506","2","test","77","z","6","shape3.jpg","6","<none>","Eszter","You","1","Waru","2","1","647"
"2506","2","test","78","m","1","shape1.jpg","6","<none>","Eszter","You","1","Waru","1","1","626"
"2506","2","test","79","m","3","shape3.jpg","6","<none>","Eszter","You","1","Waru","1","1","772"
"2506","2","test","80","z","4","shape1.jpg","6","<none>","Eszter","You","1","Waru","2","1","647"
"2506","2","test","81","m","2","shape2.jpg","6","<none>","Eszter","You","1","Waru","1","1","594"
"2506","2","test","82","m","3","shape3.jpg","6","<none>","Eszter","You","1","Waru","1","1","894"
"2506","2","test","83","z","5","shape2.jpg","6","<none>","Eszter","You","1","Waru","2","1","797"
"2506","2","test","84","m","1","shape1.jpg","6","<none>","Eszter","You","1","Waru","1","1","697"
"2506","2","test","85","z","9","shape3.jpg","6","<none>","Eszter","You","1","Waru","2","1","585"
"2506","2","test","86","m","1","shape1.jpg","6","<none>","Eszter","You","1","Waru","1","1","734"
"2506","2","test","87","z","7","shape1.jpg","6","<none>","Eszter","You","1","Waru","2","1","692"
"2506","2","test","88","m","3","shape3.jpg","6","<none>","Eszter","You","1","Waru","1","1","635"
"2506","2","test","89","m","2","shape2.jpg","6","<none>","Eszter","You","1","Waru","1","1","655"
"2506","2","test","90","z","4","shape1.jpg","6","<none>","Eszter","You","1","Waru","2","1","767"
"2506","2","test","91","m","1","shape1.jpg","6","<none>","Eszter","You","1","Waru","1","1","643"
"2506","2","test","92","z","5","shape2.jpg","6","<none>","Eszter","You","1","Waru","2","1","766"
"2506","2","test","93","z","6","shape3.jpg","6","<none>","Eszter","You","1","Waru","2","1","818"
"2506","2","test","94","m","1","shape1.jpg","6","<none>","Eszter","You","1","Waru","1","1","629"
"2506","2","test","95","m","2","shape2.jpg","6","<none>","Eszter","You","1","Waru","1","1","687"
"2506","2","test","96","z","4","shape1.jpg","6","<none>","Eszter","You","1","Waru","2","1","887"
"2506","2","test","97","m","1","shape1.jpg","6","<none>","Eszter","You","1","Waru","1","1","598"
"2506","2","test","98","z","7","shape1.jpg","6","<none>","Eszter","You","1","Waru","2","1","945"
"2506","2","test","99","z","2","shape2.jpg","6","<none>","Eszter","You","1","Waru","1","0","832"
"2506","2","test","100","z","7","shape1.jpg","6","<none>","Eszter","You","1","Waru","2","1","649"
"2506","2","test","101","z","1","shape1.jpg","6","<none>","Eszter","You","1","Waru","1","0","1234"
"2506","2","test","102","m","2","shape2.jpg","6","<none>","Eszter","You","1","Waru","1","1","555"
"2506","2","test","103","m","2","shape2.jpg","6","<none>","Eszter","You","1","Waru","1","1","568"
"2506","2","test","104","m","3","shape3.jpg","6","<none>","Eszter","You","1","Waru","1","1","669"
"2506","2","test","105","m","2","shape2.jpg","6","<none>","Eszter","You","1","Waru","1","1","589"
"2506","2","test","106","z","4","shape1.jpg","6","<none>","Eszter","You","1","Waru","2","1","707"
"2506","2","test","107","m","2","shape2.jpg","6","<none>","Eszter","You","1","Waru","1","1","673"
"2506","2","test","108","z","8","shape2.jpg","6","<none>","Eszter","You","1","Waru","2","1","810"
"2506","2","test","109","m","9","shape3.jpg","6","<none>","Eszter","You","1","Waru","2","0","830"
"2506","2","test","110","z","7","shape1.jpg","6","<none>","Eszter","You","1","Waru","2","1","776"
"2506","2","test","111","z","5","shape2.jpg","6","<none>","Eszter","You","1","Waru","2","1","1149"
"2506","2","test","112","z","5","shape2.jpg","6","<none>","Eszter","You","1","Waru","2","1","736"
"2506","2","test","113","z","5","shape2.jpg","6","<none>","Eszter","You","1","Waru","2","1","494"
"2506","2","test","114","z","9","shape3.jpg","6","<none>","Eszter","You","1","Waru","2","1","495"
"2506","2","test","115","m","2","shape2.jpg","6","<none>","Eszter","You","1","Waru","1","1","776"
"2506","2","test","116","z","8","shape2.jpg","6","<none>","Eszter","You","1","Waru","2","1","733"
"2506","2","test","117","z","4","shape1.jpg","6","<none>","Eszter","You","1","Waru","2","1","594"
"2506","2","test","118","m","2","shape2.jpg","6","<none>","Eszter","You","1","Waru","1","1","670"
"2506","2","test","119","z","8","shape2.jpg","6","<none>","Eszter","You","1","Waru","2","1","806"
"2506","2","test","120","z","4","shape1.jpg","6","<none>","Eszter","You","1","Waru","2","1","809"
"2506","2","test","121","z","1","shape1.jpg","6","<none>","Eszter","You","1","Waru","1","0","918"
"2506","2","test","122","m","1","shape1.jpg","6","<none>","Eszter","You","1","Waru","1","1","627"
"2506","2","test","123","m","1","shape1.jpg","6","<none>","Eszter","You","1","Waru","1","1","461"
"2506","2","test","124","m","2","shape2.jpg","6","<none>","Eszter","You","1","Waru","1","1","592"
"2506","2","test","125","z","4","shape1.jpg","6","<none>","Eszter","You","1","Waru","2","1","717"
"2506","2","test","126","z","5","shape2.jpg","6","<none>","Eszter","You","1","Waru","2","1","755"
"2506","2","test","127","m","2","shape2.jpg","6","<none>","Eszter","You","1","Waru","1","1","808"
"2506","2","test","128","z","8","shape2.jpg","6","<none>","Eszter","You","1","Waru","2","1","700"
"2506","2","test","129","z","8","shape2.jpg","6","<none>","Eszter","You","1","Waru","2","1","683"
"2506","2","test","130","m","2","shape2.jpg","6","<none>","Eszter","You","1","Waru","1","1","866"
"2506","2","test","131","m","1","shape1.jpg","6","<none>","Eszter","You","1","Waru","1","1","579"
"2506","2","test","132","m","2","shape2.jpg","6","<none>","Eszter","You","1","Waru","1","1","664"
"2506","2","test","133","z","4","shape1.jpg","6","<none>","Eszter","You","1","Waru","2","1","640"
"2506","2","test","134","z","9","shape3.jpg","6","<none>","Eszter","You","1","Waru","2","1","666"
"2506","2","test","135","z","8","shape2.jpg","6","<none>","Eszter","You","1","Waru","2","1","748"
"2506","2","test","136","m","2","shape2.jpg","6","<none>","Eszter","You","1","Waru","1","1","688"
"2506","2","test","137","z","7","shape1.jpg","6","<none>","Eszter","You","1","Waru","2","1","832"
"2506","2","test","138","z","7","shape1.jpg","6","<none>","Eszter","You","1","Waru","2","1","779"
"2506","2","test","139","z","5","shape2.jpg","6","<none>","Eszter","You","1","Waru","2","1","1015"
"2506","2","test","140","z","3","shape3.jpg","6","<none>","Eszter","You","1","Waru","1","0","641"
"2506","2","test","141","m","3","shape3.jpg","6","<none>","Eszter","You","1","Waru","1","1","770"
"2506","2","test","142","m","1","shape1.jpg","6","<none>","Eszter","You","1","Waru","1","1","712"
"2506","2","test","143","z","9","shape3.jpg","6","<none>","Eszter","You","1","Waru","2","1","926"
"2506","2","test","144","z","6","shape3.jpg","6","<none>","Eszter","You","1","Waru","2","1","844"
"2506","2","test","145","z","7","shape1.jpg","6","<none>","Eszter","You","1","Waru","2","1","711"
"2506","2","test","146","m","2","shape2.jpg","6","<none>","Eszter","You","1","Waru","1","1","580"
"2506","2","test","147","m","3","shape3.jpg","6","<none>","Eszter","You","1","Waru","1","1","698"
"2506","2","test","148","z","5","shape2.jpg","6","<none>","Eszter","You","1","Waru","2","1","945"
"2506","2","test","149","z","5","shape2.jpg","6","<none>","Eszter","You","1","Waru","2","1","751"
"2506","2","test","150","m","1","shape1.jpg","6","<none>","Eszter","You","1","Waru","1","1","604"
"2506","2","test","151","z","9","shape3.jpg","6","<none>","Eszter","You","1","Waru","2","1","1000"
"2506","2","test","152","z","8","shape2.jpg","6","<none>","Eszter","You","1","Waru","2","1","746"
"2506","2","test","153","m","1","shape1.jpg","6","<none>","Eszter","You","1","Waru","1","1","1040"
"2506","2","test","154","z","6","shape3.jpg","6","<none>","Eszter","You","1","Waru","2","1","1176"
"2506","2","test","155","z","4","shape1.jpg","6","<none>","Eszter","You","1","Waru","2","1","899"
"2506","2","test","156","z","7","shape1.jpg","6","<none>","Eszter","You","1","Waru","2","1","922"
"2506","2","test","157","z","9","shape3.jpg","6","<none>","Eszter","You","1","Waru","2","1","736"
"2506","2","test","158","m","3","shape3.jpg","6","<none>","Eszter","You","1","Waru","1","1","783"
"2506","2","test","159","m","2","shape2.jpg","6","<none>","Eszter","You","1","Waru","1","1","858"
"2506","2","test","160","m","1","shape1.jpg","6","<none>","Eszter","You","1","Waru","1","1","978"
"2506","2","test","161","z","3","shape3.jpg","6","<none>","Eszter","You","1","Waru","1","0","1054"
"2506","2","test","162","m","2","shape2.jpg","6","<none>","Eszter","You","1","Waru","1","1","654"
"2506","2","test","163","z","8","shape2.jpg","6","<none>","Eszter","You","1","Waru","2","1","887"
"2506","2","test","164","z","6","shape3.jpg","6","<none>","Eszter","You","1","Waru","2","1","775"
"2506","2","test","165","z","7","shape1.jpg","6","<none>","Eszter","You","1","Waru","2","1","1036"
"2506","2","test","166","m","3","shape3.jpg","6","<none>","Eszter","You","1","Waru","1","1","628"
"2506","2","test","167","m","2","shape2.jpg","6","<none>","Eszter","You","1","Waru","1","1","784"
"2506","2","test","168","m","1","shape1.jpg","6","<none>","Eszter","You","1","Waru","1","1","643"
"2506","2","test","169","m","3","shape3.jpg","6","<none>","Eszter","You","1","Waru","1","1","605"
"2506","2","test","170","z","4","shape1.jpg","6","<none>","Eszter","You","1","Waru","2","1","778"
"2506","2","test","171","m","3","shape3.jpg","6","<none>","Eszter","You","1","Waru","1","1","861"
"2506","2","test","172","m","1","shape1.jpg","6","<none>","Eszter","You","1","Waru","1","1","631"
"2506","2","test","173","z","8","shape2.jpg","6","<none>","Eszter","You","1","Waru","2","1","817"
"2506","2","test","174","m","3","shape3.jpg","6","<none>","Eszter","You","1","Waru","1","1","666"
"2506","2","test","175","z","7","shape1.jpg","6","<none>","Eszter","You","1","Waru","2","1","1011"
"2506","2","test","176","z","7","shape1.jpg","6","<none>","Eszter","You","1","Waru","2","1","718"
"2506","2","test","177","m","1","shape1.jpg","6","<none>","Eszter","You","1","Waru","1","1","620"
"2506","2","test","178","m","1","shape1.jpg","6","<none>","Eszter","You","1","Waru","1","1","576"
"2506","2","test","179","m","1","shape1.jpg","6","<none>","Eszter","You","1","Waru","1","1","516"
"2506","2","test","180","z","8","shape2.jpg","6","<none>","Eszter","You","1","Waru","2","1","962"
"2506","2","test","181","m","3","shape3.jpg","6","<none>","Eszter","You","1","Waru","1","1","639"
"2506","2","test","182","z","5","shape2.jpg","6","<none>","Eszter","You","1","Waru","2","1","833"
"2506","2","test","183","z","7","shape1.jpg","6","<none>","Eszter","You","1","Waru","2","1","787"
"2506","2","test","184","m","2","shape2.jpg","6","<none>","Eszter","You","1","Waru","1","1","672"
"2506","2","test","185","z","9","shape3.jpg","6","<none>","Eszter","You","1","Waru","2","1","791"
"2506","2","test","186","m","2","shape2.jpg","6","<none>","Eszter","You","1","Waru","1","1","963"
"2506","2","test","187","m","2","shape2.jpg","6","<none>","Eszter","You","1","Waru","1","1","543"
"2506","2","test","188","z","5","shape2.jpg","6","<none>","Eszter","You","1","Waru","2","1","686"
"2506","2","test","189","z","5","shape2.jpg","6","<none>","Eszter","You","1","Waru","2","1","687"
"2506","2","test","190","z","7","shape1.jpg","6","<none>","Eszter","You","1","Waru","2","1","887"
"2506","2","test","191","z","7","shape1.jpg","6","<none>","Eszter","You","1","Waru","2","1","686"
"2506","2","test","192","z","9","shape3.jpg","6","<none>","Eszter","You","1","Waru","2","1","838"
"2506","2","test","193","m","3","shape3.jpg","6","<none>","Eszter","You","1","Waru","1","1","656"
"2506","2","test","194","m","3","shape3.jpg","6","<none>","Eszter","You","1","Waru","1","1","641"
"2506","2","test","195","z","1","shape1.jpg","6","<none>","Eszter","You","1","Waru","1","0","826"
"2506","2","test","196","z","4","shape1.jpg","6","<none>","Eszter","You","1","Waru","2","1","869"
"2506","2","test","197","z","4","shape1.jpg","6","<none>","Eszter","You","1","Waru","2","1","781"
"2506","2","test","198","z","4","shape1.jpg","6","<none>","Eszter","You","1","Waru","2","1","569"
"2506","2","test","199","z","8","shape2.jpg","6","<none>","Eszter","You","1","Waru","2","1","704"
"2506","2","test","200","m","1","shape1.jpg","6","<none>","Eszter","You","1","Waru","1","1","679"
"2506","2","test","201","m","2","shape2.jpg","6","<none>","Eszter","You","1","Waru","1","1","590"
"2506","2","test","202","m","3","shape3.jpg","6","<none>","Eszter","You","1","Waru","1","1","603"
"2506","2","test","203","z","7","shape1.jpg","6","<none>","Eszter","You","1","Waru","2","1","647"
"2506","2","test","204","m","3","shape3.jpg","6","<none>","Eszter","You","1","Waru","1","1","704"
"2506","2","test","205","z","6","shape3.jpg","6","<none>","Eszter","You","1","Waru","2","1","952"
"2506","2","test","206","z","6","shape3.jpg","6","<none>","Eszter","You","1","Waru","2","1","812"
"2506","2","test","207","z","9","shape3.jpg","6","<none>","Eszter","You","1","Waru","2","1","791"
"2506","2","test","208","z","5","shape2.jpg","6","<none>","Eszter","You","1","Waru","2","1","850"
"2506","2","test","209","z","9","shape3.jpg","6","<none>","Eszter","You","1","Waru","2","1","684"
"2506","2","test","210","z","7","shape1.jpg","6","<none>","Eszter","You","1","Waru","2","1","939"
"2506","2","test","211","m","2","shape2.jpg","6","<none>","Eszter","You","1","Waru","1","1","1040"
"2506","2","test","212","m","1","shape1.jpg","6","<none>","Eszter","You","1","Waru","1","1","794"
"2506","2","test","213","z","5","shape2.jpg","6","<none>","Eszter","You","1","Waru","2","1","742"
"2506","2","test","214","z","4","shape1.jpg","6","<none>","Eszter","You","1","Waru","2","1","1108"
"2506","2","test","215","z","6","shape3.jpg","6","<none>","Eszter","You","1","Waru","2","1","825"
"2506","2","test","216","z","3","shape3.jpg","6","<none>","Eszter","You","1","Waru","1","0","796"
"2506","2","test","217","m","3","shape3.jpg","6","<none>","Eszter","You","1","Waru","1","1","686"
"2506","2","test","218","z","8","shape2.jpg","6","<none>","Eszter","You","1","Waru","2","1","656"
"2506","2","test","219","m","3","shape3.jpg","6","<none>","Eszter","You","1","Waru","1","1","569"
"2506","2","test","220","m","3","shape3.jpg","6","<none>","Eszter","You","1","Waru","1","1","653"
"2506","2","test","221","z","9","shape3.jpg","6","<none>","Eszter","You","1","Waru","2","1","992"
"2506","2","test","222","z","5","shape2.jpg","6","<none>","Eszter","You","1","Waru","2","1","651"
"2506","2","test","223","z","9","shape3.jpg","6","<none>","Eszter","You","1","Waru","2","1","515"
"2506","2","test","224","z","7","shape1.jpg","6","<none>","Eszter","You","1","Waru","2","1","675"
"2506","2","test","225","z","5","shape2.jpg","6","<none>","Eszter","You","1","Waru","2","1","796"
"2506","2","test","226","m","2","shape2.jpg","6","<none>","Eszter","You","1","Waru","1","1","712"
"2506","2","test","227","m","2","shape2.jpg","6","<none>","Eszter","You","1","Waru","1","1","631"
"2506","2","test","228","m","1","shape1.jpg","6","<none>","Eszter","You","1","Waru","1","1","786"
"2506","2","test","229","z","7","shape1.jpg","6","<none>","Eszter","You","1","Waru","2","1","742"
"2506","2","test","230","m","1","shape1.jpg","6","<none>","Eszter","You","1","Waru","1","1","891"
"2506","2","test","231","z","8","shape2.jpg","6","<none>","Eszter","You","1","Waru","2","1","762"
"2506","2","test","232","m","3","shape3.jpg","6","<none>","Eszter","You","1","Waru","1","1","712"
"2506","2","test","233","z","4","shape1.jpg","6","<none>","Eszter","You","1","Waru","2","1","823"
"2506","2","test","234","m","3","shape3.jpg","6","<none>","Eszter","You","1","Waru","1","1","648"
"2506","2","test","235","m","1","shape1.jpg","6","<none>","Eszter","You","1","Waru","1","1","691"
"2506","2","test","236","z","6","shape3.jpg","6","<none>","Eszter","You","1","Waru","2","1","1066"
"2506","2","test","237","m","2","shape2.jpg","6","<none>","Eszter","You","1","Waru","1","1","635"
"2506","2","test","238","m","2","shape2.jpg","6","<none>","Eszter","You","1","Waru","1","1","588"
"2506","2","test","239","z","6","shape3.jpg","6","<none>","Eszter","You","1","Waru","2","1","975"
"2506","2","test","240","m","3","shape3.jpg","6","<none>","Eszter","You","1","Waru","1","1","669"
"2506","2","test","241","z","4","shape1.jpg","6","<none>","Eszter","You","1","Waru","2","1","826"
"2506","2","test","242","m","1","shape1.jpg","6","<none>","Eszter","You","1","Waru","1","1","758"
"2506","2","test","243","z","5","shape2.jpg","6","<none>","Eszter","You","1","Waru","2","1","1152"
"2506","2","test","244","m","3","shape3.jpg","6","<none>","Eszter","You","1","Waru","1","1","533"
"2506","2","test","245","z","1","shape1.jpg","6","<none>","Eszter","You","1","Waru","1","0","877"
"2506","2","test","246","m","3","shape3.jpg","6","<none>","Eszter","You","1","Waru","1","1","637"
"2506","2","test","247","m","5","shape2.jpg","6","<none>","Eszter","You","1","Waru","2","0","1119"
"2506","2","test","248","m","3","shape3.jpg","6","<none>","Eszter","You","1","Waru","1","1","619"
"2506","2","test","249","z","7","shape1.jpg","6","<none>","Eszter","You","1","Waru","2","1","631"
"2506","2","test","250","m","1","shape1.jpg","6","<none>","Eszter","You","1","Waru","1","1","785"
"2506","2","test","251","z","8","shape2.jpg","6","<none>","Eszter","You","1","Waru","2","1","885"
"2506","2","test","252","m","7","shape1.jpg","6","<none>","Eszter","You","1","Waru","2","0","652"
"2506","2","test","253","m","1","shape1.jpg","6","<none>","Eszter","You","1","Waru","1","1","775"
"2506","2","test","254","m","2","shape2.jpg","6","<none>","Eszter","You","1","Waru","1","1","793"
"2506","2","test","255","m","3","shape3.jpg","6","<none>","Eszter","You","1","Waru","1","1","677"
"2506","2","test","256","m","2","shape2.jpg","6","<none>","Eszter","You","1","Waru","1","1","606"
"2506","2","test","257","z","7","shape1.jpg","6","<none>","Eszter","You","1","Waru","2","1","675"
"2506","2","test","258","z","6","shape3.jpg","6","<none>","Eszter","You","1","Waru","2","1","763"
"2506","2","test","259","z","9","shape3.jpg","6","<none>","Eszter","You","1","Waru","2","1","897"
"2506","2","test","260","z","8","shape2.jpg","6","<none>","Eszter","You","1","Waru","2","1","791"
"2506","2","test","261","z","6","shape3.jpg","6","<none>","Eszter","You","1","Waru","2","1","705"
"2506","2","test","262","m","2","shape2.jpg","6","<none>","Eszter","You","1","Waru","1","1","666"
"2506","2","test","263","m","1","shape1.jpg","6","<none>","Eszter","You","1","Waru","1","1","682"
"2506","2","test","264","m","2","shape2.jpg","6","<none>","Eszter","You","1","Waru","1","1","874"
"2506","2","test","265","z","7","shape1.jpg","6","<none>","Eszter","You","1","Waru","2","1","867"
"2506","2","test","266","m","3","shape3.jpg","6","<none>","Eszter","You","1","Waru","1","1","707"
"2506","2","test","267","m","1","shape1.jpg","6","<none>","Eszter","You","1","Waru","1","1","650"
"2506","2","test","268","z","9","shape3.jpg","6","<none>","Eszter","You","1","Waru","2","1","676"
"2506","2","test","269","m","3","shape3.jpg","6","<none>","Eszter","You","1","Waru","1","1","653"
"2506","2","test","270","m","1","shape1.jpg","6","<none>","Eszter","You","1","Waru","1","1","831"
"2506","2","test","271","m","3","shape3.jpg","6","<none>","Eszter","You","1","Waru","1","1","696"
"2506","2","test","272","m","2","shape2.jpg","6","<none>","Eszter","You","1","Waru","1","1","672"
"2506","2","test","273","z","7","shape1.jpg","6","<none>","Eszter","You","1","Waru","2","1","937"
"2506","2","test","274","z","6","shape3.jpg","6","<none>","Eszter","You","1","Waru","2","1","846"
"2506","2","test","275","m","4","shape1.jpg","6","<none>","Eszter","You","1","Waru","2","0","1233"
"2506","2","test","276","z","4","shape1.jpg","6","<none>","Eszter","You","1","Waru","2","1","745"
"2506","2","test","277","m","3","shape3.jpg","6","<none>","Eszter","You","1","Waru","1","1","700"
"2506","2","test","278","z","2","shape2.jpg","6","<none>","Eszter","You","1","Waru","1","0","877"
"2506","2","test","279","m","3","shape3.jpg","6","<none>","Eszter","You","1","Waru","1","1","677"
"2506","2","test","280","m","3","shape3.jpg","6","<none>","Eszter","You","1","Waru","1","1","534"
"2506","2","test","281","m","3","shape3.jpg","6","<none>","Eszter","You","1","Waru","1","1","564"
"2506","2","test","282","m","3","shape3.jpg","6","<none>","Eszter","You","1","Waru","1","1","441"
"2506","2","test","283","m","1","shape1.jpg","6","<none>","Eszter","You","1","Waru","1","1","574"
"2506","2","test","284","z","4","shape1.jpg","6","<none>","Eszter","You","1","Waru","2","1","706"
"2506","2","test","285","m","2","shape2.jpg","6","<none>","Eszter","You","1","Waru","1","1","617"
"2506","2","test","286","m","2","shape2.jpg","6","<none>","Eszter","You","1","Waru","1","1","580"
"2506","2","test","287","z","3","shape3.jpg","6","<none>","Eszter","You","1","Waru","1","0","760"
"2506","2","test","288","z","6","shape3.jpg","6","<none>","Eszter","You","1","Waru","2","1","695"
"2506","2","test","289","m","1","shape1.jpg","6","<none>","Eszter","You","1","Waru","1","1","695"
"2506","2","test","290","m","2","shape2.jpg","6","<none>","Eszter","You","1","Waru","1","1","726"
"2506","2","test","291","m","3","shape3.jpg","6","<none>","Eszter","You","1","Waru","1","1","629"
"2506","2","test","292","z","7","shape1.jpg","6","<none>","Eszter","You","1","Waru","2","1","743"
"2506","2","test","293","m","1","shape1.jpg","6","<none>","Eszter","You","1","Waru","1","1","606"
"2506","2","test","294","z","5","shape2.jpg","6","<none>","Eszter","You","1","Waru","2","1","1377"
"2506","2","test","295","m","1","shape1.jpg","6","<none>","Eszter","You","1","Waru","1","1","611"
"2506","2","test","296","z","8","shape2.jpg","6","<none>","Eszter","You","1","Waru","2","1","879"
"2506","2","test","297","z","8","shape2.jpg","6","<none>","Eszter","You","1","Waru","2","1","606"
"2506","2","test","298","z","4","shape1.jpg","6","<none>","Eszter","You","1","Waru","2","1","539"
"2506","2","test","299","z","6","shape3.jpg","6","<none>","Eszter","You","1","Waru","2","1","857"
"2506","2","test","300","m","1","shape1.jpg","6","<none>","Eszter","You","1","Waru","1","1","651"
"2506","2","test","301","z","6","shape3.jpg","6","<none>","Eszter","You","1","Waru","2","1","899"
"2506","2","test","302","z","6","shape3.jpg","6","<none>","Eszter","You","1","Waru","2","1","571"
"2506","2","test","303","z","5","shape2.jpg","6","<none>","Eszter","You","1","Waru","2","1","800"
"2506","2","test","304","z","6","shape3.jpg","6","<none>","Eszter","You","1","Waru","2","1","546"
"2506","2","test","305","m","1","shape1.jpg","6","<none>","Eszter","You","1","Waru","1","1","584"
"2506","2","test","306","z","9","shape3.jpg","6","<none>","Eszter","You","1","Waru","2","1","740"
"2506","2","test","307","m","2","shape2.jpg","6","<none>","Eszter","You","1","Waru","1","1","699"
"2506","2","test","308","z","5","shape2.jpg","6","<none>","Eszter","You","1","Waru","2","1","666"
"2506","2","test","309","z","7","shape1.jpg","6","<none>","Eszter","You","1","Waru","2","1","618"
"2506","2","test","310","z","4","shape1.jpg","6","<none>","Eszter","You","1","Waru","2","1","830"
"2506","2","test","311","m","1","shape1.jpg","6","<none>","Eszter","You","1","Waru","1","1","679"
"2506","2","test","312","z","1","shape1.jpg","6","<none>","Eszter","You","1","Waru","1","0","529"
"2506","2","test","313","z","4","shape1.jpg","6","<none>","Eszter","You","1","Waru","2","1","648"
"2506","2","test","314","m","3","shape3.jpg","6","<none>","Eszter","You","1","Waru","1","1","609"
"2506","2","test","315","z","9","shape3.jpg","6","<none>","Eszter","You","1","Waru","2","1","732"
"2506","2","test","316","z","9","shape3.jpg","6","<none>","Eszter","You","1","Waru","2","1","898"
"2506","2","test","317","z","8","shape2.jpg","6","<none>","Eszter","You","1","Waru","2","1","705"
"2506","2","test","318","z","9","shape3.jpg","6","<none>","Eszter","You","1","Waru","2","1","809"
"2506","2","test","319","z","6","shape3.jpg","6","<none>","Eszter","You","1","Waru","2","1","620"
"2506","2","test","320","m","3","shape3.jpg","6","<none>","Eszter","You","1","Waru","1","1","862"
"2506","2","test","321","m","1","shape1.jpg","6","<none>","Eszter","You","1","Waru","1","1","591"
"2506","2","test","322","z","4","shape1.jpg","6","<none>","Eszter","You","1","Waru","2","1","765"
"2506","2","test","323","z","4","shape1.jpg","6","<none>","Eszter","You","1","Waru","2","1","601"
"2506","2","test","324","z","9","shape3.jpg","6","<none>","Eszter","You","1","Waru","2","1","789"
"2506","2","test","325","m","2","shape2.jpg","6","<none>","Eszter","You","1","Waru","1","1","712"
"2506","2","test","326","z","8","shape2.jpg","6","<none>","Eszter","You","1","Waru","2","1","671"
"2506","2","test","327","m","1","shape1.jpg","6","<none>","Eszter","You","1","Waru","1","1","704"
"2506","2","test","328","z","6","shape3.jpg","6","<none>","Eszter","You","1","Waru","2","1","727"
"2506","2","test","329","m","3","shape3.jpg","6","<none>","Eszter","You","1","Waru","1","1","710"
"2506","2","test","330","z","9","shape3.jpg","6","<none>","Eszter","You","1","Waru","2","1","646"
"2506","2","test","331","m","2","shape2.jpg","6","<none>","Eszter","You","1","Waru","1","1","616"
"2506","2","test","332","m","3","shape3.jpg","6","<none>","Eszter","You","1","Waru","1","1","739"
"2506","2","test","333","m","2","shape2.jpg","6","<none>","Eszter","You","1","Waru","1","1","689"
"2506","2","test","334","m","1","shape1.jpg","6","<none>","Eszter","You","1","Waru","1","1","689"
"2506","2","test","335","z","5","shape2.jpg","6","<none>","Eszter","You","1","Waru","2","1","680"
"2506","2","test","336","z","1","shape1.jpg","6","<none>","Eszter","You","1","Waru","1","0","1064"
"2506","2","test","337","z","4","shape1.jpg","6","<none>","Eszter","You","1","Waru","2","1","633"
"2506","2","test","338","m","1","shape1.jpg","6","<none>","Eszter","You","1","Waru","1","1","603"
"2506","2","test","339","z","4","shape1.jpg","6","<none>","Eszter","You","1","Waru","2","1","798"
"2506","2","test","340","m","2","shape2.jpg","6","<none>","Eszter","You","1","Waru","1","1","658"
"2506","2","test","341","z","4","shape1.jpg","6","<none>","Eszter","You","1","Waru","2","1","1027"
"2506","2","test","342","z","9","shape3.jpg","6","<none>","Eszter","You","1","Waru","2","1","813"
"2506","2","test","343","m","3","shape3.jpg","6","<none>","Eszter","You","1","Waru","1","1","1136"
"2506","2","test","344","z","9","shape3.jpg","6","<none>","Eszter","You","1","Waru","2","1","605"
"2506","2","test","345","m","3","shape3.jpg","6","<none>","Eszter","You","1","Waru","1","1","760"
"2506","2","test","346","m","2","shape2.jpg","6","<none>","Eszter","You","1","Waru","1","1","661"
"2506","2","test","347","z","7","shape1.jpg","6","<none>","Eszter","You","1","Waru","2","1","639"
"2506","2","test","348","z","5","shape2.jpg","6","<none>","Eszter","You","1","Waru","2","1","770"
"2506","2","test","349","m","3","shape3.jpg","6","<none>","Eszter","You","1","Waru","1","1","669"
"2506","2","test","350","z","6","shape3.jpg","6","<none>","Eszter","You","1","Waru","2","1","567"
"2506","2","test","351","m","3","shape3.jpg","6","<none>","Eszter","You","1","Waru","1","1","843"
"2506","2","test","352","z","5","shape2.jpg","6","<none>","Eszter","You","1","Waru","2","1","596"
"2506","2","test","353","z","7","shape1.jpg","6","<none>","Eszter","You","1","Waru","2","1","674"
"2506","2","test","354","z","9","shape3.jpg","6","<none>","Eszter","You","1","Waru","2","1","610"
"2506","2","test","355","z","1","shape1.jpg","6","<none>","Eszter","You","1","Waru","1","0","709"
"2506","2","test","356","z","6","shape3.jpg","6","<none>","Eszter","You","1","Waru","2","1","1094"
"2506","2","test","357","z","8","shape2.jpg","6","<none>","Eszter","You","1","Waru","2","1","739"
"2506","2","test","358","z","9","shape3.jpg","6","<none>","Eszter","You","1","Waru","2","1","586"
"2506","2","test","359","m","2","shape2.jpg","6","<none>","Eszter","You","1","Waru","1","1","654"
"2506","2","test","360","z","9","shape3.jpg","6","<none>","Eszter","You","1","Waru","2","1","734"
"2507","1","test","1","m","6","shape3.jpg","1","You","Michelle","<none>","2","Waru","2","1","1497"
"2507","1","test","2","m","7","shape1.jpg","1","You","Michelle","<none>","2","Waru","2","1","959"
"2507","1","test","3","z","1","shape1.jpg","1","You","Michelle","<none>","2","Waru","1","1","875"
"2507","1","test","4","z","1","shape1.jpg","1","You","Michelle","<none>","2","Waru","1","1","524"
"2507","1","test","5","m","2","shape2.jpg","1","You","Michelle","<none>","2","Waru","1","0","859"
"2507","1","test","6","m","4","shape1.jpg","1","You","Michelle","<none>","2","Waru","2","1","741"
"2507","1","test","7","m","6","shape3.jpg","1","You","Michelle","<none>","2","Waru","2","1","1442"
"2507","1","test","8","z","2","shape2.jpg","1","You","Michelle","<none>","2","Waru","1","1","1002"
"2507","1","test","9","m","4","shape1.jpg","1","You","Michelle","<none>","2","Waru","2","1","899"
"2507","1","test","10","m","7","shape1.jpg","1","You","Michelle","<none>","2","Waru","2","1","898"
"2507","1","test","11","x","3","shape3.jpg","1","You","Michelle","<none>","2","Waru","1","0","1499"
"2507","1","test","12","z","3","shape3.jpg","1","You","Michelle","<none>","2","Waru","1","1","1365"
"2507","1","test","13","z","5","shape2.jpg","1","You","Michelle","<none>","2","Waru","2","0","720"
"2507","1","test","14","m","7","shape1.jpg","1","You","Michelle","<none>","2","Waru","2","1","1120"
"2507","1","test","15","z","7","shape1.jpg","1","You","Michelle","<none>","2","Waru","2","0","876"
"2507","1","test","16","z","9","shape3.jpg","1","You","Michelle","<none>","2","Waru","2","0","701"
"2507","1","test","17","m","4","shape1.jpg","1","You","Michelle","<none>","2","Waru","2","1","756"
"2507","1","test","18","z","2","shape2.jpg","1","You","Michelle","<none>","2","Waru","1","1","1122"
"2507","1","test","19","m","6","shape3.jpg","1","You","Michelle","<none>","2","Waru","2","1","1310"
"2507","1","test","20","m","7","shape1.jpg","1","You","Michelle","<none>","2","Waru","2","1","1171"
"2507","1","test","21","m","6","shape3.jpg","1","You","Michelle","<none>","2","Waru","2","1","1024"
"2507","1","test","22","z","1","shape1.jpg","1","You","Michelle","<none>","2","Waru","1","1","680"
"2507","1","test","23","m","2","shape2.jpg","1","You","Michelle","<none>","2","Waru","1","0","1266"
"2507","1","test","24","m","8","shape2.jpg","1","You","Michelle","<none>","2","Waru","2","1","856"
"2507","1","test","25","m","4","shape1.jpg","1","You","Michelle","<none>","2","Waru","2","1","882"
"2507","1","test","26","z","5","shape2.jpg","1","You","Michelle","<none>","2","Waru","2","0","666"
"2507","1","test","27","x","2","shape2.jpg","1","You","Michelle","<none>","2","Waru","1","0","1500"
"2507","1","test","28","x","6","shape3.jpg","1","You","Michelle","<none>","2","Waru","2","0","1499"
"2507","1","test","29","m","3","shape3.jpg","1","You","Michelle","<none>","2","Waru","1","0","760"
"2507","1","test","30","z","2","shape2.jpg","1","You","Michelle","<none>","2","Waru","1","1","982"
"2507","1","test","31","z","1","shape1.jpg","1","You","Michelle","<none>","2","Waru","1","1","602"
"2507","1","test","32","m","7","shape1.jpg","1","You","Michelle","<none>","2","Waru","2","1","1101"
"2507","1","test","33","m","2","shape2.jpg","1","You","Michelle","<none>","2","Waru","1","0","1419"
"2507","1","test","34","m","7","shape1.jpg","1","You","Michelle","<none>","2","Waru","2","1","795"
"2507","1","test","35","z","3","shape3.jpg","1","You","Michelle","<none>","2","Waru","1","1","967"
"2507","1","test","36","z","1","shape1.jpg","1","You","Michelle","<none>","2","Waru","1","1","828"
"2507","1","test","37","z","2","shape2.jpg","1","You","Michelle","<none>","2","Waru","1","1","1285"
"2507","1","test","38","m","4","shape1.jpg","1","You","Michelle","<none>","2","Waru","2","1","1019"
"2507","1","test","39","z","3","shape3.jpg","1","You","Michelle","<none>","2","Waru","1","1","653"
"2507","1","test","40","x","2","shape2.jpg","1","You","Michelle","<none>","2","Waru","1","0","1500"
"2507","1","test","41","z","2","shape2.jpg","1","You","Michelle","<none>","2","Waru","1","1","698"
"2507","1","test","42","m","6","shape3.jpg","1","You","Michelle","<none>","2","Waru","2","1","722"
"2507","1","test","43","z","1","shape1.jpg","1","You","Michelle","<none>","2","Waru","1","1","632"
"2507","1","test","44","m","5","shape2.jpg","1","You","Michelle","<none>","2","Waru","2","1","1114"
"2507","1","test","45","m","5","shape2.jpg","1","You","Michelle","<none>","2","Waru","2","1","912"
"2507","1","test","46","m","6","shape3.jpg","1","You","Michelle","<none>","2","Waru","2","1","1375"
"2507","1","test","47","z","1","shape1.jpg","1","You","Michelle","<none>","2","Waru","1","1","673"
"2507","1","test","48","z","2","shape2.jpg","1","You","Michelle","<none>","2","Waru","1","1","1018"
"2507","1","test","49","z","2","shape2.jpg","1","You","Michelle","<none>","2","Waru","1","1","971"
"2507","1","test","50","z","2","shape2.jpg","1","You","Michelle","<none>","2","Waru","1","1","728"
"2507","1","test","51","z","2","shape2.jpg","1","You","Michelle","<none>","2","Waru","1","1","606"
"2507","1","test","52","m","6","shape3.jpg","1","You","Michelle","<none>","2","Waru","2","1","683"
"2507","1","test","53","m","8","shape2.jpg","1","You","Michelle","<none>","2","Waru","2","1","745"
"2507","1","test","54","z","3","shape3.jpg","1","You","Michelle","<none>","2","Waru","1","1","1064"
"2507","1","test","55","z","3","shape3.jpg","1","You","Michelle","<none>","2","Waru","1","1","984"
"2507","1","test","56","z","1","shape1.jpg","1","You","Michelle","<none>","2","Waru","1","1","683"
"2507","1","test","57","m","4","shape1.jpg","1","You","Michelle","<none>","2","Waru","2","1","770"
"2507","1","test","58","z","3","shape3.jpg","1","You","Michelle","<none>","2","Waru","1","1","1183"
"2507","1","test","59","z","3","shape3.jpg","1","You","Michelle","<none>","2","Waru","1","1","945"
"2507","1","test","60","z","3","shape3.jpg","1","You","Michelle","<none>","2","Waru","1","1","583"
"2507","1","test","61","z","1","shape1.jpg","1","You","Michelle","<none>","2","Waru","1","1","691"
"2507","1","test","62","m","4","shape1.jpg","1","You","Michelle","<none>","2","Waru","2","1","683"
"2507","1","test","63","z","5","shape2.jpg","1","You","Michelle","<none>","2","Waru","2","0","690"
"2507","1","test","64","m","9","shape3.jpg","1","You","Michelle","<none>","2","Waru","2","1","1171"
"2507","1","test","65","m","9","shape3.jpg","1","You","Michelle","<none>","2","Waru","2","1","694"
"2507","1","test","66","m","5","shape2.jpg","1","You","Michelle","<none>","2","Waru","2","1","599"
"2507","1","test","67","z","3","shape3.jpg","1","You","Michelle","<none>","2","Waru","1","1","785"
"2507","1","test","68","z","1","shape1.jpg","1","You","Michelle","<none>","2","Waru","1","1","1133"
"2507","1","test","69","m","8","shape2.jpg","1","You","Michelle","<none>","2","Waru","2","1","1017"
"2507","1","test","70","z","3","shape3.jpg","1","You","Michelle","<none>","2","Waru","1","1","1067"
"2507","1","test","71","m","6","shape3.jpg","1","You","Michelle","<none>","2","Waru","2","1","1116"
"2507","1","test","72","m","2","shape2.jpg","1","You","Michelle","<none>","2","Waru","1","0","1328"
"2507","1","test","73","z","1","shape1.jpg","1","You","Michelle","<none>","2","Waru","1","1","716"
"2507","1","test","74","m","3","shape3.jpg","1","You","Michelle","<none>","2","Waru","1","0","947"
"2507","1","test","75","m","5","shape2.jpg","1","You","Michelle","<none>","2","Waru","2","1","810"
"2507","1","test","76","z","2","shape2.jpg","1","You","Michelle","<none>","2","Waru","1","1","1044"
"2507","1","test","77","m","8","shape2.jpg","1","You","Michelle","<none>","2","Waru","2","1","676"
"2507","1","test","78","z","2","shape2.jpg","1","You","Michelle","<none>","2","Waru","1","1","796"
"2507","1","test","79","z","3","shape3.jpg","1","You","Michelle","<none>","2","Waru","1","1","1120"
"2507","1","test","80","z","3","shape3.jpg","1","You","Michelle","<none>","2","Waru","1","1","535"
"2507","1","test","81","z","6","shape3.jpg","1","You","Michelle","<none>","2","Waru","2","0","589"
"2507","1","test","82","z","1","shape1.jpg","1","You","Michelle","<none>","2","Waru","1","1","578"
"2507","1","test","83","x","2","shape2.jpg","1","You","Michelle","<none>","2","Waru","1","0","1499"
"2507","1","test","84","x","3","shape3.jpg","1","You","Michelle","<none>","2","Waru","1","0","1499"
"2507","1","test","85","m","3","shape3.jpg","1","You","Michelle","<none>","2","Waru","1","0","1310"
"2507","1","test","86","m","2","shape2.jpg","1","You","Michelle","<none>","2","Waru","1","0","956"
"2507","1","test","87","m","8","shape2.jpg","1","You","Michelle","<none>","2","Waru","2","1","928"
"2507","1","test","88","z","8","shape2.jpg","1","You","Michelle","<none>","2","Waru","2","0","1046"
"2507","1","test","89","z","1","shape1.jpg","1","You","Michelle","<none>","2","Waru","1","1","551"
"2507","1","test","90","z","3","shape3.jpg","1","You","Michelle","<none>","2","Waru","1","1","868"
"2507","1","test","91","m","4","shape1.jpg","1","You","Michelle","<none>","2","Waru","2","1","1028"
"2507","1","test","92","m","4","shape1.jpg","1","You","Michelle","<none>","2","Waru","2","1","1175"
"2507","1","test","93","m","8","shape2.jpg","1","You","Michelle","<none>","2","Waru","2","1","641"
"2507","1","test","94","z","2","shape2.jpg","1","You","Michelle","<none>","2","Waru","1","1","890"
"2507","1","test","95","z","7","shape1.jpg","1","You","Michelle","<none>","2","Waru","2","0","834"
"2507","1","test","96","z","3","shape3.jpg","1","You","Michelle","<none>","2","Waru","1","1","883"
"2507","1","test","97","m","6","shape3.jpg","1","You","Michelle","<none>","2","Waru","2","1","1371"
"2507","1","test","98","x","3","shape3.jpg","1","You","Michelle","<none>","2","Waru","1","0","1499"
"2507","1","test","99","z","2","shape2.jpg","1","You","Michelle","<none>","2","Waru","1","1","1129"
"2507","1","test","100","m","5","shape2.jpg","1","You","Michelle","<none>","2","Waru","2","1","982"
"2507","1","test","101","z","1","shape1.jpg","1","You","Michelle","<none>","2","Waru","1","1","786"
"2507","1","test","102","m","4","shape1.jpg","1","You","Michelle","<none>","2","Waru","2","1","1006"
"2507","1","test","103","z","2","shape2.jpg","1","You","Michelle","<none>","2","Waru","1","1","871"
"2507","1","test","104","m","8","shape2.jpg","1","You","Michelle","<none>","2","Waru","2","1","1056"
"2507","1","test","105","m","5","shape2.jpg","1","You","Michelle","<none>","2","Waru","2","1","952"
"2507","1","test","106","m","6","shape3.jpg","1","You","Michelle","<none>","2","Waru","2","1","1036"
"2507","1","test","107","z","3","shape3.jpg","1","You","Michelle","<none>","2","Waru","1","1","926"
"2507","1","test","108","z","1","shape1.jpg","1","You","Michelle","<none>","2","Waru","1","1","652"
"2507","1","test","109","m","9","shape3.jpg","1","You","Michelle","<none>","2","Waru","2","1","733"
"2507","1","test","110","m","6","shape3.jpg","1","You","Michelle","<none>","2","Waru","2","1","1242"
"2507","1","test","111","m","6","shape3.jpg","1","You","Michelle","<none>","2","Waru","2","1","747"
"2507","1","test","112","m","5","shape2.jpg","1","You","Michelle","<none>","2","Waru","2","1","962"
"2507","1","test","113","m","4","shape1.jpg","1","You","Michelle","<none>","2","Waru","2","1","1069"
"2507","1","test","114","z","1","shape1.jpg","1","You","Michelle","<none>","2","Waru","1","1","733"
"2507","1","test","115","m","9","shape3.jpg","1","You","Michelle","<none>","2","Waru","2","1","691"
"2507","1","test","116","m","7","shape1.jpg","1","You","Michelle","<none>","2","Waru","2","1","1322"
"2507","1","test","117","m","5","shape2.jpg","1","You","Michelle","<none>","2","Waru","2","1","727"
"2507","1","test","118","m","4","shape1.jpg","1","You","Michelle","<none>","2","Waru","2","1","927"
"2507","1","test","119","m","8","shape2.jpg","1","You","Michelle","<none>","2","Waru","2","1","1300"
"2507","1","test","120","z","2","shape2.jpg","1","You","Michelle","<none>","2","Waru","1","1","601"
"2507","1","test","121","m","2","shape2.jpg","1","You","Michelle","<none>","2","Waru","1","0","1184"
"2507","1","test","122","m","7","shape1.jpg","1","You","Michelle","<none>","2","Waru","2","1","1148"
"2507","1","test","123","z","3","shape3.jpg","1","You","Michelle","<none>","2","Waru","1","1","927"
"2507","1","test","124","z","1","shape1.jpg","1","You","Michelle","<none>","2","Waru","1","1","724"
"2507","1","test","125","z","1","shape1.jpg","1","You","Michelle","<none>","2","Waru","1","1","515"
"2507","1","test","126","m","8","shape2.jpg","1","You","Michelle","<none>","2","Waru","2","1","1098"
"2507","1","test","127","m","3","shape3.jpg","1","You","Michelle","<none>","2","Waru","1","0","818"
"2507","1","test","128","m","2","shape2.jpg","1","You","Michelle","<none>","2","Waru","1","0","740"
"2507","1","test","129","z","2","shape2.jpg","1","You","Michelle","<none>","2","Waru","1","1","657"
"2507","1","test","130","m","9","shape3.jpg","1","You","Michelle","<none>","2","Waru","2","1","732"
"2507","1","test","131","z","8","shape2.jpg","1","You","Michelle","<none>","2","Waru","2","0","985"
"2507","1","test","132","x","8","shape2.jpg","1","You","Michelle","<none>","2","Waru","2","0","1500"
"2507","1","test","133","m","3","shape3.jpg","1","You","Michelle","<none>","2","Waru","1","0","1264"
"2507","1","test","134","x","2","shape2.jpg","1","You","Michelle","<none>","2","Waru","1","0","1500"
"2507","1","test","135","m","5","shape2.jpg","1","You","Michelle","<none>","2","Waru","2","1","739"
"2507","1","test","136","x","3","shape3.jpg","1","You","Michelle","<none>","2","Waru","1","0","1499"
"2507","1","test","137","x","9","shape3.jpg","1","You","Michelle","<none>","2","Waru","2","0","1498"
"2507","1","test","138","z","8","shape2.jpg","1","You","Michelle","<none>","2","Waru","2","0","897"
"2507","1","test","139","m","7","shape1.jpg","1","You","Michelle","<none>","2","Waru","2","1","855"
"2507","1","test","140","z","1","shape1.jpg","1","You","Michelle","<none>","2","Waru","1","1","968"
"2507","1","test","141","z","1","shape1.jpg","1","You","Michelle","<none>","2","Waru","1","1","547"
"2507","1","test","142","m","7","shape1.jpg","1","You","Michelle","<none>","2","Waru","2","1","656"
"2507","1","test","143","z","7","shape1.jpg","1","You","Michelle","<none>","2","Waru","2","0","964"
"2507","1","test","144","m","7","shape1.jpg","1","You","Michelle","<none>","2","Waru","2","1","888"
"2507","1","test","145","z","2","shape2.jpg","1","You","Michelle","<none>","2","Waru","1","1","1320"
"2507","1","test","146","m","8","shape2.jpg","1","You","Michelle","<none>","2","Waru","2","1","605"
"2507","1","test","147","m","2","shape2.jpg","1","You","Michelle","<none>","2","Waru","1","0","872"
"2507","1","test","148","z","2","shape2.jpg","1","You","Michelle","<none>","2","Waru","1","1","736"
"2507","1","test","149","z","3","shape3.jpg","1","You","Michelle","<none>","2","Waru","1","1","1134"
"2507","1","test","150","m","6","shape3.jpg","1","You","Michelle","<none>","2","Waru","2","1","843"
"2507","1","test","151","m","7","shape1.jpg","1","You","Michelle","<none>","2","Waru","2","1","739"
"2507","1","test","152","m","7","shape1.jpg","1","You","Michelle","<none>","2","Waru","2","1","618"
"2507","1","test","153","z","3","shape3.jpg","1","You","Michelle","<none>","2","Waru","1","1","652"
"2507","1","test","154","m","8","shape2.jpg","1","You","Michelle","<none>","2","Waru","2","1","661"
"2507","1","test","155","m","5","shape2.jpg","1","You","Michelle","<none>","2","Waru","2","1","806"
"2507","1","test","156","m","2","shape2.jpg","1","You","Michelle","<none>","2","Waru","1","0","1002"
"2507","1","test","157","m","7","shape1.jpg","1","You","Michelle","<none>","2","Waru","2","1","837"
"2507","1","test","158","m","2","shape2.jpg","1","You","Michelle","<none>","2","Waru","1","0","934"
"2507","1","test","159","m","8","shape2.jpg","1","You","Michelle","<none>","2","Waru","2","1","906"
"2507","1","test","160","m","7","shape1.jpg","1","You","Michelle","<none>","2","Waru","2","1","858"
"2507","1","test","161","m","6","shape3.jpg","1","You","Michelle","<none>","2","Waru","2","1","811"
"2507","1","test","162","m","9","shape3.jpg","1","You","Michelle","<none>","2","Waru","2","1","950"
"2507","1","test","163","m","1","shape1.jpg","1","You","Michelle","<none>","2","Waru","1","0","681"
"2507","1","test","164","z","1","shape1.jpg","1","You","Michelle","<none>","2","Waru","1","1","489"
"2507","1","test","165","m","4","shape1.jpg","1","You","Michelle","<none>","2","Waru","2","1","611"
"2507","1","test","166","z","2","shape2.jpg","1","You","Michelle","<none>","2","Waru","1","1","1022"
"2507","1","test","167","m","8","shape2.jpg","1","You","Michelle","<none>","2","Waru","2","1","609"
"2507","1","test","168","z","3","shape3.jpg","1","You","Michelle","<none>","2","Waru","1","1","756"
"2507","1","test","169","z","1","shape1.jpg","1","You","Michelle","<none>","2","Waru","1","1","728"
"2507","1","test","170","z","2","shape2.jpg","1","You","Michelle","<none>","2","Waru","1","1","902"
"2507","1","test","171","m","4","shape1.jpg","1","You","Michelle","<none>","2","Waru","2","1","797"
"2507","1","test","172","z","1","shape1.jpg","1","You","Michelle","<none>","2","Waru","1","1","856"
"2507","1","test","173","m","5","shape2.jpg","1","You","Michelle","<none>","2","Waru","2","1","723"
"2507","1","test","174","m","5","shape2.jpg","1","You","Michelle","<none>","2","Waru","2","1","697"
"2507","1","test","175","z","1","shape1.jpg","1","You","Michelle","<none>","2","Waru","1","1","649"
"2507","1","test","176","m","4","shape1.jpg","1","You","Michelle","<none>","2","Waru","2","1","1226"
"2507","1","test","177","z","2","shape2.jpg","1","You","Michelle","<none>","2","Waru","1","1","844"
"2507","1","test","178","m","9","shape3.jpg","1","You","Michelle","<none>","2","Waru","2","1","684"
"2507","1","test","179","z","1","shape1.jpg","1","You","Michelle","<none>","2","Waru","1","1","788"
"2507","1","test","180","m","3","shape3.jpg","1","You","Michelle","<none>","2","Waru","1","0","1039"
"2507","1","test","181","z","1","shape1.jpg","1","You","Michelle","<none>","2","Waru","1","1","729"
"2507","1","test","182","z","1","shape1.jpg","1","You","Michelle","<none>","2","Waru","1","1","574"
"2507","1","test","183","z","2","shape2.jpg","1","You","Michelle","<none>","2","Waru","1","1","908"
"2507","1","test","184","m","4","shape1.jpg","1","You","Michelle","<none>","2","Waru","2","1","939"
"2507","1","test","185","m","4","shape1.jpg","1","You","Michelle","<none>","2","Waru","2","1","1041"
"2507","1","test","186","z","1","shape1.jpg","1","You","Michelle","<none>","2","Waru","1","1","593"
"2507","1","test","187","m","5","shape2.jpg","1","You","Michelle","<none>","2","Waru","2","1","846"
"2507","1","test","188","z","3","shape3.jpg","1","You","Michelle","<none>","2","Waru","1","1","886"
"2507","1","test","189","z","7","shape1.jpg","1","You","Michelle","<none>","2","Waru","2","0","1119"
"2507","1","test","190","z","2","shape2.jpg","1","You","Michelle","<none>","2","Waru","1","1","1339"
"2507","1","test","191","z","1","shape1.jpg","1","You","Michelle","<none>","2","Waru","1","1","687"
"2507","1","test","192","z","1","shape1.jpg","1","You","Michelle","<none>","2","Waru","1","1","592"
"2507","1","test","193","m","9","shape3.jpg","1","You","Michelle","<none>","2","Waru","2","1","860"
"2507","1","test","194","m","4","shape1.jpg","1","You","Michelle","<none>","2","Waru","2","1","1437"
"2507","1","test","195","m","9","shape3.jpg","1","You","Michelle","<none>","2","Waru","2","1","918"
"2507","1","test","196","z","3","shape3.jpg","1","You","Michelle","<none>","2","Waru","1","1","1250"
"2507","1","test","197","z","1","shape1.jpg","1","You","Michelle","<none>","2","Waru","1","1","698"
"2507","1","test","198","z","8","shape2.jpg","1","You","Michelle","<none>","2","Waru","2","0","857"
"2507","1","test","199","z","2","shape2.jpg","1","You","Michelle","<none>","2","Waru","1","1","778"
"2507","1","test","200","m","5","shape2.jpg","1","You","Michelle","<none>","2","Waru","2","1","663"
"2507","1","test","201","z","8","shape2.jpg","1","You","Michelle","<none>","2","Waru","2","0","728"
"2507","1","test","202","m","8","shape2.jpg","1","You","Michelle","<none>","2","Waru","2","1","1151"
"2507","1","test","203","m","9","shape3.jpg","1","You","Michelle","<none>","2","Waru","2","1","834"
"2507","1","test","204","z","4","shape1.jpg","1","You","Michelle","<none>","2","Waru","2","0","980"
"2507","1","test","205","z","3","shape3.jpg","1","You","Michelle","<none>","2","Waru","1","1","1088"
"2507","1","test","206","z","3","shape3.jpg","1","You","Michelle","<none>","2","Waru","1","1","742"
"2507","1","test","207","z","1","shape1.jpg","1","You","Michelle","<none>","2","Waru","1","1","691"
"2507","1","test","208","z","2","shape2.jpg","1","You","Michelle","<none>","2","Waru","1","1","900"
"2507","1","test","209","z","1","shape1.jpg","1","You","Michelle","<none>","2","Waru","1","1","691"
"2507","1","test","210","z","3","shape3.jpg","1","You","Michelle","<none>","2","Waru","1","1","1338"
"2507","1","test","211","z","3","shape3.jpg","1","You","Michelle","<none>","2","Waru","1","1","759"
"2507","1","test","212","z","2","shape2.jpg","1","You","Michelle","<none>","2","Waru","1","1","627"
"2507","1","test","213","m","9","shape3.jpg","1","You","Michelle","<none>","2","Waru","2","1","1288"
"2507","1","test","214","z","8","shape2.jpg","1","You","Michelle","<none>","2","Waru","2","0","787"
"2507","1","test","215","z","2","shape2.jpg","1","You","Michelle","<none>","2","Waru","1","1","632"
"2507","1","test","216","z","7","shape1.jpg","1","You","Michelle","<none>","2","Waru","2","0","691"
"2507","1","test","217","z","8","shape2.jpg","1","You","Michelle","<none>","2","Waru","2","0","683"
"2507","1","test","218","z","1","shape1.jpg","1","You","Michelle","<none>","2","Waru","1","1","699"
"2507","1","test","219","m","9","shape3.jpg","1","You","Michelle","<none>","2","Waru","2","1","842"
"2507","1","test","220","z","1","shape1.jpg","1","You","Michelle","<none>","2","Waru","1","1","1090"
"2507","1","test","221","m","6","shape3.jpg","1","You","Michelle","<none>","2","Waru","2","1","1369"
"2507","1","test","222","z","2","shape2.jpg","1","You","Michelle","<none>","2","Waru","1","1","949"
"2507","1","test","223","z","2","shape2.jpg","1","You","Michelle","<none>","2","Waru","1","1","722"
"2507","1","test","224","m","9","shape3.jpg","1","You","Michelle","<none>","2","Waru","2","1","848"
"2507","1","test","225","z","3","shape3.jpg","1","You","Michelle","<none>","2","Waru","1","1","1178"
"2507","1","test","226","z","1","shape1.jpg","1","You","Michelle","<none>","2","Waru","1","1","765"
"2507","1","test","227","z","2","shape2.jpg","1","You","Michelle","<none>","2","Waru","1","1","986"
"2507","1","test","228","z","1","shape1.jpg","1","You","Michelle","<none>","2","Waru","1","1","644"
"2507","1","test","229","z","9","shape3.jpg","1","You","Michelle","<none>","2","Waru","2","0","630"
"2507","1","test","230","m","9","shape3.jpg","1","You","Michelle","<none>","2","Waru","2","1","912"
"2507","1","test","231","x","6","shape3.jpg","1","You","Michelle","<none>","2","Waru","2","0","1499"
"2507","1","test","232","m","7","shape1.jpg","1","You","Michelle","<none>","2","Waru","2","1","979"
"2507","1","test","233","m","9","shape3.jpg","1","You","Michelle","<none>","2","Waru","2","1","840"
"2507","1","test","234","m","5","shape2.jpg","1","You","Michelle","<none>","2","Waru","2","1","825"
"2507","1","test","235","z","8","shape2.jpg","1","You","Michelle","<none>","2","Waru","2","0","891"
"2507","1","test","236","z","3","shape3.jpg","1","You","Michelle","<none>","2","Waru","1","1","1122"
"2507","1","test","237","m","9","shape3.jpg","1","You","Michelle","<none>","2","Waru","2","1","872"
"2507","1","test","238","z","3","shape3.jpg","1","You","Michelle","<none>","2","Waru","1","1","1175"
"2507","1","test","239","z","3","shape3.jpg","1","You","Michelle","<none>","2","Waru","1","1","547"
"2507","1","test","240","z","3","shape3.jpg","1","You","Michelle","<none>","2","Waru","1","1","506"
"2507","1","test","241","m","8","shape2.jpg","1","You","Michelle","<none>","2","Waru","2","1","1175"
"2507","1","test","242","m","8","shape2.jpg","1","You","Michelle","<none>","2","Waru","2","1","939"
"2507","1","test","243","z","3","shape3.jpg","1","You","Michelle","<none>","2","Waru","1","1","607"
"2507","1","test","244","z","1","shape1.jpg","1","You","Michelle","<none>","2","Waru","1","1","515"
"2507","1","test","245","m","4","shape1.jpg","1","You","Michelle","<none>","2","Waru","2","1","674"
"2507","1","test","246","z","3","shape3.jpg","1","You","Michelle","<none>","2","Waru","1","1","946"
"2507","1","test","247","m","5","shape2.jpg","1","You","Michelle","<none>","2","Waru","2","1","713"
"2507","1","test","248","m","5","shape2.jpg","1","You","Michelle","<none>","2","Waru","2","1","784"
"2507","1","test","249","m","7","shape1.jpg","1","You","Michelle","<none>","2","Waru","2","1","1308"
"2507","1","test","250","m","6","shape3.jpg","1","You","Michelle","<none>","2","Waru","2","1","937"
"2507","1","test","251","m","9","shape3.jpg","1","You","Michelle","<none>","2","Waru","2","1","1365"
"2507","1","test","252","m","5","shape2.jpg","1","You","Michelle","<none>","2","Waru","2","1","737"
"2507","1","test","253","z","1","shape1.jpg","1","You","Michelle","<none>","2","Waru","1","1","775"
"2507","1","test","254","m","7","shape1.jpg","1","You","Michelle","<none>","2","Waru","2","1","1051"
"2507","1","test","255","z","8","shape2.jpg","1","You","Michelle","<none>","2","Waru","2","0","923"
"2507","1","test","256","m","3","shape3.jpg","1","You","Michelle","<none>","2","Waru","1","0","497"
"2507","1","test","257","m","7","shape1.jpg","1","You","Michelle","<none>","2","Waru","2","1","1097"
"2507","1","test","258","z","1","shape1.jpg","1","You","Michelle","<none>","2","Waru","1","1","816"
"2507","1","test","259","m","7","shape1.jpg","1","You","Michelle","<none>","2","Waru","2","1","1083"
"2507","1","test","260","z","6","shape3.jpg","1","You","Michelle","<none>","2","Waru","2","0","921"
"2507","1","test","261","z","3","shape3.jpg","1","You","Michelle","<none>","2","Waru","1","1","718"
"2507","1","test","262","z","1","shape1.jpg","1","You","Michelle","<none>","2","Waru","1","1","726"
"2507","1","test","263","m","9","shape3.jpg","1","You","Michelle","<none>","2","Waru","2","1","676"
"2507","1","test","264","z","1","shape1.jpg","1","You","Michelle","<none>","2","Waru","1","1","643"
"2507","1","test","265","m","8","shape2.jpg","1","You","Michelle","<none>","2","Waru","2","1","1182"
"2507","1","test","266","m","5","shape2.jpg","1","You","Michelle","<none>","2","Waru","2","1","800"
"2507","1","test","267","z","2","shape2.jpg","1","You","Michelle","<none>","2","Waru","1","1","1261"
"2507","1","test","268","z","1","shape1.jpg","1","You","Michelle","<none>","2","Waru","1","1","693"
"2507","1","test","269","m","5","shape2.jpg","1","You","Michelle","<none>","2","Waru","2","1","908"
"2507","1","test","270","x","2","shape2.jpg","1","You","Michelle","<none>","2","Waru","1","0","1499"
"2507","1","test","271","m","7","shape1.jpg","1","You","Michelle","<none>","2","Waru","2","1","1166"
"2507","1","test","272","m","9","shape3.jpg","1","You","Michelle","<none>","2","Waru","2","1","1115"
"2507","1","test","273","x","6","shape3.jpg","1","You","Michelle","<none>","2","Waru","2","0","1500"
"2507","1","test","274","z","2","shape2.jpg","1","You","Michelle","<none>","2","Waru","1","1","1156"
"2507","1","test","275","z","2","shape2.jpg","1","You","Michelle","<none>","2","Waru","1","1","751"
"2507","1","test","276","z","3","shape3.jpg","1","You","Michelle","<none>","2","Waru","1","1","989"
"2507","1","test","277","z","3","shape3.jpg","1","You","Michelle","<none>","2","Waru","1","1","1168"
"2507","1","test","278","m","5","shape2.jpg","1","You","Michelle","<none>","2","Waru","2","1","779"
"2507","1","test","279","x","6","shape3.jpg","1","You","Michelle","<none>","2","Waru","2","0","1500"
"2507","1","test","280","m","6","shape3.jpg","1","You","Michelle","<none>","2","Waru","2","1","1035"
"2507","1","test","281","z","8","shape2.jpg","1","You","Michelle","<none>","2","Waru","2","0","725"
"2507","1","test","282","m","6","shape3.jpg","1","You","Michelle","<none>","2","Waru","2","1","931"
"2507","1","test","283","z","3","shape3.jpg","1","You","Michelle","<none>","2","Waru","1","1","713"
"2507","1","test","284","m","5","shape2.jpg","1","You","Michelle","<none>","2","Waru","2","1","767"
"2507","1","test","285","m","9","shape3.jpg","1","You","Michelle","<none>","2","Waru","2","1","932"
"2507","1","test","286","m","6","shape3.jpg","1","You","Michelle","<none>","2","Waru","2","1","1433"
"2507","1","test","287","m","7","shape1.jpg","1","You","Michelle","<none>","2","Waru","2","1","649"
"2507","1","test","288","z","1","shape1.jpg","1","You","Michelle","<none>","2","Waru","1","1","483"
"2507","1","test","289","z","1","shape1.jpg","1","You","Michelle","<none>","2","Waru","1","1","875"
"2507","1","test","290","m","6","shape3.jpg","1","You","Michelle","<none>","2","Waru","2","1","1156"
"2507","1","test","291","z","3","shape3.jpg","1","You","Michelle","<none>","2","Waru","1","1","1112"
"2507","1","test","292","m","2","shape2.jpg","1","You","Michelle","<none>","2","Waru","1","0","789"
"2507","1","test","293","m","8","shape2.jpg","1","You","Michelle","<none>","2","Waru","2","1","945"
"2507","1","test","294","z","2","shape2.jpg","1","You","Michelle","<none>","2","Waru","1","1","766"
"2507","1","test","295","m","5","shape2.jpg","1","You","Michelle","<none>","2","Waru","2","1","676"
"2507","1","test","296","z","3","shape3.jpg","1","You","Michelle","<none>","2","Waru","1","1","1492"
"2507","1","test","297","z","3","shape3.jpg","1","You","Michelle","<none>","2","Waru","1","1","576"
"2507","1","test","298","z","3","shape3.jpg","1","You","Michelle","<none>","2","Waru","1","1","702"
"2507","1","test","299","z","3","shape3.jpg","1","You","Michelle","<none>","2","Waru","1","1","646"
"2507","1","test","300","z","3","shape3.jpg","1","You","Michelle","<none>","2","Waru","1","1","695"
"2507","1","test","301","z","1","shape1.jpg","1","You","Michelle","<none>","2","Waru","1","1","879"
"2507","1","test","302","m","9","shape3.jpg","1","You","Michelle","<none>","2","Waru","2","1","720"
"2507","1","test","303","m","4","shape1.jpg","1","You","Michelle","<none>","2","Waru","2","1","798"
"2507","1","test","304","m","5","shape2.jpg","1","You","Michelle","<none>","2","Waru","2","1","922"
"2507","1","test","305","m","6","shape3.jpg","1","You","Michelle","<none>","2","Waru","2","1","951"
"2507","1","test","306","m","2","shape2.jpg","1","You","Michelle","<none>","2","Waru","1","0","660"
"2507","1","test","307","m","2","shape2.jpg","1","You","Michelle","<none>","2","Waru","1","0","765"
"2507","1","test","308","m","6","shape3.jpg","1","You","Michelle","<none>","2","Waru","2","1","1178"
"2507","1","test","309","m","9","shape3.jpg","1","You","Michelle","<none>","2","Waru","2","1","820"
"2507","1","test","310","x","2","shape2.jpg","1","You","Michelle","<none>","2","Waru","1","0","1498"
"2507","1","test","311","m","6","shape3.jpg","1","You","Michelle","<none>","2","Waru","2","1","755"
"2507","1","test","312","z","3","shape3.jpg","1","You","Michelle","<none>","2","Waru","1","1","663"
"2507","1","test","313","z","1","shape1.jpg","1","You","Michelle","<none>","2","Waru","1","1","978"
"2507","1","test","314","z","1","shape1.jpg","1","You","Michelle","<none>","2","Waru","1","1","1078"
"2507","1","test","315","m","5","shape2.jpg","1","You","Michelle","<none>","2","Waru","2","1","653"
"2507","1","test","316","z","1","shape1.jpg","1","You","Michelle","<none>","2","Waru","1","1","566"
"2507","1","test","317","m","3","shape3.jpg","1","You","Michelle","<none>","2","Waru","1","0","667"
"2507","1","test","318","z","1","shape1.jpg","1","You","Michelle","<none>","2","Waru","1","1","708"
"2507","1","test","319","z","7","shape1.jpg","1","You","Michelle","<none>","2","Waru","2","0","876"
"2507","1","test","320","z","3","shape3.jpg","1","You","Michelle","<none>","2","Waru","1","1","995"
"2507","1","test","321","x","3","shape3.jpg","1","You","Michelle","<none>","2","Waru","1","0","1500"
"2507","1","test","322","m","4","shape1.jpg","1","You","Michelle","<none>","2","Waru","2","1","650"
"2507","1","test","323","x","2","shape2.jpg","1","You","Michelle","<none>","2","Waru","1","0","1499"
"2507","1","test","324","z","3","shape3.jpg","1","You","Michelle","<none>","2","Waru","1","1","935"
"2507","1","test","325","z","1","shape1.jpg","1","You","Michelle","<none>","2","Waru","1","1","669"
"2507","1","test","326","m","9","shape3.jpg","1","You","Michelle","<none>","2","Waru","2","1","661"
"2507","1","test","327","z","4","shape1.jpg","1","You","Michelle","<none>","2","Waru","2","0","534"
"2507","1","test","328","z","2","shape2.jpg","1","You","Michelle","<none>","2","Waru","1","1","972"
"2507","1","test","329","z","1","shape1.jpg","1","You","Michelle","<none>","2","Waru","1","1","866"
"2507","1","test","330","m","5","shape2.jpg","1","You","Michelle","<none>","2","Waru","2","1","641"
"2507","1","test","331","m","4","shape1.jpg","1","You","Michelle","<none>","2","Waru","2","1","706"
"2507","1","test","332","m","5","shape2.jpg","1","You","Michelle","<none>","2","Waru","2","1","698"
"2507","1","test","333","m","9","shape3.jpg","1","You","Michelle","<none>","2","Waru","2","1","833"
"2507","1","test","334","m","1","shape1.jpg","1","You","Michelle","<none>","2","Waru","1","0","490"
"2507","1","test","335","z","1","shape1.jpg","1","You","Michelle","<none>","2","Waru","1","1","572"
"2507","1","test","336","m","4","shape1.jpg","1","You","Michelle","<none>","2","Waru","2","1","760"
"2507","1","test","337","z","2","shape2.jpg","1","You","Michelle","<none>","2","Waru","1","1","1236"
"2507","1","test","338","m","4","shape1.jpg","1","You","Michelle","<none>","2","Waru","2","1","749"
"2507","1","test","339","m","3","shape3.jpg","1","You","Michelle","<none>","2","Waru","1","0","940"
"2507","1","test","340","z","4","shape1.jpg","1","You","Michelle","<none>","2","Waru","2","0","528"
"2507","1","test","341","z","2","shape2.jpg","1","You","Michelle","<none>","2","Waru","1","1","1215"
"2507","1","test","342","z","1","shape1.jpg","1","You","Michelle","<none>","2","Waru","1","1","665"
"2507","1","test","343","z","1","shape1.jpg","1","You","Michelle","<none>","2","Waru","1","1","545"
"2507","1","test","344","z","3","shape3.jpg","1","You","Michelle","<none>","2","Waru","1","1","952"
"2507","1","test","345","z","2","shape2.jpg","1","You","Michelle","<none>","2","Waru","1","1","869"
"2507","1","test","346","z","1","shape1.jpg","1","You","Michelle","<none>","2","Waru","1","1","556"
"2507","1","test","347","m","9","shape3.jpg","1","You","Michelle","<none>","2","Waru","2","1","1243"
"2507","1","test","348","z","9","shape3.jpg","1","You","Michelle","<none>","2","Waru","2","0","883"
"2507","1","test","349","z","4","shape1.jpg","1","You","Michelle","<none>","2","Waru","2","0","778"
"2507","1","test","350","z","2","shape2.jpg","1","You","Michelle","<none>","2","Waru","1","1","991"
"2507","1","test","351","m","8","shape2.jpg","1","You","Michelle","<none>","2","Waru","2","1","1305"
"2507","1","test","352","m","6","shape3.jpg","1","You","Michelle","<none>","2","Waru","2","1","1007"
"2507","1","test","353","m","7","shape1.jpg","1","You","Michelle","<none>","2","Waru","2","1","858"
"2507","1","test","354","z","1","shape1.jpg","1","You","Michelle","<none>","2","Waru","1","1","874"
"2507","1","test","355","m","4","shape1.jpg","1","You","Michelle","<none>","2","Waru","2","1","866"
"2507","1","test","356","m","4","shape1.jpg","1","You","Michelle","<none>","2","Waru","2","1","1186"
"2507","1","test","357","m","7","shape1.jpg","1","You","Michelle","<none>","2","Waru","2","1","1212"
"2507","1","test","358","m","9","shape3.jpg","1","You","Michelle","<none>","2","Waru","2","1","710"
"2507","1","test","359","x","2","shape2.jpg","1","You","Michelle","<none>","2","Waru","1","0","1498"
"2507","1","test","360","z","1","shape1.jpg","1","You","Michelle","<none>","2","Waru","1","1","738"
"2508","2","test","1","x","3","shape3.jpg","2","You","<none>","Orsolya","2","Waru","1","0","1499"
"2508","2","test","2","m","1","shape1.jpg","2","You","<none>","Orsolya","2","Waru","1","1","804"
"2508","2","test","3","z","4","shape1.jpg","2","You","<none>","Orsolya","2","Waru","2","1","671"
"2508","2","test","4","z","6","shape3.jpg","2","You","<none>","Orsolya","2","Waru","2","1","1151"
"2508","2","test","5","z","9","shape3.jpg","2","You","<none>","Orsolya","2","Waru","2","1","851"
"2508","2","test","6","x","2","shape2.jpg","2","You","<none>","Orsolya","2","Waru","1","0","1500"
"2508","2","test","7","m","2","shape2.jpg","2","You","<none>","Orsolya","2","Waru","1","1","680"
"2508","2","test","8","m","1","shape1.jpg","2","You","<none>","Orsolya","2","Waru","1","1","728"
"2508","2","test","9","z","3","shape3.jpg","2","You","<none>","Orsolya","2","Waru","1","0","1166"
"2508","2","test","10","m","2","shape2.jpg","2","You","<none>","Orsolya","2","Waru","1","1","1243"
"2508","2","test","11","z","3","shape3.jpg","2","You","<none>","Orsolya","2","Waru","1","0","987"
"2508","2","test","12","z","5","shape2.jpg","2","You","<none>","Orsolya","2","Waru","2","1","837"
"2508","2","test","13","m","1","shape1.jpg","2","You","<none>","Orsolya","2","Waru","1","1","687"
"2508","2","test","14","m","3","shape3.jpg","2","You","<none>","Orsolya","2","Waru","1","1","990"
"2508","2","test","15","m","1","shape1.jpg","2","You","<none>","Orsolya","2","Waru","1","1","625"
"2508","2","test","16","m","6","shape3.jpg","2","You","<none>","Orsolya","2","Waru","2","0","1420"
"2508","2","test","17","m","6","shape3.jpg","2","You","<none>","Orsolya","2","Waru","2","0","1134"
"2508","2","test","18","m","2","shape2.jpg","2","You","<none>","Orsolya","2","Waru","1","1","1066"
"2508","2","test","19","m","7","shape1.jpg","2","You","<none>","Orsolya","2","Waru","2","0","1074"
"2508","2","test","20","z","3","shape3.jpg","2","You","<none>","Orsolya","2","Waru","1","0","897"
"2508","2","test","21","z","5","shape2.jpg","2","You","<none>","Orsolya","2","Waru","2","1","856"
"2508","2","test","22","x","3","shape3.jpg","2","You","<none>","Orsolya","2","Waru","1","0","1499"
"2508","2","test","23","z","7","shape1.jpg","2","You","<none>","Orsolya","2","Waru","2","1","1013"
"2508","2","test","24","m","8","shape2.jpg","2","You","<none>","Orsolya","2","Waru","2","0","782"
"2508","2","test","25","z","2","shape2.jpg","2","You","<none>","Orsolya","2","Waru","1","0","722"
"2508","2","test","26","z","3","shape3.jpg","2","You","<none>","Orsolya","2","Waru","1","0","752"
"2508","2","test","27","z","4","shape1.jpg","2","You","<none>","Orsolya","2","Waru","2","1","806"
"2508","2","test","28","z","5","shape2.jpg","2","You","<none>","Orsolya","2","Waru","2","1","576"
"2508","2","test","29","z","4","shape1.jpg","2","You","<none>","Orsolya","2","Waru","2","1","951"
"2508","2","test","30","z","9","shape3.jpg","2","You","<none>","Orsolya","2","Waru","2","1","691"
"2508","2","test","31","m","1","shape1.jpg","2","You","<none>","Orsolya","2","Waru","1","1","1099"
"2508","2","test","32","m","2","shape2.jpg","2","You","<none>","Orsolya","2","Waru","1","1","1081"
"2508","2","test","33","z","6","shape3.jpg","2","You","<none>","Orsolya","2","Waru","2","1","960"
"2508","2","test","34","m","1","shape1.jpg","2","You","<none>","Orsolya","2","Waru","1","1","670"
"2508","2","test","35","m","1","shape1.jpg","2","You","<none>","Orsolya","2","Waru","1","1","590"
"2508","2","test","36","m","9","shape3.jpg","2","You","<none>","Orsolya","2","Waru","2","0","835"
"2508","2","test","37","x","8","shape2.jpg","2","You","<none>","Orsolya","2","Waru","2","0","1500"
"2508","2","test","38","m","1","shape1.jpg","2","You","<none>","Orsolya","2","Waru","1","1","638"
"2508","2","test","39","z","7","shape1.jpg","2","You","<none>","Orsolya","2","Waru","2","1","978"
"2508","2","test","40","z","7","shape1.jpg","2","You","<none>","Orsolya","2","Waru","2","1","646"
"2508","2","test","41","m","3","shape3.jpg","2","You","<none>","Orsolya","2","Waru","1","1","1031"
"2508","2","test","42","m","9","shape3.jpg","2","You","<none>","Orsolya","2","Waru","2","0","721"
"2508","2","test","43","m","1","shape1.jpg","2","You","<none>","Orsolya","2","Waru","1","1","702"
"2508","2","test","44","x","3","shape3.jpg","2","You","<none>","Orsolya","2","Waru","1","0","1500"
"2508","2","test","45","z","2","shape2.jpg","2","You","<none>","Orsolya","2","Waru","1","0","811"
"2508","2","test","46","z","2","shape2.jpg","2","You","<none>","Orsolya","2","Waru","1","0","628"
"2508","2","test","47","m","1","shape1.jpg","2","You","<none>","Orsolya","2","Waru","1","1","728"
"2508","2","test","48","m","7","shape1.jpg","2","You","<none>","Orsolya","2","Waru","2","0","550"
"2508","2","test","49","z","3","shape3.jpg","2","You","<none>","Orsolya","2","Waru","1","0","661"
"2508","2","test","50","x","6","shape3.jpg","2","You","<none>","Orsolya","2","Waru","2","0","1500"
"2508","2","test","51","m","1","shape1.jpg","2","You","<none>","Orsolya","2","Waru","1","1","672"
"2508","2","test","52","m","6","shape3.jpg","2","You","<none>","Orsolya","2","Waru","2","0","1113"
"2508","2","test","53","z","7","shape1.jpg","2","You","<none>","Orsolya","2","Waru","2","1","919"
"2508","2","test","54","m","2","shape2.jpg","2","You","<none>","Orsolya","2","Waru","1","1","1166"
"2508","2","test","55","m","3","shape3.jpg","2","You","<none>","Orsolya","2","Waru","1","1","945"
"2508","2","test","56","z","6","shape3.jpg","2","You","<none>","Orsolya","2","Waru","2","1","1215"
"2508","2","test","57","m","2","shape2.jpg","2","You","<none>","Orsolya","2","Waru","1","1","1081"
"2508","2","test","58","z","7","shape1.jpg","2","You","<none>","Orsolya","2","Waru","2","1","887"
"2508","2","test","59","x","3","shape3.jpg","2","You","<none>","Orsolya","2","Waru","1","0","1499"
"2508","2","test","60","z","2","shape2.jpg","2","You","<none>","Orsolya","2","Waru","1","0","818"
"2508","2","test","61","z","4","shape1.jpg","2","You","<none>","Orsolya","2","Waru","2","1","997"
"2508","2","test","62","m","3","shape3.jpg","2","You","<none>","Orsolya","2","Waru","1","1","1097"
"2508","2","test","63","z","9","shape3.jpg","2","You","<none>","Orsolya","2","Waru","2","1","823"
"2508","2","test","64","m","1","shape1.jpg","2","You","<none>","Orsolya","2","Waru","1","1","762"
"2508","2","test","65","m","1","shape1.jpg","2","You","<none>","Orsolya","2","Waru","1","1","646"
"2508","2","test","66","m","3","shape3.jpg","2","You","<none>","Orsolya","2","Waru","1","1","1088"
"2508","2","test","67","m","6","shape3.jpg","2","You","<none>","Orsolya","2","Waru","2","0","1071"
"2508","2","test","68","z","6","shape3.jpg","2","You","<none>","Orsolya","2","Waru","2","1","1495"
"2508","2","test","69","z","5","shape2.jpg","2","You","<none>","Orsolya","2","Waru","2","1","789"
"2508","2","test","70","z","3","shape3.jpg","2","You","<none>","Orsolya","2","Waru","1","0","1384"
"2508","2","test","71","z","4","shape1.jpg","2","You","<none>","Orsolya","2","Waru","2","1","937"
"2508","2","test","72","m","3","shape3.jpg","2","You","<none>","Orsolya","2","Waru","1","1","647"
"2508","2","test","73","m","1","shape1.jpg","2","You","<none>","Orsolya","2","Waru","1","1","705"
"2508","2","test","74","z","5","shape2.jpg","2","You","<none>","Orsolya","2","Waru","2","1","728"
"2508","2","test","75","z","7","shape1.jpg","2","You","<none>","Orsolya","2","Waru","2","1","1047"
"2508","2","test","76","z","6","shape3.jpg","2","You","<none>","Orsolya","2","Waru","2","1","1184"
"2508","2","test","77","z","9","shape3.jpg","2","You","<none>","Orsolya","2","Waru","2","1","843"
"2508","2","test","78","m","2","shape2.jpg","2","You","<none>","Orsolya","2","Waru","1","1","1228"
"2508","2","test","79","z","3","shape3.jpg","2","You","<none>","Orsolya","2","Waru","1","0","1285"
"2508","2","test","80","m","2","shape2.jpg","2","You","<none>","Orsolya","2","Waru","1","1","1170"
"2508","2","test","81","m","1","shape1.jpg","2","You","<none>","Orsolya","2","Waru","1","1","655"
"2508","2","test","82","z","3","shape3.jpg","2","You","<none>","Orsolya","2","Waru","1","0","1049"
"2508","2","test","83","z","4","shape1.jpg","2","You","<none>","Orsolya","2","Waru","2","1","1066"
"2508","2","test","84","z","8","shape2.jpg","2","You","<none>","Orsolya","2","Waru","2","1","1018"
"2508","2","test","85","z","6","shape3.jpg","2","You","<none>","Orsolya","2","Waru","2","1","1234"
"2508","2","test","86","m","2","shape2.jpg","2","You","<none>","Orsolya","2","Waru","1","1","1218"
"2508","2","test","87","z","7","shape1.jpg","2","You","<none>","Orsolya","2","Waru","2","1","1363"
"2508","2","test","88","z","4","shape1.jpg","2","You","<none>","Orsolya","2","Waru","2","1","982"
"2508","2","test","89","m","3","shape3.jpg","2","You","<none>","Orsolya","2","Waru","1","1","1123"
"2508","2","test","90","m","3","shape3.jpg","2","You","<none>","Orsolya","2","Waru","1","1","679"
"2508","2","test","91","z","8","shape2.jpg","2","You","<none>","Orsolya","2","Waru","2","1","704"
"2508","2","test","92","z","9","shape3.jpg","2","You","<none>","Orsolya","2","Waru","2","1","790"
"2508","2","test","93","z","7","shape1.jpg","2","You","<none>","Orsolya","2","Waru","2","1","730"
"2508","2","test","94","m","2","shape2.jpg","2","You","<none>","Orsolya","2","Waru","1","1","913"
"2508","2","test","95","z","6","shape3.jpg","2","You","<none>","Orsolya","2","Waru","2","1","697"
"2508","2","test","96","m","1","shape1.jpg","2","You","<none>","Orsolya","2","Waru","1","1","705"
"2508","2","test","97","z","7","shape1.jpg","2","You","<none>","Orsolya","2","Waru","2","1","608"
"2508","2","test","98","m","8","shape2.jpg","2","You","<none>","Orsolya","2","Waru","2","0","956"
"2508","2","test","99","m","2","shape2.jpg","2","You","<none>","Orsolya","2","Waru","1","1","951"
"2508","2","test","100","m","1","shape1.jpg","2","You","<none>","Orsolya","2","Waru","1","1","724"
"2508","2","test","101","z","4","shape1.jpg","2","You","<none>","Orsolya","2","Waru","2","1","1083"
"2508","2","test","102","z","2","shape2.jpg","2","You","<none>","Orsolya","2","Waru","1","0","1050"
"2508","2","test","103","z","3","shape3.jpg","2","You","<none>","Orsolya","2","Waru","1","0","779"
"2508","2","test","104","z","2","shape2.jpg","2","You","<none>","Orsolya","2","Waru","1","0","919"
"2508","2","test","105","m","1","shape1.jpg","2","You","<none>","Orsolya","2","Waru","1","1","732"
"2508","2","test","106","m","1","shape1.jpg","2","You","<none>","Orsolya","2","Waru","1","1","633"
"2508","2","test","107","z","9","shape3.jpg","2","You","<none>","Orsolya","2","Waru","2","1","628"
"2508","2","test","108","m","2","shape2.jpg","2","You","<none>","Orsolya","2","Waru","1","1","815"
"2508","2","test","109","m","1","shape1.jpg","2","You","<none>","Orsolya","2","Waru","1","1","833"
"2508","2","test","110","z","4","shape1.jpg","2","You","<none>","Orsolya","2","Waru","2","1","668"
"2508","2","test","111","m","2","shape2.jpg","2","You","<none>","Orsolya","2","Waru","1","1","781"
"2508","2","test","112","z","8","shape2.jpg","2","You","<none>","Orsolya","2","Waru","2","1","761"
"2508","2","test","113","m","3","shape3.jpg","2","You","<none>","Orsolya","2","Waru","1","1","981"
"2508","2","test","114","m","1","shape1.jpg","2","You","<none>","Orsolya","2","Waru","1","1","681"
"2508","2","test","115","z","8","shape2.jpg","2","You","<none>","Orsolya","2","Waru","2","1","706"
"2508","2","test","116","z","5","shape2.jpg","2","You","<none>","Orsolya","2","Waru","2","1","856"
"2508","2","test","117","m","1","shape1.jpg","2","You","<none>","Orsolya","2","Waru","1","1","769"
"2508","2","test","118","z","9","shape3.jpg","2","You","<none>","Orsolya","2","Waru","2","1","670"
"2508","2","test","119","m","1","shape1.jpg","2","You","<none>","Orsolya","2","Waru","1","1","622"
"2508","2","test","120","z","9","shape3.jpg","2","You","<none>","Orsolya","2","Waru","2","1","794"
"2508","2","test","121","m","2","shape2.jpg","2","You","<none>","Orsolya","2","Waru","1","1","1142"
"2508","2","test","122","z","5","shape2.jpg","2","You","<none>","Orsolya","2","Waru","2","1","586"
"2508","2","test","123","z","6","shape3.jpg","2","You","<none>","Orsolya","2","Waru","2","1","1023"
"2508","2","test","124","z","5","shape2.jpg","2","You","<none>","Orsolya","2","Waru","2","1","609"
"2508","2","test","125","z","4","shape1.jpg","2","You","<none>","Orsolya","2","Waru","2","1","1027"
"2508","2","test","126","z","5","shape2.jpg","2","You","<none>","Orsolya","2","Waru","2","1","732"
"2508","2","test","127","z","4","shape1.jpg","2","You","<none>","Orsolya","2","Waru","2","1","922"
"2508","2","test","128","m","3","shape3.jpg","2","You","<none>","Orsolya","2","Waru","1","1","890"
"2508","2","test","129","m","3","shape3.jpg","2","You","<none>","Orsolya","2","Waru","1","1","913"
"2508","2","test","130","z","5","shape2.jpg","2","You","<none>","Orsolya","2","Waru","2","1","630"
"2508","2","test","131","m","1","shape1.jpg","2","You","<none>","Orsolya","2","Waru","1","1","617"
"2508","2","test","132","m","1","shape1.jpg","2","You","<none>","Orsolya","2","Waru","1","1","564"
"2508","2","test","133","z","7","shape1.jpg","2","You","<none>","Orsolya","2","Waru","2","1","593"
"2508","2","test","134","m","2","shape2.jpg","2","You","<none>","Orsolya","2","Waru","1","1","885"
"2508","2","test","135","z","9","shape3.jpg","2","You","<none>","Orsolya","2","Waru","2","1","670"
"2508","2","test","136","z","3","shape3.jpg","2","You","<none>","Orsolya","2","Waru","1","0","812"
"2508","2","test","137","z","9","shape3.jpg","2","You","<none>","Orsolya","2","Waru","2","1","890"
"2508","2","test","138","z","6","shape3.jpg","2","You","<none>","Orsolya","2","Waru","2","1","1232"
"2508","2","test","139","z","8","shape2.jpg","2","You","<none>","Orsolya","2","Waru","2","1","1186"
"2508","2","test","140","m","1","shape1.jpg","2","You","<none>","Orsolya","2","Waru","1","1","685"
"2508","2","test","141","m","2","shape2.jpg","2","You","<none>","Orsolya","2","Waru","1","1","916"
"2508","2","test","142","z","2","shape2.jpg","2","You","<none>","Orsolya","2","Waru","1","0","873"
"2508","2","test","143","m","2","shape2.jpg","2","You","<none>","Orsolya","2","Waru","1","1","675"
"2508","2","test","144","z","3","shape3.jpg","2","You","<none>","Orsolya","2","Waru","1","0","755"
"2508","2","test","145","m","2","shape2.jpg","2","You","<none>","Orsolya","2","Waru","1","1","1168"
"2508","2","test","146","m","3","shape3.jpg","2","You","<none>","Orsolya","2","Waru","1","1","618"
"2508","2","test","147","z","7","shape1.jpg","2","You","<none>","Orsolya","2","Waru","2","1","926"
"2508","2","test","148","m","2","shape2.jpg","2","You","<none>","Orsolya","2","Waru","1","1","908"
"2508","2","test","149","z","6","shape3.jpg","2","You","<none>","Orsolya","2","Waru","2","1","1170"
"2508","2","test","150","m","3","shape3.jpg","2","You","<none>","Orsolya","2","Waru","1","1","1117"
"2508","2","test","151","m","1","shape1.jpg","2","You","<none>","Orsolya","2","Waru","1","1","602"
"2508","2","test","152","z","4","shape1.jpg","2","You","<none>","Orsolya","2","Waru","2","1","814"
"2508","2","test","153","z","3","shape3.jpg","2","You","<none>","Orsolya","2","Waru","1","0","914"
"2508","2","test","154","z","5","shape2.jpg","2","You","<none>","Orsolya","2","Waru","2","1","838"
"2508","2","test","155","m","2","shape2.jpg","2","You","<none>","Orsolya","2","Waru","1","1","810"
"2508","2","test","156","m","8","shape2.jpg","2","You","<none>","Orsolya","2","Waru","2","0","1228"
"2508","2","test","157","m","2","shape2.jpg","2","You","<none>","Orsolya","2","Waru","1","1","597"
"2508","2","test","158","z","8","shape2.jpg","2","You","<none>","Orsolya","2","Waru","2","1","881"
"2508","2","test","159","m","1","shape1.jpg","2","You","<none>","Orsolya","2","Waru","1","1","625"
"2508","2","test","160","z","5","shape2.jpg","2","You","<none>","Orsolya","2","Waru","2","1","709"
"2508","2","test","161","m","3","shape3.jpg","2","You","<none>","Orsolya","2","Waru","1","1","1092"
"2508","2","test","162","m","3","shape3.jpg","2","You","<none>","Orsolya","2","Waru","1","1","666"
"2508","2","test","163","m","3","shape3.jpg","2","You","<none>","Orsolya","2","Waru","1","1","603"
"2508","2","test","164","z","4","shape1.jpg","2","You","<none>","Orsolya","2","Waru","2","1","767"
"2508","2","test","165","m","1","shape1.jpg","2","You","<none>","Orsolya","2","Waru","1","1","731"
"2508","2","test","166","m","6","shape3.jpg","2","You","<none>","Orsolya","2","Waru","2","0","1257"
"2508","2","test","167","m","3","shape3.jpg","2","You","<none>","Orsolya","2","Waru","1","1","841"
"2508","2","test","168","z","5","shape2.jpg","2","You","<none>","Orsolya","2","Waru","2","1","801"
"2508","2","test","169","z","9","shape3.jpg","2","You","<none>","Orsolya","2","Waru","2","1","1205"
"2508","2","test","170","m","3","shape3.jpg","2","You","<none>","Orsolya","2","Waru","1","1","775"
"2508","2","test","171","z","5","shape2.jpg","2","You","<none>","Orsolya","2","Waru","2","1","795"
"2508","2","test","172","m","2","shape2.jpg","2","You","<none>","Orsolya","2","Waru","1","1","1079"
"2508","2","test","173","z","4","shape1.jpg","2","You","<none>","Orsolya","2","Waru","2","1","687"
"2508","2","test","174","z","9","shape3.jpg","2","You","<none>","Orsolya","2","Waru","2","1","782"
"2508","2","test","175","z","7","shape1.jpg","2","You","<none>","Orsolya","2","Waru","2","1","1194"
"2508","2","test","176","m","2","shape2.jpg","2","You","<none>","Orsolya","2","Waru","1","1","1109"
"2508","2","test","177","m","3","shape3.jpg","2","You","<none>","Orsolya","2","Waru","1","1","947"
"2508","2","test","178","z","7","shape1.jpg","2","You","<none>","Orsolya","2","Waru","2","1","1168"
"2508","2","test","179","z","2","shape2.jpg","2","You","<none>","Orsolya","2","Waru","1","0","683"
"2508","2","test","180","z","7","shape1.jpg","2","You","<none>","Orsolya","2","Waru","2","1","939"
"2508","2","test","181","z","3","shape3.jpg","2","You","<none>","Orsolya","2","Waru","1","0","1208"
"2508","2","test","182","z","8","shape2.jpg","2","You","<none>","Orsolya","2","Waru","2","1","938"
"2508","2","test","183","z","8","shape2.jpg","2","You","<none>","Orsolya","2","Waru","2","1","1160"
"2508","2","test","184","z","4","shape1.jpg","2","You","<none>","Orsolya","2","Waru","2","1","820"
"2508","2","test","185","m","2","shape2.jpg","2","You","<none>","Orsolya","2","Waru","1","1","900"
"2508","2","test","186","z","5","shape2.jpg","2","You","<none>","Orsolya","2","Waru","2","1","643"
"2508","2","test","187","m","1","shape1.jpg","2","You","<none>","Orsolya","2","Waru","1","1","647"
"2508","2","test","188","m","3","shape3.jpg","2","You","<none>","Orsolya","2","Waru","1","1","1384"
"2508","2","test","189","m","2","shape2.jpg","2","You","<none>","Orsolya","2","Waru","1","1","1122"
"2508","2","test","190","z","2","shape2.jpg","2","You","<none>","Orsolya","2","Waru","1","0","880"
"2508","2","test","191","z","5","shape2.jpg","2","You","<none>","Orsolya","2","Waru","2","1","824"
"2508","2","test","192","m","2","shape2.jpg","2","You","<none>","Orsolya","2","Waru","1","1","1011"
"2508","2","test","193","z","8","shape2.jpg","2","You","<none>","Orsolya","2","Waru","2","1","940"
"2508","2","test","194","z","4","shape1.jpg","2","You","<none>","Orsolya","2","Waru","2","1","737"
"2508","2","test","195","z","6","shape3.jpg","2","You","<none>","Orsolya","2","Waru","2","1","1062"
"2508","2","test","196","z","5","shape2.jpg","2","You","<none>","Orsolya","2","Waru","2","1","680"
"2508","2","test","197","m","8","shape2.jpg","2","You","<none>","Orsolya","2","Waru","2","0","968"
"2508","2","test","198","m","2","shape2.jpg","2","You","<none>","Orsolya","2","Waru","1","1","876"
"2508","2","test","199","m","3","shape3.jpg","2","You","<none>","Orsolya","2","Waru","1","1","1036"
"2508","2","test","200","z","4","shape1.jpg","2","You","<none>","Orsolya","2","Waru","2","1","1005"
"2508","2","test","201","m","3","shape3.jpg","2","You","<none>","Orsolya","2","Waru","1","1","984"
"2508","2","test","202","z","7","shape1.jpg","2","You","<none>","Orsolya","2","Waru","2","1","1443"
"2508","2","test","203","z","4","shape1.jpg","2","You","<none>","Orsolya","2","Waru","2","1","795"
"2508","2","test","204","m","1","shape1.jpg","2","You","<none>","Orsolya","2","Waru","1","1","711"
"2508","2","test","205","m","1","shape1.jpg","2","You","<none>","Orsolya","2","Waru","1","1","668"
"2508","2","test","206","z","9","shape3.jpg","2","You","<none>","Orsolya","2","Waru","2","1","718"
"2508","2","test","207","m","3","shape3.jpg","2","You","<none>","Orsolya","2","Waru","1","1","963"
"2508","2","test","208","m","3","shape3.jpg","2","You","<none>","Orsolya","2","Waru","1","1","761"
"2508","2","test","209","z","7","shape1.jpg","2","You","<none>","Orsolya","2","Waru","2","1","703"
"2508","2","test","210","z","5","shape2.jpg","2","You","<none>","Orsolya","2","Waru","2","1","997"
"2508","2","test","211","m","1","shape1.jpg","2","You","<none>","Orsolya","2","Waru","1","1","752"
"2508","2","test","212","m","1","shape1.jpg","2","You","<none>","Orsolya","2","Waru","1","1","740"
"2508","2","test","213","z","4","shape1.jpg","2","You","<none>","Orsolya","2","Waru","2","1","691"
"2508","2","test","214","m","3","shape3.jpg","2","You","<none>","Orsolya","2","Waru","1","1","1332"
"2508","2","test","215","z","4","shape1.jpg","2","You","<none>","Orsolya","2","Waru","2","1","704"
"2508","2","test","216","z","8","shape2.jpg","2","You","<none>","Orsolya","2","Waru","2","1","824"
"2508","2","test","217","z","4","shape1.jpg","2","You","<none>","Orsolya","2","Waru","2","1","1121"
"2508","2","test","218","z","5","shape2.jpg","2","You","<none>","Orsolya","2","Waru","2","1","728"
"2508","2","test","219","m","6","shape3.jpg","2","You","<none>","Orsolya","2","Waru","2","0","1013"
"2508","2","test","220","z","6","shape3.jpg","2","You","<none>","Orsolya","2","Waru","2","1","1209"
"2508","2","test","221","z","9","shape3.jpg","2","You","<none>","Orsolya","2","Waru","2","1","842"
"2508","2","test","222","z","6","shape3.jpg","2","You","<none>","Orsolya","2","Waru","2","1","747"
"2508","2","test","223","m","1","shape1.jpg","2","You","<none>","Orsolya","2","Waru","1","1","697"
"2508","2","test","224","z","7","shape1.jpg","2","You","<none>","Orsolya","2","Waru","2","1","705"
"2508","2","test","225","m","2","shape2.jpg","2","You","<none>","Orsolya","2","Waru","1","1","1055"
"2508","2","test","226","m","1","shape1.jpg","2","You","<none>","Orsolya","2","Waru","1","1","712"
"2508","2","test","227","z","3","shape3.jpg","2","You","<none>","Orsolya","2","Waru","1","0","686"
"2508","2","test","228","m","3","shape3.jpg","2","You","<none>","Orsolya","2","Waru","1","1","967"
"2508","2","test","229","m","1","shape1.jpg","2","You","<none>","Orsolya","2","Waru","1","1","650"
"2508","2","test","230","m","3","shape3.jpg","2","You","<none>","Orsolya","2","Waru","1","1","828"
"2508","2","test","231","z","4","shape1.jpg","2","You","<none>","Orsolya","2","Waru","2","1","878"
"2508","2","test","232","m","6","shape3.jpg","2","You","<none>","Orsolya","2","Waru","2","0","1007"
"2508","2","test","233","z","8","shape2.jpg","2","You","<none>","Orsolya","2","Waru","2","1","1105"
"2508","2","test","234","m","2","shape2.jpg","2","You","<none>","Orsolya","2","Waru","1","1","871"
"2508","2","test","235","m","1","shape1.jpg","2","You","<none>","Orsolya","2","Waru","1","1","711"
"2508","2","test","236","m","3","shape3.jpg","2","You","<none>","Orsolya","2","Waru","1","1","999"
"2508","2","test","237","z","9","shape3.jpg","2","You","<none>","Orsolya","2","Waru","2","1","865"
"2508","2","test","238","m","2","shape2.jpg","2","You","<none>","Orsolya","2","Waru","1","1","937"
"2508","2","test","239","m","1","shape1.jpg","2","You","<none>","Orsolya","2","Waru","1","1","717"
"2508","2","test","240","z","9","shape3.jpg","2","You","<none>","Orsolya","2","Waru","2","1","724"
"2508","2","test","241","z","3","shape3.jpg","2","You","<none>","Orsolya","2","Waru","1","0","1096"
"2508","2","test","242","m","3","shape3.jpg","2","You","<none>","Orsolya","2","Waru","1","1","1103"
"2508","2","test","243","m","1","shape1.jpg","2","You","<none>","Orsolya","2","Waru","1","1","669"
"2508","2","test","244","m","3","shape3.jpg","2","You","<none>","Orsolya","2","Waru","1","1","773"
"2508","2","test","245","z","4","shape1.jpg","2","You","<none>","Orsolya","2","Waru","2","1","698"
"2508","2","test","246","m","3","shape3.jpg","2","You","<none>","Orsolya","2","Waru","1","1","817"
"2508","2","test","247","m","1","shape1.jpg","2","You","<none>","Orsolya","2","Waru","1","1","659"
"2508","2","test","248","z","8","shape2.jpg","2","You","<none>","Orsolya","2","Waru","2","1","964"
"2508","2","test","249","z","9","shape3.jpg","2","You","<none>","Orsolya","2","Waru","2","1","809"
"2508","2","test","250","m","2","shape2.jpg","2","You","<none>","Orsolya","2","Waru","1","1","908"
"2508","2","test","251","m","1","shape1.jpg","2","You","<none>","Orsolya","2","Waru","1","1","667"
"2508","2","test","252","z","5","shape2.jpg","2","You","<none>","Orsolya","2","Waru","2","1","739"
"2508","2","test","253","z","9","shape3.jpg","2","You","<none>","Orsolya","2","Waru","2","1","665"
"2508","2","test","254","z","6","shape3.jpg","2","You","<none>","Orsolya","2","Waru","2","1","961"
"2508","2","test","255","z","6","shape3.jpg","2","You","<none>","Orsolya","2","Waru","2","1","782"
"2508","2","test","256","m","1","shape1.jpg","2","You","<none>","Orsolya","2","Waru","1","1","547"
"2508","2","test","257","z","4","shape1.jpg","2","You","<none>","Orsolya","2","Waru","2","1","873"
"2508","2","test","258","m","2","shape2.jpg","2","You","<none>","Orsolya","2","Waru","1","1","1001"
"2508","2","test","259","z","9","shape3.jpg","2","You","<none>","Orsolya","2","Waru","2","1","763"
"2508","2","test","260","m","2","shape2.jpg","2","You","<none>","Orsolya","2","Waru","1","1","832"
"2508","2","test","261","z","5","shape2.jpg","2","You","<none>","Orsolya","2","Waru","2","1","730"
"2508","2","test","262","z","3","shape3.jpg","2","You","<none>","Orsolya","2","Waru","1","0","792"
"2508","2","test","263","m","3","shape3.jpg","2","You","<none>","Orsolya","2","Waru","1","1","763"
"2508","2","test","264","z","9","shape3.jpg","2","You","<none>","Orsolya","2","Waru","2","1","802"
"2508","2","test","265","m","2","shape2.jpg","2","You","<none>","Orsolya","2","Waru","1","1","900"
"2508","2","test","266","m","2","shape2.jpg","2","You","<none>","Orsolya","2","Waru","1","1","932"
"2508","2","test","267","z","7","shape1.jpg","2","You","<none>","Orsolya","2","Waru","2","1","729"
"2508","2","test","268","m","2","shape2.jpg","2","You","<none>","Orsolya","2","Waru","1","1","711"
"2508","2","test","269","z","7","shape1.jpg","2","You","<none>","Orsolya","2","Waru","2","1","758"
"2508","2","test","270","m","2","shape2.jpg","2","You","<none>","Orsolya","2","Waru","1","1","644"
"2508","2","test","271","z","3","shape3.jpg","2","You","<none>","Orsolya","2","Waru","1","0","637"
"2508","2","test","272","z","8","shape2.jpg","2","You","<none>","Orsolya","2","Waru","2","1","824"
"2508","2","test","273","m","1","shape1.jpg","2","You","<none>","Orsolya","2","Waru","1","1","658"
"2508","2","test","274","z","7","shape1.jpg","2","You","<none>","Orsolya","2","Waru","2","1","883"
"2508","2","test","275","z","9","shape3.jpg","2","You","<none>","Orsolya","2","Waru","2","1","698"
"2508","2","test","276","z","4","shape1.jpg","2","You","<none>","Orsolya","2","Waru","2","1","929"
"2508","2","test","277","m","1","shape1.jpg","2","You","<none>","Orsolya","2","Waru","1","1","696"
"2508","2","test","278","x","1","shape1.jpg","2","You","<none>","Orsolya","2","Waru","1","0","1499"
"2508","2","test","279","z","7","shape1.jpg","2","You","<none>","Orsolya","2","Waru","2","1","861"
"2508","2","test","280","z","9","shape3.jpg","2","You","<none>","Orsolya","2","Waru","2","1","804"
"2508","2","test","281","m","2","shape2.jpg","2","You","<none>","Orsolya","2","Waru","1","1","791"
"2508","2","test","282","m","1","shape1.jpg","2","You","<none>","Orsolya","2","Waru","1","1","651"
"2508","2","test","283","z","8","shape2.jpg","2","You","<none>","Orsolya","2","Waru","2","1","886"
"2508","2","test","284","z","6","shape3.jpg","2","You","<none>","Orsolya","2","Waru","2","1","971"
"2508","2","test","285","m","1","shape1.jpg","2","You","<none>","Orsolya","2","Waru","1","1","663"
"2508","2","test","286","m","8","shape2.jpg","2","You","<none>","Orsolya","2","Waru","2","0","1170"
"2508","2","test","287","m","3","shape3.jpg","2","You","<none>","Orsolya","2","Waru","1","1","1021"
"2508","2","test","288","z","6","shape3.jpg","2","You","<none>","Orsolya","2","Waru","2","1","772"
"2508","2","test","289","z","4","shape1.jpg","2","You","<none>","Orsolya","2","Waru","2","1","955"
"2508","2","test","290","z","9","shape3.jpg","2","You","<none>","Orsolya","2","Waru","2","1","957"
"2508","2","test","291","z","9","shape3.jpg","2","You","<none>","Orsolya","2","Waru","2","1","1051"
"2508","2","test","292","z","5","shape2.jpg","2","You","<none>","Orsolya","2","Waru","2","1","1196"
"2508","2","test","293","m","1","shape1.jpg","2","You","<none>","Orsolya","2","Waru","1","1","663"
"2508","2","test","294","m","1","shape1.jpg","2","You","<none>","Orsolya","2","Waru","1","1","727"
"2508","2","test","295","z","8","shape2.jpg","2","You","<none>","Orsolya","2","Waru","2","1","733"
"2508","2","test","296","z","4","shape1.jpg","2","You","<none>","Orsolya","2","Waru","2","1","829"
"2508","2","test","297","z","5","shape2.jpg","2","You","<none>","Orsolya","2","Waru","2","1","822"
"2508","2","test","298","z","8","shape2.jpg","2","You","<none>","Orsolya","2","Waru","2","1","945"
"2508","2","test","299","z","3","shape3.jpg","2","You","<none>","Orsolya","2","Waru","1","0","869"
"2508","2","test","300","z","4","shape1.jpg","2","You","<none>","Orsolya","2","Waru","2","1","751"
"2508","2","test","301","m","3","shape3.jpg","2","You","<none>","Orsolya","2","Waru","1","1","548"
"2508","2","test","302","z","5","shape2.jpg","2","You","<none>","Orsolya","2","Waru","2","1","680"
"2508","2","test","303","z","5","shape2.jpg","2","You","<none>","Orsolya","2","Waru","2","1","817"
"2508","2","test","304","z","9","shape3.jpg","2","You","<none>","Orsolya","2","Waru","2","1","930"
"2508","2","test","305","m","1","shape1.jpg","2","You","<none>","Orsolya","2","Waru","1","1","705"
"2508","2","test","306","m","1","shape1.jpg","2","You","<none>","Orsolya","2","Waru","1","1","601"
"2508","2","test","307","z","8","shape2.jpg","2","You","<none>","Orsolya","2","Waru","2","1","739"
"2508","2","test","308","z","9","shape3.jpg","2","You","<none>","Orsolya","2","Waru","2","1","689"
"2508","2","test","309","m","2","shape2.jpg","2","You","<none>","Orsolya","2","Waru","1","1","1162"
"2508","2","test","310","m","2","shape2.jpg","2","You","<none>","Orsolya","2","Waru","1","1","741"
"2508","2","test","311","z","1","shape1.jpg","2","You","<none>","Orsolya","2","Waru","1","0","651"
"2508","2","test","312","z","8","shape2.jpg","2","You","<none>","Orsolya","2","Waru","2","1","796"
"2508","2","test","313","z","8","shape2.jpg","2","You","<none>","Orsolya","2","Waru","2","1","896"
"2508","2","test","314","z","8","shape2.jpg","2","You","<none>","Orsolya","2","Waru","2","1","848"
"2508","2","test","315","z","8","shape2.jpg","2","You","<none>","Orsolya","2","Waru","2","1","617"
"2508","2","test","316","m","5","shape2.jpg","2","You","<none>","Orsolya","2","Waru","2","0","722"
"2508","2","test","317","z","2","shape2.jpg","2","You","<none>","Orsolya","2","Waru","1","0","1393"
"2508","2","test","318","x","7","shape1.jpg","2","You","<none>","Orsolya","2","Waru","2","0","1499"
"2508","2","test","319","m","3","shape3.jpg","2","You","<none>","Orsolya","2","Waru","1","1","1016"
"2508","2","test","320","z","4","shape1.jpg","2","You","<none>","Orsolya","2","Waru","2","1","818"
"2508","2","test","321","x","6","shape3.jpg","2","You","<none>","Orsolya","2","Waru","2","0","1500"
"2508","2","test","322","m","2","shape2.jpg","2","You","<none>","Orsolya","2","Waru","1","1","1192"
"2508","2","test","323","z","5","shape2.jpg","2","You","<none>","Orsolya","2","Waru","2","1","778"
"2508","2","test","324","z","6","shape3.jpg","2","You","<none>","Orsolya","2","Waru","2","1","1079"
"2508","2","test","325","m","8","shape2.jpg","2","You","<none>","Orsolya","2","Waru","2","0","1324"
"2508","2","test","326","z","5","shape2.jpg","2","You","<none>","Orsolya","2","Waru","2","1","940"
"2508","2","test","327","m","1","shape1.jpg","2","You","<none>","Orsolya","2","Waru","1","1","624"
"2508","2","test","328","m","1","shape1.jpg","2","You","<none>","Orsolya","2","Waru","1","1","538"
"2508","2","test","329","z","6","shape3.jpg","2","You","<none>","Orsolya","2","Waru","2","1","938"
"2508","2","test","330","z","8","shape2.jpg","2","You","<none>","Orsolya","2","Waru","2","1","1358"
"2508","2","test","331","m","2","shape2.jpg","2","You","<none>","Orsolya","2","Waru","1","1","762"
"2508","2","test","332","z","2","shape2.jpg","2","You","<none>","Orsolya","2","Waru","1","0","1046"
"2508","2","test","333","z","5","shape2.jpg","2","You","<none>","Orsolya","2","Waru","2","1","887"
"2508","2","test","334","m","1","shape1.jpg","2","You","<none>","Orsolya","2","Waru","1","1","671"
"2508","2","test","335","z","9","shape3.jpg","2","You","<none>","Orsolya","2","Waru","2","1","697"
"2508","2","test","336","z","7","shape1.jpg","2","You","<none>","Orsolya","2","Waru","2","1","944"
"2508","2","test","337","z","9","shape3.jpg","2","You","<none>","Orsolya","2","Waru","2","1","812"
"2508","2","test","338","z","3","shape3.jpg","2","You","<none>","Orsolya","2","Waru","1","0","952"
"2508","2","test","339","z","5","shape2.jpg","2","You","<none>","Orsolya","2","Waru","2","1","796"
"2508","2","test","340","m","6","shape3.jpg","2","You","<none>","Orsolya","2","Waru","2","0","1072"
"2508","2","test","341","m","1","shape1.jpg","2","You","<none>","Orsolya","2","Waru","1","1","935"
"2508","2","test","342","m","3","shape3.jpg","2","You","<none>","Orsolya","2","Waru","1","1","766"
"2508","2","test","343","z","7","shape1.jpg","2","You","<none>","Orsolya","2","Waru","2","1","730"
"2508","2","test","344","z","8","shape2.jpg","2","You","<none>","Orsolya","2","Waru","2","1","1072"
"2508","2","test","345","m","1","shape1.jpg","2","You","<none>","Orsolya","2","Waru","1","1","783"
"2508","2","test","346","m","1","shape1.jpg","2","You","<none>","Orsolya","2","Waru","1","1","1026"
"2508","2","test","347","m","2","shape2.jpg","2","You","<none>","Orsolya","2","Waru","1","1","1100"
"2508","2","test","348","z","4","shape1.jpg","2","You","<none>","Orsolya","2","Waru","2","1","874"
"2508","2","test","349","m","2","shape2.jpg","2","You","<none>","Orsolya","2","Waru","1","1","1036"
"2508","2","test","350","m","2","shape2.jpg","2","You","<none>","Orsolya","2","Waru","1","1","676"
"2508","2","test","351","z","7","shape1.jpg","2","You","<none>","Orsolya","2","Waru","2","1","1060"
"2508","2","test","352","z","2","shape2.jpg","2","You","<none>","Orsolya","2","Waru","1","0","694"
"2508","2","test","353","z","6","shape3.jpg","2","You","<none>","Orsolya","2","Waru","2","1","1046"
"2508","2","test","354","z","7","shape1.jpg","2","You","<none>","Orsolya","2","Waru","2","1","909"
"2508","2","test","355","m","2","shape2.jpg","2","You","<none>","Orsolya","2","Waru","1","1","980"
"2508","2","test","356","z","7","shape1.jpg","2","You","<none>","Orsolya","2","Waru","2","1","847"
"2508","2","test","357","m","1","shape1.jpg","2","You","<none>","Orsolya","2","Waru","1","1","929"
"2508","2","test","358","m","2","shape2.jpg","2","You","<none>","Orsolya","2","Waru","1","1","1071"
"2508","2","test","359","z","7","shape1.jpg","2","You","<none>","Orsolya","2","Waru","2","1","1040"
"2508","2","test","360","m","3","shape3.jpg","2","You","<none>","Orsolya","2","Waru","1","1","904"
"2509","1","test","1","m","9","shape3.jpg","3","Anett","You","<none>","2","Nenu","2","1","688"
"2509","1","test","2","z","3","shape3.jpg","3","Anett","You","<none>","2","Nenu","1","1","912"
"2509","1","test","3","z","1","shape1.jpg","3","Anett","You","<none>","2","Nenu","1","1","662"
"2509","1","test","4","m","9","shape3.jpg","3","Anett","You","<none>","2","Nenu","2","1","912"
"2509","1","test","5","z","1","shape1.jpg","3","Anett","You","<none>","2","Nenu","1","1","727"
"2509","1","test","6","z","3","shape3.jpg","3","Anett","You","<none>","2","Nenu","1","1","869"
"2509","1","test","7","z","1","shape1.jpg","3","Anett","You","<none>","2","Nenu","1","1","574"
"2509","1","test","8","m","6","shape3.jpg","3","Anett","You","<none>","2","Nenu","2","1","1002"
"2509","1","test","9","m","8","shape2.jpg","3","Anett","You","<none>","2","Nenu","2","1","671"
"2509","1","test","10","z","2","shape2.jpg","3","Anett","You","<none>","2","Nenu","1","1","590"
"2509","1","test","11","z","1","shape1.jpg","3","Anett","You","<none>","2","Nenu","1","1","722"
"2509","1","test","12","z","1","shape1.jpg","3","Anett","You","<none>","2","Nenu","1","1","538"
"2509","1","test","13","z","1","shape1.jpg","3","Anett","You","<none>","2","Nenu","1","1","551"
"2509","1","test","14","z","3","shape3.jpg","3","Anett","You","<none>","2","Nenu","1","1","1309"
"2509","1","test","15","z","1","shape1.jpg","3","Anett","You","<none>","2","Nenu","1","1","659"
"2509","1","test","16","z","2","shape2.jpg","3","Anett","You","<none>","2","Nenu","1","1","452"
"2509","1","test","17","m","5","shape2.jpg","3","Anett","You","<none>","2","Nenu","2","1","862"
"2509","1","test","18","x","6","shape3.jpg","3","Anett","You","<none>","2","Nenu","2","0","1499"
"2509","1","test","19","z","1","shape1.jpg","3","Anett","You","<none>","2","Nenu","1","1","651"
"2509","1","test","20","z","4","shape1.jpg","3","Anett","You","<none>","2","Nenu","2","0","1228"
"2509","1","test","21","m","4","shape1.jpg","3","Anett","You","<none>","2","Nenu","2","1","678"
"2509","1","test","22","m","8","shape2.jpg","3","Anett","You","<none>","2","Nenu","2","1","1452"
"2509","1","test","23","z","1","shape1.jpg","3","Anett","You","<none>","2","Nenu","1","1","670"
"2509","1","test","24","x","8","shape2.jpg","3","Anett","You","<none>","2","Nenu","2","0","1500"
"2509","1","test","25","m","6","shape3.jpg","3","Anett","You","<none>","2","Nenu","2","1","800"
"2509","1","test","26","z","2","shape2.jpg","3","Anett","You","<none>","2","Nenu","1","1","837"
"2509","1","test","27","z","3","shape3.jpg","3","Anett","You","<none>","2","Nenu","1","1","1045"
"2509","1","test","28","m","5","shape2.jpg","3","Anett","You","<none>","2","Nenu","2","1","543"
"2509","1","test","29","m","4","shape1.jpg","3","Anett","You","<none>","2","Nenu","2","1","901"
"2509","1","test","30","z","1","shape1.jpg","3","Anett","You","<none>","2","Nenu","1","1","797"
"2509","1","test","31","m","7","shape1.jpg","3","Anett","You","<none>","2","Nenu","2","1","912"
"2509","1","test","32","z","8","shape2.jpg","3","Anett","You","<none>","2","Nenu","2","0","711"
"2509","1","test","33","m","7","shape1.jpg","3","Anett","You","<none>","2","Nenu","2","1","693"
"2509","1","test","34","z","2","shape2.jpg","3","Anett","You","<none>","2","Nenu","1","1","605"
"2509","1","test","35","z","1","shape1.jpg","3","Anett","You","<none>","2","Nenu","1","1","665"
"2509","1","test","36","m","4","shape1.jpg","3","Anett","You","<none>","2","Nenu","2","1","617"
"2509","1","test","37","m","9","shape3.jpg","3","Anett","You","<none>","2","Nenu","2","1","652"
"2509","1","test","38","z","2","shape2.jpg","3","Anett","You","<none>","2","Nenu","1","1","725"
"2509","1","test","39","m","7","shape1.jpg","3","Anett","You","<none>","2","Nenu","2","1","852"
"2509","1","test","40","z","1","shape1.jpg","3","Anett","You","<none>","2","Nenu","1","1","669"
"2509","1","test","41","m","8","shape2.jpg","3","Anett","You","<none>","2","Nenu","2","1","663"
"2509","1","test","42","m","4","shape1.jpg","3","Anett","You","<none>","2","Nenu","2","1","776"
"2509","1","test","43","z","1","shape1.jpg","3","Anett","You","<none>","2","Nenu","1","1","676"
"2509","1","test","44","m","4","shape1.jpg","3","Anett","You","<none>","2","Nenu","2","1","724"
"2509","1","test","45","z","2","shape2.jpg","3","Anett","You","<none>","2","Nenu","1","1","802"
"2509","1","test","46","z","3","shape3.jpg","3","Anett","You","<none>","2","Nenu","1","1","974"
"2509","1","test","47","z","3","shape3.jpg","3","Anett","You","<none>","2","Nenu","1","1","482"
"2509","1","test","48","z","2","shape2.jpg","3","Anett","You","<none>","2","Nenu","1","1","555"
"2509","1","test","49","z","8","shape2.jpg","3","Anett","You","<none>","2","Nenu","2","0","592"
"2509","1","test","50","z","2","shape2.jpg","3","Anett","You","<none>","2","Nenu","1","1","612"
"2509","1","test","51","z","2","shape2.jpg","3","Anett","You","<none>","2","Nenu","1","1","528"
"2509","1","test","52","z","2","shape2.jpg","3","Anett","You","<none>","2","Nenu","1","1","528"
"2509","1","test","53","z","3","shape3.jpg","3","Anett","You","<none>","2","Nenu","1","1","782"
"2509","1","test","54","z","1","shape1.jpg","3","Anett","You","<none>","2","Nenu","1","1","730"
"2509","1","test","55","x","9","shape3.jpg","3","Anett","You","<none>","2","Nenu","2","0","1499"
"2509","1","test","56","z","1","shape1.jpg","3","Anett","You","<none>","2","Nenu","1","1","797"
"2509","1","test","57","m","5","shape2.jpg","3","Anett","You","<none>","2","Nenu","2","1","664"
"2509","1","test","58","z","1","shape1.jpg","3","Anett","You","<none>","2","Nenu","1","1","841"
"2509","1","test","59","z","2","shape2.jpg","3","Anett","You","<none>","2","Nenu","1","1","707"
"2509","1","test","60","z","1","shape1.jpg","3","Anett","You","<none>","2","Nenu","1","1","914"
"2509","1","test","61","m","7","shape1.jpg","3","Anett","You","<none>","2","Nenu","2","1","784"
"2509","1","test","62","m","7","shape1.jpg","3","Anett","You","<none>","2","Nenu","2","1","740"
"2509","1","test","63","m","8","shape2.jpg","3","Anett","You","<none>","2","Nenu","2","1","712"
"2509","1","test","64","m","8","shape2.jpg","3","Anett","You","<none>","2","Nenu","2","1","794"
"2509","1","test","65","m","5","shape2.jpg","3","Anett","You","<none>","2","Nenu","2","1","709"
"2509","1","test","66","z","2","shape2.jpg","3","Anett","You","<none>","2","Nenu","1","1","789"
"2509","1","test","67","z","1","shape1.jpg","3","Anett","You","<none>","2","Nenu","1","1","584"
"2509","1","test","68","z","6","shape3.jpg","3","Anett","You","<none>","2","Nenu","2","0","701"
"2509","1","test","69","m","9","shape3.jpg","3","Anett","You","<none>","2","Nenu","2","1","674"
"2509","1","test","70","z","8","shape2.jpg","3","Anett","You","<none>","2","Nenu","2","0","1452"
"2509","1","test","71","m","8","shape2.jpg","3","Anett","You","<none>","2","Nenu","2","1","1252"
"2509","1","test","72","m","9","shape3.jpg","3","Anett","You","<none>","2","Nenu","2","1","716"
"2509","1","test","73","m","3","shape3.jpg","3","Anett","You","<none>","2","Nenu","1","0","570"
"2509","1","test","74","z","1","shape1.jpg","3","Anett","You","<none>","2","Nenu","1","1","621"
"2509","1","test","75","m","7","shape1.jpg","3","Anett","You","<none>","2","Nenu","2","1","761"
"2509","1","test","76","z","1","shape1.jpg","3","Anett","You","<none>","2","Nenu","1","1","919"
"2509","1","test","77","z","2","shape2.jpg","3","Anett","You","<none>","2","Nenu","1","1","805"
"2509","1","test","78","m","7","shape1.jpg","3","Anett","You","<none>","2","Nenu","2","1","710"
"2509","1","test","79","z","2","shape2.jpg","3","Anett","You","<none>","2","Nenu","1","1","677"
"2509","1","test","80","m","9","shape3.jpg","3","Anett","You","<none>","2","Nenu","2","1","718"
"2509","1","test","81","m","4","shape1.jpg","3","Anett","You","<none>","2","Nenu","2","1","694"
"2509","1","test","82","m","1","shape1.jpg","3","Anett","You","<none>","2","Nenu","1","0","701"
"2509","1","test","83","m","9","shape3.jpg","3","Anett","You","<none>","2","Nenu","2","1","877"
"2509","1","test","84","z","1","shape1.jpg","3","Anett","You","<none>","2","Nenu","1","1","541"
"2509","1","test","85","m","5","shape2.jpg","3","Anett","You","<none>","2","Nenu","2","1","723"
"2509","1","test","86","m","9","shape3.jpg","3","Anett","You","<none>","2","Nenu","2","1","746"
"2509","1","test","87","m","6","shape3.jpg","3","Anett","You","<none>","2","Nenu","2","1","935"
"2509","1","test","88","m","7","shape1.jpg","3","Anett","You","<none>","2","Nenu","2","1","662"
"2509","1","test","89","m","9","shape3.jpg","3","Anett","You","<none>","2","Nenu","2","1","927"
"2509","1","test","90","m","5","shape2.jpg","3","Anett","You","<none>","2","Nenu","2","1","1076"
"2509","1","test","91","z","3","shape3.jpg","3","Anett","You","<none>","2","Nenu","1","1","1060"
"2509","1","test","92","z","1","shape1.jpg","3","Anett","You","<none>","2","Nenu","1","1","812"
"2509","1","test","93","m","4","shape1.jpg","3","Anett","You","<none>","2","Nenu","2","1","832"
"2509","1","test","94","z","2","shape2.jpg","3","Anett","You","<none>","2","Nenu","1","1","648"
"2509","1","test","95","z","2","shape2.jpg","3","Anett","You","<none>","2","Nenu","1","1","835"
"2509","1","test","96","m","6","shape3.jpg","3","Anett","You","<none>","2","Nenu","2","1","692"
"2509","1","test","97","m","4","shape1.jpg","3","Anett","You","<none>","2","Nenu","2","1","683"
"2509","1","test","98","z","1","shape1.jpg","3","Anett","You","<none>","2","Nenu","1","1","691"
"2509","1","test","99","m","7","shape1.jpg","3","Anett","You","<none>","2","Nenu","2","1","675"
"2509","1","test","100","z","2","shape2.jpg","3","Anett","You","<none>","2","Nenu","1","1","660"
"2509","1","test","101","z","8","shape2.jpg","3","Anett","You","<none>","2","Nenu","2","0","1333"
"2509","1","test","102","m","9","shape3.jpg","3","Anett","You","<none>","2","Nenu","2","1","635"
"2509","1","test","103","m","7","shape1.jpg","3","Anett","You","<none>","2","Nenu","2","1","676"
"2509","1","test","104","z","2","shape2.jpg","3","Anett","You","<none>","2","Nenu","1","1","644"
"2509","1","test","105","m","7","shape1.jpg","3","Anett","You","<none>","2","Nenu","2","1","550"
"2509","1","test","106","z","3","shape3.jpg","3","Anett","You","<none>","2","Nenu","1","1","916"
"2509","1","test","107","z","3","shape3.jpg","3","Anett","You","<none>","2","Nenu","1","1","745"
"2509","1","test","108","m","5","shape2.jpg","3","Anett","You","<none>","2","Nenu","2","1","673"
"2509","1","test","109","z","3","shape3.jpg","3","Anett","You","<none>","2","Nenu","1","1","745"
"2509","1","test","110","m","8","shape2.jpg","3","Anett","You","<none>","2","Nenu","2","1","670"
"2509","1","test","111","m","8","shape2.jpg","3","Anett","You","<none>","2","Nenu","2","1","575"
"2509","1","test","112","z","2","shape2.jpg","3","Anett","You","<none>","2","Nenu","1","1","517"
"2509","1","test","113","z","3","shape3.jpg","3","Anett","You","<none>","2","Nenu","1","1","899"
"2509","1","test","114","z","2","shape2.jpg","3","Anett","You","<none>","2","Nenu","1","1","682"
"2509","1","test","115","z","3","shape3.jpg","3","Anett","You","<none>","2","Nenu","1","1","618"
"2509","1","test","116","z","1","shape1.jpg","3","Anett","You","<none>","2","Nenu","1","1","668"
"2509","1","test","117","m","4","shape1.jpg","3","Anett","You","<none>","2","Nenu","2","1","605"
"2509","1","test","118","m","7","shape1.jpg","3","Anett","You","<none>","2","Nenu","2","1","849"
"2509","1","test","119","z","2","shape2.jpg","3","Anett","You","<none>","2","Nenu","1","1","577"
"2509","1","test","120","z","3","shape3.jpg","3","Anett","You","<none>","2","Nenu","1","1","672"
"2509","1","test","121","z","3","shape3.jpg","3","Anett","You","<none>","2","Nenu","1","1","1165"
"2509","1","test","122","m","5","shape2.jpg","3","Anett","You","<none>","2","Nenu","2","1","649"
"2509","1","test","123","m","8","shape2.jpg","3","Anett","You","<none>","2","Nenu","2","1","1185"
"2509","1","test","124","z","2","shape2.jpg","3","Anett","You","<none>","2","Nenu","1","1","549"
"2509","1","test","125","m","5","shape2.jpg","3","Anett","You","<none>","2","Nenu","2","1","634"
"2509","1","test","126","z","1","shape1.jpg","3","Anett","You","<none>","2","Nenu","1","1","492"
"2509","1","test","127","m","9","shape3.jpg","3","Anett","You","<none>","2","Nenu","2","1","614"
"2509","1","test","128","m","8","shape2.jpg","3","Anett","You","<none>","2","Nenu","2","1","600"
"2509","1","test","129","z","7","shape1.jpg","3","Anett","You","<none>","2","Nenu","2","0","493"
"2509","1","test","130","m","9","shape3.jpg","3","Anett","You","<none>","2","Nenu","2","1","564"
"2509","1","test","131","z","2","shape2.jpg","3","Anett","You","<none>","2","Nenu","1","1","546"
"2509","1","test","132","z","3","shape3.jpg","3","Anett","You","<none>","2","Nenu","1","1","847"
"2509","1","test","133","m","7","shape1.jpg","3","Anett","You","<none>","2","Nenu","2","1","514"
"2509","1","test","134","m","4","shape1.jpg","3","Anett","You","<none>","2","Nenu","2","1","616"
"2509","1","test","135","m","3","shape3.jpg","3","Anett","You","<none>","2","Nenu","1","0","620"
"2509","1","test","136","m","5","shape2.jpg","3","Anett","You","<none>","2","Nenu","2","1","621"
"2509","1","test","137","z","2","shape2.jpg","3","Anett","You","<none>","2","Nenu","1","1","594"
"2509","1","test","138","m","5","shape2.jpg","3","Anett","You","<none>","2","Nenu","2","1","534"
"2509","1","test","139","m","7","shape1.jpg","3","Anett","You","<none>","2","Nenu","2","1","692"
"2509","1","test","140","m","7","shape1.jpg","3","Anett","You","<none>","2","Nenu","2","1","515"
"2509","1","test","141","m","2","shape2.jpg","3","Anett","You","<none>","2","Nenu","1","0","690"
"2509","1","test","142","m","8","shape2.jpg","3","Anett","You","<none>","2","Nenu","2","1","650"
"2509","1","test","143","z","1","shape1.jpg","3","Anett","You","<none>","2","Nenu","1","1","700"
"2509","1","test","144","z","1","shape1.jpg","3","Anett","You","<none>","2","Nenu","1","1","628"
"2509","1","test","145","z","3","shape3.jpg","3","Anett","You","<none>","2","Nenu","1","1","694"
"2509","1","test","146","z","3","shape3.jpg","3","Anett","You","<none>","2","Nenu","1","1","558"
"2509","1","test","147","z","3","shape3.jpg","3","Anett","You","<none>","2","Nenu","1","1","653"
"2509","1","test","148","m","8","shape2.jpg","3","Anett","You","<none>","2","Nenu","2","1","478"
"2509","1","test","149","z","2","shape2.jpg","3","Anett","You","<none>","2","Nenu","1","1","592"
"2509","1","test","150","m","6","shape3.jpg","3","Anett","You","<none>","2","Nenu","2","1","515"
"2509","1","test","151","z","3","shape3.jpg","3","Anett","You","<none>","2","Nenu","1","1","699"
"2509","1","test","152","m","9","shape3.jpg","3","Anett","You","<none>","2","Nenu","2","1","681"
"2509","1","test","153","z","2","shape2.jpg","3","Anett","You","<none>","2","Nenu","1","1","633"
"2509","1","test","154","m","7","shape1.jpg","3","Anett","You","<none>","2","Nenu","2","1","620"
"2509","1","test","155","z","2","shape2.jpg","3","Anett","You","<none>","2","Nenu","1","1","646"
"2509","1","test","156","z","1","shape1.jpg","3","Anett","You","<none>","2","Nenu","1","1","689"
"2509","1","test","157","z","1","shape1.jpg","3","Anett","You","<none>","2","Nenu","1","1","513"
"2509","1","test","158","z","6","shape3.jpg","3","Anett","You","<none>","2","Nenu","2","0","632"
"2509","1","test","159","z","1","shape1.jpg","3","Anett","You","<none>","2","Nenu","1","1","667"
"2509","1","test","160","m","6","shape3.jpg","3","Anett","You","<none>","2","Nenu","2","1","1147"
"2509","1","test","161","z","3","shape3.jpg","3","Anett","You","<none>","2","Nenu","1","1","984"
"2509","1","test","162","m","5","shape2.jpg","3","Anett","You","<none>","2","Nenu","2","1","851"
"2509","1","test","163","m","9","shape3.jpg","3","Anett","You","<none>","2","Nenu","2","1","724"
"2509","1","test","164","m","9","shape3.jpg","3","Anett","You","<none>","2","Nenu","2","1","610"
"2509","1","test","165","m","7","shape1.jpg","3","Anett","You","<none>","2","Nenu","2","1","951"
"2509","1","test","166","z","2","shape2.jpg","3","Anett","You","<none>","2","Nenu","1","1","658"
"2509","1","test","167","z","1","shape1.jpg","3","Anett","You","<none>","2","Nenu","1","1","612"
"2509","1","test","168","z","1","shape1.jpg","3","Anett","You","<none>","2","Nenu","1","1","688"
"2509","1","test","169","z","1","shape1.jpg","3","Anett","You","<none>","2","Nenu","1","1","518"
"2509","1","test","170","z","1","shape1.jpg","3","Anett","You","<none>","2","Nenu","1","1","631"
"2509","1","test","171","m","6","shape3.jpg","3","Anett","You","<none>","2","Nenu","2","1","657"
"2509","1","test","172","z","3","shape3.jpg","3","Anett","You","<none>","2","Nenu","1","1","690"
"2509","1","test","173","z","2","shape2.jpg","3","Anett","You","<none>","2","Nenu","1","1","521"
"2509","1","test","174","z","3","shape3.jpg","3","Anett","You","<none>","2","Nenu","1","1","729"
"2509","1","test","175","z","3","shape3.jpg","3","Anett","You","<none>","2","Nenu","1","1","519"
"2509","1","test","176","z","3","shape3.jpg","3","Anett","You","<none>","2","Nenu","1","1","543"
"2509","1","test","177","m","1","shape1.jpg","3","Anett","You","<none>","2","Nenu","1","0","749"
"2509","1","test","178","z","2","shape2.jpg","3","Anett","You","<none>","2","Nenu","1","1","578"
"2509","1","test","179","m","8","shape2.jpg","3","Anett","You","<none>","2","Nenu","2","1","1032"
"2509","1","test","180","z","2","shape2.jpg","3","Anett","You","<none>","2","Nenu","1","1","530"
"2509","1","test","181","z","3","shape3.jpg","3","Anett","You","<none>","2","Nenu","1","1","752"
"2509","1","test","182","z","3","shape3.jpg","3","Anett","You","<none>","2","Nenu","1","1","453"
"2509","1","test","183","z","4","shape1.jpg","3","Anett","You","<none>","2","Nenu","2","0","383"
"2509","1","test","184","z","3","shape3.jpg","3","Anett","You","<none>","2","Nenu","1","1","524"
"2509","1","test","185","z","1","shape1.jpg","3","Anett","You","<none>","2","Nenu","1","1","525"
"2509","1","test","186","m","6","shape3.jpg","3","Anett","You","<none>","2","Nenu","2","1","891"
"2509","1","test","187","m","6","shape3.jpg","3","Anett","You","<none>","2","Nenu","2","1","683"
"2509","1","test","188","z","3","shape3.jpg","3","Anett","You","<none>","2","Nenu","1","1","922"
"2509","1","test","189","z","3","shape3.jpg","3","Anett","You","<none>","2","Nenu","1","1","496"
"2509","1","test","190","m","5","shape2.jpg","3","Anett","You","<none>","2","Nenu","2","1","697"
"2509","1","test","191","m","3","shape3.jpg","3","Anett","You","<none>","2","Nenu","1","0","1208"
"2509","1","test","192","m","6","shape3.jpg","3","Anett","You","<none>","2","Nenu","2","1","810"
"2509","1","test","193","m","5","shape2.jpg","3","Anett","You","<none>","2","Nenu","2","1","734"
"2509","1","test","194","z","3","shape3.jpg","3","Anett","You","<none>","2","Nenu","1","1","666"
"2509","1","test","195","z","1","shape1.jpg","3","Anett","You","<none>","2","Nenu","1","1","659"
"2509","1","test","196","m","8","shape2.jpg","3","Anett","You","<none>","2","Nenu","2","1","797"
"2509","1","test","197","z","1","shape1.jpg","3","Anett","You","<none>","2","Nenu","1","1","576"
"2509","1","test","198","z","3","shape3.jpg","3","Anett","You","<none>","2","Nenu","1","1","687"
"2509","1","test","199","m","6","shape3.jpg","3","Anett","You","<none>","2","Nenu","2","1","1367"
"2509","1","test","200","m","4","shape1.jpg","3","Anett","You","<none>","2","Nenu","2","1","689"
"2509","1","test","201","x","2","shape2.jpg","3","Anett","You","<none>","2","Nenu","1","0","1499"
"2509","1","test","202","m","2","shape2.jpg","3","Anett","You","<none>","2","Nenu","1","0","1180"
"2509","1","test","203","m","9","shape3.jpg","3","Anett","You","<none>","2","Nenu","2","1","744"
"2509","1","test","204","z","8","shape2.jpg","3","Anett","You","<none>","2","Nenu","2","0","1469"
"2509","1","test","205","z","1","shape1.jpg","3","Anett","You","<none>","2","Nenu","1","1","787"
"2509","1","test","206","m","7","shape1.jpg","3","Anett","You","<none>","2","Nenu","2","1","831"
"2509","1","test","207","m","5","shape2.jpg","3","Anett","You","<none>","2","Nenu","2","1","753"
"2509","1","test","208","z","3","shape3.jpg","3","Anett","You","<none>","2","Nenu","1","1","663"
"2509","1","test","209","z","3","shape3.jpg","3","Anett","You","<none>","2","Nenu","1","1","584"
"2509","1","test","210","m","8","shape2.jpg","3","Anett","You","<none>","2","Nenu","2","1","603"
"2509","1","test","211","m","9","shape3.jpg","3","Anett","You","<none>","2","Nenu","2","1","697"
"2509","1","test","212","m","5","shape2.jpg","3","Anett","You","<none>","2","Nenu","2","1","545"
"2509","1","test","213","m","4","shape1.jpg","3","Anett","You","<none>","2","Nenu","2","1","679"
"2509","1","test","214","z","1","shape1.jpg","3","Anett","You","<none>","2","Nenu","1","1","591"
"2509","1","test","215","m","4","shape1.jpg","3","Anett","You","<none>","2","Nenu","2","1","667"
"2509","1","test","216","z","3","shape3.jpg","3","Anett","You","<none>","2","Nenu","1","1","677"
"2509","1","test","217","m","4","shape1.jpg","3","Anett","You","<none>","2","Nenu","2","1","652"
"2509","1","test","218","m","7","shape1.jpg","3","Anett","You","<none>","2","Nenu","2","1","775"
"2509","1","test","219","z","1","shape1.jpg","3","Anett","You","<none>","2","Nenu","1","1","546"
"2509","1","test","220","z","3","shape3.jpg","3","Anett","You","<none>","2","Nenu","1","1","656"
"2509","1","test","221","m","6","shape3.jpg","3","Anett","You","<none>","2","Nenu","2","1","1004"
"2509","1","test","222","z","3","shape3.jpg","3","Anett","You","<none>","2","Nenu","1","1","798"
"2509","1","test","223","m","9","shape3.jpg","3","Anett","You","<none>","2","Nenu","2","1","568"
"2509","1","test","224","m","9","shape3.jpg","3","Anett","You","<none>","2","Nenu","2","1","972"
"2509","1","test","225","m","5","shape2.jpg","3","Anett","You","<none>","2","Nenu","2","1","632"
"2509","1","test","226","m","8","shape2.jpg","3","Anett","You","<none>","2","Nenu","2","1","531"
"2509","1","test","227","m","4","shape1.jpg","3","Anett","You","<none>","2","Nenu","2","1","618"
"2509","1","test","228","m","5","shape2.jpg","3","Anett","You","<none>","2","Nenu","2","1","843"
"2509","1","test","229","z","1","shape1.jpg","3","Anett","You","<none>","2","Nenu","1","1","701"
"2509","1","test","230","m","5","shape2.jpg","3","Anett","You","<none>","2","Nenu","2","1","558"
"2509","1","test","231","m","4","shape1.jpg","3","Anett","You","<none>","2","Nenu","2","1","508"
"2509","1","test","232","z","2","shape2.jpg","3","Anett","You","<none>","2","Nenu","1","1","891"
"2509","1","test","233","m","5","shape2.jpg","3","Anett","You","<none>","2","Nenu","2","1","626"
"2509","1","test","234","z","2","shape2.jpg","3","Anett","You","<none>","2","Nenu","1","1","692"
"2509","1","test","235","z","1","shape1.jpg","3","Anett","You","<none>","2","Nenu","1","1","637"
"2509","1","test","236","z","1","shape1.jpg","3","Anett","You","<none>","2","Nenu","1","1","582"
"2509","1","test","237","m","6","shape3.jpg","3","Anett","You","<none>","2","Nenu","2","1","1066"
"2509","1","test","238","z","1","shape1.jpg","3","Anett","You","<none>","2","Nenu","1","1","682"
"2509","1","test","239","z","7","shape1.jpg","3","Anett","You","<none>","2","Nenu","2","0","473"
"2509","1","test","240","z","2","shape2.jpg","3","Anett","You","<none>","2","Nenu","1","1","707"
"2509","1","test","241","m","7","shape1.jpg","3","Anett","You","<none>","2","Nenu","2","1","921"
"2509","1","test","242","m","8","shape2.jpg","3","Anett","You","<none>","2","Nenu","2","1","792"
"2509","1","test","243","m","9","shape3.jpg","3","Anett","You","<none>","2","Nenu","2","1","653"
"2509","1","test","244","m","9","shape3.jpg","3","Anett","You","<none>","2","Nenu","2","1","549"
"2509","1","test","245","m","7","shape1.jpg","3","Anett","You","<none>","2","Nenu","2","1","730"
"2509","1","test","246","m","7","shape1.jpg","3","Anett","You","<none>","2","Nenu","2","1","664"
"2509","1","test","247","z","2","shape2.jpg","3","Anett","You","<none>","2","Nenu","1","1","755"
"2509","1","test","248","m","5","shape2.jpg","3","Anett","You","<none>","2","Nenu","2","1","655"
"2509","1","test","249","m","4","shape1.jpg","3","Anett","You","<none>","2","Nenu","2","1","592"
"2509","1","test","250","m","6","shape3.jpg","3","Anett","You","<none>","2","Nenu","2","1","620"
"2509","1","test","251","m","5","shape2.jpg","3","Anett","You","<none>","2","Nenu","2","1","608"
"2509","1","test","252","z","3","shape3.jpg","3","Anett","You","<none>","2","Nenu","1","1","707"
"2509","1","test","253","m","5","shape2.jpg","3","Anett","You","<none>","2","Nenu","2","1","563"
"2509","1","test","254","z","2","shape2.jpg","3","Anett","You","<none>","2","Nenu","1","1","655"
"2509","1","test","255","m","6","shape3.jpg","3","Anett","You","<none>","2","Nenu","2","1","585"
"2509","1","test","256","z","2","shape2.jpg","3","Anett","You","<none>","2","Nenu","1","1","597"
"2509","1","test","257","m","6","shape3.jpg","3","Anett","You","<none>","2","Nenu","2","1","578"
"2509","1","test","258","z","1","shape1.jpg","3","Anett","You","<none>","2","Nenu","1","1","776"
"2509","1","test","259","z","2","shape2.jpg","3","Anett","You","<none>","2","Nenu","1","1","539"
"2509","1","test","260","z","2","shape2.jpg","3","Anett","You","<none>","2","Nenu","1","1","570"
"2509","1","test","261","z","2","shape2.jpg","3","Anett","You","<none>","2","Nenu","1","1","551"
"2509","1","test","262","z","3","shape3.jpg","3","Anett","You","<none>","2","Nenu","1","1","629"
"2509","1","test","263","m","4","shape1.jpg","3","Anett","You","<none>","2","Nenu","2","1","935"
"2509","1","test","264","m","7","shape1.jpg","3","Anett","You","<none>","2","Nenu","2","1","684"
"2509","1","test","265","m","2","shape2.jpg","3","Anett","You","<none>","2","Nenu","1","0","788"
"2509","1","test","266","m","5","shape2.jpg","3","Anett","You","<none>","2","Nenu","2","1","648"
"2509","1","test","267","z","1","shape1.jpg","3","Anett","You","<none>","2","Nenu","1","1","569"
"2509","1","test","268","m","4","shape1.jpg","3","Anett","You","<none>","2","Nenu","2","1","607"
"2509","1","test","269","m","3","shape3.jpg","3","Anett","You","<none>","2","Nenu","1","0","626"
"2509","1","test","270","z","2","shape2.jpg","3","Anett","You","<none>","2","Nenu","1","1","941"
"2509","1","test","271","m","8","shape2.jpg","3","Anett","You","<none>","2","Nenu","2","1","608"
"2509","1","test","272","m","9","shape3.jpg","3","Anett","You","<none>","2","Nenu","2","1","878"
"2509","1","test","273","z","1","shape1.jpg","3","Anett","You","<none>","2","Nenu","1","1","613"
"2509","1","test","274","m","6","shape3.jpg","3","Anett","You","<none>","2","Nenu","2","1","768"
"2509","1","test","275","z","1","shape1.jpg","3","Anett","You","<none>","2","Nenu","1","1","686"
"2509","1","test","276","m","4","shape1.jpg","3","Anett","You","<none>","2","Nenu","2","1","684"
"2509","1","test","277","m","4","shape1.jpg","3","Anett","You","<none>","2","Nenu","2","1","670"
"2509","1","test","278","m","7","shape1.jpg","3","Anett","You","<none>","2","Nenu","2","1","901"
"2509","1","test","279","z","3","shape3.jpg","3","Anett","You","<none>","2","Nenu","1","1","669"
"2509","1","test","280","z","1","shape1.jpg","3","Anett","You","<none>","2","Nenu","1","1","735"
"2509","1","test","281","m","7","shape1.jpg","3","Anett","You","<none>","2","Nenu","2","1","851"
"2509","1","test","282","z","3","shape3.jpg","3","Anett","You","<none>","2","Nenu","1","1","620"
"2509","1","test","283","m","6","shape3.jpg","3","Anett","You","<none>","2","Nenu","2","1","823"
"2509","1","test","284","z","1","shape1.jpg","3","Anett","You","<none>","2","Nenu","1","1","786"
"2509","1","test","285","z","3","shape3.jpg","3","Anett","You","<none>","2","Nenu","1","1","693"
"2509","1","test","286","z","3","shape3.jpg","3","Anett","You","<none>","2","Nenu","1","1","1036"
"2509","1","test","287","m","8","shape2.jpg","3","Anett","You","<none>","2","Nenu","2","1","701"
"2509","1","test","288","m","5","shape2.jpg","3","Anett","You","<none>","2","Nenu","2","1","701"
"2509","1","test","289","z","2","shape2.jpg","3","Anett","You","<none>","2","Nenu","1","1","572"
"2509","1","test","290","z","1","shape1.jpg","3","Anett","You","<none>","2","Nenu","1","1","545"
"2509","1","test","291","m","1","shape1.jpg","3","Anett","You","<none>","2","Nenu","1","0","639"
"2509","1","test","292","m","4","shape1.jpg","3","Anett","You","<none>","2","Nenu","2","1","802"
"2509","1","test","293","m","9","shape3.jpg","3","Anett","You","<none>","2","Nenu","2","1","853"
"2509","1","test","294","m","3","shape3.jpg","3","Anett","You","<none>","2","Nenu","1","0","726"
"2509","1","test","295","m","8","shape2.jpg","3","Anett","You","<none>","2","Nenu","2","1","652"
"2509","1","test","296","z","2","shape2.jpg","3","Anett","You","<none>","2","Nenu","1","1","599"
"2509","1","test","297","z","1","shape1.jpg","3","Anett","You","<none>","2","Nenu","1","1","577"
"2509","1","test","298","z","3","shape3.jpg","3","Anett","You","<none>","2","Nenu","1","1","757"
"2509","1","test","299","z","3","shape3.jpg","3","Anett","You","<none>","2","Nenu","1","1","732"
"2509","1","test","300","m","4","shape1.jpg","3","Anett","You","<none>","2","Nenu","2","1","665"
"2509","1","test","301","z","2","shape2.jpg","3","Anett","You","<none>","2","Nenu","1","1","970"
"2509","1","test","302","z","2","shape2.jpg","3","Anett","You","<none>","2","Nenu","1","1","647"
"2509","1","test","303","m","8","shape2.jpg","3","Anett","You","<none>","2","Nenu","2","1","673"
"2509","1","test","304","m","3","shape3.jpg","3","Anett","You","<none>","2","Nenu","1","0","472"
"2509","1","test","305","z","3","shape3.jpg","3","Anett","You","<none>","2","Nenu","1","1","418"
"2509","1","test","306","z","2","shape2.jpg","3","Anett","You","<none>","2","Nenu","1","1","662"
"2509","1","test","307","m","6","shape3.jpg","3","Anett","You","<none>","2","Nenu","2","1","822"
"2509","1","test","308","m","5","shape2.jpg","3","Anett","You","<none>","2","Nenu","2","1","754"
"2509","1","test","309","z","3","shape3.jpg","3","Anett","You","<none>","2","Nenu","1","1","758"
"2509","1","test","310","m","9","shape3.jpg","3","Anett","You","<none>","2","Nenu","2","1","843"
"2509","1","test","311","z","3","shape3.jpg","3","Anett","You","<none>","2","Nenu","1","1","1037"
"2509","1","test","312","z","2","shape2.jpg","3","Anett","You","<none>","2","Nenu","1","1","743"
"2509","1","test","313","z","1","shape1.jpg","3","Anett","You","<none>","2","Nenu","1","1","676"
"2509","1","test","314","m","8","shape2.jpg","3","Anett","You","<none>","2","Nenu","2","1","636"
"2509","1","test","315","m","7","shape1.jpg","3","Anett","You","<none>","2","Nenu","2","1","656"
"2509","1","test","316","z","2","shape2.jpg","3","Anett","You","<none>","2","Nenu","1","1","479"
"2509","1","test","317","z","3","shape3.jpg","3","Anett","You","<none>","2","Nenu","1","1","817"
"2509","1","test","318","z","3","shape3.jpg","3","Anett","You","<none>","2","Nenu","1","1","843"
"2509","1","test","319","z","1","shape1.jpg","3","Anett","You","<none>","2","Nenu","1","1","540"
"2509","1","test","320","m","9","shape3.jpg","3","Anett","You","<none>","2","Nenu","2","1","1268"
"2509","1","test","321","z","2","shape2.jpg","3","Anett","You","<none>","2","Nenu","1","1","556"
"2509","1","test","322","m","6","shape3.jpg","3","Anett","You","<none>","2","Nenu","2","1","793"
"2509","1","test","323","m","5","shape2.jpg","3","Anett","You","<none>","2","Nenu","2","1","603"
"2509","1","test","324","m","4","shape1.jpg","3","Anett","You","<none>","2","Nenu","2","1","567"
"2509","1","test","325","z","2","shape2.jpg","3","Anett","You","<none>","2","Nenu","1","1","588"
"2509","1","test","326","m","6","shape3.jpg","3","Anett","You","<none>","2","Nenu","2","1","481"
"2509","1","test","327","z","1","shape1.jpg","3","Anett","You","<none>","2","Nenu","1","1","560"
"2509","1","test","328","m","5","shape2.jpg","3","Anett","You","<none>","2","Nenu","2","1","558"
"2509","1","test","329","m","1","shape1.jpg","3","Anett","You","<none>","2","Nenu","1","0","590"
"2509","1","test","330","m","5","shape2.jpg","3","Anett","You","<none>","2","Nenu","2","1","521"
"2509","1","test","331","m","7","shape1.jpg","3","Anett","You","<none>","2","Nenu","2","1","720"
"2509","1","test","332","m","9","shape3.jpg","3","Anett","You","<none>","2","Nenu","2","1","711"
"2509","1","test","333","z","3","shape3.jpg","3","Anett","You","<none>","2","Nenu","1","1","621"
"2509","1","test","334","m","7","shape1.jpg","3","Anett","You","<none>","2","Nenu","2","1","655"
"2509","1","test","335","x","8","shape2.jpg","3","Anett","You","<none>","2","Nenu","2","0","1498"
"2509","1","test","336","m","3","shape3.jpg","3","Anett","You","<none>","2","Nenu","1","0","797"
"2509","1","test","337","z","3","shape3.jpg","3","Anett","You","<none>","2","Nenu","1","1","466"
"2509","1","test","338","m","6","shape3.jpg","3","Anett","You","<none>","2","Nenu","2","1","652"
"2509","1","test","339","m","6","shape3.jpg","3","Anett","You","<none>","2","Nenu","2","1","564"
"2509","1","test","340","z","2","shape2.jpg","3","Anett","You","<none>","2","Nenu","1","1","498"
"2509","1","test","341","m","6","shape3.jpg","3","Anett","You","<none>","2","Nenu","2","1","552"
"2509","1","test","342","m","8","shape2.jpg","3","Anett","You","<none>","2","Nenu","2","1","639"
"2509","1","test","343","m","9","shape3.jpg","3","Anett","You","<none>","2","Nenu","2","1","721"
"2509","1","test","344","m","9","shape3.jpg","3","Anett","You","<none>","2","Nenu","2","1","553"
"2509","1","test","345","z","2","shape2.jpg","3","Anett","You","<none>","2","Nenu","1","1","725"
"2509","1","test","346","m","9","shape3.jpg","3","Anett","You","<none>","2","Nenu","2","1","725"
"2509","1","test","347","m","4","shape1.jpg","3","Anett","You","<none>","2","Nenu","2","1","642"
"2509","1","test","348","m","6","shape3.jpg","3","Anett","You","<none>","2","Nenu","2","1","957"
"2509","1","test","349","z","2","shape2.jpg","3","Anett","You","<none>","2","Nenu","1","1","681"
"2509","1","test","350","z","2","shape2.jpg","3","Anett","You","<none>","2","Nenu","1","1","593"
"2509","1","test","351","m","6","shape3.jpg","3","Anett","You","<none>","2","Nenu","2","1","653"
"2509","1","test","352","m","6","shape3.jpg","3","Anett","You","<none>","2","Nenu","2","1","552"
"2509","1","test","353","z","3","shape3.jpg","3","Anett","You","<none>","2","Nenu","1","1","581"
"2509","1","test","354","m","4","shape1.jpg","3","Anett","You","<none>","2","Nenu","2","1","569"
"2509","1","test","355","z","2","shape2.jpg","3","Anett","You","<none>","2","Nenu","1","1","677"
"2509","1","test","356","m","4","shape1.jpg","3","Anett","You","<none>","2","Nenu","2","1","967"
"2509","1","test","357","z","2","shape2.jpg","3","Anett","You","<none>","2","Nenu","1","1","611"
"2509","1","test","358","z","1","shape1.jpg","3","Anett","You","<none>","2","Nenu","1","1","797"
"2509","1","test","359","m","4","shape1.jpg","3","Anett","You","<none>","2","Nenu","2","1","850"
"2509","1","test","360","m","5","shape2.jpg","3","Anett","You","<none>","2","Nenu","2","1","827"
"2510","2","test","1","m","3","shape3.jpg","4","Lisanne","<none>","You","2","Miru","1","1","1044"
"2510","2","test","2","x","2","shape2.jpg","4","Lisanne","<none>","You","2","Miru","1","0","1499"
"2510","2","test","3","z","2","shape2.jpg","4","Lisanne","<none>","You","2","Miru","1","0","888"
"2510","2","test","4","x","5","shape2.jpg","4","Lisanne","<none>","You","2","Miru","2","0","1499"
"2510","2","test","5","x","2","shape2.jpg","4","Lisanne","<none>","You","2","Miru","1","0","1499"
"2510","2","test","6","x","3","shape3.jpg","4","Lisanne","<none>","You","2","Miru","1","0","1499"
"2510","2","test","7","x","2","shape2.jpg","4","Lisanne","<none>","You","2","Miru","1","0","1500"
"2510","2","test","8","z","3","shape3.jpg","4","Lisanne","<none>","You","2","Miru","1","0","1135"
"2510","2","test","9","z","4","shape1.jpg","4","Lisanne","<none>","You","2","Miru","2","1","757"
"2510","2","test","10","m","9","shape3.jpg","4","Lisanne","<none>","You","2","Miru","2","0","937"
"2510","2","test","11","z","2","shape2.jpg","4","Lisanne","<none>","You","2","Miru","1","0","821"
"2510","2","test","12","x","9","shape3.jpg","4","Lisanne","<none>","You","2","Miru","2","0","1500"
"2510","2","test","13","m","1","shape1.jpg","4","Lisanne","<none>","You","2","Miru","1","1","677"
"2510","2","test","14","z","7","shape1.jpg","4","Lisanne","<none>","You","2","Miru","2","1","885"
"2510","2","test","15","z","5","shape2.jpg","4","Lisanne","<none>","You","2","Miru","2","1","812"
"2510","2","test","16","z","6","shape3.jpg","4","Lisanne","<none>","You","2","Miru","2","1","1200"
"2510","2","test","17","m","6","shape3.jpg","4","Lisanne","<none>","You","2","Miru","2","0","1474"
"2510","2","test","18","z","8","shape2.jpg","4","Lisanne","<none>","You","2","Miru","2","1","710"
"2510","2","test","19","z","2","shape2.jpg","4","Lisanne","<none>","You","2","Miru","1","0","1375"
"2510","2","test","20","x","7","shape1.jpg","4","Lisanne","<none>","You","2","Miru","2","0","1499"
"2510","2","test","21","m","1","shape1.jpg","4","Lisanne","<none>","You","2","Miru","1","1","861"
"2510","2","test","22","z","8","shape2.jpg","4","Lisanne","<none>","You","2","Miru","2","1","1367"
"2510","2","test","23","z","5","shape2.jpg","4","Lisanne","<none>","You","2","Miru","2","1","1047"
"2510","2","test","24","z","4","shape1.jpg","4","Lisanne","<none>","You","2","Miru","2","1","1032"
"2510","2","test","25","m","3","shape3.jpg","4","Lisanne","<none>","You","2","Miru","1","1","1041"
"2510","2","test","26","z","5","shape2.jpg","4","Lisanne","<none>","You","2","Miru","2","1","1434"
"2510","2","test","27","x","4","shape1.jpg","4","Lisanne","<none>","You","2","Miru","2","0","1500"
"2510","2","test","28","z","3","shape3.jpg","4","Lisanne","<none>","You","2","Miru","1","0","942"
"2510","2","test","29","z","4","shape1.jpg","4","Lisanne","<none>","You","2","Miru","2","1","1251"
"2510","2","test","30","m","2","shape2.jpg","4","Lisanne","<none>","You","2","Miru","1","1","1026"
"2510","2","test","31","m","3","shape3.jpg","4","Lisanne","<none>","You","2","Miru","1","1","1236"
"2510","2","test","32","z","1","shape1.jpg","4","Lisanne","<none>","You","2","Miru","1","0","909"
"2510","2","test","33","x","3","shape3.jpg","4","Lisanne","<none>","You","2","Miru","1","0","1500"
"2510","2","test","34","m","3","shape3.jpg","4","Lisanne","<none>","You","2","Miru","1","1","696"
"2510","2","test","35","z","2","shape2.jpg","4","Lisanne","<none>","You","2","Miru","1","0","831"
"2510","2","test","36","z","4","shape1.jpg","4","Lisanne","<none>","You","2","Miru","2","1","865"
"2510","2","test","37","m","9","shape3.jpg","4","Lisanne","<none>","You","2","Miru","2","0","898"
"2510","2","test","38","m","1","shape1.jpg","4","Lisanne","<none>","You","2","Miru","1","1","834"
"2510","2","test","39","m","3","shape3.jpg","4","Lisanne","<none>","You","2","Miru","1","1","956"
"2510","2","test","40","m","3","shape3.jpg","4","Lisanne","<none>","You","2","Miru","1","1","640"
"2510","2","test","41","m","1","shape1.jpg","4","Lisanne","<none>","You","2","Miru","1","1","817"
"2510","2","test","42","m","1","shape1.jpg","4","Lisanne","<none>","You","2","Miru","1","1","676"
"2510","2","test","43","z","6","shape3.jpg","4","Lisanne","<none>","You","2","Miru","2","1","1148"
"2510","2","test","44","m","1","shape1.jpg","4","Lisanne","<none>","You","2","Miru","1","1","713"
"2510","2","test","45","m","1","shape1.jpg","4","Lisanne","<none>","You","2","Miru","1","1","688"
"2510","2","test","46","m","3","shape3.jpg","4","Lisanne","<none>","You","2","Miru","1","1","1199"
"2510","2","test","47","m","1","shape1.jpg","4","Lisanne","<none>","You","2","Miru","1","1","609"
"2510","2","test","48","m","1","shape1.jpg","4","Lisanne","<none>","You","2","Miru","1","1","757"
"2510","2","test","49","m","8","shape2.jpg","4","Lisanne","<none>","You","2","Miru","2","0","690"
"2510","2","test","50","m","9","shape3.jpg","4","Lisanne","<none>","You","2","Miru","2","0","740"
"2510","2","test","51","z","3","shape3.jpg","4","Lisanne","<none>","You","2","Miru","1","0","944"
"2510","2","test","52","m","2","shape2.jpg","4","Lisanne","<none>","You","2","Miru","1","1","1046"
"2510","2","test","53","m","3","shape3.jpg","4","Lisanne","<none>","You","2","Miru","1","1","974"
"2510","2","test","54","z","6","shape3.jpg","4","Lisanne","<none>","You","2","Miru","2","1","978"
"2510","2","test","55","m","2","shape2.jpg","4","Lisanne","<none>","You","2","Miru","1","1","1277"
"2510","2","test","56","m","3","shape3.jpg","4","Lisanne","<none>","You","2","Miru","1","1","1404"
"2510","2","test","57","m","2","shape2.jpg","4","Lisanne","<none>","You","2","Miru","1","1","918"
"2510","2","test","58","z","3","shape3.jpg","4","Lisanne","<none>","You","2","Miru","1","0","741"
"2510","2","test","59","m","3","shape3.jpg","4","Lisanne","<none>","You","2","Miru","1","1","547"
"2510","2","test","60","m","9","shape3.jpg","4","Lisanne","<none>","You","2","Miru","2","0","577"
"2510","2","test","61","z","7","shape1.jpg","4","Lisanne","<none>","You","2","Miru","2","1","1006"
"2510","2","test","62","z","9","shape3.jpg","4","Lisanne","<none>","You","2","Miru","2","1","815"
"2510","2","test","63","m","2","shape2.jpg","4","Lisanne","<none>","You","2","Miru","1","1","1049"
"2510","2","test","64","m","2","shape2.jpg","4","Lisanne","<none>","You","2","Miru","1","1","858"
"2510","2","test","65","x","2","shape2.jpg","4","Lisanne","<none>","You","2","Miru","1","0","1499"
"2510","2","test","66","z","8","shape2.jpg","4","Lisanne","<none>","You","2","Miru","2","1","863"
"2510","2","test","67","m","1","shape1.jpg","4","Lisanne","<none>","You","2","Miru","1","1","695"
"2510","2","test","68","m","8","shape2.jpg","4","Lisanne","<none>","You","2","Miru","2","0","1376"
"2510","2","test","69","z","7","shape1.jpg","4","Lisanne","<none>","You","2","Miru","2","1","1059"
"2510","2","test","70","z","5","shape2.jpg","4","Lisanne","<none>","You","2","Miru","2","1","1426"
"2510","2","test","71","m","6","shape3.jpg","4","Lisanne","<none>","You","2","Miru","2","0","1018"
"2510","2","test","72","z","7","shape1.jpg","4","Lisanne","<none>","You","2","Miru","2","1","1005"
"2510","2","test","73","z","8","shape2.jpg","4","Lisanne","<none>","You","2","Miru","2","1","1181"
"2510","2","test","74","z","9","shape3.jpg","4","Lisanne","<none>","You","2","Miru","2","1","1073"
"2510","2","test","75","m","1","shape1.jpg","4","Lisanne","<none>","You","2","Miru","1","1","769"
"2510","2","test","76","m","3","shape3.jpg","4","Lisanne","<none>","You","2","Miru","1","1","1142"
"2510","2","test","77","z","9","shape3.jpg","4","Lisanne","<none>","You","2","Miru","2","1","899"
"2510","2","test","78","m","7","shape1.jpg","4","Lisanne","<none>","You","2","Miru","2","0","914"
"2510","2","test","79","m","3","shape3.jpg","4","Lisanne","<none>","You","2","Miru","1","1","888"
"2510","2","test","80","z","9","shape3.jpg","4","Lisanne","<none>","You","2","Miru","2","1","1040"
"2510","2","test","81","x","8","shape2.jpg","4","Lisanne","<none>","You","2","Miru","2","0","1499"
"2510","2","test","82","m","6","shape3.jpg","4","Lisanne","<none>","You","2","Miru","2","0","1387"
"2510","2","test","83","m","2","shape2.jpg","4","Lisanne","<none>","You","2","Miru","1","1","997"
"2510","2","test","84","m","1","shape1.jpg","4","Lisanne","<none>","You","2","Miru","1","1","944"
"2510","2","test","85","x","8","shape2.jpg","4","Lisanne","<none>","You","2","Miru","2","0","1500"
"2510","2","test","86","x","8","shape2.jpg","4","Lisanne","<none>","You","2","Miru","2","0","1499"
"2510","2","test","87","z","4","shape1.jpg","4","Lisanne","<none>","You","2","Miru","2","1","814"
"2510","2","test","88","z","3","shape3.jpg","4","Lisanne","<none>","You","2","Miru","1","0","864"
"2510","2","test","89","m","8","shape2.jpg","4","Lisanne","<none>","You","2","Miru","2","0","754"
"2510","2","test","90","m","1","shape1.jpg","4","Lisanne","<none>","You","2","Miru","1","1","654"
"2510","2","test","91","m","1","shape1.jpg","4","Lisanne","<none>","You","2","Miru","1","1","663"
"2510","2","test","92","z","7","shape1.jpg","4","Lisanne","<none>","You","2","Miru","2","1","801"
"2510","2","test","93","m","8","shape2.jpg","4","Lisanne","<none>","You","2","Miru","2","0","931"
"2510","2","test","94","m","1","shape1.jpg","4","Lisanne","<none>","You","2","Miru","1","1","632"
"2510","2","test","95","m","2","shape2.jpg","4","Lisanne","<none>","You","2","Miru","1","1","916"
"2510","2","test","96","m","4","shape1.jpg","4","Lisanne","<none>","You","2","Miru","2","0","809"
"2510","2","test","97","z","6","shape3.jpg","4","Lisanne","<none>","You","2","Miru","2","1","805"
"2510","2","test","98","z","4","shape1.jpg","4","Lisanne","<none>","You","2","Miru","2","1","928"
"2510","2","test","99","m","1","shape1.jpg","4","Lisanne","<none>","You","2","Miru","1","1","557"
"2510","2","test","100","z","2","shape2.jpg","4","Lisanne","<none>","You","2","Miru","1","0","1099"
"2510","2","test","101","m","1","shape1.jpg","4","Lisanne","<none>","You","2","Miru","1","1","569"
"2510","2","test","102","z","3","shape3.jpg","4","Lisanne","<none>","You","2","Miru","1","0","726"
"2510","2","test","103","z","6","shape3.jpg","4","Lisanne","<none>","You","2","Miru","2","1","861"
"2510","2","test","104","z","9","shape3.jpg","4","Lisanne","<none>","You","2","Miru","2","1","828"
"2510","2","test","105","m","3","shape3.jpg","4","Lisanne","<none>","You","2","Miru","1","1","929"
"2510","2","test","106","z","6","shape3.jpg","4","Lisanne","<none>","You","2","Miru","2","1","1190"
"2510","2","test","107","z","9","shape3.jpg","4","Lisanne","<none>","You","2","Miru","2","1","888"
"2510","2","test","108","x","1","shape1.jpg","4","Lisanne","<none>","You","2","Miru","1","0","1499"
"2510","2","test","109","m","8","shape2.jpg","4","Lisanne","<none>","You","2","Miru","2","0","1043"
"2510","2","test","110","z","8","shape2.jpg","4","Lisanne","<none>","You","2","Miru","2","1","1021"
"2510","2","test","111","m","2","shape2.jpg","4","Lisanne","<none>","You","2","Miru","1","1","637"
"2510","2","test","112","z","6","shape3.jpg","4","Lisanne","<none>","You","2","Miru","2","1","777"
"2510","2","test","113","z","5","shape2.jpg","4","Lisanne","<none>","You","2","Miru","2","1","780"
"2510","2","test","114","z","5","shape2.jpg","4","Lisanne","<none>","You","2","Miru","2","1","697"
"2510","2","test","115","z","4","shape1.jpg","4","Lisanne","<none>","You","2","Miru","2","1","842"
"2510","2","test","116","x","1","shape1.jpg","4","Lisanne","<none>","You","2","Miru","1","0","1500"
"2510","2","test","117","m","1","shape1.jpg","4","Lisanne","<none>","You","2","Miru","1","1","926"
"2510","2","test","118","m","2","shape2.jpg","4","Lisanne","<none>","You","2","Miru","1","1","1308"
"2510","2","test","119","z","9","shape3.jpg","4","Lisanne","<none>","You","2","Miru","2","1","986"
"2510","2","test","120","m","6","shape3.jpg","4","Lisanne","<none>","You","2","Miru","2","0","781"
"2510","2","test","121","x","1","shape1.jpg","4","Lisanne","<none>","You","2","Miru","1","0","1499"
"2510","2","test","122","x","8","shape2.jpg","4","Lisanne","<none>","You","2","Miru","2","0","1499"
"2510","2","test","123","z","6","shape3.jpg","4","Lisanne","<none>","You","2","Miru","2","1","788"
"2510","2","test","124","m","2","shape2.jpg","4","Lisanne","<none>","You","2","Miru","1","1","831"
"2510","2","test","125","z","5","shape2.jpg","4","Lisanne","<none>","You","2","Miru","2","1","953"
"2510","2","test","126","z","2","shape2.jpg","4","Lisanne","<none>","You","2","Miru","1","0","1038"
"2510","2","test","127","m","6","shape3.jpg","4","Lisanne","<none>","You","2","Miru","2","0","936"
"2510","2","test","128","m","1","shape1.jpg","4","Lisanne","<none>","You","2","Miru","1","1","1237"
"2510","2","test","129","m","7","shape1.jpg","4","Lisanne","<none>","You","2","Miru","2","0","781"
"2510","2","test","130","m","2","shape2.jpg","4","Lisanne","<none>","You","2","Miru","1","1","897"
"2510","2","test","131","m","5","shape2.jpg","4","Lisanne","<none>","You","2","Miru","2","0","927"
"2510","2","test","132","m","3","shape3.jpg","4","Lisanne","<none>","You","2","Miru","1","1","1174"
"2510","2","test","133","m","3","shape3.jpg","4","Lisanne","<none>","You","2","Miru","1","1","594"
"2510","2","test","134","z","6","shape3.jpg","4","Lisanne","<none>","You","2","Miru","2","1","821"
"2510","2","test","135","z","4","shape1.jpg","4","Lisanne","<none>","You","2","Miru","2","1","783"
"2510","2","test","136","m","2","shape2.jpg","4","Lisanne","<none>","You","2","Miru","1","1","1010"
"2510","2","test","137","z","6","shape3.jpg","4","Lisanne","<none>","You","2","Miru","2","1","1021"
"2510","2","test","138","m","8","shape2.jpg","4","Lisanne","<none>","You","2","Miru","2","0","927"
"2510","2","test","139","z","6","shape3.jpg","4","Lisanne","<none>","You","2","Miru","2","1","1133"
"2510","2","test","140","m","3","shape3.jpg","4","Lisanne","<none>","You","2","Miru","1","1","960"
"2510","2","test","141","z","5","shape2.jpg","4","Lisanne","<none>","You","2","Miru","2","1","871"
"2510","2","test","142","x","4","shape1.jpg","4","Lisanne","<none>","You","2","Miru","2","0","1499"
"2510","2","test","143","z","8","shape2.jpg","4","Lisanne","<none>","You","2","Miru","2","1","118"
"2510","2","test","144","z","2","shape2.jpg","4","Lisanne","<none>","You","2","Miru","1","0","1451"
"2510","2","test","145","m","1","shape1.jpg","4","Lisanne","<none>","You","2","Miru","1","1","706"
"2510","2","test","146","m","2","shape2.jpg","4","Lisanne","<none>","You","2","Miru","1","1","969"
"2510","2","test","147","z","9","shape3.jpg","4","Lisanne","<none>","You","2","Miru","2","1","964"
"2510","2","test","148","z","4","shape1.jpg","4","Lisanne","<none>","You","2","Miru","2","1","1218"
"2510","2","test","149","z","5","shape2.jpg","4","Lisanne","<none>","You","2","Miru","2","1","1075"
"2510","2","test","150","m","2","shape2.jpg","4","Lisanne","<none>","You","2","Miru","1","1","858"
"2510","2","test","151","z","9","shape3.jpg","4","Lisanne","<none>","You","2","Miru","2","1","722"
"2510","2","test","152","z","9","shape3.jpg","4","Lisanne","<none>","You","2","Miru","2","1","689"
"2510","2","test","153","m","8","shape2.jpg","4","Lisanne","<none>","You","2","Miru","2","0","730"
"2510","2","test","154","m","3","shape3.jpg","4","Lisanne","<none>","You","2","Miru","1","1","974"
"2510","2","test","155","z","5","shape2.jpg","4","Lisanne","<none>","You","2","Miru","2","1","772"
"2510","2","test","156","z","4","shape1.jpg","4","Lisanne","<none>","You","2","Miru","2","1","856"
"2510","2","test","157","m","1","shape1.jpg","4","Lisanne","<none>","You","2","Miru","1","1","858"
"2510","2","test","158","m","3","shape3.jpg","4","Lisanne","<none>","You","2","Miru","1","1","810"
"2510","2","test","159","z","7","shape1.jpg","4","Lisanne","<none>","You","2","Miru","2","1","757"
"2510","2","test","160","m","2","shape2.jpg","4","Lisanne","<none>","You","2","Miru","1","1","786"
"2510","2","test","161","z","1","shape1.jpg","4","Lisanne","<none>","You","2","Miru","1","0","814"
"2510","2","test","162","z","9","shape3.jpg","4","Lisanne","<none>","You","2","Miru","2","1","928"
"2510","2","test","163","m","1","shape1.jpg","4","Lisanne","<none>","You","2","Miru","1","1","917"
"2510","2","test","164","z","9","shape3.jpg","4","Lisanne","<none>","You","2","Miru","2","1","1020"
"2510","2","test","165","z","8","shape2.jpg","4","Lisanne","<none>","You","2","Miru","2","1","1165"
"2510","2","test","166","z","6","shape3.jpg","4","Lisanne","<none>","You","2","Miru","2","1","1042"
"2510","2","test","167","z","8","shape2.jpg","4","Lisanne","<none>","You","2","Miru","2","1","1226"
"2510","2","test","168","z","9","shape3.jpg","4","Lisanne","<none>","You","2","Miru","2","1","851"
"2510","2","test","169","z","4","shape1.jpg","4","Lisanne","<none>","You","2","Miru","2","1","1285"
"2510","2","test","170","m","2","shape2.jpg","4","Lisanne","<none>","You","2","Miru","1","1","1010"
"2510","2","test","171","z","7","shape1.jpg","4","Lisanne","<none>","You","2","Miru","2","1","1293"
"2510","2","test","172","z","2","shape2.jpg","4","Lisanne","<none>","You","2","Miru","1","0","827"
"2510","2","test","173","m","2","shape2.jpg","4","Lisanne","<none>","You","2","Miru","1","1","1101"
"2510","2","test","174","m","2","shape2.jpg","4","Lisanne","<none>","You","2","Miru","1","1","612"
"2510","2","test","175","m","3","shape3.jpg","4","Lisanne","<none>","You","2","Miru","1","1","816"
"2510","2","test","176","m","3","shape3.jpg","4","Lisanne","<none>","You","2","Miru","1","1","529"
"2510","2","test","177","m","1","shape1.jpg","4","Lisanne","<none>","You","2","Miru","1","1","839"
"2510","2","test","178","m","7","shape1.jpg","4","Lisanne","<none>","You","2","Miru","2","0","651"
"2510","2","test","179","m","3","shape3.jpg","4","Lisanne","<none>","You","2","Miru","1","1","627"
"2510","2","test","180","z","2","shape2.jpg","4","Lisanne","<none>","You","2","Miru","1","0","933"
"2510","2","test","181","z","7","shape1.jpg","4","Lisanne","<none>","You","2","Miru","2","1","979"
"2510","2","test","182","m","1","shape1.jpg","4","Lisanne","<none>","You","2","Miru","1","1","799"
"2510","2","test","183","m","4","shape1.jpg","4","Lisanne","<none>","You","2","Miru","2","0","1258"
"2510","2","test","184","m","8","shape2.jpg","4","Lisanne","<none>","You","2","Miru","2","0","570"
"2510","2","test","185","m","4","shape1.jpg","4","Lisanne","<none>","You","2","Miru","2","0","630"
"2510","2","test","186","m","2","shape2.jpg","4","Lisanne","<none>","You","2","Miru","1","1","858"
"2510","2","test","187","m","1","shape1.jpg","4","Lisanne","<none>","You","2","Miru","1","1","786"
"2510","2","test","188","m","1","shape1.jpg","4","Lisanne","<none>","You","2","Miru","1","1","717"
"2510","2","test","189","z","9","shape3.jpg","4","Lisanne","<none>","You","2","Miru","2","1","660"
"2510","2","test","190","m","2","shape2.jpg","4","Lisanne","<none>","You","2","Miru","1","1","989"
"2510","2","test","191","m","3","shape3.jpg","4","Lisanne","<none>","You","2","Miru","1","1","1089"
"2510","2","test","192","z","5","shape2.jpg","4","Lisanne","<none>","You","2","Miru","2","1","790"
"2510","2","test","193","m","3","shape3.jpg","4","Lisanne","<none>","You","2","Miru","1","1","730"
"2510","2","test","194","z","6","shape3.jpg","4","Lisanne","<none>","You","2","Miru","2","1","569"
"2510","2","test","195","z","4","shape1.jpg","4","Lisanne","<none>","You","2","Miru","2","1","806"
"2510","2","test","196","x","6","shape3.jpg","4","Lisanne","<none>","You","2","Miru","2","0","1500"
"2510","2","test","197","z","9","shape3.jpg","4","Lisanne","<none>","You","2","Miru","2","1","1013"
"2510","2","test","198","m","1","shape1.jpg","4","Lisanne","<none>","You","2","Miru","1","1","936"
"2510","2","test","199","z","6","shape3.jpg","4","Lisanne","<none>","You","2","Miru","2","1","1308"
"2510","2","test","200","m","1","shape1.jpg","4","Lisanne","<none>","You","2","Miru","1","1","561"
"2510","2","test","201","m","1","shape1.jpg","4","Lisanne","<none>","You","2","Miru","1","1","750"
"2510","2","test","202","m","1","shape1.jpg","4","Lisanne","<none>","You","2","Miru","1","1","565"
"2510","2","test","203","m","3","shape3.jpg","4","Lisanne","<none>","You","2","Miru","1","1","690"
"2510","2","test","204","m","3","shape3.jpg","4","Lisanne","<none>","You","2","Miru","1","1","449"
"2510","2","test","205","m","2","shape2.jpg","4","Lisanne","<none>","You","2","Miru","1","1","916"
"2510","2","test","206","m","6","shape3.jpg","4","Lisanne","<none>","You","2","Miru","2","0","722"
"2510","2","test","207","m","8","shape2.jpg","4","Lisanne","<none>","You","2","Miru","2","0","889"
"2510","2","test","208","m","1","shape1.jpg","4","Lisanne","<none>","You","2","Miru","1","1","671"
"2510","2","test","209","z","5","shape2.jpg","4","Lisanne","<none>","You","2","Miru","2","1","1287"
"2510","2","test","210","m","5","shape2.jpg","4","Lisanne","<none>","You","2","Miru","2","0","878"
"2510","2","test","211","z","7","shape1.jpg","4","Lisanne","<none>","You","2","Miru","2","1","1119"
"2510","2","test","212","z","6","shape3.jpg","4","Lisanne","<none>","You","2","Miru","2","1","1412"
"2510","2","test","213","m","3","shape3.jpg","4","Lisanne","<none>","You","2","Miru","1","1","804"
"2510","2","test","214","m","7","shape1.jpg","4","Lisanne","<none>","You","2","Miru","2","0","1096"
"2510","2","test","215","m","8","shape2.jpg","4","Lisanne","<none>","You","2","Miru","2","0","1470"
"2510","2","test","216","m","2","shape2.jpg","4","Lisanne","<none>","You","2","Miru","1","1","1085"
"2510","2","test","217","m","2","shape2.jpg","4","Lisanne","<none>","You","2","Miru","1","1","612"
"2510","2","test","218","m","3","shape3.jpg","4","Lisanne","<none>","You","2","Miru","1","1","695"
"2510","2","test","219","m","3","shape3.jpg","4","Lisanne","<none>","You","2","Miru","1","1","455"
"2510","2","test","220","z","5","shape2.jpg","4","Lisanne","<none>","You","2","Miru","2","1","1001"
"2510","2","test","221","m","3","shape3.jpg","4","Lisanne","<none>","You","2","Miru","1","1","747"
"2510","2","test","222","m","1","shape1.jpg","4","Lisanne","<none>","You","2","Miru","1","1","865"
"2510","2","test","223","z","5","shape2.jpg","4","Lisanne","<none>","You","2","Miru","2","1","899"
"2510","2","test","224","m","1","shape1.jpg","4","Lisanne","<none>","You","2","Miru","1","1","793"
"2510","2","test","225","z","4","shape1.jpg","4","Lisanne","<none>","You","2","Miru","2","1","677"
"2510","2","test","226","m","8","shape2.jpg","4","Lisanne","<none>","You","2","Miru","2","0","980"
"2510","2","test","227","m","7","shape1.jpg","4","Lisanne","<none>","You","2","Miru","2","0","769"
"2510","2","test","228","m","3","shape3.jpg","4","Lisanne","<none>","You","2","Miru","1","1","981"
"2510","2","test","229","m","7","shape1.jpg","4","Lisanne","<none>","You","2","Miru","2","0","1106"
"2510","2","test","230","z","5","shape2.jpg","4","Lisanne","<none>","You","2","Miru","2","1","1151"
"2510","2","test","231","z","9","shape3.jpg","4","Lisanne","<none>","You","2","Miru","2","1","1091"
"2510","2","test","232","m","2","shape2.jpg","4","Lisanne","<none>","You","2","Miru","1","1","1203"
"2510","2","test","233","m","1","shape1.jpg","4","Lisanne","<none>","You","2","Miru","1","1","891"
"2510","2","test","234","z","6","shape3.jpg","4","Lisanne","<none>","You","2","Miru","2","1","1242"
"2510","2","test","235","z","5","shape2.jpg","4","Lisanne","<none>","You","2","Miru","2","1","1259"
"2510","2","test","236","z","2","shape2.jpg","4","Lisanne","<none>","You","2","Miru","1","0","954"
"2510","2","test","237","m","3","shape3.jpg","4","Lisanne","<none>","You","2","Miru","1","1","584"
"2510","2","test","238","z","7","shape1.jpg","4","Lisanne","<none>","You","2","Miru","2","1","900"
"2510","2","test","239","m","8","shape2.jpg","4","Lisanne","<none>","You","2","Miru","2","0","777"
"2510","2","test","240","z","9","shape3.jpg","4","Lisanne","<none>","You","2","Miru","2","1","999"
"2510","2","test","241","m","3","shape3.jpg","4","Lisanne","<none>","You","2","Miru","1","1","923"
"2510","2","test","242","z","7","shape1.jpg","4","Lisanne","<none>","You","2","Miru","2","1","834"
"2510","2","test","243","m","1","shape1.jpg","4","Lisanne","<none>","You","2","Miru","1","1","884"
"2510","2","test","244","m","3","shape3.jpg","4","Lisanne","<none>","You","2","Miru","1","1","995"
"2510","2","test","245","m","1","shape1.jpg","4","Lisanne","<none>","You","2","Miru","1","1","924"
"2510","2","test","246","z","6","shape3.jpg","4","Lisanne","<none>","You","2","Miru","2","1","699"
"2510","2","test","247","z","9","shape3.jpg","4","Lisanne","<none>","You","2","Miru","2","1","1251"
"2510","2","test","248","m","1","shape1.jpg","4","Lisanne","<none>","You","2","Miru","1","1","1033"
"2510","2","test","249","m","2","shape2.jpg","4","Lisanne","<none>","You","2","Miru","1","1","860"
"2510","2","test","250","z","5","shape2.jpg","4","Lisanne","<none>","You","2","Miru","2","1","772"
"2510","2","test","251","m","2","shape2.jpg","4","Lisanne","<none>","You","2","Miru","1","1","850"
"2510","2","test","252","z","9","shape3.jpg","4","Lisanne","<none>","You","2","Miru","2","1","673"
"2510","2","test","253","z","7","shape1.jpg","4","Lisanne","<none>","You","2","Miru","2","1","874"
"2510","2","test","254","m","3","shape3.jpg","4","Lisanne","<none>","You","2","Miru","1","1","898"
"2510","2","test","255","m","2","shape2.jpg","4","Lisanne","<none>","You","2","Miru","1","1","721"
"2510","2","test","256","z","5","shape2.jpg","4","Lisanne","<none>","You","2","Miru","2","1","896"
"2510","2","test","257","m","6","shape3.jpg","4","Lisanne","<none>","You","2","Miru","2","0","1014"
"2510","2","test","258","z","5","shape2.jpg","4","Lisanne","<none>","You","2","Miru","2","1","960"
"2510","2","test","259","z","7","shape1.jpg","4","Lisanne","<none>","You","2","Miru","2","1","869"
"2510","2","test","260","z","4","shape1.jpg","4","Lisanne","<none>","You","2","Miru","2","1","757"
"2510","2","test","261","z","7","shape1.jpg","4","Lisanne","<none>","You","2","Miru","2","1","730"
"2510","2","test","262","m","3","shape3.jpg","4","Lisanne","<none>","You","2","Miru","1","1","704"
"2510","2","test","263","m","3","shape3.jpg","4","Lisanne","<none>","You","2","Miru","1","1","680"
"2510","2","test","264","z","6","shape3.jpg","4","Lisanne","<none>","You","2","Miru","2","1","873"
"2510","2","test","265","m","3","shape3.jpg","4","Lisanne","<none>","You","2","Miru","1","1","712"
"2510","2","test","266","z","5","shape2.jpg","4","Lisanne","<none>","You","2","Miru","2","1","1040"
"2510","2","test","267","m","3","shape3.jpg","4","Lisanne","<none>","You","2","Miru","1","1","858"
"2510","2","test","268","m","3","shape3.jpg","4","Lisanne","<none>","You","2","Miru","1","1","667"
"2510","2","test","269","z","4","shape1.jpg","4","Lisanne","<none>","You","2","Miru","2","1","707"
"2510","2","test","270","z","9","shape3.jpg","4","Lisanne","<none>","You","2","Miru","2","1","897"
"2510","2","test","271","m","3","shape3.jpg","4","Lisanne","<none>","You","2","Miru","1","1","705"
"2510","2","test","272","m","1","shape1.jpg","4","Lisanne","<none>","You","2","Miru","1","1","1160"
"2510","2","test","273","m","1","shape1.jpg","4","Lisanne","<none>","You","2","Miru","1","1","517"
"2510","2","test","274","z","5","shape2.jpg","4","Lisanne","<none>","You","2","Miru","2","1","724"
"2510","2","test","275","m","3","shape3.jpg","4","Lisanne","<none>","You","2","Miru","1","1","698"
"2510","2","test","276","z","4","shape1.jpg","4","Lisanne","<none>","You","2","Miru","2","1","674"
"2510","2","test","277","m","1","shape1.jpg","4","Lisanne","<none>","You","2","Miru","1","1","883"
"2510","2","test","278","z","7","shape1.jpg","4","Lisanne","<none>","You","2","Miru","2","1","994"
"2510","2","test","279","z","4","shape1.jpg","4","Lisanne","<none>","You","2","Miru","2","1","764"
"2510","2","test","280","m","2","shape2.jpg","4","Lisanne","<none>","You","2","Miru","1","1","706"
"2510","2","test","281","m","3","shape3.jpg","4","Lisanne","<none>","You","2","Miru","1","1","816"
"2510","2","test","282","z","4","shape1.jpg","4","Lisanne","<none>","You","2","Miru","2","1","1155"
"2510","2","test","283","m","7","shape1.jpg","4","Lisanne","<none>","You","2","Miru","2","0","903"
"2510","2","test","284","z","1","shape1.jpg","4","Lisanne","<none>","You","2","Miru","1","0","854"
"2510","2","test","285","z","5","shape2.jpg","4","Lisanne","<none>","You","2","Miru","2","1","727"
"2510","2","test","286","m","1","shape1.jpg","4","Lisanne","<none>","You","2","Miru","1","1","701"
"2510","2","test","287","z","7","shape1.jpg","4","Lisanne","<none>","You","2","Miru","2","1","853"
"2510","2","test","288","z","4","shape1.jpg","4","Lisanne","<none>","You","2","Miru","2","1","934"
"2510","2","test","289","m","1","shape1.jpg","4","Lisanne","<none>","You","2","Miru","1","1","1001"
"2510","2","test","290","m","3","shape3.jpg","4","Lisanne","<none>","You","2","Miru","1","1","724"
"2510","2","test","291","m","1","shape1.jpg","4","Lisanne","<none>","You","2","Miru","1","1","1356"
"2510","2","test","292","m","2","shape2.jpg","4","Lisanne","<none>","You","2","Miru","1","1","862"
"2510","2","test","293","m","3","shape3.jpg","4","Lisanne","<none>","You","2","Miru","1","1","839"
"2510","2","test","294","m","2","shape2.jpg","4","Lisanne","<none>","You","2","Miru","1","1","858"
"2510","2","test","295","z","2","shape2.jpg","4","Lisanne","<none>","You","2","Miru","1","0","793"
"2510","2","test","296","m","1","shape1.jpg","4","Lisanne","<none>","You","2","Miru","1","1","733"
"2510","2","test","297","z","9","shape3.jpg","4","Lisanne","<none>","You","2","Miru","2","1","850"
"2510","2","test","298","z","9","shape3.jpg","4","Lisanne","<none>","You","2","Miru","2","1","1100"
"2510","2","test","299","m","2","shape2.jpg","4","Lisanne","<none>","You","2","Miru","1","1","849"
"2510","2","test","300","m","2","shape2.jpg","4","Lisanne","<none>","You","2","Miru","1","1","611"
"2510","2","test","301","m","2","shape2.jpg","4","Lisanne","<none>","You","2","Miru","1","1","695"
"2510","2","test","302","z","5","shape2.jpg","4","Lisanne","<none>","You","2","Miru","2","1","935"
"2510","2","test","303","m","1","shape1.jpg","4","Lisanne","<none>","You","2","Miru","1","1","892"
"2510","2","test","304","z","7","shape1.jpg","4","Lisanne","<none>","You","2","Miru","2","1","1075"
"2510","2","test","305","z","4","shape1.jpg","4","Lisanne","<none>","You","2","Miru","2","1","794"
"2510","2","test","306","m","9","shape3.jpg","4","Lisanne","<none>","You","2","Miru","2","0","662"
"2510","2","test","307","z","7","shape1.jpg","4","Lisanne","<none>","You","2","Miru","2","1","1023"
"2510","2","test","308","z","5","shape2.jpg","4","Lisanne","<none>","You","2","Miru","2","1","921"
"2510","2","test","309","m","2","shape2.jpg","4","Lisanne","<none>","You","2","Miru","1","1","816"
"2510","2","test","310","m","1","shape1.jpg","4","Lisanne","<none>","You","2","Miru","1","1","1018"
"2510","2","test","311","m","3","shape3.jpg","4","Lisanne","<none>","You","2","Miru","1","1","1052"
"2510","2","test","312","z","9","shape3.jpg","4","Lisanne","<none>","You","2","Miru","2","1","626"
"2510","2","test","313","m","2","shape2.jpg","4","Lisanne","<none>","You","2","Miru","1","1","773"
"2510","2","test","314","z","5","shape2.jpg","4","Lisanne","<none>","You","2","Miru","2","1","900"
"2510","2","test","315","m","1","shape1.jpg","4","Lisanne","<none>","You","2","Miru","1","1","1120"
"2510","2","test","316","z","8","shape2.jpg","4","Lisanne","<none>","You","2","Miru","2","1","975"
"2510","2","test","317","m","3","shape3.jpg","4","Lisanne","<none>","You","2","Miru","1","1","625"
"2510","2","test","318","m","2","shape2.jpg","4","Lisanne","<none>","You","2","Miru","1","1","702"
"2510","2","test","319","z","6","shape3.jpg","4","Lisanne","<none>","You","2","Miru","2","1","1004"
"2510","2","test","320","m","1","shape1.jpg","4","Lisanne","<none>","You","2","Miru","1","1","854"
"2510","2","test","321","z","4","shape1.jpg","4","Lisanne","<none>","You","2","Miru","2","1","623"
"2510","2","test","322","x","8","shape2.jpg","4","Lisanne","<none>","You","2","Miru","2","0","1498"
"2510","2","test","323","z","4","shape1.jpg","4","Lisanne","<none>","You","2","Miru","2","1","886"
"2510","2","test","324","z","4","shape1.jpg","4","Lisanne","<none>","You","2","Miru","2","1","893"
"2510","2","test","325","m","3","shape3.jpg","4","Lisanne","<none>","You","2","Miru","1","1","1030"
"2510","2","test","326","z","7","shape1.jpg","4","Lisanne","<none>","You","2","Miru","2","1","862"
"2510","2","test","327","m","1","shape1.jpg","4","Lisanne","<none>","You","2","Miru","1","1","808"
"2510","2","test","328","m","2","shape2.jpg","4","Lisanne","<none>","You","2","Miru","1","1","578"
"2510","2","test","329","z","6","shape3.jpg","4","Lisanne","<none>","You","2","Miru","2","1","670"
"2510","2","test","330","z","5","shape2.jpg","4","Lisanne","<none>","You","2","Miru","2","1","833"
"2510","2","test","331","m","2","shape2.jpg","4","Lisanne","<none>","You","2","Miru","1","1","778"
"2510","2","test","332","m","2","shape2.jpg","4","Lisanne","<none>","You","2","Miru","1","1","542"
"2510","2","test","333","m","3","shape3.jpg","4","Lisanne","<none>","You","2","Miru","1","1","796"
"2510","2","test","334","z","8","shape2.jpg","4","Lisanne","<none>","You","2","Miru","2","1","865"
"2510","2","test","335","m","1","shape1.jpg","4","Lisanne","<none>","You","2","Miru","1","1","672"
"2510","2","test","336","m","1","shape1.jpg","4","Lisanne","<none>","You","2","Miru","1","1","514"
"2510","2","test","337","z","7","shape1.jpg","4","Lisanne","<none>","You","2","Miru","2","1","881"
"2510","2","test","338","m","8","shape2.jpg","4","Lisanne","<none>","You","2","Miru","2","0","722"
"2510","2","test","339","z","6","shape3.jpg","4","Lisanne","<none>","You","2","Miru","2","1","801"
"2510","2","test","340","m","3","shape3.jpg","4","Lisanne","<none>","You","2","Miru","1","1","603"
"2510","2","test","341","z","4","shape1.jpg","4","Lisanne","<none>","You","2","Miru","2","1","709"
"2510","2","test","342","m","1","shape1.jpg","4","Lisanne","<none>","You","2","Miru","1","1","678"
"2510","2","test","343","z","9","shape3.jpg","4","Lisanne","<none>","You","2","Miru","2","1","743"
"2510","2","test","344","m","2","shape2.jpg","4","Lisanne","<none>","You","2","Miru","1","1","730"
"2510","2","test","345","m","1","shape1.jpg","4","Lisanne","<none>","You","2","Miru","1","1","675"
"2510","2","test","346","m","1","shape1.jpg","4","Lisanne","<none>","You","2","Miru","1","1","587"
"2510","2","test","347","m","2","shape2.jpg","4","Lisanne","<none>","You","2","Miru","1","1","672"
"2510","2","test","348","m","5","shape2.jpg","4","Lisanne","<none>","You","2","Miru","2","0","800"
"2510","2","test","349","z","7","shape1.jpg","4","Lisanne","<none>","You","2","Miru","2","1","1106"
"2510","2","test","350","m","2","shape2.jpg","4","Lisanne","<none>","You","2","Miru","1","1","1193"
"2510","2","test","351","z","8","shape2.jpg","4","Lisanne","<none>","You","2","Miru","2","1","802"
"2510","2","test","352","m","3","shape3.jpg","4","Lisanne","<none>","You","2","Miru","1","1","599"
"2510","2","test","353","m","3","shape3.jpg","4","Lisanne","<none>","You","2","Miru","1","1","514"
"2510","2","test","354","z","2","shape2.jpg","4","Lisanne","<none>","You","2","Miru","1","0","936"
"2510","2","test","355","m","6","shape3.jpg","4","Lisanne","<none>","You","2","Miru","2","0","1221"
"2510","2","test","356","z","2","shape2.jpg","4","Lisanne","<none>","You","2","Miru","1","0","887"
"2510","2","test","357","z","8","shape2.jpg","4","Lisanne","<none>","You","2","Miru","2","1","1237"
"2510","2","test","358","z","3","shape3.jpg","4","Lisanne","<none>","You","2","Miru","1","0","1046"
"2510","2","test","359","z","4","shape1.jpg","4","Lisanne","<none>","You","2","Miru","2","1","912"
"2510","2","test","360","z","7","shape1.jpg","4","Lisanne","<none>","You","2","Miru","2","1","918"
"2511","1","test","1","m","5","shape2.jpg","5","<none>","You","Petra","2","Nenu","2","1","1402"
"2511","1","test","2","m","5","shape2.jpg","5","<none>","You","Petra","2","Nenu","2","1","1291"
"2511","1","test","3","m","9","shape3.jpg","5","<none>","You","Petra","2","Nenu","2","1","1063"
"2511","1","test","4","x","7","shape1.jpg","5","<none>","You","Petra","2","Nenu","2","0","1499"
"2511","1","test","5","m","7","shape1.jpg","5","<none>","You","Petra","2","Nenu","2","1","867"
"2511","1","test","6","m","9","shape3.jpg","5","<none>","You","Petra","2","Nenu","2","1","1237"
"2511","1","test","7","z","3","shape3.jpg","5","<none>","You","Petra","2","Nenu","1","1","1445"
"2511","1","test","8","x","1","shape1.jpg","5","<none>","You","Petra","2","Nenu","1","0","1499"
"2511","1","test","9","x","1","shape1.jpg","5","<none>","You","Petra","2","Nenu","1","0","1498"
"2511","1","test","10","z","3","shape3.jpg","5","<none>","You","Petra","2","Nenu","1","1","1252"
"2511","1","test","11","z","1","shape1.jpg","5","<none>","You","Petra","2","Nenu","1","1","1108"
"2511","1","test","12","x","5","shape2.jpg","5","<none>","You","Petra","2","Nenu","2","0","1500"
"2511","1","test","13","z","2","shape2.jpg","5","<none>","You","Petra","2","Nenu","1","1","1334"
"2511","1","test","14","x","3","shape3.jpg","5","<none>","You","Petra","2","Nenu","1","0","1498"
"2511","1","test","15","z","3","shape3.jpg","5","<none>","You","Petra","2","Nenu","1","1","1062"
"2511","1","test","16","m","5","shape2.jpg","5","<none>","You","Petra","2","Nenu","2","1","654"
"2511","1","test","17","z","1","shape1.jpg","5","<none>","You","Petra","2","Nenu","1","1","1104"
"2511","1","test","18","m","7","shape1.jpg","5","<none>","You","Petra","2","Nenu","2","1","837"
"2511","1","test","19","z","1","shape1.jpg","5","<none>","You","Petra","2","Nenu","1","1","854"
"2511","1","test","20","x","3","shape3.jpg","5","<none>","You","Petra","2","Nenu","1","0","1499"
"2511","1","test","21","z","2","shape2.jpg","5","<none>","You","Petra","2","Nenu","1","1","1084"
"2511","1","test","22","z","1","shape1.jpg","5","<none>","You","Petra","2","Nenu","1","1","610"
"2511","1","test","23","m","8","shape2.jpg","5","<none>","You","Petra","2","Nenu","2","1","1255"
"2511","1","test","24","z","3","shape3.jpg","5","<none>","You","Petra","2","Nenu","1","1","758"
"2511","1","test","25","z","3","shape3.jpg","5","<none>","You","Petra","2","Nenu","1","1","627"
"2511","1","test","26","x","5","shape2.jpg","5","<none>","You","Petra","2","Nenu","2","0","1500"
"2511","1","test","27","x","3","shape3.jpg","5","<none>","You","Petra","2","Nenu","1","0","1500"
"2511","1","test","28","m","5","shape2.jpg","5","<none>","You","Petra","2","Nenu","2","1","916"
"2511","1","test","29","z","4","shape1.jpg","5","<none>","You","Petra","2","Nenu","2","0","996"
"2511","1","test","30","z","1","shape1.jpg","5","<none>","You","Petra","2","Nenu","1","1","557"
"2511","1","test","31","m","8","shape2.jpg","5","<none>","You","Petra","2","Nenu","2","1","837"
"2511","1","test","32","m","7","shape1.jpg","5","<none>","You","Petra","2","Nenu","2","1","1189"
"2511","1","test","33","z","1","shape1.jpg","5","<none>","You","Petra","2","Nenu","1","1","833"
"2511","1","test","34","z","1","shape1.jpg","5","<none>","You","Petra","2","Nenu","1","1","714"
"2511","1","test","35","z","2","shape2.jpg","5","<none>","You","Petra","2","Nenu","1","1","832"
"2511","1","test","36","z","1","shape1.jpg","5","<none>","You","Petra","2","Nenu","1","1","794"
"2511","1","test","37","z","8","shape2.jpg","5","<none>","You","Petra","2","Nenu","2","0","1278"
"2511","1","test","38","z","3","shape3.jpg","5","<none>","You","Petra","2","Nenu","1","1","860"
"2511","1","test","39","z","1","shape1.jpg","5","<none>","You","Petra","2","Nenu","1","1","694"
"2511","1","test","40","z","2","shape2.jpg","5","<none>","You","Petra","2","Nenu","1","1","870"
"2511","1","test","41","z","3","shape3.jpg","5","<none>","You","Petra","2","Nenu","1","1","918"
"2511","1","test","42","m","9","shape3.jpg","5","<none>","You","Petra","2","Nenu","2","1","899"
"2511","1","test","43","z","3","shape3.jpg","5","<none>","You","Petra","2","Nenu","1","1","1052"
"2511","1","test","44","m","7","shape1.jpg","5","<none>","You","Petra","2","Nenu","2","1","1059"
"2511","1","test","45","m","8","shape2.jpg","5","<none>","You","Petra","2","Nenu","2","1","882"
"2511","1","test","46","m","9","shape3.jpg","5","<none>","You","Petra","2","Nenu","2","1","1018"
"2511","1","test","47","z","3","shape3.jpg","5","<none>","You","Petra","2","Nenu","1","1","1155"
"2511","1","test","48","m","4","shape1.jpg","5","<none>","You","Petra","2","Nenu","2","1","927"
"2511","1","test","49","z","1","shape1.jpg","5","<none>","You","Petra","2","Nenu","1","1","773"
"2511","1","test","50","z","3","shape3.jpg","5","<none>","You","Petra","2","Nenu","1","1","1091"
"2511","1","test","51","z","2","shape2.jpg","5","<none>","You","Petra","2","Nenu","1","1","713"
"2511","1","test","52","m","8","shape2.jpg","5","<none>","You","Petra","2","Nenu","2","1","649"
"2511","1","test","53","m","7","shape1.jpg","5","<none>","You","Petra","2","Nenu","2","1","961"
"2511","1","test","54","z","2","shape2.jpg","5","<none>","You","Petra","2","Nenu","1","1","813"
"2511","1","test","55","m","9","shape3.jpg","5","<none>","You","Petra","2","Nenu","2","1","904"
"2511","1","test","56","m","8","shape2.jpg","5","<none>","You","Petra","2","Nenu","2","1","744"
"2511","1","test","57","m","9","shape3.jpg","5","<none>","You","Petra","2","Nenu","2","1","717"
"2511","1","test","58","z","1","shape1.jpg","5","<none>","You","Petra","2","Nenu","1","1","765"
"2511","1","test","59","m","7","shape1.jpg","5","<none>","You","Petra","2","Nenu","2","1","737"
"2511","1","test","60","z","3","shape3.jpg","5","<none>","You","Petra","2","Nenu","1","1","927"
"2511","1","test","61","z","2","shape2.jpg","5","<none>","You","Petra","2","Nenu","1","1","812"
"2511","1","test","62","z","1","shape1.jpg","5","<none>","You","Petra","2","Nenu","1","1","750"
"2511","1","test","63","m","7","shape1.jpg","5","<none>","You","Petra","2","Nenu","2","1","1045"
"2511","1","test","64","m","6","shape3.jpg","5","<none>","You","Petra","2","Nenu","2","1","599"
"2511","1","test","65","z","1","shape1.jpg","5","<none>","You","Petra","2","Nenu","1","1","666"
"2511","1","test","66","m","4","shape1.jpg","5","<none>","You","Petra","2","Nenu","2","1","961"
"2511","1","test","67","z","2","shape2.jpg","5","<none>","You","Petra","2","Nenu","1","1","855"
"2511","1","test","68","z","2","shape2.jpg","5","<none>","You","Petra","2","Nenu","1","1","734"
"2511","1","test","69","m","3","shape3.jpg","5","<none>","You","Petra","2","Nenu","1","0","652"
"2511","1","test","70","z","1","shape1.jpg","5","<none>","You","Petra","2","Nenu","1","1","567"
"2511","1","test","71","m","3","shape3.jpg","5","<none>","You","Petra","2","Nenu","1","0","764"
"2511","1","test","72","m","7","shape1.jpg","5","<none>","You","Petra","2","Nenu","2","1","904"
"2511","1","test","73","z","1","shape1.jpg","5","<none>","You","Petra","2","Nenu","1","1","616"
"2511","1","test","74","z","7","shape1.jpg","5","<none>","You","Petra","2","Nenu","2","0","722"
"2511","1","test","75","z","2","shape2.jpg","5","<none>","You","Petra","2","Nenu","1","1","889"
"2511","1","test","76","z","1","shape1.jpg","5","<none>","You","Petra","2","Nenu","1","1","584"
"2511","1","test","77","z","2","shape2.jpg","5","<none>","You","Petra","2","Nenu","1","1","773"
"2511","1","test","78","m","4","shape1.jpg","5","<none>","You","Petra","2","Nenu","2","1","721"
"2511","1","test","79","m","8","shape2.jpg","5","<none>","You","Petra","2","Nenu","2","1","791"
"2511","1","test","80","z","2","shape2.jpg","5","<none>","You","Petra","2","Nenu","1","1","827"
"2511","1","test","81","z","3","shape3.jpg","5","<none>","You","Petra","2","Nenu","1","1","1124"
"2511","1","test","82","m","6","shape3.jpg","5","<none>","You","Petra","2","Nenu","2","1","954"
"2511","1","test","83","x","3","shape3.jpg","5","<none>","You","Petra","2","Nenu","1","0","1500"
"2511","1","test","84","z","2","shape2.jpg","5","<none>","You","Petra","2","Nenu","1","1","803"
"2511","1","test","85","m","7","shape1.jpg","5","<none>","You","Petra","2","Nenu","2","1","702"
"2511","1","test","86","z","1","shape1.jpg","5","<none>","You","Petra","2","Nenu","1","1","597"
"2511","1","test","87","z","2","shape2.jpg","5","<none>","You","Petra","2","Nenu","1","1","696"
"2511","1","test","88","z","3","shape3.jpg","5","<none>","You","Petra","2","Nenu","1","1","881"
"2511","1","test","89","z","2","shape2.jpg","5","<none>","You","Petra","2","Nenu","1","1","633"
"2511","1","test","90","z","1","shape1.jpg","5","<none>","You","Petra","2","Nenu","1","1","636"
"2511","1","test","91","x","9","shape3.jpg","5","<none>","You","Petra","2","Nenu","2","0","1500"
"2511","1","test","92","z","7","shape1.jpg","5","<none>","You","Petra","2","Nenu","2","0","610"
"2511","1","test","93","z","1","shape1.jpg","5","<none>","You","Petra","2","Nenu","1","1","518"
"2511","1","test","94","z","8","shape2.jpg","5","<none>","You","Petra","2","Nenu","2","0","885"
"2511","1","test","95","z","3","shape3.jpg","5","<none>","You","Petra","2","Nenu","1","1","732"
"2511","1","test","96","z","3","shape3.jpg","5","<none>","You","Petra","2","Nenu","1","1","530"
"2511","1","test","97","z","9","shape3.jpg","5","<none>","You","Petra","2","Nenu","2","0","936"
"2511","1","test","98","m","8","shape2.jpg","5","<none>","You","Petra","2","Nenu","2","1","1022"
"2511","1","test","99","m","4","shape1.jpg","5","<none>","You","Petra","2","Nenu","2","1","1119"
"2511","1","test","100","z","1","shape1.jpg","5","<none>","You","Petra","2","Nenu","1","1","667"
"2511","1","test","101","m","7","shape1.jpg","5","<none>","You","Petra","2","Nenu","2","1","957"
"2511","1","test","102","m","4","shape1.jpg","5","<none>","You","Petra","2","Nenu","2","1","1106"
"2511","1","test","103","m","3","shape3.jpg","5","<none>","You","Petra","2","Nenu","1","0","656"
"2511","1","test","104","z","3","shape3.jpg","5","<none>","You","Petra","2","Nenu","1","1","643"
"2511","1","test","105","z","3","shape3.jpg","5","<none>","You","Petra","2","Nenu","1","1","532"
"2511","1","test","106","m","9","shape3.jpg","5","<none>","You","Petra","2","Nenu","2","1","714"
"2511","1","test","107","z","1","shape1.jpg","5","<none>","You","Petra","2","Nenu","1","1","809"
"2511","1","test","108","m","4","shape1.jpg","5","<none>","You","Petra","2","Nenu","2","1","813"
"2511","1","test","109","m","4","shape1.jpg","5","<none>","You","Petra","2","Nenu","2","1","614"
"2511","1","test","110","m","6","shape3.jpg","5","<none>","You","Petra","2","Nenu","2","1","1098"
"2511","1","test","111","z","3","shape3.jpg","5","<none>","You","Petra","2","Nenu","1","1","760"
"2511","1","test","112","z","3","shape3.jpg","5","<none>","You","Petra","2","Nenu","1","1","685"
"2511","1","test","113","z","1","shape1.jpg","5","<none>","You","Petra","2","Nenu","1","1","862"
"2511","1","test","114","m","8","shape2.jpg","5","<none>","You","Petra","2","Nenu","2","1","631"
"2511","1","test","115","m","5","shape2.jpg","5","<none>","You","Petra","2","Nenu","2","1","1042"
"2511","1","test","116","m","4","shape1.jpg","5","<none>","You","Petra","2","Nenu","2","1","787"
"2511","1","test","117","m","6","shape3.jpg","5","<none>","You","Petra","2","Nenu","2","1","613"
"2511","1","test","118","z","3","shape3.jpg","5","<none>","You","Petra","2","Nenu","1","1","657"
"2511","1","test","119","m","9","shape3.jpg","5","<none>","You","Petra","2","Nenu","2","1","603"
"2511","1","test","120","m","5","shape2.jpg","5","<none>","You","Petra","2","Nenu","2","1","495"
"2511","1","test","121","m","5","shape2.jpg","5","<none>","You","Petra","2","Nenu","2","1","1002"
"2511","1","test","122","z","2","shape2.jpg","5","<none>","You","Petra","2","Nenu","1","1","772"
"2511","1","test","123","m","8","shape2.jpg","5","<none>","You","Petra","2","Nenu","2","1","752"
"2511","1","test","124","z","1","shape1.jpg","5","<none>","You","Petra","2","Nenu","1","1","662"
"2511","1","test","125","m","9","shape3.jpg","5","<none>","You","Petra","2","Nenu","2","1","711"
"2511","1","test","126","m","8","shape2.jpg","5","<none>","You","Petra","2","Nenu","2","1","901"
"2511","1","test","127","m","6","shape3.jpg","5","<none>","You","Petra","2","Nenu","2","1","740"
"2511","1","test","128","m","9","shape3.jpg","5","<none>","You","Petra","2","Nenu","2","1","699"
"2511","1","test","129","m","6","shape3.jpg","5","<none>","You","Petra","2","Nenu","2","1","602"
"2511","1","test","130","m","1","shape1.jpg","5","<none>","You","Petra","2","Nenu","1","0","613"
"2511","1","test","131","m","4","shape1.jpg","5","<none>","You","Petra","2","Nenu","2","1","713"
"2511","1","test","132","m","8","shape2.jpg","5","<none>","You","Petra","2","Nenu","2","1","696"
"2511","1","test","133","m","4","shape1.jpg","5","<none>","You","Petra","2","Nenu","2","1","506"
"2511","1","test","134","z","3","shape3.jpg","5","<none>","You","Petra","2","Nenu","1","1","689"
"2511","1","test","135","z","1","shape1.jpg","5","<none>","You","Petra","2","Nenu","1","1","681"
"2511","1","test","136","m","8","shape2.jpg","5","<none>","You","Petra","2","Nenu","2","1","705"
"2511","1","test","137","z","2","shape2.jpg","5","<none>","You","Petra","2","Nenu","1","1","761"
"2511","1","test","138","m","8","shape2.jpg","5","<none>","You","Petra","2","Nenu","2","1","678"
"2511","1","test","139","m","5","shape2.jpg","5","<none>","You","Petra","2","Nenu","2","1","789"
"2511","1","test","140","z","2","shape2.jpg","5","<none>","You","Petra","2","Nenu","1","1","650"
"2511","1","test","141","m","7","shape1.jpg","5","<none>","You","Petra","2","Nenu","2","1","643"
"2511","1","test","142","m","6","shape3.jpg","5","<none>","You","Petra","2","Nenu","2","1","1021"
"2511","1","test","143","m","8","shape2.jpg","5","<none>","You","Petra","2","Nenu","2","1","743"
"2511","1","test","144","m","4","shape1.jpg","5","<none>","You","Petra","2","Nenu","2","1","988"
"2511","1","test","145","z","2","shape2.jpg","5","<none>","You","Petra","2","Nenu","1","1","616"
"2511","1","test","146","m","9","shape3.jpg","5","<none>","You","Petra","2","Nenu","2","1","603"
"2511","1","test","147","z","2","shape2.jpg","5","<none>","You","Petra","2","Nenu","1","1","655"
"2511","1","test","148","z","2","shape2.jpg","5","<none>","You","Petra","2","Nenu","1","1","785"
"2511","1","test","149","z","1","shape1.jpg","5","<none>","You","Petra","2","Nenu","1","1","636"
"2511","1","test","150","z","2","shape2.jpg","5","<none>","You","Petra","2","Nenu","1","1","652"
"2511","1","test","151","m","7","shape1.jpg","5","<none>","You","Petra","2","Nenu","2","1","792"
"2511","1","test","152","m","8","shape2.jpg","5","<none>","You","Petra","2","Nenu","2","1","826"
"2511","1","test","153","m","9","shape3.jpg","5","<none>","You","Petra","2","Nenu","2","1","814"
"2511","1","test","154","m","5","shape2.jpg","5","<none>","You","Petra","2","Nenu","2","1","927"
"2511","1","test","155","m","5","shape2.jpg","5","<none>","You","Petra","2","Nenu","2","1","567"
"2511","1","test","156","m","8","shape2.jpg","5","<none>","You","Petra","2","Nenu","2","1","634"
"2511","1","test","157","z","2","shape2.jpg","5","<none>","You","Petra","2","Nenu","1","1","686"
"2511","1","test","158","z","1","shape1.jpg","5","<none>","You","Petra","2","Nenu","1","1","669"
"2511","1","test","159","m","2","shape2.jpg","5","<none>","You","Petra","2","Nenu","1","0","662"
"2511","1","test","160","z","2","shape2.jpg","5","<none>","You","Petra","2","Nenu","1","1","550"
"2511","1","test","161","m","3","shape3.jpg","5","<none>","You","Petra","2","Nenu","1","0","525"
"2511","1","test","162","m","6","shape3.jpg","5","<none>","You","Petra","2","Nenu","2","1","869"
"2511","1","test","163","z","3","shape3.jpg","5","<none>","You","Petra","2","Nenu","1","1","836"
"2511","1","test","164","z","1","shape1.jpg","5","<none>","You","Petra","2","Nenu","1","1","645"
"2511","1","test","165","m","7","shape1.jpg","5","<none>","You","Petra","2","Nenu","2","1","552"
"2511","1","test","166","m","9","shape3.jpg","5","<none>","You","Petra","2","Nenu","2","1","845"
"2511","1","test","167","z","1","shape1.jpg","5","<none>","You","Petra","2","Nenu","1","1","655"
"2511","1","test","168","m","9","shape3.jpg","5","<none>","You","Petra","2","Nenu","2","1","633"
"2511","1","test","169","m","9","shape3.jpg","5","<none>","You","Petra","2","Nenu","2","1","923"
"2511","1","test","170","z","3","shape3.jpg","5","<none>","You","Petra","2","Nenu","1","1","888"
"2511","1","test","171","z","2","shape2.jpg","5","<none>","You","Petra","2","Nenu","1","1","632"
"2511","1","test","172","z","2","shape2.jpg","5","<none>","You","Petra","2","Nenu","1","1","523"
"2511","1","test","173","z","8","shape2.jpg","5","<none>","You","Petra","2","Nenu","2","0","554"
"2511","1","test","174","z","3","shape3.jpg","5","<none>","You","Petra","2","Nenu","1","1","528"
"2511","1","test","175","z","3","shape3.jpg","5","<none>","You","Petra","2","Nenu","1","1","510"
"2511","1","test","176","m","8","shape2.jpg","5","<none>","You","Petra","2","Nenu","2","1","542"
"2511","1","test","177","z","6","shape3.jpg","5","<none>","You","Petra","2","Nenu","2","0","1284"
"2511","1","test","178","z","3","shape3.jpg","5","<none>","You","Petra","2","Nenu","1","1","858"
"2511","1","test","179","m","7","shape1.jpg","5","<none>","You","Petra","2","Nenu","2","1","803"
"2511","1","test","180","z","2","shape2.jpg","5","<none>","You","Petra","2","Nenu","1","1","983"
"2511","1","test","181","x","2","shape2.jpg","5","<none>","You","Petra","2","Nenu","1","0","1500"
"2511","1","test","182","z","1","shape1.jpg","5","<none>","You","Petra","2","Nenu","1","1","692"
"2511","1","test","183","z","1","shape1.jpg","5","<none>","You","Petra","2","Nenu","1","1","548"
"2511","1","test","184","m","2","shape2.jpg","5","<none>","You","Petra","2","Nenu","1","0","657"
"2511","1","test","185","z","5","shape2.jpg","5","<none>","You","Petra","2","Nenu","2","0","668"
"2511","1","test","186","m","6","shape3.jpg","5","<none>","You","Petra","2","Nenu","2","1","677"
"2511","1","test","187","z","1","shape1.jpg","5","<none>","You","Petra","2","Nenu","1","1","614"
"2511","1","test","188","z","1","shape1.jpg","5","<none>","You","Petra","2","Nenu","1","1","770"
"2511","1","test","189","m","2","shape2.jpg","5","<none>","You","Petra","2","Nenu","1","0","662"
"2511","1","test","190","z","3","shape3.jpg","5","<none>","You","Petra","2","Nenu","1","1","599"
"2511","1","test","191","z","2","shape2.jpg","5","<none>","You","Petra","2","Nenu","1","1","633"
"2511","1","test","192","z","2","shape2.jpg","5","<none>","You","Petra","2","Nenu","1","1","629"
"2511","1","test","193","m","9","shape3.jpg","5","<none>","You","Petra","2","Nenu","2","1","663"
"2511","1","test","194","m","7","shape1.jpg","5","<none>","You","Petra","2","Nenu","2","1","848"
"2511","1","test","195","z","3","shape3.jpg","5","<none>","You","Petra","2","Nenu","1","1","586"
"2511","1","test","196","m","9","shape3.jpg","5","<none>","You","Petra","2","Nenu","2","1","813"
"2511","1","test","197","z","8","shape2.jpg","5","<none>","You","Petra","2","Nenu","2","0","802"
"2511","1","test","198","z","3","shape3.jpg","5","<none>","You","Petra","2","Nenu","1","1","603"
"2511","1","test","199","m","5","shape2.jpg","5","<none>","You","Petra","2","Nenu","2","1","743"
"2511","1","test","200","z","2","shape2.jpg","5","<none>","You","Petra","2","Nenu","1","1","637"
"2511","1","test","201","z","3","shape3.jpg","5","<none>","You","Petra","2","Nenu","1","1","758"
"2511","1","test","202","m","7","shape1.jpg","5","<none>","You","Petra","2","Nenu","2","1","699"
"2511","1","test","203","m","9","shape3.jpg","5","<none>","You","Petra","2","Nenu","2","1","859"
"2511","1","test","204","z","3","shape3.jpg","5","<none>","You","Petra","2","Nenu","1","1","603"
"2511","1","test","205","m","4","shape1.jpg","5","<none>","You","Petra","2","Nenu","2","1","679"
"2511","1","test","206","m","5","shape2.jpg","5","<none>","You","Petra","2","Nenu","2","1","593"
"2511","1","test","207","m","4","shape1.jpg","5","<none>","You","Petra","2","Nenu","2","1","1013"
"2511","1","test","208","m","5","shape2.jpg","5","<none>","You","Petra","2","Nenu","2","1","607"
"2511","1","test","209","m","8","shape2.jpg","5","<none>","You","Petra","2","Nenu","2","1","627"
"2511","1","test","210","z","1","shape1.jpg","5","<none>","You","Petra","2","Nenu","1","1","830"
"2511","1","test","211","m","7","shape1.jpg","5","<none>","You","Petra","2","Nenu","2","1","824"
"2511","1","test","212","m","6","shape3.jpg","5","<none>","You","Petra","2","Nenu","2","1","643"
"2511","1","test","213","z","4","shape1.jpg","5","<none>","You","Petra","2","Nenu","2","0","660"
"2511","1","test","214","z","6","shape3.jpg","5","<none>","You","Petra","2","Nenu","2","0","767"
"2511","1","test","215","z","1","shape1.jpg","5","<none>","You","Petra","2","Nenu","1","1","626"
"2511","1","test","216","m","7","shape1.jpg","5","<none>","You","Petra","2","Nenu","2","1","726"
"2511","1","test","217","m","9","shape3.jpg","5","<none>","You","Petra","2","Nenu","2","1","875"
"2511","1","test","218","z","2","shape2.jpg","5","<none>","You","Petra","2","Nenu","1","1","844"
"2511","1","test","219","m","6","shape3.jpg","5","<none>","You","Petra","2","Nenu","2","1","1222"
"2511","1","test","220","m","9","shape3.jpg","5","<none>","You","Petra","2","Nenu","2","1","606"
"2511","1","test","221","m","3","shape3.jpg","5","<none>","You","Petra","2","Nenu","1","0","738"
"2511","1","test","222","z","2","shape2.jpg","5","<none>","You","Petra","2","Nenu","1","1","1017"
"2511","1","test","223","z","1","shape1.jpg","5","<none>","You","Petra","2","Nenu","1","1","738"
"2511","1","test","224","z","2","shape2.jpg","5","<none>","You","Petra","2","Nenu","1","1","935"
"2511","1","test","225","z","3","shape3.jpg","5","<none>","You","Petra","2","Nenu","1","1","973"
"2511","1","test","226","m","6","shape3.jpg","5","<none>","You","Petra","2","Nenu","2","1","762"
"2511","1","test","227","z","1","shape1.jpg","5","<none>","You","Petra","2","Nenu","1","1","621"
"2511","1","test","228","z","1","shape1.jpg","5","<none>","You","Petra","2","Nenu","1","1","656"
"2511","1","test","229","z","2","shape2.jpg","5","<none>","You","Petra","2","Nenu","1","1","986"
"2511","1","test","230","z","2","shape2.jpg","5","<none>","You","Petra","2","Nenu","1","1","1453"
"2511","1","test","231","m","5","shape2.jpg","5","<none>","You","Petra","2","Nenu","2","1","747"
"2511","1","test","232","z","3","shape3.jpg","5","<none>","You","Petra","2","Nenu","1","1","1066"
"2511","1","test","233","z","1","shape1.jpg","5","<none>","You","Petra","2","Nenu","1","1","1185"
"2511","1","test","234","z","4","shape1.jpg","5","<none>","You","Petra","2","Nenu","2","0","675"
"2511","1","test","235","z","3","shape3.jpg","5","<none>","You","Petra","2","Nenu","1","1","733"
"2511","1","test","236","z","1","shape1.jpg","5","<none>","You","Petra","2","Nenu","1","1","556"
"2511","1","test","237","z","1","shape1.jpg","5","<none>","You","Petra","2","Nenu","1","1","575"
"2511","1","test","238","m","9","shape3.jpg","5","<none>","You","Petra","2","Nenu","2","1","638"
"2511","1","test","239","z","2","shape2.jpg","5","<none>","You","Petra","2","Nenu","1","1","663"
"2511","1","test","240","z","3","shape3.jpg","5","<none>","You","Petra","2","Nenu","1","1","759"
"2511","1","test","241","m","6","shape3.jpg","5","<none>","You","Petra","2","Nenu","2","1","872"
"2511","1","test","242","z","2","shape2.jpg","5","<none>","You","Petra","2","Nenu","1","1","721"
"2511","1","test","243","z","2","shape2.jpg","5","<none>","You","Petra","2","Nenu","1","1","670"
"2511","1","test","244","z","1","shape1.jpg","5","<none>","You","Petra","2","Nenu","1","1","583"
"2511","1","test","245","m","6","shape3.jpg","5","<none>","You","Petra","2","Nenu","2","1","691"
"2511","1","test","246","z","1","shape1.jpg","5","<none>","You","Petra","2","Nenu","1","1","492"
"2511","1","test","247","m","4","shape1.jpg","5","<none>","You","Petra","2","Nenu","2","1","620"
"2511","1","test","248","m","8","shape2.jpg","5","<none>","You","Petra","2","Nenu","2","1","671"
"2511","1","test","249","z","1","shape1.jpg","5","<none>","You","Petra","2","Nenu","1","1","552"
"2511","1","test","250","z","2","shape2.jpg","5","<none>","You","Petra","2","Nenu","1","1","838"
"2511","1","test","251","m","8","shape2.jpg","5","<none>","You","Petra","2","Nenu","2","1","670"
"2511","1","test","252","m","6","shape3.jpg","5","<none>","You","Petra","2","Nenu","2","1","799"
"2511","1","test","253","m","5","shape2.jpg","5","<none>","You","Petra","2","Nenu","2","1","787"
"2511","1","test","254","m","5","shape2.jpg","5","<none>","You","Petra","2","Nenu","2","1","615"
"2511","1","test","255","m","9","shape3.jpg","5","<none>","You","Petra","2","Nenu","2","1","569"
"2511","1","test","256","m","9","shape3.jpg","5","<none>","You","Petra","2","Nenu","2","1","807"
"2511","1","test","257","z","2","shape2.jpg","5","<none>","You","Petra","2","Nenu","1","1","663"
"2511","1","test","258","z","2","shape2.jpg","5","<none>","You","Petra","2","Nenu","1","1","562"
"2511","1","test","259","m","3","shape3.jpg","5","<none>","You","Petra","2","Nenu","1","0","400"
"2511","1","test","260","m","4","shape1.jpg","5","<none>","You","Petra","2","Nenu","2","1","732"
"2511","1","test","261","m","3","shape3.jpg","5","<none>","You","Petra","2","Nenu","1","0","594"
"2511","1","test","262","z","2","shape2.jpg","5","<none>","You","Petra","2","Nenu","1","1","687"
"2511","1","test","263","m","5","shape2.jpg","5","<none>","You","Petra","2","Nenu","2","1","742"
"2511","1","test","264","m","4","shape1.jpg","5","<none>","You","Petra","2","Nenu","2","1","813"
"2511","1","test","265","m","6","shape3.jpg","5","<none>","You","Petra","2","Nenu","2","1","766"
"2511","1","test","266","m","8","shape2.jpg","5","<none>","You","Petra","2","Nenu","2","1","692"
"2511","1","test","267","m","7","shape1.jpg","5","<none>","You","Petra","2","Nenu","2","1","763"
"2511","1","test","268","m","6","shape3.jpg","5","<none>","You","Petra","2","Nenu","2","1","673"
"2511","1","test","269","m","5","shape2.jpg","5","<none>","You","Petra","2","Nenu","2","1","674"
"2511","1","test","270","z","3","shape3.jpg","5","<none>","You","Petra","2","Nenu","1","1","642"
"2511","1","test","271","z","3","shape3.jpg","5","<none>","You","Petra","2","Nenu","1","1","597"
"2511","1","test","272","m","8","shape2.jpg","5","<none>","You","Petra","2","Nenu","2","1","600"
"2511","1","test","273","z","2","shape2.jpg","5","<none>","You","Petra","2","Nenu","1","1","604"
"2511","1","test","274","m","9","shape3.jpg","5","<none>","You","Petra","2","Nenu","2","1","672"
"2511","1","test","275","m","4","shape1.jpg","5","<none>","You","Petra","2","Nenu","2","1","649"
"2511","1","test","276","z","2","shape2.jpg","5","<none>","You","Petra","2","Nenu","1","1","593"
"2511","1","test","277","m","5","shape2.jpg","5","<none>","You","Petra","2","Nenu","2","1","742"
"2511","1","test","278","m","6","shape3.jpg","5","<none>","You","Petra","2","Nenu","2","1","732"
"2511","1","test","279","z","1","shape1.jpg","5","<none>","You","Petra","2","Nenu","1","1","770"
"2511","1","test","280","z","1","shape1.jpg","5","<none>","You","Petra","2","Nenu","1","1","574"
"2511","1","test","281","m","6","shape3.jpg","5","<none>","You","Petra","2","Nenu","2","1","579"
"2511","1","test","282","m","6","shape3.jpg","5","<none>","You","Petra","2","Nenu","2","1","616"
"2511","1","test","283","m","7","shape1.jpg","5","<none>","You","Petra","2","Nenu","2","1","508"
"2511","1","test","284","z","4","shape1.jpg","5","<none>","You","Petra","2","Nenu","2","0","555"
"2511","1","test","285","z","2","shape2.jpg","5","<none>","You","Petra","2","Nenu","1","1","816"
"2511","1","test","286","z","5","shape2.jpg","5","<none>","You","Petra","2","Nenu","2","0","547"
"2511","1","test","287","z","3","shape3.jpg","5","<none>","You","Petra","2","Nenu","1","1","874"
"2511","1","test","288","z","3","shape3.jpg","5","<none>","You","Petra","2","Nenu","1","1","713"
"2511","1","test","289","z","3","shape3.jpg","5","<none>","You","Petra","2","Nenu","1","1","626"
"2511","1","test","290","m","9","shape3.jpg","5","<none>","You","Petra","2","Nenu","2","1","772"
"2511","1","test","291","m","9","shape3.jpg","5","<none>","You","Petra","2","Nenu","2","1","760"
"2511","1","test","292","m","5","shape2.jpg","5","<none>","You","Petra","2","Nenu","2","1","654"
"2511","1","test","293","m","4","shape1.jpg","5","<none>","You","Petra","2","Nenu","2","1","871"
"2511","1","test","294","m","7","shape1.jpg","5","<none>","You","Petra","2","Nenu","2","1","926"
"2511","1","test","295","m","6","shape3.jpg","5","<none>","You","Petra","2","Nenu","2","1","884"
"2511","1","test","296","m","6","shape3.jpg","5","<none>","You","Petra","2","Nenu","2","1","1085"
"2511","1","test","297","m","2","shape2.jpg","5","<none>","You","Petra","2","Nenu","1","0","604"
"2511","1","test","298","z","2","shape2.jpg","5","<none>","You","Petra","2","Nenu","1","1","718"
"2511","1","test","299","m","6","shape3.jpg","5","<none>","You","Petra","2","Nenu","2","1","701"
"2511","1","test","300","m","7","shape1.jpg","5","<none>","You","Petra","2","Nenu","2","1","596"
"2511","1","test","301","z","2","shape2.jpg","5","<none>","You","Petra","2","Nenu","1","1","520"
"2511","1","test","302","z","2","shape2.jpg","5","<none>","You","Petra","2","Nenu","1","1","1047"
"2511","1","test","303","z","3","shape3.jpg","5","<none>","You","Petra","2","Nenu","1","1","728"
"2511","1","test","304","m","4","shape1.jpg","5","<none>","You","Petra","2","Nenu","2","1","678"
"2511","1","test","305","z","5","shape2.jpg","5","<none>","You","Petra","2","Nenu","2","0","582"
"2511","1","test","306","z","1","shape1.jpg","5","<none>","You","Petra","2","Nenu","1","1","756"
"2511","1","test","307","z","1","shape1.jpg","5","<none>","You","Petra","2","Nenu","1","1","690"
"2511","1","test","308","m","7","shape1.jpg","5","<none>","You","Petra","2","Nenu","2","1","657"
"2511","1","test","309","m","7","shape1.jpg","5","<none>","You","Petra","2","Nenu","2","1","652"
"2511","1","test","310","z","3","shape3.jpg","5","<none>","You","Petra","2","Nenu","1","1","772"
"2511","1","test","311","z","3","shape3.jpg","5","<none>","You","Petra","2","Nenu","1","1","760"
"2511","1","test","312","m","5","shape2.jpg","5","<none>","You","Petra","2","Nenu","2","1","702"
"2511","1","test","313","z","2","shape2.jpg","5","<none>","You","Petra","2","Nenu","1","1","636"
"2511","1","test","314","z","8","shape2.jpg","5","<none>","You","Petra","2","Nenu","2","0","566"
"2511","1","test","315","m","8","shape2.jpg","5","<none>","You","Petra","2","Nenu","2","1","794"
"2511","1","test","316","m","4","shape1.jpg","5","<none>","You","Petra","2","Nenu","2","1","1208"
"2511","1","test","317","m","5","shape2.jpg","5","<none>","You","Petra","2","Nenu","2","1","753"
"2511","1","test","318","z","2","shape2.jpg","5","<none>","You","Petra","2","Nenu","1","1","774"
"2511","1","test","319","m","5","shape2.jpg","5","<none>","You","Petra","2","Nenu","2","1","914"
"2511","1","test","320","z","3","shape3.jpg","5","<none>","You","Petra","2","Nenu","1","1","698"
"2511","1","test","321","z","4","shape1.jpg","5","<none>","You","Petra","2","Nenu","2","0","609"
"2511","1","test","322","z","1","shape1.jpg","5","<none>","You","Petra","2","Nenu","1","1","645"
"2511","1","test","323","m","7","shape1.jpg","5","<none>","You","Petra","2","Nenu","2","1","1398"
"2511","1","test","324","z","3","shape3.jpg","5","<none>","You","Petra","2","Nenu","1","1","601"
"2511","1","test","325","m","6","shape3.jpg","5","<none>","You","Petra","2","Nenu","2","1","653"
"2511","1","test","326","m","5","shape2.jpg","5","<none>","You","Petra","2","Nenu","2","1","767"
"2511","1","test","327","m","9","shape3.jpg","5","<none>","You","Petra","2","Nenu","2","1","603"
"2511","1","test","328","z","2","shape2.jpg","5","<none>","You","Petra","2","Nenu","1","1","599"
"2511","1","test","329","m","4","shape1.jpg","5","<none>","You","Petra","2","Nenu","2","1","673"
"2511","1","test","330","z","1","shape1.jpg","5","<none>","You","Petra","2","Nenu","1","1","659"
"2511","1","test","331","m","8","shape2.jpg","5","<none>","You","Petra","2","Nenu","2","1","603"
"2511","1","test","332","m","4","shape1.jpg","5","<none>","You","Petra","2","Nenu","2","1","720"
"2511","1","test","333","z","1","shape1.jpg","5","<none>","You","Petra","2","Nenu","1","1","599"
"2511","1","test","334","z","3","shape3.jpg","5","<none>","You","Petra","2","Nenu","1","1","897"
"2511","1","test","335","m","4","shape1.jpg","5","<none>","You","Petra","2","Nenu","2","1","770"
"2511","1","test","336","z","2","shape2.jpg","5","<none>","You","Petra","2","Nenu","1","1","798"
"2511","1","test","337","m","8","shape2.jpg","5","<none>","You","Petra","2","Nenu","2","1","584"
"2511","1","test","338","m","9","shape3.jpg","5","<none>","You","Petra","2","Nenu","2","1","773"
"2511","1","test","339","z","7","shape1.jpg","5","<none>","You","Petra","2","Nenu","2","0","561"
"2511","1","test","340","m","6","shape3.jpg","5","<none>","You","Petra","2","Nenu","2","1","807"
"2511","1","test","341","z","1","shape1.jpg","5","<none>","You","Petra","2","Nenu","1","1","723"
"2511","1","test","342","m","4","shape1.jpg","5","<none>","You","Petra","2","Nenu","2","1","609"
"2511","1","test","343","m","4","shape1.jpg","5","<none>","You","Petra","2","Nenu","2","1","653"
"2511","1","test","344","m","5","shape2.jpg","5","<none>","You","Petra","2","Nenu","2","1","694"
"2511","1","test","345","z","3","shape3.jpg","5","<none>","You","Petra","2","Nenu","1","1","662"
"2511","1","test","346","m","2","shape2.jpg","5","<none>","You","Petra","2","Nenu","1","0","664"
"2511","1","test","347","m","6","shape3.jpg","5","<none>","You","Petra","2","Nenu","2","1","720"
"2511","1","test","348","m","1","shape1.jpg","5","<none>","You","Petra","2","Nenu","1","0","648"
"2511","1","test","349","z","1","shape1.jpg","5","<none>","You","Petra","2","Nenu","1","1","1048"
"2511","1","test","350","z","1","shape1.jpg","5","<none>","You","Petra","2","Nenu","1","1","1218"
"2511","1","test","351","m","7","shape1.jpg","5","<none>","You","Petra","2","Nenu","2","1","923"
"2511","1","test","352","z","2","shape2.jpg","5","<none>","You","Petra","2","Nenu","1","1","736"
"2511","1","test","353","m","6","shape3.jpg","5","<none>","You","Petra","2","Nenu","2","1","749"
"2511","1","test","354","z","3","shape3.jpg","5","<none>","You","Petra","2","Nenu","1","1","779"
"2511","1","test","355","z","2","shape2.jpg","5","<none>","You","Petra","2","Nenu","1","1","679"
"2511","1","test","356","z","1","shape1.jpg","5","<none>","You","Petra","2","Nenu","1","1","1008"
"2511","1","test","357","z","1","shape1.jpg","5","<none>","You","Petra","2","Nenu","1","1","746"
"2511","1","test","358","z","3","shape3.jpg","5","<none>","You","Petra","2","Nenu","1","1","896"
"2511","1","test","359","z","1","shape1.jpg","5","<none>","You","Petra","2","Nenu","1","1","840"
"2511","1","test","360","m","6","shape3.jpg","5","<none>","You","Petra","2","Nenu","2","1","665"
"2512","2","test","1","z","6","shape3.jpg","6","<none>","Timi","You","2","Miru","2","1","1407"
"2512","2","test","2","m","1","shape1.jpg","6","<none>","Timi","You","2","Miru","1","1","761"
"2512","2","test","3","m","3","shape3.jpg","6","<none>","Timi","You","2","Miru","1","1","1014"
"2512","2","test","4","z","5","shape2.jpg","6","<none>","Timi","You","2","Miru","2","1","807"
"2512","2","test","5","m","2","shape2.jpg","6","<none>","Timi","You","2","Miru","1","1","1059"
"2512","2","test","6","z","8","shape2.jpg","6","<none>","Timi","You","2","Miru","2","1","875"
"2512","2","test","7","x","5","shape2.jpg","6","<none>","Timi","You","2","Miru","2","0","1499"
"2512","2","test","8","x","2","shape2.jpg","6","<none>","Timi","You","2","Miru","1","0","1499"
"2512","2","test","9","z","9","shape3.jpg","6","<none>","Timi","You","2","Miru","2","1","738"
"2512","2","test","10","m","9","shape3.jpg","6","<none>","Timi","You","2","Miru","2","0","736"
"2512","2","test","11","z","9","shape3.jpg","6","<none>","Timi","You","2","Miru","2","1","1399"
"2512","2","test","12","m","2","shape2.jpg","6","<none>","Timi","You","2","Miru","1","1","897"
"2512","2","test","13","m","1","shape1.jpg","6","<none>","Timi","You","2","Miru","1","1","1407"
"2512","2","test","14","m","1","shape1.jpg","6","<none>","Timi","You","2","Miru","1","1","648"
"2512","2","test","15","z","6","shape3.jpg","6","<none>","Timi","You","2","Miru","2","1","1058"
"2512","2","test","16","m","1","shape1.jpg","6","<none>","Timi","You","2","Miru","1","1","1162"
"2512","2","test","17","m","2","shape2.jpg","6","<none>","Timi","You","2","Miru","1","1","1463"
"2512","2","test","18","m","2","shape2.jpg","6","<none>","Timi","You","2","Miru","1","1","493"
"2512","2","test","19","z","6","shape3.jpg","6","<none>","Timi","You","2","Miru","2","1","822"
"2512","2","test","20","m","3","shape3.jpg","6","<none>","Timi","You","2","Miru","1","1","609"
"2512","2","test","21","z","5","shape2.jpg","6","<none>","Timi","You","2","Miru","2","1","844"
"2512","2","test","22","z","9","shape3.jpg","6","<none>","Timi","You","2","Miru","2","1","765"
"2512","2","test","23","z","9","shape3.jpg","6","<none>","Timi","You","2","Miru","2","1","529"
"2512","2","test","24","z","8","shape2.jpg","6","<none>","Timi","You","2","Miru","2","1","970"
"2512","2","test","25","z","9","shape3.jpg","6","<none>","Timi","You","2","Miru","2","1","828"
"2512","2","test","26","z","7","shape1.jpg","6","<none>","Timi","You","2","Miru","2","1","1055"
"2512","2","test","27","z","9","shape3.jpg","6","<none>","Timi","You","2","Miru","2","1","719"
"2512","2","test","28","m","2","shape2.jpg","6","<none>","Timi","You","2","Miru","1","1","1069"
"2512","2","test","29","m","2","shape2.jpg","6","<none>","Timi","You","2","Miru","1","1","509"
"2512","2","test","30","z","4","shape1.jpg","6","<none>","Timi","You","2","Miru","2","1","749"
"2512","2","test","31","z","7","shape1.jpg","6","<none>","Timi","You","2","Miru","2","1","928"
"2512","2","test","32","z","4","shape1.jpg","6","<none>","Timi","You","2","Miru","2","1","1304"
"2512","2","test","33","z","7","shape1.jpg","6","<none>","Timi","You","2","Miru","2","1","885"
"2512","2","test","34","m","2","shape2.jpg","6","<none>","Timi","You","2","Miru","1","1","797"
"2512","2","test","35","m","2","shape2.jpg","6","<none>","Timi","You","2","Miru","1","1","585"
"2512","2","test","36","z","4","shape1.jpg","6","<none>","Timi","You","2","Miru","2","1","788"
"2512","2","test","37","z","9","shape3.jpg","6","<none>","Timi","You","2","Miru","2","1","864"
"2512","2","test","38","z","7","shape1.jpg","6","<none>","Timi","You","2","Miru","2","1","1305"
"2512","2","test","39","z","2","shape2.jpg","6","<none>","Timi","You","2","Miru","1","0","677"
"2512","2","test","40","z","7","shape1.jpg","6","<none>","Timi","You","2","Miru","2","1","655"
"2512","2","test","41","m","1","shape1.jpg","6","<none>","Timi","You","2","Miru","1","1","1016"
"2512","2","test","42","m","1","shape1.jpg","6","<none>","Timi","You","2","Miru","1","1","586"
"2512","2","test","43","z","9","shape3.jpg","6","<none>","Timi","You","2","Miru","2","1","1063"
"2512","2","test","44","x","7","shape1.jpg","6","<none>","Timi","You","2","Miru","2","0","1499"
"2512","2","test","45","m","3","shape3.jpg","6","<none>","Timi","You","2","Miru","1","1","1129"
"2512","2","test","46","z","8","shape2.jpg","6","<none>","Timi","You","2","Miru","2","1","992"
"2512","2","test","47","m","1","shape1.jpg","6","<none>","Timi","You","2","Miru","1","1","618"
"2512","2","test","48","z","5","shape2.jpg","6","<none>","Timi","You","2","Miru","2","1","845"
"2512","2","test","49","m","2","shape2.jpg","6","<none>","Timi","You","2","Miru","1","1","783"
"2512","2","test","50","m","3","shape3.jpg","6","<none>","Timi","You","2","Miru","1","1","1043"
"2512","2","test","51","m","8","shape2.jpg","6","<none>","Timi","You","2","Miru","2","0","524"
"2512","2","test","52","m","6","shape3.jpg","6","<none>","Timi","You","2","Miru","2","0","740"
"2512","2","test","53","z","5","shape2.jpg","6","<none>","Timi","You","2","Miru","2","1","720"
"2512","2","test","54","x","7","shape1.jpg","6","<none>","Timi","You","2","Miru","2","0","1498"
"2512","2","test","55","m","6","shape3.jpg","6","<none>","Timi","You","2","Miru","2","0","882"
"2512","2","test","56","m","3","shape3.jpg","6","<none>","Timi","You","2","Miru","1","1","586"
"2512","2","test","57","z","7","shape1.jpg","6","<none>","Timi","You","2","Miru","2","1","1415"
"2512","2","test","58","m","8","shape2.jpg","6","<none>","Timi","You","2","Miru","2","0","864"
"2512","2","test","59","m","3","shape3.jpg","6","<none>","Timi","You","2","Miru","1","1","745"
"2512","2","test","60","z","5","shape2.jpg","6","<none>","Timi","You","2","Miru","2","1","1471"
"2512","2","test","61","z","9","shape3.jpg","6","<none>","Timi","You","2","Miru","2","1","1261"
"2512","2","test","62","m","2","shape2.jpg","6","<none>","Timi","You","2","Miru","1","1","692"
"2512","2","test","63","z","8","shape2.jpg","6","<none>","Timi","You","2","Miru","2","1","828"
"2512","2","test","64","m","2","shape2.jpg","6","<none>","Timi","You","2","Miru","1","1","734"
"2512","2","test","65","m","3","shape3.jpg","6","<none>","Timi","You","2","Miru","1","1","660"
"2512","2","test","66","m","2","shape2.jpg","6","<none>","Timi","You","2","Miru","1","1","877"
"2512","2","test","67","z","8","shape2.jpg","6","<none>","Timi","You","2","Miru","2","1","981"
"2512","2","test","68","m","3","shape3.jpg","6","<none>","Timi","You","2","Miru","1","1","978"
"2512","2","test","69","m","2","shape2.jpg","6","<none>","Timi","You","2","Miru","1","1","821"
"2512","2","test","70","m","2","shape2.jpg","6","<none>","Timi","You","2","Miru","1","1","624"
"2512","2","test","71","m","1","shape1.jpg","6","<none>","Timi","You","2","Miru","1","1","722"
"2512","2","test","72","m","9","shape3.jpg","6","<none>","Timi","You","2","Miru","2","0","1170"
"2512","2","test","73","m","7","shape1.jpg","6","<none>","Timi","You","2","Miru","2","0","804"
"2512","2","test","74","m","1","shape1.jpg","6","<none>","Timi","You","2","Miru","1","1","854"
"2512","2","test","75","z","6","shape3.jpg","6","<none>","Timi","You","2","Miru","2","1","1239"
"2512","2","test","76","z","6","shape3.jpg","6","<none>","Timi","You","2","Miru","2","1","983"
"2512","2","test","77","m","5","shape2.jpg","6","<none>","Timi","You","2","Miru","2","0","908"
"2512","2","test","78","z","5","shape2.jpg","6","<none>","Timi","You","2","Miru","2","1","977"
"2512","2","test","79","z","6","shape3.jpg","6","<none>","Timi","You","2","Miru","2","1","853"
"2512","2","test","80","m","1","shape1.jpg","6","<none>","Timi","You","2","Miru","1","1","1454"
"2512","2","test","81","m","2","shape2.jpg","6","<none>","Timi","You","2","Miru","1","1","805"
"2512","2","test","82","m","3","shape3.jpg","6","<none>","Timi","You","2","Miru","1","1","608"
"2512","2","test","83","m","3","shape3.jpg","6","<none>","Timi","You","2","Miru","1","1","596"
"2512","2","test","84","z","8","shape2.jpg","6","<none>","Timi","You","2","Miru","2","1","632"
"2512","2","test","85","z","9","shape3.jpg","6","<none>","Timi","You","2","Miru","2","1","859"
"2512","2","test","86","m","3","shape3.jpg","6","<none>","Timi","You","2","Miru","1","1","523"
"2512","2","test","87","z","9","shape3.jpg","6","<none>","Timi","You","2","Miru","2","1","634"
"2512","2","test","88","z","8","shape2.jpg","6","<none>","Timi","You","2","Miru","2","1","693"
"2512","2","test","89","m","3","shape3.jpg","6","<none>","Timi","You","2","Miru","1","1","556"
"2512","2","test","90","z","8","shape2.jpg","6","<none>","Timi","You","2","Miru","2","1","642"
"2512","2","test","91","z","8","shape2.jpg","6","<none>","Timi","You","2","Miru","2","1","558"
"2512","2","test","92","z","4","shape1.jpg","6","<none>","Timi","You","2","Miru","2","1","714"
"2512","2","test","93","z","5","shape2.jpg","6","<none>","Timi","You","2","Miru","2","1","752"
"2512","2","test","94","z","6","shape3.jpg","6","<none>","Timi","You","2","Miru","2","1","1063"
"2512","2","test","95","x","6","shape3.jpg","6","<none>","Timi","You","2","Miru","2","0","1500"
"2512","2","test","96","z","8","shape2.jpg","6","<none>","Timi","You","2","Miru","2","1","683"
"2512","2","test","97","m","2","shape2.jpg","6","<none>","Timi","You","2","Miru","1","1","898"
"2512","2","test","98","z","7","shape1.jpg","6","<none>","Timi","You","2","Miru","2","1","650"
"2512","2","test","99","z","5","shape2.jpg","6","<none>","Timi","You","2","Miru","2","1","1204"
"2512","2","test","100","z","4","shape1.jpg","6","<none>","Timi","You","2","Miru","2","1","1196"
"2512","2","test","101","m","3","shape3.jpg","6","<none>","Timi","You","2","Miru","1","1","583"
"2512","2","test","102","m","3","shape3.jpg","6","<none>","Timi","You","2","Miru","1","1","531"
"2512","2","test","103","z","1","shape1.jpg","6","<none>","Timi","You","2","Miru","1","0","562"
"2512","2","test","104","z","4","shape1.jpg","6","<none>","Timi","You","2","Miru","2","1","777"
"2512","2","test","105","m","1","shape1.jpg","6","<none>","Timi","You","2","Miru","1","1","772"
"2512","2","test","106","z","5","shape2.jpg","6","<none>","Timi","You","2","Miru","2","1","689"
"2512","2","test","107","m","2","shape2.jpg","6","<none>","Timi","You","2","Miru","1","1","856"
"2512","2","test","108","m","2","shape2.jpg","6","<none>","Timi","You","2","Miru","1","1","1400"
"2512","2","test","109","z","5","shape2.jpg","6","<none>","Timi","You","2","Miru","2","1","844"
"2512","2","test","110","z","5","shape2.jpg","6","<none>","Timi","You","2","Miru","2","1","955"
"2512","2","test","111","m","2","shape2.jpg","6","<none>","Timi","You","2","Miru","1","1","648"
"2512","2","test","112","m","2","shape2.jpg","6","<none>","Timi","You","2","Miru","1","1","681"
"2512","2","test","113","z","9","shape3.jpg","6","<none>","Timi","You","2","Miru","2","1","802"
"2512","2","test","114","m","6","shape3.jpg","6","<none>","Timi","You","2","Miru","2","0","1197"
"2512","2","test","115","z","6","shape3.jpg","6","<none>","Timi","You","2","Miru","2","1","1134"
"2512","2","test","116","m","5","shape2.jpg","6","<none>","Timi","You","2","Miru","2","0","787"
"2512","2","test","117","z","6","shape3.jpg","6","<none>","Timi","You","2","Miru","2","1","847"
"2512","2","test","118","m","3","shape3.jpg","6","<none>","Timi","You","2","Miru","1","1","625"
"2512","2","test","119","m","3","shape3.jpg","6","<none>","Timi","You","2","Miru","1","1","476"
"2512","2","test","120","m","2","shape2.jpg","6","<none>","Timi","You","2","Miru","1","1","1246"
"2512","2","test","121","m","2","shape2.jpg","6","<none>","Timi","You","2","Miru","1","1","783"
"2512","2","test","122","m","1","shape1.jpg","6","<none>","Timi","You","2","Miru","1","1","770"
"2512","2","test","123","m","2","shape2.jpg","6","<none>","Timi","You","2","Miru","1","1","805"
"2512","2","test","124","z","4","shape1.jpg","6","<none>","Timi","You","2","Miru","2","1","722"
"2512","2","test","125","m","2","shape2.jpg","6","<none>","Timi","You","2","Miru","1","1","695"
"2512","2","test","126","m","2","shape2.jpg","6","<none>","Timi","You","2","Miru","1","1","552"
"2512","2","test","127","z","7","shape1.jpg","6","<none>","Timi","You","2","Miru","2","1","1093"
"2512","2","test","128","z","7","shape1.jpg","6","<none>","Timi","You","2","Miru","2","1","909"
"2512","2","test","129","m","1","shape1.jpg","6","<none>","Timi","You","2","Miru","1","1","610"
"2512","2","test","130","m","1","shape1.jpg","6","<none>","Timi","You","2","Miru","1","1","574"
"2512","2","test","131","m","2","shape2.jpg","6","<none>","Timi","You","2","Miru","1","1","714"
"2512","2","test","132","m","1","shape1.jpg","6","<none>","Timi","You","2","Miru","1","1","906"
"2512","2","test","133","m","3","shape3.jpg","6","<none>","Timi","You","2","Miru","1","1","968"
"2512","2","test","134","z","8","shape2.jpg","6","<none>","Timi","You","2","Miru","2","1","797"
"2512","2","test","135","z","3","shape3.jpg","6","<none>","Timi","You","2","Miru","1","0","1023"
"2512","2","test","136","z","4","shape1.jpg","6","<none>","Timi","You","2","Miru","2","1","681"
"2512","2","test","137","z","8","shape2.jpg","6","<none>","Timi","You","2","Miru","2","1","1099"
"2512","2","test","138","m","2","shape2.jpg","6","<none>","Timi","You","2","Miru","1","1","728"
"2512","2","test","139","m","6","shape3.jpg","6","<none>","Timi","You","2","Miru","2","0","600"
"2512","2","test","140","z","6","shape3.jpg","6","<none>","Timi","You","2","Miru","2","1","787"
"2512","2","test","141","m","4","shape1.jpg","6","<none>","Timi","You","2","Miru","2","0","695"
"2512","2","test","142","z","4","shape1.jpg","6","<none>","Timi","You","2","Miru","2","1","558"
"2512","2","test","143","m","1","shape1.jpg","6","<none>","Timi","You","2","Miru","1","1","715"
"2512","2","test","144","m","2","shape2.jpg","6","<none>","Timi","You","2","Miru","1","1","849"
"2512","2","test","145","m","1","shape1.jpg","6","<none>","Timi","You","2","Miru","1","1","994"
"2512","2","test","146","x","8","shape2.jpg","6","<none>","Timi","You","2","Miru","2","0","1500"
"2512","2","test","147","m","1","shape1.jpg","6","<none>","Timi","You","2","Miru","1","1","1122"
"2512","2","test","148","m","3","shape3.jpg","6","<none>","Timi","You","2","Miru","1","1","631"
"2512","2","test","149","m","3","shape3.jpg","6","<none>","Timi","You","2","Miru","1","1","480"
"2512","2","test","150","z","5","shape2.jpg","6","<none>","Timi","You","2","Miru","2","1","864"
"2512","2","test","151","m","2","shape2.jpg","6","<none>","Timi","You","2","Miru","1","1","706"
"2512","2","test","152","m","3","shape3.jpg","6","<none>","Timi","You","2","Miru","1","1","600"
"2512","2","test","153","z","5","shape2.jpg","6","<none>","Timi","You","2","Miru","2","1","1061"
"2512","2","test","154","z","1","shape1.jpg","6","<none>","Timi","You","2","Miru","1","0","637"
"2512","2","test","155","z","7","shape1.jpg","6","<none>","Timi","You","2","Miru","2","1","766"
"2512","2","test","156","z","9","shape3.jpg","6","<none>","Timi","You","2","Miru","2","1","892"
"2512","2","test","157","z","5","shape2.jpg","6","<none>","Timi","You","2","Miru","2","1","643"
"2512","2","test","158","z","4","shape1.jpg","6","<none>","Timi","You","2","Miru","2","1","894"
"2512","2","test","159","m","1","shape1.jpg","6","<none>","Timi","You","2","Miru","1","1","1379"
"2512","2","test","160","m","3","shape3.jpg","6","<none>","Timi","You","2","Miru","1","1","719"
"2512","2","test","161","z","8","shape2.jpg","6","<none>","Timi","You","2","Miru","2","1","725"
"2512","2","test","162","m","1","shape1.jpg","6","<none>","Timi","You","2","Miru","1","1","748"
"2512","2","test","163","m","1","shape1.jpg","6","<none>","Timi","You","2","Miru","1","1","729"
"2512","2","test","164","m","1","shape1.jpg","6","<none>","Timi","You","2","Miru","1","1","576"
"2512","2","test","165","z","7","shape1.jpg","6","<none>","Timi","You","2","Miru","2","1","1309"
"2512","2","test","166","m","1","shape1.jpg","6","<none>","Timi","You","2","Miru","1","1","819"
"2512","2","test","167","m","1","shape1.jpg","6","<none>","Timi","You","2","Miru","1","1","980"
"2512","2","test","168","z","5","shape2.jpg","6","<none>","Timi","You","2","Miru","2","1","1023"
"2512","2","test","169","m","4","shape1.jpg","6","<none>","Timi","You","2","Miru","2","0","642"
"2512","2","test","170","z","9","shape3.jpg","6","<none>","Timi","You","2","Miru","2","1","933"
"2512","2","test","171","m","3","shape3.jpg","6","<none>","Timi","You","2","Miru","1","1","714"
"2512","2","test","172","m","1","shape1.jpg","6","<none>","Timi","You","2","Miru","1","1","711"
"2512","2","test","173","m","1","shape1.jpg","6","<none>","Timi","You","2","Miru","1","1","527"
"2512","2","test","174","m","2","shape2.jpg","6","<none>","Timi","You","2","Miru","1","1","742"
"2512","2","test","175","z","7","shape1.jpg","6","<none>","Timi","You","2","Miru","2","1","685"
"2512","2","test","176","z","8","shape2.jpg","6","<none>","Timi","You","2","Miru","2","1","1156"
"2512","2","test","177","m","2","shape2.jpg","6","<none>","Timi","You","2","Miru","1","1","831"
"2512","2","test","178","m","1","shape1.jpg","6","<none>","Timi","You","2","Miru","1","1","593"
"2512","2","test","179","m","3","shape3.jpg","6","<none>","Timi","You","2","Miru","1","1","926"
"2512","2","test","180","m","1","shape1.jpg","6","<none>","Timi","You","2","Miru","1","1","596"
"2512","2","test","181","z","9","shape3.jpg","6","<none>","Timi","You","2","Miru","2","1","881"
"2512","2","test","182","z","5","shape2.jpg","6","<none>","Timi","You","2","Miru","2","1","784"
"2512","2","test","183","z","4","shape1.jpg","6","<none>","Timi","You","2","Miru","2","1","772"
"2512","2","test","184","m","3","shape3.jpg","6","<none>","Timi","You","2","Miru","1","1","440"
"2512","2","test","185","z","4","shape1.jpg","6","<none>","Timi","You","2","Miru","2","1","730"
"2512","2","test","186","z","7","shape1.jpg","6","<none>","Timi","You","2","Miru","2","1","1249"
"2512","2","test","187","z","8","shape2.jpg","6","<none>","Timi","You","2","Miru","2","1","825"
"2512","2","test","188","m","6","shape3.jpg","6","<none>","Timi","You","2","Miru","2","0","588"
"2512","2","test","189","z","4","shape1.jpg","6","<none>","Timi","You","2","Miru","2","1","800"
"2512","2","test","190","m","2","shape2.jpg","6","<none>","Timi","You","2","Miru","1","1","1036"
"2512","2","test","191","m","1","shape1.jpg","6","<none>","Timi","You","2","Miru","1","1","708"
"2512","2","test","192","z","6","shape3.jpg","6","<none>","Timi","You","2","Miru","2","1","907"
"2512","2","test","193","z","5","shape2.jpg","6","<none>","Timi","You","2","Miru","2","1","1107"
"2512","2","test","194","m","1","shape1.jpg","6","<none>","Timi","You","2","Miru","1","1","576"
"2512","2","test","195","z","7","shape1.jpg","6","<none>","Timi","You","2","Miru","2","1","749"
"2512","2","test","196","m","5","shape2.jpg","6","<none>","Timi","You","2","Miru","2","0","538"
"2512","2","test","197","m","2","shape2.jpg","6","<none>","Timi","You","2","Miru","1","1","674"
"2512","2","test","198","z","5","shape2.jpg","6","<none>","Timi","You","2","Miru","2","1","691"
"2512","2","test","199","m","2","shape2.jpg","6","<none>","Timi","You","2","Miru","1","1","362"
"2512","2","test","200","z","6","shape3.jpg","6","<none>","Timi","You","2","Miru","2","1","848"
"2512","2","test","201","m","1","shape1.jpg","6","<none>","Timi","You","2","Miru","1","1","746"
"2512","2","test","202","m","1","shape1.jpg","6","<none>","Timi","You","2","Miru","1","1","879"
"2512","2","test","203","m","3","shape3.jpg","6","<none>","Timi","You","2","Miru","1","1","543"
"2512","2","test","204","m","3","shape3.jpg","6","<none>","Timi","You","2","Miru","1","1","590"
"2512","2","test","205","m","1","shape1.jpg","6","<none>","Timi","You","2","Miru","1","1","755"
"2512","2","test","206","z","2","shape2.jpg","6","<none>","Timi","You","2","Miru","1","0","807"
"2512","2","test","207","z","8","shape2.jpg","6","<none>","Timi","You","2","Miru","2","1","1090"
"2512","2","test","208","m","1","shape1.jpg","6","<none>","Timi","You","2","Miru","1","1","825"
"2512","2","test","209","z","8","shape2.jpg","6","<none>","Timi","You","2","Miru","2","1","1435"
"2512","2","test","210","m","3","shape3.jpg","6","<none>","Timi","You","2","Miru","1","1","594"
"2512","2","test","211","m","1","shape1.jpg","6","<none>","Timi","You","2","Miru","1","1","632"
"2512","2","test","212","z","9","shape3.jpg","6","<none>","Timi","You","2","Miru","2","1","722"
"2512","2","test","213","m","2","shape2.jpg","6","<none>","Timi","You","2","Miru","1","1","623"
"2512","2","test","214","z","9","shape3.jpg","6","<none>","Timi","You","2","Miru","2","1","954"
"2512","2","test","215","m","1","shape1.jpg","6","<none>","Timi","You","2","Miru","1","1","967"
"2512","2","test","216","z","8","shape2.jpg","6","<none>","Timi","You","2","Miru","2","1","1139"
"2512","2","test","217","m","1","shape1.jpg","6","<none>","Timi","You","2","Miru","1","1","1000"
"2512","2","test","218","m","2","shape2.jpg","6","<none>","Timi","You","2","Miru","1","1","530"
"2512","2","test","219","z","6","shape3.jpg","6","<none>","Timi","You","2","Miru","2","1","752"
"2512","2","test","220","m","4","shape1.jpg","6","<none>","Timi","You","2","Miru","2","0","559"
"2512","2","test","221","z","5","shape2.jpg","6","<none>","Timi","You","2","Miru","2","1","1019"
"2512","2","test","222","m","2","shape2.jpg","6","<none>","Timi","You","2","Miru","1","1","598"
"2512","2","test","223","m","1","shape1.jpg","6","<none>","Timi","You","2","Miru","1","1","729"
"2512","2","test","224","m","3","shape3.jpg","6","<none>","Timi","You","2","Miru","1","1","672"
"2512","2","test","225","z","9","shape3.jpg","6","<none>","Timi","You","2","Miru","2","1","687"
"2512","2","test","226","z","9","shape3.jpg","6","<none>","Timi","You","2","Miru","2","1","848"
"2512","2","test","227","z","9","shape3.jpg","6","<none>","Timi","You","2","Miru","2","1","577"
"2512","2","test","228","z","7","shape1.jpg","6","<none>","Timi","You","2","Miru","2","1","726"
"2512","2","test","229","m","3","shape3.jpg","6","<none>","Timi","You","2","Miru","1","1","501"
"2512","2","test","230","z","8","shape2.jpg","6","<none>","Timi","You","2","Miru","2","1","620"
"2512","2","test","231","m","3","shape3.jpg","6","<none>","Timi","You","2","Miru","1","1","630"
"2512","2","test","232","m","2","shape2.jpg","6","<none>","Timi","You","2","Miru","1","1","944"
"2512","2","test","233","m","3","shape3.jpg","6","<none>","Timi","You","2","Miru","1","1","559"
"2512","2","test","234","m","4","shape1.jpg","6","<none>","Timi","You","2","Miru","2","0","556"
"2512","2","test","235","m","8","shape2.jpg","6","<none>","Timi","You","2","Miru","2","0","706"
"2512","2","test","236","m","3","shape3.jpg","6","<none>","Timi","You","2","Miru","1","1","553"
"2512","2","test","237","z","6","shape3.jpg","6","<none>","Timi","You","2","Miru","2","1","1118"
"2512","2","test","238","m","2","shape2.jpg","6","<none>","Timi","You","2","Miru","1","1","828"
"2512","2","test","239","z","6","shape3.jpg","6","<none>","Timi","You","2","Miru","2","1","832"
"2512","2","test","240","m","2","shape2.jpg","6","<none>","Timi","You","2","Miru","1","1","1088"
"2512","2","test","241","z","4","shape1.jpg","6","<none>","Timi","You","2","Miru","2","1","777"
"2512","2","test","242","m","3","shape3.jpg","6","<none>","Timi","You","2","Miru","1","1","510"
"2512","2","test","243","m","1","shape1.jpg","6","<none>","Timi","You","2","Miru","1","1","717"
"2512","2","test","244","m","3","shape3.jpg","6","<none>","Timi","You","2","Miru","1","1","515"
"2512","2","test","245","m","1","shape1.jpg","6","<none>","Timi","You","2","Miru","1","1","812"
"2512","2","test","246","z","7","shape1.jpg","6","<none>","Timi","You","2","Miru","2","1","613"
"2512","2","test","247","z","9","shape3.jpg","6","<none>","Timi","You","2","Miru","2","1","1034"
"2512","2","test","248","z","4","shape1.jpg","6","<none>","Timi","You","2","Miru","2","1","827"
"2512","2","test","249","z","7","shape1.jpg","6","<none>","Timi","You","2","Miru","2","1","645"
"2512","2","test","250","m","3","shape3.jpg","6","<none>","Timi","You","2","Miru","1","1","640"
"2512","2","test","251","z","4","shape1.jpg","6","<none>","Timi","You","2","Miru","2","1","697"
"2512","2","test","252","m","3","shape3.jpg","6","<none>","Timi","You","2","Miru","1","1","617"
"2512","2","test","253","m","1","shape1.jpg","6","<none>","Timi","You","2","Miru","1","1","740"
"2512","2","test","254","z","7","shape1.jpg","6","<none>","Timi","You","2","Miru","2","1","617"
"2512","2","test","255","z","5","shape2.jpg","6","<none>","Timi","You","2","Miru","2","1","883"
"2512","2","test","256","m","2","shape2.jpg","6","<none>","Timi","You","2","Miru","1","1","1322"
"2512","2","test","257","z","8","shape2.jpg","6","<none>","Timi","You","2","Miru","2","1","783"
"2512","2","test","258","m","1","shape1.jpg","6","<none>","Timi","You","2","Miru","1","1","684"
"2512","2","test","259","z","4","shape1.jpg","6","<none>","Timi","You","2","Miru","2","1","731"
"2512","2","test","260","m","3","shape3.jpg","6","<none>","Timi","You","2","Miru","1","1","745"
"2512","2","test","261","m","3","shape3.jpg","6","<none>","Timi","You","2","Miru","1","1","569"
"2512","2","test","262","m","2","shape2.jpg","6","<none>","Timi","You","2","Miru","1","1","773"
"2512","2","test","263","z","9","shape3.jpg","6","<none>","Timi","You","2","Miru","2","1","866"
"2512","2","test","264","z","6","shape3.jpg","6","<none>","Timi","You","2","Miru","2","1","807"
"2512","2","test","265","m","2","shape2.jpg","6","<none>","Timi","You","2","Miru","1","1","843"
"2512","2","test","266","z","5","shape2.jpg","6","<none>","Timi","You","2","Miru","2","1","853"
"2512","2","test","267","z","9","shape3.jpg","6","<none>","Timi","You","2","Miru","2","1","782"
"2512","2","test","268","z","8","shape2.jpg","6","<none>","Timi","You","2","Miru","2","1","875"
"2512","2","test","269","m","3","shape3.jpg","6","<none>","Timi","You","2","Miru","1","1","675"
"2512","2","test","270","m","1","shape1.jpg","6","<none>","Timi","You","2","Miru","1","1","891"
"2512","2","test","271","m","1","shape1.jpg","6","<none>","Timi","You","2","Miru","1","1","578"
"2512","2","test","272","m","1","shape1.jpg","6","<none>","Timi","You","2","Miru","1","1","495"
"2512","2","test","273","m","5","shape2.jpg","6","<none>","Timi","You","2","Miru","2","0","464"
"2512","2","test","274","m","3","shape3.jpg","6","<none>","Timi","You","2","Miru","1","1","545"
"2512","2","test","275","m","3","shape3.jpg","6","<none>","Timi","You","2","Miru","1","1","584"
"2512","2","test","276","m","2","shape2.jpg","6","<none>","Timi","You","2","Miru","1","1","651"
"2512","2","test","277","m","3","shape3.jpg","6","<none>","Timi","You","2","Miru","1","1","605"
"2512","2","test","278","m","2","shape2.jpg","6","<none>","Timi","You","2","Miru","1","1","545"
"2512","2","test","279","z","7","shape1.jpg","6","<none>","Timi","You","2","Miru","2","1","703"
"2512","2","test","280","m","6","shape3.jpg","6","<none>","Timi","You","2","Miru","2","0","671"
"2512","2","test","281","m","3","shape3.jpg","6","<none>","Timi","You","2","Miru","1","1","591"
"2512","2","test","282","z","8","shape2.jpg","6","<none>","Timi","You","2","Miru","2","1","684"
"2512","2","test","283","z","5","shape2.jpg","6","<none>","Timi","You","2","Miru","2","1","708"
"2512","2","test","284","m","3","shape3.jpg","6","<none>","Timi","You","2","Miru","1","1","579"
"2512","2","test","285","m","1","shape1.jpg","6","<none>","Timi","You","2","Miru","1","1","767"
"2512","2","test","286","m","1","shape1.jpg","6","<none>","Timi","You","2","Miru","1","1","484"
"2512","2","test","287","m","1","shape1.jpg","6","<none>","Timi","You","2","Miru","1","1","428"
"2512","2","test","288","m","1","shape1.jpg","6","<none>","Timi","You","2","Miru","1","1","488"
"2512","2","test","289","z","7","shape1.jpg","6","<none>","Timi","You","2","Miru","2","1","642"
"2512","2","test","290","z","4","shape1.jpg","6","<none>","Timi","You","2","Miru","2","1","963"
"2512","2","test","291","m","3","shape3.jpg","6","<none>","Timi","You","2","Miru","1","1","511"
"2512","2","test","292","z","9","shape3.jpg","6","<none>","Timi","You","2","Miru","2","1","589"
"2512","2","test","293","z","6","shape3.jpg","6","<none>","Timi","You","2","Miru","2","1","771"
"2512","2","test","294","m","2","shape2.jpg","6","<none>","Timi","You","2","Miru","1","1","879"
"2512","2","test","295","m","1","shape1.jpg","6","<none>","Timi","You","2","Miru","1","1","528"
"2512","2","test","296","m","2","shape2.jpg","6","<none>","Timi","You","2","Miru","1","1","598"
"2512","2","test","297","m","2","shape2.jpg","6","<none>","Timi","You","2","Miru","1","1","778"
"2512","2","test","298","m","1","shape1.jpg","6","<none>","Timi","You","2","Miru","1","1","848"
"2512","2","test","299","m","2","shape2.jpg","6","<none>","Timi","You","2","Miru","1","1","511"
"2512","2","test","300","m","1","shape1.jpg","6","<none>","Timi","You","2","Miru","1","1","657"
"2512","2","test","301","m","3","shape3.jpg","6","<none>","Timi","You","2","Miru","1","1","664"
"2512","2","test","302","m","1","shape1.jpg","6","<none>","Timi","You","2","Miru","1","1","730"
"2512","2","test","303","z","4","shape1.jpg","6","<none>","Timi","You","2","Miru","2","1","1065"
"2512","2","test","304","z","4","shape1.jpg","6","<none>","Timi","You","2","Miru","2","1","577"
"2512","2","test","305","z","8","shape2.jpg","6","<none>","Timi","You","2","Miru","2","1","821"
"2512","2","test","306","m","9","shape3.jpg","6","<none>","Timi","You","2","Miru","2","0","711"
"2512","2","test","307","m","3","shape3.jpg","6","<none>","Timi","You","2","Miru","1","1","694"
"2512","2","test","308","z","4","shape1.jpg","6","<none>","Timi","You","2","Miru","2","1","694"
"2512","2","test","309","z","8","shape2.jpg","6","<none>","Timi","You","2","Miru","2","1","975"
"2512","2","test","310","m","3","shape3.jpg","6","<none>","Timi","You","2","Miru","1","1","1314"
"2512","2","test","311","z","5","shape2.jpg","6","<none>","Timi","You","2","Miru","2","1","975"
"2512","2","test","312","x","7","shape1.jpg","6","<none>","Timi","You","2","Miru","2","0","1500"
"2512","2","test","313","m","6","shape3.jpg","6","<none>","Timi","You","2","Miru","2","0","1136"
"2512","2","test","314","m","3","shape3.jpg","6","<none>","Timi","You","2","Miru","1","1","499"
"2512","2","test","315","m","1","shape1.jpg","6","<none>","Timi","You","2","Miru","1","1","804"
"2512","2","test","316","z","4","shape1.jpg","6","<none>","Timi","You","2","Miru","2","1","662"
"2512","2","test","317","m","3","shape3.jpg","6","<none>","Timi","You","2","Miru","1","1","1193"
"2512","2","test","318","m","1","shape1.jpg","6","<none>","Timi","You","2","Miru","1","1","955"
"2512","2","test","319","m","1","shape1.jpg","6","<none>","Timi","You","2","Miru","1","1","527"
"2512","2","test","320","x","8","shape2.jpg","6","<none>","Timi","You","2","Miru","2","0","1499"
"2512","2","test","321","m","3","shape3.jpg","6","<none>","Timi","You","2","Miru","1","1","538"
"2512","2","test","322","z","6","shape3.jpg","6","<none>","Timi","You","2","Miru","2","1","1184"
"2512","2","test","323","m","8","shape2.jpg","6","<none>","Timi","You","2","Miru","2","0","563"
"2512","2","test","324","z","7","shape1.jpg","6","<none>","Timi","You","2","Miru","2","1","872"
"2512","2","test","325","z","6","shape3.jpg","6","<none>","Timi","You","2","Miru","2","1","976"
"2512","2","test","326","m","2","shape2.jpg","6","<none>","Timi","You","2","Miru","1","1","492"
"2512","2","test","327","z","6","shape3.jpg","6","<none>","Timi","You","2","Miru","2","1","749"
"2512","2","test","328","z","5","shape2.jpg","6","<none>","Timi","You","2","Miru","2","1","891"
"2512","2","test","329","m","3","shape3.jpg","6","<none>","Timi","You","2","Miru","1","1","656"
"2512","2","test","330","m","1","shape1.jpg","6","<none>","Timi","You","2","Miru","1","1","683"
"2512","2","test","331","z","7","shape1.jpg","6","<none>","Timi","You","2","Miru","2","1","1236"
"2512","2","test","332","m","1","shape1.jpg","6","<none>","Timi","You","2","Miru","1","1","794"
"2512","2","test","333","z","7","shape1.jpg","6","<none>","Timi","You","2","Miru","2","1","903"
"2512","2","test","334","z","4","shape1.jpg","6","<none>","Timi","You","2","Miru","2","1","1086"
"2512","2","test","335","z","9","shape3.jpg","6","<none>","Timi","You","2","Miru","2","1","1077"
"2512","2","test","336","z","6","shape3.jpg","6","<none>","Timi","You","2","Miru","2","1","781"
"2512","2","test","337","m","3","shape3.jpg","6","<none>","Timi","You","2","Miru","1","1","481"
"2512","2","test","338","m","2","shape2.jpg","6","<none>","Timi","You","2","Miru","1","1","728"
"2512","2","test","339","m","3","shape3.jpg","6","<none>","Timi","You","2","Miru","1","1","688"
"2512","2","test","340","m","3","shape3.jpg","6","<none>","Timi","You","2","Miru","1","1","592"
"2512","2","test","341","z","7","shape1.jpg","6","<none>","Timi","You","2","Miru","2","1","835"
"2512","2","test","342","z","5","shape2.jpg","6","<none>","Timi","You","2","Miru","2","1","765"
"2512","2","test","343","z","4","shape1.jpg","6","<none>","Timi","You","2","Miru","2","1","937"
"2512","2","test","344","z","9","shape3.jpg","6","<none>","Timi","You","2","Miru","2","1","760"
"2512","2","test","345","z","4","shape1.jpg","6","<none>","Timi","You","2","Miru","2","1","715"
"2512","2","test","346","z","7","shape1.jpg","6","<none>","Timi","You","2","Miru","2","1","666"
"2512","2","test","347","z","6","shape3.jpg","6","<none>","Timi","You","2","Miru","2","1","667"
"2512","2","test","348","m","3","shape3.jpg","6","<none>","Timi","You","2","Miru","1","1","707"
"2512","2","test","349","z","2","shape2.jpg","6","<none>","Timi","You","2","Miru","1","0","699"
"2512","2","test","350","z","7","shape1.jpg","6","<none>","Timi","You","2","Miru","2","1","810"
"2512","2","test","351","m","3","shape3.jpg","6","<none>","Timi","You","2","Miru","1","1","660"
"2512","2","test","352","m","2","shape2.jpg","6","<none>","Timi","You","2","Miru","1","1","870"
"2512","2","test","353","m","2","shape2.jpg","6","<none>","Timi","You","2","Miru","1","1","518"
"2512","2","test","354","m","2","shape2.jpg","6","<none>","Timi","You","2","Miru","1","1","358"
"2512","2","test","355","m","3","shape3.jpg","6","<none>","Timi","You","2","Miru","1","1","571"
"2512","2","test","356","z","4","shape1.jpg","6","<none>","Timi","You","2","Miru","2","1","673"
"2512","2","test","357","m","2","shape2.jpg","6","<none>","Timi","You","2","Miru","1","1","977"
"2512","2","test","358","m","2","shape2.jpg","6","<none>","Timi","You","2","Miru","1","1","501"
"2512","2","test","359","m","3","shape3.jpg","6","<none>","Timi","You","2","Miru","1","1","839"
"2512","2","test","360","z","9","shape3.jpg","6","<none>","Timi","You","2","Miru","2","1","655"
"2513","1","test","1","x","8","shape2.jpg","1","You","Adri","<none>","3","Miru","2","0","1499"
"2513","1","test","2","z","3","shape3.jpg","1","You","Adri","<none>","3","Miru","1","1","1171"
"2513","1","test","3","m","5","shape2.jpg","1","You","Adri","<none>","3","Miru","2","1","902"
"2513","1","test","4","z","3","shape3.jpg","1","You","Adri","<none>","3","Miru","1","1","1283"
"2513","1","test","5","m","8","shape2.jpg","1","You","Adri","<none>","3","Miru","2","1","1178"
"2513","1","test","6","m","7","shape1.jpg","1","You","Adri","<none>","3","Miru","2","1","1262"
"2513","1","test","7","z","2","shape2.jpg","1","You","Adri","<none>","3","Miru","1","1","797"
"2513","1","test","8","z","3","shape3.jpg","1","You","Adri","<none>","3","Miru","1","1","1041"
"2513","1","test","9","z","1","shape1.jpg","1","You","Adri","<none>","3","Miru","1","1","498"
"2513","1","test","10","m","5","shape2.jpg","1","You","Adri","<none>","3","Miru","2","1","857"
"2513","1","test","11","z","2","shape2.jpg","1","You","Adri","<none>","3","Miru","1","1","987"
"2513","1","test","12","m","2","shape2.jpg","1","You","Adri","<none>","3","Miru","1","0","782"
"2513","1","test","13","z","1","shape1.jpg","1","You","Adri","<none>","3","Miru","1","1","688"
"2513","1","test","14","z","2","shape2.jpg","1","You","Adri","<none>","3","Miru","1","1","593"
"2513","1","test","15","m","5","shape2.jpg","1","You","Adri","<none>","3","Miru","2","1","1062"
"2513","1","test","16","z","8","shape2.jpg","1","You","Adri","<none>","3","Miru","2","0","1221"
"2513","1","test","17","z","2","shape2.jpg","1","You","Adri","<none>","3","Miru","1","1","975"
"2513","1","test","18","z","1","shape1.jpg","1","You","Adri","<none>","3","Miru","1","1","619"
"2513","1","test","19","z","2","shape2.jpg","1","You","Adri","<none>","3","Miru","1","1","484"
"2513","1","test","20","m","7","shape1.jpg","1","You","Adri","<none>","3","Miru","2","1","918"
"2513","1","test","21","z","3","shape3.jpg","1","You","Adri","<none>","3","Miru","1","1","699"
"2513","1","test","22","z","3","shape3.jpg","1","You","Adri","<none>","3","Miru","1","1","819"
"2513","1","test","23","z","2","shape2.jpg","1","You","Adri","<none>","3","Miru","1","1","669"
"2513","1","test","24","z","2","shape2.jpg","1","You","Adri","<none>","3","Miru","1","1","606"
"2513","1","test","25","z","1","shape1.jpg","1","You","Adri","<none>","3","Miru","1","1","634"
"2513","1","test","26","m","5","shape2.jpg","1","You","Adri","<none>","3","Miru","2","1","1084"
"2513","1","test","27","z","2","shape2.jpg","1","You","Adri","<none>","3","Miru","1","1","706"
"2513","1","test","28","m","4","shape1.jpg","1","You","Adri","<none>","3","Miru","2","1","1009"
"2513","1","test","29","z","1","shape1.jpg","1","You","Adri","<none>","3","Miru","1","1","621"
"2513","1","test","30","m","9","shape3.jpg","1","You","Adri","<none>","3","Miru","2","1","999"
"2513","1","test","31","m","9","shape3.jpg","1","You","Adri","<none>","3","Miru","2","1","770"
"2513","1","test","32","m","6","shape3.jpg","1","You","Adri","<none>","3","Miru","2","1","694"
"2513","1","test","33","m","6","shape3.jpg","1","You","Adri","<none>","3","Miru","2","1","799"
"2513","1","test","34","m","9","shape3.jpg","1","You","Adri","<none>","3","Miru","2","1","1321"
"2513","1","test","35","z","1","shape1.jpg","1","You","Adri","<none>","3","Miru","1","1","637"
"2513","1","test","36","z","2","shape2.jpg","1","You","Adri","<none>","3","Miru","1","1","656"
"2513","1","test","37","m","7","shape1.jpg","1","You","Adri","<none>","3","Miru","2","1","761"
"2513","1","test","38","z","1","shape1.jpg","1","You","Adri","<none>","3","Miru","1","1","550"
"2513","1","test","39","m","9","shape3.jpg","1","You","Adri","<none>","3","Miru","2","1","860"
"2513","1","test","40","z","2","shape2.jpg","1","You","Adri","<none>","3","Miru","1","1","708"
"2513","1","test","41","z","3","shape3.jpg","1","You","Adri","<none>","3","Miru","1","1","980"
"2513","1","test","42","z","1","shape1.jpg","1","You","Adri","<none>","3","Miru","1","1","560"
"2513","1","test","43","z","1","shape1.jpg","1","You","Adri","<none>","3","Miru","1","1","685"
"2513","1","test","44","m","6","shape3.jpg","1","You","Adri","<none>","3","Miru","2","1","1060"
"2513","1","test","45","m","6","shape3.jpg","1","You","Adri","<none>","3","Miru","2","1","862"
"2513","1","test","46","z","1","shape1.jpg","1","You","Adri","<none>","3","Miru","1","1","598"
"2513","1","test","47","z","1","shape1.jpg","1","You","Adri","<none>","3","Miru","1","1","731"
"2513","1","test","48","m","9","shape3.jpg","1","You","Adri","<none>","3","Miru","2","1","785"
"2513","1","test","49","m","5","shape2.jpg","1","You","Adri","<none>","3","Miru","2","1","788"
"2513","1","test","50","z","3","shape3.jpg","1","You","Adri","<none>","3","Miru","1","1","841"
"2513","1","test","51","z","3","shape3.jpg","1","You","Adri","<none>","3","Miru","1","1","754"
"2513","1","test","52","m","7","shape1.jpg","1","You","Adri","<none>","3","Miru","2","1","694"
"2513","1","test","53","z","3","shape3.jpg","1","You","Adri","<none>","3","Miru","1","1","742"
"2513","1","test","54","m","6","shape3.jpg","1","You","Adri","<none>","3","Miru","2","1","684"
"2513","1","test","55","m","5","shape2.jpg","1","You","Adri","<none>","3","Miru","2","1","860"
"2513","1","test","56","m","5","shape2.jpg","1","You","Adri","<none>","3","Miru","2","1","860"
"2513","1","test","57","z","2","shape2.jpg","1","You","Adri","<none>","3","Miru","1","1","542"
"2513","1","test","58","m","6","shape3.jpg","1","You","Adri","<none>","3","Miru","2","1","621"
"2513","1","test","59","m","4","shape1.jpg","1","You","Adri","<none>","3","Miru","2","1","895"
"2513","1","test","60","z","3","shape3.jpg","1","You","Adri","<none>","3","Miru","1","1","647"
"2513","1","test","61","z","3","shape3.jpg","1","You","Adri","<none>","3","Miru","1","1","673"
"2513","1","test","62","m","9","shape3.jpg","1","You","Adri","<none>","3","Miru","2","1","739"
"2513","1","test","63","z","3","shape3.jpg","1","You","Adri","<none>","3","Miru","1","1","894"
"2513","1","test","64","m","8","shape2.jpg","1","You","Adri","<none>","3","Miru","2","1","664"
"2513","1","test","65","m","7","shape1.jpg","1","You","Adri","<none>","3","Miru","2","1","913"
"2513","1","test","66","z","1","shape1.jpg","1","You","Adri","<none>","3","Miru","1","1","727"
"2513","1","test","67","z","3","shape3.jpg","1","You","Adri","<none>","3","Miru","1","1","814"
"2513","1","test","68","z","3","shape3.jpg","1","You","Adri","<none>","3","Miru","1","1","792"
"2513","1","test","69","m","9","shape3.jpg","1","You","Adri","<none>","3","Miru","2","1","908"
"2513","1","test","70","z","3","shape3.jpg","1","You","Adri","<none>","3","Miru","1","1","706"
"2513","1","test","71","m","9","shape3.jpg","1","You","Adri","<none>","3","Miru","2","1","1026"
"2513","1","test","72","m","8","shape2.jpg","1","You","Adri","<none>","3","Miru","2","1","1013"
"2513","1","test","73","z","1","shape1.jpg","1","You","Adri","<none>","3","Miru","1","1","670"
"2513","1","test","74","z","9","shape3.jpg","1","You","Adri","<none>","3","Miru","2","0","685"
"2513","1","test","75","m","8","shape2.jpg","1","You","Adri","<none>","3","Miru","2","1","951"
"2513","1","test","76","z","1","shape1.jpg","1","You","Adri","<none>","3","Miru","1","1","820"
"2513","1","test","77","z","1","shape1.jpg","1","You","Adri","<none>","3","Miru","1","1","636"
"2513","1","test","78","z","2","shape2.jpg","1","You","Adri","<none>","3","Miru","1","1","625"
"2513","1","test","79","z","3","shape3.jpg","1","You","Adri","<none>","3","Miru","1","1","643"
"2513","1","test","80","z","3","shape3.jpg","1","You","Adri","<none>","3","Miru","1","1","837"
"2513","1","test","81","m","5","shape2.jpg","1","You","Adri","<none>","3","Miru","2","1","1119"
"2513","1","test","82","m","6","shape3.jpg","1","You","Adri","<none>","3","Miru","2","1","771"
"2513","1","test","83","z","3","shape3.jpg","1","You","Adri","<none>","3","Miru","1","1","695"
"2513","1","test","84","z","1","shape1.jpg","1","You","Adri","<none>","3","Miru","1","1","641"
"2513","1","test","85","m","7","shape1.jpg","1","You","Adri","<none>","3","Miru","2","1","714"
"2513","1","test","86","z","2","shape2.jpg","1","You","Adri","<none>","3","Miru","1","1","680"
"2513","1","test","87","z","3","shape3.jpg","1","You","Adri","<none>","3","Miru","1","1","658"
"2513","1","test","88","m","7","shape1.jpg","1","You","Adri","<none>","3","Miru","2","1","619"
"2513","1","test","89","m","9","shape3.jpg","1","You","Adri","<none>","3","Miru","2","1","902"
"2513","1","test","90","m","6","shape3.jpg","1","You","Adri","<none>","3","Miru","2","1","581"
"2513","1","test","91","z","3","shape3.jpg","1","You","Adri","<none>","3","Miru","1","1","641"
"2513","1","test","92","z","1","shape1.jpg","1","You","Adri","<none>","3","Miru","1","1","890"
"2513","1","test","93","z","1","shape1.jpg","1","You","Adri","<none>","3","Miru","1","1","748"
"2513","1","test","94","m","4","shape1.jpg","1","You","Adri","<none>","3","Miru","2","1","744"
"2513","1","test","95","m","8","shape2.jpg","1","You","Adri","<none>","3","Miru","2","1","894"
"2513","1","test","96","m","5","shape2.jpg","1","You","Adri","<none>","3","Miru","2","1","831"
"2513","1","test","97","z","2","shape2.jpg","1","You","Adri","<none>","3","Miru","1","1","608"
"2513","1","test","98","m","5","shape2.jpg","1","You","Adri","<none>","3","Miru","2","1","667"
"2513","1","test","99","z","1","shape1.jpg","1","You","Adri","<none>","3","Miru","1","1","685"
"2513","1","test","100","m","4","shape1.jpg","1","You","Adri","<none>","3","Miru","2","1","781"
"2513","1","test","101","z","2","shape2.jpg","1","You","Adri","<none>","3","Miru","1","1","626"
"2513","1","test","102","m","9","shape3.jpg","1","You","Adri","<none>","3","Miru","2","1","781"
"2513","1","test","103","m","6","shape3.jpg","1","You","Adri","<none>","3","Miru","2","1","760"
"2513","1","test","104","m","9","shape3.jpg","1","You","Adri","<none>","3","Miru","2","1","764"
"2513","1","test","105","m","5","shape2.jpg","1","You","Adri","<none>","3","Miru","2","1","833"
"2513","1","test","106","z","2","shape2.jpg","1","You","Adri","<none>","3","Miru","1","1","651"
"2513","1","test","107","z","2","shape2.jpg","1","You","Adri","<none>","3","Miru","1","1","580"
"2513","1","test","108","m","4","shape1.jpg","1","You","Adri","<none>","3","Miru","2","1","875"
"2513","1","test","109","m","8","shape2.jpg","1","You","Adri","<none>","3","Miru","2","1","754"
"2513","1","test","110","z","2","shape2.jpg","1","You","Adri","<none>","3","Miru","1","1","671"
"2513","1","test","111","z","1","shape1.jpg","1","You","Adri","<none>","3","Miru","1","1","616"
"2513","1","test","112","m","4","shape1.jpg","1","You","Adri","<none>","3","Miru","2","1","555"
"2513","1","test","113","z","2","shape2.jpg","1","You","Adri","<none>","3","Miru","1","1","569"
"2513","1","test","114","z","3","shape3.jpg","1","You","Adri","<none>","3","Miru","1","1","684"
"2513","1","test","115","m","8","shape2.jpg","1","You","Adri","<none>","3","Miru","2","1","582"
"2513","1","test","116","m","9","shape3.jpg","1","You","Adri","<none>","3","Miru","2","1","898"
"2513","1","test","117","m","8","shape2.jpg","1","You","Adri","<none>","3","Miru","2","1","992"
"2513","1","test","118","m","7","shape1.jpg","1","You","Adri","<none>","3","Miru","2","1","835"
"2513","1","test","119","z","1","shape1.jpg","1","You","Adri","<none>","3","Miru","1","1","733"
"2513","1","test","120","m","9","shape3.jpg","1","You","Adri","<none>","3","Miru","2","1","916"
"2513","1","test","121","z","3","shape3.jpg","1","You","Adri","<none>","3","Miru","1","1","1196"
"2513","1","test","122","z","1","shape1.jpg","1","You","Adri","<none>","3","Miru","1","1","566"
"2513","1","test","123","m","4","shape1.jpg","1","You","Adri","<none>","3","Miru","2","1","907"
"2513","1","test","124","z","1","shape1.jpg","1","You","Adri","<none>","3","Miru","1","1","650"
"2513","1","test","125","z","3","shape3.jpg","1","You","Adri","<none>","3","Miru","1","1","659"
"2513","1","test","126","z","3","shape3.jpg","1","You","Adri","<none>","3","Miru","1","1","766"
"2513","1","test","127","m","7","shape1.jpg","1","You","Adri","<none>","3","Miru","2","1","825"
"2513","1","test","128","z","1","shape1.jpg","1","You","Adri","<none>","3","Miru","1","1","596"
"2513","1","test","129","m","6","shape3.jpg","1","You","Adri","<none>","3","Miru","2","1","847"
"2513","1","test","130","m","5","shape2.jpg","1","You","Adri","<none>","3","Miru","2","1","928"
"2513","1","test","131","m","7","shape1.jpg","1","You","Adri","<none>","3","Miru","2","1","727"
"2513","1","test","132","z","2","shape2.jpg","1","You","Adri","<none>","3","Miru","1","1","549"
"2513","1","test","133","m","8","shape2.jpg","1","You","Adri","<none>","3","Miru","2","1","714"
"2513","1","test","134","m","8","shape2.jpg","1","You","Adri","<none>","3","Miru","2","1","881"
"2513","1","test","135","z","2","shape2.jpg","1","You","Adri","<none>","3","Miru","1","1","697"
"2513","1","test","136","z","3","shape3.jpg","1","You","Adri","<none>","3","Miru","1","1","753"
"2513","1","test","137","m","4","shape1.jpg","1","You","Adri","<none>","3","Miru","2","1","654"
"2513","1","test","138","m","5","shape2.jpg","1","You","Adri","<none>","3","Miru","2","1","840"
"2513","1","test","139","z","3","shape3.jpg","1","You","Adri","<none>","3","Miru","1","1","640"
"2513","1","test","140","m","9","shape3.jpg","1","You","Adri","<none>","3","Miru","2","1","740"
"2513","1","test","141","z","3","shape3.jpg","1","You","Adri","<none>","3","Miru","1","1","754"
"2513","1","test","142","m","7","shape1.jpg","1","You","Adri","<none>","3","Miru","2","1","631"
"2513","1","test","143","z","1","shape1.jpg","1","You","Adri","<none>","3","Miru","1","1","753"
"2513","1","test","144","m","9","shape3.jpg","1","You","Adri","<none>","3","Miru","2","1","892"
"2513","1","test","145","m","9","shape3.jpg","1","You","Adri","<none>","3","Miru","2","1","756"
"2513","1","test","146","z","2","shape2.jpg","1","You","Adri","<none>","3","Miru","1","1","610"
"2513","1","test","147","z","1","shape1.jpg","1","You","Adri","<none>","3","Miru","1","1","693"
"2513","1","test","148","z","2","shape2.jpg","1","You","Adri","<none>","3","Miru","1","1","605"
"2513","1","test","149","z","2","shape2.jpg","1","You","Adri","<none>","3","Miru","1","1","528"
"2513","1","test","150","z","1","shape1.jpg","1","You","Adri","<none>","3","Miru","1","1","632"
"2513","1","test","151","m","6","shape3.jpg","1","You","Adri","<none>","3","Miru","2","1","716"
"2513","1","test","152","m","6","shape3.jpg","1","You","Adri","<none>","3","Miru","2","1","697"
"2513","1","test","153","m","8","shape2.jpg","1","You","Adri","<none>","3","Miru","2","1","753"
"2513","1","test","154","m","7","shape1.jpg","1","You","Adri","<none>","3","Miru","2","1","942"
"2513","1","test","155","m","4","shape1.jpg","1","You","Adri","<none>","3","Miru","2","1","716"
"2513","1","test","156","m","9","shape3.jpg","1","You","Adri","<none>","3","Miru","2","1","705"
"2513","1","test","157","m","5","shape2.jpg","1","You","Adri","<none>","3","Miru","2","1","721"
"2513","1","test","158","m","6","shape3.jpg","1","You","Adri","<none>","3","Miru","2","1","657"
"2513","1","test","159","z","3","shape3.jpg","1","You","Adri","<none>","3","Miru","1","1","649"
"2513","1","test","160","m","6","shape3.jpg","1","You","Adri","<none>","3","Miru","2","1","602"
"2513","1","test","161","z","2","shape2.jpg","1","You","Adri","<none>","3","Miru","1","1","655"
"2513","1","test","162","m","4","shape1.jpg","1","You","Adri","<none>","3","Miru","2","1","951"
"2513","1","test","163","z","2","shape2.jpg","1","You","Adri","<none>","3","Miru","1","1","620"
"2513","1","test","164","m","8","shape2.jpg","1","You","Adri","<none>","3","Miru","2","1","783"
"2513","1","test","165","m","8","shape2.jpg","1","You","Adri","<none>","3","Miru","2","1","731"
"2513","1","test","166","m","6","shape3.jpg","1","You","Adri","<none>","3","Miru","2","1","657"
"2513","1","test","167","z","3","shape3.jpg","1","You","Adri","<none>","3","Miru","1","1","746"
"2513","1","test","168","m","7","shape1.jpg","1","You","Adri","<none>","3","Miru","2","1","897"
"2513","1","test","169","z","1","shape1.jpg","1","You","Adri","<none>","3","Miru","1","1","568"
"2513","1","test","170","z","2","shape2.jpg","1","You","Adri","<none>","3","Miru","1","1","676"
"2513","1","test","171","z","2","shape2.jpg","1","You","Adri","<none>","3","Miru","1","1","845"
"2513","1","test","172","z","3","shape3.jpg","1","You","Adri","<none>","3","Miru","1","1","598"
"2513","1","test","173","z","1","shape1.jpg","1","You","Adri","<none>","3","Miru","1","1","555"
"2513","1","test","174","m","5","shape2.jpg","1","You","Adri","<none>","3","Miru","2","1","793"
"2513","1","test","175","m","5","shape2.jpg","1","You","Adri","<none>","3","Miru","2","1","852"
"2513","1","test","176","z","7","shape1.jpg","1","You","Adri","<none>","3","Miru","2","0","685"
"2513","1","test","177","x","6","shape3.jpg","1","You","Adri","<none>","3","Miru","2","0","1500"
"2513","1","test","178","z","1","shape1.jpg","1","You","Adri","<none>","3","Miru","1","1","617"
"2513","1","test","179","z","1","shape1.jpg","1","You","Adri","<none>","3","Miru","1","1","587"
"2513","1","test","180","m","8","shape2.jpg","1","You","Adri","<none>","3","Miru","2","1","839"
"2513","1","test","181","m","5","shape2.jpg","1","You","Adri","<none>","3","Miru","2","1","729"
"2513","1","test","182","z","2","shape2.jpg","1","You","Adri","<none>","3","Miru","1","1","648"
"2513","1","test","183","m","9","shape3.jpg","1","You","Adri","<none>","3","Miru","2","1","689"
"2513","1","test","184","m","6","shape3.jpg","1","You","Adri","<none>","3","Miru","2","1","730"
"2513","1","test","185","m","7","shape1.jpg","1","You","Adri","<none>","3","Miru","2","1","736"
"2513","1","test","186","m","4","shape1.jpg","1","You","Adri","<none>","3","Miru","2","1","805"
"2513","1","test","187","z","3","shape3.jpg","1","You","Adri","<none>","3","Miru","1","1","768"
"2513","1","test","188","z","1","shape1.jpg","1","You","Adri","<none>","3","Miru","1","1","828"
"2513","1","test","189","z","3","shape3.jpg","1","You","Adri","<none>","3","Miru","1","1","735"
"2513","1","test","190","z","3","shape3.jpg","1","You","Adri","<none>","3","Miru","1","1","693"
"2513","1","test","191","m","5","shape2.jpg","1","You","Adri","<none>","3","Miru","2","1","773"
"2513","1","test","192","m","9","shape3.jpg","1","You","Adri","<none>","3","Miru","2","1","744"
"2513","1","test","193","z","1","shape1.jpg","1","You","Adri","<none>","3","Miru","1","1","631"
"2513","1","test","194","m","9","shape3.jpg","1","You","Adri","<none>","3","Miru","2","1","745"
"2513","1","test","195","z","1","shape1.jpg","1","You","Adri","<none>","3","Miru","1","1","702"
"2513","1","test","196","z","1","shape1.jpg","1","You","Adri","<none>","3","Miru","1","1","581"
"2513","1","test","197","z","1","shape1.jpg","1","You","Adri","<none>","3","Miru","1","1","499"
"2513","1","test","198","m","6","shape3.jpg","1","You","Adri","<none>","3","Miru","2","1","851"
"2513","1","test","199","m","6","shape3.jpg","1","You","Adri","<none>","3","Miru","2","1","675"
"2513","1","test","200","m","6","shape3.jpg","1","You","Adri","<none>","3","Miru","2","1","596"
"2513","1","test","201","m","7","shape1.jpg","1","You","Adri","<none>","3","Miru","2","1","762"
"2513","1","test","202","z","2","shape2.jpg","1","You","Adri","<none>","3","Miru","1","1","573"
"2513","1","test","203","z","2","shape2.jpg","1","You","Adri","<none>","3","Miru","1","1","603"
"2513","1","test","204","z","2","shape2.jpg","1","You","Adri","<none>","3","Miru","1","1","486"
"2513","1","test","205","z","3","shape3.jpg","1","You","Adri","<none>","3","Miru","1","1","814"
"2513","1","test","206","z","2","shape2.jpg","1","You","Adri","<none>","3","Miru","1","1","705"
"2513","1","test","207","m","4","shape1.jpg","1","You","Adri","<none>","3","Miru","2","1","929"
"2513","1","test","208","m","4","shape1.jpg","1","You","Adri","<none>","3","Miru","2","1","710"
"2513","1","test","209","m","6","shape3.jpg","1","You","Adri","<none>","3","Miru","2","1","717"
"2513","1","test","210","z","2","shape2.jpg","1","You","Adri","<none>","3","Miru","1","1","699"
"2513","1","test","211","m","5","shape2.jpg","1","You","Adri","<none>","3","Miru","2","1","748"
"2513","1","test","212","z","3","shape3.jpg","1","You","Adri","<none>","3","Miru","1","1","760"
"2513","1","test","213","m","4","shape1.jpg","1","You","Adri","<none>","3","Miru","2","1","741"
"2513","1","test","214","m","7","shape1.jpg","1","You","Adri","<none>","3","Miru","2","1","683"
"2513","1","test","215","m","6","shape3.jpg","1","You","Adri","<none>","3","Miru","2","1","701"
"2513","1","test","216","m","8","shape2.jpg","1","You","Adri","<none>","3","Miru","2","1","737"
"2513","1","test","217","z","2","shape2.jpg","1","You","Adri","<none>","3","Miru","1","1","600"
"2513","1","test","218","z","1","shape1.jpg","1","You","Adri","<none>","3","Miru","1","1","627"
"2513","1","test","219","z","1","shape1.jpg","1","You","Adri","<none>","3","Miru","1","1","719"
"2513","1","test","220","z","2","shape2.jpg","1","You","Adri","<none>","3","Miru","1","1","574"
"2513","1","test","221","z","1","shape1.jpg","1","You","Adri","<none>","3","Miru","1","1","699"
"2513","1","test","222","m","4","shape1.jpg","1","You","Adri","<none>","3","Miru","2","1","603"
"2513","1","test","223","z","1","shape1.jpg","1","You","Adri","<none>","3","Miru","1","1","766"
"2513","1","test","224","z","1","shape1.jpg","1","You","Adri","<none>","3","Miru","1","1","505"
"2513","1","test","225","m","6","shape3.jpg","1","You","Adri","<none>","3","Miru","2","1","707"
"2513","1","test","226","z","1","shape1.jpg","1","You","Adri","<none>","3","Miru","1","1","577"
"2513","1","test","227","m","8","shape2.jpg","1","You","Adri","<none>","3","Miru","2","1","958"
"2513","1","test","228","m","6","shape3.jpg","1","You","Adri","<none>","3","Miru","2","1","627"
"2513","1","test","229","m","7","shape1.jpg","1","You","Adri","<none>","3","Miru","2","1","926"
"2513","1","test","230","z","2","shape2.jpg","1","You","Adri","<none>","3","Miru","1","1","643"
"2513","1","test","231","z","2","shape2.jpg","1","You","Adri","<none>","3","Miru","1","1","508"
"2513","1","test","232","m","4","shape1.jpg","1","You","Adri","<none>","3","Miru","2","1","693"
"2513","1","test","233","m","9","shape3.jpg","1","You","Adri","<none>","3","Miru","2","1","838"
"2513","1","test","234","m","5","shape2.jpg","1","You","Adri","<none>","3","Miru","2","1","623"
"2513","1","test","235","z","1","shape1.jpg","1","You","Adri","<none>","3","Miru","1","1","490"
"2513","1","test","236","z","2","shape2.jpg","1","You","Adri","<none>","3","Miru","1","1","843"
"2513","1","test","237","m","5","shape2.jpg","1","You","Adri","<none>","3","Miru","2","1","1124"
"2513","1","test","238","z","3","shape3.jpg","1","You","Adri","<none>","3","Miru","1","1","961"
"2513","1","test","239","m","6","shape3.jpg","1","You","Adri","<none>","3","Miru","2","1","670"
"2513","1","test","240","m","5","shape2.jpg","1","You","Adri","<none>","3","Miru","2","1","678"
"2513","1","test","241","x","8","shape2.jpg","1","You","Adri","<none>","3","Miru","2","0","1499"
"2513","1","test","242","z","2","shape2.jpg","1","You","Adri","<none>","3","Miru","1","1","757"
"2513","1","test","243","m","6","shape3.jpg","1","You","Adri","<none>","3","Miru","2","1","625"
"2513","1","test","244","m","8","shape2.jpg","1","You","Adri","<none>","3","Miru","2","1","669"
"2513","1","test","245","z","2","shape2.jpg","1","You","Adri","<none>","3","Miru","1","1","573"
"2513","1","test","246","m","4","shape1.jpg","1","You","Adri","<none>","3","Miru","2","1","794"
"2513","1","test","247","m","7","shape1.jpg","1","You","Adri","<none>","3","Miru","2","1","910"
"2513","1","test","248","z","1","shape1.jpg","1","You","Adri","<none>","3","Miru","1","1","524"
"2513","1","test","249","z","1","shape1.jpg","1","You","Adri","<none>","3","Miru","1","1","499"
"2513","1","test","250","z","3","shape3.jpg","1","You","Adri","<none>","3","Miru","1","1","651"
"2513","1","test","251","z","1","shape1.jpg","1","You","Adri","<none>","3","Miru","1","1","532"
"2513","1","test","252","m","9","shape3.jpg","1","You","Adri","<none>","3","Miru","2","1","947"
"2513","1","test","253","z","3","shape3.jpg","1","You","Adri","<none>","3","Miru","1","1","607"
"2513","1","test","254","m","6","shape3.jpg","1","You","Adri","<none>","3","Miru","2","1","597"
"2513","1","test","255","m","4","shape1.jpg","1","You","Adri","<none>","3","Miru","2","1","753"
"2513","1","test","256","m","4","shape1.jpg","1","You","Adri","<none>","3","Miru","2","1","757"
"2513","1","test","257","z","2","shape2.jpg","1","You","Adri","<none>","3","Miru","1","1","619"
"2513","1","test","258","m","9","shape3.jpg","1","You","Adri","<none>","3","Miru","2","1","1022"
"2513","1","test","259","z","1","shape1.jpg","1","You","Adri","<none>","3","Miru","1","1","552"
"2513","1","test","260","z","2","shape2.jpg","1","You","Adri","<none>","3","Miru","1","1","590"
"2513","1","test","261","m","4","shape1.jpg","1","You","Adri","<none>","3","Miru","2","1","1000"
"2513","1","test","262","z","2","shape2.jpg","1","You","Adri","<none>","3","Miru","1","1","595"
"2513","1","test","263","m","9","shape3.jpg","1","You","Adri","<none>","3","Miru","2","1","639"
"2513","1","test","264","m","4","shape1.jpg","1","You","Adri","<none>","3","Miru","2","1","746"
"2513","1","test","265","z","2","shape2.jpg","1","You","Adri","<none>","3","Miru","1","1","542"
"2513","1","test","266","z","1","shape1.jpg","1","You","Adri","<none>","3","Miru","1","1","678"
"2513","1","test","267","m","9","shape3.jpg","1","You","Adri","<none>","3","Miru","2","1","597"
"2513","1","test","268","m","8","shape2.jpg","1","You","Adri","<none>","3","Miru","2","1","698"
"2513","1","test","269","z","1","shape1.jpg","1","You","Adri","<none>","3","Miru","1","1","498"
"2513","1","test","270","z","2","shape2.jpg","1","You","Adri","<none>","3","Miru","1","1","552"
"2513","1","test","271","z","2","shape2.jpg","1","You","Adri","<none>","3","Miru","1","1","687"
"2513","1","test","272","m","5","shape2.jpg","1","You","Adri","<none>","3","Miru","2","1","727"
"2513","1","test","273","m","5","shape2.jpg","1","You","Adri","<none>","3","Miru","2","1","677"
"2513","1","test","274","z","3","shape3.jpg","1","You","Adri","<none>","3","Miru","1","1","607"
"2513","1","test","275","m","5","shape2.jpg","1","You","Adri","<none>","3","Miru","2","1","610"
"2513","1","test","276","m","7","shape1.jpg","1","You","Adri","<none>","3","Miru","2","1","813"
"2513","1","test","277","m","6","shape3.jpg","1","You","Adri","<none>","3","Miru","2","1","680"
"2513","1","test","278","z","1","shape1.jpg","1","You","Adri","<none>","3","Miru","1","1","633"
"2513","1","test","279","m","5","shape2.jpg","1","You","Adri","<none>","3","Miru","2","1","603"
"2513","1","test","280","m","8","shape2.jpg","1","You","Adri","<none>","3","Miru","2","1","646"
"2513","1","test","281","z","1","shape1.jpg","1","You","Adri","<none>","3","Miru","1","1","609"
"2513","1","test","282","z","3","shape3.jpg","1","You","Adri","<none>","3","Miru","1","1","749"
"2513","1","test","283","m","9","shape3.jpg","1","You","Adri","<none>","3","Miru","2","1","688"
"2513","1","test","284","m","7","shape1.jpg","1","You","Adri","<none>","3","Miru","2","1","691"
"2513","1","test","285","z","3","shape3.jpg","1","You","Adri","<none>","3","Miru","1","1","666"
"2513","1","test","286","z","3","shape3.jpg","1","You","Adri","<none>","3","Miru","1","1","658"
"2513","1","test","287","z","3","shape3.jpg","1","You","Adri","<none>","3","Miru","1","1","460"
"2513","1","test","288","z","3","shape3.jpg","1","You","Adri","<none>","3","Miru","1","1","606"
"2513","1","test","289","z","2","shape2.jpg","1","You","Adri","<none>","3","Miru","1","1","650"
"2513","1","test","290","z","3","shape3.jpg","1","You","Adri","<none>","3","Miru","1","1","675"
"2513","1","test","291","m","5","shape2.jpg","1","You","Adri","<none>","3","Miru","2","1","957"
"2513","1","test","292","z","1","shape1.jpg","1","You","Adri","<none>","3","Miru","1","1","600"
"2513","1","test","293","z","1","shape1.jpg","1","You","Adri","<none>","3","Miru","1","1","780"
"2513","1","test","294","m","4","shape1.jpg","1","You","Adri","<none>","3","Miru","2","1","720"
"2513","1","test","295","z","1","shape1.jpg","1","You","Adri","<none>","3","Miru","1","1","630"
"2513","1","test","296","m","6","shape3.jpg","1","You","Adri","<none>","3","Miru","2","1","873"
"2513","1","test","297","z","2","shape2.jpg","1","You","Adri","<none>","3","Miru","1","1","537"
"2513","1","test","298","m","4","shape1.jpg","1","You","Adri","<none>","3","Miru","2","1","752"
"2513","1","test","299","z","2","shape2.jpg","1","You","Adri","<none>","3","Miru","1","1","597"
"2513","1","test","300","m","7","shape1.jpg","1","You","Adri","<none>","3","Miru","2","1","696"
"2513","1","test","301","z","3","shape3.jpg","1","You","Adri","<none>","3","Miru","1","1","521"
"2513","1","test","302","z","3","shape3.jpg","1","You","Adri","<none>","3","Miru","1","1","624"
"2513","1","test","303","m","4","shape1.jpg","1","You","Adri","<none>","3","Miru","2","1","589"
"2513","1","test","304","z","1","shape1.jpg","1","You","Adri","<none>","3","Miru","1","1","568"
"2513","1","test","305","z","1","shape1.jpg","1","You","Adri","<none>","3","Miru","1","1","621"
"2513","1","test","306","m","4","shape1.jpg","1","You","Adri","<none>","3","Miru","2","1","711"
"2513","1","test","307","m","5","shape2.jpg","1","You","Adri","<none>","3","Miru","2","1","734"
"2513","1","test","308","m","7","shape1.jpg","1","You","Adri","<none>","3","Miru","2","1","787"
"2513","1","test","309","m","4","shape1.jpg","1","You","Adri","<none>","3","Miru","2","1","672"
"2513","1","test","310","z","2","shape2.jpg","1","You","Adri","<none>","3","Miru","1","1","569"
"2513","1","test","311","z","1","shape1.jpg","1","You","Adri","<none>","3","Miru","1","1","589"
"2513","1","test","312","m","6","shape3.jpg","1","You","Adri","<none>","3","Miru","2","1","594"
"2513","1","test","313","m","7","shape1.jpg","1","You","Adri","<none>","3","Miru","2","1","647"
"2513","1","test","314","m","4","shape1.jpg","1","You","Adri","<none>","3","Miru","2","1","1017"
"2513","1","test","315","z","3","shape3.jpg","1","You","Adri","<none>","3","Miru","1","1","739"
"2513","1","test","316","m","7","shape1.jpg","1","You","Adri","<none>","3","Miru","2","1","633"
"2513","1","test","317","z","2","shape2.jpg","1","You","Adri","<none>","3","Miru","1","1","594"
"2513","1","test","318","z","3","shape3.jpg","1","You","Adri","<none>","3","Miru","1","1","655"
"2513","1","test","319","m","8","shape2.jpg","1","You","Adri","<none>","3","Miru","2","1","737"
"2513","1","test","320","z","1","shape1.jpg","1","You","Adri","<none>","3","Miru","1","1","598"
"2513","1","test","321","m","8","shape2.jpg","1","You","Adri","<none>","3","Miru","2","1","770"
"2513","1","test","322","z","2","shape2.jpg","1","You","Adri","<none>","3","Miru","1","1","679"
"2513","1","test","323","z","3","shape3.jpg","1","You","Adri","<none>","3","Miru","1","1","559"
"2513","1","test","324","z","7","shape1.jpg","1","You","Adri","<none>","3","Miru","2","0","556"
"2513","1","test","325","z","2","shape2.jpg","1","You","Adri","<none>","3","Miru","1","1","619"
"2513","1","test","326","z","3","shape3.jpg","1","You","Adri","<none>","3","Miru","1","1","558"
"2513","1","test","327","z","3","shape3.jpg","1","You","Adri","<none>","3","Miru","1","1","619"
"2513","1","test","328","m","9","shape3.jpg","1","You","Adri","<none>","3","Miru","2","1","662"
"2513","1","test","329","m","4","shape1.jpg","1","You","Adri","<none>","3","Miru","2","1","727"
"2513","1","test","330","m","8","shape2.jpg","1","You","Adri","<none>","3","Miru","2","1","646"
"2513","1","test","331","m","9","shape3.jpg","1","You","Adri","<none>","3","Miru","2","1","671"
"2513","1","test","332","z","2","shape2.jpg","1","You","Adri","<none>","3","Miru","1","1","679"
"2513","1","test","333","m","8","shape2.jpg","1","You","Adri","<none>","3","Miru","2","1","666"
"2513","1","test","334","z","2","shape2.jpg","1","You","Adri","<none>","3","Miru","1","1","643"
"2513","1","test","335","z","3","shape3.jpg","1","You","Adri","<none>","3","Miru","1","1","661"
"2513","1","test","336","z","3","shape3.jpg","1","You","Adri","<none>","3","Miru","1","1","636"
"2513","1","test","337","m","8","shape2.jpg","1","You","Adri","<none>","3","Miru","2","1","655"
"2513","1","test","338","m","7","shape1.jpg","1","You","Adri","<none>","3","Miru","2","1","754"
"2513","1","test","339","m","8","shape2.jpg","1","You","Adri","<none>","3","Miru","2","1","853"
"2513","1","test","340","m","9","shape3.jpg","1","You","Adri","<none>","3","Miru","2","1","798"
"2513","1","test","341","z","3","shape3.jpg","1","You","Adri","<none>","3","Miru","1","1","722"
"2513","1","test","342","m","8","shape2.jpg","1","You","Adri","<none>","3","Miru","2","1","664"
"2513","1","test","343","z","2","shape2.jpg","1","You","Adri","<none>","3","Miru","1","1","624"
"2513","1","test","344","m","7","shape1.jpg","1","You","Adri","<none>","3","Miru","2","1","755"
"2513","1","test","345","z","1","shape1.jpg","1","You","Adri","<none>","3","Miru","1","1","658"
"2513","1","test","346","m","7","shape1.jpg","1","You","Adri","<none>","3","Miru","2","1","738"
"2513","1","test","347","z","2","shape2.jpg","1","You","Adri","<none>","3","Miru","1","1","569"
"2513","1","test","348","m","4","shape1.jpg","1","You","Adri","<none>","3","Miru","2","1","717"
"2513","1","test","349","z","3","shape3.jpg","1","You","Adri","<none>","3","Miru","1","1","643"
"2513","1","test","350","z","3","shape3.jpg","1","You","Adri","<none>","3","Miru","1","1","637"
"2513","1","test","351","z","2","shape2.jpg","1","You","Adri","<none>","3","Miru","1","1","625"
"2513","1","test","352","z","3","shape3.jpg","1","You","Adri","<none>","3","Miru","1","1","579"
"2513","1","test","353","z","3","shape3.jpg","1","You","Adri","<none>","3","Miru","1","1","513"
"2513","1","test","354","m","8","shape2.jpg","1","You","Adri","<none>","3","Miru","2","1","566"
"2513","1","test","355","m","4","shape1.jpg","1","You","Adri","<none>","3","Miru","2","1","612"
"2513","1","test","356","z","1","shape1.jpg","1","You","Adri","<none>","3","Miru","1","1","568"
"2513","1","test","357","z","3","shape3.jpg","1","You","Adri","<none>","3","Miru","1","1","501"
"2513","1","test","358","m","7","shape1.jpg","1","You","Adri","<none>","3","Miru","2","1","700"
"2513","1","test","359","m","5","shape2.jpg","1","You","Adri","<none>","3","Miru","2","1","716"
"2513","1","test","360","m","5","shape2.jpg","1","You","Adri","<none>","3","Miru","2","1","738"
"2514","2","test","1","m","2","shape2.jpg","2","You","<none>","Benedek","3","Miru","1","1","972"
"2514","2","test","2","z","6","shape3.jpg","2","You","<none>","Benedek","3","Miru","2","1","792"
"2514","2","test","3","z","3","shape3.jpg","2","You","<none>","Benedek","3","Miru","1","0","1348"
"2514","2","test","4","m","2","shape2.jpg","2","You","<none>","Benedek","3","Miru","1","1","1176"
"2514","2","test","5","z","7","shape1.jpg","2","You","<none>","Benedek","3","Miru","2","1","796"
"2514","2","test","6","z","8","shape2.jpg","2","You","<none>","Benedek","3","Miru","2","1","1102"
"2514","2","test","7","m","3","shape3.jpg","2","You","<none>","Benedek","3","Miru","1","1","716"
"2514","2","test","8","z","5","shape2.jpg","2","You","<none>","Benedek","3","Miru","2","1","723"
"2514","2","test","9","m","3","shape3.jpg","2","You","<none>","Benedek","3","Miru","1","1","714"
"2514","2","test","10","m","2","shape2.jpg","2","You","<none>","Benedek","3","Miru","1","1","800"
"2514","2","test","11","z","4","shape1.jpg","2","You","<none>","Benedek","3","Miru","2","1","819"
"2514","2","test","12","z","4","shape1.jpg","2","You","<none>","Benedek","3","Miru","2","1","838"
"2514","2","test","13","m","2","shape2.jpg","2","You","<none>","Benedek","3","Miru","1","1","879"
"2514","2","test","14","m","1","shape1.jpg","2","You","<none>","Benedek","3","Miru","1","1","767"
"2514","2","test","15","z","7","shape1.jpg","2","You","<none>","Benedek","3","Miru","2","1","859"
"2514","2","test","16","z","5","shape2.jpg","2","You","<none>","Benedek","3","Miru","2","1","981"
"2514","2","test","17","z","8","shape2.jpg","2","You","<none>","Benedek","3","Miru","2","1","984"
"2514","2","test","18","m","2","shape2.jpg","2","You","<none>","Benedek","3","Miru","1","1","916"
"2514","2","test","19","z","6","shape3.jpg","2","You","<none>","Benedek","3","Miru","2","1","810"
"2514","2","test","20","z","5","shape2.jpg","2","You","<none>","Benedek","3","Miru","2","1","972"
"2514","2","test","21","m","2","shape2.jpg","2","You","<none>","Benedek","3","Miru","1","1","777"
"2514","2","test","22","z","4","shape1.jpg","2","You","<none>","Benedek","3","Miru","2","1","741"
"2514","2","test","23","z","4","shape1.jpg","2","You","<none>","Benedek","3","Miru","2","1","1170"
"2514","2","test","24","z","5","shape2.jpg","2","You","<none>","Benedek","3","Miru","2","1","855"
"2514","2","test","25","z","9","shape3.jpg","2","You","<none>","Benedek","3","Miru","2","1","941"
"2514","2","test","26","m","2","shape2.jpg","2","You","<none>","Benedek","3","Miru","1","1","676"
"2514","2","test","27","m","1","shape1.jpg","2","You","<none>","Benedek","3","Miru","1","1","877"
"2514","2","test","28","m","2","shape2.jpg","2","You","<none>","Benedek","3","Miru","1","1","797"
"2514","2","test","29","m","2","shape2.jpg","2","You","<none>","Benedek","3","Miru","1","1","897"
"2514","2","test","30","m","2","shape2.jpg","2","You","<none>","Benedek","3","Miru","1","1","646"
"2514","2","test","31","m","5","shape2.jpg","2","You","<none>","Benedek","3","Miru","2","0","818"
"2514","2","test","32","z","7","shape1.jpg","2","You","<none>","Benedek","3","Miru","2","1","1013"
"2514","2","test","33","z","1","shape1.jpg","2","You","<none>","Benedek","3","Miru","1","0","1069"
"2514","2","test","34","m","3","shape3.jpg","2","You","<none>","Benedek","3","Miru","1","1","1110"
"2514","2","test","35","z","5","shape2.jpg","2","You","<none>","Benedek","3","Miru","2","1","1452"
"2514","2","test","36","z","4","shape1.jpg","2","You","<none>","Benedek","3","Miru","2","1","1468"
"2514","2","test","37","m","3","shape3.jpg","2","You","<none>","Benedek","3","Miru","1","1","937"
"2514","2","test","38","m","3","shape3.jpg","2","You","<none>","Benedek","3","Miru","1","1","974"
"2514","2","test","39","z","9","shape3.jpg","2","You","<none>","Benedek","3","Miru","2","1","643"
"2514","2","test","40","m","1","shape1.jpg","2","You","<none>","Benedek","3","Miru","1","1","990"
"2514","2","test","41","z","7","shape1.jpg","2","You","<none>","Benedek","3","Miru","2","1","904"
"2514","2","test","42","z","6","shape3.jpg","2","You","<none>","Benedek","3","Miru","2","1","894"
"2514","2","test","43","z","4","shape1.jpg","2","You","<none>","Benedek","3","Miru","2","1","894"
"2514","2","test","44","m","2","shape2.jpg","2","You","<none>","Benedek","3","Miru","1","1","756"
"2514","2","test","45","m","1","shape1.jpg","2","You","<none>","Benedek","3","Miru","1","1","1370"
"2514","2","test","46","z","7","shape1.jpg","2","You","<none>","Benedek","3","Miru","2","1","764"
"2514","2","test","47","z","8","shape2.jpg","2","You","<none>","Benedek","3","Miru","2","1","665"
"2514","2","test","48","m","3","shape3.jpg","2","You","<none>","Benedek","3","Miru","1","1","962"
"2514","2","test","49","m","2","shape2.jpg","2","You","<none>","Benedek","3","Miru","1","1","775"
"2514","2","test","50","z","7","shape1.jpg","2","You","<none>","Benedek","3","Miru","2","1","859"
"2514","2","test","51","z","6","shape3.jpg","2","You","<none>","Benedek","3","Miru","2","1","1315"
"2514","2","test","52","z","8","shape2.jpg","2","You","<none>","Benedek","3","Miru","2","1","872"
"2514","2","test","53","z","5","shape2.jpg","2","You","<none>","Benedek","3","Miru","2","1","745"
"2514","2","test","54","m","2","shape2.jpg","2","You","<none>","Benedek","3","Miru","1","1","759"
"2514","2","test","55","z","6","shape3.jpg","2","You","<none>","Benedek","3","Miru","2","1","733"
"2514","2","test","56","m","3","shape3.jpg","2","You","<none>","Benedek","3","Miru","1","1","923"
"2514","2","test","57","z","6","shape3.jpg","2","You","<none>","Benedek","3","Miru","2","1","1304"
"2514","2","test","58","m","1","shape1.jpg","2","You","<none>","Benedek","3","Miru","1","1","837"
"2514","2","test","59","z","9","shape3.jpg","2","You","<none>","Benedek","3","Miru","2","1","910"
"2514","2","test","60","m","1","shape1.jpg","2","You","<none>","Benedek","3","Miru","1","1","821"
"2514","2","test","61","m","3","shape3.jpg","2","You","<none>","Benedek","3","Miru","1","1","880"
"2514","2","test","62","m","3","shape3.jpg","2","You","<none>","Benedek","3","Miru","1","1","840"
"2514","2","test","63","z","7","shape1.jpg","2","You","<none>","Benedek","3","Miru","2","1","921"
"2514","2","test","64","m","1","shape1.jpg","2","You","<none>","Benedek","3","Miru","1","1","695"
"2514","2","test","65","z","5","shape2.jpg","2","You","<none>","Benedek","3","Miru","2","1","841"
"2514","2","test","66","z","9","shape3.jpg","2","You","<none>","Benedek","3","Miru","2","1","993"
"2514","2","test","67","z","4","shape1.jpg","2","You","<none>","Benedek","3","Miru","2","1","949"
"2514","2","test","68","z","8","shape2.jpg","2","You","<none>","Benedek","3","Miru","2","1","992"
"2514","2","test","69","z","6","shape3.jpg","2","You","<none>","Benedek","3","Miru","2","1","931"
"2514","2","test","70","z","7","shape1.jpg","2","You","<none>","Benedek","3","Miru","2","1","1104"
"2514","2","test","71","m","2","shape2.jpg","2","You","<none>","Benedek","3","Miru","1","1","1206"
"2514","2","test","72","z","7","shape1.jpg","2","You","<none>","Benedek","3","Miru","2","1","658"
"2514","2","test","73","z","4","shape1.jpg","2","You","<none>","Benedek","3","Miru","2","1","850"
"2514","2","test","74","m","3","shape3.jpg","2","You","<none>","Benedek","3","Miru","1","1","819"
"2514","2","test","75","z","4","shape1.jpg","2","You","<none>","Benedek","3","Miru","2","1","806"
"2514","2","test","76","z","6","shape3.jpg","2","You","<none>","Benedek","3","Miru","2","1","880"
"2514","2","test","77","m","3","shape3.jpg","2","You","<none>","Benedek","3","Miru","1","1","761"
"2514","2","test","78","z","7","shape1.jpg","2","You","<none>","Benedek","3","Miru","2","1","781"
"2514","2","test","79","m","3","shape3.jpg","2","You","<none>","Benedek","3","Miru","1","1","706"
"2514","2","test","80","z","4","shape1.jpg","2","You","<none>","Benedek","3","Miru","2","1","944"
"2514","2","test","81","m","2","shape2.jpg","2","You","<none>","Benedek","3","Miru","1","1","837"
"2514","2","test","82","z","7","shape1.jpg","2","You","<none>","Benedek","3","Miru","2","1","687"
"2514","2","test","83","z","9","shape3.jpg","2","You","<none>","Benedek","3","Miru","2","1","873"
"2514","2","test","84","m","2","shape2.jpg","2","You","<none>","Benedek","3","Miru","1","1","720"
"2514","2","test","85","z","9","shape3.jpg","2","You","<none>","Benedek","3","Miru","2","1","902"
"2514","2","test","86","z","4","shape1.jpg","2","You","<none>","Benedek","3","Miru","2","1","829"
"2514","2","test","87","z","8","shape2.jpg","2","You","<none>","Benedek","3","Miru","2","1","760"
"2514","2","test","88","z","8","shape2.jpg","2","You","<none>","Benedek","3","Miru","2","1","661"
"2514","2","test","89","m","1","shape1.jpg","2","You","<none>","Benedek","3","Miru","1","1","1005"
"2514","2","test","90","m","1","shape1.jpg","2","You","<none>","Benedek","3","Miru","1","1","639"
"2514","2","test","91","m","2","shape2.jpg","2","You","<none>","Benedek","3","Miru","1","1","898"
"2514","2","test","92","m","3","shape3.jpg","2","You","<none>","Benedek","3","Miru","1","1","778"
"2514","2","test","93","z","5","shape2.jpg","2","You","<none>","Benedek","3","Miru","2","1","647"
"2514","2","test","94","z","6","shape3.jpg","2","You","<none>","Benedek","3","Miru","2","1","984"
"2514","2","test","95","z","5","shape2.jpg","2","You","<none>","Benedek","3","Miru","2","1","1035"
"2514","2","test","96","m","3","shape3.jpg","2","You","<none>","Benedek","3","Miru","1","1","708"
"2514","2","test","97","z","4","shape1.jpg","2","You","<none>","Benedek","3","Miru","2","1","691"
"2514","2","test","98","m","3","shape3.jpg","2","You","<none>","Benedek","3","Miru","1","1","660"
"2514","2","test","99","z","5","shape2.jpg","2","You","<none>","Benedek","3","Miru","2","1","1355"
"2514","2","test","100","z","9","shape3.jpg","2","You","<none>","Benedek","3","Miru","2","1","887"
"2514","2","test","101","m","2","shape2.jpg","2","You","<none>","Benedek","3","Miru","1","1","704"
"2514","2","test","102","z","4","shape1.jpg","2","You","<none>","Benedek","3","Miru","2","1","870"
"2514","2","test","103","m","1","shape1.jpg","2","You","<none>","Benedek","3","Miru","1","1","847"
"2514","2","test","104","m","3","shape3.jpg","2","You","<none>","Benedek","3","Miru","1","1","688"
"2514","2","test","105","m","3","shape3.jpg","2","You","<none>","Benedek","3","Miru","1","1","657"
"2514","2","test","106","z","6","shape3.jpg","2","You","<none>","Benedek","3","Miru","2","1","721"
"2514","2","test","107","m","3","shape3.jpg","2","You","<none>","Benedek","3","Miru","1","1","793"
"2514","2","test","108","z","8","shape2.jpg","2","You","<none>","Benedek","3","Miru","2","1","627"
"2514","2","test","109","m","1","shape1.jpg","2","You","<none>","Benedek","3","Miru","1","1","781"
"2514","2","test","110","m","3","shape3.jpg","2","You","<none>","Benedek","3","Miru","1","1","707"
"2514","2","test","111","m","2","shape2.jpg","2","You","<none>","Benedek","3","Miru","1","1","691"
"2514","2","test","112","z","7","shape1.jpg","2","You","<none>","Benedek","3","Miru","2","1","840"
"2514","2","test","113","m","1","shape1.jpg","2","You","<none>","Benedek","3","Miru","1","1","787"
"2514","2","test","114","z","7","shape1.jpg","2","You","<none>","Benedek","3","Miru","2","1","647"
"2514","2","test","115","m","3","shape3.jpg","2","You","<none>","Benedek","3","Miru","1","1","664"
"2514","2","test","116","z","8","shape2.jpg","2","You","<none>","Benedek","3","Miru","2","1","1048"
"2514","2","test","117","z","6","shape3.jpg","2","You","<none>","Benedek","3","Miru","2","1","833"
"2514","2","test","118","z","9","shape3.jpg","2","You","<none>","Benedek","3","Miru","2","1","1011"
"2514","2","test","119","m","1","shape1.jpg","2","You","<none>","Benedek","3","Miru","1","1","725"
"2514","2","test","120","m","2","shape2.jpg","2","You","<none>","Benedek","3","Miru","1","1","900"
"2514","2","test","121","m","2","shape2.jpg","2","You","<none>","Benedek","3","Miru","1","1","768"
"2514","2","test","122","m","3","shape3.jpg","2","You","<none>","Benedek","3","Miru","1","1","654"
"2514","2","test","123","m","2","shape2.jpg","2","You","<none>","Benedek","3","Miru","1","1","645"
"2514","2","test","124","m","2","shape2.jpg","2","You","<none>","Benedek","3","Miru","1","1","704"
"2514","2","test","125","m","3","shape3.jpg","2","You","<none>","Benedek","3","Miru","1","1","616"
"2514","2","test","126","z","7","shape1.jpg","2","You","<none>","Benedek","3","Miru","2","1","867"
"2514","2","test","127","z","4","shape1.jpg","2","You","<none>","Benedek","3","Miru","2","1","858"
"2514","2","test","128","z","6","shape3.jpg","2","You","<none>","Benedek","3","Miru","2","1","739"
"2514","2","test","129","m","2","shape2.jpg","2","You","<none>","Benedek","3","Miru","1","1","881"
"2514","2","test","130","z","5","shape2.jpg","2","You","<none>","Benedek","3","Miru","2","1","714"
"2514","2","test","131","z","6","shape3.jpg","2","You","<none>","Benedek","3","Miru","2","1","729"
"2514","2","test","132","z","4","shape1.jpg","2","You","<none>","Benedek","3","Miru","2","1","687"
"2514","2","test","133","z","9","shape3.jpg","2","You","<none>","Benedek","3","Miru","2","1","727"
"2514","2","test","134","z","9","shape3.jpg","2","You","<none>","Benedek","3","Miru","2","1","718"
"2514","2","test","135","z","9","shape3.jpg","2","You","<none>","Benedek","3","Miru","2","1","491"
"2514","2","test","136","m","3","shape3.jpg","2","You","<none>","Benedek","3","Miru","1","1","854"
"2514","2","test","137","z","9","shape3.jpg","2","You","<none>","Benedek","3","Miru","2","1","670"
"2514","2","test","138","m","2","shape2.jpg","2","You","<none>","Benedek","3","Miru","1","1","686"
"2514","2","test","139","m","2","shape2.jpg","2","You","<none>","Benedek","3","Miru","1","1","814"
"2514","2","test","140","m","1","shape1.jpg","2","You","<none>","Benedek","3","Miru","1","1","817"
"2514","2","test","141","m","1","shape1.jpg","2","You","<none>","Benedek","3","Miru","1","1","547"
"2514","2","test","142","z","7","shape1.jpg","2","You","<none>","Benedek","3","Miru","2","1","747"
"2514","2","test","143","z","4","shape1.jpg","2","You","<none>","Benedek","3","Miru","2","1","1087"
"2514","2","test","144","m","2","shape2.jpg","2","You","<none>","Benedek","3","Miru","1","1","878"
"2514","2","test","145","z","6","shape3.jpg","2","You","<none>","Benedek","3","Miru","2","1","734"
"2514","2","test","146","z","5","shape2.jpg","2","You","<none>","Benedek","3","Miru","2","1","732"
"2514","2","test","147","m","3","shape3.jpg","2","You","<none>","Benedek","3","Miru","1","1","891"
"2514","2","test","148","m","2","shape2.jpg","2","You","<none>","Benedek","3","Miru","1","1","674"
"2514","2","test","149","m","3","shape3.jpg","2","You","<none>","Benedek","3","Miru","1","1","970"
"2514","2","test","150","z","8","shape2.jpg","2","You","<none>","Benedek","3","Miru","2","1","703"
"2514","2","test","151","m","1","shape1.jpg","2","You","<none>","Benedek","3","Miru","1","1","621"
"2514","2","test","152","z","8","shape2.jpg","2","You","<none>","Benedek","3","Miru","2","1","855"
"2514","2","test","153","m","1","shape1.jpg","2","You","<none>","Benedek","3","Miru","1","1","633"
"2514","2","test","154","z","9","shape3.jpg","2","You","<none>","Benedek","3","Miru","2","1","946"
"2514","2","test","155","m","2","shape2.jpg","2","You","<none>","Benedek","3","Miru","1","1","705"
"2514","2","test","156","z","3","shape3.jpg","2","You","<none>","Benedek","3","Miru","1","0","743"
"2514","2","test","157","z","4","shape1.jpg","2","You","<none>","Benedek","3","Miru","2","1","758"
"2514","2","test","158","z","4","shape1.jpg","2","You","<none>","Benedek","3","Miru","2","1","939"
"2514","2","test","159","m","1","shape1.jpg","2","You","<none>","Benedek","3","Miru","1","1","720"
"2514","2","test","160","z","7","shape1.jpg","2","You","<none>","Benedek","3","Miru","2","1","830"
"2514","2","test","161","z","8","shape2.jpg","2","You","<none>","Benedek","3","Miru","2","1","1297"
"2514","2","test","162","z","8","shape2.jpg","2","You","<none>","Benedek","3","Miru","2","1","663"
"2514","2","test","163","m","2","shape2.jpg","2","You","<none>","Benedek","3","Miru","1","1","728"
"2514","2","test","164","z","7","shape1.jpg","2","You","<none>","Benedek","3","Miru","2","1","878"
"2514","2","test","165","m","2","shape2.jpg","2","You","<none>","Benedek","3","Miru","1","1","686"
"2514","2","test","166","z","5","shape2.jpg","2","You","<none>","Benedek","3","Miru","2","1","758"
"2514","2","test","167","z","5","shape2.jpg","2","You","<none>","Benedek","3","Miru","2","1","971"
"2514","2","test","168","z","6","shape3.jpg","2","You","<none>","Benedek","3","Miru","2","1","718"
"2514","2","test","169","m","2","shape2.jpg","2","You","<none>","Benedek","3","Miru","1","1","693"
"2514","2","test","170","m","1","shape1.jpg","2","You","<none>","Benedek","3","Miru","1","1","742"
"2514","2","test","171","z","2","shape2.jpg","2","You","<none>","Benedek","3","Miru","1","0","932"
"2514","2","test","172","z","7","shape1.jpg","2","You","<none>","Benedek","3","Miru","2","1","753"
"2514","2","test","173","z","7","shape1.jpg","2","You","<none>","Benedek","3","Miru","2","1","806"
"2514","2","test","174","z","8","shape2.jpg","2","You","<none>","Benedek","3","Miru","2","1","681"
"2514","2","test","175","m","3","shape3.jpg","2","You","<none>","Benedek","3","Miru","1","1","544"
"2514","2","test","176","m","1","shape1.jpg","2","You","<none>","Benedek","3","Miru","1","1","664"
"2514","2","test","177","m","1","shape1.jpg","2","You","<none>","Benedek","3","Miru","1","1","744"
"2514","2","test","178","m","1","shape1.jpg","2","You","<none>","Benedek","3","Miru","1","1","606"
"2514","2","test","179","z","9","shape3.jpg","2","You","<none>","Benedek","3","Miru","2","1","562"
"2514","2","test","180","m","1","shape1.jpg","2","You","<none>","Benedek","3","Miru","1","1","655"
"2514","2","test","181","m","1","shape1.jpg","2","You","<none>","Benedek","3","Miru","1","1","585"
"2514","2","test","182","m","1","shape1.jpg","2","You","<none>","Benedek","3","Miru","1","1","477"
"2514","2","test","183","z","6","shape3.jpg","2","You","<none>","Benedek","3","Miru","2","1","846"
"2514","2","test","184","z","8","shape2.jpg","2","You","<none>","Benedek","3","Miru","2","1","792"
"2514","2","test","185","z","6","shape3.jpg","2","You","<none>","Benedek","3","Miru","2","1","661"
"2514","2","test","186","m","1","shape1.jpg","2","You","<none>","Benedek","3","Miru","1","1","694"
"2514","2","test","187","m","1","shape1.jpg","2","You","<none>","Benedek","3","Miru","1","1","1013"
"2514","2","test","188","m","1","shape1.jpg","2","You","<none>","Benedek","3","Miru","1","1","568"
"2514","2","test","189","m","1","shape1.jpg","2","You","<none>","Benedek","3","Miru","1","1","412"
"2514","2","test","190","z","3","shape3.jpg","2","You","<none>","Benedek","3","Miru","1","0","634"
"2514","2","test","191","m","3","shape3.jpg","2","You","<none>","Benedek","3","Miru","1","1","788"
"2514","2","test","192","m","1","shape1.jpg","2","You","<none>","Benedek","3","Miru","1","1","645"
"2514","2","test","193","m","1","shape1.jpg","2","You","<none>","Benedek","3","Miru","1","1","625"
"2514","2","test","194","m","3","shape3.jpg","2","You","<none>","Benedek","3","Miru","1","1","652"
"2514","2","test","195","m","2","shape2.jpg","2","You","<none>","Benedek","3","Miru","1","1","486"
"2514","2","test","196","m","1","shape1.jpg","2","You","<none>","Benedek","3","Miru","1","1","581"
"2514","2","test","197","z","6","shape3.jpg","2","You","<none>","Benedek","3","Miru","2","1","826"
"2514","2","test","198","m","2","shape2.jpg","2","You","<none>","Benedek","3","Miru","1","1","692"
"2514","2","test","199","z","4","shape1.jpg","2","You","<none>","Benedek","3","Miru","2","1","821"
"2514","2","test","200","m","3","shape3.jpg","2","You","<none>","Benedek","3","Miru","1","1","710"
"2514","2","test","201","z","6","shape3.jpg","2","You","<none>","Benedek","3","Miru","2","1","734"
"2514","2","test","202","z","5","shape2.jpg","2","You","<none>","Benedek","3","Miru","2","1","739"
"2514","2","test","203","z","5","shape2.jpg","2","You","<none>","Benedek","3","Miru","2","1","682"
"2514","2","test","204","z","4","shape1.jpg","2","You","<none>","Benedek","3","Miru","2","1","841"
"2514","2","test","205","z","8","shape2.jpg","2","You","<none>","Benedek","3","Miru","2","1","715"
"2514","2","test","206","z","6","shape3.jpg","2","You","<none>","Benedek","3","Miru","2","1","728"
"2514","2","test","207","z","5","shape2.jpg","2","You","<none>","Benedek","3","Miru","2","1","872"
"2514","2","test","208","m","2","shape2.jpg","2","You","<none>","Benedek","3","Miru","1","1","752"
"2514","2","test","209","z","9","shape3.jpg","2","You","<none>","Benedek","3","Miru","2","1","790"
"2514","2","test","210","z","4","shape1.jpg","2","You","<none>","Benedek","3","Miru","2","1","674"
"2514","2","test","211","z","8","shape2.jpg","2","You","<none>","Benedek","3","Miru","2","1","864"
"2514","2","test","212","m","2","shape2.jpg","2","You","<none>","Benedek","3","Miru","1","1","658"
"2514","2","test","213","z","4","shape1.jpg","2","You","<none>","Benedek","3","Miru","2","1","1258"
"2514","2","test","214","z","6","shape3.jpg","2","You","<none>","Benedek","3","Miru","2","1","851"
"2514","2","test","215","z","7","shape1.jpg","2","You","<none>","Benedek","3","Miru","2","1","708"
"2514","2","test","216","z","6","shape3.jpg","2","You","<none>","Benedek","3","Miru","2","1","763"
"2514","2","test","217","z","8","shape2.jpg","2","You","<none>","Benedek","3","Miru","2","1","742"
"2514","2","test","218","z","7","shape1.jpg","2","You","<none>","Benedek","3","Miru","2","1","1303"
"2514","2","test","219","m","1","shape1.jpg","2","You","<none>","Benedek","3","Miru","1","1","675"
"2514","2","test","220","z","6","shape3.jpg","2","You","<none>","Benedek","3","Miru","2","1","748"
"2514","2","test","221","m","2","shape2.jpg","2","You","<none>","Benedek","3","Miru","1","1","809"
"2514","2","test","222","z","9","shape3.jpg","2","You","<none>","Benedek","3","Miru","2","1","715"
"2514","2","test","223","z","3","shape3.jpg","2","You","<none>","Benedek","3","Miru","1","0","674"
"2514","2","test","224","z","4","shape1.jpg","2","You","<none>","Benedek","3","Miru","2","1","890"
"2514","2","test","225","z","4","shape1.jpg","2","You","<none>","Benedek","3","Miru","2","1","906"
"2514","2","test","226","z","5","shape2.jpg","2","You","<none>","Benedek","3","Miru","2","1","735"
"2514","2","test","227","m","3","shape3.jpg","2","You","<none>","Benedek","3","Miru","1","1","1087"
"2514","2","test","228","m","3","shape3.jpg","2","You","<none>","Benedek","3","Miru","1","1","590"
"2514","2","test","229","m","1","shape1.jpg","2","You","<none>","Benedek","3","Miru","1","1","914"
"2514","2","test","230","m","1","shape1.jpg","2","You","<none>","Benedek","3","Miru","1","1","751"
"2514","2","test","231","z","5","shape2.jpg","2","You","<none>","Benedek","3","Miru","2","1","765"
"2514","2","test","232","z","9","shape3.jpg","2","You","<none>","Benedek","3","Miru","2","1","851"
"2514","2","test","233","z","9","shape3.jpg","2","You","<none>","Benedek","3","Miru","2","1","700"
"2514","2","test","234","z","7","shape1.jpg","2","You","<none>","Benedek","3","Miru","2","1","851"
"2514","2","test","235","m","3","shape3.jpg","2","You","<none>","Benedek","3","Miru","1","1","604"
"2514","2","test","236","m","3","shape3.jpg","2","You","<none>","Benedek","3","Miru","1","1","510"
"2514","2","test","237","m","3","shape3.jpg","2","You","<none>","Benedek","3","Miru","1","1","453"
"2514","2","test","238","m","2","shape2.jpg","2","You","<none>","Benedek","3","Miru","1","1","625"
"2514","2","test","239","z","9","shape3.jpg","2","You","<none>","Benedek","3","Miru","2","1","762"
"2514","2","test","240","m","2","shape2.jpg","2","You","<none>","Benedek","3","Miru","1","1","704"
"2514","2","test","241","m","3","shape3.jpg","2","You","<none>","Benedek","3","Miru","1","1","1280"
"2514","2","test","242","m","1","shape1.jpg","2","You","<none>","Benedek","3","Miru","1","1","662"
"2514","2","test","243","z","5","shape2.jpg","2","You","<none>","Benedek","3","Miru","2","1","703"
"2514","2","test","244","m","3","shape3.jpg","2","You","<none>","Benedek","3","Miru","1","1","1015"
"2514","2","test","245","m","1","shape1.jpg","2","You","<none>","Benedek","3","Miru","1","1","602"
"2514","2","test","246","m","4","shape1.jpg","2","You","<none>","Benedek","3","Miru","2","0","453"
"2514","2","test","247","m","1","shape1.jpg","2","You","<none>","Benedek","3","Miru","1","1","711"
"2514","2","test","248","z","6","shape3.jpg","2","You","<none>","Benedek","3","Miru","2","1","1038"
"2514","2","test","249","m","2","shape2.jpg","2","You","<none>","Benedek","3","Miru","1","1","728"
"2514","2","test","250","m","3","shape3.jpg","2","You","<none>","Benedek","3","Miru","1","1","853"
"2514","2","test","251","m","2","shape2.jpg","2","You","<none>","Benedek","3","Miru","1","1","647"
"2514","2","test","252","z","9","shape3.jpg","2","You","<none>","Benedek","3","Miru","2","1","1120"
"2514","2","test","253","m","2","shape2.jpg","2","You","<none>","Benedek","3","Miru","1","1","590"
"2514","2","test","254","z","7","shape1.jpg","2","You","<none>","Benedek","3","Miru","2","1","736"
"2514","2","test","255","m","2","shape2.jpg","2","You","<none>","Benedek","3","Miru","1","1","608"
"2514","2","test","256","z","5","shape2.jpg","2","You","<none>","Benedek","3","Miru","2","1","868"
"2514","2","test","257","m","2","shape2.jpg","2","You","<none>","Benedek","3","Miru","1","1","859"
"2514","2","test","258","m","1","shape1.jpg","2","You","<none>","Benedek","3","Miru","1","1","668"
"2514","2","test","259","m","3","shape3.jpg","2","You","<none>","Benedek","3","Miru","1","1","861"
"2514","2","test","260","m","2","shape2.jpg","2","You","<none>","Benedek","3","Miru","1","1","613"
"2514","2","test","261","z","5","shape2.jpg","2","You","<none>","Benedek","3","Miru","2","1","657"
"2514","2","test","262","z","5","shape2.jpg","2","You","<none>","Benedek","3","Miru","2","1","705"
"2514","2","test","263","z","2","shape2.jpg","2","You","<none>","Benedek","3","Miru","1","0","745"
"2514","2","test","264","m","1","shape1.jpg","2","You","<none>","Benedek","3","Miru","1","1","952"
"2514","2","test","265","m","1","shape1.jpg","2","You","<none>","Benedek","3","Miru","1","1","579"
"2514","2","test","266","z","5","shape2.jpg","2","You","<none>","Benedek","3","Miru","2","1","665"
"2514","2","test","267","m","3","shape3.jpg","2","You","<none>","Benedek","3","Miru","1","1","705"
"2514","2","test","268","z","5","shape2.jpg","2","You","<none>","Benedek","3","Miru","2","1","730"
"2514","2","test","269","m","1","shape1.jpg","2","You","<none>","Benedek","3","Miru","1","1","568"
"2514","2","test","270","m","1","shape1.jpg","2","You","<none>","Benedek","3","Miru","1","1","572"
"2514","2","test","271","z","8","shape2.jpg","2","You","<none>","Benedek","3","Miru","2","1","770"
"2514","2","test","272","z","8","shape2.jpg","2","You","<none>","Benedek","3","Miru","2","1","653"
"2514","2","test","273","m","1","shape1.jpg","2","You","<none>","Benedek","3","Miru","1","1","632"
"2514","2","test","274","m","1","shape1.jpg","2","You","<none>","Benedek","3","Miru","1","1","626"
"2514","2","test","275","z","6","shape3.jpg","2","You","<none>","Benedek","3","Miru","2","1","733"
"2514","2","test","276","m","4","shape1.jpg","2","You","<none>","Benedek","3","Miru","2","0","587"
"2514","2","test","277","m","3","shape3.jpg","2","You","<none>","Benedek","3","Miru","1","1","1222"
"2514","2","test","278","z","4","shape1.jpg","2","You","<none>","Benedek","3","Miru","2","1","983"
"2514","2","test","279","z","9","shape3.jpg","2","You","<none>","Benedek","3","Miru","2","1","650"
"2514","2","test","280","z","8","shape2.jpg","2","You","<none>","Benedek","3","Miru","2","1","772"
"2514","2","test","281","z","5","shape2.jpg","2","You","<none>","Benedek","3","Miru","2","1","800"
"2514","2","test","282","z","7","shape1.jpg","2","You","<none>","Benedek","3","Miru","2","1","898"
"2514","2","test","283","m","3","shape3.jpg","2","You","<none>","Benedek","3","Miru","1","1","809"
"2514","2","test","284","m","3","shape3.jpg","2","You","<none>","Benedek","3","Miru","1","1","620"
"2514","2","test","285","m","1","shape1.jpg","2","You","<none>","Benedek","3","Miru","1","1","696"
"2514","2","test","286","m","2","shape2.jpg","2","You","<none>","Benedek","3","Miru","1","1","840"
"2514","2","test","287","z","7","shape1.jpg","2","You","<none>","Benedek","3","Miru","2","1","817"
"2514","2","test","288","z","9","shape3.jpg","2","You","<none>","Benedek","3","Miru","2","1","795"
"2514","2","test","289","m","1","shape1.jpg","2","You","<none>","Benedek","3","Miru","1","1","711"
"2514","2","test","290","x","1","shape1.jpg","2","You","<none>","Benedek","3","Miru","1","0","1500"
"2514","2","test","291","x","1","shape1.jpg","2","You","<none>","Benedek","3","Miru","1","0","1499"
"2514","2","test","292","x","3","shape3.jpg","2","You","<none>","Benedek","3","Miru","1","0","1499"
"2514","2","test","293","x","1","shape1.jpg","2","You","<none>","Benedek","3","Miru","1","0","1499"
"2514","2","test","294","z","7","shape1.jpg","2","You","<none>","Benedek","3","Miru","2","1","573"
"2514","2","test","295","m","3","shape3.jpg","2","You","<none>","Benedek","3","Miru","1","1","738"
"2514","2","test","296","m","1","shape1.jpg","2","You","<none>","Benedek","3","Miru","1","1","648"
"2514","2","test","297","m","2","shape2.jpg","2","You","<none>","Benedek","3","Miru","1","1","689"
"2514","2","test","298","z","7","shape1.jpg","2","You","<none>","Benedek","3","Miru","2","1","721"
"2514","2","test","299","z","8","shape2.jpg","2","You","<none>","Benedek","3","Miru","2","1","767"
"2514","2","test","300","z","5","shape2.jpg","2","You","<none>","Benedek","3","Miru","2","1","716"
"2514","2","test","301","m","6","shape3.jpg","2","You","<none>","Benedek","3","Miru","2","0","771"
"2514","2","test","302","z","9","shape3.jpg","2","You","<none>","Benedek","3","Miru","2","1","703"
"2514","2","test","303","z","5","shape2.jpg","2","You","<none>","Benedek","3","Miru","2","1","774"
"2514","2","test","304","z","9","shape3.jpg","2","You","<none>","Benedek","3","Miru","2","1","755"
"2514","2","test","305","z","9","shape3.jpg","2","You","<none>","Benedek","3","Miru","2","1","776"
"2514","2","test","306","m","2","shape2.jpg","2","You","<none>","Benedek","3","Miru","1","1","701"
"2514","2","test","307","m","1","shape1.jpg","2","You","<none>","Benedek","3","Miru","1","1","667"
"2514","2","test","308","z","9","shape3.jpg","2","You","<none>","Benedek","3","Miru","2","1","733"
"2514","2","test","309","z","7","shape1.jpg","2","You","<none>","Benedek","3","Miru","2","1","922"
"2514","2","test","310","z","8","shape2.jpg","2","You","<none>","Benedek","3","Miru","2","1","895"
"2514","2","test","311","z","8","shape2.jpg","2","You","<none>","Benedek","3","Miru","2","1","550"
"2514","2","test","312","m","3","shape3.jpg","2","You","<none>","Benedek","3","Miru","1","1","605"
"2514","2","test","313","m","1","shape1.jpg","2","You","<none>","Benedek","3","Miru","1","1","591"
"2514","2","test","314","m","2","shape2.jpg","2","You","<none>","Benedek","3","Miru","1","1","741"
"2514","2","test","315","m","3","shape3.jpg","2","You","<none>","Benedek","3","Miru","1","1","1035"
"2514","2","test","316","z","8","shape2.jpg","2","You","<none>","Benedek","3","Miru","2","1","755"
"2514","2","test","317","z","9","shape3.jpg","2","You","<none>","Benedek","3","Miru","2","1","745"
"2514","2","test","318","m","2","shape2.jpg","2","You","<none>","Benedek","3","Miru","1","1","680"
"2514","2","test","319","m","3","shape3.jpg","2","You","<none>","Benedek","3","Miru","1","1","824"
"2514","2","test","320","m","3","shape3.jpg","2","You","<none>","Benedek","3","Miru","1","1","738"
"2514","2","test","321","z","8","shape2.jpg","2","You","<none>","Benedek","3","Miru","2","1","600"
"2514","2","test","322","m","3","shape3.jpg","2","You","<none>","Benedek","3","Miru","1","1","692"
"2514","2","test","323","z","6","shape3.jpg","2","You","<none>","Benedek","3","Miru","2","1","931"
"2514","2","test","324","z","7","shape1.jpg","2","You","<none>","Benedek","3","Miru","2","1","648"
"2514","2","test","325","m","3","shape3.jpg","2","You","<none>","Benedek","3","Miru","1","1","634"
"2514","2","test","326","m","3","shape3.jpg","2","You","<none>","Benedek","3","Miru","1","1","877"
"2514","2","test","327","m","2","shape2.jpg","2","You","<none>","Benedek","3","Miru","1","1","629"
"2514","2","test","328","z","9","shape3.jpg","2","You","<none>","Benedek","3","Miru","2","1","727"
"2514","2","test","329","z","8","shape2.jpg","2","You","<none>","Benedek","3","Miru","2","1","671"
"2514","2","test","330","z","8","shape2.jpg","2","You","<none>","Benedek","3","Miru","2","1","702"
"2514","2","test","331","m","3","shape3.jpg","2","You","<none>","Benedek","3","Miru","1","1","590"
"2514","2","test","332","z","4","shape1.jpg","2","You","<none>","Benedek","3","Miru","2","1","937"
"2514","2","test","333","m","2","shape2.jpg","2","You","<none>","Benedek","3","Miru","1","1","815"
"2514","2","test","334","z","9","shape3.jpg","2","You","<none>","Benedek","3","Miru","2","1","762"
"2514","2","test","335","m","1","shape1.jpg","2","You","<none>","Benedek","3","Miru","1","1","591"
"2514","2","test","336","m","2","shape2.jpg","2","You","<none>","Benedek","3","Miru","1","1","651"
"2514","2","test","337","z","6","shape3.jpg","2","You","<none>","Benedek","3","Miru","2","1","765"
"2514","2","test","338","z","6","shape3.jpg","2","You","<none>","Benedek","3","Miru","2","1","817"
"2514","2","test","339","z","3","shape3.jpg","2","You","<none>","Benedek","3","Miru","1","0","765"
"2514","2","test","340","m","1","shape1.jpg","2","You","<none>","Benedek","3","Miru","1","1","1090"
"2514","2","test","341","m","2","shape2.jpg","2","You","<none>","Benedek","3","Miru","1","1","655"
"2514","2","test","342","m","2","shape2.jpg","2","You","<none>","Benedek","3","Miru","1","1","1041"
"2514","2","test","343","z","8","shape2.jpg","2","You","<none>","Benedek","3","Miru","2","1","866"
"2514","2","test","344","m","2","shape2.jpg","2","You","<none>","Benedek","3","Miru","1","1","609"
"2514","2","test","345","m","3","shape3.jpg","2","You","<none>","Benedek","3","Miru","1","1","1191"
"2514","2","test","346","m","2","shape2.jpg","2","You","<none>","Benedek","3","Miru","1","1","831"
"2514","2","test","347","z","5","shape2.jpg","2","You","<none>","Benedek","3","Miru","2","1","811"
"2514","2","test","348","z","4","shape1.jpg","2","You","<none>","Benedek","3","Miru","2","1","725"
"2514","2","test","349","m","2","shape2.jpg","2","You","<none>","Benedek","3","Miru","1","1","715"
"2514","2","test","350","m","9","shape3.jpg","2","You","<none>","Benedek","3","Miru","2","0","1282"
"2514","2","test","351","z","7","shape1.jpg","2","You","<none>","Benedek","3","Miru","2","1","801"
"2514","2","test","352","m","3","shape3.jpg","2","You","<none>","Benedek","3","Miru","1","1","643"
"2514","2","test","353","m","1","shape1.jpg","2","You","<none>","Benedek","3","Miru","1","1","701"
"2514","2","test","354","z","6","shape3.jpg","2","You","<none>","Benedek","3","Miru","2","1","1069"
"2514","2","test","355","m","1","shape1.jpg","2","You","<none>","Benedek","3","Miru","1","1","732"
"2514","2","test","356","m","1","shape1.jpg","2","You","<none>","Benedek","3","Miru","1","1","794"
"2514","2","test","357","m","3","shape3.jpg","2","You","<none>","Benedek","3","Miru","1","1","1045"
"2514","2","test","358","z","8","shape2.jpg","2","You","<none>","Benedek","3","Miru","2","1","767"
"2514","2","test","359","z","4","shape1.jpg","2","You","<none>","Benedek","3","Miru","2","1","683"
"2514","2","test","360","m","1","shape1.jpg","2","You","<none>","Benedek","3","Miru","1","1","939"
"2515","1","test","1","z","2","shape2.jpg","3","Fruzsina","You","<none>","3","Waru","1","1","986"
"2515","1","test","2","z","3","shape3.jpg","3","Fruzsina","You","<none>","3","Waru","1","1","710"
"2515","1","test","3","z","9","shape3.jpg","3","Fruzsina","You","<none>","3","Waru","2","0","477"
"2515","1","test","4","z","3","shape3.jpg","3","Fruzsina","You","<none>","3","Waru","1","1","710"
"2515","1","test","5","m","5","shape2.jpg","3","Fruzsina","You","<none>","3","Waru","2","1","572"
"2515","1","test","6","m","6","shape3.jpg","3","Fruzsina","You","<none>","3","Waru","2","1","698"
"2515","1","test","7","z","3","shape3.jpg","3","Fruzsina","You","<none>","3","Waru","1","1","682"
"2515","1","test","8","z","1","shape1.jpg","3","Fruzsina","You","<none>","3","Waru","1","1","593"
"2515","1","test","9","z","2","shape2.jpg","3","Fruzsina","You","<none>","3","Waru","1","1","543"
"2515","1","test","10","m","2","shape2.jpg","3","Fruzsina","You","<none>","3","Waru","1","0","612"
"2515","1","test","11","z","3","shape3.jpg","3","Fruzsina","You","<none>","3","Waru","1","1","617"
"2515","1","test","12","m","9","shape3.jpg","3","Fruzsina","You","<none>","3","Waru","2","1","619"
"2515","1","test","13","m","9","shape3.jpg","3","Fruzsina","You","<none>","3","Waru","2","1","782"
"2515","1","test","14","z","8","shape2.jpg","3","Fruzsina","You","<none>","3","Waru","2","0","522"
"2515","1","test","15","m","4","shape1.jpg","3","Fruzsina","You","<none>","3","Waru","2","1","657"
"2515","1","test","16","m","4","shape1.jpg","3","Fruzsina","You","<none>","3","Waru","2","1","474"
"2515","1","test","17","m","8","shape2.jpg","3","Fruzsina","You","<none>","3","Waru","2","1","468"
"2515","1","test","18","z","9","shape3.jpg","3","Fruzsina","You","<none>","3","Waru","2","0","669"
"2515","1","test","19","z","2","shape2.jpg","3","Fruzsina","You","<none>","3","Waru","1","1","902"
"2515","1","test","20","m","5","shape2.jpg","3","Fruzsina","You","<none>","3","Waru","2","1","611"
"2515","1","test","21","m","1","shape1.jpg","3","Fruzsina","You","<none>","3","Waru","1","0","800"
"2515","1","test","22","z","3","shape3.jpg","3","Fruzsina","You","<none>","3","Waru","1","1","699"
"2515","1","test","23","m","8","shape2.jpg","3","Fruzsina","You","<none>","3","Waru","2","1","586"
"2515","1","test","24","z","3","shape3.jpg","3","Fruzsina","You","<none>","3","Waru","1","1","895"
"2515","1","test","25","m","5","shape2.jpg","3","Fruzsina","You","<none>","3","Waru","2","1","534"
"2515","1","test","26","z","2","shape2.jpg","3","Fruzsina","You","<none>","3","Waru","1","1","692"
"2515","1","test","27","z","2","shape2.jpg","3","Fruzsina","You","<none>","3","Waru","1","1","485"
"2515","1","test","28","z","2","shape2.jpg","3","Fruzsina","You","<none>","3","Waru","1","1","533"
"2515","1","test","29","z","2","shape2.jpg","3","Fruzsina","You","<none>","3","Waru","1","1","379"
"2515","1","test","30","m","4","shape1.jpg","3","Fruzsina","You","<none>","3","Waru","2","1","480"
"2515","1","test","31","z","3","shape3.jpg","3","Fruzsina","You","<none>","3","Waru","1","1","578"
"2515","1","test","32","z","8","shape2.jpg","3","Fruzsina","You","<none>","3","Waru","2","0","502"
"2515","1","test","33","m","7","shape1.jpg","3","Fruzsina","You","<none>","3","Waru","2","1","807"
"2515","1","test","34","z","2","shape2.jpg","3","Fruzsina","You","<none>","3","Waru","1","1","625"
"2515","1","test","35","m","6","shape3.jpg","3","Fruzsina","You","<none>","3","Waru","2","1","636"
"2515","1","test","36","m","8","shape2.jpg","3","Fruzsina","You","<none>","3","Waru","2","1","878"
"2515","1","test","37","z","6","shape3.jpg","3","Fruzsina","You","<none>","3","Waru","2","0","558"
"2515","1","test","38","z","2","shape2.jpg","3","Fruzsina","You","<none>","3","Waru","1","1","603"
"2515","1","test","39","z","3","shape3.jpg","3","Fruzsina","You","<none>","3","Waru","1","1","567"
"2515","1","test","40","z","9","shape3.jpg","3","Fruzsina","You","<none>","3","Waru","2","0","420"
"2515","1","test","41","m","6","shape3.jpg","3","Fruzsina","You","<none>","3","Waru","2","1","616"
"2515","1","test","42","m","2","shape2.jpg","3","Fruzsina","You","<none>","3","Waru","1","0","627"
"2515","1","test","43","m","7","shape1.jpg","3","Fruzsina","You","<none>","3","Waru","2","1","678"
"2515","1","test","44","z","1","shape1.jpg","3","Fruzsina","You","<none>","3","Waru","1","1","590"
"2515","1","test","45","m","4","shape1.jpg","3","Fruzsina","You","<none>","3","Waru","2","1","618"
"2515","1","test","46","z","1","shape1.jpg","3","Fruzsina","You","<none>","3","Waru","1","1","1038"
"2515","1","test","47","m","4","shape1.jpg","3","Fruzsina","You","<none>","3","Waru","2","1","605"
"2515","1","test","48","z","2","shape2.jpg","3","Fruzsina","You","<none>","3","Waru","1","1","545"
"2515","1","test","49","m","9","shape3.jpg","3","Fruzsina","You","<none>","3","Waru","2","1","560"
"2515","1","test","50","z","1","shape1.jpg","3","Fruzsina","You","<none>","3","Waru","1","1","645"
"2515","1","test","51","m","1","shape1.jpg","3","Fruzsina","You","<none>","3","Waru","1","0","545"
"2515","1","test","52","z","3","shape3.jpg","3","Fruzsina","You","<none>","3","Waru","1","1","733"
"2515","1","test","53","z","2","shape2.jpg","3","Fruzsina","You","<none>","3","Waru","1","1","500"
"2515","1","test","54","m","5","shape2.jpg","3","Fruzsina","You","<none>","3","Waru","2","1","915"
"2515","1","test","55","z","3","shape3.jpg","3","Fruzsina","You","<none>","3","Waru","1","1","410"
"2515","1","test","56","z","1","shape1.jpg","3","Fruzsina","You","<none>","3","Waru","1","1","743"
"2515","1","test","57","m","3","shape3.jpg","3","Fruzsina","You","<none>","3","Waru","1","0","539"
"2515","1","test","58","z","3","shape3.jpg","3","Fruzsina","You","<none>","3","Waru","1","1","507"
"2515","1","test","59","z","2","shape2.jpg","3","Fruzsina","You","<none>","3","Waru","1","1","610"
"2515","1","test","60","m","3","shape3.jpg","3","Fruzsina","You","<none>","3","Waru","1","0","607"
"2515","1","test","61","z","3","shape3.jpg","3","Fruzsina","You","<none>","3","Waru","1","1","433"
"2515","1","test","62","m","2","shape2.jpg","3","Fruzsina","You","<none>","3","Waru","1","0","491"
"2515","1","test","63","z","1","shape1.jpg","3","Fruzsina","You","<none>","3","Waru","1","1","917"
"2515","1","test","64","z","7","shape1.jpg","3","Fruzsina","You","<none>","3","Waru","2","0","563"
"2515","1","test","65","z","1","shape1.jpg","3","Fruzsina","You","<none>","3","Waru","1","1","664"
"2515","1","test","66","m","4","shape1.jpg","3","Fruzsina","You","<none>","3","Waru","2","1","880"
"2515","1","test","67","m","9","shape3.jpg","3","Fruzsina","You","<none>","3","Waru","2","1","785"
"2515","1","test","68","z","6","shape3.jpg","3","Fruzsina","You","<none>","3","Waru","2","0","604"
"2515","1","test","69","m","6","shape3.jpg","3","Fruzsina","You","<none>","3","Waru","2","1","688"
"2515","1","test","70","z","2","shape2.jpg","3","Fruzsina","You","<none>","3","Waru","1","1","745"
"2515","1","test","71","m","8","shape2.jpg","3","Fruzsina","You","<none>","3","Waru","2","1","591"
"2515","1","test","72","m","3","shape3.jpg","3","Fruzsina","You","<none>","3","Waru","1","0","571"
"2515","1","test","73","m","1","shape1.jpg","3","Fruzsina","You","<none>","3","Waru","1","0","711"
"2515","1","test","74","m","6","shape3.jpg","3","Fruzsina","You","<none>","3","Waru","2","1","702"
"2515","1","test","75","z","2","shape2.jpg","3","Fruzsina","You","<none>","3","Waru","1","1","654"
"2515","1","test","76","m","7","shape1.jpg","3","Fruzsina","You","<none>","3","Waru","2","1","568"
"2515","1","test","77","z","5","shape2.jpg","3","Fruzsina","You","<none>","3","Waru","2","0","669"
"2515","1","test","78","z","5","shape2.jpg","3","Fruzsina","You","<none>","3","Waru","2","0","637"
"2515","1","test","79","m","5","shape2.jpg","3","Fruzsina","You","<none>","3","Waru","2","1","895"
"2515","1","test","80","z","2","shape2.jpg","3","Fruzsina","You","<none>","3","Waru","1","1","687"
"2515","1","test","81","z","3","shape3.jpg","3","Fruzsina","You","<none>","3","Waru","1","1","703"
"2515","1","test","82","z","1","shape1.jpg","3","Fruzsina","You","<none>","3","Waru","1","1","646"
"2515","1","test","83","m","9","shape3.jpg","3","Fruzsina","You","<none>","3","Waru","2","1","599"
"2515","1","test","84","z","3","shape3.jpg","3","Fruzsina","You","<none>","3","Waru","1","1","563"
"2515","1","test","85","m","9","shape3.jpg","3","Fruzsina","You","<none>","3","Waru","2","1","648"
"2515","1","test","86","m","8","shape2.jpg","3","Fruzsina","You","<none>","3","Waru","2","1","714"
"2515","1","test","87","z","7","shape1.jpg","3","Fruzsina","You","<none>","3","Waru","2","0","659"
"2515","1","test","88","z","1","shape1.jpg","3","Fruzsina","You","<none>","3","Waru","1","1","715"
"2515","1","test","89","m","9","shape3.jpg","3","Fruzsina","You","<none>","3","Waru","2","1","962"
"2515","1","test","90","z","3","shape3.jpg","3","Fruzsina","You","<none>","3","Waru","1","1","702"
"2515","1","test","91","m","4","shape1.jpg","3","Fruzsina","You","<none>","3","Waru","2","1","653"
"2515","1","test","92","m","9","shape3.jpg","3","Fruzsina","You","<none>","3","Waru","2","1","726"
"2515","1","test","93","m","6","shape3.jpg","3","Fruzsina","You","<none>","3","Waru","2","1","653"
"2515","1","test","94","z","1","shape1.jpg","3","Fruzsina","You","<none>","3","Waru","1","1","1109"
"2515","1","test","95","m","3","shape3.jpg","3","Fruzsina","You","<none>","3","Waru","1","0","662"
"2515","1","test","96","m","6","shape3.jpg","3","Fruzsina","You","<none>","3","Waru","2","1","590"
"2515","1","test","97","z","1","shape1.jpg","3","Fruzsina","You","<none>","3","Waru","1","1","763"
"2515","1","test","98","z","3","shape3.jpg","3","Fruzsina","You","<none>","3","Waru","1","1","928"
"2515","1","test","99","m","1","shape1.jpg","3","Fruzsina","You","<none>","3","Waru","1","0","613"
"2515","1","test","100","z","2","shape2.jpg","3","Fruzsina","You","<none>","3","Waru","1","1","674"
"2515","1","test","101","z","3","shape3.jpg","3","Fruzsina","You","<none>","3","Waru","1","1","682"
"2515","1","test","102","z","2","shape2.jpg","3","Fruzsina","You","<none>","3","Waru","1","1","673"
"2515","1","test","103","m","4","shape1.jpg","3","Fruzsina","You","<none>","3","Waru","2","1","474"
"2515","1","test","104","m","7","shape1.jpg","3","Fruzsina","You","<none>","3","Waru","2","1","851"
"2515","1","test","105","m","1","shape1.jpg","3","Fruzsina","You","<none>","3","Waru","1","0","524"
"2515","1","test","106","m","4","shape1.jpg","3","Fruzsina","You","<none>","3","Waru","2","1","675"
"2515","1","test","107","z","2","shape2.jpg","3","Fruzsina","You","<none>","3","Waru","1","1","604"
"2515","1","test","108","z","3","shape3.jpg","3","Fruzsina","You","<none>","3","Waru","1","1","679"
"2515","1","test","109","m","8","shape2.jpg","3","Fruzsina","You","<none>","3","Waru","2","1","616"
"2515","1","test","110","z","2","shape2.jpg","3","Fruzsina","You","<none>","3","Waru","1","1","594"
"2515","1","test","111","z","1","shape1.jpg","3","Fruzsina","You","<none>","3","Waru","1","1","479"
"2515","1","test","112","z","3","shape3.jpg","3","Fruzsina","You","<none>","3","Waru","1","1","744"
"2515","1","test","113","z","1","shape1.jpg","3","Fruzsina","You","<none>","3","Waru","1","1","590"
"2515","1","test","114","z","9","shape3.jpg","3","Fruzsina","You","<none>","3","Waru","2","0","516"
"2515","1","test","115","z","5","shape2.jpg","3","Fruzsina","You","<none>","3","Waru","2","0","577"
"2515","1","test","116","m","6","shape3.jpg","3","Fruzsina","You","<none>","3","Waru","2","1","671"
"2515","1","test","117","m","5","shape2.jpg","3","Fruzsina","You","<none>","3","Waru","2","1","920"
"2515","1","test","118","z","3","shape3.jpg","3","Fruzsina","You","<none>","3","Waru","1","1","678"
"2515","1","test","119","m","1","shape1.jpg","3","Fruzsina","You","<none>","3","Waru","1","0","559"
"2515","1","test","120","z","1","shape1.jpg","3","Fruzsina","You","<none>","3","Waru","1","1","588"
"2515","1","test","121","m","8","shape2.jpg","3","Fruzsina","You","<none>","3","Waru","2","1","828"
"2515","1","test","122","z","1","shape1.jpg","3","Fruzsina","You","<none>","3","Waru","1","1","565"
"2515","1","test","123","z","3","shape3.jpg","3","Fruzsina","You","<none>","3","Waru","1","1","651"
"2515","1","test","124","z","4","shape1.jpg","3","Fruzsina","You","<none>","3","Waru","2","0","444"
"2515","1","test","125","m","5","shape2.jpg","3","Fruzsina","You","<none>","3","Waru","2","1","769"
"2515","1","test","126","z","7","shape1.jpg","3","Fruzsina","You","<none>","3","Waru","2","0","540"
"2515","1","test","127","z","5","shape2.jpg","3","Fruzsina","You","<none>","3","Waru","2","0","738"
"2515","1","test","128","m","7","shape1.jpg","3","Fruzsina","You","<none>","3","Waru","2","1","697"
"2515","1","test","129","m","8","shape2.jpg","3","Fruzsina","You","<none>","3","Waru","2","1","568"
"2515","1","test","130","m","4","shape1.jpg","3","Fruzsina","You","<none>","3","Waru","2","1","461"
"2515","1","test","131","z","3","shape3.jpg","3","Fruzsina","You","<none>","3","Waru","1","1","535"
"2515","1","test","132","m","7","shape1.jpg","3","Fruzsina","You","<none>","3","Waru","2","1","661"
"2515","1","test","133","m","8","shape2.jpg","3","Fruzsina","You","<none>","3","Waru","2","1","528"
"2515","1","test","134","z","4","shape1.jpg","3","Fruzsina","You","<none>","3","Waru","2","0","646"
"2515","1","test","135","m","2","shape2.jpg","3","Fruzsina","You","<none>","3","Waru","1","0","528"
"2515","1","test","136","m","7","shape1.jpg","3","Fruzsina","You","<none>","3","Waru","2","1","648"
"2515","1","test","137","z","2","shape2.jpg","3","Fruzsina","You","<none>","3","Waru","1","1","632"
"2515","1","test","138","z","2","shape2.jpg","3","Fruzsina","You","<none>","3","Waru","1","1","739"
"2515","1","test","139","m","9","shape3.jpg","3","Fruzsina","You","<none>","3","Waru","2","1","689"
"2515","1","test","140","m","7","shape1.jpg","3","Fruzsina","You","<none>","3","Waru","2","1","640"
"2515","1","test","141","m","8","shape2.jpg","3","Fruzsina","You","<none>","3","Waru","2","1","530"
"2515","1","test","142","m","8","shape2.jpg","3","Fruzsina","You","<none>","3","Waru","2","1","402"
"2515","1","test","143","m","1","shape1.jpg","3","Fruzsina","You","<none>","3","Waru","1","0","359"
"2515","1","test","144","m","7","shape1.jpg","3","Fruzsina","You","<none>","3","Waru","2","1","620"
"2515","1","test","145","m","6","shape3.jpg","3","Fruzsina","You","<none>","3","Waru","2","1","536"
"2515","1","test","146","m","7","shape1.jpg","3","Fruzsina","You","<none>","3","Waru","2","1","422"
"2515","1","test","147","z","1","shape1.jpg","3","Fruzsina","You","<none>","3","Waru","1","1","737"
"2515","1","test","148","z","1","shape1.jpg","3","Fruzsina","You","<none>","3","Waru","1","1","606"
"2515","1","test","149","m","4","shape1.jpg","3","Fruzsina","You","<none>","3","Waru","2","1","563"
"2515","1","test","150","m","7","shape1.jpg","3","Fruzsina","You","<none>","3","Waru","2","1","608"
"2515","1","test","151","z","3","shape3.jpg","3","Fruzsina","You","<none>","3","Waru","1","1","724"
"2515","1","test","152","m","7","shape1.jpg","3","Fruzsina","You","<none>","3","Waru","2","1","1002"
"2515","1","test","153","m","8","shape2.jpg","3","Fruzsina","You","<none>","3","Waru","2","1","588"
"2515","1","test","154","z","5","shape2.jpg","3","Fruzsina","You","<none>","3","Waru","2","0","728"
"2515","1","test","155","m","7","shape1.jpg","3","Fruzsina","You","<none>","3","Waru","2","1","687"
"2515","1","test","156","m","3","shape3.jpg","3","Fruzsina","You","<none>","3","Waru","1","0","374"
"2515","1","test","157","m","1","shape1.jpg","3","Fruzsina","You","<none>","3","Waru","1","0","517"
"2515","1","test","158","z","3","shape3.jpg","3","Fruzsina","You","<none>","3","Waru","1","1","604"
"2515","1","test","159","z","3","shape3.jpg","3","Fruzsina","You","<none>","3","Waru","1","1","535"
"2515","1","test","160","m","1","shape1.jpg","3","Fruzsina","You","<none>","3","Waru","1","0","629"
"2515","1","test","161","z","2","shape2.jpg","3","Fruzsina","You","<none>","3","Waru","1","1","568"
"2515","1","test","162","z","2","shape2.jpg","3","Fruzsina","You","<none>","3","Waru","1","1","471"
"2515","1","test","163","z","1","shape1.jpg","3","Fruzsina","You","<none>","3","Waru","1","1","695"
"2515","1","test","164","z","9","shape3.jpg","3","Fruzsina","You","<none>","3","Waru","2","0","414"
"2515","1","test","165","m","3","shape3.jpg","3","Fruzsina","You","<none>","3","Waru","1","0","634"
"2515","1","test","166","z","5","shape2.jpg","3","Fruzsina","You","<none>","3","Waru","2","0","765"
"2515","1","test","167","z","3","shape3.jpg","3","Fruzsina","You","<none>","3","Waru","1","1","792"
"2515","1","test","168","z","2","shape2.jpg","3","Fruzsina","You","<none>","3","Waru","1","1","621"
"2515","1","test","169","m","4","shape1.jpg","3","Fruzsina","You","<none>","3","Waru","2","1","1111"
"2515","1","test","170","m","8","shape2.jpg","3","Fruzsina","You","<none>","3","Waru","2","1","686"
"2515","1","test","171","m","8","shape2.jpg","3","Fruzsina","You","<none>","3","Waru","2","1","615"
"2515","1","test","172","m","8","shape2.jpg","3","Fruzsina","You","<none>","3","Waru","2","1","568"
"2515","1","test","173","m","4","shape1.jpg","3","Fruzsina","You","<none>","3","Waru","2","1","446"
"2515","1","test","174","z","2","shape2.jpg","3","Fruzsina","You","<none>","3","Waru","1","1","607"
"2515","1","test","175","z","3","shape3.jpg","3","Fruzsina","You","<none>","3","Waru","1","1","612"
"2515","1","test","176","m","5","shape2.jpg","3","Fruzsina","You","<none>","3","Waru","2","1","856"
"2515","1","test","177","m","6","shape3.jpg","3","Fruzsina","You","<none>","3","Waru","2","1","704"
"2515","1","test","178","m","8","shape2.jpg","3","Fruzsina","You","<none>","3","Waru","2","1","703"
"2515","1","test","179","m","6","shape3.jpg","3","Fruzsina","You","<none>","3","Waru","2","1","429"
"2515","1","test","180","z","3","shape3.jpg","3","Fruzsina","You","<none>","3","Waru","1","1","658"
"2515","1","test","181","z","2","shape2.jpg","3","Fruzsina","You","<none>","3","Waru","1","1","683"
"2515","1","test","182","m","4","shape1.jpg","3","Fruzsina","You","<none>","3","Waru","2","1","563"
"2515","1","test","183","z","1","shape1.jpg","3","Fruzsina","You","<none>","3","Waru","1","1","664"
"2515","1","test","184","z","1","shape1.jpg","3","Fruzsina","You","<none>","3","Waru","1","1","705"
"2515","1","test","185","z","1","shape1.jpg","3","Fruzsina","You","<none>","3","Waru","1","1","417"
"2515","1","test","186","m","3","shape3.jpg","3","Fruzsina","You","<none>","3","Waru","1","0","540"
"2515","1","test","187","z","3","shape3.jpg","3","Fruzsina","You","<none>","3","Waru","1","1","554"
"2515","1","test","188","z","2","shape2.jpg","3","Fruzsina","You","<none>","3","Waru","1","1","528"
"2515","1","test","189","z","2","shape2.jpg","3","Fruzsina","You","<none>","3","Waru","1","1","496"
"2515","1","test","190","z","1","shape1.jpg","3","Fruzsina","You","<none>","3","Waru","1","1","534"
"2515","1","test","191","z","9","shape3.jpg","3","Fruzsina","You","<none>","3","Waru","2","0","406"
"2515","1","test","192","z","3","shape3.jpg","3","Fruzsina","You","<none>","3","Waru","1","1","657"
"2515","1","test","193","z","9","shape3.jpg","3","Fruzsina","You","<none>","3","Waru","2","0","445"
"2515","1","test","194","z","3","shape3.jpg","3","Fruzsina","You","<none>","3","Waru","1","1","526"
"2515","1","test","195","m","5","shape2.jpg","3","Fruzsina","You","<none>","3","Waru","2","1","950"
"2515","1","test","196","z","6","shape3.jpg","3","Fruzsina","You","<none>","3","Waru","2","0","555"
"2515","1","test","197","z","1","shape1.jpg","3","Fruzsina","You","<none>","3","Waru","1","1","888"
"2515","1","test","198","z","1","shape1.jpg","3","Fruzsina","You","<none>","3","Waru","1","1","455"
"2515","1","test","199","m","8","shape2.jpg","3","Fruzsina","You","<none>","3","Waru","2","1","689"
"2515","1","test","200","m","9","shape3.jpg","3","Fruzsina","You","<none>","3","Waru","2","1","610"
"2515","1","test","201","m","5","shape2.jpg","3","Fruzsina","You","<none>","3","Waru","2","1","476"
"2515","1","test","202","m","1","shape1.jpg","3","Fruzsina","You","<none>","3","Waru","1","0","446"
"2515","1","test","203","m","9","shape3.jpg","3","Fruzsina","You","<none>","3","Waru","2","1","865"
"2515","1","test","204","z","2","shape2.jpg","3","Fruzsina","You","<none>","3","Waru","1","1","536"
"2515","1","test","205","m","4","shape1.jpg","3","Fruzsina","You","<none>","3","Waru","2","1","631"
"2515","1","test","206","m","3","shape3.jpg","3","Fruzsina","You","<none>","3","Waru","1","0","538"
"2515","1","test","207","m","5","shape2.jpg","3","Fruzsina","You","<none>","3","Waru","2","1","839"
"2515","1","test","208","m","9","shape3.jpg","3","Fruzsina","You","<none>","3","Waru","2","1","633"
"2515","1","test","209","z","3","shape3.jpg","3","Fruzsina","You","<none>","3","Waru","1","1","723"
"2515","1","test","210","m","6","shape3.jpg","3","Fruzsina","You","<none>","3","Waru","2","1","722"
"2515","1","test","211","z","1","shape1.jpg","3","Fruzsina","You","<none>","3","Waru","1","1","576"
"2515","1","test","212","z","3","shape3.jpg","3","Fruzsina","You","<none>","3","Waru","1","1","837"
"2515","1","test","213","z","2","shape2.jpg","3","Fruzsina","You","<none>","3","Waru","1","1","822"
"2515","1","test","214","m","5","shape2.jpg","3","Fruzsina","You","<none>","3","Waru","2","1","969"
"2515","1","test","215","z","2","shape2.jpg","3","Fruzsina","You","<none>","3","Waru","1","1","701"
"2515","1","test","216","z","3","shape3.jpg","3","Fruzsina","You","<none>","3","Waru","1","1","476"
"2515","1","test","217","m","9","shape3.jpg","3","Fruzsina","You","<none>","3","Waru","2","1","726"
"2515","1","test","218","m","9","shape3.jpg","3","Fruzsina","You","<none>","3","Waru","2","1","493"
"2515","1","test","219","z","1","shape1.jpg","3","Fruzsina","You","<none>","3","Waru","1","1","701"
"2515","1","test","220","m","3","shape3.jpg","3","Fruzsina","You","<none>","3","Waru","1","0","589"
"2515","1","test","221","z","1","shape1.jpg","3","Fruzsina","You","<none>","3","Waru","1","1","648"
"2515","1","test","222","m","7","shape1.jpg","3","Fruzsina","You","<none>","3","Waru","2","1","570"
"2515","1","test","223","z","4","shape1.jpg","3","Fruzsina","You","<none>","3","Waru","2","0","543"
"2515","1","test","224","m","3","shape3.jpg","3","Fruzsina","You","<none>","3","Waru","1","0","613"
"2515","1","test","225","m","7","shape1.jpg","3","Fruzsina","You","<none>","3","Waru","2","1","855"
"2515","1","test","226","m","4","shape1.jpg","3","Fruzsina","You","<none>","3","Waru","2","1","577"
"2515","1","test","227","m","7","shape1.jpg","3","Fruzsina","You","<none>","3","Waru","2","1","590"
"2515","1","test","228","z","3","shape3.jpg","3","Fruzsina","You","<none>","3","Waru","1","1","722"
"2515","1","test","229","z","2","shape2.jpg","3","Fruzsina","You","<none>","3","Waru","1","1","521"
"2515","1","test","230","m","4","shape1.jpg","3","Fruzsina","You","<none>","3","Waru","2","1","672"
"2515","1","test","231","z","9","shape3.jpg","3","Fruzsina","You","<none>","3","Waru","2","0","928"
"2515","1","test","232","z","2","shape2.jpg","3","Fruzsina","You","<none>","3","Waru","1","1","654"
"2515","1","test","233","z","3","shape3.jpg","3","Fruzsina","You","<none>","3","Waru","1","1","664"
"2515","1","test","234","m","9","shape3.jpg","3","Fruzsina","You","<none>","3","Waru","2","1","691"
"2515","1","test","235","z","2","shape2.jpg","3","Fruzsina","You","<none>","3","Waru","1","1","745"
"2515","1","test","236","m","4","shape1.jpg","3","Fruzsina","You","<none>","3","Waru","2","1","512"
"2515","1","test","237","m","1","shape1.jpg","3","Fruzsina","You","<none>","3","Waru","1","0","496"
"2515","1","test","238","m","6","shape3.jpg","3","Fruzsina","You","<none>","3","Waru","2","1","600"
"2515","1","test","239","m","5","shape2.jpg","3","Fruzsina","You","<none>","3","Waru","2","1","610"
"2515","1","test","240","z","1","shape1.jpg","3","Fruzsina","You","<none>","3","Waru","1","1","567"
"2515","1","test","241","z","7","shape1.jpg","3","Fruzsina","You","<none>","3","Waru","2","0","666"
"2515","1","test","242","z","4","shape1.jpg","3","Fruzsina","You","<none>","3","Waru","2","0","674"
"2515","1","test","243","m","1","shape1.jpg","3","Fruzsina","You","<none>","3","Waru","1","0","538"
"2515","1","test","244","m","4","shape1.jpg","3","Fruzsina","You","<none>","3","Waru","2","1","673"
"2515","1","test","245","m","9","shape3.jpg","3","Fruzsina","You","<none>","3","Waru","2","1","697"
"2515","1","test","246","z","3","shape3.jpg","3","Fruzsina","You","<none>","3","Waru","1","1","562"
"2515","1","test","247","m","8","shape2.jpg","3","Fruzsina","You","<none>","3","Waru","2","1","520"
"2515","1","test","248","m","9","shape3.jpg","3","Fruzsina","You","<none>","3","Waru","2","1","581"
"2515","1","test","249","z","3","shape3.jpg","3","Fruzsina","You","<none>","3","Waru","1","1","698"
"2515","1","test","250","m","3","shape3.jpg","3","Fruzsina","You","<none>","3","Waru","1","0","569"
"2515","1","test","251","m","6","shape3.jpg","3","Fruzsina","You","<none>","3","Waru","2","1","711"
"2515","1","test","252","z","2","shape2.jpg","3","Fruzsina","You","<none>","3","Waru","1","1","702"
"2515","1","test","253","m","5","shape2.jpg","3","Fruzsina","You","<none>","3","Waru","2","1","541"
"2515","1","test","254","z","7","shape1.jpg","3","Fruzsina","You","<none>","3","Waru","2","0","403"
"2515","1","test","255","z","2","shape2.jpg","3","Fruzsina","You","<none>","3","Waru","1","1","608"
"2515","1","test","256","m","4","shape1.jpg","3","Fruzsina","You","<none>","3","Waru","2","1","635"
"2515","1","test","257","m","5","shape2.jpg","3","Fruzsina","You","<none>","3","Waru","2","1","639"
"2515","1","test","258","m","6","shape3.jpg","3","Fruzsina","You","<none>","3","Waru","2","1","855"
"2515","1","test","259","m","6","shape3.jpg","3","Fruzsina","You","<none>","3","Waru","2","1","472"
"2515","1","test","260","m","5","shape2.jpg","3","Fruzsina","You","<none>","3","Waru","2","1","857"
"2515","1","test","261","z","1","shape1.jpg","3","Fruzsina","You","<none>","3","Waru","1","1","658"
"2515","1","test","262","m","1","shape1.jpg","3","Fruzsina","You","<none>","3","Waru","1","0","581"
"2515","1","test","263","m","8","shape2.jpg","3","Fruzsina","You","<none>","3","Waru","2","1","480"
"2515","1","test","264","m","6","shape3.jpg","3","Fruzsina","You","<none>","3","Waru","2","1","457"
"2515","1","test","265","m","7","shape1.jpg","3","Fruzsina","You","<none>","3","Waru","2","1","500"
"2515","1","test","266","z","2","shape2.jpg","3","Fruzsina","You","<none>","3","Waru","1","1","387"
"2515","1","test","267","m","1","shape1.jpg","3","Fruzsina","You","<none>","3","Waru","1","0","464"
"2515","1","test","268","m","2","shape2.jpg","3","Fruzsina","You","<none>","3","Waru","1","0","640"
"2515","1","test","269","m","1","shape1.jpg","3","Fruzsina","You","<none>","3","Waru","1","0","594"
"2515","1","test","270","m","1","shape1.jpg","3","Fruzsina","You","<none>","3","Waru","1","0","118"
"2515","1","test","271","z","1","shape1.jpg","3","Fruzsina","You","<none>","3","Waru","1","1","688"
"2515","1","test","272","m","3","shape3.jpg","3","Fruzsina","You","<none>","3","Waru","1","0","544"
"2515","1","test","273","z","3","shape3.jpg","3","Fruzsina","You","<none>","3","Waru","1","1","631"
"2515","1","test","274","z","3","shape3.jpg","3","Fruzsina","You","<none>","3","Waru","1","1","457"
"2515","1","test","275","z","2","shape2.jpg","3","Fruzsina","You","<none>","3","Waru","1","1","651"
"2515","1","test","276","z","2","shape2.jpg","3","Fruzsina","You","<none>","3","Waru","1","1","468"
"2515","1","test","277","m","4","shape1.jpg","3","Fruzsina","You","<none>","3","Waru","2","1","676"
"2515","1","test","278","m","9","shape3.jpg","3","Fruzsina","You","<none>","3","Waru","2","1","726"
"2515","1","test","279","m","6","shape3.jpg","3","Fruzsina","You","<none>","3","Waru","2","1","524"
"2515","1","test","280","z","2","shape2.jpg","3","Fruzsina","You","<none>","3","Waru","1","1","475"
"2515","1","test","281","m","6","shape3.jpg","3","Fruzsina","You","<none>","3","Waru","2","1","629"
"2515","1","test","282","m","2","shape2.jpg","3","Fruzsina","You","<none>","3","Waru","1","0","480"
"2515","1","test","283","m","4","shape1.jpg","3","Fruzsina","You","<none>","3","Waru","2","1","585"
"2515","1","test","284","z","2","shape2.jpg","3","Fruzsina","You","<none>","3","Waru","1","1","550"
"2515","1","test","285","m","1","shape1.jpg","3","Fruzsina","You","<none>","3","Waru","1","0","499"
"2515","1","test","286","m","4","shape1.jpg","3","Fruzsina","You","<none>","3","Waru","2","1","556"
"2515","1","test","287","m","8","shape2.jpg","3","Fruzsina","You","<none>","3","Waru","2","1","601"
"2515","1","test","288","z","1","shape1.jpg","3","Fruzsina","You","<none>","3","Waru","1","1","476"
"2515","1","test","289","z","1","shape1.jpg","3","Fruzsina","You","<none>","3","Waru","1","1","517"
"2515","1","test","290","z","1","shape1.jpg","3","Fruzsina","You","<none>","3","Waru","1","1","548"
"2515","1","test","291","m","7","shape1.jpg","3","Fruzsina","You","<none>","3","Waru","2","1","634"
"2515","1","test","292","m","5","shape2.jpg","3","Fruzsina","You","<none>","3","Waru","2","1","564"
"2515","1","test","293","z","2","shape2.jpg","3","Fruzsina","You","<none>","3","Waru","1","1","537"
"2515","1","test","294","m","8","shape2.jpg","3","Fruzsina","You","<none>","3","Waru","2","1","543"
"2515","1","test","295","m","8","shape2.jpg","3","Fruzsina","You","<none>","3","Waru","2","1","407"
"2515","1","test","296","m","3","shape3.jpg","3","Fruzsina","You","<none>","3","Waru","1","0","467"
"2515","1","test","297","z","2","shape2.jpg","3","Fruzsina","You","<none>","3","Waru","1","1","595"
"2515","1","test","298","m","9","shape3.jpg","3","Fruzsina","You","<none>","3","Waru","2","1","855"
"2515","1","test","299","m","8","shape2.jpg","3","Fruzsina","You","<none>","3","Waru","2","1","529"
"2515","1","test","300","m","3","shape3.jpg","3","Fruzsina","You","<none>","3","Waru","1","0","519"
"2515","1","test","301","m","9","shape3.jpg","3","Fruzsina","You","<none>","3","Waru","2","1","680"
"2515","1","test","302","z","1","shape1.jpg","3","Fruzsina","You","<none>","3","Waru","1","1","607"
"2515","1","test","303","z","3","shape3.jpg","3","Fruzsina","You","<none>","3","Waru","1","1","484"
"2515","1","test","304","z","3","shape3.jpg","3","Fruzsina","You","<none>","3","Waru","1","1","403"
"2515","1","test","305","z","3","shape3.jpg","3","Fruzsina","You","<none>","3","Waru","1","1","512"
"2515","1","test","306","m","1","shape1.jpg","3","Fruzsina","You","<none>","3","Waru","1","0","680"
"2515","1","test","307","z","2","shape2.jpg","3","Fruzsina","You","<none>","3","Waru","1","1","624"
"2515","1","test","308","z","8","shape2.jpg","3","Fruzsina","You","<none>","3","Waru","2","0","459"
"2515","1","test","309","m","5","shape2.jpg","3","Fruzsina","You","<none>","3","Waru","2","1","893"
"2515","1","test","310","z","3","shape3.jpg","3","Fruzsina","You","<none>","3","Waru","1","1","724"
"2515","1","test","311","m","5","shape2.jpg","3","Fruzsina","You","<none>","3","Waru","2","1","811"
"2515","1","test","312","m","6","shape3.jpg","3","Fruzsina","You","<none>","3","Waru","2","1","630"
"2515","1","test","313","m","7","shape1.jpg","3","Fruzsina","You","<none>","3","Waru","2","1","617"
"2515","1","test","314","z","5","shape2.jpg","3","Fruzsina","You","<none>","3","Waru","2","0","733"
"2515","1","test","315","m","7","shape1.jpg","3","Fruzsina","You","<none>","3","Waru","2","1","691"
"2515","1","test","316","z","2","shape2.jpg","3","Fruzsina","You","<none>","3","Waru","1","1","587"
"2515","1","test","317","z","2","shape2.jpg","3","Fruzsina","You","<none>","3","Waru","1","1","622"
"2515","1","test","318","m","1","shape1.jpg","3","Fruzsina","You","<none>","3","Waru","1","0","633"
"2515","1","test","319","m","5","shape2.jpg","3","Fruzsina","You","<none>","3","Waru","2","1","594"
"2515","1","test","320","m","7","shape1.jpg","3","Fruzsina","You","<none>","3","Waru","2","1","536"
"2515","1","test","321","m","6","shape3.jpg","3","Fruzsina","You","<none>","3","Waru","2","1","597"
"2515","1","test","322","z","2","shape2.jpg","3","Fruzsina","You","<none>","3","Waru","1","1","592"
"2515","1","test","323","m","7","shape1.jpg","3","Fruzsina","You","<none>","3","Waru","2","1","532"
"2515","1","test","324","m","8","shape2.jpg","3","Fruzsina","You","<none>","3","Waru","2","1","635"
"2515","1","test","325","m","4","shape1.jpg","3","Fruzsina","You","<none>","3","Waru","2","1","429"
"2515","1","test","326","m","7","shape1.jpg","3","Fruzsina","You","<none>","3","Waru","2","1","537"
"2515","1","test","327","z","2","shape2.jpg","3","Fruzsina","You","<none>","3","Waru","1","1","536"
"2515","1","test","328","m","2","shape2.jpg","3","Fruzsina","You","<none>","3","Waru","1","0","502"
"2515","1","test","329","m","1","shape1.jpg","3","Fruzsina","You","<none>","3","Waru","1","0","607"
"2515","1","test","330","m","8","shape2.jpg","3","Fruzsina","You","<none>","3","Waru","2","1","746"
"2515","1","test","331","z","2","shape2.jpg","3","Fruzsina","You","<none>","3","Waru","1","1","607"
"2515","1","test","332","m","5","shape2.jpg","3","Fruzsina","You","<none>","3","Waru","2","1","673"
"2515","1","test","333","z","2","shape2.jpg","3","Fruzsina","You","<none>","3","Waru","1","1","571"
"2515","1","test","334","m","7","shape1.jpg","3","Fruzsina","You","<none>","3","Waru","2","1","601"
"2515","1","test","335","m","8","shape2.jpg","3","Fruzsina","You","<none>","3","Waru","2","1","500"
"2515","1","test","336","m","6","shape3.jpg","3","Fruzsina","You","<none>","3","Waru","2","1","709"
"2515","1","test","337","m","2","shape2.jpg","3","Fruzsina","You","<none>","3","Waru","1","0","412"
"2515","1","test","338","m","9","shape3.jpg","3","Fruzsina","You","<none>","3","Waru","2","1","687"
"2515","1","test","339","m","6","shape3.jpg","3","Fruzsina","You","<none>","3","Waru","2","1","655"
"2515","1","test","340","m","6","shape3.jpg","3","Fruzsina","You","<none>","3","Waru","2","1","529"
"2515","1","test","341","m","6","shape3.jpg","3","Fruzsina","You","<none>","3","Waru","2","1","391"
"2515","1","test","342","m","9","shape3.jpg","3","Fruzsina","You","<none>","3","Waru","2","1","404"
"2515","1","test","343","m","1","shape1.jpg","3","Fruzsina","You","<none>","3","Waru","1","0","393"
"2515","1","test","344","m","6","shape3.jpg","3","Fruzsina","You","<none>","3","Waru","2","1","621"
"2515","1","test","345","m","7","shape1.jpg","3","Fruzsina","You","<none>","3","Waru","2","1","626"
"2515","1","test","346","z","1","shape1.jpg","3","Fruzsina","You","<none>","3","Waru","1","1","810"
"2515","1","test","347","m","4","shape1.jpg","3","Fruzsina","You","<none>","3","Waru","2","1","614"
"2515","1","test","348","m","5","shape2.jpg","3","Fruzsina","You","<none>","3","Waru","2","1","658"
"2515","1","test","349","m","8","shape2.jpg","3","Fruzsina","You","<none>","3","Waru","2","1","683"
"2515","1","test","350","z","1","shape1.jpg","3","Fruzsina","You","<none>","3","Waru","1","1","643"
"2515","1","test","351","m","5","shape2.jpg","3","Fruzsina","You","<none>","3","Waru","2","1","718"
"2515","1","test","352","z","1","shape1.jpg","3","Fruzsina","You","<none>","3","Waru","1","1","843"
"2515","1","test","353","m","3","shape3.jpg","3","Fruzsina","You","<none>","3","Waru","1","0","534"
"2515","1","test","354","z","2","shape2.jpg","3","Fruzsina","You","<none>","3","Waru","1","1","691"
"2515","1","test","355","z","1","shape1.jpg","3","Fruzsina","You","<none>","3","Waru","1","1","644"
"2515","1","test","356","m","4","shape1.jpg","3","Fruzsina","You","<none>","3","Waru","2","1","614"
"2515","1","test","357","m","2","shape2.jpg","3","Fruzsina","You","<none>","3","Waru","1","0","618"
"2515","1","test","358","z","1","shape1.jpg","3","Fruzsina","You","<none>","3","Waru","1","1","685"
"2515","1","test","359","m","6","shape3.jpg","3","Fruzsina","You","<none>","3","Waru","2","1","653"
"2515","1","test","360","z","3","shape3.jpg","3","Fruzsina","You","<none>","3","Waru","1","1","845"
"2516","2","test","1","z","9","shape3.jpg","4","Adri","<none>","You","3","Nenu","2","1","832"
"2516","2","test","2","m","3","shape3.jpg","4","Adri","<none>","You","3","Nenu","1","1","1072"
"2516","2","test","3","z","8","shape2.jpg","4","Adri","<none>","You","3","Nenu","2","1","847"
"2516","2","test","4","m","3","shape3.jpg","4","Adri","<none>","You","3","Nenu","1","1","753"
"2516","2","test","5","m","3","shape3.jpg","4","Adri","<none>","You","3","Nenu","1","1","687"
"2516","2","test","6","m","2","shape2.jpg","4","Adri","<none>","You","3","Nenu","1","1","646"
"2516","2","test","7","m","1","shape1.jpg","4","Adri","<none>","You","3","Nenu","1","1","521"
"2516","2","test","8","m","2","shape2.jpg","4","Adri","<none>","You","3","Nenu","1","1","849"
"2516","2","test","9","z","2","shape2.jpg","4","Adri","<none>","You","3","Nenu","1","0","625"
"2516","2","test","10","z","5","shape2.jpg","4","Adri","<none>","You","3","Nenu","2","1","900"
"2516","2","test","11","z","1","shape1.jpg","4","Adri","<none>","You","3","Nenu","1","0","1394"
"2516","2","test","12","z","4","shape1.jpg","4","Adri","<none>","You","3","Nenu","2","1","1027"
"2516","2","test","13","m","1","shape1.jpg","4","Adri","<none>","You","3","Nenu","1","1","693"
"2516","2","test","14","m","1","shape1.jpg","4","Adri","<none>","You","3","Nenu","1","1","719"
"2516","2","test","15","m","1","shape1.jpg","4","Adri","<none>","You","3","Nenu","1","1","653"
"2516","2","test","16","z","6","shape3.jpg","4","Adri","<none>","You","3","Nenu","2","1","1415"
"2516","2","test","17","z","8","shape2.jpg","4","Adri","<none>","You","3","Nenu","2","1","1311"
"2516","2","test","18","m","2","shape2.jpg","4","Adri","<none>","You","3","Nenu","1","1","693"
"2516","2","test","19","m","2","shape2.jpg","4","Adri","<none>","You","3","Nenu","1","1","846"
"2516","2","test","20","z","1","shape1.jpg","4","Adri","<none>","You","3","Nenu","1","0","1325"
"2516","2","test","21","z","5","shape2.jpg","4","Adri","<none>","You","3","Nenu","2","1","922"
"2516","2","test","22","m","2","shape2.jpg","4","Adri","<none>","You","3","Nenu","1","1","960"
"2516","2","test","23","m","2","shape2.jpg","4","Adri","<none>","You","3","Nenu","1","1","885"
"2516","2","test","24","m","1","shape1.jpg","4","Adri","<none>","You","3","Nenu","1","1","1293"
"2516","2","test","25","m","1","shape1.jpg","4","Adri","<none>","You","3","Nenu","1","1","642"
"2516","2","test","26","z","8","shape2.jpg","4","Adri","<none>","You","3","Nenu","2","1","789"
"2516","2","test","27","m","1","shape1.jpg","4","Adri","<none>","You","3","Nenu","1","1","1208"
"2516","2","test","28","m","1","shape1.jpg","4","Adri","<none>","You","3","Nenu","1","1","699"
"2516","2","test","29","m","1","shape1.jpg","4","Adri","<none>","You","3","Nenu","1","1","603"
"2516","2","test","30","z","6","shape3.jpg","4","Adri","<none>","You","3","Nenu","2","1","749"
"2516","2","test","31","z","5","shape2.jpg","4","Adri","<none>","You","3","Nenu","2","1","962"
"2516","2","test","32","z","7","shape1.jpg","4","Adri","<none>","You","3","Nenu","2","1","967"
"2516","2","test","33","m","1","shape1.jpg","4","Adri","<none>","You","3","Nenu","1","1","803"
"2516","2","test","34","m","1","shape1.jpg","4","Adri","<none>","You","3","Nenu","1","1","661"
"2516","2","test","35","m","1","shape1.jpg","4","Adri","<none>","You","3","Nenu","1","1","615"
"2516","2","test","36","z","7","shape1.jpg","4","Adri","<none>","You","3","Nenu","2","1","795"
"2516","2","test","37","z","4","shape1.jpg","4","Adri","<none>","You","3","Nenu","2","1","1149"
"2516","2","test","38","m","1","shape1.jpg","4","Adri","<none>","You","3","Nenu","1","1","954"
"2516","2","test","39","m","3","shape3.jpg","4","Adri","<none>","You","3","Nenu","1","1","654"
"2516","2","test","40","m","5","shape2.jpg","4","Adri","<none>","You","3","Nenu","2","0","911"
"2516","2","test","41","z","9","shape3.jpg","4","Adri","<none>","You","3","Nenu","2","1","1007"
"2516","2","test","42","z","7","shape1.jpg","4","Adri","<none>","You","3","Nenu","2","1","881"
"2516","2","test","43","z","9","shape3.jpg","4","Adri","<none>","You","3","Nenu","2","1","720"
"2516","2","test","44","x","4","shape1.jpg","4","Adri","<none>","You","3","Nenu","2","0","1498"
"2516","2","test","45","m","2","shape2.jpg","4","Adri","<none>","You","3","Nenu","1","1","666"
"2516","2","test","46","m","2","shape2.jpg","4","Adri","<none>","You","3","Nenu","1","1","788"
"2516","2","test","47","m","2","shape2.jpg","4","Adri","<none>","You","3","Nenu","1","1","624"
"2516","2","test","48","z","4","shape1.jpg","4","Adri","<none>","You","3","Nenu","2","1","746"
"2516","2","test","49","m","3","shape3.jpg","4","Adri","<none>","You","3","Nenu","1","1","905"
"2516","2","test","50","m","2","shape2.jpg","4","Adri","<none>","You","3","Nenu","1","1","719"
"2516","2","test","51","z","6","shape3.jpg","4","Adri","<none>","You","3","Nenu","2","1","1309"
"2516","2","test","52","z","4","shape1.jpg","4","Adri","<none>","You","3","Nenu","2","1","1235"
"2516","2","test","53","z","7","shape1.jpg","4","Adri","<none>","You","3","Nenu","2","1","811"
"2516","2","test","54","z","9","shape3.jpg","4","Adri","<none>","You","3","Nenu","2","1","1015"
"2516","2","test","55","z","6","shape3.jpg","4","Adri","<none>","You","3","Nenu","2","1","1065"
"2516","2","test","56","x","9","shape3.jpg","4","Adri","<none>","You","3","Nenu","2","0","1500"
"2516","2","test","57","m","1","shape1.jpg","4","Adri","<none>","You","3","Nenu","1","1","1196"
"2516","2","test","58","z","4","shape1.jpg","4","Adri","<none>","You","3","Nenu","2","1","853"
"2516","2","test","59","m","3","shape3.jpg","4","Adri","<none>","You","3","Nenu","1","1","592"
"2516","2","test","60","z","5","shape2.jpg","4","Adri","<none>","You","3","Nenu","2","1","634"
"2516","2","test","61","m","2","shape2.jpg","4","Adri","<none>","You","3","Nenu","1","1","615"
"2516","2","test","62","m","4","shape1.jpg","4","Adri","<none>","You","3","Nenu","2","0","1426"
"2516","2","test","63","z","4","shape1.jpg","4","Adri","<none>","You","3","Nenu","2","1","840"
"2516","2","test","64","m","3","shape3.jpg","4","Adri","<none>","You","3","Nenu","1","1","723"
"2516","2","test","65","m","2","shape2.jpg","4","Adri","<none>","You","3","Nenu","1","1","681"
"2516","2","test","66","z","5","shape2.jpg","4","Adri","<none>","You","3","Nenu","2","1","721"
"2516","2","test","67","z","1","shape1.jpg","4","Adri","<none>","You","3","Nenu","1","0","904"
"2516","2","test","68","z","6","shape3.jpg","4","Adri","<none>","You","3","Nenu","2","1","862"
"2516","2","test","69","m","2","shape2.jpg","4","Adri","<none>","You","3","Nenu","1","1","551"
"2516","2","test","70","z","5","shape2.jpg","4","Adri","<none>","You","3","Nenu","2","1","941"
"2516","2","test","71","m","1","shape1.jpg","4","Adri","<none>","You","3","Nenu","1","1","595"
"2516","2","test","72","m","1","shape1.jpg","4","Adri","<none>","You","3","Nenu","1","1","830"
"2516","2","test","73","z","5","shape2.jpg","4","Adri","<none>","You","3","Nenu","2","1","881"
"2516","2","test","74","z","4","shape1.jpg","4","Adri","<none>","You","3","Nenu","2","1","784"
"2516","2","test","75","m","2","shape2.jpg","4","Adri","<none>","You","3","Nenu","1","1","693"
"2516","2","test","76","z","1","shape1.jpg","4","Adri","<none>","You","3","Nenu","1","0","628"
"2516","2","test","77","z","9","shape3.jpg","4","Adri","<none>","You","3","Nenu","2","1","807"
"2516","2","test","78","z","8","shape2.jpg","4","Adri","<none>","You","3","Nenu","2","1","787"
"2516","2","test","79","z","4","shape1.jpg","4","Adri","<none>","You","3","Nenu","2","1","655"
"2516","2","test","80","m","6","shape3.jpg","4","Adri","<none>","You","3","Nenu","2","0","944"
"2516","2","test","81","m","2","shape2.jpg","4","Adri","<none>","You","3","Nenu","1","1","900"
"2516","2","test","82","m","2","shape2.jpg","4","Adri","<none>","You","3","Nenu","1","1","835"
"2516","2","test","83","z","5","shape2.jpg","4","Adri","<none>","You","3","Nenu","2","1","693"
"2516","2","test","84","m","2","shape2.jpg","4","Adri","<none>","You","3","Nenu","1","1","725"
"2516","2","test","85","z","7","shape1.jpg","4","Adri","<none>","You","3","Nenu","2","1","706"
"2516","2","test","86","z","7","shape1.jpg","4","Adri","<none>","You","3","Nenu","2","1","834"
"2516","2","test","87","m","3","shape3.jpg","4","Adri","<none>","You","3","Nenu","1","1","596"
"2516","2","test","88","z","9","shape3.jpg","4","Adri","<none>","You","3","Nenu","2","1","568"
"2516","2","test","89","z","9","shape3.jpg","4","Adri","<none>","You","3","Nenu","2","1","621"
"2516","2","test","90","z","9","shape3.jpg","4","Adri","<none>","You","3","Nenu","2","1","712"
"2516","2","test","91","z","8","shape2.jpg","4","Adri","<none>","You","3","Nenu","2","1","751"
"2516","2","test","92","m","3","shape3.jpg","4","Adri","<none>","You","3","Nenu","1","1","542"
"2516","2","test","93","z","5","shape2.jpg","4","Adri","<none>","You","3","Nenu","2","1","612"
"2516","2","test","94","m","3","shape3.jpg","4","Adri","<none>","You","3","Nenu","1","1","717"
"2516","2","test","95","m","3","shape3.jpg","4","Adri","<none>","You","3","Nenu","1","1","773"
"2516","2","test","96","z","9","shape3.jpg","4","Adri","<none>","You","3","Nenu","2","1","601"
"2516","2","test","97","z","1","shape1.jpg","4","Adri","<none>","You","3","Nenu","1","0","717"
"2516","2","test","98","z","6","shape3.jpg","4","Adri","<none>","You","3","Nenu","2","1","795"
"2516","2","test","99","m","1","shape1.jpg","4","Adri","<none>","You","3","Nenu","1","1","951"
"2516","2","test","100","z","6","shape3.jpg","4","Adri","<none>","You","3","Nenu","2","1","1018"
"2516","2","test","101","z","7","shape1.jpg","4","Adri","<none>","You","3","Nenu","2","1","711"
"2516","2","test","102","m","3","shape3.jpg","4","Adri","<none>","You","3","Nenu","1","1","684"
"2516","2","test","103","z","8","shape2.jpg","4","Adri","<none>","You","3","Nenu","2","1","668"
"2516","2","test","104","z","5","shape2.jpg","4","Adri","<none>","You","3","Nenu","2","1","870"
"2516","2","test","105","z","7","shape1.jpg","4","Adri","<none>","You","3","Nenu","2","1","926"
"2516","2","test","106","z","4","shape1.jpg","4","Adri","<none>","You","3","Nenu","2","1","579"
"2516","2","test","107","z","8","shape2.jpg","4","Adri","<none>","You","3","Nenu","2","1","657"
"2516","2","test","108","m","3","shape3.jpg","4","Adri","<none>","You","3","Nenu","1","1","418"
"2516","2","test","109","z","1","shape1.jpg","4","Adri","<none>","You","3","Nenu","1","0","718"
"2516","2","test","110","z","8","shape2.jpg","4","Adri","<none>","You","3","Nenu","2","1","1043"
"2516","2","test","111","m","1","shape1.jpg","4","Adri","<none>","You","3","Nenu","1","1","805"
"2516","2","test","112","z","3","shape3.jpg","4","Adri","<none>","You","3","Nenu","1","0","768"
"2516","2","test","113","m","3","shape3.jpg","4","Adri","<none>","You","3","Nenu","1","1","628"
"2516","2","test","114","z","9","shape3.jpg","4","Adri","<none>","You","3","Nenu","2","1","998"
"2516","2","test","115","m","2","shape2.jpg","4","Adri","<none>","You","3","Nenu","1","1","627"
"2516","2","test","116","m","1","shape1.jpg","4","Adri","<none>","You","3","Nenu","1","1","781"
"2516","2","test","117","z","8","shape2.jpg","4","Adri","<none>","You","3","Nenu","2","1","665"
"2516","2","test","118","z","7","shape1.jpg","4","Adri","<none>","You","3","Nenu","2","1","850"
"2516","2","test","119","z","1","shape1.jpg","4","Adri","<none>","You","3","Nenu","1","0","667"
"2516","2","test","120","m","3","shape3.jpg","4","Adri","<none>","You","3","Nenu","1","1","995"
"2516","2","test","121","m","2","shape2.jpg","4","Adri","<none>","You","3","Nenu","1","1","688"
"2516","2","test","122","m","2","shape2.jpg","4","Adri","<none>","You","3","Nenu","1","1","496"
"2516","2","test","123","z","6","shape3.jpg","4","Adri","<none>","You","3","Nenu","2","1","610"
"2516","2","test","124","m","3","shape3.jpg","4","Adri","<none>","You","3","Nenu","1","1","924"
"2516","2","test","125","m","1","shape1.jpg","4","Adri","<none>","You","3","Nenu","1","1","730"
"2516","2","test","126","z","4","shape1.jpg","4","Adri","<none>","You","3","Nenu","2","1","680"
"2516","2","test","127","m","3","shape3.jpg","4","Adri","<none>","You","3","Nenu","1","1","569"
"2516","2","test","128","z","8","shape2.jpg","4","Adri","<none>","You","3","Nenu","2","1","606"
"2516","2","test","129","z","1","shape1.jpg","4","Adri","<none>","You","3","Nenu","1","0","706"
"2516","2","test","130","z","4","shape1.jpg","4","Adri","<none>","You","3","Nenu","2","1","936"
"2516","2","test","131","m","1","shape1.jpg","4","Adri","<none>","You","3","Nenu","1","1","702"
"2516","2","test","132","m","1","shape1.jpg","4","Adri","<none>","You","3","Nenu","1","1","909"
"2516","2","test","133","m","5","shape2.jpg","4","Adri","<none>","You","3","Nenu","2","0","764"
"2516","2","test","134","z","9","shape3.jpg","4","Adri","<none>","You","3","Nenu","2","1","1017"
"2516","2","test","135","m","7","shape1.jpg","4","Adri","<none>","You","3","Nenu","2","0","690"
"2516","2","test","136","z","8","shape2.jpg","4","Adri","<none>","You","3","Nenu","2","1","946"
"2516","2","test","137","m","2","shape2.jpg","4","Adri","<none>","You","3","Nenu","1","1","607"
"2516","2","test","138","z","5","shape2.jpg","4","Adri","<none>","You","3","Nenu","2","1","1147"
"2516","2","test","139","m","2","shape2.jpg","4","Adri","<none>","You","3","Nenu","1","1","680"
"2516","2","test","140","z","1","shape1.jpg","4","Adri","<none>","You","3","Nenu","1","0","656"
"2516","2","test","141","z","9","shape3.jpg","4","Adri","<none>","You","3","Nenu","2","1","777"
"2516","2","test","142","m","2","shape2.jpg","4","Adri","<none>","You","3","Nenu","1","1","591"
"2516","2","test","143","z","7","shape1.jpg","4","Adri","<none>","You","3","Nenu","2","1","738"
"2516","2","test","144","z","7","shape1.jpg","4","Adri","<none>","You","3","Nenu","2","1","1008"
"2516","2","test","145","z","4","shape1.jpg","4","Adri","<none>","You","3","Nenu","2","1","883"
"2516","2","test","146","m","3","shape3.jpg","4","Adri","<none>","You","3","Nenu","1","1","435"
"2516","2","test","147","m","2","shape2.jpg","4","Adri","<none>","You","3","Nenu","1","1","766"
"2516","2","test","148","m","3","shape3.jpg","4","Adri","<none>","You","3","Nenu","1","1","817"
"2516","2","test","149","z","5","shape2.jpg","4","Adri","<none>","You","3","Nenu","2","1","900"
"2516","2","test","150","m","1","shape1.jpg","4","Adri","<none>","You","3","Nenu","1","1","716"
"2516","2","test","151","m","2","shape2.jpg","4","Adri","<none>","You","3","Nenu","1","1","650"
"2516","2","test","152","z","7","shape1.jpg","4","Adri","<none>","You","3","Nenu","2","1","716"
"2516","2","test","153","m","1","shape1.jpg","4","Adri","<none>","You","3","Nenu","1","1","816"
"2516","2","test","154","z","4","shape1.jpg","4","Adri","<none>","You","3","Nenu","2","1","707"
"2516","2","test","155","z","5","shape2.jpg","4","Adri","<none>","You","3","Nenu","2","1","666"
"2516","2","test","156","m","2","shape2.jpg","4","Adri","<none>","You","3","Nenu","1","1","708"
"2516","2","test","157","z","4","shape1.jpg","4","Adri","<none>","You","3","Nenu","2","1","643"
"2516","2","test","158","z","7","shape1.jpg","4","Adri","<none>","You","3","Nenu","2","1","653"
"2516","2","test","159","z","5","shape2.jpg","4","Adri","<none>","You","3","Nenu","2","1","622"
"2516","2","test","160","z","9","shape3.jpg","4","Adri","<none>","You","3","Nenu","2","1","705"
"2516","2","test","161","z","5","shape2.jpg","4","Adri","<none>","You","3","Nenu","2","1","561"
"2516","2","test","162","z","4","shape1.jpg","4","Adri","<none>","You","3","Nenu","2","1","758"
"2516","2","test","163","z","4","shape1.jpg","4","Adri","<none>","You","3","Nenu","2","1","586"
"2516","2","test","164","z","9","shape3.jpg","4","Adri","<none>","You","3","Nenu","2","1","640"
"2516","2","test","165","m","1","shape1.jpg","4","Adri","<none>","You","3","Nenu","1","1","1257"
"2516","2","test","166","z","6","shape3.jpg","4","Adri","<none>","You","3","Nenu","2","1","673"
"2516","2","test","167","z","9","shape3.jpg","4","Adri","<none>","You","3","Nenu","2","1","610"
"2516","2","test","168","m","1","shape1.jpg","4","Adri","<none>","You","3","Nenu","1","1","949"
"2516","2","test","169","z","6","shape3.jpg","4","Adri","<none>","You","3","Nenu","2","1","778"
"2516","2","test","170","m","2","shape2.jpg","4","Adri","<none>","You","3","Nenu","1","1","512"
"2516","2","test","171","m","1","shape1.jpg","4","Adri","<none>","You","3","Nenu","1","1","846"
"2516","2","test","172","m","2","shape2.jpg","4","Adri","<none>","You","3","Nenu","1","1","569"
"2516","2","test","173","m","1","shape1.jpg","4","Adri","<none>","You","3","Nenu","1","1","1132"
"2516","2","test","174","z","7","shape1.jpg","4","Adri","<none>","You","3","Nenu","2","1","978"
"2516","2","test","175","m","5","shape2.jpg","4","Adri","<none>","You","3","Nenu","2","0","766"
"2516","2","test","176","m","2","shape2.jpg","4","Adri","<none>","You","3","Nenu","1","1","578"
"2516","2","test","177","z","8","shape2.jpg","4","Adri","<none>","You","3","Nenu","2","1","936"
"2516","2","test","178","z","7","shape1.jpg","4","Adri","<none>","You","3","Nenu","2","1","990"
"2516","2","test","179","m","6","shape3.jpg","4","Adri","<none>","You","3","Nenu","2","0","687"
"2516","2","test","180","z","8","shape2.jpg","4","Adri","<none>","You","3","Nenu","2","1","872"
"2516","2","test","181","m","2","shape2.jpg","4","Adri","<none>","You","3","Nenu","1","1","760"
"2516","2","test","182","z","7","shape1.jpg","4","Adri","<none>","You","3","Nenu","2","1","917"
"2516","2","test","183","z","7","shape1.jpg","4","Adri","<none>","You","3","Nenu","2","1","761"
"2516","2","test","184","z","6","shape3.jpg","4","Adri","<none>","You","3","Nenu","2","1","591"
"2516","2","test","185","m","3","shape3.jpg","4","Adri","<none>","You","3","Nenu","1","1","540"
"2516","2","test","186","m","3","shape3.jpg","4","Adri","<none>","You","3","Nenu","1","1","635"
"2516","2","test","187","z","6","shape3.jpg","4","Adri","<none>","You","3","Nenu","2","1","629"
"2516","2","test","188","m","3","shape3.jpg","4","Adri","<none>","You","3","Nenu","1","1","649"
"2516","2","test","189","z","9","shape3.jpg","4","Adri","<none>","You","3","Nenu","2","1","922"
"2516","2","test","190","m","3","shape3.jpg","4","Adri","<none>","You","3","Nenu","1","1","1063"
"2516","2","test","191","m","2","shape2.jpg","4","Adri","<none>","You","3","Nenu","1","1","727"
"2516","2","test","192","z","9","shape3.jpg","4","Adri","<none>","You","3","Nenu","2","1","685"
"2516","2","test","193","z","6","shape3.jpg","4","Adri","<none>","You","3","Nenu","2","1","759"
"2516","2","test","194","z","3","shape3.jpg","4","Adri","<none>","You","3","Nenu","1","0","658"
"2516","2","test","195","m","3","shape3.jpg","4","Adri","<none>","You","3","Nenu","1","1","748"
"2516","2","test","196","m","3","shape3.jpg","4","Adri","<none>","You","3","Nenu","1","1","569"
"2516","2","test","197","z","6","shape3.jpg","4","Adri","<none>","You","3","Nenu","2","1","877"
"2516","2","test","198","m","3","shape3.jpg","4","Adri","<none>","You","3","Nenu","1","1","895"
"2516","2","test","199","z","1","shape1.jpg","4","Adri","<none>","You","3","Nenu","1","0","790"
"2516","2","test","200","m","2","shape2.jpg","4","Adri","<none>","You","3","Nenu","1","1","633"
"2516","2","test","201","z","6","shape3.jpg","4","Adri","<none>","You","3","Nenu","2","1","933"
"2516","2","test","202","z","8","shape2.jpg","4","Adri","<none>","You","3","Nenu","2","1","953"
"2516","2","test","203","m","3","shape3.jpg","4","Adri","<none>","You","3","Nenu","1","1","573"
"2516","2","test","204","z","8","shape2.jpg","4","Adri","<none>","You","3","Nenu","2","1","971"
"2516","2","test","205","z","7","shape1.jpg","4","Adri","<none>","You","3","Nenu","2","1","950"
"2516","2","test","206","z","6","shape3.jpg","4","Adri","<none>","You","3","Nenu","2","1","786"
"2516","2","test","207","m","2","shape2.jpg","4","Adri","<none>","You","3","Nenu","1","1","631"
"2516","2","test","208","z","5","shape2.jpg","4","Adri","<none>","You","3","Nenu","2","1","672"
"2516","2","test","209","z","2","shape2.jpg","4","Adri","<none>","You","3","Nenu","1","0","624"
"2516","2","test","210","z","4","shape1.jpg","4","Adri","<none>","You","3","Nenu","2","1","875"
"2516","2","test","211","z","6","shape3.jpg","4","Adri","<none>","You","3","Nenu","2","1","845"
"2516","2","test","212","z","4","shape1.jpg","4","Adri","<none>","You","3","Nenu","2","1","750"
"2516","2","test","213","z","5","shape2.jpg","4","Adri","<none>","You","3","Nenu","2","1","771"
"2516","2","test","214","z","4","shape1.jpg","4","Adri","<none>","You","3","Nenu","2","1","887"
"2516","2","test","215","m","3","shape3.jpg","4","Adri","<none>","You","3","Nenu","1","1","542"
"2516","2","test","216","m","2","shape2.jpg","4","Adri","<none>","You","3","Nenu","1","1","749"
"2516","2","test","217","z","6","shape3.jpg","4","Adri","<none>","You","3","Nenu","2","1","963"
"2516","2","test","218","m","1","shape1.jpg","4","Adri","<none>","You","3","Nenu","1","1","912"
"2516","2","test","219","z","4","shape1.jpg","4","Adri","<none>","You","3","Nenu","2","1","1285"
"2516","2","test","220","m","2","shape2.jpg","4","Adri","<none>","You","3","Nenu","1","1","628"
"2516","2","test","221","m","3","shape3.jpg","4","Adri","<none>","You","3","Nenu","1","1","670"
"2516","2","test","222","z","4","shape1.jpg","4","Adri","<none>","You","3","Nenu","2","1","816"
"2516","2","test","223","z","7","shape1.jpg","4","Adri","<none>","You","3","Nenu","2","1","793"
"2516","2","test","224","z","5","shape2.jpg","4","Adri","<none>","You","3","Nenu","2","1","877"
"2516","2","test","225","m","3","shape3.jpg","4","Adri","<none>","You","3","Nenu","1","1","1445"
"2516","2","test","226","m","3","shape3.jpg","4","Adri","<none>","You","3","Nenu","1","1","638"
"2516","2","test","227","z","1","shape1.jpg","4","Adri","<none>","You","3","Nenu","1","0","551"
"2516","2","test","228","z","6","shape3.jpg","4","Adri","<none>","You","3","Nenu","2","1","764"
"2516","2","test","229","m","2","shape2.jpg","4","Adri","<none>","You","3","Nenu","1","1","977"
"2516","2","test","230","m","2","shape2.jpg","4","Adri","<none>","You","3","Nenu","1","1","790"
"2516","2","test","231","m","2","shape2.jpg","4","Adri","<none>","You","3","Nenu","1","1","586"
"2516","2","test","232","m","3","shape3.jpg","4","Adri","<none>","You","3","Nenu","1","1","774"
"2516","2","test","233","m","3","shape3.jpg","4","Adri","<none>","You","3","Nenu","1","1","553"
"2516","2","test","234","m","3","shape3.jpg","4","Adri","<none>","You","3","Nenu","1","1","561"
"2516","2","test","235","m","6","shape3.jpg","4","Adri","<none>","You","3","Nenu","2","0","589"
"2516","2","test","236","z","8","shape2.jpg","4","Adri","<none>","You","3","Nenu","2","1","914"
"2516","2","test","237","z","9","shape3.jpg","4","Adri","<none>","You","3","Nenu","2","1","984"
"2516","2","test","238","z","9","shape3.jpg","4","Adri","<none>","You","3","Nenu","2","1","629"
"2516","2","test","239","m","2","shape2.jpg","4","Adri","<none>","You","3","Nenu","1","1","678"
"2516","2","test","240","z","7","shape1.jpg","4","Adri","<none>","You","3","Nenu","2","1","895"
"2516","2","test","241","z","7","shape1.jpg","4","Adri","<none>","You","3","Nenu","2","1","834"
"2516","2","test","242","m","3","shape3.jpg","4","Adri","<none>","You","3","Nenu","1","1","851"
"2516","2","test","243","m","2","shape2.jpg","4","Adri","<none>","You","3","Nenu","1","1","1164"
"2516","2","test","244","m","3","shape3.jpg","4","Adri","<none>","You","3","Nenu","1","1","678"
"2516","2","test","245","z","4","shape1.jpg","4","Adri","<none>","You","3","Nenu","2","1","1112"
"2516","2","test","246","m","2","shape2.jpg","4","Adri","<none>","You","3","Nenu","1","1","567"
"2516","2","test","247","m","3","shape3.jpg","4","Adri","<none>","You","3","Nenu","1","1","868"
"2516","2","test","248","z","6","shape3.jpg","4","Adri","<none>","You","3","Nenu","2","1","691"
"2516","2","test","249","m","3","shape3.jpg","4","Adri","<none>","You","3","Nenu","1","1","683"
"2516","2","test","250","m","3","shape3.jpg","4","Adri","<none>","You","3","Nenu","1","1","571"
"2516","2","test","251","m","3","shape3.jpg","4","Adri","<none>","You","3","Nenu","1","1","720"
"2516","2","test","252","m","1","shape1.jpg","4","Adri","<none>","You","3","Nenu","1","1","743"
"2516","2","test","253","z","8","shape2.jpg","4","Adri","<none>","You","3","Nenu","2","1","957"
"2516","2","test","254","m","2","shape2.jpg","4","Adri","<none>","You","3","Nenu","1","1","594"
"2516","2","test","255","m","3","shape3.jpg","4","Adri","<none>","You","3","Nenu","1","1","653"
"2516","2","test","256","z","8","shape2.jpg","4","Adri","<none>","You","3","Nenu","2","1","807"
"2516","2","test","257","m","3","shape3.jpg","4","Adri","<none>","You","3","Nenu","1","1","739"
"2516","2","test","258","m","3","shape3.jpg","4","Adri","<none>","You","3","Nenu","1","1","713"
"2516","2","test","259","m","2","shape2.jpg","4","Adri","<none>","You","3","Nenu","1","1","735"
"2516","2","test","260","m","2","shape2.jpg","4","Adri","<none>","You","3","Nenu","1","1","1269"
"2516","2","test","261","z","7","shape1.jpg","4","Adri","<none>","You","3","Nenu","2","1","698"
"2516","2","test","262","z","8","shape2.jpg","4","Adri","<none>","You","3","Nenu","2","1","843"
"2516","2","test","263","z","8","shape2.jpg","4","Adri","<none>","You","3","Nenu","2","1","796"
"2516","2","test","264","z","4","shape1.jpg","4","Adri","<none>","You","3","Nenu","2","1","847"
"2516","2","test","265","z","5","shape2.jpg","4","Adri","<none>","You","3","Nenu","2","1","833"
"2516","2","test","266","m","2","shape2.jpg","4","Adri","<none>","You","3","Nenu","1","1","771"
"2516","2","test","267","z","8","shape2.jpg","4","Adri","<none>","You","3","Nenu","2","1","704"
"2516","2","test","268","z","6","shape3.jpg","4","Adri","<none>","You","3","Nenu","2","1","1048"
"2516","2","test","269","m","2","shape2.jpg","4","Adri","<none>","You","3","Nenu","1","1","720"
"2516","2","test","270","m","3","shape3.jpg","4","Adri","<none>","You","3","Nenu","1","1","734"
"2516","2","test","271","z","8","shape2.jpg","4","Adri","<none>","You","3","Nenu","2","1","675"
"2516","2","test","272","z","6","shape3.jpg","4","Adri","<none>","You","3","Nenu","2","1","813"
"2516","2","test","273","z","6","shape3.jpg","4","Adri","<none>","You","3","Nenu","2","1","793"
"2516","2","test","274","m","3","shape3.jpg","4","Adri","<none>","You","3","Nenu","1","1","667"
"2516","2","test","275","z","9","shape3.jpg","4","Adri","<none>","You","3","Nenu","2","1","740"
"2516","2","test","276","m","2","shape2.jpg","4","Adri","<none>","You","3","Nenu","1","1","754"
"2516","2","test","277","m","1","shape1.jpg","4","Adri","<none>","You","3","Nenu","1","1","873"
"2516","2","test","278","m","1","shape1.jpg","4","Adri","<none>","You","3","Nenu","1","1","808"
"2516","2","test","279","z","8","shape2.jpg","4","Adri","<none>","You","3","Nenu","2","1","851"
"2516","2","test","280","z","7","shape1.jpg","4","Adri","<none>","You","3","Nenu","2","1","747"
"2516","2","test","281","z","7","shape1.jpg","4","Adri","<none>","You","3","Nenu","2","1","856"
"2516","2","test","282","m","1","shape1.jpg","4","Adri","<none>","You","3","Nenu","1","1","882"
"2516","2","test","283","z","8","shape2.jpg","4","Adri","<none>","You","3","Nenu","2","1","809"
"2516","2","test","284","z","9","shape3.jpg","4","Adri","<none>","You","3","Nenu","2","1","1029"
"2516","2","test","285","z","4","shape1.jpg","4","Adri","<none>","You","3","Nenu","2","1","981"
"2516","2","test","286","m","1","shape1.jpg","4","Adri","<none>","You","3","Nenu","1","1","1075"
"2516","2","test","287","z","5","shape2.jpg","4","Adri","<none>","You","3","Nenu","2","1","753"
"2516","2","test","288","m","6","shape3.jpg","4","Adri","<none>","You","3","Nenu","2","0","878"
"2516","2","test","289","z","9","shape3.jpg","4","Adri","<none>","You","3","Nenu","2","1","1135"
"2516","2","test","290","m","2","shape2.jpg","4","Adri","<none>","You","3","Nenu","1","1","635"
"2516","2","test","291","z","6","shape3.jpg","4","Adri","<none>","You","3","Nenu","2","1","718"
"2516","2","test","292","z","5","shape2.jpg","4","Adri","<none>","You","3","Nenu","2","1","1323"
"2516","2","test","293","z","4","shape1.jpg","4","Adri","<none>","You","3","Nenu","2","1","960"
"2516","2","test","294","m","1","shape1.jpg","4","Adri","<none>","You","3","Nenu","1","1","814"
"2516","2","test","295","m","3","shape3.jpg","4","Adri","<none>","You","3","Nenu","1","1","767"
"2516","2","test","296","z","9","shape3.jpg","4","Adri","<none>","You","3","Nenu","2","1","836"
"2516","2","test","297","z","4","shape1.jpg","4","Adri","<none>","You","3","Nenu","2","1","1398"
"2516","2","test","298","m","3","shape3.jpg","4","Adri","<none>","You","3","Nenu","1","1","721"
"2516","2","test","299","m","2","shape2.jpg","4","Adri","<none>","You","3","Nenu","1","1","710"
"2516","2","test","300","z","6","shape3.jpg","4","Adri","<none>","You","3","Nenu","2","1","910"
"2516","2","test","301","m","2","shape2.jpg","4","Adri","<none>","You","3","Nenu","1","1","701"
"2516","2","test","302","m","1","shape1.jpg","4","Adri","<none>","You","3","Nenu","1","1","989"
"2516","2","test","303","z","5","shape2.jpg","4","Adri","<none>","You","3","Nenu","2","1","744"
"2516","2","test","304","z","9","shape3.jpg","4","Adri","<none>","You","3","Nenu","2","1","1214"
"2516","2","test","305","z","7","shape1.jpg","4","Adri","<none>","You","3","Nenu","2","1","862"
"2516","2","test","306","m","2","shape2.jpg","4","Adri","<none>","You","3","Nenu","1","1","631"
"2516","2","test","307","z","8","shape2.jpg","4","Adri","<none>","You","3","Nenu","2","1","650"
"2516","2","test","308","m","3","shape3.jpg","4","Adri","<none>","You","3","Nenu","1","1","636"
"2516","2","test","309","z","8","shape2.jpg","4","Adri","<none>","You","3","Nenu","2","1","1069"
"2516","2","test","310","m","1","shape1.jpg","4","Adri","<none>","You","3","Nenu","1","1","1227"
"2516","2","test","311","z","9","shape3.jpg","4","Adri","<none>","You","3","Nenu","2","1","765"
"2516","2","test","312","z","5","shape2.jpg","4","Adri","<none>","You","3","Nenu","2","1","754"
"2516","2","test","313","m","1","shape1.jpg","4","Adri","<none>","You","3","Nenu","1","1","975"
"2516","2","test","314","z","3","shape3.jpg","4","Adri","<none>","You","3","Nenu","1","0","747"
"2516","2","test","315","m","1","shape1.jpg","4","Adri","<none>","You","3","Nenu","1","1","1159"
"2516","2","test","316","z","8","shape2.jpg","4","Adri","<none>","You","3","Nenu","2","1","893"
"2516","2","test","317","m","3","shape3.jpg","4","Adri","<none>","You","3","Nenu","1","1","851"
"2516","2","test","318","m","3","shape3.jpg","4","Adri","<none>","You","3","Nenu","1","1","892"
"2516","2","test","319","m","3","shape3.jpg","4","Adri","<none>","You","3","Nenu","1","1","564"
"2516","2","test","320","z","2","shape2.jpg","4","Adri","<none>","You","3","Nenu","1","0","601"
"2516","2","test","321","m","2","shape2.jpg","4","Adri","<none>","You","3","Nenu","1","1","661"
"2516","2","test","322","z","7","shape1.jpg","4","Adri","<none>","You","3","Nenu","2","1","693"
"2516","2","test","323","m","2","shape2.jpg","4","Adri","<none>","You","3","Nenu","1","1","606"
"2516","2","test","324","m","3","shape3.jpg","4","Adri","<none>","You","3","Nenu","1","1","713"
"2516","2","test","325","z","5","shape2.jpg","4","Adri","<none>","You","3","Nenu","2","1","834"
"2516","2","test","326","z","8","shape2.jpg","4","Adri","<none>","You","3","Nenu","2","1","1042"
"2516","2","test","327","m","2","shape2.jpg","4","Adri","<none>","You","3","Nenu","1","1","708"
"2516","2","test","328","z","4","shape1.jpg","4","Adri","<none>","You","3","Nenu","2","1","1299"
"2516","2","test","329","m","1","shape1.jpg","4","Adri","<none>","You","3","Nenu","1","1","799"
"2516","2","test","330","m","1","shape1.jpg","4","Adri","<none>","You","3","Nenu","1","1","740"
"2516","2","test","331","z","7","shape1.jpg","4","Adri","<none>","You","3","Nenu","2","1","777"
"2516","2","test","332","m","8","shape2.jpg","4","Adri","<none>","You","3","Nenu","2","0","1453"
"2516","2","test","333","m","1","shape1.jpg","4","Adri","<none>","You","3","Nenu","1","1","829"
"2516","2","test","334","z","9","shape3.jpg","4","Adri","<none>","You","3","Nenu","2","1","1310"
"2516","2","test","335","z","9","shape3.jpg","4","Adri","<none>","You","3","Nenu","2","1","716"
"2516","2","test","336","m","1","shape1.jpg","4","Adri","<none>","You","3","Nenu","1","1","707"
"2516","2","test","337","m","3","shape3.jpg","4","Adri","<none>","You","3","Nenu","1","1","931"
"2516","2","test","338","m","1","shape1.jpg","4","Adri","<none>","You","3","Nenu","1","1","1015"
"2516","2","test","339","z","9","shape3.jpg","4","Adri","<none>","You","3","Nenu","2","1","1001"
"2516","2","test","340","m","1","shape1.jpg","4","Adri","<none>","You","3","Nenu","1","1","893"
"2516","2","test","341","m","1","shape1.jpg","4","Adri","<none>","You","3","Nenu","1","1","867"
"2516","2","test","342","m","2","shape2.jpg","4","Adri","<none>","You","3","Nenu","1","1","668"
"2516","2","test","343","z","5","shape2.jpg","4","Adri","<none>","You","3","Nenu","2","1","981"
"2516","2","test","344","m","9","shape3.jpg","4","Adri","<none>","You","3","Nenu","2","0","848"
"2516","2","test","345","m","3","shape3.jpg","4","Adri","<none>","You","3","Nenu","1","1","746"
"2516","2","test","346","m","1","shape1.jpg","4","Adri","<none>","You","3","Nenu","1","1","903"
"2516","2","test","347","z","6","shape3.jpg","4","Adri","<none>","You","3","Nenu","2","1","1271"
"2516","2","test","348","m","1","shape1.jpg","4","Adri","<none>","You","3","Nenu","1","1","740"
"2516","2","test","349","m","1","shape1.jpg","4","Adri","<none>","You","3","Nenu","1","1","948"
"2516","2","test","350","z","8","shape2.jpg","4","Adri","<none>","You","3","Nenu","2","1","784"
"2516","2","test","351","z","7","shape1.jpg","4","Adri","<none>","You","3","Nenu","2","1","1469"
"2516","2","test","352","x","4","shape1.jpg","4","Adri","<none>","You","3","Nenu","2","0","1500"
"2516","2","test","353","m","3","shape3.jpg","4","Adri","<none>","You","3","Nenu","1","1","885"
"2516","2","test","354","m","2","shape2.jpg","4","Adri","<none>","You","3","Nenu","1","1","990"
"2516","2","test","355","z","5","shape2.jpg","4","Adri","<none>","You","3","Nenu","2","1","1047"
"2516","2","test","356","m","3","shape3.jpg","4","Adri","<none>","You","3","Nenu","1","1","681"
"2516","2","test","357","m","3","shape3.jpg","4","Adri","<none>","You","3","Nenu","1","1","658"
"2516","2","test","358","z","5","shape2.jpg","4","Adri","<none>","You","3","Nenu","2","1","899"
"2516","2","test","359","m","2","shape2.jpg","4","Adri","<none>","You","3","Nenu","1","1","937"
"2516","2","test","360","z","7","shape1.jpg","4","Adri","<none>","You","3","Nenu","2","1","990"
"2517","1","test","1","m","8","shape2.jpg","5","<none>","You","Frigyes","3","Waru","2","1","1331"
"2517","1","test","2","z","5","shape2.jpg","5","<none>","You","Frigyes","3","Waru","2","0","1367"
"2517","1","test","3","x","3","shape3.jpg","5","<none>","You","Frigyes","3","Waru","1","0","1500"
"2517","1","test","4","z","3","shape3.jpg","5","<none>","You","Frigyes","3","Waru","1","1","559"
"2517","1","test","5","m","7","shape1.jpg","5","<none>","You","Frigyes","3","Waru","2","1","1069"
"2517","1","test","6","z","6","shape3.jpg","5","<none>","You","Frigyes","3","Waru","2","0","1123"
"2517","1","test","7","z","1","shape1.jpg","5","<none>","You","Frigyes","3","Waru","1","1","1258"
"2517","1","test","8","z","3","shape3.jpg","5","<none>","You","Frigyes","3","Waru","1","1","1201"
"2517","1","test","9","m","6","shape3.jpg","5","<none>","You","Frigyes","3","Waru","2","1","762"
"2517","1","test","10","m","8","shape2.jpg","5","<none>","You","Frigyes","3","Waru","2","1","943"
"2517","1","test","11","x","8","shape2.jpg","5","<none>","You","Frigyes","3","Waru","2","0","1499"
"2517","1","test","12","z","2","shape2.jpg","5","<none>","You","Frigyes","3","Waru","1","1","609"
"2517","1","test","13","m","5","shape2.jpg","5","<none>","You","Frigyes","3","Waru","2","1","908"
"2517","1","test","14","z","2","shape2.jpg","5","<none>","You","Frigyes","3","Waru","1","1","899"
"2517","1","test","15","z","4","shape1.jpg","5","<none>","You","Frigyes","3","Waru","2","0","945"
"2517","1","test","16","m","4","shape1.jpg","5","<none>","You","Frigyes","3","Waru","2","1","750"
"2517","1","test","17","z","1","shape1.jpg","5","<none>","You","Frigyes","3","Waru","1","1","652"
"2517","1","test","18","z","3","shape3.jpg","5","<none>","You","Frigyes","3","Waru","1","1","750"
"2517","1","test","19","m","8","shape2.jpg","5","<none>","You","Frigyes","3","Waru","2","1","802"
"2517","1","test","20","x","6","shape3.jpg","5","<none>","You","Frigyes","3","Waru","2","0","1499"
"2517","1","test","21","z","4","shape1.jpg","5","<none>","You","Frigyes","3","Waru","2","0","1081"
"2517","1","test","22","z","1","shape1.jpg","5","<none>","You","Frigyes","3","Waru","1","1","1056"
"2517","1","test","23","z","2","shape2.jpg","5","<none>","You","Frigyes","3","Waru","1","1","760"
"2517","1","test","24","m","1","shape1.jpg","5","<none>","You","Frigyes","3","Waru","1","0","1269"
"2517","1","test","25","m","8","shape2.jpg","5","<none>","You","Frigyes","3","Waru","2","1","1005"
"2517","1","test","26","m","9","shape3.jpg","5","<none>","You","Frigyes","3","Waru","2","1","1096"
"2517","1","test","27","z","3","shape3.jpg","5","<none>","You","Frigyes","3","Waru","1","1","876"
"2517","1","test","28","m","4","shape1.jpg","5","<none>","You","Frigyes","3","Waru","2","1","822"
"2517","1","test","29","z","2","shape2.jpg","5","<none>","You","Frigyes","3","Waru","1","1","727"
"2517","1","test","30","m","4","shape1.jpg","5","<none>","You","Frigyes","3","Waru","2","1","1246"
"2517","1","test","31","z","1","shape1.jpg","5","<none>","You","Frigyes","3","Waru","1","1","679"
"2517","1","test","32","m","7","shape1.jpg","5","<none>","You","Frigyes","3","Waru","2","1","919"
"2517","1","test","33","m","1","shape1.jpg","5","<none>","You","Frigyes","3","Waru","1","0","1421"
"2517","1","test","34","z","1","shape1.jpg","5","<none>","You","Frigyes","3","Waru","1","1","574"
"2517","1","test","35","m","6","shape3.jpg","5","<none>","You","Frigyes","3","Waru","2","1","946"
"2517","1","test","36","m","5","shape2.jpg","5","<none>","You","Frigyes","3","Waru","2","1","1063"
"2517","1","test","37","z","2","shape2.jpg","5","<none>","You","Frigyes","3","Waru","1","1","1321"
"2517","1","test","38","m","8","shape2.jpg","5","<none>","You","Frigyes","3","Waru","2","1","709"
"2517","1","test","39","z","1","shape1.jpg","5","<none>","You","Frigyes","3","Waru","1","1","1204"
"2517","1","test","40","z","1","shape1.jpg","5","<none>","You","Frigyes","3","Waru","1","1","806"
"2517","1","test","41","m","6","shape3.jpg","5","<none>","You","Frigyes","3","Waru","2","1","808"
"2517","1","test","42","z","4","shape1.jpg","5","<none>","You","Frigyes","3","Waru","2","0","811"
"2517","1","test","43","z","8","shape2.jpg","5","<none>","You","Frigyes","3","Waru","2","0","1142"
"2517","1","test","44","m","1","shape1.jpg","5","<none>","You","Frigyes","3","Waru","1","0","1035"
"2517","1","test","45","z","1","shape1.jpg","5","<none>","You","Frigyes","3","Waru","1","1","516"
"2517","1","test","46","z","5","shape2.jpg","5","<none>","You","Frigyes","3","Waru","2","0","435"
"2517","1","test","47","m","3","shape3.jpg","5","<none>","You","Frigyes","3","Waru","1","0","927"
"2517","1","test","48","m","5","shape2.jpg","5","<none>","You","Frigyes","3","Waru","2","1","725"
"2517","1","test","49","m","8","shape2.jpg","5","<none>","You","Frigyes","3","Waru","2","1","1066"
"2517","1","test","50","z","3","shape3.jpg","5","<none>","You","Frigyes","3","Waru","1","1","763"
"2517","1","test","51","z","1","shape1.jpg","5","<none>","You","Frigyes","3","Waru","1","1","752"
"2517","1","test","52","z","1","shape1.jpg","5","<none>","You","Frigyes","3","Waru","1","1","836"
"2517","1","test","53","m","4","shape1.jpg","5","<none>","You","Frigyes","3","Waru","2","1","830"
"2517","1","test","54","z","2","shape2.jpg","5","<none>","You","Frigyes","3","Waru","1","1","751"
"2517","1","test","55","z","2","shape2.jpg","5","<none>","You","Frigyes","3","Waru","1","1","749"
"2517","1","test","56","m","3","shape3.jpg","5","<none>","You","Frigyes","3","Waru","1","0","810"
"2517","1","test","57","z","3","shape3.jpg","5","<none>","You","Frigyes","3","Waru","1","1","686"
"2517","1","test","58","m","7","shape1.jpg","5","<none>","You","Frigyes","3","Waru","2","1","797"
"2517","1","test","59","z","1","shape1.jpg","5","<none>","You","Frigyes","3","Waru","1","1","770"
"2517","1","test","60","x","2","shape2.jpg","5","<none>","You","Frigyes","3","Waru","1","0","1499"
"2517","1","test","61","z","4","shape1.jpg","5","<none>","You","Frigyes","3","Waru","2","0","761"
"2517","1","test","62","z","9","shape3.jpg","5","<none>","You","Frigyes","3","Waru","2","0","1005"
"2517","1","test","63","z","2","shape2.jpg","5","<none>","You","Frigyes","3","Waru","1","1","1009"
"2517","1","test","64","m","3","shape3.jpg","5","<none>","You","Frigyes","3","Waru","1","0","1186"
"2517","1","test","65","m","5","shape2.jpg","5","<none>","You","Frigyes","3","Waru","2","1","989"
"2517","1","test","66","m","6","shape3.jpg","5","<none>","You","Frigyes","3","Waru","2","1","1152"
"2517","1","test","67","z","2","shape2.jpg","5","<none>","You","Frigyes","3","Waru","1","1","772"
"2517","1","test","68","z","3","shape3.jpg","5","<none>","You","Frigyes","3","Waru","1","1","1407"
"2517","1","test","69","z","3","shape3.jpg","5","<none>","You","Frigyes","3","Waru","1","1","729"
"2517","1","test","70","m","5","shape2.jpg","5","<none>","You","Frigyes","3","Waru","2","1","905"
"2517","1","test","71","z","1","shape1.jpg","5","<none>","You","Frigyes","3","Waru","1","1","543"
"2517","1","test","72","x","4","shape1.jpg","5","<none>","You","Frigyes","3","Waru","2","0","1499"
"2517","1","test","73","z","2","shape2.jpg","5","<none>","You","Frigyes","3","Waru","1","1","697"
"2517","1","test","74","m","7","shape1.jpg","5","<none>","You","Frigyes","3","Waru","2","1","826"
"2517","1","test","75","m","5","shape2.jpg","5","<none>","You","Frigyes","3","Waru","2","1","1387"
"2517","1","test","76","m","9","shape3.jpg","5","<none>","You","Frigyes","3","Waru","2","1","1174"
"2517","1","test","77","m","5","shape2.jpg","5","<none>","You","Frigyes","3","Waru","2","1","760"
"2517","1","test","78","z","1","shape1.jpg","5","<none>","You","Frigyes","3","Waru","1","1","502"
"2517","1","test","79","m","1","shape1.jpg","5","<none>","You","Frigyes","3","Waru","1","0","772"
"2517","1","test","80","z","2","shape2.jpg","5","<none>","You","Frigyes","3","Waru","1","1","691"
"2517","1","test","81","m","6","shape3.jpg","5","<none>","You","Frigyes","3","Waru","2","1","1051"
"2517","1","test","82","m","6","shape3.jpg","5","<none>","You","Frigyes","3","Waru","2","1","626"
"2517","1","test","83","m","5","shape2.jpg","5","<none>","You","Frigyes","3","Waru","2","1","1045"
"2517","1","test","84","z","1","shape1.jpg","5","<none>","You","Frigyes","3","Waru","1","1","655"
"2517","1","test","85","z","1","shape1.jpg","5","<none>","You","Frigyes","3","Waru","1","1","575"
"2517","1","test","86","z","1","shape1.jpg","5","<none>","You","Frigyes","3","Waru","1","1","484"
"2517","1","test","87","m","9","shape3.jpg","5","<none>","You","Frigyes","3","Waru","2","1","637"
"2517","1","test","88","z","1","shape1.jpg","5","<none>","You","Frigyes","3","Waru","1","1","454"
"2517","1","test","89","m","4","shape1.jpg","5","<none>","You","Frigyes","3","Waru","2","1","537"
"2517","1","test","90","z","2","shape2.jpg","5","<none>","You","Frigyes","3","Waru","1","1","968"
"2517","1","test","91","z","2","shape2.jpg","5","<none>","You","Frigyes","3","Waru","1","1","595"
"2517","1","test","92","z","1","shape1.jpg","5","<none>","You","Frigyes","3","Waru","1","1","768"
"2517","1","test","93","m","3","shape3.jpg","5","<none>","You","Frigyes","3","Waru","1","0","723"
"2517","1","test","94","z","7","shape1.jpg","5","<none>","You","Frigyes","3","Waru","2","0","675"
"2517","1","test","95","z","3","shape3.jpg","5","<none>","You","Frigyes","3","Waru","1","1","1092"
"2517","1","test","96","z","1","shape1.jpg","5","<none>","You","Frigyes","3","Waru","1","1","731"
"2517","1","test","97","m","1","shape1.jpg","5","<none>","You","Frigyes","3","Waru","1","0","1087"
"2517","1","test","98","m","4","shape1.jpg","5","<none>","You","Frigyes","3","Waru","2","1","767"
"2517","1","test","99","m","3","shape3.jpg","5","<none>","You","Frigyes","3","Waru","1","0","925"
"2517","1","test","100","z","1","shape1.jpg","5","<none>","You","Frigyes","3","Waru","1","1","842"
"2517","1","test","101","z","2","shape2.jpg","5","<none>","You","Frigyes","3","Waru","1","1","732"
"2517","1","test","102","x","2","shape2.jpg","5","<none>","You","Frigyes","3","Waru","1","0","1499"
"2517","1","test","103","m","5","shape2.jpg","5","<none>","You","Frigyes","3","Waru","2","1","742"
"2517","1","test","104","m","6","shape3.jpg","5","<none>","You","Frigyes","3","Waru","2","1","995"
"2517","1","test","105","m","5","shape2.jpg","5","<none>","You","Frigyes","3","Waru","2","1","943"
"2517","1","test","106","z","2","shape2.jpg","5","<none>","You","Frigyes","3","Waru","1","1","795"
"2517","1","test","107","m","6","shape3.jpg","5","<none>","You","Frigyes","3","Waru","2","1","951"
"2517","1","test","108","z","3","shape3.jpg","5","<none>","You","Frigyes","3","Waru","1","1","676"
"2517","1","test","109","m","7","shape1.jpg","5","<none>","You","Frigyes","3","Waru","2","1","1124"
"2517","1","test","110","z","2","shape2.jpg","5","<none>","You","Frigyes","3","Waru","1","1","1217"
"2517","1","test","111","z","2","shape2.jpg","5","<none>","You","Frigyes","3","Waru","1","1","627"
"2517","1","test","112","m","3","shape3.jpg","5","<none>","You","Frigyes","3","Waru","1","0","998"
"2517","1","test","113","m","5","shape2.jpg","5","<none>","You","Frigyes","3","Waru","2","1","929"
"2517","1","test","114","z","1","shape1.jpg","5","<none>","You","Frigyes","3","Waru","1","1","854"
"2517","1","test","115","z","6","shape3.jpg","5","<none>","You","Frigyes","3","Waru","2","0","854"
"2517","1","test","116","m","7","shape1.jpg","5","<none>","You","Frigyes","3","Waru","2","1","1055"
"2517","1","test","117","z","2","shape2.jpg","5","<none>","You","Frigyes","3","Waru","1","1","768"
"2517","1","test","118","m","3","shape3.jpg","5","<none>","You","Frigyes","3","Waru","1","0","885"
"2517","1","test","119","x","9","shape3.jpg","5","<none>","You","Frigyes","3","Waru","2","0","1500"
"2517","1","test","120","z","1","shape1.jpg","5","<none>","You","Frigyes","3","Waru","1","1","831"
"2517","1","test","121","z","2","shape2.jpg","5","<none>","You","Frigyes","3","Waru","1","1","1252"
"2517","1","test","122","z","3","shape3.jpg","5","<none>","You","Frigyes","3","Waru","1","1","1068"
"2517","1","test","123","z","2","shape2.jpg","5","<none>","You","Frigyes","3","Waru","1","1","772"
"2517","1","test","124","z","2","shape2.jpg","5","<none>","You","Frigyes","3","Waru","1","1","760"
"2517","1","test","125","m","7","shape1.jpg","5","<none>","You","Frigyes","3","Waru","2","1","678"
"2517","1","test","126","z","3","shape3.jpg","5","<none>","You","Frigyes","3","Waru","1","1","767"
"2517","1","test","127","z","2","shape2.jpg","5","<none>","You","Frigyes","3","Waru","1","1","787"
"2517","1","test","128","z","3","shape3.jpg","5","<none>","You","Frigyes","3","Waru","1","1","629"
"2517","1","test","129","m","6","shape3.jpg","5","<none>","You","Frigyes","3","Waru","2","1","896"
"2517","1","test","130","m","6","shape3.jpg","5","<none>","You","Frigyes","3","Waru","2","1","1040"
"2517","1","test","131","z","3","shape3.jpg","5","<none>","You","Frigyes","3","Waru","1","1","695"
"2517","1","test","132","m","6","shape3.jpg","5","<none>","You","Frigyes","3","Waru","2","1","930"
"2517","1","test","133","z","3","shape3.jpg","5","<none>","You","Frigyes","3","Waru","1","1","862"
"2517","1","test","134","z","2","shape2.jpg","5","<none>","You","Frigyes","3","Waru","1","1","1007"
"2517","1","test","135","z","1","shape1.jpg","5","<none>","You","Frigyes","3","Waru","1","1","787"
"2517","1","test","136","m","5","shape2.jpg","5","<none>","You","Frigyes","3","Waru","2","1","686"
"2517","1","test","137","z","3","shape3.jpg","5","<none>","You","Frigyes","3","Waru","1","1","447"
"2517","1","test","138","z","3","shape3.jpg","5","<none>","You","Frigyes","3","Waru","1","1","511"
"2517","1","test","139","z","2","shape2.jpg","5","<none>","You","Frigyes","3","Waru","1","1","784"
"2517","1","test","140","z","1","shape1.jpg","5","<none>","You","Frigyes","3","Waru","1","1","811"
"2517","1","test","141","z","1","shape1.jpg","5","<none>","You","Frigyes","3","Waru","1","1","831"
"2517","1","test","142","z","2","shape2.jpg","5","<none>","You","Frigyes","3","Waru","1","1","673"
"2517","1","test","143","z","2","shape2.jpg","5","<none>","You","Frigyes","3","Waru","1","1","1057"
"2517","1","test","144","z","1","shape1.jpg","5","<none>","You","Frigyes","3","Waru","1","1","873"
"2517","1","test","145","m","9","shape3.jpg","5","<none>","You","Frigyes","3","Waru","2","1","1385"
"2517","1","test","146","m","4","shape1.jpg","5","<none>","You","Frigyes","3","Waru","2","1","877"
"2517","1","test","147","m","4","shape1.jpg","5","<none>","You","Frigyes","3","Waru","2","1","812"
"2517","1","test","148","z","1","shape1.jpg","5","<none>","You","Frigyes","3","Waru","1","1","791"
"2517","1","test","149","m","8","shape2.jpg","5","<none>","You","Frigyes","3","Waru","2","1","810"
"2517","1","test","150","z","2","shape2.jpg","5","<none>","You","Frigyes","3","Waru","1","1","758"
"2517","1","test","151","m","8","shape2.jpg","5","<none>","You","Frigyes","3","Waru","2","1","826"
"2517","1","test","152","m","8","shape2.jpg","5","<none>","You","Frigyes","3","Waru","2","1","740"
"2517","1","test","153","z","2","shape2.jpg","5","<none>","You","Frigyes","3","Waru","1","1","803"
"2517","1","test","154","m","8","shape2.jpg","5","<none>","You","Frigyes","3","Waru","2","1","868"
"2517","1","test","155","m","9","shape3.jpg","5","<none>","You","Frigyes","3","Waru","2","1","766"
"2517","1","test","156","m","9","shape3.jpg","5","<none>","You","Frigyes","3","Waru","2","1","698"
"2517","1","test","157","z","2","shape2.jpg","5","<none>","You","Frigyes","3","Waru","1","1","721"
"2517","1","test","158","m","5","shape2.jpg","5","<none>","You","Frigyes","3","Waru","2","1","823"
"2517","1","test","159","m","7","shape1.jpg","5","<none>","You","Frigyes","3","Waru","2","1","827"
"2517","1","test","160","z","4","shape1.jpg","5","<none>","You","Frigyes","3","Waru","2","0","748"
"2517","1","test","161","z","2","shape2.jpg","5","<none>","You","Frigyes","3","Waru","1","1","625"
"2517","1","test","162","m","6","shape3.jpg","5","<none>","You","Frigyes","3","Waru","2","1","812"
"2517","1","test","163","m","4","shape1.jpg","5","<none>","You","Frigyes","3","Waru","2","1","855"
"2517","1","test","164","z","2","shape2.jpg","5","<none>","You","Frigyes","3","Waru","1","1","705"
"2517","1","test","165","z","2","shape2.jpg","5","<none>","You","Frigyes","3","Waru","1","1","567"
"2517","1","test","166","z","3","shape3.jpg","5","<none>","You","Frigyes","3","Waru","1","1","989"
"2517","1","test","167","z","3","shape3.jpg","5","<none>","You","Frigyes","3","Waru","1","1","535"
"2517","1","test","168","z","3","shape3.jpg","5","<none>","You","Frigyes","3","Waru","1","1","389"
"2517","1","test","169","x","3","shape3.jpg","5","<none>","You","Frigyes","3","Waru","1","0","1499"
"2517","1","test","170","x","7","shape1.jpg","5","<none>","You","Frigyes","3","Waru","2","0","1499"
"2517","1","test","171","m","9","shape3.jpg","5","<none>","You","Frigyes","3","Waru","2","1","849"
"2517","1","test","172","m","9","shape3.jpg","5","<none>","You","Frigyes","3","Waru","2","1","842"
"2517","1","test","173","m","8","shape2.jpg","5","<none>","You","Frigyes","3","Waru","2","1","885"
"2517","1","test","174","z","3","shape3.jpg","5","<none>","You","Frigyes","3","Waru","1","1","605"
"2517","1","test","175","z","1","shape1.jpg","5","<none>","You","Frigyes","3","Waru","1","1","967"
"2517","1","test","176","z","3","shape3.jpg","5","<none>","You","Frigyes","3","Waru","1","1","811"
"2517","1","test","177","m","9","shape3.jpg","5","<none>","You","Frigyes","3","Waru","2","1","999"
"2517","1","test","178","m","9","shape3.jpg","5","<none>","You","Frigyes","3","Waru","2","1","737"
"2517","1","test","179","m","5","shape2.jpg","5","<none>","You","Frigyes","3","Waru","2","1","1095"
"2517","1","test","180","z","4","shape1.jpg","5","<none>","You","Frigyes","3","Waru","2","0","741"
"2517","1","test","181","m","6","shape3.jpg","5","<none>","You","Frigyes","3","Waru","2","1","972"
"2517","1","test","182","m","9","shape3.jpg","5","<none>","You","Frigyes","3","Waru","2","1","1096"
"2517","1","test","183","m","8","shape2.jpg","5","<none>","You","Frigyes","3","Waru","2","1","767"
"2517","1","test","184","z","3","shape3.jpg","5","<none>","You","Frigyes","3","Waru","1","1","747"
"2517","1","test","185","m","6","shape3.jpg","5","<none>","You","Frigyes","3","Waru","2","1","896"
"2517","1","test","186","m","8","shape2.jpg","5","<none>","You","Frigyes","3","Waru","2","1","912"
"2517","1","test","187","m","7","shape1.jpg","5","<none>","You","Frigyes","3","Waru","2","1","870"
"2517","1","test","188","z","2","shape2.jpg","5","<none>","You","Frigyes","3","Waru","1","1","735"
"2517","1","test","189","z","1","shape1.jpg","5","<none>","You","Frigyes","3","Waru","1","1","804"
"2517","1","test","190","z","2","shape2.jpg","5","<none>","You","Frigyes","3","Waru","1","1","847"
"2517","1","test","191","m","6","shape3.jpg","5","<none>","You","Frigyes","3","Waru","2","1","688"
"2517","1","test","192","m","9","shape3.jpg","5","<none>","You","Frigyes","3","Waru","2","1","906"
"2517","1","test","193","m","7","shape1.jpg","5","<none>","You","Frigyes","3","Waru","2","1","880"
"2517","1","test","194","m","9","shape3.jpg","5","<none>","You","Frigyes","3","Waru","2","1","1096"
"2517","1","test","195","z","1","shape1.jpg","5","<none>","You","Frigyes","3","Waru","1","1","685"
"2517","1","test","196","m","8","shape2.jpg","5","<none>","You","Frigyes","3","Waru","2","1","774"
"2517","1","test","197","m","9","shape3.jpg","5","<none>","You","Frigyes","3","Waru","2","1","1156"
"2517","1","test","198","z","3","shape3.jpg","5","<none>","You","Frigyes","3","Waru","1","1","863"
"2517","1","test","199","m","8","shape2.jpg","5","<none>","You","Frigyes","3","Waru","2","1","815"
"2517","1","test","200","z","3","shape3.jpg","5","<none>","You","Frigyes","3","Waru","1","1","945"
"2517","1","test","201","m","5","shape2.jpg","5","<none>","You","Frigyes","3","Waru","2","1","1046"
"2517","1","test","202","z","3","shape3.jpg","5","<none>","You","Frigyes","3","Waru","1","1","704"
"2517","1","test","203","z","1","shape1.jpg","5","<none>","You","Frigyes","3","Waru","1","1","784"
"2517","1","test","204","m","9","shape3.jpg","5","<none>","You","Frigyes","3","Waru","2","1","761"
"2517","1","test","205","z","1","shape1.jpg","5","<none>","You","Frigyes","3","Waru","1","1","792"
"2517","1","test","206","m","6","shape3.jpg","5","<none>","You","Frigyes","3","Waru","2","1","812"
"2517","1","test","207","m","6","shape3.jpg","5","<none>","You","Frigyes","3","Waru","2","1","678"
"2517","1","test","208","z","3","shape3.jpg","5","<none>","You","Frigyes","3","Waru","1","1","719"
"2517","1","test","209","m","7","shape1.jpg","5","<none>","You","Frigyes","3","Waru","2","1","766"
"2517","1","test","210","m","5","shape2.jpg","5","<none>","You","Frigyes","3","Waru","2","1","913"
"2517","1","test","211","z","3","shape3.jpg","5","<none>","You","Frigyes","3","Waru","1","1","687"
"2517","1","test","212","m","4","shape1.jpg","5","<none>","You","Frigyes","3","Waru","2","1","713"
"2517","1","test","213","z","2","shape2.jpg","5","<none>","You","Frigyes","3","Waru","1","1","1424"
"2517","1","test","214","z","1","shape1.jpg","5","<none>","You","Frigyes","3","Waru","1","1","959"
"2517","1","test","215","x","7","shape1.jpg","5","<none>","You","Frigyes","3","Waru","2","0","1499"
"2517","1","test","216","x","9","shape3.jpg","5","<none>","You","Frigyes","3","Waru","2","0","1499"
"2517","1","test","217","m","7","shape1.jpg","5","<none>","You","Frigyes","3","Waru","2","1","827"
"2517","1","test","218","x","4","shape1.jpg","5","<none>","You","Frigyes","3","Waru","2","0","1499"
"2517","1","test","219","z","2","shape2.jpg","5","<none>","You","Frigyes","3","Waru","1","1","691"
"2517","1","test","220","z","6","shape3.jpg","5","<none>","You","Frigyes","3","Waru","2","0","1058"
"2517","1","test","221","m","1","shape1.jpg","5","<none>","You","Frigyes","3","Waru","1","0","843"
"2517","1","test","222","m","9","shape3.jpg","5","<none>","You","Frigyes","3","Waru","2","1","773"
"2517","1","test","223","z","1","shape1.jpg","5","<none>","You","Frigyes","3","Waru","1","1","649"
"2517","1","test","224","m","5","shape2.jpg","5","<none>","You","Frigyes","3","Waru","2","1","699"
"2517","1","test","225","z","3","shape3.jpg","5","<none>","You","Frigyes","3","Waru","1","1","640"
"2517","1","test","226","z","7","shape1.jpg","5","<none>","You","Frigyes","3","Waru","2","0","1099"
"2517","1","test","227","z","9","shape3.jpg","5","<none>","You","Frigyes","3","Waru","2","0","827"
"2517","1","test","228","z","2","shape2.jpg","5","<none>","You","Frigyes","3","Waru","1","1","685"
"2517","1","test","229","m","9","shape3.jpg","5","<none>","You","Frigyes","3","Waru","2","1","876"
"2517","1","test","230","m","5","shape2.jpg","5","<none>","You","Frigyes","3","Waru","2","1","1012"
"2517","1","test","231","z","1","shape1.jpg","5","<none>","You","Frigyes","3","Waru","1","1","725"
"2517","1","test","232","z","2","shape2.jpg","5","<none>","You","Frigyes","3","Waru","1","1","702"
"2517","1","test","233","m","1","shape1.jpg","5","<none>","You","Frigyes","3","Waru","1","0","757"
"2517","1","test","234","z","2","shape2.jpg","5","<none>","You","Frigyes","3","Waru","1","1","690"
"2517","1","test","235","x","3","shape3.jpg","5","<none>","You","Frigyes","3","Waru","1","0","1498"
"2517","1","test","236","x","2","shape2.jpg","5","<none>","You","Frigyes","3","Waru","1","0","1498"
"2517","1","test","237","z","3","shape3.jpg","5","<none>","You","Frigyes","3","Waru","1","1","905"
"2517","1","test","238","m","9","shape3.jpg","5","<none>","You","Frigyes","3","Waru","2","1","1336"
"2517","1","test","239","x","8","shape2.jpg","5","<none>","You","Frigyes","3","Waru","2","0","1499"
"2517","1","test","240","z","1","shape1.jpg","5","<none>","You","Frigyes","3","Waru","1","1","737"
"2517","1","test","241","m","6","shape3.jpg","5","<none>","You","Frigyes","3","Waru","2","1","983"
"2517","1","test","242","m","5","shape2.jpg","5","<none>","You","Frigyes","3","Waru","2","1","1083"
"2517","1","test","243","m","5","shape2.jpg","5","<none>","You","Frigyes","3","Waru","2","1","752"
"2517","1","test","244","z","3","shape3.jpg","5","<none>","You","Frigyes","3","Waru","1","1","717"
"2517","1","test","245","z","1","shape1.jpg","5","<none>","You","Frigyes","3","Waru","1","1","660"
"2517","1","test","246","z","9","shape3.jpg","5","<none>","You","Frigyes","3","Waru","2","0","613"
"2517","1","test","247","z","3","shape3.jpg","5","<none>","You","Frigyes","3","Waru","1","1","593"
"2517","1","test","248","z","3","shape3.jpg","5","<none>","You","Frigyes","3","Waru","1","1","613"
"2517","1","test","249","z","8","shape2.jpg","5","<none>","You","Frigyes","3","Waru","2","0","393"
"2517","1","test","250","x","7","shape1.jpg","5","<none>","You","Frigyes","3","Waru","2","0","1500"
"2517","1","test","251","z","3","shape3.jpg","5","<none>","You","Frigyes","3","Waru","1","1","721"
"2517","1","test","252","m","7","shape1.jpg","5","<none>","You","Frigyes","3","Waru","2","1","961"
"2517","1","test","253","m","2","shape2.jpg","5","<none>","You","Frigyes","3","Waru","1","0","758"
"2517","1","test","254","z","1","shape1.jpg","5","<none>","You","Frigyes","3","Waru","1","1","714"
"2517","1","test","255","m","8","shape2.jpg","5","<none>","You","Frigyes","3","Waru","2","1","1128"
"2517","1","test","256","z","1","shape1.jpg","5","<none>","You","Frigyes","3","Waru","1","1","774"
"2517","1","test","257","m","7","shape1.jpg","5","<none>","You","Frigyes","3","Waru","2","1","763"
"2517","1","test","258","z","2","shape2.jpg","5","<none>","You","Frigyes","3","Waru","1","1","679"
"2517","1","test","259","x","4","shape1.jpg","5","<none>","You","Frigyes","3","Waru","2","0","1500"
"2517","1","test","260","m","6","shape3.jpg","5","<none>","You","Frigyes","3","Waru","2","1","1053"
"2517","1","test","261","x","3","shape3.jpg","5","<none>","You","Frigyes","3","Waru","1","0","1500"
"2517","1","test","262","m","8","shape2.jpg","5","<none>","You","Frigyes","3","Waru","2","1","847"
"2517","1","test","263","z","1","shape1.jpg","5","<none>","You","Frigyes","3","Waru","1","1","1043"
"2517","1","test","264","m","4","shape1.jpg","5","<none>","You","Frigyes","3","Waru","2","1","1258"
"2517","1","test","265","z","3","shape3.jpg","5","<none>","You","Frigyes","3","Waru","1","1","890"
"2517","1","test","266","z","3","shape3.jpg","5","<none>","You","Frigyes","3","Waru","1","1","659"
"2517","1","test","267","z","3","shape3.jpg","5","<none>","You","Frigyes","3","Waru","1","1","676"
"2517","1","test","268","m","7","shape1.jpg","5","<none>","You","Frigyes","3","Waru","2","1","1083"
"2517","1","test","269","z","1","shape1.jpg","5","<none>","You","Frigyes","3","Waru","1","1","1321"
"2517","1","test","270","m","4","shape1.jpg","5","<none>","You","Frigyes","3","Waru","2","1","807"
"2517","1","test","271","m","5","shape2.jpg","5","<none>","You","Frigyes","3","Waru","2","1","659"
"2517","1","test","272","m","6","shape3.jpg","5","<none>","You","Frigyes","3","Waru","2","1","1371"
"2517","1","test","273","z","1","shape1.jpg","5","<none>","You","Frigyes","3","Waru","1","1","943"
"2517","1","test","274","z","2","shape2.jpg","5","<none>","You","Frigyes","3","Waru","1","1","924"
"2517","1","test","275","x","9","shape3.jpg","5","<none>","You","Frigyes","3","Waru","2","0","1498"
"2517","1","test","276","m","6","shape3.jpg","5","<none>","You","Frigyes","3","Waru","2","1","1077"
"2517","1","test","277","m","7","shape1.jpg","5","<none>","You","Frigyes","3","Waru","2","1","1070"
"2517","1","test","278","m","7","shape1.jpg","5","<none>","You","Frigyes","3","Waru","2","1","661"
"2517","1","test","279","m","2","shape2.jpg","5","<none>","You","Frigyes","3","Waru","1","0","583"
"2517","1","test","280","m","6","shape3.jpg","5","<none>","You","Frigyes","3","Waru","2","1","707"
"2517","1","test","281","m","7","shape1.jpg","5","<none>","You","Frigyes","3","Waru","2","1","689"
"2517","1","test","282","m","8","shape2.jpg","5","<none>","You","Frigyes","3","Waru","2","1","1209"
"2517","1","test","283","m","8","shape2.jpg","5","<none>","You","Frigyes","3","Waru","2","1","1243"
"2517","1","test","284","z","2","shape2.jpg","5","<none>","You","Frigyes","3","Waru","1","1","562"
"2517","1","test","285","z","3","shape3.jpg","5","<none>","You","Frigyes","3","Waru","1","1","696"
"2517","1","test","286","z","3","shape3.jpg","5","<none>","You","Frigyes","3","Waru","1","1","554"
"2517","1","test","287","z","2","shape2.jpg","5","<none>","You","Frigyes","3","Waru","1","1","840"
"2517","1","test","288","z","2","shape2.jpg","5","<none>","You","Frigyes","3","Waru","1","1","680"
"2517","1","test","289","z","2","shape2.jpg","5","<none>","You","Frigyes","3","Waru","1","1","537"
"2517","1","test","290","m","5","shape2.jpg","5","<none>","You","Frigyes","3","Waru","2","1","616"
"2517","1","test","291","m","9","shape3.jpg","5","<none>","You","Frigyes","3","Waru","2","1","1106"
"2517","1","test","292","z","8","shape2.jpg","5","<none>","You","Frigyes","3","Waru","2","0","808"
"2517","1","test","293","m","8","shape2.jpg","5","<none>","You","Frigyes","3","Waru","2","1","715"
"2517","1","test","294","m","5","shape2.jpg","5","<none>","You","Frigyes","3","Waru","2","1","1179"
"2517","1","test","295","z","3","shape3.jpg","5","<none>","You","Frigyes","3","Waru","1","1","765"
"2517","1","test","296","m","6","shape3.jpg","5","<none>","You","Frigyes","3","Waru","2","1","1402"
"2517","1","test","297","m","9","shape3.jpg","5","<none>","You","Frigyes","3","Waru","2","1","1082"
"2517","1","test","298","z","4","shape1.jpg","5","<none>","You","Frigyes","3","Waru","2","0","490"
"2517","1","test","299","x","3","shape3.jpg","5","<none>","You","Frigyes","3","Waru","1","0","1498"
"2517","1","test","300","z","2","shape2.jpg","5","<none>","You","Frigyes","3","Waru","1","1","1311"
"2517","1","test","301","m","4","shape1.jpg","5","<none>","You","Frigyes","3","Waru","2","1","787"
"2517","1","test","302","z","1","shape1.jpg","5","<none>","You","Frigyes","3","Waru","1","1","1023"
"2517","1","test","303","m","8","shape2.jpg","5","<none>","You","Frigyes","3","Waru","2","1","1161"
"2517","1","test","304","m","5","shape2.jpg","5","<none>","You","Frigyes","3","Waru","2","1","870"
"2517","1","test","305","m","8","shape2.jpg","5","<none>","You","Frigyes","3","Waru","2","1","878"
"2517","1","test","306","m","5","shape2.jpg","5","<none>","You","Frigyes","3","Waru","2","1","757"
"2517","1","test","307","z","3","shape3.jpg","5","<none>","You","Frigyes","3","Waru","1","1","851"
"2517","1","test","308","z","2","shape2.jpg","5","<none>","You","Frigyes","3","Waru","1","1","1170"
"2517","1","test","309","z","3","shape3.jpg","5","<none>","You","Frigyes","3","Waru","1","1","823"
"2517","1","test","310","z","2","shape2.jpg","5","<none>","You","Frigyes","3","Waru","1","1","864"
"2517","1","test","311","z","3","shape3.jpg","5","<none>","You","Frigyes","3","Waru","1","1","1026"
"2517","1","test","312","z","1","shape1.jpg","5","<none>","You","Frigyes","3","Waru","1","1","899"
"2517","1","test","313","z","1","shape1.jpg","5","<none>","You","Frigyes","3","Waru","1","1","627"
"2517","1","test","314","m","7","shape1.jpg","5","<none>","You","Frigyes","3","Waru","2","1","797"
"2517","1","test","315","z","1","shape1.jpg","5","<none>","You","Frigyes","3","Waru","1","1","904"
"2517","1","test","316","m","5","shape2.jpg","5","<none>","You","Frigyes","3","Waru","2","1","678"
"2517","1","test","317","z","2","shape2.jpg","5","<none>","You","Frigyes","3","Waru","1","1","655"
"2517","1","test","318","m","7","shape1.jpg","5","<none>","You","Frigyes","3","Waru","2","1","657"
"2517","1","test","319","z","1","shape1.jpg","5","<none>","You","Frigyes","3","Waru","1","1","779"
"2517","1","test","320","m","4","shape1.jpg","5","<none>","You","Frigyes","3","Waru","2","1","823"
"2517","1","test","321","m","7","shape1.jpg","5","<none>","You","Frigyes","3","Waru","2","1","800"
"2517","1","test","322","m","5","shape2.jpg","5","<none>","You","Frigyes","3","Waru","2","1","1340"
"2517","1","test","323","z","3","shape3.jpg","5","<none>","You","Frigyes","3","Waru","1","1","568"
"2517","1","test","324","m","5","shape2.jpg","5","<none>","You","Frigyes","3","Waru","2","1","766"
"2517","1","test","325","m","7","shape1.jpg","5","<none>","You","Frigyes","3","Waru","2","1","754"
"2517","1","test","326","z","1","shape1.jpg","5","<none>","You","Frigyes","3","Waru","1","1","782"
"2517","1","test","327","m","4","shape1.jpg","5","<none>","You","Frigyes","3","Waru","2","1","651"
"2517","1","test","328","z","3","shape3.jpg","5","<none>","You","Frigyes","3","Waru","1","1","571"
"2517","1","test","329","z","1","shape1.jpg","5","<none>","You","Frigyes","3","Waru","1","1","688"
"2517","1","test","330","z","4","shape1.jpg","5","<none>","You","Frigyes","3","Waru","2","0","608"
"2517","1","test","331","m","9","shape3.jpg","5","<none>","You","Frigyes","3","Waru","2","1","924"
"2517","1","test","332","m","4","shape1.jpg","5","<none>","You","Frigyes","3","Waru","2","1","811"
"2517","1","test","333","m","4","shape1.jpg","5","<none>","You","Frigyes","3","Waru","2","1","485"
"2517","1","test","334","m","7","shape1.jpg","5","<none>","You","Frigyes","3","Waru","2","1","781"
"2517","1","test","335","z","3","shape3.jpg","5","<none>","You","Frigyes","3","Waru","1","1","578"
"2517","1","test","336","x","3","shape3.jpg","5","<none>","You","Frigyes","3","Waru","1","0","1500"
"2517","1","test","337","m","8","shape2.jpg","5","<none>","You","Frigyes","3","Waru","2","1","521"
"2517","1","test","338","m","2","shape2.jpg","5","<none>","You","Frigyes","3","Waru","1","0","697"
"2517","1","test","339","m","8","shape2.jpg","5","<none>","You","Frigyes","3","Waru","2","1","738"
"2517","1","test","340","m","4","shape1.jpg","5","<none>","You","Frigyes","3","Waru","2","1","583"
"2517","1","test","341","m","7","shape1.jpg","5","<none>","You","Frigyes","3","Waru","2","1","707"
"2517","1","test","342","m","9","shape3.jpg","5","<none>","You","Frigyes","3","Waru","2","1","866"
"2517","1","test","343","m","7","shape1.jpg","5","<none>","You","Frigyes","3","Waru","2","1","731"
"2517","1","test","344","m","8","shape2.jpg","5","<none>","You","Frigyes","3","Waru","2","1","880"
"2517","1","test","345","z","3","shape3.jpg","5","<none>","You","Frigyes","3","Waru","1","1","586"
"2517","1","test","346","z","1","shape1.jpg","5","<none>","You","Frigyes","3","Waru","1","1","773"
"2517","1","test","347","z","2","shape2.jpg","5","<none>","You","Frigyes","3","Waru","1","1","728"
"2517","1","test","348","m","9","shape3.jpg","5","<none>","You","Frigyes","3","Waru","2","1","913"
"2517","1","test","349","m","4","shape1.jpg","5","<none>","You","Frigyes","3","Waru","2","1","766"
"2517","1","test","350","z","1","shape1.jpg","5","<none>","You","Frigyes","3","Waru","1","1","939"
"2517","1","test","351","z","2","shape2.jpg","5","<none>","You","Frigyes","3","Waru","1","1","857"
"2517","1","test","352","m","6","shape3.jpg","5","<none>","You","Frigyes","3","Waru","2","1","746"
"2517","1","test","353","x","9","shape3.jpg","5","<none>","You","Frigyes","3","Waru","2","0","1500"
"2517","1","test","354","m","6","shape3.jpg","5","<none>","You","Frigyes","3","Waru","2","1","1018"
"2517","1","test","355","z","2","shape2.jpg","5","<none>","You","Frigyes","3","Waru","1","1","787"
"2517","1","test","356","m","6","shape3.jpg","5","<none>","You","Frigyes","3","Waru","2","1","1055"
"2517","1","test","357","x","2","shape2.jpg","5","<none>","You","Frigyes","3","Waru","1","0","1499"
"2517","1","test","358","m","2","shape2.jpg","5","<none>","You","Frigyes","3","Waru","1","0","781"
"2517","1","test","359","x","1","shape1.jpg","5","<none>","You","Frigyes","3","Waru","1","0","1500"
"2517","1","test","360","z","1","shape1.jpg","5","<none>","You","Frigyes","3","Waru","1","1","611"
"2518","2","test","1","m","1","shape1.jpg","6","<none>","Kriszti","You","3","Nenu","1","1","1303"
"2518","2","test","2","m","2","shape2.jpg","6","<none>","Kriszti","You","3","Nenu","1","1","773"
"2518","2","test","3","m","9","shape3.jpg","6","<none>","Kriszti","You","3","Nenu","2","0","848"
"2518","2","test","4","z","7","shape1.jpg","6","<none>","Kriszti","You","3","Nenu","2","1","697"
"2518","2","test","5","m","1","shape1.jpg","6","<none>","Kriszti","You","3","Nenu","1","1","827"
"2518","2","test","6","m","3","shape3.jpg","6","<none>","Kriszti","You","3","Nenu","1","1","1021"
"2518","2","test","7","m","1","shape1.jpg","6","<none>","Kriszti","You","3","Nenu","1","1","598"
"2518","2","test","8","m","2","shape2.jpg","6","<none>","Kriszti","You","3","Nenu","1","1","658"
"2518","2","test","9","x","3","shape3.jpg","6","<none>","Kriszti","You","3","Nenu","1","0","1500"
"2518","2","test","10","z","7","shape1.jpg","6","<none>","Kriszti","You","3","Nenu","2","1","918"
"2518","2","test","11","m","2","shape2.jpg","6","<none>","Kriszti","You","3","Nenu","1","1","749"
"2518","2","test","12","z","7","shape1.jpg","6","<none>","Kriszti","You","3","Nenu","2","1","682"
"2518","2","test","13","m","1","shape1.jpg","6","<none>","Kriszti","You","3","Nenu","1","1","755"
"2518","2","test","14","m","3","shape3.jpg","6","<none>","Kriszti","You","3","Nenu","1","1","952"
"2518","2","test","15","m","2","shape2.jpg","6","<none>","Kriszti","You","3","Nenu","1","1","1268"
"2518","2","test","16","z","6","shape3.jpg","6","<none>","Kriszti","You","3","Nenu","2","1","867"
"2518","2","test","17","m","2","shape2.jpg","6","<none>","Kriszti","You","3","Nenu","1","1","809"
"2518","2","test","18","z","7","shape1.jpg","6","<none>","Kriszti","You","3","Nenu","2","1","613"
"2518","2","test","19","m","3","shape3.jpg","6","<none>","Kriszti","You","3","Nenu","1","1","688"
"2518","2","test","20","z","8","shape2.jpg","6","<none>","Kriszti","You","3","Nenu","2","1","1256"
"2518","2","test","21","z","4","shape1.jpg","6","<none>","Kriszti","You","3","Nenu","2","1","785"
"2518","2","test","22","m","1","shape1.jpg","6","<none>","Kriszti","You","3","Nenu","1","1","876"
"2518","2","test","23","z","5","shape2.jpg","6","<none>","Kriszti","You","3","Nenu","2","1","787"
"2518","2","test","24","z","5","shape2.jpg","6","<none>","Kriszti","You","3","Nenu","2","1","896"
"2518","2","test","25","m","3","shape3.jpg","6","<none>","Kriszti","You","3","Nenu","1","1","664"
"2518","2","test","26","z","8","shape2.jpg","6","<none>","Kriszti","You","3","Nenu","2","1","641"
"2518","2","test","27","z","6","shape3.jpg","6","<none>","Kriszti","You","3","Nenu","2","1","802"
"2518","2","test","28","z","9","shape3.jpg","6","<none>","Kriszti","You","3","Nenu","2","1","1437"
"2518","2","test","29","x","3","shape3.jpg","6","<none>","Kriszti","You","3","Nenu","1","0","1500"
"2518","2","test","30","m","5","shape2.jpg","6","<none>","Kriszti","You","3","Nenu","2","0","832"
"2518","2","test","31","m","9","shape3.jpg","6","<none>","Kriszti","You","3","Nenu","2","0","1450"
"2518","2","test","32","z","8","shape2.jpg","6","<none>","Kriszti","You","3","Nenu","2","1","818"
"2518","2","test","33","m","3","shape3.jpg","6","<none>","Kriszti","You","3","Nenu","1","1","1019"
"2518","2","test","34","m","1","shape1.jpg","6","<none>","Kriszti","You","3","Nenu","1","1","1038"
"2518","2","test","35","m","3","shape3.jpg","6","<none>","Kriszti","You","3","Nenu","1","1","830"
"2518","2","test","36","z","4","shape1.jpg","6","<none>","Kriszti","You","3","Nenu","2","1","696"
"2518","2","test","37","m","3","shape3.jpg","6","<none>","Kriszti","You","3","Nenu","1","1","888"
"2518","2","test","38","m","1","shape1.jpg","6","<none>","Kriszti","You","3","Nenu","1","1","983"
"2518","2","test","39","m","2","shape2.jpg","6","<none>","Kriszti","You","3","Nenu","1","1","716"
"2518","2","test","40","z","5","shape2.jpg","6","<none>","Kriszti","You","3","Nenu","2","1","977"
"2518","2","test","41","z","8","shape2.jpg","6","<none>","Kriszti","You","3","Nenu","2","1","814"
"2518","2","test","42","z","8","shape2.jpg","6","<none>","Kriszti","You","3","Nenu","2","1","929"
"2518","2","test","43","m","1","shape1.jpg","6","<none>","Kriszti","You","3","Nenu","1","1","645"
"2518","2","test","44","z","4","shape1.jpg","6","<none>","Kriszti","You","3","Nenu","2","1","737"
"2518","2","test","45","z","4","shape1.jpg","6","<none>","Kriszti","You","3","Nenu","2","1","614"
"2518","2","test","46","z","4","shape1.jpg","6","<none>","Kriszti","You","3","Nenu","2","1","785"
"2518","2","test","47","z","5","shape2.jpg","6","<none>","Kriszti","You","3","Nenu","2","1","853"
"2518","2","test","48","z","6","shape3.jpg","6","<none>","Kriszti","You","3","Nenu","2","1","822"
"2518","2","test","49","z","8","shape2.jpg","6","<none>","Kriszti","You","3","Nenu","2","1","823"
"2518","2","test","50","z","4","shape1.jpg","6","<none>","Kriszti","You","3","Nenu","2","1","795"
"2518","2","test","51","m","3","shape3.jpg","6","<none>","Kriszti","You","3","Nenu","1","1","877"
"2518","2","test","52","z","6","shape3.jpg","6","<none>","Kriszti","You","3","Nenu","2","1","710"
"2518","2","test","53","z","4","shape1.jpg","6","<none>","Kriszti","You","3","Nenu","2","1","763"
"2518","2","test","54","m","3","shape3.jpg","6","<none>","Kriszti","You","3","Nenu","1","1","786"
"2518","2","test","55","z","5","shape2.jpg","6","<none>","Kriszti","You","3","Nenu","2","1","973"
"2518","2","test","56","z","4","shape1.jpg","6","<none>","Kriszti","You","3","Nenu","2","1","682"
"2518","2","test","57","m","1","shape1.jpg","6","<none>","Kriszti","You","3","Nenu","1","1","850"
"2518","2","test","58","z","4","shape1.jpg","6","<none>","Kriszti","You","3","Nenu","2","1","635"
"2518","2","test","59","m","2","shape2.jpg","6","<none>","Kriszti","You","3","Nenu","1","1","627"
"2518","2","test","60","z","9","shape3.jpg","6","<none>","Kriszti","You","3","Nenu","2","1","983"
"2518","2","test","61","z","7","shape1.jpg","6","<none>","Kriszti","You","3","Nenu","2","1","817"
"2518","2","test","62","z","9","shape3.jpg","6","<none>","Kriszti","You","3","Nenu","2","1","1292"
"2518","2","test","63","m","3","shape3.jpg","6","<none>","Kriszti","You","3","Nenu","1","1","658"
"2518","2","test","64","m","1","shape1.jpg","6","<none>","Kriszti","You","3","Nenu","1","1","644"
"2518","2","test","65","z","9","shape3.jpg","6","<none>","Kriszti","You","3","Nenu","2","1","926"
"2518","2","test","66","z","9","shape3.jpg","6","<none>","Kriszti","You","3","Nenu","2","1","580"
"2518","2","test","67","m","1","shape1.jpg","6","<none>","Kriszti","You","3","Nenu","1","1","650"
"2518","2","test","68","z","8","shape2.jpg","6","<none>","Kriszti","You","3","Nenu","2","1","795"
"2518","2","test","69","z","8","shape2.jpg","6","<none>","Kriszti","You","3","Nenu","2","1","629"
"2518","2","test","70","m","3","shape3.jpg","6","<none>","Kriszti","You","3","Nenu","1","1","777"
"2518","2","test","71","z","8","shape2.jpg","6","<none>","Kriszti","You","3","Nenu","2","1","605"
"2518","2","test","72","z","5","shape2.jpg","6","<none>","Kriszti","You","3","Nenu","2","1","977"
"2518","2","test","73","z","5","shape2.jpg","6","<none>","Kriszti","You","3","Nenu","2","1","564"
"2518","2","test","74","z","5","shape2.jpg","6","<none>","Kriszti","You","3","Nenu","2","1","538"
"2518","2","test","75","z","5","shape2.jpg","6","<none>","Kriszti","You","3","Nenu","2","1","647"
"2518","2","test","76","z","7","shape1.jpg","6","<none>","Kriszti","You","3","Nenu","2","1","698"
"2518","2","test","77","m","1","shape1.jpg","6","<none>","Kriszti","You","3","Nenu","1","1","1127"
"2518","2","test","78","m","1","shape1.jpg","6","<none>","Kriszti","You","3","Nenu","1","1","582"
"2518","2","test","79","z","8","shape2.jpg","6","<none>","Kriszti","You","3","Nenu","2","1","635"
"2518","2","test","80","m","1","shape1.jpg","6","<none>","Kriszti","You","3","Nenu","1","1","636"
"2518","2","test","81","z","6","shape3.jpg","6","<none>","Kriszti","You","3","Nenu","2","1","791"
"2518","2","test","82","m","3","shape3.jpg","6","<none>","Kriszti","You","3","Nenu","1","1","762"
"2518","2","test","83","z","1","shape1.jpg","6","<none>","Kriszti","You","3","Nenu","1","0","567"
"2518","2","test","84","m","2","shape2.jpg","6","<none>","Kriszti","You","3","Nenu","1","1","924"
"2518","2","test","85","m","2","shape2.jpg","6","<none>","Kriszti","You","3","Nenu","1","1","587"
"2518","2","test","86","m","2","shape2.jpg","6","<none>","Kriszti","You","3","Nenu","1","1","566"
"2518","2","test","87","z","5","shape2.jpg","6","<none>","Kriszti","You","3","Nenu","2","1","787"
"2518","2","test","88","z","8","shape2.jpg","6","<none>","Kriszti","You","3","Nenu","2","1","1048"
"2518","2","test","89","z","7","shape1.jpg","6","<none>","Kriszti","You","3","Nenu","2","1","921"
"2518","2","test","90","z","9","shape3.jpg","6","<none>","Kriszti","You","3","Nenu","2","1","1199"
"2518","2","test","91","z","9","shape3.jpg","6","<none>","Kriszti","You","3","Nenu","2","1","552"
"2518","2","test","92","m","1","shape1.jpg","6","<none>","Kriszti","You","3","Nenu","1","1","623"
"2518","2","test","93","m","3","shape3.jpg","6","<none>","Kriszti","You","3","Nenu","1","1","810"
"2518","2","test","94","m","3","shape3.jpg","6","<none>","Kriszti","You","3","Nenu","1","1","716"
"2518","2","test","95","z","8","shape2.jpg","6","<none>","Kriszti","You","3","Nenu","2","1","819"
"2518","2","test","96","z","7","shape1.jpg","6","<none>","Kriszti","You","3","Nenu","2","1","813"
"2518","2","test","97","z","7","shape1.jpg","6","<none>","Kriszti","You","3","Nenu","2","1","919"
"2518","2","test","98","m","2","shape2.jpg","6","<none>","Kriszti","You","3","Nenu","1","1","782"
"2518","2","test","99","z","8","shape2.jpg","6","<none>","Kriszti","You","3","Nenu","2","1","649"
"2518","2","test","100","m","2","shape2.jpg","6","<none>","Kriszti","You","3","Nenu","1","1","691"
"2518","2","test","101","m","3","shape3.jpg","6","<none>","Kriszti","You","3","Nenu","1","1","1323"
"2518","2","test","102","z","9","shape3.jpg","6","<none>","Kriszti","You","3","Nenu","2","1","711"
"2518","2","test","103","m","3","shape3.jpg","6","<none>","Kriszti","You","3","Nenu","1","1","783"
"2518","2","test","104","m","1","shape1.jpg","6","<none>","Kriszti","You","3","Nenu","1","1","690"
"2518","2","test","105","m","6","shape3.jpg","6","<none>","Kriszti","You","3","Nenu","2","0","1186"
"2518","2","test","106","z","4","shape1.jpg","6","<none>","Kriszti","You","3","Nenu","2","1","876"
"2518","2","test","107","m","1","shape1.jpg","6","<none>","Kriszti","You","3","Nenu","1","1","693"
"2518","2","test","108","m","1","shape1.jpg","6","<none>","Kriszti","You","3","Nenu","1","1","933"
"2518","2","test","109","m","2","shape2.jpg","6","<none>","Kriszti","You","3","Nenu","1","1","682"
"2518","2","test","110","z","4","shape1.jpg","6","<none>","Kriszti","You","3","Nenu","2","1","955"
"2518","2","test","111","m","1","shape1.jpg","6","<none>","Kriszti","You","3","Nenu","1","1","935"
"2518","2","test","112","z","9","shape3.jpg","6","<none>","Kriszti","You","3","Nenu","2","1","860"
"2518","2","test","113","m","3","shape3.jpg","6","<none>","Kriszti","You","3","Nenu","1","1","574"
"2518","2","test","114","m","3","shape3.jpg","6","<none>","Kriszti","You","3","Nenu","1","1","897"
"2518","2","test","115","z","9","shape3.jpg","6","<none>","Kriszti","You","3","Nenu","2","1","841"
"2518","2","test","116","m","2","shape2.jpg","6","<none>","Kriszti","You","3","Nenu","1","1","898"
"2518","2","test","117","m","1","shape1.jpg","6","<none>","Kriszti","You","3","Nenu","1","1","682"
"2518","2","test","118","m","1","shape1.jpg","6","<none>","Kriszti","You","3","Nenu","1","1","889"
"2518","2","test","119","m","1","shape1.jpg","6","<none>","Kriszti","You","3","Nenu","1","1","744"
"2518","2","test","120","m","2","shape2.jpg","6","<none>","Kriszti","You","3","Nenu","1","1","614"
"2518","2","test","121","z","9","shape3.jpg","6","<none>","Kriszti","You","3","Nenu","2","1","722"
"2518","2","test","122","m","1","shape1.jpg","6","<none>","Kriszti","You","3","Nenu","1","1","729"
"2518","2","test","123","m","3","shape3.jpg","6","<none>","Kriszti","You","3","Nenu","1","1","743"
"2518","2","test","124","z","6","shape3.jpg","6","<none>","Kriszti","You","3","Nenu","2","1","582"
"2518","2","test","125","m","2","shape2.jpg","6","<none>","Kriszti","You","3","Nenu","1","1","681"
"2518","2","test","126","m","2","shape2.jpg","6","<none>","Kriszti","You","3","Nenu","1","1","754"
"2518","2","test","127","z","9","shape3.jpg","6","<none>","Kriszti","You","3","Nenu","2","1","831"
"2518","2","test","128","m","3","shape3.jpg","6","<none>","Kriszti","You","3","Nenu","1","1","705"
"2518","2","test","129","m","1","shape1.jpg","6","<none>","Kriszti","You","3","Nenu","1","1","577"
"2518","2","test","130","m","2","shape2.jpg","6","<none>","Kriszti","You","3","Nenu","1","1","581"
"2518","2","test","131","m","1","shape1.jpg","6","<none>","Kriszti","You","3","Nenu","1","1","641"
"2518","2","test","132","m","2","shape2.jpg","6","<none>","Kriszti","You","3","Nenu","1","1","611"
"2518","2","test","133","m","3","shape3.jpg","6","<none>","Kriszti","You","3","Nenu","1","1","598"
"2518","2","test","134","m","1","shape1.jpg","6","<none>","Kriszti","You","3","Nenu","1","1","579"
"2518","2","test","135","m","1","shape1.jpg","6","<none>","Kriszti","You","3","Nenu","1","1","623"
"2518","2","test","136","z","6","shape3.jpg","6","<none>","Kriszti","You","3","Nenu","2","1","811"
"2518","2","test","137","z","8","shape2.jpg","6","<none>","Kriszti","You","3","Nenu","2","1","918"
"2518","2","test","138","m","1","shape1.jpg","6","<none>","Kriszti","You","3","Nenu","1","1","586"
"2518","2","test","139","z","7","shape1.jpg","6","<none>","Kriszti","You","3","Nenu","2","1","681"
"2518","2","test","140","z","4","shape1.jpg","6","<none>","Kriszti","You","3","Nenu","2","1","817"
"2518","2","test","141","z","6","shape3.jpg","6","<none>","Kriszti","You","3","Nenu","2","1","1147"
"2518","2","test","142","m","3","shape3.jpg","6","<none>","Kriszti","You","3","Nenu","1","1","647"
"2518","2","test","143","z","6","shape3.jpg","6","<none>","Kriszti","You","3","Nenu","2","1","553"
"2518","2","test","144","m","2","shape2.jpg","6","<none>","Kriszti","You","3","Nenu","1","1","656"
"2518","2","test","145","z","8","shape2.jpg","6","<none>","Kriszti","You","3","Nenu","2","1","809"
"2518","2","test","146","m","2","shape2.jpg","6","<none>","Kriszti","You","3","Nenu","1","1","547"
"2518","2","test","147","z","4","shape1.jpg","6","<none>","Kriszti","You","3","Nenu","2","1","832"
"2518","2","test","148","z","6","shape3.jpg","6","<none>","Kriszti","You","3","Nenu","2","1","658"
"2518","2","test","149","z","8","shape2.jpg","6","<none>","Kriszti","You","3","Nenu","2","1","1204"
"2518","2","test","150","m","2","shape2.jpg","6","<none>","Kriszti","You","3","Nenu","1","1","631"
"2518","2","test","151","z","6","shape3.jpg","6","<none>","Kriszti","You","3","Nenu","2","1","744"
"2518","2","test","152","m","3","shape3.jpg","6","<none>","Kriszti","You","3","Nenu","1","1","599"
"2518","2","test","153","z","5","shape2.jpg","6","<none>","Kriszti","You","3","Nenu","2","1","673"
"2518","2","test","154","z","4","shape1.jpg","6","<none>","Kriszti","You","3","Nenu","2","1","747"
"2518","2","test","155","z","9","shape3.jpg","6","<none>","Kriszti","You","3","Nenu","2","1","1016"
"2518","2","test","156","m","3","shape3.jpg","6","<none>","Kriszti","You","3","Nenu","1","1","787"
"2518","2","test","157","z","5","shape2.jpg","6","<none>","Kriszti","You","3","Nenu","2","1","806"
"2518","2","test","158","m","2","shape2.jpg","6","<none>","Kriszti","You","3","Nenu","1","1","808"
"2518","2","test","159","m","2","shape2.jpg","6","<none>","Kriszti","You","3","Nenu","1","1","699"
"2518","2","test","160","m","5","shape2.jpg","6","<none>","Kriszti","You","3","Nenu","2","0","699"
"2518","2","test","161","m","2","shape2.jpg","6","<none>","Kriszti","You","3","Nenu","1","1","666"
"2518","2","test","162","m","2","shape2.jpg","6","<none>","Kriszti","You","3","Nenu","1","1","667"
"2518","2","test","163","m","2","shape2.jpg","6","<none>","Kriszti","You","3","Nenu","1","1","603"
"2518","2","test","164","z","7","shape1.jpg","6","<none>","Kriszti","You","3","Nenu","2","1","640"
"2518","2","test","165","z","6","shape3.jpg","6","<none>","Kriszti","You","3","Nenu","2","1","745"
"2518","2","test","166","m","1","shape1.jpg","6","<none>","Kriszti","You","3","Nenu","1","1","1079"
"2518","2","test","167","m","1","shape1.jpg","6","<none>","Kriszti","You","3","Nenu","1","1","590"
"2518","2","test","168","z","9","shape3.jpg","6","<none>","Kriszti","You","3","Nenu","2","1","866"
"2518","2","test","169","m","3","shape3.jpg","6","<none>","Kriszti","You","3","Nenu","1","1","594"
"2518","2","test","170","m","3","shape3.jpg","6","<none>","Kriszti","You","3","Nenu","1","1","751"
"2518","2","test","171","z","8","shape2.jpg","6","<none>","Kriszti","You","3","Nenu","2","1","572"
"2518","2","test","172","m","1","shape1.jpg","6","<none>","Kriszti","You","3","Nenu","1","1","664"
"2518","2","test","173","m","3","shape3.jpg","6","<none>","Kriszti","You","3","Nenu","1","1","610"
"2518","2","test","174","m","2","shape2.jpg","6","<none>","Kriszti","You","3","Nenu","1","1","622"
"2518","2","test","175","z","6","shape3.jpg","6","<none>","Kriszti","You","3","Nenu","2","1","703"
"2518","2","test","176","m","1","shape1.jpg","6","<none>","Kriszti","You","3","Nenu","1","1","1432"
"2518","2","test","177","m","1","shape1.jpg","6","<none>","Kriszti","You","3","Nenu","1","1","552"
"2518","2","test","178","m","1","shape1.jpg","6","<none>","Kriszti","You","3","Nenu","1","1","526"
"2518","2","test","179","z","6","shape3.jpg","6","<none>","Kriszti","You","3","Nenu","2","1","1076"
"2518","2","test","180","m","3","shape3.jpg","6","<none>","Kriszti","You","3","Nenu","1","1","851"
"2518","2","test","181","z","6","shape3.jpg","6","<none>","Kriszti","You","3","Nenu","2","1","709"
"2518","2","test","182","z","8","shape2.jpg","6","<none>","Kriszti","You","3","Nenu","2","1","988"
"2518","2","test","183","m","3","shape3.jpg","6","<none>","Kriszti","You","3","Nenu","1","1","840"
"2518","2","test","184","m","1","shape1.jpg","6","<none>","Kriszti","You","3","Nenu","1","1","617"
"2518","2","test","185","m","2","shape2.jpg","6","<none>","Kriszti","You","3","Nenu","1","1","1027"
"2518","2","test","186","z","6","shape3.jpg","6","<none>","Kriszti","You","3","Nenu","2","1","597"
"2518","2","test","187","m","3","shape3.jpg","6","<none>","Kriszti","You","3","Nenu","1","1","562"
"2518","2","test","188","m","3","shape3.jpg","6","<none>","Kriszti","You","3","Nenu","1","1","607"
"2518","2","test","189","m","3","shape3.jpg","6","<none>","Kriszti","You","3","Nenu","1","1","633"
"2518","2","test","190","z","4","shape1.jpg","6","<none>","Kriszti","You","3","Nenu","2","1","563"
"2518","2","test","191","z","6","shape3.jpg","6","<none>","Kriszti","You","3","Nenu","2","1","674"
"2518","2","test","192","z","6","shape3.jpg","6","<none>","Kriszti","You","3","Nenu","2","1","827"
"2518","2","test","193","z","5","shape2.jpg","6","<none>","Kriszti","You","3","Nenu","2","1","925"
"2518","2","test","194","m","3","shape3.jpg","6","<none>","Kriszti","You","3","Nenu","1","1","540"
"2518","2","test","195","m","2","shape2.jpg","6","<none>","Kriszti","You","3","Nenu","1","1","785"
"2518","2","test","196","z","8","shape2.jpg","6","<none>","Kriszti","You","3","Nenu","2","1","797"
"2518","2","test","197","z","7","shape1.jpg","6","<none>","Kriszti","You","3","Nenu","2","1","817"
"2518","2","test","198","m","3","shape3.jpg","6","<none>","Kriszti","You","3","Nenu","1","1","786"
"2518","2","test","199","z","8","shape2.jpg","6","<none>","Kriszti","You","3","Nenu","2","1","886"
"2518","2","test","200","z","6","shape3.jpg","6","<none>","Kriszti","You","3","Nenu","2","1","1181"
"2518","2","test","201","m","3","shape3.jpg","6","<none>","Kriszti","You","3","Nenu","1","1","793"
"2518","2","test","202","m","3","shape3.jpg","6","<none>","Kriszti","You","3","Nenu","1","1","805"
"2518","2","test","203","z","7","shape1.jpg","6","<none>","Kriszti","You","3","Nenu","2","1","798"
"2518","2","test","204","z","8","shape2.jpg","6","<none>","Kriszti","You","3","Nenu","2","1","970"
"2518","2","test","205","m","1","shape1.jpg","6","<none>","Kriszti","You","3","Nenu","1","1","893"
"2518","2","test","206","x","9","shape3.jpg","6","<none>","Kriszti","You","3","Nenu","2","0","1500"
"2518","2","test","207","m","2","shape2.jpg","6","<none>","Kriszti","You","3","Nenu","1","1","816"
"2518","2","test","208","z","9","shape3.jpg","6","<none>","Kriszti","You","3","Nenu","2","1","612"
"2518","2","test","209","z","9","shape3.jpg","6","<none>","Kriszti","You","3","Nenu","2","1","825"
"2518","2","test","210","m","3","shape3.jpg","6","<none>","Kriszti","You","3","Nenu","1","1","714"
"2518","2","test","211","m","2","shape2.jpg","6","<none>","Kriszti","You","3","Nenu","1","1","1168"
"2518","2","test","212","m","2","shape2.jpg","6","<none>","Kriszti","You","3","Nenu","1","1","676"
"2518","2","test","213","m","3","shape3.jpg","6","<none>","Kriszti","You","3","Nenu","1","1","828"
"2518","2","test","214","z","5","shape2.jpg","6","<none>","Kriszti","You","3","Nenu","2","1","775"
"2518","2","test","215","z","5","shape2.jpg","6","<none>","Kriszti","You","3","Nenu","2","1","1251"
"2518","2","test","216","m","1","shape1.jpg","6","<none>","Kriszti","You","3","Nenu","1","1","595"
"2518","2","test","217","m","1","shape1.jpg","6","<none>","Kriszti","You","3","Nenu","1","1","743"
"2518","2","test","218","z","6","shape3.jpg","6","<none>","Kriszti","You","3","Nenu","2","1","965"
"2518","2","test","219","m","1","shape1.jpg","6","<none>","Kriszti","You","3","Nenu","1","1","786"
"2518","2","test","220","m","2","shape2.jpg","6","<none>","Kriszti","You","3","Nenu","1","1","765"
"2518","2","test","221","m","2","shape2.jpg","6","<none>","Kriszti","You","3","Nenu","1","1","586"
"2518","2","test","222","m","5","shape2.jpg","6","<none>","Kriszti","You","3","Nenu","2","0","589"
"2518","2","test","223","m","2","shape2.jpg","6","<none>","Kriszti","You","3","Nenu","1","1","722"
"2518","2","test","224","m","2","shape2.jpg","6","<none>","Kriszti","You","3","Nenu","1","1","626"
"2518","2","test","225","z","4","shape1.jpg","6","<none>","Kriszti","You","3","Nenu","2","1","956"
"2518","2","test","226","m","3","shape3.jpg","6","<none>","Kriszti","You","3","Nenu","1","1","728"
"2518","2","test","227","m","3","shape3.jpg","6","<none>","Kriszti","You","3","Nenu","1","1","581"
"2518","2","test","228","m","1","shape1.jpg","6","<none>","Kriszti","You","3","Nenu","1","1","931"
"2518","2","test","229","z","9","shape3.jpg","6","<none>","Kriszti","You","3","Nenu","2","1","864"
"2518","2","test","230","m","3","shape3.jpg","6","<none>","Kriszti","You","3","Nenu","1","1","953"
"2518","2","test","231","x","4","shape1.jpg","6","<none>","Kriszti","You","3","Nenu","2","0","1500"
"2518","2","test","232","m","2","shape2.jpg","6","<none>","Kriszti","You","3","Nenu","1","1","696"
"2518","2","test","233","z","3","shape3.jpg","6","<none>","Kriszti","You","3","Nenu","1","0","874"
"2518","2","test","234","z","5","shape2.jpg","6","<none>","Kriszti","You","3","Nenu","2","1","1354"
"2518","2","test","235","z","6","shape3.jpg","6","<none>","Kriszti","You","3","Nenu","2","1","709"
"2518","2","test","236","z","9","shape3.jpg","6","<none>","Kriszti","You","3","Nenu","2","1","884"
"2518","2","test","237","z","8","shape2.jpg","6","<none>","Kriszti","You","3","Nenu","2","1","604"
"2518","2","test","238","m","3","shape3.jpg","6","<none>","Kriszti","You","3","Nenu","1","1","695"
"2518","2","test","239","m","1","shape1.jpg","6","<none>","Kriszti","You","3","Nenu","1","1","1063"
"2518","2","test","240","z","8","shape2.jpg","6","<none>","Kriszti","You","3","Nenu","2","1","655"
"2518","2","test","241","x","4","shape1.jpg","6","<none>","Kriszti","You","3","Nenu","2","0","1499"
"2518","2","test","242","z","9","shape3.jpg","6","<none>","Kriszti","You","3","Nenu","2","1","943"
"2518","2","test","243","z","6","shape3.jpg","6","<none>","Kriszti","You","3","Nenu","2","1","595"
"2518","2","test","244","z","9","shape3.jpg","6","<none>","Kriszti","You","3","Nenu","2","1","552"
"2518","2","test","245","z","5","shape2.jpg","6","<none>","Kriszti","You","3","Nenu","2","1","565"
"2518","2","test","246","m","1","shape1.jpg","6","<none>","Kriszti","You","3","Nenu","1","1","619"
"2518","2","test","247","z","7","shape1.jpg","6","<none>","Kriszti","You","3","Nenu","2","1","751"
"2518","2","test","248","z","7","shape1.jpg","6","<none>","Kriszti","You","3","Nenu","2","1","514"
"2518","2","test","249","z","9","shape3.jpg","6","<none>","Kriszti","You","3","Nenu","2","1","681"
"2518","2","test","250","z","6","shape3.jpg","6","<none>","Kriszti","You","3","Nenu","2","1","618"
"2518","2","test","251","m","2","shape2.jpg","6","<none>","Kriszti","You","3","Nenu","1","1","749"
"2518","2","test","252","z","5","shape2.jpg","6","<none>","Kriszti","You","3","Nenu","2","1","754"
"2518","2","test","253","m","3","shape3.jpg","6","<none>","Kriszti","You","3","Nenu","1","1","911"
"2518","2","test","254","m","1","shape1.jpg","6","<none>","Kriszti","You","3","Nenu","1","1","718"
"2518","2","test","255","m","2","shape2.jpg","6","<none>","Kriszti","You","3","Nenu","1","1","627"
"2518","2","test","256","z","8","shape2.jpg","6","<none>","Kriszti","You","3","Nenu","2","1","839"
"2518","2","test","257","z","5","shape2.jpg","6","<none>","Kriszti","You","3","Nenu","2","1","1065"
"2518","2","test","258","z","7","shape1.jpg","6","<none>","Kriszti","You","3","Nenu","2","1","673"
"2518","2","test","259","m","1","shape1.jpg","6","<none>","Kriszti","You","3","Nenu","1","1","977"
"2518","2","test","260","z","8","shape2.jpg","6","<none>","Kriszti","You","3","Nenu","2","1","708"
"2518","2","test","261","m","1","shape1.jpg","6","<none>","Kriszti","You","3","Nenu","1","1","629"
"2518","2","test","262","m","2","shape2.jpg","6","<none>","Kriszti","You","3","Nenu","1","1","695"
"2518","2","test","263","z","5","shape2.jpg","6","<none>","Kriszti","You","3","Nenu","2","1","639"
"2518","2","test","264","m","2","shape2.jpg","6","<none>","Kriszti","You","3","Nenu","1","1","689"
"2518","2","test","265","m","3","shape3.jpg","6","<none>","Kriszti","You","3","Nenu","1","1","625"
"2518","2","test","266","z","9","shape3.jpg","6","<none>","Kriszti","You","3","Nenu","2","1","883"
"2518","2","test","267","z","6","shape3.jpg","6","<none>","Kriszti","You","3","Nenu","2","1","764"
"2518","2","test","268","m","2","shape2.jpg","6","<none>","Kriszti","You","3","Nenu","1","1","793"
"2518","2","test","269","m","1","shape1.jpg","6","<none>","Kriszti","You","3","Nenu","1","1","1213"
"2518","2","test","270","m","1","shape1.jpg","6","<none>","Kriszti","You","3","Nenu","1","1","733"
"2518","2","test","271","m","3","shape3.jpg","6","<none>","Kriszti","You","3","Nenu","1","1","788"
"2518","2","test","272","m","2","shape2.jpg","6","<none>","Kriszti","You","3","Nenu","1","1","663"
"2518","2","test","273","m","2","shape2.jpg","6","<none>","Kriszti","You","3","Nenu","1","1","712"
"2518","2","test","274","z","5","shape2.jpg","6","<none>","Kriszti","You","3","Nenu","2","1","671"
"2518","2","test","275","m","3","shape3.jpg","6","<none>","Kriszti","You","3","Nenu","1","1","649"
"2518","2","test","276","z","5","shape2.jpg","6","<none>","Kriszti","You","3","Nenu","2","1","1002"
"2518","2","test","277","z","8","shape2.jpg","6","<none>","Kriszti","You","3","Nenu","2","1","1053"
"2518","2","test","278","m","2","shape2.jpg","6","<none>","Kriszti","You","3","Nenu","1","1","741"
"2518","2","test","279","z","9","shape3.jpg","6","<none>","Kriszti","You","3","Nenu","2","1","1170"
"2518","2","test","280","z","9","shape3.jpg","6","<none>","Kriszti","You","3","Nenu","2","1","1086"
"2518","2","test","281","z","8","shape2.jpg","6","<none>","Kriszti","You","3","Nenu","2","1","900"
"2518","2","test","282","z","8","shape2.jpg","6","<none>","Kriszti","You","3","Nenu","2","1","1387"
"2518","2","test","283","x","2","shape2.jpg","6","<none>","Kriszti","You","3","Nenu","1","0","1500"
"2518","2","test","284","m","1","shape1.jpg","6","<none>","Kriszti","You","3","Nenu","1","1","769"
"2518","2","test","285","z","7","shape1.jpg","6","<none>","Kriszti","You","3","Nenu","2","1","598"
"2518","2","test","286","z","4","shape1.jpg","6","<none>","Kriszti","You","3","Nenu","2","1","746"
"2518","2","test","287","z","7","shape1.jpg","6","<none>","Kriszti","You","3","Nenu","2","1","615"
"2518","2","test","288","z","5","shape2.jpg","6","<none>","Kriszti","You","3","Nenu","2","1","762"
"2518","2","test","289","z","7","shape1.jpg","6","<none>","Kriszti","You","3","Nenu","2","1","599"
"2518","2","test","290","z","7","shape1.jpg","6","<none>","Kriszti","You","3","Nenu","2","1","675"
"2518","2","test","291","m","2","shape2.jpg","6","<none>","Kriszti","You","3","Nenu","1","1","731"
"2518","2","test","292","m","1","shape1.jpg","6","<none>","Kriszti","You","3","Nenu","1","1","776"
"2518","2","test","293","z","4","shape1.jpg","6","<none>","Kriszti","You","3","Nenu","2","1","765"
"2518","2","test","294","z","8","shape2.jpg","6","<none>","Kriszti","You","3","Nenu","2","1","721"
"2518","2","test","295","z","6","shape3.jpg","6","<none>","Kriszti","You","3","Nenu","2","1","880"
"2518","2","test","296","z","4","shape1.jpg","6","<none>","Kriszti","You","3","Nenu","2","1","967"
"2518","2","test","297","z","4","shape1.jpg","6","<none>","Kriszti","You","3","Nenu","2","1","714"
"2518","2","test","298","m","1","shape1.jpg","6","<none>","Kriszti","You","3","Nenu","1","1","681"
"2518","2","test","299","z","9","shape3.jpg","6","<none>","Kriszti","You","3","Nenu","2","1","714"
"2518","2","test","300","z","7","shape1.jpg","6","<none>","Kriszti","You","3","Nenu","2","1","1049"
"2518","2","test","301","x","2","shape2.jpg","6","<none>","Kriszti","You","3","Nenu","1","0","1499"
"2518","2","test","302","m","1","shape1.jpg","6","<none>","Kriszti","You","3","Nenu","1","1","870"
"2518","2","test","303","m","3","shape3.jpg","6","<none>","Kriszti","You","3","Nenu","1","1","853"
"2518","2","test","304","z","6","shape3.jpg","6","<none>","Kriszti","You","3","Nenu","2","1","727"
"2518","2","test","305","z","7","shape1.jpg","6","<none>","Kriszti","You","3","Nenu","2","1","677"
"2518","2","test","306","m","1","shape1.jpg","6","<none>","Kriszti","You","3","Nenu","1","1","1285"
"2518","2","test","307","m","3","shape3.jpg","6","<none>","Kriszti","You","3","Nenu","1","1","732"
"2518","2","test","308","z","4","shape1.jpg","6","<none>","Kriszti","You","3","Nenu","2","1","649"
"2518","2","test","309","m","1","shape1.jpg","6","<none>","Kriszti","You","3","Nenu","1","1","899"
"2518","2","test","310","m","2","shape2.jpg","6","<none>","Kriszti","You","3","Nenu","1","1","873"
"2518","2","test","311","m","3","shape3.jpg","6","<none>","Kriszti","You","3","Nenu","1","1","914"
"2518","2","test","312","z","7","shape1.jpg","6","<none>","Kriszti","You","3","Nenu","2","1","585"
"2518","2","test","313","z","5","shape2.jpg","6","<none>","Kriszti","You","3","Nenu","2","1","1093"
"2518","2","test","314","z","4","shape1.jpg","6","<none>","Kriszti","You","3","Nenu","2","1","699"
"2518","2","test","315","z","9","shape3.jpg","6","<none>","Kriszti","You","3","Nenu","2","1","1067"
"2518","2","test","316","m","1","shape1.jpg","6","<none>","Kriszti","You","3","Nenu","1","1","842"
"2518","2","test","317","m","1","shape1.jpg","6","<none>","Kriszti","You","3","Nenu","1","1","868"
"2518","2","test","318","z","7","shape1.jpg","6","<none>","Kriszti","You","3","Nenu","2","1","579"
"2518","2","test","319","m","3","shape3.jpg","6","<none>","Kriszti","You","3","Nenu","1","1","792"
"2518","2","test","320","z","7","shape1.jpg","6","<none>","Kriszti","You","3","Nenu","2","1","764"
"2518","2","test","321","m","2","shape2.jpg","6","<none>","Kriszti","You","3","Nenu","1","1","776"
"2518","2","test","322","z","7","shape1.jpg","6","<none>","Kriszti","You","3","Nenu","2","1","676"
"2518","2","test","323","m","4","shape1.jpg","6","<none>","Kriszti","You","3","Nenu","2","0","551"
"2518","2","test","324","m","2","shape2.jpg","6","<none>","Kriszti","You","3","Nenu","1","1","787"
"2518","2","test","325","z","4","shape1.jpg","6","<none>","Kriszti","You","3","Nenu","2","1","727"
"2518","2","test","326","m","2","shape2.jpg","6","<none>","Kriszti","You","3","Nenu","1","1","815"
"2518","2","test","327","m","3","shape3.jpg","6","<none>","Kriszti","You","3","Nenu","1","1","1329"
"2518","2","test","328","m","1","shape1.jpg","6","<none>","Kriszti","You","3","Nenu","1","1","1269"
"2518","2","test","329","z","6","shape3.jpg","6","<none>","Kriszti","You","3","Nenu","2","1","596"
"2518","2","test","330","z","5","shape2.jpg","6","<none>","Kriszti","You","3","Nenu","2","1","736"
"2518","2","test","331","m","2","shape2.jpg","6","<none>","Kriszti","You","3","Nenu","1","1","701"
"2518","2","test","332","x","4","shape1.jpg","6","<none>","Kriszti","You","3","Nenu","2","0","1500"
"2518","2","test","333","m","2","shape2.jpg","6","<none>","Kriszti","You","3","Nenu","1","1","729"
"2518","2","test","334","m","3","shape3.jpg","6","<none>","Kriszti","You","3","Nenu","1","1","880"
"2518","2","test","335","z","4","shape1.jpg","6","<none>","Kriszti","You","3","Nenu","2","1","759"
"2518","2","test","336","z","5","shape2.jpg","6","<none>","Kriszti","You","3","Nenu","2","1","877"
"2518","2","test","337","m","3","shape3.jpg","6","<none>","Kriszti","You","3","Nenu","1","1","1205"
"2518","2","test","338","z","6","shape3.jpg","6","<none>","Kriszti","You","3","Nenu","2","1","615"
"2518","2","test","339","z","5","shape2.jpg","6","<none>","Kriszti","You","3","Nenu","2","1","825"
"2518","2","test","340","z","7","shape1.jpg","6","<none>","Kriszti","You","3","Nenu","2","1","771"
"2518","2","test","341","m","3","shape3.jpg","6","<none>","Kriszti","You","3","Nenu","1","1","863"
"2518","2","test","342","z","9","shape3.jpg","6","<none>","Kriszti","You","3","Nenu","2","1","1081"
"2518","2","test","343","m","2","shape2.jpg","6","<none>","Kriszti","You","3","Nenu","1","1","864"
"2518","2","test","344","m","2","shape2.jpg","6","<none>","Kriszti","You","3","Nenu","1","1","744"
"2518","2","test","345","z","7","shape1.jpg","6","<none>","Kriszti","You","3","Nenu","2","1","783"
"2518","2","test","346","m","2","shape2.jpg","6","<none>","Kriszti","You","3","Nenu","1","1","179"
"2518","2","test","347","z","6","shape3.jpg","6","<none>","Kriszti","You","3","Nenu","2","1","584"
"2518","2","test","348","m","1","shape1.jpg","6","<none>","Kriszti","You","3","Nenu","1","1","798"
"2518","2","test","349","m","3","shape3.jpg","6","<none>","Kriszti","You","3","Nenu","1","1","912"
"2518","2","test","350","z","7","shape1.jpg","6","<none>","Kriszti","You","3","Nenu","2","1","879"
"2518","2","test","351","z","4","shape1.jpg","6","<none>","Kriszti","You","3","Nenu","2","1","1087"
"2518","2","test","352","x","3","shape3.jpg","6","<none>","Kriszti","You","3","Nenu","1","0","1499"
"2518","2","test","353","z","1","shape1.jpg","6","<none>","Kriszti","You","3","Nenu","1","0","689"
"2518","2","test","354","m","1","shape1.jpg","6","<none>","Kriszti","You","3","Nenu","1","1","641"
"2518","2","test","355","m","2","shape2.jpg","6","<none>","Kriszti","You","3","Nenu","1","1","755"
"2518","2","test","356","z","4","shape1.jpg","6","<none>","Kriszti","You","3","Nenu","2","1","666"
"2518","2","test","357","m","2","shape2.jpg","6","<none>","Kriszti","You","3","Nenu","1","1","635"
"2518","2","test","358","z","8","shape2.jpg","6","<none>","Kriszti","You","3","Nenu","2","1","835"
"2518","2","test","359","m","3","shape3.jpg","6","<none>","Kriszti","You","3","Nenu","1","1","1166"
"2518","2","test","360","z","7","shape1.jpg","6","<none>","Kriszti","You","3","Nenu","2","1","714"
