"Subject","Task","Trial","Matching","Shape_Origin_Identity","Shape_English_Identity","Shape_Standardized_Identity","RT_ms","RT_sec","ACC"
"995543569","self-matching","5","Nonmatching","self","Self","Self","968","0.968","1"
"995543569","self-matching","7","Matching","friend","Friend","Close","1116","1.116","0"
"995543569","self-matching","9","Nonmatching","friend","Friend","Close","1024","1.024","0"
"995543569","self-matching","11","Matching","friend","Friend","Close","954","0.954","1"
"995543569","self-matching","13","Nonmatching","friend","Friend","Close","865","0.865","1"
"995543569","self-matching","15","Matching","friend","Friend","Close","1046","1.046","1"
"995543569","self-matching","17","Nonmatching","self","Self","Self","582","0.582","1"
"995543569","self-matching","19","Nonmatching","friend","Friend","Close","545","0.545","0"
"995543569","self-matching","21","Nonmatching","self","Self","Self","802","0.802","1"
"995543569","self-matching","23","Nonmatching","self","Self","Self","966","0.966","1"
"995543569","self-matching","27","Matching","friend","Friend","Close","663","0.663","1"
"995543569","self-matching","29","Nonmatching","self","Self","Self","781","0.781","1"
"995543569","self-matching","31","Matching","self","Self","Self","742","0.742","1"
"995543569","self-matching","33","Matching","self","Self","Self","736","0.736","1"
"995543569","self-matching","35","Matching","self","Self","Self","415","0.415","1"
"995543569","self-matching","37","Nonmatching","friend","Friend","Close","545","0.545","0"
"995543569","self-matching","39","Matching","self","Self","Self","513","0.513","1"
"995543569","self-matching","41","Matching","friend","Friend","Close","761","0.761","0"
"995543569","self-matching","43","Matching","friend","Friend","Close","1146","1.146","1"
"995543569","self-matching","45","Matching","friend","Friend","Close","822","0.822","1"
"995543569","self-matching","47","Matching","self","Self","Self","538","0.538","1"
"995543569","self-matching","49","Matching","self","Self","Self","599","0.599","1"
"995543569","self-matching","51","Matching","friend","Friend","Close","826","0.826","1"
"995543569","self-matching","53","Nonmatching","friend","Friend","Close","657","0.657","1"
"995543569","self-matching","55","Nonmatching","self","Self","Self","1105","1.105","1"
"995543569","self-matching","59","Nonmatching","friend","Friend","Close","844","0.844","1"
"995543569","self-matching","61","Nonmatching","self","Self","Self","1111","1.111","1"
"995543569","self-matching","63","Nonmatching","friend","Friend","Close","602","0.602","1"
"995543569","self-matching","65","Nonmatching","friend","Friend","Close","790","0.79","1"
"995543569","self-matching","67","Nonmatching","friend","Friend","Close","502","0.502","1"
"995543569","self-matching","69","Matching","friend","Friend","Close","494","0.494","1"
"995543569","self-matching","71","Matching","self","Self","Self","624","0.624","1"
"995543569","self-matching","73","Matching","self","Self","Self","477","0.477","1"
"995543569","self-matching","75","Nonmatching","friend","Friend","Close","784","0.784","1"
"995543569","self-matching","77","Nonmatching","self","Self","Self","729","0.729","1"
"995543569","self-matching","79","Nonmatching","self","Self","Self","824","0.824","1"
"995543569","self-matching","81","Matching","friend","Friend","Close","1019","1.019","1"
"995543569","self-matching","83","Nonmatching","self","Self","Self","513","0.513","1"
"995543569","self-matching","85","Nonmatching","friend","Friend","Close","391","0.391","0"
"995543569","self-matching","87","Matching","friend","Friend","Close","1080","1.08","1"
"995543569","self-matching","89","Nonmatching","self","Self","Self","843","0.843","1"
"995543569","self-matching","91","Matching","self","Self","Self","495","0.495","1"
"995543569","self-matching","93","Nonmatching","self","Self","Self","541","0.541","1"
"995543569","self-matching","95","Nonmatching","self","Self","Self","718","0.718","1"
"995543569","self-matching","97","Matching","self","Self","Self","543","0.543","1"
"995543569","self-matching","99","Matching","friend","Friend","Close","972","0.972","1"
"995543569","self-matching","101","Matching","friend","Friend","Close","366","0.366","1"
"995543569","self-matching","103","Nonmatching","self","Self","Self","510","0.51","1"
"995543569","self-matching","105","Nonmatching","friend","Friend","Close","474","0.474","0"
"995543569","self-matching","107","Matching","self","Self","Self","1153","1.153","1"
"995543569","self-matching","111","Matching","self","Self","Self","1168","1.168","1"
"995543569","self-matching","113","Matching","friend","Friend","Close","488","0.488","1"
"995543569","self-matching","115","Nonmatching","friend","Friend","Close","765","0.765","1"
"995543569","self-matching","117","Matching","friend","Friend","Close","670","0.67","0"
"995543569","self-matching","119","Nonmatching","self","Self","Self","944","0.944","1"
"995543569","self-matching","121","Nonmatching","self","Self","Self","744","0.744","1"
"995543569","self-matching","123","Matching","self","Self","Self","611","0.611","1"
"995543569","self-matching","125","Matching","self","Self","Self","385","0.385","1"
"995543569","self-matching","127","Matching","self","Self","Self","394","0.394","1"
"995543569","self-matching","129","Matching","self","Self","Self","413","0.413","1"
"995543569","self-matching","131","Matching","friend","Friend","Close","461","0.461","0"
"995543569","self-matching","133","Nonmatching","self","Self","Self","674","0.674","0"
"995543569","self-matching","135","Matching","self","Self","Self","566","0.566","1"
"995543569","self-matching","137","Nonmatching","friend","Friend","Close","816","0.816","1"
"995543569","self-matching","139","Nonmatching","friend","Friend","Close","768","0.768","1"
"995543569","self-matching","141","Matching","self","Self","Self","534","0.534","1"
"995543569","self-matching","143","Nonmatching","friend","Friend","Close","701","0.701","1"
"995543569","self-matching","145","Matching","friend","Friend","Close","686","0.686","1"
"995543569","self-matching","147","Nonmatching","self","Self","Self","913","0.913","1"
"995543569","self-matching","151","Nonmatching","friend","Friend","Close","686","0.686","1"
"995543569","self-matching","153","Matching","self","Self","Self","413","0.413","1"
"995543569","self-matching","155","Matching","friend","Friend","Close","942","0.942","1"
"995543569","self-matching","157","Matching","self","Self","Self","594","0.594","1"
"995543569","self-matching","159","Matching","friend","Friend","Close","410","0.41","1"
"995543569","self-matching","161","Matching","friend","Friend","Close","539","0.539","1"
"995543569","self-matching","163","Nonmatching","self","Self","Self","561","0.561","1"
"995543569","self-matching","165","Matching","friend","Friend","Close","559","0.559","1"
"995543569","self-matching","167","Matching","friend","Friend","Close","507","0.507","1"
"995543569","self-matching","169","Nonmatching","self","Self","Self","497","0.497","0"
"995543569","self-matching","171","Nonmatching","friend","Friend","Close","861","0.861","1"
"995543569","self-matching","173","Matching","friend","Friend","Close","1031","1.031","1"
"995543569","self-matching","175","Matching","friend","Friend","Close","408","0.408","1"
"995543569","self-matching","177","Nonmatching","friend","Friend","Close","639","0.639","1"
"995543569","self-matching","179","Matching","self","Self","Self","387","0.387","1"
"995543569","self-matching","181","Nonmatching","self","Self","Self","621","0.621","1"
"995543569","self-matching","183","Nonmatching","self","Self","Self","1114","1.114","1"
"995543569","self-matching","185","Nonmatching","friend","Friend","Close","471","0.471","0"
"995543569","self-matching","189","Matching","self","Self","Self","985","0.985","1"
"995543569","self-matching","191","Nonmatching","self","Self","Self","608","0.608","1"
"995543569","self-matching","193","Nonmatching","self","Self","Self","449","0.449","1"
"995543569","self-matching","195","Matching","self","Self","Self","419","0.419","1"
"995543569","self-matching","199","Nonmatching","self","Self","Self","685","0.685","1"
"995543569","self-matching","201","Nonmatching","friend","Friend","Close","916","0.916","1"
"995543569","self-matching","203","Nonmatching","friend","Friend","Close","1182","1.182","1"
"995543569","self-matching","205","Nonmatching","friend","Friend","Close","493","0.493","1"
"995543569","self-matching","207","Matching","self","Self","Self","443","0.443","1"
"995543569","self-matching","209","Matching","self","Self","Self","369","0.369","1"
"995543569","self-matching","211","Nonmatching","friend","Friend","Close","263","0.263","0"
"995543569","self-matching","213","Matching","self","Self","Self","999","0.999","1"
"995543569","self-matching","215","Nonmatching","self","Self","Self","1051","1.051","1"
"995543569","self-matching","217","Matching","self","Self","Self","1007","1.007","1"
"995543569","self-matching","219","Nonmatching","friend","Friend","Close","735","0.735","1"
"995543569","self-matching","221","Nonmatching","self","Self","Self","611","0.611","1"
"995543569","self-matching","223","Nonmatching","friend","Friend","Close","834","0.834","1"
"995543569","self-matching","225","Matching","self","Self","Self","909","0.909","1"
"995543569","self-matching","227","Nonmatching","friend","Friend","Close","732","0.732","1"
"995543569","self-matching","233","Nonmatching","self","Self","Self","871","0.871","1"
"995543569","self-matching","235","Matching","friend","Friend","Close","807","0.807","0"
"995543569","self-matching","237","Nonmatching","friend","Friend","Close","713","0.713","1"
"995543569","self-matching","239","Matching","self","Self","Self","883","0.883","1"
"995543570","self-matching","1","Nonmatching","friend","Friend","Close","926","0.926","1"
"995543570","self-matching","3","Matching","friend","Friend","Close","776","0.776","1"
"995543570","self-matching","5","Nonmatching","self","Self","Self","918","0.918","1"
"995543570","self-matching","7","Nonmatching","friend","Friend","Close","733","0.733","1"
"995543570","self-matching","9","Nonmatching","self","Self","Self","837","0.837","1"
"995543570","self-matching","11","Nonmatching","self","Self","Self","650","0.65","1"
"995543570","self-matching","13","Matching","friend","Friend","Close","583","0.583","0"
"995543570","self-matching","15","Nonmatching","friend","Friend","Close","695","0.695","1"
"995543570","self-matching","17","Matching","friend","Friend","Close","808","0.808","1"
"995543570","self-matching","19","Matching","friend","Friend","Close","656","0.656","0"
"995543570","self-matching","21","Nonmatching","friend","Friend","Close","709","0.709","1"
"995543570","self-matching","23","Matching","friend","Friend","Close","1019","1.019","1"
"995543570","self-matching","25","Matching","friend","Friend","Close","731","0.731","1"
"995543570","self-matching","27","Matching","friend","Friend","Close","535","0.535","1"
"995543570","self-matching","29","Nonmatching","self","Self","Self","643","0.643","1"
"995543570","self-matching","31","Nonmatching","self","Self","Self","633","0.633","1"
"995543570","self-matching","33","Matching","self","Self","Self","534","0.534","1"
"995543570","self-matching","35","Nonmatching","friend","Friend","Close","764","0.764","1"
"995543570","self-matching","37","Nonmatching","self","Self","Self","816","0.816","1"
"995543570","self-matching","39","Matching","self","Self","Self","552","0.552","1"
"995543570","self-matching","41","Matching","self","Self","Self","463","0.463","1"
"995543570","self-matching","43","Matching","self","Self","Self","306","0.306","1"
"995543570","self-matching","45","Matching","self","Self","Self","297","0.297","1"
"995543570","self-matching","47","Nonmatching","friend","Friend","Close","548","0.548","1"
"995543570","self-matching","49","Nonmatching","self","Self","Self","703","0.703","1"
"995543570","self-matching","51","Nonmatching","friend","Friend","Close","827","0.827","1"
"995543570","self-matching","53","Matching","self","Self","Self","373","0.373","1"
"995543570","self-matching","55","Matching","self","Self","Self","462","0.462","1"
"995543570","self-matching","57","Matching","self","Self","Self","428","0.428","1"
"995543570","self-matching","59","Nonmatching","self","Self","Self","498","0.498","1"
"995543570","self-matching","61","Nonmatching","self","Self","Self","417","0.417","1"
"995543570","self-matching","63","Matching","self","Self","Self","582","0.582","1"
"995543570","self-matching","65","Nonmatching","self","Self","Self","500","0.5","1"
"995543570","self-matching","67","Matching","self","Self","Self","504","0.504","1"
"995543570","self-matching","69","Nonmatching","friend","Friend","Close","505","0.505","1"
"995543570","self-matching","71","Nonmatching","self","Self","Self","573","0.573","1"
"995543570","self-matching","73","Nonmatching","self","Self","Self","575","0.575","1"
"995543570","self-matching","75","Nonmatching","friend","Friend","Close","672","0.672","1"
"995543570","self-matching","77","Matching","friend","Friend","Close","584","0.584","1"
"995543570","self-matching","79","Matching","self","Self","Self","605","0.605","1"
"995543570","self-matching","81","Matching","self","Self","Self","517","0.517","1"
"995543570","self-matching","83","Matching","friend","Friend","Close","368","0.368","1"
"995543570","self-matching","85","Nonmatching","self","Self","Self","528","0.528","1"
"995543570","self-matching","87","Matching","self","Self","Self","401","0.401","1"
"995543570","self-matching","89","Matching","self","Self","Self","530","0.53","1"
"995543570","self-matching","91","Nonmatching","self","Self","Self","511","0.511","1"
"995543570","self-matching","93","Nonmatching","friend","Friend","Close","619","0.619","1"
"995543570","self-matching","95","Nonmatching","friend","Friend","Close","610","0.61","1"
"995543570","self-matching","97","Matching","friend","Friend","Close","415","0.415","1"
"995543570","self-matching","99","Nonmatching","self","Self","Self","385","0.385","1"
"995543570","self-matching","101","Nonmatching","friend","Friend","Close","576","0.576","1"
"995543570","self-matching","103","Matching","self","Self","Self","628","0.628","1"
"995543570","self-matching","105","Nonmatching","self","Self","Self","478","0.478","1"
"995543570","self-matching","107","Nonmatching","friend","Friend","Close","430","0.43","1"
"995543570","self-matching","109","Matching","self","Self","Self","669","0.669","1"
"995543570","self-matching","111","Nonmatching","friend","Friend","Close","405","0.405","1"
"995543570","self-matching","113","Matching","friend","Friend","Close","438","0.438","1"
"995543570","self-matching","115","Nonmatching","self","Self","Self","436","0.436","1"
"995543570","self-matching","117","Matching","self","Self","Self","442","0.442","1"
"995543570","self-matching","119","Nonmatching","self","Self","Self","503","0.503","1"
"995543570","self-matching","121","Matching","friend","Friend","Close","481","0.481","0"
"995543570","self-matching","123","Nonmatching","friend","Friend","Close","664","0.664","1"
"995543570","self-matching","125","Matching","friend","Friend","Close","710","0.71","1"
"995543570","self-matching","127","Nonmatching","self","Self","Self","542","0.542","1"
"995543570","self-matching","129","Matching","self","Self","Self","437","0.437","1"
"995543570","self-matching","131","Nonmatching","friend","Friend","Close","605","0.605","1"
"995543570","self-matching","133","Matching","friend","Friend","Close","513","0.513","1"
"995543570","self-matching","135","Matching","self","Self","Self","527","0.527","1"
"995543570","self-matching","137","Matching","self","Self","Self","661","0.661","0"
"995543570","self-matching","139","Matching","friend","Friend","Close","715","0.715","1"
"995543570","self-matching","141","Nonmatching","friend","Friend","Close","521","0.521","1"
"995543570","self-matching","143","Nonmatching","friend","Friend","Close","574","0.574","0"
"995543570","self-matching","145","Matching","self","Self","Self","482","0.482","1"
"995543570","self-matching","147","Nonmatching","friend","Friend","Close","612","0.612","1"
"995543570","self-matching","149","Matching","friend","Friend","Close","412","0.412","1"
"995543570","self-matching","151","Nonmatching","self","Self","Self","455","0.455","1"
"995543570","self-matching","153","Nonmatching","self","Self","Self","688","0.688","1"
"995543570","self-matching","155","Nonmatching","self","Self","Self","423","0.423","1"
"995543570","self-matching","157","Nonmatching","friend","Friend","Close","607","0.607","1"
"995543570","self-matching","159","Nonmatching","self","Self","Self","679","0.679","1"
"995543570","self-matching","161","Matching","self","Self","Self","802","0.802","1"
"995543570","self-matching","163","Matching","self","Self","Self","486","0.486","1"
"995543570","self-matching","165","Matching","self","Self","Self","414","0.414","1"
"995543570","self-matching","167","Matching","friend","Friend","Close","403","0.403","0"
"995543570","self-matching","169","Matching","friend","Friend","Close","310","0.31","1"
"995543570","self-matching","171","Matching","friend","Friend","Close","336","0.336","1"
"995543570","self-matching","173","Matching","friend","Friend","Close","212","0.212","1"
"995543570","self-matching","175","Matching","self","Self","Self","452","0.452","1"
"995543570","self-matching","177","Nonmatching","friend","Friend","Close","586","0.586","0"
"995543570","self-matching","179","Matching","friend","Friend","Close","586","0.586","1"
"995543570","self-matching","181","Matching","self","Self","Self","950","0.95","1"
"995543570","self-matching","183","Nonmatching","friend","Friend","Close","667","0.667","1"
"995543570","self-matching","185","Nonmatching","friend","Friend","Close","527","0.527","1"
"995543570","self-matching","187","Nonmatching","friend","Friend","Close","709","0.709","1"
"995543570","self-matching","189","Matching","friend","Friend","Close","430","0.43","1"
"995543570","self-matching","191","Matching","friend","Friend","Close","285","0.285","1"
"995543570","self-matching","193","Nonmatching","friend","Friend","Close","542","0.542","1"
"995543570","self-matching","195","Matching","friend","Friend","Close","479","0.479","1"
"995543570","self-matching","197","Matching","self","Self","Self","530","0.53","1"
"995543570","self-matching","199","Matching","friend","Friend","Close","519","0.519","1"
"995543570","self-matching","201","Matching","friend","Friend","Close","380","0.38","1"
"995543570","self-matching","203","Nonmatching","self","Self","Self","623","0.623","1"
"995543570","self-matching","205","Nonmatching","friend","Friend","Close","681","0.681","1"
"995543570","self-matching","207","Nonmatching","friend","Friend","Close","424","0.424","1"
"995543570","self-matching","209","Nonmatching","friend","Friend","Close","335","0.335","1"
"995543570","self-matching","211","Nonmatching","friend","Friend","Close","264","0.264","1"
"995543570","self-matching","213","Matching","friend","Friend","Close","615","0.615","1"
"995543570","self-matching","215","Nonmatching","self","Self","Self","596","0.596","1"
"995543570","self-matching","217","Matching","self","Self","Self","489","0.489","1"
"995543570","self-matching","219","Matching","friend","Friend","Close","635","0.635","1"
"995543570","self-matching","221","Nonmatching","friend","Friend","Close","489","0.489","1"
"995543570","self-matching","223","Matching","self","Self","Self","503","0.503","1"
"995543570","self-matching","225","Nonmatching","self","Self","Self","314","0.314","1"
"995543570","self-matching","227","Matching","friend","Friend","Close","526","0.526","1"
"995543570","self-matching","229","Nonmatching","self","Self","Self","457","0.457","1"
"995543570","self-matching","231","Matching","self","Self","Self","514","0.514","1"
"995543570","self-matching","233","Nonmatching","self","Self","Self","534","0.534","1"
"995543570","self-matching","235","Matching","friend","Friend","Close","426","0.426","1"
"995543570","self-matching","237","Nonmatching","self","Self","Self","450","0.45","1"
"995543570","self-matching","239","Nonmatching","self","Self","Self","564","0.564","1"
"995543571","self-matching","1","Matching","self","Self","Self","1058","1.058","1"
"995543571","self-matching","3","Nonmatching","friend","Friend","Close","879","0.879","0"
"995543571","self-matching","5","Matching","self","Self","Self","715","0.715","1"
"995543571","self-matching","7","Nonmatching","friend","Friend","Close","944","0.944","1"
"995543571","self-matching","9","Matching","self","Self","Self","913","0.913","1"
"995543571","self-matching","11","Nonmatching","self","Self","Self","1115","1.115","1"
"995543571","self-matching","13","Matching","friend","Friend","Close","1112","1.112","1"
"995543571","self-matching","15","Nonmatching","self","Self","Self","1142","1.142","1"
"995543571","self-matching","17","Nonmatching","self","Self","Self","1086","1.086","1"
"995543571","self-matching","21","Nonmatching","friend","Friend","Close","1194","1.194","1"
"995543571","self-matching","23","Nonmatching","self","Self","Self","815","0.815","1"
"995543571","self-matching","25","Matching","self","Self","Self","748","0.748","1"
"995543571","self-matching","27","Matching","friend","Friend","Close","1155","1.155","1"
"995543571","self-matching","29","Nonmatching","self","Self","Self","993","0.993","1"
"995543571","self-matching","31","Matching","friend","Friend","Close","1098","1.098","1"
"995543571","self-matching","35","Matching","self","Self","Self","988","0.988","1"
"995543571","self-matching","37","Matching","friend","Friend","Close","1007","1.007","1"
"995543571","self-matching","39","Nonmatching","friend","Friend","Close","852","0.852","1"
"995543571","self-matching","41","Nonmatching","self","Self","Self","858","0.858","1"
"995543571","self-matching","43","Nonmatching","friend","Friend","Close","1001","1.001","1"
"995543571","self-matching","49","Nonmatching","friend","Friend","Close","828","0.828","1"
"995543571","self-matching","51","Matching","friend","Friend","Close","870","0.87","1"
"995543571","self-matching","53","Nonmatching","friend","Friend","Close","985","0.985","1"
"995543571","self-matching","55","Matching","self","Self","Self","758","0.758","1"
"995543571","self-matching","57","Matching","self","Self","Self","704","0.704","1"
"995543571","self-matching","59","Matching","self","Self","Self","546","0.546","1"
"995543571","self-matching","61","Nonmatching","friend","Friend","Close","744","0.744","1"
"995543571","self-matching","63","Matching","self","Self","Self","837","0.837","1"
"995543571","self-matching","65","Nonmatching","self","Self","Self","830","0.83","1"
"995543571","self-matching","67","Nonmatching","self","Self","Self","975","0.975","1"
"995543571","self-matching","69","Nonmatching","friend","Friend","Close","869","0.869","1"
"995543571","self-matching","71","Matching","friend","Friend","Close","1026","1.026","1"
"995543571","self-matching","75","Matching","self","Self","Self","737","0.737","1"
"995543571","self-matching","77","Matching","friend","Friend","Close","1097","1.097","1"
"995543571","self-matching","81","Matching","friend","Friend","Close","924","0.924","1"
"995543571","self-matching","83","Matching","friend","Friend","Close","850","0.85","1"
"995543571","self-matching","85","Matching","friend","Friend","Close","606","0.606","1"
"995543571","self-matching","87","Nonmatching","self","Self","Self","813","0.813","1"
"995543571","self-matching","89","Matching","self","Self","Self","972","0.972","1"
"995543571","self-matching","95","Nonmatching","friend","Friend","Close","1022","1.022","1"
"995543571","self-matching","97","Matching","self","Self","Self","609","0.609","1"
"995543571","self-matching","99","Matching","friend","Friend","Close","789","0.789","1"
"995543571","self-matching","101","Nonmatching","self","Self","Self","783","0.783","1"
"995543571","self-matching","103","Matching","self","Self","Self","570","0.57","1"
"995543571","self-matching","105","Nonmatching","friend","Friend","Close","858","0.858","1"
"995543571","self-matching","107","Matching","friend","Friend","Close","852","0.852","1"
"995543571","self-matching","109","Nonmatching","self","Self","Self","844","0.844","1"
"995543571","self-matching","111","Matching","self","Self","Self","717","0.717","1"
"995543571","self-matching","113","Nonmatching","friend","Friend","Close","825","0.825","1"
"995543571","self-matching","115","Matching","self","Self","Self","767","0.767","1"
"995543571","self-matching","117","Nonmatching","self","Self","Self","741","0.741","1"
"995543571","self-matching","119","Matching","friend","Friend","Close","770","0.77","1"
"995543571","self-matching","121","Nonmatching","self","Self","Self","809","0.809","1"
"995543571","self-matching","123","Nonmatching","friend","Friend","Close","870","0.87","1"
"995543571","self-matching","125","Nonmatching","self","Self","Self","1185","1.185","1"
"995543571","self-matching","127","Nonmatching","self","Self","Self","780","0.78","1"
"995543571","self-matching","129","Nonmatching","friend","Friend","Close","710","0.71","1"
"995543571","self-matching","131","Nonmatching","friend","Friend","Close","808","0.808","0"
"995543571","self-matching","133","Nonmatching","self","Self","Self","909","0.909","1"
"995543571","self-matching","135","Matching","friend","Friend","Close","1044","1.044","1"
"995543571","self-matching","137","Nonmatching","friend","Friend","Close","723","0.723","1"
"995543571","self-matching","139","Nonmatching","friend","Friend","Close","908","0.908","1"
"995543571","self-matching","141","Matching","friend","Friend","Close","655","0.655","0"
"995543571","self-matching","143","Nonmatching","self","Self","Self","978","0.978","1"
"995543571","self-matching","145","Matching","friend","Friend","Close","899","0.899","1"
"995543571","self-matching","147","Nonmatching","friend","Friend","Close","781","0.781","1"
"995543571","self-matching","151","Matching","self","Self","Self","768","0.768","1"
"995543571","self-matching","153","Nonmatching","friend","Friend","Close","596","0.596","1"
"995543571","self-matching","157","Matching","friend","Friend","Close","877","0.877","1"
"995543571","self-matching","159","Matching","friend","Friend","Close","1171","1.171","1"
"995543571","self-matching","161","Matching","friend","Friend","Close","553","0.553","1"
"995543571","self-matching","163","Nonmatching","friend","Friend","Close","648","0.648","1"
"995543571","self-matching","165","Nonmatching","friend","Friend","Close","797","0.797","1"
"995543571","self-matching","167","Nonmatching","self","Self","Self","1076","1.076","1"
"995543571","self-matching","169","Matching","self","Self","Self","606","0.606","1"
"995543571","self-matching","171","Nonmatching","friend","Friend","Close","540","0.54","1"
"995543571","self-matching","173","Matching","friend","Friend","Close","1047","1.047","1"
"995543571","self-matching","175","Matching","friend","Friend","Close","659","0.659","1"
"995543571","self-matching","177","Nonmatching","friend","Friend","Close","616","0.616","1"
"995543571","self-matching","179","Nonmatching","self","Self","Self","1132","1.132","1"
"995543571","self-matching","181","Matching","self","Self","Self","758","0.758","1"
"995543571","self-matching","183","Nonmatching","self","Self","Self","722","0.722","1"
"995543571","self-matching","185","Nonmatching","friend","Friend","Close","788","0.788","1"
"995543571","self-matching","187","Nonmatching","friend","Friend","Close","737","0.737","1"
"995543571","self-matching","189","Matching","friend","Friend","Close","783","0.783","0"
"995543571","self-matching","191","Matching","self","Self","Self","635","0.635","1"
"995543571","self-matching","193","Nonmatching","friend","Friend","Close","766","0.766","1"
"995543571","self-matching","195","Matching","self","Self","Self","715","0.715","1"
"995543571","self-matching","197","Nonmatching","friend","Friend","Close","1200","1.2","1"
"995543571","self-matching","199","Matching","self","Self","Self","896","0.896","1"
"995543571","self-matching","201","Matching","friend","Friend","Close","568","0.568","0"
"995543571","self-matching","203","Nonmatching","friend","Friend","Close","777","0.777","1"
"995543571","self-matching","205","Nonmatching","friend","Friend","Close","812","0.812","1"
"995543571","self-matching","207","Matching","friend","Friend","Close","1140","1.14","0"
"995543571","self-matching","209","Matching","self","Self","Self","775","0.775","1"
"995543571","self-matching","211","Matching","self","Self","Self","430","0.43","1"
"995543571","self-matching","213","Nonmatching","self","Self","Self","635","0.635","1"
"995543571","self-matching","215","Matching","self","Self","Self","756","0.756","1"
"995543571","self-matching","217","Matching","self","Self","Self","720","0.72","1"
"995543571","self-matching","219","Nonmatching","self","Self","Self","485","0.485","0"
"995543571","self-matching","221","Matching","self","Self","Self","1033","1.033","1"
"995543571","self-matching","223","Matching","friend","Friend","Close","495","0.495","0"
"995543571","self-matching","225","Matching","self","Self","Self","1197","1.197","1"
"995543571","self-matching","227","Nonmatching","self","Self","Self","787","0.787","1"
"995543571","self-matching","229","Nonmatching","self","Self","Self","783","0.783","1"
"995543571","self-matching","231","Matching","self","Self","Self","665","0.665","1"
"995543571","self-matching","235","Nonmatching","friend","Friend","Close","742","0.742","1"
"995543571","self-matching","237","Matching","self","Self","Self","694","0.694","1"
"995543574","self-matching","3","Matching","self","Self","Self","1089","1.089","1"
"995543574","self-matching","5","Nonmatching","friend","Friend","Close","850","0.85","1"
"995543574","self-matching","7","Matching","friend","Friend","Close","1097","1.097","0"
"995543574","self-matching","11","Nonmatching","self","Self","Self","961","0.961","1"
"995543574","self-matching","13","Nonmatching","self","Self","Self","465","0.465","1"
"995543574","self-matching","15","Nonmatching","friend","Friend","Close","621","0.621","0"
"995543574","self-matching","17","Nonmatching","self","Self","Self","1040","1.04","1"
"995543574","self-matching","19","Matching","self","Self","Self","640","0.64","1"
"995543574","self-matching","23","Nonmatching","friend","Friend","Close","1123","1.123","1"
"995543574","self-matching","25","Matching","self","Self","Self","888","0.888","1"
"995543574","self-matching","27","Matching","friend","Friend","Close","651","0.651","0"
"995543574","self-matching","29","Matching","self","Self","Self","907","0.907","1"
"995543574","self-matching","31","Matching","self","Self","Self","788","0.788","1"
"995543574","self-matching","33","Matching","self","Self","Self","572","0.572","1"
"995543574","self-matching","35","Nonmatching","friend","Friend","Close","807","0.807","1"
"995543574","self-matching","37","Nonmatching","friend","Friend","Close","616","0.616","1"
"995543574","self-matching","41","Matching","self","Self","Self","860","0.86","1"
"995543574","self-matching","43","Nonmatching","friend","Friend","Close","838","0.838","1"
"995543574","self-matching","45","Matching","self","Self","Self","771","0.771","1"
"995543574","self-matching","47","Nonmatching","friend","Friend","Close","644","0.644","1"
"995543574","self-matching","49","Nonmatching","self","Self","Self","916","0.916","1"
"995543574","self-matching","51","Matching","friend","Friend","Close","703","0.703","1"
"995543574","self-matching","53","Matching","friend","Friend","Close","704","0.704","1"
"995543574","self-matching","55","Nonmatching","friend","Friend","Close","643","0.643","1"
"995543574","self-matching","57","Nonmatching","self","Self","Self","730","0.73","1"
"995543574","self-matching","59","Matching","friend","Friend","Close","714","0.714","1"
"995543574","self-matching","61","Matching","self","Self","Self","934","0.934","1"
"995543574","self-matching","63","Nonmatching","friend","Friend","Close","613","0.613","1"
"995543574","self-matching","65","Matching","self","Self","Self","613","0.613","1"
"995543574","self-matching","67","Matching","self","Self","Self","824","0.824","1"
"995543574","self-matching","69","Nonmatching","self","Self","Self","784","0.784","1"
"995543574","self-matching","71","Nonmatching","self","Self","Self","780","0.78","1"
"995543574","self-matching","73","Matching","friend","Friend","Close","778","0.778","1"
"995543574","self-matching","75","Nonmatching","self","Self","Self","716","0.716","1"
"995543574","self-matching","77","Matching","friend","Friend","Close","852","0.852","1"
"995543574","self-matching","79","Matching","friend","Friend","Close","743","0.743","1"
"995543574","self-matching","81","Nonmatching","self","Self","Self","606","0.606","1"
"995543574","self-matching","83","Nonmatching","friend","Friend","Close","1004","1.004","0"
"995543574","self-matching","85","Nonmatching","friend","Friend","Close","766","0.766","1"
"995543574","self-matching","87","Matching","friend","Friend","Close","776","0.776","1"
"995543574","self-matching","89","Matching","friend","Friend","Close","747","0.747","1"
"995543574","self-matching","91","Matching","friend","Friend","Close","601","0.601","1"
"995543574","self-matching","93","Matching","self","Self","Self","675","0.675","1"
"995543574","self-matching","95","Matching","self","Self","Self","549","0.549","1"
"995543574","self-matching","97","Nonmatching","friend","Friend","Close","594","0.594","1"
"995543574","self-matching","99","Matching","self","Self","Self","542","0.542","1"
"995543574","self-matching","101","Nonmatching","friend","Friend","Close","710","0.71","1"
"995543574","self-matching","103","Matching","self","Self","Self","405","0.405","1"
"995543574","self-matching","105","Nonmatching","friend","Friend","Close","610","0.61","1"
"995543574","self-matching","107","Nonmatching","self","Self","Self","788","0.788","1"
"995543574","self-matching","109","Nonmatching","friend","Friend","Close","649","0.649","1"
"995543574","self-matching","111","Nonmatching","self","Self","Self","446","0.446","0"
"995543574","self-matching","113","Nonmatching","friend","Friend","Close","649","0.649","1"
"995543574","self-matching","115","Matching","friend","Friend","Close","827","0.827","1"
"995543574","self-matching","117","Nonmatching","friend","Friend","Close","633","0.633","1"
"995543574","self-matching","119","Nonmatching","friend","Friend","Close","581","0.581","1"
"995543574","self-matching","121","Nonmatching","friend","Friend","Close","342","0.342","1"
"995543574","self-matching","123","Nonmatching","friend","Friend","Close","281","0.281","1"
"995543574","self-matching","125","Nonmatching","self","Self","Self","813","0.813","1"
"995543574","self-matching","127","Matching","self","Self","Self","706","0.706","1"
"995543574","self-matching","129","Matching","friend","Friend","Close","623","0.623","1"
"995543574","self-matching","131","Matching","friend","Friend","Close","1046","1.046","0"
"995543574","self-matching","133","Nonmatching","friend","Friend","Close","698","0.698","1"
"995543574","self-matching","135","Matching","self","Self","Self","601","0.601","1"
"995543574","self-matching","137","Nonmatching","friend","Friend","Close","672","0.672","1"
"995543574","self-matching","139","Matching","friend","Friend","Close","712","0.712","1"
"995543574","self-matching","141","Matching","self","Self","Self","820","0.82","1"
"995543574","self-matching","143","Matching","self","Self","Self","614","0.614","1"
"995543574","self-matching","145","Nonmatching","self","Self","Self","798","0.798","1"
"995543574","self-matching","147","Nonmatching","self","Self","Self","651","0.651","1"
"995543574","self-matching","149","Nonmatching","friend","Friend","Close","805","0.805","1"
"995543574","self-matching","151","Matching","self","Self","Self","747","0.747","1"
"995543574","self-matching","153","Matching","friend","Friend","Close","651","0.651","1"
"995543574","self-matching","155","Matching","self","Self","Self","768","0.768","1"
"995543574","self-matching","157","Matching","friend","Friend","Close","707","0.707","1"
"995543574","self-matching","159","Matching","friend","Friend","Close","684","0.684","1"
"995543574","self-matching","161","Nonmatching","self","Self","Self","718","0.718","1"
"995543574","self-matching","163","Matching","friend","Friend","Close","646","0.646","1"
"995543574","self-matching","165","Matching","self","Self","Self","767","0.767","1"
"995543574","self-matching","167","Nonmatching","self","Self","Self","655","0.655","1"
"995543574","self-matching","169","Matching","self","Self","Self","683","0.683","1"
"995543574","self-matching","171","Nonmatching","self","Self","Self","708","0.708","1"
"995543574","self-matching","173","Nonmatching","friend","Friend","Close","1015","1.015","1"
"995543574","self-matching","175","Matching","self","Self","Self","580","0.58","1"
"995543574","self-matching","177","Nonmatching","friend","Friend","Close","631","0.631","1"
"995543574","self-matching","179","Nonmatching","self","Self","Self","661","0.661","1"
"995543574","self-matching","181","Matching","friend","Friend","Close","650","0.65","1"
"995543574","self-matching","183","Nonmatching","self","Self","Self","792","0.792","1"
"995543574","self-matching","185","Nonmatching","self","Self","Self","519","0.519","1"
"995543574","self-matching","187","Nonmatching","self","Self","Self","681","0.681","1"
"995543574","self-matching","189","Nonmatching","friend","Friend","Close","871","0.871","1"
"995543574","self-matching","191","Nonmatching","self","Self","Self","686","0.686","1"
"995543574","self-matching","193","Nonmatching","self","Self","Self","647","0.647","1"
"995543574","self-matching","195","Matching","self","Self","Self","781","0.781","1"
"995543574","self-matching","197","Matching","friend","Friend","Close","699","0.699","1"
"995543574","self-matching","199","Matching","self","Self","Self","898","0.898","1"
"995543574","self-matching","201","Nonmatching","friend","Friend","Close","641","0.641","1"
"995543574","self-matching","203","Matching","self","Self","Self","905","0.905","1"
"995543574","self-matching","205","Nonmatching","friend","Friend","Close","597","0.597","1"
"995543574","self-matching","207","Matching","friend","Friend","Close","652","0.652","1"
"995543574","self-matching","209","Nonmatching","self","Self","Self","621","0.621","1"
"995543574","self-matching","211","Nonmatching","self","Self","Self","780","0.78","1"
"995543574","self-matching","213","Matching","friend","Friend","Close","653","0.653","1"
"995543574","self-matching","215","Matching","friend","Friend","Close","633","0.633","1"
"995543574","self-matching","217","Matching","friend","Friend","Close","517","0.517","1"
"995543574","self-matching","219","Nonmatching","self","Self","Self","592","0.592","1"
"995543574","self-matching","221","Nonmatching","self","Self","Self","476","0.476","1"
"995543574","self-matching","223","Matching","friend","Friend","Close","762","0.762","1"
"995543574","self-matching","225","Matching","self","Self","Self","637","0.637","1"
"995543574","self-matching","227","Matching","self","Self","Self","657","0.657","1"
"995543574","self-matching","229","Matching","self","Self","Self","446","0.446","1"
"995543574","self-matching","231","Nonmatching","friend","Friend","Close","492","0.492","1"
"995543574","self-matching","233","Nonmatching","self","Self","Self","814","0.814","1"
"995543574","self-matching","235","Nonmatching","friend","Friend","Close","555","0.555","1"
"995543574","self-matching","237","Nonmatching","self","Self","Self","781","0.781","1"
"995543574","self-matching","239","Matching","friend","Friend","Close","636","0.636","1"
"995543580","self-matching","5","Nonmatching","friend","Friend","Close","533","0.533","0"
"995543580","self-matching","23","Nonmatching","friend","Friend","Close","1058","1.058","0"
"995543580","self-matching","25","Nonmatching","friend","Friend","Close","725","0.725","1"
"995543580","self-matching","27","Nonmatching","friend","Friend","Close","852","0.852","1"
"995543580","self-matching","29","Nonmatching","self","Self","Self","863","0.863","1"
"995543580","self-matching","31","Matching","self","Self","Self","686","0.686","1"
"995543580","self-matching","33","Matching","self","Self","Self","251","0.251","0"
"995543580","self-matching","35","Nonmatching","friend","Friend","Close","874","0.874","1"
"995543580","self-matching","37","Matching","friend","Friend","Close","759","0.759","1"
"995543580","self-matching","39","Matching","friend","Friend","Close","672","0.672","0"
"995543580","self-matching","41","Matching","friend","Friend","Close","726","0.726","1"
"995543580","self-matching","43","Nonmatching","self","Self","Self","625","0.625","0"
"995543580","self-matching","45","Matching","self","Self","Self","924","0.924","1"
"995543580","self-matching","47","Matching","friend","Friend","Close","827","0.827","1"
"995543580","self-matching","49","Matching","friend","Friend","Close","513","0.513","1"
"995543580","self-matching","51","Nonmatching","self","Self","Self","856","0.856","1"
"995543580","self-matching","53","Nonmatching","self","Self","Self","578","0.578","1"
"995543580","self-matching","55","Matching","self","Self","Self","458","0.458","1"
"995543580","self-matching","57","Matching","self","Self","Self","312","0.312","1"
"995543580","self-matching","59","Matching","self","Self","Self","288","0.288","1"
"995543580","self-matching","61","Nonmatching","friend","Friend","Close","724","0.724","1"
"995543580","self-matching","63","Nonmatching","friend","Friend","Close","320","0.32","1"
"995543580","self-matching","65","Matching","friend","Friend","Close","624","0.624","1"
"995543580","self-matching","67","Nonmatching","friend","Friend","Close","444","0.444","1"
"995543580","self-matching","69","Matching","friend","Friend","Close","672","0.672","1"
"995543580","self-matching","71","Nonmatching","friend","Friend","Close","483","0.483","1"
"995543580","self-matching","73","Matching","friend","Friend","Close","411","0.411","1"
"995543580","self-matching","75","Nonmatching","self","Self","Self","990","0.99","1"
"995543580","self-matching","77","Nonmatching","self","Self","Self","511","0.511","1"
"995543580","self-matching","79","Matching","friend","Friend","Close","582","0.582","1"
"995543580","self-matching","81","Nonmatching","self","Self","Self","811","0.811","1"
"995543580","self-matching","83","Nonmatching","friend","Friend","Close","797","0.797","1"
"995543580","self-matching","85","Matching","self","Self","Self","717","0.717","1"
"995543580","self-matching","87","Nonmatching","self","Self","Self","930","0.93","0"
"995543580","self-matching","89","Nonmatching","friend","Friend","Close","861","0.861","0"
"995543580","self-matching","91","Matching","friend","Friend","Close","795","0.795","1"
"995543580","self-matching","93","Matching","friend","Friend","Close","860","0.86","1"
"995543580","self-matching","95","Matching","friend","Friend","Close","461","0.461","1"
"995543580","self-matching","97","Matching","self","Self","Self","592","0.592","1"
"995543580","self-matching","99","Matching","friend","Friend","Close","567","0.567","1"
"995543580","self-matching","101","Nonmatching","self","Self","Self","415","0.415","1"
"995543580","self-matching","103","Matching","friend","Friend","Close","580","0.58","1"
"995543580","self-matching","105","Matching","self","Self","Self","515","0.515","1"
"995543580","self-matching","107","Matching","self","Self","Self","395","0.395","1"
"995543580","self-matching","109","Nonmatching","self","Self","Self","572","0.572","0"
"995543580","self-matching","111","Matching","friend","Friend","Close","748","0.748","1"
"995543580","self-matching","113","Matching","self","Self","Self","601","0.601","1"
"995543580","self-matching","115","Nonmatching","friend","Friend","Close","335","0.335","1"
"995543580","self-matching","117","Nonmatching","self","Self","Self","613","0.613","0"
"995543580","self-matching","119","Matching","self","Self","Self","564","0.564","1"
"995543580","self-matching","121","Matching","self","Self","Self","430","0.43","1"
"995543580","self-matching","123","Nonmatching","self","Self","Self","681","0.681","1"
"995543580","self-matching","125","Matching","friend","Friend","Close","710","0.71","1"
"995543580","self-matching","127","Matching","friend","Friend","Close","795","0.795","1"
"995543580","self-matching","129","Matching","friend","Friend","Close","519","0.519","1"
"995543580","self-matching","131","Matching","friend","Friend","Close","378","0.378","1"
"995543580","self-matching","133","Nonmatching","self","Self","Self","724","0.724","1"
"995543580","self-matching","135","Nonmatching","friend","Friend","Close","711","0.711","1"
"995543580","self-matching","137","Nonmatching","friend","Friend","Close","314","0.314","1"
"995543580","self-matching","139","Matching","self","Self","Self","450","0.45","1"
"995543580","self-matching","141","Matching","friend","Friend","Close","686","0.686","1"
"995543580","self-matching","143","Nonmatching","friend","Friend","Close","542","0.542","1"
"995543580","self-matching","145","Matching","self","Self","Self","725","0.725","0"
"995543580","self-matching","147","Nonmatching","friend","Friend","Close","635","0.635","1"
"995543580","self-matching","149","Nonmatching","self","Self","Self","406","0.406","1"
"995543580","self-matching","151","Nonmatching","self","Self","Self","329","0.329","1"
"995543580","self-matching","153","Nonmatching","self","Self","Self","484","0.484","1"
"995543580","self-matching","155","Matching","friend","Friend","Close","643","0.643","1"
"995543580","self-matching","157","Matching","friend","Friend","Close","525","0.525","1"
"995543580","self-matching","159","Matching","friend","Friend","Close","409","0.409","1"
"995543580","self-matching","161","Matching","self","Self","Self","744","0.744","1"
"995543580","self-matching","163","Matching","friend","Friend","Close","659","0.659","1"
"995543580","self-matching","165","Nonmatching","friend","Friend","Close","487","0.487","1"
"995543580","self-matching","167","Matching","friend","Friend","Close","469","0.469","0"
"995543580","self-matching","169","Matching","self","Self","Self","596","0.596","1"
"995543580","self-matching","171","Nonmatching","friend","Friend","Close","554","0.554","1"
"995543580","self-matching","173","Matching","self","Self","Self","551","0.551","1"
"995543580","self-matching","175","Matching","self","Self","Self","745","0.745","1"
"995543580","self-matching","177","Nonmatching","friend","Friend","Close","536","0.536","1"
"995543580","self-matching","179","Nonmatching","self","Self","Self","801","0.801","1"
"995543580","self-matching","181","Matching","self","Self","Self","516","0.516","1"
"995543580","self-matching","183","Nonmatching","friend","Friend","Close","694","0.694","1"
"995543580","self-matching","185","Matching","self","Self","Self","603","0.603","1"
"995543580","self-matching","187","Matching","self","Self","Self","325","0.325","1"
"995543580","self-matching","189","Matching","friend","Friend","Close","750","0.75","1"
"995543580","self-matching","191","Nonmatching","self","Self","Self","648","0.648","1"
"995543580","self-matching","193","Matching","friend","Friend","Close","695","0.695","1"
"995543580","self-matching","195","Nonmatching","self","Self","Self","790","0.79","0"
"995543580","self-matching","197","Matching","self","Self","Self","745","0.745","1"
"995543580","self-matching","199","Nonmatching","self","Self","Self","647","0.647","1"
"995543580","self-matching","201","Nonmatching","friend","Friend","Close","592","0.592","1"
"995543580","self-matching","203","Nonmatching","friend","Friend","Close","305","0.305","1"
"995543580","self-matching","205","Matching","self","Self","Self","565","0.565","1"
"995543580","self-matching","207","Nonmatching","self","Self","Self","466","0.466","1"
"995543580","self-matching","209","Nonmatching","friend","Friend","Close","446","0.446","1"
"995543580","self-matching","211","Matching","self","Self","Self","731","0.731","1"
"995543580","self-matching","213","Nonmatching","self","Self","Self","463","0.463","1"
"995543580","self-matching","215","Nonmatching","friend","Friend","Close","629","0.629","1"
"995543580","self-matching","217","Nonmatching","self","Self","Self","615","0.615","1"
"995543580","self-matching","219","Matching","friend","Friend","Close","498","0.498","1"
"995543580","self-matching","221","Nonmatching","friend","Friend","Close","507","0.507","1"
"995543580","self-matching","223","Nonmatching","friend","Friend","Close","413","0.413","1"
"995543580","self-matching","225","Nonmatching","self","Self","Self","413","0.413","1"
"995543580","self-matching","227","Matching","friend","Friend","Close","514","0.514","1"
"995543580","self-matching","229","Nonmatching","friend","Friend","Close","496","0.496","1"
"995543580","self-matching","231","Matching","self","Self","Self","581","0.581","1"
"995543580","self-matching","233","Nonmatching","self","Self","Self","504","0.504","1"
"995543580","self-matching","235","Nonmatching","self","Self","Self","495","0.495","1"
"995543580","self-matching","237","Nonmatching","friend","Friend","Close","633","0.633","1"
"995543580","self-matching","239","Matching","self","Self","Self","597","0.597","1"
"995543581","self-matching","1","Nonmatching","friend","Friend","Close","754","0.754","1"
"995543581","self-matching","3","Nonmatching","self","Self","Self","592","0.592","1"
"995543581","self-matching","5","Nonmatching","self","Self","Self","859","0.859","1"
"995543581","self-matching","7","Nonmatching","friend","Friend","Close","696","0.696","1"
"995543581","self-matching","9","Nonmatching","self","Self","Self","956","0.956","1"
"995543581","self-matching","11","Matching","self","Self","Self","634","0.634","1"
"995543581","self-matching","13","Matching","self","Self","Self","635","0.635","1"
"995543581","self-matching","15","Matching","self","Self","Self","463","0.463","1"
"995543581","self-matching","17","Nonmatching","friend","Friend","Close","850","0.85","1"
"995543581","self-matching","19","Nonmatching","self","Self","Self","958","0.958","1"
"995543581","self-matching","23","Nonmatching","friend","Friend","Close","898","0.898","1"
"995543581","self-matching","25","Nonmatching","friend","Friend","Close","751","0.751","1"
"995543581","self-matching","27","Nonmatching","friend","Friend","Close","516","0.516","1"
"995543581","self-matching","29","Nonmatching","self","Self","Self","991","0.991","1"
"995543581","self-matching","31","Nonmatching","self","Self","Self","704","0.704","1"
"995543581","self-matching","33","Matching","self","Self","Self","799","0.799","1"
"995543581","self-matching","35","Nonmatching","friend","Friend","Close","1130","1.13","0"
"995543581","self-matching","39","Nonmatching","friend","Friend","Close","1025","1.025","1"
"995543581","self-matching","41","Nonmatching","self","Self","Self","895","0.895","1"
"995543581","self-matching","43","Nonmatching","self","Self","Self","650","0.65","1"
"995543581","self-matching","45","Matching","friend","Friend","Close","823","0.823","1"
"995543581","self-matching","47","Matching","friend","Friend","Close","582","0.582","1"
"995543581","self-matching","49","Matching","self","Self","Self","1066","1.066","1"
"995543581","self-matching","51","Matching","self","Self","Self","583","0.583","1"
"995543581","self-matching","53","Matching","self","Self","Self","627","0.627","1"
"995543581","self-matching","55","Matching","self","Self","Self","653","0.653","1"
"995543581","self-matching","59","Matching","self","Self","Self","545","0.545","1"
"995543581","self-matching","65","Nonmatching","self","Self","Self","1009","1.009","1"
"995543581","self-matching","67","Matching","friend","Friend","Close","860","0.86","1"
"995543581","self-matching","69","Matching","friend","Friend","Close","673","0.673","1"
"995543581","self-matching","71","Matching","friend","Friend","Close","691","0.691","1"
"995543581","self-matching","73","Matching","self","Self","Self","918","0.918","1"
"995543581","self-matching","77","Matching","friend","Friend","Close","534","0.534","1"
"995543581","self-matching","79","Nonmatching","friend","Friend","Close","715","0.715","1"
"995543581","self-matching","81","Matching","self","Self","Self","914","0.914","1"
"995543581","self-matching","83","Matching","self","Self","Self","519","0.519","1"
"995543581","self-matching","87","Matching","self","Self","Self","748","0.748","1"
"995543581","self-matching","89","Matching","friend","Friend","Close","1032","1.032","1"
"995543581","self-matching","91","Matching","friend","Friend","Close","529","0.529","1"
"995543581","self-matching","93","Nonmatching","friend","Friend","Close","788","0.788","1"
"995543581","self-matching","95","Nonmatching","self","Self","Self","934","0.934","1"
"995543581","self-matching","97","Nonmatching","friend","Friend","Close","991","0.991","1"
"995543581","self-matching","99","Nonmatching","self","Self","Self","824","0.824","1"
"995543581","self-matching","101","Nonmatching","self","Self","Self","520","0.52","1"
"995543581","self-matching","103","Matching","self","Self","Self","843","0.843","1"
"995543581","self-matching","105","Matching","friend","Friend","Close","772","0.772","1"
"995543581","self-matching","107","Matching","friend","Friend","Close","500","0.5","1"
"995543581","self-matching","109","Nonmatching","self","Self","Self","841","0.841","1"
"995543581","self-matching","111","Matching","self","Self","Self","718","0.718","1"
"995543581","self-matching","113","Nonmatching","friend","Friend","Close","1062","1.062","1"
"995543581","self-matching","115","Matching","self","Self","Self","697","0.697","1"
"995543581","self-matching","117","Nonmatching","friend","Friend","Close","758","0.758","1"
"995543581","self-matching","119","Nonmatching","friend","Friend","Close","755","0.755","1"
"995543581","self-matching","121","Matching","friend","Friend","Close","649","0.649","1"
"995543581","self-matching","123","Nonmatching","self","Self","Self","1102","1.102","1"
"995543581","self-matching","125","Nonmatching","friend","Friend","Close","1016","1.016","1"
"995543581","self-matching","127","Nonmatching","friend","Friend","Close","724","0.724","1"
"995543581","self-matching","129","Matching","friend","Friend","Close","870","0.87","1"
"995543581","self-matching","131","Matching","friend","Friend","Close","622","0.622","1"
"995543581","self-matching","133","Matching","friend","Friend","Close","689","0.689","1"
"995543581","self-matching","135","Matching","friend","Friend","Close","692","0.692","1"
"995543581","self-matching","137","Nonmatching","self","Self","Self","856","0.856","1"
"995543581","self-matching","139","Matching","self","Self","Self","708","0.708","1"
"995543581","self-matching","141","Matching","friend","Friend","Close","1139","1.139","1"
"995543581","self-matching","143","Matching","friend","Friend","Close","542","0.542","1"
"995543581","self-matching","145","Matching","friend","Friend","Close","538","0.538","1"
"995543581","self-matching","147","Matching","self","Self","Self","616","0.616","1"
"995543581","self-matching","149","Nonmatching","self","Self","Self","871","0.871","1"
"995543581","self-matching","151","Matching","self","Self","Self","782","0.782","1"
"995543581","self-matching","153","Matching","friend","Friend","Close","681","0.681","1"
"995543581","self-matching","155","Matching","self","Self","Self","1196","1.196","1"
"995543581","self-matching","157","Nonmatching","friend","Friend","Close","843","0.843","1"
"995543581","self-matching","159","Nonmatching","friend","Friend","Close","792","0.792","1"
"995543581","self-matching","161","Matching","friend","Friend","Close","627","0.627","1"
"995543581","self-matching","163","Nonmatching","friend","Friend","Close","933","0.933","1"
"995543581","self-matching","165","Nonmatching","self","Self","Self","942","0.942","1"
"995543581","self-matching","167","Matching","friend","Friend","Close","886","0.886","1"
"995543581","self-matching","169","Matching","friend","Friend","Close","730","0.73","1"
"995543581","self-matching","171","Matching","self","Self","Self","708","0.708","1"
"995543581","self-matching","173","Nonmatching","self","Self","Self","835","0.835","1"
"995543581","self-matching","177","Matching","self","Self","Self","656","0.656","1"
"995543581","self-matching","179","Matching","friend","Friend","Close","704","0.704","1"
"995543581","self-matching","181","Nonmatching","self","Self","Self","743","0.743","1"
"995543581","self-matching","183","Matching","self","Self","Self","627","0.627","1"
"995543581","self-matching","185","Nonmatching","friend","Friend","Close","958","0.958","1"
"995543581","self-matching","187","Nonmatching","friend","Friend","Close","923","0.923","1"
"995543581","self-matching","189","Matching","friend","Friend","Close","658","0.658","1"
"995543581","self-matching","191","Nonmatching","friend","Friend","Close","1137","1.137","1"
"995543581","self-matching","193","Nonmatching","self","Self","Self","969","0.969","0"
"995543581","self-matching","195","Matching","self","Self","Self","966","0.966","1"
"995543581","self-matching","197","Nonmatching","self","Self","Self","634","0.634","1"
"995543581","self-matching","199","Nonmatching","friend","Friend","Close","823","0.823","1"
"995543581","self-matching","203","Nonmatching","friend","Friend","Close","772","0.772","1"
"995543581","self-matching","205","Matching","self","Self","Self","861","0.861","1"
"995543581","self-matching","207","Nonmatching","self","Self","Self","651","0.651","1"
"995543581","self-matching","209","Matching","self","Self","Self","729","0.729","1"
"995543581","self-matching","211","Matching","self","Self","Self","683","0.683","1"
"995543581","self-matching","213","Matching","friend","Friend","Close","797","0.797","1"
"995543581","self-matching","215","Matching","friend","Friend","Close","592","0.592","1"
"995543581","self-matching","217","Nonmatching","self","Self","Self","605","0.605","1"
"995543581","self-matching","219","Matching","self","Self","Self","789","0.789","1"
"995543581","self-matching","221","Matching","self","Self","Self","623","0.623","1"
"995543581","self-matching","223","Nonmatching","self","Self","Self","545","0.545","1"
"995543581","self-matching","225","Nonmatching","friend","Friend","Close","966","0.966","1"
"995543581","self-matching","227","Matching","self","Self","Self","547","0.547","1"
"995543581","self-matching","229","Nonmatching","friend","Friend","Close","753","0.753","1"
"995543581","self-matching","231","Nonmatching","self","Self","Self","1014","1.014","1"
"995543581","self-matching","233","Nonmatching","self","Self","Self","811","0.811","1"
"995543581","self-matching","235","Nonmatching","friend","Friend","Close","929","0.929","1"
"995543581","self-matching","237","Nonmatching","friend","Friend","Close","640","0.64","1"
"995543581","self-matching","239","Matching","friend","Friend","Close","900","0.9","1"
"995543583","self-matching","1","Matching","friend","Friend","Close","1121","1.121","0"
"995543583","self-matching","3","Matching","friend","Friend","Close","1065","1.065","1"
"995543583","self-matching","5","Nonmatching","friend","Friend","Close","1170","1.17","1"
"995543583","self-matching","7","Matching","friend","Friend","Close","916","0.916","1"
"995543583","self-matching","11","Nonmatching","friend","Friend","Close","996","0.996","0"
"995543583","self-matching","13","Matching","self","Self","Self","754","0.754","1"
"995543583","self-matching","29","Nonmatching","self","Self","Self","1036","1.036","0"
"995543583","self-matching","33","Matching","self","Self","Self","1154","1.154","1"
"995543583","self-matching","35","Matching","self","Self","Self","509","0.509","1"
"995543583","self-matching","37","Nonmatching","self","Self","Self","760","0.76","1"
"995543583","self-matching","41","Matching","self","Self","Self","680","0.68","1"
"995543583","self-matching","43","Nonmatching","self","Self","Self","953","0.953","1"
"995543583","self-matching","47","Matching","self","Self","Self","1107","1.107","1"
"995543583","self-matching","49","Nonmatching","friend","Friend","Close","892","0.892","1"
"995543583","self-matching","51","Matching","self","Self","Self","499","0.499","1"
"995543583","self-matching","53","Nonmatching","self","Self","Self","821","0.821","1"
"995543583","self-matching","55","Matching","self","Self","Self","882","0.882","1"
"995543583","self-matching","57","Nonmatching","friend","Friend","Close","1091","1.091","1"
"995543583","self-matching","59","Nonmatching","friend","Friend","Close","1115","1.115","1"
"995543583","self-matching","61","Nonmatching","self","Self","Self","1097","1.097","1"
"995543583","self-matching","63","Matching","self","Self","Self","783","0.783","1"
"995543583","self-matching","65","Matching","self","Self","Self","774","0.774","1"
"995543583","self-matching","67","Matching","friend","Friend","Close","806","0.806","0"
"995543583","self-matching","69","Matching","self","Self","Self","801","0.801","1"
"995543583","self-matching","71","Matching","self","Self","Self","483","0.483","1"
"995543583","self-matching","73","Nonmatching","self","Self","Self","715","0.715","1"
"995543583","self-matching","77","Matching","friend","Friend","Close","985","0.985","1"
"995543583","self-matching","79","Nonmatching","self","Self","Self","557","0.557","0"
"995543583","self-matching","81","Matching","self","Self","Self","602","0.602","1"
"995543583","self-matching","83","Nonmatching","friend","Friend","Close","775","0.775","1"
"995543583","self-matching","85","Matching","self","Self","Self","452","0.452","1"
"995543583","self-matching","89","Matching","self","Self","Self","581","0.581","1"
"995543583","self-matching","91","Matching","friend","Friend","Close","667","0.667","0"
"995543583","self-matching","93","Matching","friend","Friend","Close","733","0.733","1"
"995543583","self-matching","95","Matching","self","Self","Self","649","0.649","1"
"995543583","self-matching","97","Nonmatching","friend","Friend","Close","1178","1.178","1"
"995543583","self-matching","99","Nonmatching","self","Self","Self","807","0.807","0"
"995543583","self-matching","101","Matching","friend","Friend","Close","1185","1.185","1"
"995543583","self-matching","103","Nonmatching","friend","Friend","Close","1076","1.076","1"
"995543583","self-matching","107","Matching","self","Self","Self","824","0.824","1"
"995543583","self-matching","109","Matching","self","Self","Self","480","0.48","1"
"995543583","self-matching","111","Matching","self","Self","Self","524","0.524","1"
"995543583","self-matching","115","Matching","friend","Friend","Close","834","0.834","1"
"995543583","self-matching","117","Nonmatching","self","Self","Self","748","0.748","0"
"995543583","self-matching","121","Nonmatching","self","Self","Self","987","0.987","1"
"995543583","self-matching","123","Nonmatching","self","Self","Self","925","0.925","1"
"995543583","self-matching","125","Nonmatching","self","Self","Self","696","0.696","1"
"995543583","self-matching","127","Matching","self","Self","Self","683","0.683","1"
"995543583","self-matching","129","Nonmatching","self","Self","Self","984","0.984","1"
"995543583","self-matching","131","Nonmatching","self","Self","Self","993","0.993","1"
"995543583","self-matching","133","Nonmatching","friend","Friend","Close","750","0.75","0"
"995543583","self-matching","135","Matching","friend","Friend","Close","1063","1.063","1"
"995543583","self-matching","137","Nonmatching","friend","Friend","Close","914","0.914","1"
"995543583","self-matching","139","Nonmatching","friend","Friend","Close","839","0.839","1"
"995543583","self-matching","141","Matching","friend","Friend","Close","808","0.808","0"
"995543583","self-matching","143","Nonmatching","self","Self","Self","1127","1.127","1"
"995543583","self-matching","145","Matching","self","Self","Self","663","0.663","1"
"995543583","self-matching","147","Nonmatching","friend","Friend","Close","745","0.745","1"
"995543583","self-matching","149","Nonmatching","friend","Friend","Close","783","0.783","1"
"995543583","self-matching","151","Matching","self","Self","Self","683","0.683","1"
"995543583","self-matching","153","Matching","friend","Friend","Close","709","0.709","0"
"995543583","self-matching","155","Nonmatching","friend","Friend","Close","1097","1.097","1"
"995543583","self-matching","159","Nonmatching","self","Self","Self","718","0.718","0"
"995543583","self-matching","161","Matching","self","Self","Self","768","0.768","1"
"995543583","self-matching","163","Matching","friend","Friend","Close","1126","1.126","1"
"995543583","self-matching","167","Nonmatching","self","Self","Self","557","0.557","0"
"995543583","self-matching","169","Nonmatching","self","Self","Self","756","0.756","1"
"995543583","self-matching","171","Matching","self","Self","Self","690","0.69","1"
"995543583","self-matching","181","Nonmatching","self","Self","Self","843","0.843","1"
"995543583","self-matching","183","Nonmatching","self","Self","Self","815","0.815","1"
"995543583","self-matching","185","Matching","self","Self","Self","678","0.678","1"
"995543583","self-matching","187","Nonmatching","self","Self","Self","896","0.896","1"
"995543583","self-matching","189","Matching","self","Self","Self","896","0.896","1"
"995543583","self-matching","193","Matching","self","Self","Self","491","0.491","1"
"995543583","self-matching","197","Nonmatching","friend","Friend","Close","730","0.73","1"
"995543583","self-matching","199","Matching","friend","Friend","Close","994","0.994","1"
"995543583","self-matching","201","Matching","self","Self","Self","919","0.919","1"
"995543583","self-matching","203","Matching","self","Self","Self","889","0.889","0"
"995543583","self-matching","209","Matching","self","Self","Self","824","0.824","1"
"995543583","self-matching","213","Nonmatching","friend","Friend","Close","792","0.792","1"
"995543583","self-matching","215","Matching","friend","Friend","Close","993","0.993","1"
"995543583","self-matching","217","Matching","friend","Friend","Close","620","0.62","1"
"995543583","self-matching","219","Nonmatching","friend","Friend","Close","1006","1.006","1"
"995543583","self-matching","225","Nonmatching","friend","Friend","Close","911","0.911","1"
"995543583","self-matching","227","Matching","friend","Friend","Close","1127","1.127","1"
"995543583","self-matching","229","Nonmatching","friend","Friend","Close","853","0.853","1"
"995543583","self-matching","231","Nonmatching","self","Self","Self","1157","1.157","1"
"995543583","self-matching","237","Matching","friend","Friend","Close","973","0.973","1"
"995543583","self-matching","239","Matching","self","Self","Self","882","0.882","1"
"995543587","self-matching","1","Nonmatching","self","Self","Self","926","0.926","1"
"995543587","self-matching","3","Matching","friend","Friend","Close","946","0.946","1"
"995543587","self-matching","5","Nonmatching","self","Self","Self","637","0.637","1"
"995543587","self-matching","7","Matching","self","Self","Self","538","0.538","1"
"995543587","self-matching","9","Matching","friend","Friend","Close","607","0.607","0"
"995543587","self-matching","11","Nonmatching","friend","Friend","Close","671","0.671","1"
"995543587","self-matching","13","Nonmatching","friend","Friend","Close","748","0.748","1"
"995543587","self-matching","15","Nonmatching","self","Self","Self","1035","1.035","1"
"995543587","self-matching","17","Nonmatching","self","Self","Self","864","0.864","1"
"995543587","self-matching","19","Nonmatching","self","Self","Self","611","0.611","1"
"995543587","self-matching","21","Nonmatching","friend","Friend","Close","637","0.637","1"
"995543587","self-matching","23","Nonmatching","friend","Friend","Close","535","0.535","1"
"995543587","self-matching","25","Nonmatching","friend","Friend","Close","495","0.495","1"
"995543587","self-matching","27","Nonmatching","friend","Friend","Close","592","0.592","1"
"995543587","self-matching","29","Nonmatching","self","Self","Self","712","0.712","1"
"995543587","self-matching","31","Matching","friend","Friend","Close","530","0.53","1"
"995543587","self-matching","33","Nonmatching","friend","Friend","Close","728","0.728","1"
"995543587","self-matching","35","Nonmatching","friend","Friend","Close","403","0.403","1"
"995543587","self-matching","37","Matching","self","Self","Self","324","0.324","1"
"995543587","self-matching","39","Nonmatching","self","Self","Self","638","0.638","1"
"995543587","self-matching","41","Nonmatching","friend","Friend","Close","656","0.656","1"
"995543587","self-matching","43","Matching","friend","Friend","Close","403","0.403","1"
"995543587","self-matching","45","Matching","self","Self","Self","555","0.555","0"
"995543587","self-matching","47","Matching","self","Self","Self","396","0.396","1"
"995543587","self-matching","49","Matching","self","Self","Self","430","0.43","1"
"995543587","self-matching","51","Matching","self","Self","Self","351","0.351","1"
"995543587","self-matching","53","Nonmatching","self","Self","Self","489","0.489","1"
"995543587","self-matching","55","Nonmatching","self","Self","Self","493","0.493","1"
"995543587","self-matching","57","Nonmatching","friend","Friend","Close","799","0.799","1"
"995543587","self-matching","59","Matching","self","Self","Self","598","0.598","1"
"995543587","self-matching","61","Matching","friend","Friend","Close","619","0.619","0"
"995543587","self-matching","63","Matching","friend","Friend","Close","339","0.339","1"
"995543587","self-matching","65","Nonmatching","friend","Friend","Close","557","0.557","1"
"995543587","self-matching","67","Matching","friend","Friend","Close","567","0.567","1"
"995543587","self-matching","69","Nonmatching","friend","Friend","Close","605","0.605","1"
"995543587","self-matching","71","Matching","friend","Friend","Close","690","0.69","1"
"995543587","self-matching","73","Nonmatching","self","Self","Self","664","0.664","1"
"995543587","self-matching","75","Nonmatching","friend","Friend","Close","594","0.594","1"
"995543587","self-matching","77","Nonmatching","friend","Friend","Close","887","0.887","1"
"995543587","self-matching","79","Nonmatching","friend","Friend","Close","510","0.51","1"
"995543587","self-matching","81","Matching","self","Self","Self","428","0.428","1"
"995543587","self-matching","83","Matching","self","Self","Self","633","0.633","1"
"995543587","self-matching","85","Nonmatching","self","Self","Self","510","0.51","1"
"995543587","self-matching","87","Matching","friend","Friend","Close","1044","1.044","1"
"995543587","self-matching","89","Matching","friend","Friend","Close","515","0.515","1"
"995543587","self-matching","91","Nonmatching","friend","Friend","Close","556","0.556","1"
"995543587","self-matching","93","Matching","self","Self","Self","518","0.518","1"
"995543587","self-matching","95","Matching","friend","Friend","Close","931","0.931","1"
"995543587","self-matching","97","Matching","self","Self","Self","630","0.63","1"
"995543587","self-matching","99","Matching","self","Self","Self","378","0.378","1"
"995543587","self-matching","101","Matching","self","Self","Self","419","0.419","1"
"995543587","self-matching","103","Nonmatching","self","Self","Self","536","0.536","1"
"995543587","self-matching","105","Matching","friend","Friend","Close","889","0.889","1"
"995543587","self-matching","107","Matching","friend","Friend","Close","530","0.53","1"
"995543587","self-matching","109","Nonmatching","friend","Friend","Close","528","0.528","1"
"995543587","self-matching","111","Matching","self","Self","Self","547","0.547","1"
"995543587","self-matching","113","Matching","self","Self","Self","431","0.431","1"
"995543587","self-matching","115","Nonmatching","self","Self","Self","513","0.513","1"
"995543587","self-matching","117","Nonmatching","friend","Friend","Close","616","0.616","1"
"995543587","self-matching","119","Nonmatching","friend","Friend","Close","526","0.526","1"
"995543587","self-matching","121","Matching","friend","Friend","Close","551","0.551","1"
"995543587","self-matching","123","Matching","friend","Friend","Close","425","0.425","1"
"995543587","self-matching","125","Matching","self","Self","Self","692","0.692","1"
"995543587","self-matching","127","Nonmatching","self","Self","Self","513","0.513","1"
"995543587","self-matching","129","Matching","friend","Friend","Close","608","0.608","0"
"995543587","self-matching","131","Nonmatching","self","Self","Self","649","0.649","1"
"995543587","self-matching","133","Nonmatching","self","Self","Self","705","0.705","1"
"995543587","self-matching","135","Matching","self","Self","Self","367","0.367","1"
"995543587","self-matching","137","Nonmatching","friend","Friend","Close","803","0.803","1"
"995543587","self-matching","139","Nonmatching","friend","Friend","Close","681","0.681","1"
"995543587","self-matching","141","Nonmatching","friend","Friend","Close","605","0.605","1"
"995543587","self-matching","143","Nonmatching","self","Self","Self","701","0.701","1"
"995543587","self-matching","145","Nonmatching","friend","Friend","Close","588","0.588","1"
"995543587","self-matching","147","Nonmatching","friend","Friend","Close","410","0.41","1"
"995543587","self-matching","149","Matching","friend","Friend","Close","636","0.636","0"
"995543587","self-matching","151","Nonmatching","self","Self","Self","639","0.639","1"
"995543587","self-matching","153","Matching","self","Self","Self","534","0.534","1"
"995543587","self-matching","155","Matching","friend","Friend","Close","664","0.664","1"
"995543587","self-matching","157","Nonmatching","friend","Friend","Close","585","0.585","1"
"995543587","self-matching","159","Matching","self","Self","Self","431","0.431","1"
"995543587","self-matching","161","Nonmatching","self","Self","Self","950","0.95","1"
"995543587","self-matching","163","Nonmatching","friend","Friend","Close","1002","1.002","1"
"995543587","self-matching","165","Matching","friend","Friend","Close","421","0.421","1"
"995543587","self-matching","167","Matching","self","Self","Self","646","0.646","1"
"995543587","self-matching","169","Nonmatching","self","Self","Self","1078","1.078","1"
"995543587","self-matching","171","Nonmatching","self","Self","Self","687","0.687","1"
"995543587","self-matching","173","Nonmatching","self","Self","Self","524","0.524","1"
"995543587","self-matching","175","Matching","friend","Friend","Close","648","0.648","1"
"995543587","self-matching","177","Nonmatching","self","Self","Self","775","0.775","1"
"995543587","self-matching","179","Matching","self","Self","Self","647","0.647","1"
"995543587","self-matching","181","Matching","friend","Friend","Close","1028","1.028","1"
"995543587","self-matching","183","Matching","friend","Friend","Close","420","0.42","1"
"995543587","self-matching","185","Matching","friend","Friend","Close","385","0.385","1"
"995543587","self-matching","187","Matching","friend","Friend","Close","529","0.529","1"
"995543587","self-matching","189","Nonmatching","self","Self","Self","808","0.808","1"
"995543587","self-matching","191","Nonmatching","friend","Friend","Close","1034","1.034","1"
"995543587","self-matching","193","Matching","friend","Friend","Close","504","0.504","0"
"995543587","self-matching","195","Nonmatching","self","Self","Self","612","0.612","1"
"995543587","self-matching","197","Matching","self","Self","Self","596","0.596","1"
"995543587","self-matching","199","Matching","self","Self","Self","576","0.576","1"
"995543587","self-matching","201","Matching","friend","Friend","Close","809","0.809","1"
"995543587","self-matching","203","Matching","self","Self","Self","632","0.632","1"
"995543587","self-matching","205","Matching","self","Self","Self","517","0.517","1"
"995543587","self-matching","207","Matching","friend","Friend","Close","465","0.465","1"
"995543587","self-matching","209","Nonmatching","self","Self","Self","568","0.568","1"
"995543587","self-matching","211","Nonmatching","self","Self","Self","633","0.633","1"
"995543587","self-matching","213","Matching","friend","Friend","Close","691","0.691","1"
"995543587","self-matching","215","Matching","self","Self","Self","467","0.467","1"
"995543587","self-matching","217","Matching","friend","Friend","Close","566","0.566","1"
"995543587","self-matching","219","Matching","friend","Friend","Close","497","0.497","1"
"995543587","self-matching","221","Nonmatching","self","Self","Self","412","0.412","1"
"995543587","self-matching","223","Nonmatching","friend","Friend","Close","660","0.66","1"
"995543587","self-matching","225","Nonmatching","friend","Friend","Close","559","0.559","1"
"995543587","self-matching","227","Nonmatching","friend","Friend","Close","615","0.615","1"
"995543587","self-matching","229","Nonmatching","self","Self","Self","893","0.893","1"
"995543587","self-matching","231","Matching","self","Self","Self","565","0.565","1"
"995543587","self-matching","233","Nonmatching","self","Self","Self","680","0.68","1"
"995543587","self-matching","235","Matching","self","Self","Self","539","0.539","1"
"995543587","self-matching","237","Matching","self","Self","Self","518","0.518","1"
"995543587","self-matching","239","Matching","self","Self","Self","487","0.487","1"
"995543590","self-matching","1","Nonmatching","friend","Friend","Close","612","0.612","1"
"995543590","self-matching","3","Matching","friend","Friend","Close","299","0.299","0"
"995543590","self-matching","5","Matching","self","Self","Self","363","0.363","0"
"995543590","self-matching","7","Matching","self","Self","Self","592","0.592","1"
"995543590","self-matching","9","Matching","friend","Friend","Close","815","0.815","0"
"995543590","self-matching","11","Matching","self","Self","Self","595","0.595","1"
"995543590","self-matching","13","Nonmatching","self","Self","Self","634","0.634","0"
"995543590","self-matching","15","Matching","self","Self","Self","566","0.566","1"
"995543590","self-matching","17","Matching","friend","Friend","Close","509","0.509","0"
"995543590","self-matching","19","Matching","self","Self","Self","464","0.464","1"
"995543590","self-matching","25","Matching","self","Self","Self","562","0.562","1"
"995543590","self-matching","29","Matching","self","Self","Self","466","0.466","1"
"995543590","self-matching","31","Matching","friend","Friend","Close","602","0.602","0"
"995543590","self-matching","33","Matching","self","Self","Self","640","0.64","1"
"995543590","self-matching","35","Nonmatching","self","Self","Self","585","0.585","1"
"995543590","self-matching","37","Nonmatching","friend","Friend","Close","1074","1.074","1"
"995543590","self-matching","41","Nonmatching","self","Self","Self","1011","1.011","0"
"995543590","self-matching","43","Nonmatching","self","Self","Self","811","0.811","1"
"995543590","self-matching","45","Matching","self","Self","Self","699","0.699","1"
"995543590","self-matching","47","Matching","self","Self","Self","710","0.71","1"
"995543590","self-matching","49","Matching","self","Self","Self","520","0.52","1"
"995543590","self-matching","51","Nonmatching","self","Self","Self","553","0.553","1"
"995543590","self-matching","53","Nonmatching","self","Self","Self","446","0.446","1"
"995543590","self-matching","55","Nonmatching","friend","Friend","Close","605","0.605","1"
"995543590","self-matching","57","Nonmatching","friend","Friend","Close","822","0.822","1"
"995543590","self-matching","59","Matching","self","Self","Self","1018","1.018","1"
"995543590","self-matching","61","Matching","self","Self","Self","877","0.877","1"
"995543590","self-matching","63","Matching","friend","Friend","Close","818","0.818","1"
"995543590","self-matching","65","Nonmatching","friend","Friend","Close","666","0.666","1"
"995543590","self-matching","67","Nonmatching","self","Self","Self","838","0.838","1"
"995543590","self-matching","69","Nonmatching","self","Self","Self","505","0.505","1"
"995543590","self-matching","71","Matching","self","Self","Self","488","0.488","1"
"995543590","self-matching","73","Nonmatching","self","Self","Self","572","0.572","1"
"995543590","self-matching","75","Nonmatching","friend","Friend","Close","983","0.983","1"
"995543590","self-matching","77","Matching","self","Self","Self","789","0.789","1"
"995543590","self-matching","79","Matching","self","Self","Self","776","0.776","1"
"995543590","self-matching","81","Nonmatching","friend","Friend","Close","676","0.676","1"
"995543590","self-matching","83","Matching","self","Self","Self","539","0.539","1"
"995543590","self-matching","85","Nonmatching","friend","Friend","Close","556","0.556","1"
"995543590","self-matching","89","Nonmatching","friend","Friend","Close","569","0.569","1"
"995543590","self-matching","91","Nonmatching","friend","Friend","Close","763","0.763","1"
"995543590","self-matching","93","Nonmatching","friend","Friend","Close","507","0.507","1"
"995543590","self-matching","95","Nonmatching","friend","Friend","Close","348","0.348","1"
"995543590","self-matching","97","Matching","self","Self","Self","469","0.469","1"
"995543590","self-matching","99","Nonmatching","friend","Friend","Close","442","0.442","1"
"995543590","self-matching","101","Matching","self","Self","Self","487","0.487","1"
"995543590","self-matching","103","Matching","friend","Friend","Close","637","0.637","0"
"995543590","self-matching","105","Matching","friend","Friend","Close","1001","1.001","1"
"995543590","self-matching","107","Matching","friend","Friend","Close","503","0.503","1"
"995543590","self-matching","109","Nonmatching","friend","Friend","Close","534","0.534","1"
"995543590","self-matching","111","Matching","self","Self","Self","527","0.527","1"
"995543590","self-matching","113","Matching","self","Self","Self","520","0.52","1"
"995543590","self-matching","115","Matching","friend","Friend","Close","894","0.894","1"
"995543590","self-matching","117","Nonmatching","friend","Friend","Close","789","0.789","1"
"995543590","self-matching","119","Matching","friend","Friend","Close","992","0.992","1"
"995543590","self-matching","121","Nonmatching","self","Self","Self","761","0.761","1"
"995543590","self-matching","123","Nonmatching","friend","Friend","Close","767","0.767","1"
"995543590","self-matching","125","Nonmatching","self","Self","Self","765","0.765","1"
"995543590","self-matching","127","Matching","self","Self","Self","388","0.388","1"
"995543590","self-matching","129","Matching","friend","Friend","Close","401","0.401","0"
"995543590","self-matching","131","Nonmatching","friend","Friend","Close","612","0.612","1"
"995543590","self-matching","133","Matching","friend","Friend","Close","987","0.987","1"
"995543590","self-matching","135","Matching","friend","Friend","Close","905","0.905","1"
"995543590","self-matching","137","Matching","friend","Friend","Close","945","0.945","1"
"995543590","self-matching","139","Nonmatching","self","Self","Self","677","0.677","1"
"995543590","self-matching","141","Matching","friend","Friend","Close","1068","1.068","1"
"995543590","self-matching","143","Matching","friend","Friend","Close","466","0.466","1"
"995543590","self-matching","145","Nonmatching","friend","Friend","Close","525","0.525","1"
"995543590","self-matching","147","Matching","friend","Friend","Close","717","0.717","1"
"995543590","self-matching","149","Nonmatching","friend","Friend","Close","532","0.532","1"
"995543590","self-matching","151","Nonmatching","self","Self","Self","1162","1.162","1"
"995543590","self-matching","153","Nonmatching","self","Self","Self","523","0.523","1"
"995543590","self-matching","155","Matching","friend","Friend","Close","1173","1.173","1"
"995543590","self-matching","157","Matching","self","Self","Self","631","0.631","1"
"995543590","self-matching","159","Nonmatching","self","Self","Self","496","0.496","1"
"995543590","self-matching","161","Nonmatching","self","Self","Self","1000","1","1"
"995543590","self-matching","163","Nonmatching","friend","Friend","Close","698","0.698","1"
"995543590","self-matching","165","Nonmatching","friend","Friend","Close","509","0.509","1"
"995543590","self-matching","167","Nonmatching","self","Self","Self","593","0.593","1"
"995543590","self-matching","169","Nonmatching","self","Self","Self","654","0.654","1"
"995543590","self-matching","171","Nonmatching","self","Self","Self","593","0.593","1"
"995543590","self-matching","173","Nonmatching","self","Self","Self","584","0.584","1"
"995543590","self-matching","175","Matching","friend","Friend","Close","671","0.671","1"
"995543590","self-matching","177","Matching","friend","Friend","Close","877","0.877","1"
"995543590","self-matching","179","Matching","friend","Friend","Close","592","0.592","1"
"995543590","self-matching","181","Matching","friend","Friend","Close","615","0.615","1"
"995543590","self-matching","183","Nonmatching","friend","Friend","Close","852","0.852","1"
"995543590","self-matching","185","Nonmatching","self","Self","Self","714","0.714","1"
"995543590","self-matching","187","Nonmatching","self","Self","Self","548","0.548","1"
"995543590","self-matching","189","Nonmatching","friend","Friend","Close","700","0.7","1"
"995543590","self-matching","191","Matching","self","Self","Self","641","0.641","1"
"995543590","self-matching","193","Matching","friend","Friend","Close","748","0.748","0"
"995543590","self-matching","195","Matching","friend","Friend","Close","721","0.721","1"
"995543590","self-matching","197","Nonmatching","self","Self","Self","602","0.602","1"
"995543590","self-matching","199","Nonmatching","self","Self","Self","1055","1.055","1"
"995543590","self-matching","201","Nonmatching","self","Self","Self","388","0.388","1"
"995543590","self-matching","203","Matching","self","Self","Self","474","0.474","1"
"995543590","self-matching","205","Nonmatching","self","Self","Self","407","0.407","1"
"995543590","self-matching","207","Nonmatching","friend","Friend","Close","558","0.558","1"
"995543590","self-matching","209","Nonmatching","friend","Friend","Close","832","0.832","1"
"995543590","self-matching","211","Nonmatching","self","Self","Self","881","0.881","1"
"995543590","self-matching","213","Nonmatching","self","Self","Self","864","0.864","1"
"995543590","self-matching","215","Matching","self","Self","Self","376","0.376","1"
"995543590","self-matching","217","Nonmatching","friend","Friend","Close","456","0.456","1"
"995543590","self-matching","219","Nonmatching","self","Self","Self","834","0.834","1"
"995543590","self-matching","221","Nonmatching","friend","Friend","Close","634","0.634","1"
"995543590","self-matching","223","Matching","friend","Friend","Close","805","0.805","0"
"995543590","self-matching","225","Matching","friend","Friend","Close","524","0.524","1"
"995543590","self-matching","227","Matching","friend","Friend","Close","645","0.645","1"
"995543590","self-matching","229","Matching","self","Self","Self","655","0.655","1"
"995543590","self-matching","231","Matching","self","Self","Self","408","0.408","1"
"995543590","self-matching","233","Matching","friend","Friend","Close","376","0.376","0"
"995543590","self-matching","235","Nonmatching","friend","Friend","Close","662","0.662","1"
"995543590","self-matching","237","Nonmatching","friend","Friend","Close","674","0.674","1"
"995543590","self-matching","239","Matching","friend","Friend","Close","809","0.809","1"
"995543592","self-matching","1","Matching","friend","Friend","Close","255","0.255","1"
"995543592","self-matching","5","Matching","friend","Friend","Close","565","0.565","1"
"995543592","self-matching","7","Matching","friend","Friend","Close","563","0.563","1"
"995543592","self-matching","9","Matching","self","Self","Self","276","0.276","1"
"995543592","self-matching","11","Matching","friend","Friend","Close","425","0.425","1"
"995543592","self-matching","13","Matching","self","Self","Self","275","0.275","1"
"995543592","self-matching","15","Nonmatching","self","Self","Self","352","0.352","0"
"995543592","self-matching","17","Matching","self","Self","Self","338","0.338","1"
"995543592","self-matching","19","Nonmatching","self","Self","Self","779","0.779","1"
"995543592","self-matching","21","Nonmatching","friend","Friend","Close","521","0.521","0"
"995543592","self-matching","23","Nonmatching","friend","Friend","Close","400","0.4","0"
"995543592","self-matching","25","Nonmatching","self","Self","Self","513","0.513","0"
"995543592","self-matching","27","Matching","self","Self","Self","738","0.738","1"
"995543592","self-matching","29","Matching","friend","Friend","Close","335","0.335","1"
"995543592","self-matching","31","Matching","self","Self","Self","319","0.319","1"
"995543592","self-matching","33","Nonmatching","friend","Friend","Close","680","0.68","1"
"995543592","self-matching","35","Nonmatching","self","Self","Self","872","0.872","1"
"995543592","self-matching","37","Nonmatching","self","Self","Self","727","0.727","1"
"995543592","self-matching","39","Matching","self","Self","Self","540","0.54","1"
"995543592","self-matching","41","Nonmatching","friend","Friend","Close","712","0.712","0"
"995543592","self-matching","45","Matching","friend","Friend","Close","805","0.805","1"
"995543592","self-matching","47","Nonmatching","friend","Friend","Close","1072","1.072","1"
"995543592","self-matching","49","Nonmatching","friend","Friend","Close","719","0.719","1"
"995543592","self-matching","51","Matching","friend","Friend","Close","755","0.755","1"
"995543592","self-matching","53","Nonmatching","friend","Friend","Close","689","0.689","1"
"995543592","self-matching","55","Matching","friend","Friend","Close","929","0.929","1"
"995543592","self-matching","57","Matching","self","Self","Self","799","0.799","1"
"995543592","self-matching","59","Nonmatching","self","Self","Self","751","0.751","1"
"995543592","self-matching","61","Matching","self","Self","Self","696","0.696","1"
"995543592","self-matching","63","Matching","friend","Friend","Close","653","0.653","1"
"995543592","self-matching","65","Matching","friend","Friend","Close","697","0.697","1"
"995543592","self-matching","67","Matching","friend","Friend","Close","396","0.396","1"
"995543592","self-matching","69","Matching","friend","Friend","Close","591","0.591","1"
"995543592","self-matching","71","Matching","friend","Friend","Close","714","0.714","1"
"995543592","self-matching","73","Matching","self","Self","Self","1166","1.166","1"
"995543592","self-matching","75","Matching","friend","Friend","Close","766","0.766","1"
"995543592","self-matching","77","Nonmatching","friend","Friend","Close","989","0.989","0"
"995543592","self-matching","79","Matching","self","Self","Self","571","0.571","1"
"995543592","self-matching","81","Matching","friend","Friend","Close","575","0.575","1"
"995543592","self-matching","83","Matching","friend","Friend","Close","624","0.624","1"
"995543592","self-matching","85","Nonmatching","self","Self","Self","1015","1.015","1"
"995543592","self-matching","87","Nonmatching","self","Self","Self","930","0.93","1"
"995543592","self-matching","89","Matching","self","Self","Self","638","0.638","1"
"995543592","self-matching","91","Nonmatching","friend","Friend","Close","991","0.991","1"
"995543592","self-matching","93","Matching","self","Self","Self","990","0.99","1"
"995543592","self-matching","95","Nonmatching","self","Self","Self","776","0.776","1"
"995543592","self-matching","97","Nonmatching","self","Self","Self","536","0.536","1"
"995543592","self-matching","101","Nonmatching","friend","Friend","Close","468","0.468","0"
"995543592","self-matching","103","Matching","friend","Friend","Close","981","0.981","1"
"995543592","self-matching","105","Nonmatching","self","Self","Self","492","0.492","1"
"995543592","self-matching","107","Matching","friend","Friend","Close","616","0.616","0"
"995543592","self-matching","109","Matching","self","Self","Self","909","0.909","1"
"995543592","self-matching","111","Nonmatching","self","Self","Self","898","0.898","1"
"995543592","self-matching","113","Nonmatching","self","Self","Self","467","0.467","1"
"995543592","self-matching","115","Nonmatching","friend","Friend","Close","308","0.308","0"
"995543592","self-matching","119","Nonmatching","friend","Friend","Close","1028","1.028","0"
"995543592","self-matching","121","Matching","friend","Friend","Close","563","0.563","1"
"995543592","self-matching","123","Matching","self","Self","Self","1004","1.004","1"
"995543592","self-matching","125","Matching","friend","Friend","Close","837","0.837","1"
"995543592","self-matching","127","Matching","self","Self","Self","978","0.978","1"
"995543592","self-matching","129","Matching","self","Self","Self","599","0.599","1"
"995543592","self-matching","131","Nonmatching","self","Self","Self","753","0.753","1"
"995543592","self-matching","133","Matching","self","Self","Self","842","0.842","1"
"995543592","self-matching","135","Nonmatching","friend","Friend","Close","708","0.708","1"
"995543592","self-matching","137","Matching","self","Self","Self","561","0.561","1"
"995543592","self-matching","139","Nonmatching","self","Self","Self","860","0.86","1"
"995543592","self-matching","141","Matching","friend","Friend","Close","687","0.687","1"
"995543592","self-matching","143","Matching","friend","Friend","Close","475","0.475","1"
"995543592","self-matching","145","Nonmatching","friend","Friend","Close","888","0.888","1"
"995543592","self-matching","147","Nonmatching","friend","Friend","Close","475","0.475","0"
"995543592","self-matching","151","Matching","self","Self","Self","628","0.628","1"
"995543592","self-matching","153","Matching","self","Self","Self","938","0.938","1"
"995543592","self-matching","155","Matching","self","Self","Self","694","0.694","1"
"995543592","self-matching","157","Matching","self","Self","Self","693","0.693","1"
"995543592","self-matching","161","Matching","friend","Friend","Close","910","0.91","1"
"995543592","self-matching","163","Nonmatching","friend","Friend","Close","644","0.644","1"
"995543592","self-matching","165","Nonmatching","self","Self","Self","965","0.965","0"
"995543592","self-matching","167","Nonmatching","friend","Friend","Close","519","0.519","0"
"995543592","self-matching","171","Nonmatching","self","Self","Self","1113","1.113","1"
"995543592","self-matching","173","Nonmatching","self","Self","Self","753","0.753","1"
"995543592","self-matching","175","Nonmatching","friend","Friend","Close","1129","1.129","1"
"995543592","self-matching","177","Nonmatching","friend","Friend","Close","812","0.812","1"
"995543592","self-matching","179","Nonmatching","self","Self","Self","722","0.722","1"
"995543592","self-matching","181","Nonmatching","friend","Friend","Close","773","0.773","1"
"995543592","self-matching","183","Nonmatching","self","Self","Self","890","0.89","1"
"995543592","self-matching","185","Matching","friend","Friend","Close","724","0.724","1"
"995543592","self-matching","187","Matching","self","Self","Self","755","0.755","1"
"995543592","self-matching","189","Nonmatching","self","Self","Self","1065","1.065","0"
"995543592","self-matching","191","Matching","self","Self","Self","657","0.657","1"
"995543592","self-matching","193","Matching","friend","Friend","Close","376","0.376","1"
"995543592","self-matching","197","Matching","friend","Friend","Close","853","0.853","1"
"995543592","self-matching","199","Nonmatching","self","Self","Self","926","0.926","1"
"995543592","self-matching","201","Nonmatching","self","Self","Self","813","0.813","1"
"995543592","self-matching","203","Nonmatching","friend","Friend","Close","1147","1.147","1"
"995543592","self-matching","205","Nonmatching","self","Self","Self","1003","1.003","1"
"995543592","self-matching","207","Matching","friend","Friend","Close","658","0.658","0"
"995543592","self-matching","209","Matching","self","Self","Self","890","0.89","1"
"995543592","self-matching","211","Matching","self","Self","Self","996","0.996","1"
"995543592","self-matching","213","Nonmatching","friend","Friend","Close","954","0.954","1"
"995543592","self-matching","215","Matching","friend","Friend","Close","579","0.579","1"
"995543592","self-matching","217","Nonmatching","friend","Friend","Close","596","0.596","1"
"995543592","self-matching","219","Nonmatching","friend","Friend","Close","764","0.764","1"
"995543592","self-matching","221","Nonmatching","self","Self","Self","855","0.855","1"
"995543592","self-matching","223","Matching","self","Self","Self","888","0.888","1"
"995543592","self-matching","225","Matching","self","Self","Self","1031","1.031","1"
"995543592","self-matching","229","Nonmatching","self","Self","Self","972","0.972","1"
"995543592","self-matching","231","Nonmatching","friend","Friend","Close","948","0.948","0"
"995543592","self-matching","235","Matching","self","Self","Self","870","0.87","1"
"995543592","self-matching","237","Nonmatching","friend","Friend","Close","877","0.877","0"
"995543592","self-matching","239","Nonmatching","friend","Friend","Close","784","0.784","1"
"995543595","self-matching","3","Matching","self","Self","Self","474","0.474","1"
"995543595","self-matching","5","Matching","friend","Friend","Close","338","0.338","0"
"995543595","self-matching","7","Matching","self","Self","Self","465","0.465","1"
"995543595","self-matching","9","Matching","self","Self","Self","433","0.433","1"
"995543595","self-matching","11","Nonmatching","friend","Friend","Close","938","0.938","1"
"995543595","self-matching","13","Nonmatching","self","Self","Self","887","0.887","1"
"995543595","self-matching","15","Matching","friend","Friend","Close","777","0.777","1"
"995543595","self-matching","17","Nonmatching","friend","Friend","Close","567","0.567","1"
"995543595","self-matching","19","Matching","friend","Friend","Close","644","0.644","1"
"995543595","self-matching","21","Matching","friend","Friend","Close","508","0.508","1"
"995543595","self-matching","23","Matching","self","Self","Self","405","0.405","1"
"995543595","self-matching","25","Matching","friend","Friend","Close","775","0.775","0"
"995543595","self-matching","27","Nonmatching","self","Self","Self","704","0.704","1"
"995543595","self-matching","29","Nonmatching","self","Self","Self","608","0.608","0"
"995543595","self-matching","31","Nonmatching","friend","Friend","Close","1038","1.038","1"
"995543595","self-matching","33","Nonmatching","friend","Friend","Close","698","0.698","1"
"995543595","self-matching","35","Matching","self","Self","Self","496","0.496","1"
"995543595","self-matching","37","Matching","self","Self","Self","496","0.496","1"
"995543595","self-matching","39","Matching","self","Self","Self","332","0.332","1"
"995543595","self-matching","41","Nonmatching","self","Self","Self","763","0.763","1"
"995543595","self-matching","43","Matching","friend","Friend","Close","444","0.444","1"
"995543595","self-matching","45","Matching","friend","Friend","Close","608","0.608","1"
"995543595","self-matching","47","Matching","friend","Friend","Close","563","0.563","1"
"995543595","self-matching","49","Matching","friend","Friend","Close","456","0.456","1"
"995543595","self-matching","51","Nonmatching","self","Self","Self","303","0.303","0"
"995543595","self-matching","53","Matching","friend","Friend","Close","428","0.428","1"
"995543595","self-matching","55","Matching","friend","Friend","Close","414","0.414","1"
"995543595","self-matching","57","Nonmatching","self","Self","Self","425","0.425","1"
"995543595","self-matching","59","Nonmatching","friend","Friend","Close","900","0.9","1"
"995543595","self-matching","61","Matching","self","Self","Self","378","0.378","1"
"995543595","self-matching","63","Matching","self","Self","Self","290","0.29","1"
"995543595","self-matching","65","Matching","friend","Friend","Close","480","0.48","0"
"995543595","self-matching","67","Matching","self","Self","Self","418","0.418","1"
"995543595","self-matching","69","Matching","friend","Friend","Close","575","0.575","1"
"995543595","self-matching","71","Matching","self","Self","Self","482","0.482","1"
"995543595","self-matching","73","Nonmatching","friend","Friend","Close","505","0.505","1"
"995543595","self-matching","75","Matching","self","Self","Self","444","0.444","1"
"995543595","self-matching","77","Matching","self","Self","Self","467","0.467","1"
"995543595","self-matching","79","Matching","self","Self","Self","376","0.376","1"
"995543595","self-matching","81","Matching","self","Self","Self","337","0.337","1"
"995543595","self-matching","83","Nonmatching","friend","Friend","Close","408","0.408","1"
"995543595","self-matching","85","Nonmatching","friend","Friend","Close","542","0.542","1"
"995543595","self-matching","87","Matching","friend","Friend","Close","569","0.569","1"
"995543595","self-matching","89","Nonmatching","self","Self","Self","868","0.868","1"
"995543595","self-matching","91","Matching","self","Self","Self","340","0.34","1"
"995543595","self-matching","93","Nonmatching","self","Self","Self","813","0.813","0"
"995543595","self-matching","95","Matching","self","Self","Self","312","0.312","1"
"995543595","self-matching","97","Matching","friend","Friend","Close","466","0.466","1"
"995543595","self-matching","99","Nonmatching","self","Self","Self","506","0.506","1"
"995543595","self-matching","101","Matching","friend","Friend","Close","642","0.642","1"
"995543595","self-matching","103","Matching","friend","Friend","Close","528","0.528","1"
"995543595","self-matching","105","Matching","self","Self","Self","461","0.461","1"
"995543595","self-matching","107","Nonmatching","self","Self","Self","629","0.629","1"
"995543595","self-matching","109","Nonmatching","self","Self","Self","572","0.572","0"
"995543595","self-matching","111","Nonmatching","friend","Friend","Close","843","0.843","1"
"995543595","self-matching","113","Nonmatching","self","Self","Self","482","0.482","1"
"995543595","self-matching","115","Matching","friend","Friend","Close","676","0.676","1"
"995543595","self-matching","117","Nonmatching","self","Self","Self","765","0.765","1"
"995543595","self-matching","119","Nonmatching","friend","Friend","Close","707","0.707","1"
"995543595","self-matching","121","Nonmatching","friend","Friend","Close","787","0.787","1"
"995543595","self-matching","123","Matching","self","Self","Self","389","0.389","1"
"995543595","self-matching","125","Matching","self","Self","Self","382","0.382","1"
"995543595","self-matching","127","Nonmatching","self","Self","Self","508","0.508","1"
"995543595","self-matching","129","Matching","friend","Friend","Close","462","0.462","1"
"995543595","self-matching","131","Nonmatching","self","Self","Self","724","0.724","1"
"995543595","self-matching","133","Nonmatching","self","Self","Self","491","0.491","1"
"995543595","self-matching","135","Nonmatching","friend","Friend","Close","676","0.676","1"
"995543595","self-matching","137","Nonmatching","friend","Friend","Close","673","0.673","1"
"995543595","self-matching","139","Nonmatching","friend","Friend","Close","401","0.401","1"
"995543595","self-matching","141","Matching","friend","Friend","Close","507","0.507","0"
"995543595","self-matching","143","Matching","friend","Friend","Close","380","0.38","0"
"995543595","self-matching","145","Matching","self","Self","Self","503","0.503","1"
"995543595","self-matching","147","Nonmatching","friend","Friend","Close","595","0.595","1"
"995543595","self-matching","149","Matching","self","Self","Self","737","0.737","1"
"995543595","self-matching","151","Nonmatching","self","Self","Self","575","0.575","1"
"995543595","self-matching","153","Nonmatching","friend","Friend","Close","1035","1.035","1"
"995543595","self-matching","155","Matching","self","Self","Self","550","0.55","1"
"995543595","self-matching","157","Matching","friend","Friend","Close","985","0.985","1"
"995543595","self-matching","159","Nonmatching","friend","Friend","Close","510","0.51","1"
"995543595","self-matching","161","Nonmatching","self","Self","Self","914","0.914","0"
"995543595","self-matching","163","Matching","friend","Friend","Close","767","0.767","1"
"995543595","self-matching","165","Nonmatching","friend","Friend","Close","543","0.543","1"
"995543595","self-matching","167","Matching","self","Self","Self","588","0.588","1"
"995543595","self-matching","169","Matching","friend","Friend","Close","652","0.652","1"
"995543595","self-matching","171","Nonmatching","self","Self","Self","631","0.631","1"
"995543595","self-matching","173","Nonmatching","friend","Friend","Close","703","0.703","1"
"995543595","self-matching","175","Matching","self","Self","Self","485","0.485","1"
"995543595","self-matching","177","Matching","self","Self","Self","465","0.465","1"
"995543595","self-matching","179","Nonmatching","self","Self","Self","815","0.815","1"
"995543595","self-matching","181","Nonmatching","friend","Friend","Close","758","0.758","1"
"995543595","self-matching","183","Nonmatching","self","Self","Self","1133","1.133","1"
"995543595","self-matching","185","Nonmatching","friend","Friend","Close","543","0.543","1"
"995543595","self-matching","187","Nonmatching","self","Self","Self","579","0.579","1"
"995543595","self-matching","189","Nonmatching","self","Self","Self","425","0.425","1"
"995543595","self-matching","191","Matching","self","Self","Self","378","0.378","1"
"995543595","self-matching","193","Nonmatching","self","Self","Self","460","0.46","1"
"995543595","self-matching","195","Nonmatching","friend","Friend","Close","660","0.66","1"
"995543595","self-matching","197","Nonmatching","friend","Friend","Close","705","0.705","1"
"995543595","self-matching","199","Nonmatching","friend","Friend","Close","405","0.405","1"
"995543595","self-matching","201","Nonmatching","friend","Friend","Close","384","0.384","1"
"995543595","self-matching","203","Matching","friend","Friend","Close","548","0.548","1"
"995543595","self-matching","205","Matching","self","Self","Self","542","0.542","1"
"995543595","self-matching","207","Matching","self","Self","Self","352","0.352","1"
"995543595","self-matching","209","Nonmatching","self","Self","Self","460","0.46","1"
"995543595","self-matching","211","Nonmatching","friend","Friend","Close","550","0.55","1"
"995543595","self-matching","213","Nonmatching","self","Self","Self","795","0.795","1"
"995543595","self-matching","215","Nonmatching","friend","Friend","Close","580","0.58","1"
"995543595","self-matching","217","Matching","friend","Friend","Close","639","0.639","1"
"995543595","self-matching","219","Matching","friend","Friend","Close","674","0.674","0"
"995543595","self-matching","221","Nonmatching","self","Self","Self","741","0.741","1"
"995543595","self-matching","223","Nonmatching","self","Self","Self","562","0.562","1"
"995543595","self-matching","225","Nonmatching","self","Self","Self","252","0.252","1"
"995543595","self-matching","227","Matching","friend","Friend","Close","389","0.389","1"
"995543595","self-matching","229","Nonmatching","self","Self","Self","469","0.469","1"
"995543595","self-matching","231","Matching","friend","Friend","Close","431","0.431","0"
"995543595","self-matching","235","Nonmatching","friend","Friend","Close","475","0.475","1"
"995543595","self-matching","237","Matching","self","Self","Self","264","0.264","0"
"995543595","self-matching","239","Nonmatching","friend","Friend","Close","546","0.546","1"
"995543596","self-matching","1","Nonmatching","friend","Friend","Close","1108","1.108","1"
"995543596","self-matching","3","Matching","self","Self","Self","610","0.61","1"
"995543596","self-matching","5","Matching","friend","Friend","Close","708","0.708","0"
"995543596","self-matching","7","Matching","friend","Friend","Close","890","0.89","1"
"995543596","self-matching","9","Matching","self","Self","Self","504","0.504","1"
"995543596","self-matching","11","Nonmatching","friend","Friend","Close","439","0.439","1"
"995543596","self-matching","13","Matching","self","Self","Self","671","0.671","1"
"995543596","self-matching","15","Nonmatching","self","Self","Self","558","0.558","1"
"995543596","self-matching","17","Nonmatching","self","Self","Self","650","0.65","1"
"995543596","self-matching","19","Matching","self","Self","Self","466","0.466","1"
"995543596","self-matching","21","Matching","self","Self","Self","489","0.489","1"
"995543596","self-matching","23","Matching","self","Self","Self","456","0.456","1"
"995543596","self-matching","25","Matching","friend","Friend","Close","600","0.6","1"
"995543596","self-matching","27","Matching","self","Self","Self","457","0.457","1"
"995543596","self-matching","29","Nonmatching","friend","Friend","Close","601","0.601","1"
"995543596","self-matching","31","Nonmatching","friend","Friend","Close","675","0.675","1"
"995543596","self-matching","33","Matching","self","Self","Self","570","0.57","1"
"995543596","self-matching","35","Matching","self","Self","Self","430","0.43","1"
"995543596","self-matching","37","Nonmatching","friend","Friend","Close","743","0.743","1"
"995543596","self-matching","39","Nonmatching","friend","Friend","Close","564","0.564","1"
"995543596","self-matching","41","Matching","friend","Friend","Close","464","0.464","1"
"995543596","self-matching","43","Matching","friend","Friend","Close","528","0.528","0"
"995543596","self-matching","45","Nonmatching","friend","Friend","Close","645","0.645","1"
"995543596","self-matching","47","Matching","self","Self","Self","606","0.606","1"
"995543596","self-matching","49","Nonmatching","self","Self","Self","544","0.544","1"
"995543596","self-matching","51","Matching","friend","Friend","Close","652","0.652","1"
"995543596","self-matching","53","Nonmatching","self","Self","Self","516","0.516","1"
"995543596","self-matching","55","Nonmatching","self","Self","Self","473","0.473","1"
"995543596","self-matching","57","Nonmatching","self","Self","Self","544","0.544","1"
"995543596","self-matching","59","Nonmatching","self","Self","Self","429","0.429","1"
"995543596","self-matching","61","Matching","self","Self","Self","487","0.487","1"
"995543596","self-matching","63","Nonmatching","friend","Friend","Close","501","0.501","1"
"995543596","self-matching","65","Nonmatching","self","Self","Self","499","0.499","0"
"995543596","self-matching","67","Nonmatching","friend","Friend","Close","529","0.529","0"
"995543596","self-matching","69","Nonmatching","self","Self","Self","582","0.582","1"
"995543596","self-matching","71","Matching","self","Self","Self","752","0.752","1"
"995543596","self-matching","73","Nonmatching","self","Self","Self","485","0.485","1"
"995543596","self-matching","75","Nonmatching","self","Self","Self","603","0.603","1"
"995543596","self-matching","77","Matching","friend","Friend","Close","597","0.597","0"
"995543596","self-matching","79","Matching","friend","Friend","Close","607","0.607","1"
"995543596","self-matching","81","Matching","self","Self","Self","569","0.569","1"
"995543596","self-matching","83","Nonmatching","self","Self","Self","507","0.507","1"
"995543596","self-matching","85","Nonmatching","self","Self","Self","425","0.425","0"
"995543596","self-matching","87","Matching","friend","Friend","Close","650","0.65","1"
"995543596","self-matching","89","Nonmatching","self","Self","Self","498","0.498","1"
"995543596","self-matching","91","Nonmatching","friend","Friend","Close","689","0.689","1"
"995543596","self-matching","93","Matching","friend","Friend","Close","616","0.616","1"
"995543596","self-matching","95","Nonmatching","self","Self","Self","465","0.465","1"
"995543596","self-matching","97","Matching","friend","Friend","Close","513","0.513","1"
"995543596","self-matching","99","Nonmatching","self","Self","Self","479","0.479","1"
"995543596","self-matching","101","Matching","friend","Friend","Close","894","0.894","1"
"995543596","self-matching","103","Nonmatching","friend","Friend","Close","492","0.492","1"
"995543596","self-matching","105","Nonmatching","self","Self","Self","891","0.891","1"
"995543596","self-matching","107","Matching","self","Self","Self","513","0.513","1"
"995543596","self-matching","109","Matching","self","Self","Self","559","0.559","1"
"995543596","self-matching","111","Nonmatching","friend","Friend","Close","531","0.531","0"
"995543596","self-matching","113","Matching","self","Self","Self","400","0.4","1"
"995543596","self-matching","115","Matching","self","Self","Self","401","0.401","1"
"995543596","self-matching","117","Nonmatching","friend","Friend","Close","619","0.619","1"
"995543596","self-matching","119","Matching","self","Self","Self","604","0.604","1"
"995543596","self-matching","121","Nonmatching","self","Self","Self","582","0.582","1"
"995543596","self-matching","123","Nonmatching","friend","Friend","Close","497","0.497","0"
"995543596","self-matching","125","Nonmatching","self","Self","Self","776","0.776","1"
"995543596","self-matching","127","Matching","self","Self","Self","411","0.411","1"
"995543596","self-matching","129","Matching","friend","Friend","Close","908","0.908","1"
"995543596","self-matching","131","Matching","friend","Friend","Close","410","0.41","1"
"995543596","self-matching","133","Nonmatching","friend","Friend","Close","548","0.548","1"
"995543596","self-matching","135","Matching","self","Self","Self","506","0.506","1"
"995543596","self-matching","137","Matching","friend","Friend","Close","447","0.447","1"
"995543596","self-matching","139","Nonmatching","self","Self","Self","560","0.56","1"
"995543596","self-matching","141","Matching","self","Self","Self","491","0.491","1"
"995543596","self-matching","143","Matching","self","Self","Self","449","0.449","1"
"995543596","self-matching","145","Matching","friend","Friend","Close","553","0.553","1"
"995543596","self-matching","147","Matching","friend","Friend","Close","557","0.557","1"
"995543596","self-matching","149","Matching","friend","Friend","Close","737","0.737","1"
"995543596","self-matching","151","Nonmatching","friend","Friend","Close","502","0.502","1"
"995543596","self-matching","153","Nonmatching","friend","Friend","Close","420","0.42","1"
"995543596","self-matching","155","Nonmatching","friend","Friend","Close","493","0.493","1"
"995543596","self-matching","157","Matching","friend","Friend","Close","644","0.644","1"
"995543596","self-matching","159","Nonmatching","friend","Friend","Close","612","0.612","1"
"995543596","self-matching","161","Matching","self","Self","Self","389","0.389","1"
"995543596","self-matching","163","Matching","friend","Friend","Close","441","0.441","1"
"995543596","self-matching","165","Nonmatching","friend","Friend","Close","577","0.577","1"
"995543596","self-matching","167","Nonmatching","self","Self","Self","508","0.508","0"
"995543596","self-matching","169","Matching","friend","Friend","Close","466","0.466","1"
"995543596","self-matching","171","Nonmatching","self","Self","Self","832","0.832","1"
"995543596","self-matching","173","Matching","self","Self","Self","530","0.53","1"
"995543596","self-matching","175","Nonmatching","friend","Friend","Close","631","0.631","1"
"995543596","self-matching","177","Nonmatching","friend","Friend","Close","593","0.593","1"
"995543596","self-matching","179","Nonmatching","self","Self","Self","498","0.498","1"
"995543596","self-matching","181","Matching","friend","Friend","Close","569","0.569","1"
"995543596","self-matching","183","Matching","friend","Friend","Close","732","0.732","1"
"995543596","self-matching","185","Matching","friend","Friend","Close","537","0.537","1"
"995543596","self-matching","187","Matching","friend","Friend","Close","350","0.35","1"
"995543596","self-matching","189","Nonmatching","friend","Friend","Close","241","0.241","0"
"995543596","self-matching","191","Matching","friend","Friend","Close","378","0.378","0"
"995543596","self-matching","193","Nonmatching","self","Self","Self","597","0.597","1"
"995543596","self-matching","195","Matching","self","Self","Self","343","0.343","1"
"995543596","self-matching","197","Matching","self","Self","Self","404","0.404","1"
"995543596","self-matching","199","Nonmatching","self","Self","Self","453","0.453","1"
"995543596","self-matching","201","Matching","self","Self","Self","469","0.469","1"
"995543596","self-matching","203","Nonmatching","friend","Friend","Close","517","0.517","1"
"995543596","self-matching","205","Nonmatching","self","Self","Self","530","0.53","1"
"995543596","self-matching","207","Matching","self","Self","Self","374","0.374","1"
"995543596","self-matching","209","Matching","friend","Friend","Close","585","0.585","1"
"995543596","self-matching","211","Nonmatching","friend","Friend","Close","460","0.46","1"
"995543596","self-matching","213","Nonmatching","friend","Friend","Close","596","0.596","1"
"995543596","self-matching","215","Nonmatching","self","Self","Self","741","0.741","1"
"995543596","self-matching","217","Nonmatching","self","Self","Self","507","0.507","1"
"995543596","self-matching","219","Matching","friend","Friend","Close","449","0.449","0"
"995543596","self-matching","221","Matching","self","Self","Self","409","0.409","1"
"995543596","self-matching","223","Matching","self","Self","Self","555","0.555","1"
"995543596","self-matching","225","Matching","friend","Friend","Close","783","0.783","1"
"995543596","self-matching","227","Nonmatching","friend","Friend","Close","521","0.521","1"
"995543596","self-matching","229","Nonmatching","self","Self","Self","558","0.558","1"
"995543596","self-matching","231","Nonmatching","friend","Friend","Close","563","0.563","1"
"995543596","self-matching","233","Nonmatching","friend","Friend","Close","414","0.414","1"
"995543596","self-matching","235","Nonmatching","self","Self","Self","560","0.56","1"
"995543596","self-matching","237","Matching","friend","Friend","Close","643","0.643","1"
"995543596","self-matching","239","Nonmatching","friend","Friend","Close","525","0.525","1"
"995543597","self-matching","7","Nonmatching","self","Self","Self","869","0.869","1"
"995543597","self-matching","13","Nonmatching","self","Self","Self","1198","1.198","1"
"995543597","self-matching","15","Matching","friend","Friend","Close","1191","1.191","1"
"995543597","self-matching","19","Matching","self","Self","Self","1055","1.055","1"
"995543597","self-matching","21","Matching","self","Self","Self","535","0.535","1"
"995543597","self-matching","23","Matching","friend","Friend","Close","873","0.873","1"
"995543597","self-matching","25","Nonmatching","self","Self","Self","684","0.684","1"
"995543597","self-matching","27","Nonmatching","friend","Friend","Close","1191","1.191","1"
"995543597","self-matching","29","Matching","self","Self","Self","585","0.585","1"
"995543597","self-matching","31","Matching","self","Self","Self","455","0.455","1"
"995543597","self-matching","33","Nonmatching","self","Self","Self","715","0.715","1"
"995543597","self-matching","35","Matching","self","Self","Self","795","0.795","1"
"995543597","self-matching","37","Matching","self","Self","Self","364","0.364","1"
"995543597","self-matching","39","Matching","friend","Friend","Close","844","0.844","0"
"995543597","self-matching","41","Nonmatching","self","Self","Self","809","0.809","1"
"995543597","self-matching","43","Nonmatching","friend","Friend","Close","649","0.649","0"
"995543597","self-matching","45","Nonmatching","friend","Friend","Close","717","0.717","1"
"995543597","self-matching","47","Matching","friend","Friend","Close","972","0.972","1"
"995543597","self-matching","49","Nonmatching","self","Self","Self","725","0.725","1"
"995543597","self-matching","51","Matching","friend","Friend","Close","601","0.601","0"
"995543597","self-matching","53","Nonmatching","friend","Friend","Close","776","0.776","1"
"995543597","self-matching","55","Nonmatching","self","Self","Self","590","0.59","1"
"995543597","self-matching","57","Nonmatching","self","Self","Self","774","0.774","1"
"995543597","self-matching","59","Matching","self","Self","Self","752","0.752","1"
"995543597","self-matching","61","Nonmatching","self","Self","Self","735","0.735","1"
"995543597","self-matching","63","Nonmatching","self","Self","Self","664","0.664","1"
"995543597","self-matching","65","Matching","friend","Friend","Close","938","0.938","1"
"995543597","self-matching","67","Matching","self","Self","Self","621","0.621","1"
"995543597","self-matching","69","Matching","friend","Friend","Close","876","0.876","0"
"995543597","self-matching","71","Matching","friend","Friend","Close","730","0.73","1"
"995543597","self-matching","73","Nonmatching","friend","Friend","Close","939","0.939","1"
"995543597","self-matching","75","Nonmatching","self","Self","Self","852","0.852","1"
"995543597","self-matching","77","Nonmatching","friend","Friend","Close","532","0.532","1"
"995543597","self-matching","79","Nonmatching","self","Self","Self","882","0.882","0"
"995543597","self-matching","81","Matching","friend","Friend","Close","744","0.744","1"
"995543597","self-matching","83","Nonmatching","self","Self","Self","748","0.748","0"
"995543597","self-matching","85","Matching","friend","Friend","Close","872","0.872","1"
"995543597","self-matching","87","Nonmatching","self","Self","Self","477","0.477","1"
"995543597","self-matching","89","Matching","friend","Friend","Close","1166","1.166","1"
"995543597","self-matching","91","Matching","friend","Friend","Close","465","0.465","1"
"995543597","self-matching","93","Nonmatching","friend","Friend","Close","641","0.641","1"
"995543597","self-matching","95","Nonmatching","self","Self","Self","991","0.991","1"
"995543597","self-matching","97","Matching","friend","Friend","Close","674","0.674","1"
"995543597","self-matching","99","Matching","self","Self","Self","726","0.726","1"
"995543597","self-matching","101","Matching","self","Self","Self","556","0.556","1"
"995543597","self-matching","103","Matching","self","Self","Self","483","0.483","1"
"995543597","self-matching","105","Nonmatching","friend","Friend","Close","859","0.859","1"
"995543597","self-matching","107","Matching","self","Self","Self","804","0.804","1"
"995543597","self-matching","109","Matching","friend","Friend","Close","659","0.659","1"
"995543597","self-matching","111","Matching","self","Self","Self","648","0.648","1"
"995543597","self-matching","113","Matching","friend","Friend","Close","619","0.619","1"
"995543597","self-matching","115","Nonmatching","self","Self","Self","773","0.773","1"
"995543597","self-matching","117","Nonmatching","friend","Friend","Close","1167","1.167","1"
"995543597","self-matching","119","Matching","friend","Friend","Close","720","0.72","1"
"995543597","self-matching","121","Nonmatching","friend","Friend","Close","886","0.886","1"
"995543597","self-matching","123","Nonmatching","friend","Friend","Close","497","0.497","1"
"995543597","self-matching","125","Matching","friend","Friend","Close","713","0.713","1"
"995543597","self-matching","127","Matching","self","Self","Self","669","0.669","1"
"995543597","self-matching","129","Matching","self","Self","Self","625","0.625","1"
"995543597","self-matching","133","Nonmatching","self","Self","Self","604","0.604","1"
"995543597","self-matching","135","Nonmatching","self","Self","Self","620","0.62","1"
"995543597","self-matching","137","Nonmatching","friend","Friend","Close","561","0.561","0"
"995543597","self-matching","139","Nonmatching","self","Self","Self","966","0.966","1"
"995543597","self-matching","141","Nonmatching","friend","Friend","Close","616","0.616","0"
"995543597","self-matching","143","Matching","friend","Friend","Close","686","0.686","1"
"995543597","self-matching","145","Matching","self","Self","Self","335","0.335","1"
"995543597","self-matching","147","Nonmatching","friend","Friend","Close","503","0.503","1"
"995543597","self-matching","149","Nonmatching","self","Self","Self","813","0.813","1"
"995543597","self-matching","151","Nonmatching","friend","Friend","Close","716","0.716","1"
"995543597","self-matching","153","Matching","self","Self","Self","458","0.458","1"
"995543597","self-matching","155","Nonmatching","friend","Friend","Close","997","0.997","1"
"995543597","self-matching","157","Matching","self","Self","Self","837","0.837","1"
"995543597","self-matching","159","Nonmatching","friend","Friend","Close","787","0.787","1"
"995543597","self-matching","161","Nonmatching","friend","Friend","Close","617","0.617","1"
"995543597","self-matching","163","Matching","friend","Friend","Close","884","0.884","1"
"995543597","self-matching","165","Nonmatching","self","Self","Self","741","0.741","1"
"995543597","self-matching","167","Matching","self","Self","Self","929","0.929","1"
"995543597","self-matching","169","Matching","self","Self","Self","650","0.65","1"
"995543597","self-matching","171","Nonmatching","self","Self","Self","565","0.565","1"
"995543597","self-matching","173","Matching","friend","Friend","Close","725","0.725","1"
"995543597","self-matching","175","Matching","self","Self","Self","869","0.869","1"
"995543597","self-matching","177","Nonmatching","friend","Friend","Close","913","0.913","1"
"995543597","self-matching","179","Matching","self","Self","Self","457","0.457","1"
"995543597","self-matching","181","Matching","self","Self","Self","584","0.584","1"
"995543597","self-matching","183","Nonmatching","self","Self","Self","628","0.628","1"
"995543597","self-matching","185","Nonmatching","friend","Friend","Close","893","0.893","1"
"995543597","self-matching","187","Nonmatching","friend","Friend","Close","976","0.976","1"
"995543597","self-matching","189","Matching","self","Self","Self","542","0.542","1"
"995543597","self-matching","191","Nonmatching","friend","Friend","Close","713","0.713","1"
"995543597","self-matching","193","Matching","friend","Friend","Close","767","0.767","1"
"995543597","self-matching","195","Nonmatching","self","Self","Self","728","0.728","1"
"995543597","self-matching","197","Matching","friend","Friend","Close","856","0.856","1"
"995543597","self-matching","199","Matching","friend","Friend","Close","624","0.624","1"
"995543597","self-matching","201","Matching","friend","Friend","Close","656","0.656","1"
"995543597","self-matching","203","Nonmatching","friend","Friend","Close","757","0.757","1"
"995543597","self-matching","205","Matching","self","Self","Self","891","0.891","1"
"995543597","self-matching","207","Matching","friend","Friend","Close","1021","1.021","1"
"995543597","self-matching","209","Nonmatching","self","Self","Self","697","0.697","1"
"995543597","self-matching","211","Matching","friend","Friend","Close","885","0.885","1"
"995543597","self-matching","213","Nonmatching","friend","Friend","Close","843","0.843","1"
"995543597","self-matching","215","Matching","friend","Friend","Close","1054","1.054","1"
"995543597","self-matching","217","Matching","self","Self","Self","846","0.846","1"
"995543597","self-matching","221","Nonmatching","friend","Friend","Close","885","0.885","1"
"995543597","self-matching","223","Nonmatching","friend","Friend","Close","523","0.523","1"
"995543597","self-matching","225","Nonmatching","friend","Friend","Close","430","0.43","1"
"995543597","self-matching","227","Nonmatching","self","Self","Self","840","0.84","1"
"995543597","self-matching","229","Nonmatching","self","Self","Self","646","0.646","1"
"995543597","self-matching","231","Nonmatching","friend","Friend","Close","531","0.531","1"
"995543597","self-matching","233","Matching","self","Self","Self","567","0.567","1"
"995543597","self-matching","235","Matching","self","Self","Self","720","0.72","1"
"995543597","self-matching","237","Nonmatching","self","Self","Self","615","0.615","1"
"995543597","self-matching","239","Matching","self","Self","Self","696","0.696","1"
"995543600","self-matching","1","Nonmatching","friend","Friend","Close","822","0.822","1"
"995543600","self-matching","3","Nonmatching","friend","Friend","Close","663","0.663","1"
"995543600","self-matching","5","Matching","self","Self","Self","673","0.673","1"
"995543600","self-matching","7","Matching","friend","Friend","Close","680","0.68","0"
"995543600","self-matching","9","Nonmatching","self","Self","Self","873","0.873","1"
"995543600","self-matching","11","Matching","friend","Friend","Close","396","0.396","1"
"995543600","self-matching","13","Nonmatching","self","Self","Self","645","0.645","0"
"995543600","self-matching","15","Matching","self","Self","Self","558","0.558","1"
"995543600","self-matching","17","Nonmatching","friend","Friend","Close","631","0.631","1"
"995543600","self-matching","19","Matching","friend","Friend","Close","625","0.625","1"
"995543600","self-matching","21","Matching","self","Self","Self","593","0.593","0"
"995543600","self-matching","23","Matching","friend","Friend","Close","865","0.865","1"
"995543600","self-matching","25","Matching","self","Self","Self","773","0.773","1"
"995543600","self-matching","27","Nonmatching","self","Self","Self","571","0.571","1"
"995543600","self-matching","29","Nonmatching","friend","Friend","Close","1025","1.025","1"
"995543600","self-matching","31","Nonmatching","friend","Friend","Close","701","0.701","1"
"995543600","self-matching","33","Matching","self","Self","Self","590","0.59","1"
"995543600","self-matching","35","Matching","friend","Friend","Close","789","0.789","1"
"995543600","self-matching","37","Nonmatching","self","Self","Self","886","0.886","1"
"995543600","self-matching","39","Matching","friend","Friend","Close","641","0.641","1"
"995543600","self-matching","41","Matching","friend","Friend","Close","561","0.561","1"
"995543600","self-matching","43","Matching","self","Self","Self","735","0.735","1"
"995543600","self-matching","45","Matching","self","Self","Self","584","0.584","1"
"995543600","self-matching","47","Matching","self","Self","Self","377","0.377","1"
"995543600","self-matching","49","Nonmatching","self","Self","Self","496","0.496","1"
"995543600","self-matching","51","Matching","friend","Friend","Close","635","0.635","1"
"995543600","self-matching","53","Matching","friend","Friend","Close","482","0.482","1"
"995543600","self-matching","55","Nonmatching","self","Self","Self","499","0.499","1"
"995543600","self-matching","57","Nonmatching","friend","Friend","Close","668","0.668","1"
"995543600","self-matching","59","Nonmatching","self","Self","Self","853","0.853","1"
"995543600","self-matching","61","Nonmatching","self","Self","Self","488","0.488","1"
"995543600","self-matching","63","Nonmatching","self","Self","Self","369","0.369","1"
"995543600","self-matching","65","Matching","friend","Friend","Close","626","0.626","1"
"995543600","self-matching","67","Nonmatching","self","Self","Self","578","0.578","1"
"995543600","self-matching","69","Matching","self","Self","Self","662","0.662","1"
"995543600","self-matching","71","Nonmatching","self","Self","Self","471","0.471","1"
"995543600","self-matching","73","Nonmatching","friend","Friend","Close","704","0.704","0"
"995543600","self-matching","75","Nonmatching","friend","Friend","Close","326","0.326","1"
"995543600","self-matching","77","Matching","self","Self","Self","593","0.593","1"
"995543600","self-matching","79","Matching","self","Self","Self","389","0.389","1"
"995543600","self-matching","81","Nonmatching","friend","Friend","Close","540","0.54","1"
"995543600","self-matching","83","Nonmatching","self","Self","Self","808","0.808","1"
"995543600","self-matching","85","Nonmatching","friend","Friend","Close","625","0.625","0"
"995543600","self-matching","87","Matching","self","Self","Self","613","0.613","1"
"995543600","self-matching","89","Nonmatching","self","Self","Self","585","0.585","1"
"995543600","self-matching","91","Nonmatching","friend","Friend","Close","807","0.807","1"
"995543600","self-matching","93","Matching","self","Self","Self","861","0.861","1"
"995543600","self-matching","95","Matching","friend","Friend","Close","730","0.73","1"
"995543600","self-matching","97","Nonmatching","self","Self","Self","768","0.768","1"
"995543600","self-matching","99","Matching","self","Self","Self","898","0.898","1"
"995543600","self-matching","101","Matching","friend","Friend","Close","840","0.84","1"
"995543600","self-matching","103","Matching","friend","Friend","Close","398","0.398","1"
"995543600","self-matching","105","Nonmatching","friend","Friend","Close","488","0.488","1"
"995543600","self-matching","107","Matching","self","Self","Self","695","0.695","1"
"995543600","self-matching","109","Nonmatching","friend","Friend","Close","580","0.58","1"
"995543600","self-matching","111","Nonmatching","friend","Friend","Close","393","0.393","1"
"995543600","self-matching","113","Nonmatching","self","Self","Self","619","0.619","1"
"995543600","self-matching","115","Matching","friend","Friend","Close","536","0.536","0"
"995543600","self-matching","117","Matching","self","Self","Self","740","0.74","1"
"995543600","self-matching","119","Matching","friend","Friend","Close","306","0.306","1"
"995543600","self-matching","121","Nonmatching","self","Self","Self","489","0.489","1"
"995543600","self-matching","123","Matching","self","Self","Self","645","0.645","1"
"995543600","self-matching","125","Nonmatching","self","Self","Self","617","0.617","1"
"995543600","self-matching","127","Matching","self","Self","Self","717","0.717","1"
"995543600","self-matching","129","Matching","friend","Friend","Close","599","0.599","1"
"995543600","self-matching","131","Nonmatching","self","Self","Self","712","0.712","0"
"995543600","self-matching","133","Matching","self","Self","Self","766","0.766","1"
"995543600","self-matching","135","Nonmatching","friend","Friend","Close","331","0.331","1"
"995543600","self-matching","137","Matching","self","Self","Self","767","0.767","1"
"995543600","self-matching","139","Matching","friend","Friend","Close","828","0.828","1"
"995543600","self-matching","141","Matching","self","Self","Self","616","0.616","1"
"995543600","self-matching","143","Nonmatching","friend","Friend","Close","611","0.611","1"
"995543600","self-matching","145","Nonmatching","self","Self","Self","1116","1.116","1"
"995543600","self-matching","147","Nonmatching","self","Self","Self","1198","1.198","1"
"995543600","self-matching","149","Matching","self","Self","Self","635","0.635","1"
"995543600","self-matching","151","Nonmatching","friend","Friend","Close","1020","1.02","0"
"995543600","self-matching","153","Nonmatching","self","Self","Self","785","0.785","1"
"995543600","self-matching","155","Nonmatching","friend","Friend","Close","826","0.826","1"
"995543600","self-matching","157","Matching","self","Self","Self","622","0.622","1"
"995543600","self-matching","159","Nonmatching","self","Self","Self","450","0.45","1"
"995543600","self-matching","161","Matching","friend","Friend","Close","667","0.667","1"
"995543600","self-matching","163","Matching","friend","Friend","Close","481","0.481","1"
"995543600","self-matching","165","Nonmatching","friend","Friend","Close","537","0.537","1"
"995543600","self-matching","167","Nonmatching","self","Self","Self","788","0.788","1"
"995543600","self-matching","169","Nonmatching","friend","Friend","Close","628","0.628","1"
"995543600","self-matching","171","Nonmatching","self","Self","Self","683","0.683","1"
"995543600","self-matching","173","Matching","friend","Friend","Close","626","0.626","1"
"995543600","self-matching","175","Matching","friend","Friend","Close","503","0.503","0"
"995543600","self-matching","177","Matching","friend","Friend","Close","563","0.563","1"
"995543600","self-matching","179","Matching","self","Self","Self","869","0.869","1"
"995543600","self-matching","181","Matching","friend","Friend","Close","467","0.467","0"
"995543600","self-matching","183","Nonmatching","friend","Friend","Close","416","0.416","0"
"995543600","self-matching","185","Nonmatching","self","Self","Self","892","0.892","1"
"995543600","self-matching","187","Matching","friend","Friend","Close","761","0.761","1"
"995543600","self-matching","189","Nonmatching","friend","Friend","Close","470","0.47","1"
"995543600","self-matching","191","Matching","self","Self","Self","775","0.775","1"
"995543600","self-matching","193","Matching","friend","Friend","Close","935","0.935","1"
"995543600","self-matching","195","Nonmatching","friend","Friend","Close","499","0.499","1"
"995543600","self-matching","197","Matching","self","Self","Self","646","0.646","1"
"995543600","self-matching","199","Matching","friend","Friend","Close","833","0.833","1"
"995543600","self-matching","201","Matching","friend","Friend","Close","471","0.471","1"
"995543600","self-matching","203","Nonmatching","friend","Friend","Close","561","0.561","1"
"995543600","self-matching","205","Nonmatching","self","Self","Self","1110","1.11","1"
"995543600","self-matching","207","Nonmatching","friend","Friend","Close","463","0.463","0"
"995543600","self-matching","209","Matching","self","Self","Self","668","0.668","1"
"995543600","self-matching","211","Nonmatching","friend","Friend","Close","1043","1.043","0"
"995543600","self-matching","215","Matching","friend","Friend","Close","683","0.683","1"
"995543600","self-matching","217","Nonmatching","self","Self","Self","1109","1.109","1"
"995543600","self-matching","219","Matching","friend","Friend","Close","508","0.508","0"
"995543600","self-matching","221","Nonmatching","self","Self","Self","1101","1.101","1"
"995543600","self-matching","223","Nonmatching","friend","Friend","Close","800","0.8","1"
"995543600","self-matching","225","Nonmatching","friend","Friend","Close","555","0.555","1"
"995543600","self-matching","227","Nonmatching","self","Self","Self","740","0.74","1"
"995543600","self-matching","229","Matching","friend","Friend","Close","988","0.988","1"
"995543600","self-matching","231","Matching","self","Self","Self","651","0.651","1"
"995543600","self-matching","233","Matching","self","Self","Self","262","0.262","1"
"995543600","self-matching","235","Matching","self","Self","Self","254","0.254","1"
"995543600","self-matching","237","Nonmatching","friend","Friend","Close","677","0.677","1"
"995543600","self-matching","239","Nonmatching","self","Self","Self","882","0.882","1"
"995543601","self-matching","1","Matching","friend","Friend","Close","1106","1.106","1"
"995543601","self-matching","3","Nonmatching","friend","Friend","Close","839","0.839","1"
"995543601","self-matching","5","Matching","self","Self","Self","1080","1.08","1"
"995543601","self-matching","7","Nonmatching","friend","Friend","Close","937","0.937","1"
"995543601","self-matching","9","Matching","self","Self","Self","861","0.861","1"
"995543601","self-matching","11","Nonmatching","self","Self","Self","559","0.559","1"
"995543601","self-matching","13","Nonmatching","friend","Friend","Close","572","0.572","0"
"995543601","self-matching","15","Matching","self","Self","Self","577","0.577","1"
"995543601","self-matching","17","Matching","friend","Friend","Close","920","0.92","1"
"995543601","self-matching","19","Nonmatching","self","Self","Self","886","0.886","1"
"995543601","self-matching","21","Matching","friend","Friend","Close","1103","1.103","1"
"995543601","self-matching","23","Matching","self","Self","Self","566","0.566","1"
"995543601","self-matching","25","Matching","self","Self","Self","578","0.578","1"
"995543601","self-matching","27","Nonmatching","friend","Friend","Close","859","0.859","1"
"995543601","self-matching","29","Matching","self","Self","Self","550","0.55","1"
"995543601","self-matching","31","Matching","friend","Friend","Close","635","0.635","1"
"995543601","self-matching","33","Matching","self","Self","Self","610","0.61","1"
"995543601","self-matching","35","Nonmatching","self","Self","Self","572","0.572","1"
"995543601","self-matching","37","Nonmatching","self","Self","Self","738","0.738","1"
"995543601","self-matching","39","Nonmatching","friend","Friend","Close","759","0.759","1"
"995543601","self-matching","41","Matching","friend","Friend","Close","652","0.652","1"
"995543601","self-matching","43","Matching","friend","Friend","Close","705","0.705","1"
"995543601","self-matching","45","Nonmatching","self","Self","Self","501","0.501","1"
"995543601","self-matching","47","Nonmatching","self","Self","Self","1140","1.14","1"
"995543601","self-matching","49","Matching","self","Self","Self","609","0.609","1"
"995543601","self-matching","51","Matching","friend","Friend","Close","972","0.972","1"
"995543601","self-matching","53","Matching","friend","Friend","Close","473","0.473","1"
"995543601","self-matching","55","Nonmatching","self","Self","Self","715","0.715","1"
"995543601","self-matching","57","Matching","friend","Friend","Close","606","0.606","1"
"995543601","self-matching","59","Nonmatching","self","Self","Self","966","0.966","0"
"995543601","self-matching","61","Matching","friend","Friend","Close","511","0.511","1"
"995543601","self-matching","63","Matching","friend","Friend","Close","553","0.553","1"
"995543601","self-matching","65","Nonmatching","friend","Friend","Close","622","0.622","0"
"995543601","self-matching","67","Nonmatching","self","Self","Self","944","0.944","1"
"995543601","self-matching","69","Matching","self","Self","Self","795","0.795","1"
"995543601","self-matching","71","Nonmatching","self","Self","Self","791","0.791","1"
"995543601","self-matching","73","Nonmatching","friend","Friend","Close","865","0.865","0"
"995543601","self-matching","75","Matching","friend","Friend","Close","623","0.623","1"
"995543601","self-matching","77","Matching","self","Self","Self","732","0.732","1"
"995543601","self-matching","79","Nonmatching","self","Self","Self","785","0.785","1"
"995543601","self-matching","81","Matching","friend","Friend","Close","619","0.619","1"
"995543601","self-matching","83","Matching","self","Self","Self","580","0.58","1"
"995543601","self-matching","85","Nonmatching","friend","Friend","Close","549","0.549","0"
"995543601","self-matching","87","Nonmatching","friend","Friend","Close","1180","1.18","0"
"995543601","self-matching","89","Matching","friend","Friend","Close","1050","1.05","1"
"995543601","self-matching","91","Nonmatching","friend","Friend","Close","690","0.69","1"
"995543601","self-matching","93","Matching","self","Self","Self","761","0.761","1"
"995543601","self-matching","95","Nonmatching","self","Self","Self","649","0.649","1"
"995543601","self-matching","97","Matching","friend","Friend","Close","688","0.688","1"
"995543601","self-matching","99","Matching","self","Self","Self","592","0.592","1"
"995543601","self-matching","103","Matching","self","Self","Self","540","0.54","1"
"995543601","self-matching","105","Matching","self","Self","Self","726","0.726","1"
"995543601","self-matching","107","Nonmatching","self","Self","Self","708","0.708","1"
"995543601","self-matching","109","Nonmatching","self","Self","Self","711","0.711","1"
"995543601","self-matching","111","Nonmatching","friend","Friend","Close","867","0.867","1"
"995543601","self-matching","113","Matching","friend","Friend","Close","508","0.508","1"
"995543601","self-matching","115","Matching","self","Self","Self","571","0.571","1"
"995543601","self-matching","117","Nonmatching","friend","Friend","Close","888","0.888","1"
"995543601","self-matching","119","Matching","friend","Friend","Close","828","0.828","1"
"995543601","self-matching","121","Nonmatching","self","Self","Self","666","0.666","1"
"995543601","self-matching","123","Matching","self","Self","Self","488","0.488","1"
"995543601","self-matching","125","Nonmatching","friend","Friend","Close","873","0.873","1"
"995543601","self-matching","127","Nonmatching","friend","Friend","Close","800","0.8","1"
"995543601","self-matching","131","Nonmatching","friend","Friend","Close","1053","1.053","1"
"995543601","self-matching","135","Nonmatching","friend","Friend","Close","838","0.838","1"
"995543601","self-matching","137","Matching","self","Self","Self","568","0.568","1"
"995543601","self-matching","139","Nonmatching","self","Self","Self","604","0.604","1"
"995543601","self-matching","141","Nonmatching","friend","Friend","Close","712","0.712","1"
"995543601","self-matching","143","Matching","friend","Friend","Close","671","0.671","1"
"995543601","self-matching","145","Nonmatching","self","Self","Self","557","0.557","1"
"995543601","self-matching","147","Matching","self","Self","Self","916","0.916","1"
"995543601","self-matching","149","Nonmatching","friend","Friend","Close","813","0.813","1"
"995543601","self-matching","151","Nonmatching","friend","Friend","Close","791","0.791","1"
"995543601","self-matching","153","Matching","self","Self","Self","722","0.722","0"
"995543601","self-matching","155","Matching","self","Self","Self","498","0.498","1"
"995543601","self-matching","157","Matching","self","Self","Self","507","0.507","1"
"995543601","self-matching","159","Nonmatching","self","Self","Self","544","0.544","1"
"995543601","self-matching","161","Matching","friend","Friend","Close","629","0.629","1"
"995543601","self-matching","163","Matching","friend","Friend","Close","649","0.649","1"
"995543601","self-matching","165","Matching","friend","Friend","Close","572","0.572","1"
"995543601","self-matching","167","Matching","self","Self","Self","561","0.561","0"
"995543601","self-matching","169","Nonmatching","friend","Friend","Close","764","0.764","1"
"995543601","self-matching","171","Nonmatching","friend","Friend","Close","821","0.821","1"
"995543601","self-matching","173","Nonmatching","self","Self","Self","979","0.979","1"
"995543601","self-matching","175","Matching","self","Self","Self","778","0.778","1"
"995543601","self-matching","177","Nonmatching","self","Self","Self","600","0.6","1"
"995543601","self-matching","179","Nonmatching","friend","Friend","Close","794","0.794","1"
"995543601","self-matching","181","Matching","self","Self","Self","855","0.855","1"
"995543601","self-matching","183","Nonmatching","friend","Friend","Close","727","0.727","1"
"995543601","self-matching","185","Matching","friend","Friend","Close","542","0.542","1"
"995543601","self-matching","189","Nonmatching","friend","Friend","Close","865","0.865","1"
"995543601","self-matching","191","Matching","self","Self","Self","762","0.762","1"
"995543601","self-matching","193","Nonmatching","friend","Friend","Close","559","0.559","1"
"995543601","self-matching","195","Matching","self","Self","Self","610","0.61","1"
"995543601","self-matching","197","Nonmatching","self","Self","Self","783","0.783","1"
"995543601","self-matching","199","Matching","self","Self","Self","948","0.948","1"
"995543601","self-matching","201","Matching","self","Self","Self","661","0.661","1"
"995543601","self-matching","203","Nonmatching","self","Self","Self","555","0.555","1"
"995543601","self-matching","205","Nonmatching","self","Self","Self","928","0.928","1"
"995543601","self-matching","207","Nonmatching","self","Self","Self","485","0.485","1"
"995543601","self-matching","209","Nonmatching","friend","Friend","Close","845","0.845","1"
"995543601","self-matching","211","Matching","friend","Friend","Close","659","0.659","1"
"995543601","self-matching","213","Matching","friend","Friend","Close","733","0.733","1"
"995543601","self-matching","215","Nonmatching","self","Self","Self","851","0.851","1"
"995543601","self-matching","217","Matching","friend","Friend","Close","777","0.777","1"
"995543601","self-matching","219","Matching","friend","Friend","Close","674","0.674","1"
"995543601","self-matching","221","Matching","friend","Friend","Close","415","0.415","1"
"995543601","self-matching","223","Nonmatching","self","Self","Self","542","0.542","1"
"995543601","self-matching","225","Nonmatching","friend","Friend","Close","1067","1.067","1"
"995543601","self-matching","227","Nonmatching","self","Self","Self","645","0.645","1"
"995543601","self-matching","229","Matching","friend","Friend","Close","1198","1.198","1"
"995543601","self-matching","231","Nonmatching","friend","Friend","Close","994","0.994","1"
"995543601","self-matching","233","Matching","self","Self","Self","593","0.593","1"
"995543601","self-matching","235","Nonmatching","self","Self","Self","759","0.759","1"
"995543601","self-matching","237","Nonmatching","friend","Friend","Close","838","0.838","1"
"995543601","self-matching","239","Matching","friend","Friend","Close","884","0.884","1"
"995543602","self-matching","1","Matching","self","Self","Self","933","0.933","1"
"995543602","self-matching","3","Matching","self","Self","Self","1161","1.161","1"
"995543602","self-matching","5","Matching","friend","Friend","Close","626","0.626","0"
"995543602","self-matching","7","Matching","friend","Friend","Close","845","0.845","1"
"995543602","self-matching","9","Matching","friend","Friend","Close","484","0.484","1"
"995543602","self-matching","11","Nonmatching","self","Self","Self","662","0.662","1"
"995543602","self-matching","15","Nonmatching","friend","Friend","Close","790","0.79","0"
"995543602","self-matching","21","Matching","friend","Friend","Close","891","0.891","0"
"995543602","self-matching","25","Nonmatching","self","Self","Self","756","0.756","1"
"995543602","self-matching","27","Matching","self","Self","Self","1035","1.035","1"
"995543602","self-matching","29","Matching","self","Self","Self","832","0.832","1"
"995543602","self-matching","31","Nonmatching","self","Self","Self","772","0.772","1"
"995543602","self-matching","33","Nonmatching","friend","Friend","Close","1043","1.043","0"
"995543602","self-matching","37","Nonmatching","friend","Friend","Close","481","0.481","1"
"995543602","self-matching","39","Nonmatching","friend","Friend","Close","516","0.516","1"
"995543602","self-matching","41","Matching","self","Self","Self","706","0.706","1"
"995543602","self-matching","43","Matching","friend","Friend","Close","937","0.937","0"
"995543602","self-matching","45","Matching","friend","Friend","Close","760","0.76","1"
"995543602","self-matching","47","Matching","self","Self","Self","557","0.557","1"
"995543602","self-matching","49","Matching","self","Self","Self","482","0.482","1"
"995543602","self-matching","53","Matching","friend","Friend","Close","448","0.448","1"
"995543602","self-matching","55","Nonmatching","self","Self","Self","1011","1.011","1"
"995543602","self-matching","57","Nonmatching","friend","Friend","Close","1098","1.098","1"
"995543602","self-matching","61","Nonmatching","friend","Friend","Close","727","0.727","1"
"995543602","self-matching","63","Matching","friend","Friend","Close","919","0.919","1"
"995543602","self-matching","65","Matching","self","Self","Self","775","0.775","1"
"995543602","self-matching","67","Nonmatching","self","Self","Self","940","0.94","1"
"995543602","self-matching","69","Nonmatching","self","Self","Self","1159","1.159","1"
"995543602","self-matching","71","Nonmatching","self","Self","Self","790","0.79","1"
"995543602","self-matching","73","Nonmatching","friend","Friend","Close","982","0.982","1"
"995543602","self-matching","77","Nonmatching","friend","Friend","Close","640","0.64","1"
"995543602","self-matching","81","Nonmatching","friend","Friend","Close","939","0.939","1"
"995543602","self-matching","83","Nonmatching","self","Self","Self","982","0.982","1"
"995543602","self-matching","91","Nonmatching","friend","Friend","Close","832","0.832","1"
"995543602","self-matching","93","Nonmatching","self","Self","Self","783","0.783","1"
"995543602","self-matching","95","Matching","self","Self","Self","420","0.42","1"
"995543602","self-matching","97","Nonmatching","friend","Friend","Close","702","0.702","1"
"995543602","self-matching","99","Nonmatching","self","Self","Self","1020","1.02","1"
"995543602","self-matching","101","Nonmatching","self","Self","Self","612","0.612","1"
"995543602","self-matching","103","Nonmatching","self","Self","Self","526","0.526","1"
"995543602","self-matching","105","Matching","self","Self","Self","677","0.677","1"
"995543602","self-matching","107","Nonmatching","self","Self","Self","583","0.583","1"
"995543602","self-matching","109","Matching","self","Self","Self","467","0.467","1"
"995543602","self-matching","111","Nonmatching","friend","Friend","Close","511","0.511","1"
"995543602","self-matching","113","Matching","friend","Friend","Close","1052","1.052","1"
"995543602","self-matching","115","Matching","friend","Friend","Close","753","0.753","1"
"995543602","self-matching","117","Nonmatching","friend","Friend","Close","660","0.66","1"
"995543602","self-matching","119","Matching","friend","Friend","Close","866","0.866","1"
"995543602","self-matching","121","Nonmatching","self","Self","Self","615","0.615","1"
"995543602","self-matching","123","Matching","friend","Friend","Close","816","0.816","1"
"995543602","self-matching","125","Matching","friend","Friend","Close","465","0.465","1"
"995543602","self-matching","127","Matching","self","Self","Self","692","0.692","1"
"995543602","self-matching","129","Nonmatching","friend","Friend","Close","1004","1.004","1"
"995543602","self-matching","131","Nonmatching","friend","Friend","Close","548","0.548","1"
"995543602","self-matching","133","Nonmatching","friend","Friend","Close","508","0.508","1"
"995543602","self-matching","135","Nonmatching","friend","Friend","Close","447","0.447","1"
"995543602","self-matching","141","Matching","self","Self","Self","884","0.884","1"
"995543602","self-matching","143","Nonmatching","friend","Friend","Close","626","0.626","1"
"995543602","self-matching","145","Matching","self","Self","Self","582","0.582","1"
"995543602","self-matching","147","Matching","self","Self","Self","631","0.631","1"
"995543602","self-matching","149","Matching","self","Self","Self","472","0.472","1"
"995543602","self-matching","151","Nonmatching","friend","Friend","Close","753","0.753","1"
"995543602","self-matching","155","Matching","friend","Friend","Close","1116","1.116","0"
"995543602","self-matching","157","Nonmatching","self","Self","Self","1031","1.031","1"
"995543602","self-matching","159","Matching","self","Self","Self","661","0.661","1"
"995543602","self-matching","161","Nonmatching","self","Self","Self","567","0.567","1"
"995543602","self-matching","165","Matching","self","Self","Self","766","0.766","1"
"995543602","self-matching","167","Nonmatching","friend","Friend","Close","862","0.862","1"
"995543602","self-matching","171","Matching","self","Self","Self","831","0.831","1"
"995543602","self-matching","173","Nonmatching","friend","Friend","Close","648","0.648","1"
"995543602","self-matching","175","Matching","self","Self","Self","722","0.722","1"
"995543602","self-matching","177","Matching","self","Self","Self","374","0.374","1"
"995543602","self-matching","179","Matching","friend","Friend","Close","668","0.668","1"
"995543602","self-matching","181","Matching","self","Self","Self","649","0.649","1"
"995543602","self-matching","183","Nonmatching","friend","Friend","Close","641","0.641","1"
"995543602","self-matching","185","Matching","self","Self","Self","732","0.732","1"
"995543602","self-matching","187","Nonmatching","self","Self","Self","853","0.853","1"
"995543602","self-matching","189","Matching","friend","Friend","Close","827","0.827","1"
"995543602","self-matching","191","Matching","friend","Friend","Close","1129","1.129","1"
"995543602","self-matching","193","Matching","friend","Friend","Close","455","0.455","1"
"995543602","self-matching","195","Matching","friend","Friend","Close","381","0.381","1"
"995543602","self-matching","197","Nonmatching","friend","Friend","Close","812","0.812","1"
"995543602","self-matching","199","Nonmatching","friend","Friend","Close","914","0.914","1"
"995543602","self-matching","201","Nonmatching","friend","Friend","Close","527","0.527","1"
"995543602","self-matching","203","Matching","friend","Friend","Close","880","0.88","1"
"995543602","self-matching","205","Matching","friend","Friend","Close","760","0.76","1"
"995543602","self-matching","207","Matching","self","Self","Self","672","0.672","1"
"995543602","self-matching","209","Matching","self","Self","Self","383","0.383","1"
"995543602","self-matching","211","Nonmatching","friend","Friend","Close","608","0.608","1"
"995543602","self-matching","215","Nonmatching","self","Self","Self","851","0.851","1"
"995543602","self-matching","217","Matching","self","Self","Self","1131","1.131","1"
"995543602","self-matching","219","Matching","friend","Friend","Close","1051","1.051","1"
"995543602","self-matching","221","Nonmatching","self","Self","Self","888","0.888","1"
"995543602","self-matching","223","Nonmatching","self","Self","Self","639","0.639","1"
"995543602","self-matching","225","Matching","self","Self","Self","764","0.764","1"
"995543602","self-matching","227","Nonmatching","self","Self","Self","910","0.91","1"
"995543602","self-matching","229","Matching","self","Self","Self","470","0.47","1"
"995543602","self-matching","231","Matching","self","Self","Self","642","0.642","1"
"995543602","self-matching","233","Matching","friend","Friend","Close","852","0.852","1"
"995543602","self-matching","235","Nonmatching","self","Self","Self","785","0.785","1"
"995543602","self-matching","237","Nonmatching","self","Self","Self","939","0.939","1"
"995543602","self-matching","239","Nonmatching","friend","Friend","Close","919","0.919","1"
"995543604","self-matching","1","Nonmatching","self","Self","Self","909","0.909","1"
"995543604","self-matching","3","Matching","self","Self","Self","444","0.444","1"
"995543604","self-matching","5","Matching","friend","Friend","Close","473","0.473","0"
"995543604","self-matching","7","Nonmatching","friend","Friend","Close","1171","1.171","1"
"995543604","self-matching","9","Nonmatching","friend","Friend","Close","1197","1.197","1"
"995543604","self-matching","11","Nonmatching","self","Self","Self","1191","1.191","1"
"995543604","self-matching","15","Matching","friend","Friend","Close","814","0.814","1"
"995543604","self-matching","17","Matching","self","Self","Self","606","0.606","1"
"995543604","self-matching","19","Matching","friend","Friend","Close","758","0.758","1"
"995543604","self-matching","21","Nonmatching","friend","Friend","Close","726","0.726","1"
"995543604","self-matching","23","Nonmatching","self","Self","Self","680","0.68","1"
"995543604","self-matching","25","Matching","friend","Friend","Close","1006","1.006","1"
"995543604","self-matching","27","Matching","friend","Friend","Close","485","0.485","1"
"995543604","self-matching","29","Nonmatching","self","Self","Self","1087","1.087","1"
"995543604","self-matching","31","Matching","friend","Friend","Close","885","0.885","1"
"995543604","self-matching","37","Matching","self","Self","Self","751","0.751","1"
"995543604","self-matching","39","Matching","self","Self","Self","588","0.588","1"
"995543604","self-matching","41","Matching","self","Self","Self","314","0.314","1"
"995543604","self-matching","43","Nonmatching","friend","Friend","Close","864","0.864","1"
"995543604","self-matching","45","Nonmatching","friend","Friend","Close","661","0.661","1"
"995543604","self-matching","47","Matching","friend","Friend","Close","599","0.599","1"
"995543604","self-matching","49","Nonmatching","self","Self","Self","689","0.689","1"
"995543604","self-matching","51","Matching","self","Self","Self","289","0.289","1"
"995543604","self-matching","53","Nonmatching","self","Self","Self","605","0.605","1"
"995543604","self-matching","57","Nonmatching","friend","Friend","Close","843","0.843","1"
"995543604","self-matching","61","Nonmatching","self","Self","Self","659","0.659","1"
"995543604","self-matching","63","Matching","friend","Friend","Close","554","0.554","0"
"995543604","self-matching","65","Matching","friend","Friend","Close","271","0.271","1"
"995543604","self-matching","67","Nonmatching","self","Self","Self","532","0.532","1"
"995543604","self-matching","69","Nonmatching","self","Self","Self","609","0.609","1"
"995543604","self-matching","71","Nonmatching","friend","Friend","Close","499","0.499","1"
"995543604","self-matching","73","Nonmatching","friend","Friend","Close","519","0.519","1"
"995543604","self-matching","75","Matching","friend","Friend","Close","526","0.526","0"
"995543604","self-matching","77","Nonmatching","friend","Friend","Close","971","0.971","1"
"995543604","self-matching","79","Matching","friend","Friend","Close","569","0.569","1"
"995543604","self-matching","81","Nonmatching","friend","Friend","Close","855","0.855","1"
"995543604","self-matching","83","Matching","self","Self","Self","558","0.558","1"
"995543604","self-matching","85","Nonmatching","self","Self","Self","552","0.552","1"
"995543604","self-matching","87","Matching","self","Self","Self","804","0.804","1"
"995543604","self-matching","89","Nonmatching","friend","Friend","Close","495","0.495","1"
"995543604","self-matching","91","Matching","friend","Friend","Close","476","0.476","1"
"995543604","self-matching","93","Nonmatching","friend","Friend","Close","681","0.681","1"
"995543604","self-matching","95","Nonmatching","self","Self","Self","575","0.575","1"
"995543604","self-matching","97","Matching","self","Self","Self","498","0.498","1"
"995543604","self-matching","99","Matching","friend","Friend","Close","572","0.572","0"
"995543604","self-matching","101","Matching","friend","Friend","Close","803","0.803","0"
"995543604","self-matching","103","Matching","self","Self","Self","652","0.652","1"
"995543604","self-matching","105","Matching","self","Self","Self","344","0.344","1"
"995543604","self-matching","107","Nonmatching","friend","Friend","Close","779","0.779","1"
"995543604","self-matching","109","Nonmatching","friend","Friend","Close","616","0.616","1"
"995543604","self-matching","111","Matching","self","Self","Self","598","0.598","0"
"995543604","self-matching","113","Nonmatching","friend","Friend","Close","792","0.792","1"
"995543604","self-matching","115","Nonmatching","self","Self","Self","992","0.992","1"
"995543604","self-matching","117","Matching","self","Self","Self","704","0.704","1"
"995543604","self-matching","119","Matching","friend","Friend","Close","678","0.678","1"
"995543604","self-matching","121","Matching","friend","Friend","Close","722","0.722","1"
"995543604","self-matching","123","Matching","friend","Friend","Close","278","0.278","1"
"995543604","self-matching","125","Matching","friend","Friend","Close","266","0.266","1"
"995543604","self-matching","127","Nonmatching","self","Self","Self","428","0.428","1"
"995543604","self-matching","129","Matching","friend","Friend","Close","589","0.589","1"
"995543604","self-matching","131","Matching","self","Self","Self","338","0.338","1"
"995543604","self-matching","133","Nonmatching","friend","Friend","Close","926","0.926","1"
"995543604","self-matching","135","Matching","self","Self","Self","349","0.349","1"
"995543604","self-matching","137","Nonmatching","friend","Friend","Close","841","0.841","1"
"995543604","self-matching","139","Matching","self","Self","Self","482","0.482","1"
"995543604","self-matching","141","Matching","self","Self","Self","435","0.435","1"
"995543604","self-matching","143","Nonmatching","self","Self","Self","443","0.443","1"
"995543604","self-matching","145","Nonmatching","self","Self","Self","831","0.831","1"
"995543604","self-matching","147","Matching","friend","Friend","Close","600","0.6","1"
"995543604","self-matching","149","Matching","self","Self","Self","497","0.497","1"
"995543604","self-matching","151","Nonmatching","friend","Friend","Close","646","0.646","1"
"995543604","self-matching","153","Nonmatching","self","Self","Self","262","0.262","0"
"995543604","self-matching","155","Matching","self","Self","Self","442","0.442","1"
"995543604","self-matching","157","Matching","self","Self","Self","377","0.377","1"
"995543604","self-matching","159","Nonmatching","self","Self","Self","438","0.438","1"
"995543604","self-matching","161","Nonmatching","self","Self","Self","493","0.493","1"
"995543604","self-matching","163","Nonmatching","self","Self","Self","338","0.338","1"
"995543604","self-matching","165","Nonmatching","friend","Friend","Close","257","0.257","0"
"995543604","self-matching","167","Nonmatching","self","Self","Self","953","0.953","1"
"995543604","self-matching","169","Matching","friend","Friend","Close","709","0.709","1"
"995543604","self-matching","171","Nonmatching","friend","Friend","Close","585","0.585","1"
"995543604","self-matching","173","Matching","self","Self","Self","253","0.253","1"
"995543604","self-matching","175","Nonmatching","friend","Friend","Close","726","0.726","1"
"995543604","self-matching","177","Nonmatching","self","Self","Self","647","0.647","1"
"995543604","self-matching","179","Matching","friend","Friend","Close","519","0.519","1"
"995543604","self-matching","181","Nonmatching","friend","Friend","Close","603","0.603","1"
"995543604","self-matching","183","Nonmatching","self","Self","Self","476","0.476","1"
"995543604","self-matching","185","Nonmatching","friend","Friend","Close","463","0.463","1"
"995543604","self-matching","187","Nonmatching","self","Self","Self","768","0.768","1"
"995543604","self-matching","189","Matching","friend","Friend","Close","495","0.495","1"
"995543604","self-matching","191","Matching","self","Self","Self","546","0.546","1"
"995543604","self-matching","193","Matching","friend","Friend","Close","477","0.477","0"
"995543604","self-matching","195","Nonmatching","friend","Friend","Close","831","0.831","1"
"995543604","self-matching","197","Nonmatching","self","Self","Self","714","0.714","1"
"995543604","self-matching","199","Nonmatching","self","Self","Self","475","0.475","1"
"995543604","self-matching","201","Nonmatching","self","Self","Self","460","0.46","1"
"995543604","self-matching","203","Matching","self","Self","Self","663","0.663","0"
"995543604","self-matching","205","Matching","friend","Friend","Close","824","0.824","1"
"995543604","self-matching","207","Nonmatching","friend","Friend","Close","839","0.839","1"
"995543604","self-matching","209","Matching","self","Self","Self","509","0.509","1"
"995543604","self-matching","211","Nonmatching","friend","Friend","Close","502","0.502","0"
"995543604","self-matching","213","Matching","friend","Friend","Close","938","0.938","0"
"995543604","self-matching","215","Nonmatching","friend","Friend","Close","1067","1.067","1"
"995543604","self-matching","217","Nonmatching","friend","Friend","Close","979","0.979","1"
"995543604","self-matching","219","Nonmatching","self","Self","Self","875","0.875","1"
"995543604","self-matching","221","Matching","self","Self","Self","473","0.473","1"
"995543604","self-matching","223","Matching","self","Self","Self","456","0.456","1"
"995543604","self-matching","225","Matching","friend","Friend","Close","779","0.779","1"
"995543604","self-matching","227","Nonmatching","self","Self","Self","719","0.719","1"
"995543604","self-matching","229","Matching","friend","Friend","Close","553","0.553","1"
"995543604","self-matching","231","Matching","self","Self","Self","512","0.512","1"
"995543604","self-matching","233","Matching","self","Self","Self","472","0.472","1"
"995543604","self-matching","235","Matching","self","Self","Self","489","0.489","1"
"995543604","self-matching","237","Nonmatching","self","Self","Self","370","0.37","0"
"995543607","self-matching","5","Nonmatching","friend","Friend","Close","857","0.857","1"
"995543607","self-matching","11","Matching","friend","Friend","Close","1066","1.066","1"
"995543607","self-matching","13","Matching","self","Self","Self","1182","1.182","1"
"995543607","self-matching","15","Nonmatching","self","Self","Self","814","0.814","1"
"995543607","self-matching","17","Matching","self","Self","Self","841","0.841","1"
"995543607","self-matching","19","Matching","friend","Friend","Close","605","0.605","0"
"995543607","self-matching","21","Nonmatching","friend","Friend","Close","1002","1.002","1"
"995543607","self-matching","23","Matching","self","Self","Self","882","0.882","1"
"995543607","self-matching","25","Nonmatching","self","Self","Self","1043","1.043","1"
"995543607","self-matching","35","Nonmatching","friend","Friend","Close","713","0.713","1"
"995543607","self-matching","37","Nonmatching","friend","Friend","Close","616","0.616","1"
"995543607","self-matching","39","Matching","self","Self","Self","1079","1.079","1"
"995543607","self-matching","43","Nonmatching","friend","Friend","Close","718","0.718","1"
"995543607","self-matching","45","Matching","friend","Friend","Close","1005","1.005","1"
"995543607","self-matching","47","Matching","self","Self","Self","934","0.934","1"
"995543607","self-matching","49","Matching","self","Self","Self","486","0.486","1"
"995543607","self-matching","53","Nonmatching","self","Self","Self","842","0.842","1"
"995543607","self-matching","61","Nonmatching","friend","Friend","Close","1042","1.042","1"
"995543607","self-matching","65","Matching","friend","Friend","Close","693","0.693","1"
"995543607","self-matching","67","Nonmatching","friend","Friend","Close","1091","1.091","1"
"995543607","self-matching","71","Matching","self","Self","Self","1017","1.017","1"
"995543607","self-matching","73","Matching","friend","Friend","Close","1062","1.062","0"
"995543607","self-matching","77","Nonmatching","friend","Friend","Close","885","0.885","1"
"995543607","self-matching","79","Matching","self","Self","Self","970","0.97","1"
"995543607","self-matching","81","Nonmatching","self","Self","Self","884","0.884","1"
"995543607","self-matching","83","Matching","friend","Friend","Close","809","0.809","0"
"995543607","self-matching","85","Matching","self","Self","Self","974","0.974","1"
"995543607","self-matching","87","Matching","friend","Friend","Close","855","0.855","0"
"995543607","self-matching","89","Matching","friend","Friend","Close","990","0.99","0"
"995543607","self-matching","93","Matching","self","Self","Self","946","0.946","1"
"995543607","self-matching","97","Nonmatching","friend","Friend","Close","928","0.928","1"
"995543607","self-matching","99","Nonmatching","self","Self","Self","855","0.855","1"
"995543607","self-matching","101","Nonmatching","friend","Friend","Close","898","0.898","1"
"995543607","self-matching","103","Nonmatching","self","Self","Self","826","0.826","1"
"995543607","self-matching","107","Matching","self","Self","Self","837","0.837","1"
"995543607","self-matching","109","Matching","self","Self","Self","667","0.667","1"
"995543607","self-matching","113","Matching","self","Self","Self","639","0.639","1"
"995543607","self-matching","115","Nonmatching","friend","Friend","Close","776","0.776","1"
"995543607","self-matching","117","Nonmatching","self","Self","Self","1099","1.099","1"
"995543607","self-matching","119","Nonmatching","friend","Friend","Close","736","0.736","1"
"995543607","self-matching","121","Nonmatching","friend","Friend","Close","634","0.634","1"
"995543607","self-matching","123","Nonmatching","friend","Friend","Close","624","0.624","1"
"995543607","self-matching","125","Nonmatching","self","Self","Self","1037","1.037","1"
"995543607","self-matching","129","Nonmatching","self","Self","Self","667","0.667","1"
"995543607","self-matching","131","Matching","friend","Friend","Close","858","0.858","1"
"995543607","self-matching","133","Nonmatching","friend","Friend","Close","824","0.824","1"
"995543607","self-matching","135","Nonmatching","self","Self","Self","995","0.995","1"
"995543607","self-matching","137","Matching","friend","Friend","Close","978","0.978","1"
"995543607","self-matching","139","Nonmatching","self","Self","Self","701","0.701","1"
"995543607","self-matching","141","Nonmatching","friend","Friend","Close","1052","1.052","1"
"995543607","self-matching","143","Matching","friend","Friend","Close","855","0.855","1"
"995543607","self-matching","145","Nonmatching","self","Self","Self","753","0.753","1"
"995543607","self-matching","147","Nonmatching","friend","Friend","Close","824","0.824","1"
"995543607","self-matching","149","Matching","self","Self","Self","840","0.84","1"
"995543607","self-matching","151","Matching","self","Self","Self","707","0.707","1"
"995543607","self-matching","153","Matching","self","Self","Self","531","0.531","1"
"995543607","self-matching","155","Nonmatching","friend","Friend","Close","547","0.547","1"
"995543607","self-matching","157","Nonmatching","self","Self","Self","1008","1.008","1"
"995543607","self-matching","159","Matching","self","Self","Self","702","0.702","1"
"995543607","self-matching","161","Nonmatching","friend","Friend","Close","715","0.715","1"
"995543607","self-matching","163","Nonmatching","self","Self","Self","711","0.711","1"
"995543607","self-matching","165","Matching","self","Self","Self","675","0.675","1"
"995543607","self-matching","167","Matching","friend","Friend","Close","686","0.686","0"
"995543607","self-matching","169","Nonmatching","self","Self","Self","814","0.814","1"
"995543607","self-matching","171","Matching","friend","Friend","Close","795","0.795","0"
"995543607","self-matching","173","Nonmatching","self","Self","Self","719","0.719","1"
"995543607","self-matching","175","Nonmatching","self","Self","Self","641","0.641","1"
"995543607","self-matching","177","Nonmatching","self","Self","Self","599","0.599","1"
"995543607","self-matching","179","Nonmatching","friend","Friend","Close","1007","1.007","1"
"995543607","self-matching","181","Matching","friend","Friend","Close","800","0.8","1"
"995543607","self-matching","183","Nonmatching","friend","Friend","Close","950","0.95","1"
"995543607","self-matching","185","Matching","friend","Friend","Close","937","0.937","1"
"995543607","self-matching","187","Matching","self","Self","Self","731","0.731","1"
"995543607","self-matching","189","Matching","self","Self","Self","615","0.615","1"
"995543607","self-matching","191","Matching","friend","Friend","Close","962","0.962","1"
"995543607","self-matching","193","Matching","friend","Friend","Close","683","0.683","1"
"995543607","self-matching","195","Matching","friend","Friend","Close","684","0.684","1"
"995543607","self-matching","197","Matching","self","Self","Self","616","0.616","1"
"995543607","self-matching","199","Matching","self","Self","Self","603","0.603","1"
"995543607","self-matching","201","Nonmatching","friend","Friend","Close","820","0.82","0"
"995543607","self-matching","205","Nonmatching","self","Self","Self","757","0.757","1"
"995543607","self-matching","207","Matching","self","Self","Self","616","0.616","1"
"995543607","self-matching","209","Matching","self","Self","Self","580","0.58","1"
"995543607","self-matching","211","Matching","friend","Friend","Close","926","0.926","1"
"995543607","self-matching","213","Matching","self","Self","Self","462","0.462","1"
"995543607","self-matching","215","Matching","self","Self","Self","593","0.593","1"
"995543607","self-matching","217","Nonmatching","friend","Friend","Close","533","0.533","1"
"995543607","self-matching","219","Matching","friend","Friend","Close","767","0.767","1"
"995543607","self-matching","221","Matching","friend","Friend","Close","628","0.628","1"
"995543607","self-matching","223","Matching","friend","Friend","Close","712","0.712","1"
"995543607","self-matching","225","Nonmatching","self","Self","Self","662","0.662","1"
"995543607","self-matching","227","Nonmatching","friend","Friend","Close","981","0.981","1"
"995543607","self-matching","229","Matching","self","Self","Self","733","0.733","1"
"995543607","self-matching","231","Nonmatching","self","Self","Self","591","0.591","1"
"995543607","self-matching","233","Matching","self","Self","Self","556","0.556","1"
"995543607","self-matching","235","Matching","friend","Friend","Close","812","0.812","1"
"995543607","self-matching","237","Matching","self","Self","Self","560","0.56","1"
"995543607","self-matching","239","Nonmatching","self","Self","Self","624","0.624","1"
"995543608","self-matching","1","Matching","friend","Friend","Close","462","0.462","0"
"995543608","self-matching","3","Nonmatching","friend","Friend","Close","357","0.357","1"
"995543608","self-matching","5","Nonmatching","self","Self","Self","426","0.426","1"
"995543608","self-matching","7","Nonmatching","friend","Friend","Close","284","0.284","1"
"995543608","self-matching","9","Nonmatching","self","Self","Self","534","0.534","1"
"995543608","self-matching","11","Nonmatching","friend","Friend","Close","469","0.469","1"
"995543608","self-matching","13","Matching","friend","Friend","Close","484","0.484","1"
"995543608","self-matching","15","Nonmatching","self","Self","Self","423","0.423","1"
"995543608","self-matching","17","Matching","friend","Friend","Close","442","0.442","1"
"995543608","self-matching","19","Matching","self","Self","Self","577","0.577","1"
"995543608","self-matching","21","Nonmatching","self","Self","Self","586","0.586","0"
"995543608","self-matching","23","Nonmatching","self","Self","Self","512","0.512","1"
"995543608","self-matching","25","Nonmatching","friend","Friend","Close","357","0.357","1"
"995543608","self-matching","27","Nonmatching","self","Self","Self","350","0.35","1"
"995543608","self-matching","29","Matching","friend","Friend","Close","409","0.409","1"
"995543608","self-matching","31","Nonmatching","friend","Friend","Close","391","0.391","1"
"995543608","self-matching","33","Matching","self","Self","Self","363","0.363","0"
"995543608","self-matching","35","Matching","friend","Friend","Close","473","0.473","0"
"995543608","self-matching","37","Nonmatching","self","Self","Self","318","0.318","1"
"995543608","self-matching","39","Matching","friend","Friend","Close","450","0.45","1"
"995543608","self-matching","41","Nonmatching","self","Self","Self","627","0.627","0"
"995543608","self-matching","43","Matching","self","Self","Self","425","0.425","0"
"995543608","self-matching","45","Nonmatching","friend","Friend","Close","450","0.45","1"
"995543608","self-matching","47","Matching","friend","Friend","Close","575","0.575","1"
"995543608","self-matching","49","Matching","friend","Friend","Close","592","0.592","1"
"995543608","self-matching","51","Nonmatching","friend","Friend","Close","432","0.432","1"
"995543608","self-matching","53","Nonmatching","self","Self","Self","623","0.623","1"
"995543608","self-matching","55","Nonmatching","friend","Friend","Close","475","0.475","1"
"995543608","self-matching","57","Nonmatching","self","Self","Self","534","0.534","0"
"995543608","self-matching","59","Matching","self","Self","Self","504","0.504","0"
"995543608","self-matching","61","Matching","self","Self","Self","570","0.57","1"
"995543608","self-matching","63","Matching","friend","Friend","Close","870","0.87","0"
"995543608","self-matching","65","Matching","friend","Friend","Close","385","0.385","0"
"995543608","self-matching","67","Matching","self","Self","Self","526","0.526","0"
"995543608","self-matching","69","Matching","self","Self","Self","661","0.661","1"
"995543608","self-matching","71","Nonmatching","friend","Friend","Close","481","0.481","1"
"995543608","self-matching","73","Nonmatching","self","Self","Self","598","0.598","1"
"995543608","self-matching","75","Matching","friend","Friend","Close","667","0.667","1"
"995543608","self-matching","77","Matching","self","Self","Self","458","0.458","0"
"995543608","self-matching","79","Nonmatching","friend","Friend","Close","433","0.433","1"
"995543608","self-matching","81","Nonmatching","self","Self","Self","523","0.523","1"
"995543608","self-matching","83","Matching","friend","Friend","Close","698","0.698","1"
"995543608","self-matching","85","Nonmatching","self","Self","Self","529","0.529","1"
"995543608","self-matching","87","Matching","friend","Friend","Close","645","0.645","1"
"995543608","self-matching","89","Nonmatching","self","Self","Self","699","0.699","1"
"995543608","self-matching","91","Matching","friend","Friend","Close","694","0.694","1"
"995543608","self-matching","93","Nonmatching","friend","Friend","Close","366","0.366","1"
"995543608","self-matching","95","Nonmatching","friend","Friend","Close","721","0.721","0"
"995543608","self-matching","97","Nonmatching","self","Self","Self","625","0.625","1"
"995543608","self-matching","99","Nonmatching","friend","Friend","Close","452","0.452","1"
"995543608","self-matching","101","Matching","self","Self","Self","585","0.585","1"
"995543608","self-matching","103","Nonmatching","friend","Friend","Close","450","0.45","1"
"995543608","self-matching","105","Matching","self","Self","Self","850","0.85","1"
"995543608","self-matching","107","Matching","friend","Friend","Close","900","0.9","1"
"995543608","self-matching","109","Matching","friend","Friend","Close","557","0.557","1"
"995543608","self-matching","111","Nonmatching","friend","Friend","Close","376","0.376","1"
"995543608","self-matching","113","Matching","friend","Friend","Close","525","0.525","1"
"995543608","self-matching","115","Matching","self","Self","Self","673","0.673","1"
"995543608","self-matching","117","Matching","self","Self","Self","510","0.51","1"
"995543608","self-matching","119","Matching","friend","Friend","Close","508","0.508","1"
"995543608","self-matching","121","Matching","self","Self","Self","522","0.522","0"
"995543608","self-matching","123","Matching","friend","Friend","Close","770","0.77","1"
"995543608","self-matching","125","Nonmatching","friend","Friend","Close","506","0.506","1"
"995543608","self-matching","127","Nonmatching","friend","Friend","Close","550","0.55","1"
"995543608","self-matching","129","Nonmatching","friend","Friend","Close","392","0.392","1"
"995543608","self-matching","131","Matching","self","Self","Self","502","0.502","1"
"995543608","self-matching","133","Matching","self","Self","Self","623","0.623","1"
"995543608","self-matching","135","Matching","self","Self","Self","454","0.454","1"
"995543608","self-matching","137","Matching","self","Self","Self","366","0.366","1"
"995543608","self-matching","139","Matching","self","Self","Self","443","0.443","1"
"995543608","self-matching","141","Matching","friend","Friend","Close","484","0.484","0"
"995543608","self-matching","143","Matching","self","Self","Self","631","0.631","1"
"995543608","self-matching","145","Nonmatching","friend","Friend","Close","389","0.389","1"
"995543608","self-matching","147","Matching","self","Self","Self","566","0.566","0"
"995543608","self-matching","149","Nonmatching","self","Self","Self","617","0.617","1"
"995543608","self-matching","151","Nonmatching","friend","Friend","Close","670","0.67","1"
"995543608","self-matching","153","Nonmatching","self","Self","Self","599","0.599","0"
"995543608","self-matching","155","Nonmatching","self","Self","Self","442","0.442","1"
"995543608","self-matching","157","Matching","self","Self","Self","569","0.569","1"
"995543608","self-matching","159","Nonmatching","self","Self","Self","619","0.619","1"
"995543608","self-matching","161","Nonmatching","self","Self","Self","450","0.45","1"
"995543608","self-matching","163","Nonmatching","self","Self","Self","384","0.384","1"
"995543608","self-matching","165","Nonmatching","self","Self","Self","285","0.285","1"
"995543608","self-matching","167","Matching","friend","Friend","Close","587","0.587","1"
"995543608","self-matching","169","Matching","self","Self","Self","681","0.681","1"
"995543608","self-matching","171","Matching","friend","Friend","Close","630","0.63","1"
"995543608","self-matching","173","Matching","friend","Friend","Close","487","0.487","1"
"995543608","self-matching","175","Matching","friend","Friend","Close","459","0.459","1"
"995543608","self-matching","177","Matching","friend","Friend","Close","372","0.372","1"
"995543608","self-matching","179","Nonmatching","friend","Friend","Close","285","0.285","1"
"995543608","self-matching","181","Nonmatching","self","Self","Self","533","0.533","1"
"995543608","self-matching","183","Matching","self","Self","Self","534","0.534","1"
"995543608","self-matching","185","Nonmatching","friend","Friend","Close","518","0.518","1"
"995543608","self-matching","187","Nonmatching","friend","Friend","Close","296","0.296","1"
"995543608","self-matching","189","Nonmatching","self","Self","Self","596","0.596","0"
"995543608","self-matching","191","Matching","self","Self","Self","576","0.576","1"
"995543608","self-matching","193","Nonmatching","friend","Friend","Close","534","0.534","0"
"995543608","self-matching","195","Matching","friend","Friend","Close","596","0.596","1"
"995543608","self-matching","197","Nonmatching","self","Self","Self","522","0.522","1"
"995543608","self-matching","199","Nonmatching","friend","Friend","Close","419","0.419","1"
"995543608","self-matching","201","Nonmatching","friend","Friend","Close","384","0.384","1"
"995543608","self-matching","203","Matching","self","Self","Self","260","0.26","0"
"995543608","self-matching","205","Nonmatching","self","Self","Self","543","0.543","1"
"995543608","self-matching","207","Matching","friend","Friend","Close","724","0.724","0"
"995543608","self-matching","209","Matching","self","Self","Self","343","0.343","0"
"995543608","self-matching","211","Nonmatching","friend","Friend","Close","350","0.35","1"
"995543608","self-matching","213","Matching","friend","Friend","Close","500","0.5","1"
"995543608","self-matching","215","Nonmatching","friend","Friend","Close","549","0.549","1"
"995543608","self-matching","217","Nonmatching","self","Self","Self","617","0.617","1"
"995543608","self-matching","219","Nonmatching","self","Self","Self","570","0.57","1"
"995543608","self-matching","221","Matching","self","Self","Self","510","0.51","0"
"995543608","self-matching","223","Matching","self","Self","Self","944","0.944","1"
"995543608","self-matching","225","Nonmatching","friend","Friend","Close","470","0.47","1"
"995543608","self-matching","227","Nonmatching","self","Self","Self","550","0.55","1"
"995543608","self-matching","229","Matching","friend","Friend","Close","844","0.844","1"
"995543608","self-matching","231","Matching","self","Self","Self","933","0.933","1"
"995543608","self-matching","233","Matching","friend","Friend","Close","695","0.695","1"
"995543608","self-matching","235","Nonmatching","friend","Friend","Close","560","0.56","1"
"995543608","self-matching","237","Matching","self","Self","Self","773","0.773","1"
"995543610","self-matching","3","Nonmatching","friend","Friend","Close","768","0.768","1"
"995543610","self-matching","5","Nonmatching","friend","Friend","Close","779","0.779","1"
"995543610","self-matching","7","Matching","self","Self","Self","453","0.453","1"
"995543610","self-matching","9","Nonmatching","friend","Friend","Close","755","0.755","0"
"995543610","self-matching","11","Matching","self","Self","Self","788","0.788","1"
"995543610","self-matching","13","Matching","self","Self","Self","646","0.646","1"
"995543610","self-matching","15","Nonmatching","friend","Friend","Close","728","0.728","1"
"995543610","self-matching","17","Nonmatching","self","Self","Self","897","0.897","1"
"995543610","self-matching","19","Matching","self","Self","Self","550","0.55","1"
"995543610","self-matching","21","Matching","friend","Friend","Close","603","0.603","0"
"995543610","self-matching","23","Nonmatching","self","Self","Self","841","0.841","1"
"995543610","self-matching","25","Nonmatching","self","Self","Self","585","0.585","1"
"995543610","self-matching","27","Matching","friend","Friend","Close","1003","1.003","0"
"995543610","self-matching","29","Matching","self","Self","Self","651","0.651","1"
"995543610","self-matching","31","Matching","friend","Friend","Close","857","0.857","0"
"995543610","self-matching","33","Nonmatching","friend","Friend","Close","953","0.953","1"
"995543610","self-matching","35","Matching","friend","Friend","Close","691","0.691","1"
"995543610","self-matching","37","Nonmatching","friend","Friend","Close","538","0.538","1"
"995543610","self-matching","43","Matching","self","Self","Self","628","0.628","1"
"995543610","self-matching","45","Nonmatching","friend","Friend","Close","1162","1.162","1"
"995543610","self-matching","47","Nonmatching","self","Self","Self","1119","1.119","1"
"995543610","self-matching","49","Nonmatching","self","Self","Self","1073","1.073","1"
"995543610","self-matching","51","Matching","friend","Friend","Close","743","0.743","1"
"995543610","self-matching","53","Matching","self","Self","Self","522","0.522","1"
"995543610","self-matching","55","Nonmatching","friend","Friend","Close","853","0.853","1"
"995543610","self-matching","57","Matching","self","Self","Self","446","0.446","1"
"995543610","self-matching","59","Matching","friend","Friend","Close","709","0.709","1"
"995543610","self-matching","61","Matching","self","Self","Self","605","0.605","1"
"995543610","self-matching","63","Nonmatching","friend","Friend","Close","745","0.745","1"
"995543610","self-matching","65","Nonmatching","self","Self","Self","702","0.702","1"
"995543610","self-matching","67","Nonmatching","friend","Friend","Close","418","0.418","1"
"995543610","self-matching","69","Nonmatching","friend","Friend","Close","436","0.436","1"
"995543610","self-matching","71","Nonmatching","friend","Friend","Close","466","0.466","1"
"995543610","self-matching","73","Nonmatching","self","Self","Self","902","0.902","1"
"995543610","self-matching","75","Matching","self","Self","Self","493","0.493","1"
"995543610","self-matching","77","Matching","friend","Friend","Close","771","0.771","1"
"995543610","self-matching","79","Matching","self","Self","Self","507","0.507","1"
"995543610","self-matching","81","Nonmatching","self","Self","Self","727","0.727","1"
"995543610","self-matching","83","Nonmatching","friend","Friend","Close","740","0.74","1"
"995543610","self-matching","85","Nonmatching","friend","Friend","Close","558","0.558","1"
"995543610","self-matching","87","Nonmatching","self","Self","Self","517","0.517","1"
"995543610","self-matching","89","Matching","self","Self","Self","358","0.358","1"
"995543610","self-matching","91","Nonmatching","friend","Friend","Close","949","0.949","1"
"995543610","self-matching","93","Nonmatching","friend","Friend","Close","429","0.429","1"
"995543610","self-matching","95","Nonmatching","friend","Friend","Close","630","0.63","1"
"995543610","self-matching","97","Matching","friend","Friend","Close","740","0.74","1"
"995543610","self-matching","99","Matching","friend","Friend","Close","918","0.918","1"
"995543610","self-matching","101","Nonmatching","self","Self","Self","547","0.547","1"
"995543610","self-matching","103","Matching","friend","Friend","Close","760","0.76","1"
"995543610","self-matching","105","Nonmatching","self","Self","Self","631","0.631","1"
"995543610","self-matching","107","Matching","self","Self","Self","338","0.338","1"
"995543610","self-matching","109","Nonmatching","friend","Friend","Close","1076","1.076","1"
"995543610","self-matching","111","Matching","friend","Friend","Close","639","0.639","1"
"995543610","self-matching","113","Nonmatching","friend","Friend","Close","546","0.546","1"
"995543610","self-matching","115","Nonmatching","friend","Friend","Close","742","0.742","1"
"995543610","self-matching","117","Matching","self","Self","Self","575","0.575","1"
"995543610","self-matching","119","Matching","friend","Friend","Close","546","0.546","0"
"995543610","self-matching","121","Nonmatching","friend","Friend","Close","687","0.687","1"
"995543610","self-matching","123","Nonmatching","friend","Friend","Close","603","0.603","1"
"995543610","self-matching","125","Matching","self","Self","Self","477","0.477","1"
"995543610","self-matching","127","Nonmatching","self","Self","Self","453","0.453","0"
"995543610","self-matching","129","Matching","self","Self","Self","545","0.545","1"
"995543610","self-matching","131","Nonmatching","self","Self","Self","523","0.523","1"
"995543610","self-matching","133","Matching","friend","Friend","Close","367","0.367","0"
"995543610","self-matching","135","Matching","friend","Friend","Close","755","0.755","0"
"995543610","self-matching","137","Matching","self","Self","Self","564","0.564","1"
"995543610","self-matching","139","Nonmatching","self","Self","Self","568","0.568","1"
"995543610","self-matching","141","Nonmatching","self","Self","Self","640","0.64","1"
"995543610","self-matching","143","Nonmatching","friend","Friend","Close","773","0.773","1"
"995543610","self-matching","145","Nonmatching","self","Self","Self","1044","1.044","1"
"995543610","self-matching","147","Nonmatching","self","Self","Self","619","0.619","1"
"995543610","self-matching","149","Nonmatching","self","Self","Self","579","0.579","1"
"995543610","self-matching","151","Nonmatching","friend","Friend","Close","726","0.726","1"
"995543610","self-matching","153","Matching","friend","Friend","Close","764","0.764","1"
"995543610","self-matching","155","Nonmatching","self","Self","Self","587","0.587","1"
"995543610","self-matching","157","Matching","self","Self","Self","622","0.622","1"
"995543610","self-matching","159","Matching","friend","Friend","Close","635","0.635","0"
"995543610","self-matching","161","Nonmatching","friend","Friend","Close","586","0.586","0"
"995543610","self-matching","163","Nonmatching","self","Self","Self","741","0.741","1"
"995543610","self-matching","165","Matching","self","Self","Self","503","0.503","1"
"995543610","self-matching","167","Matching","self","Self","Self","844","0.844","1"
"995543610","self-matching","169","Matching","self","Self","Self","661","0.661","1"
"995543610","self-matching","171","Matching","self","Self","Self","596","0.596","1"
"995543610","self-matching","173","Matching","friend","Friend","Close","491","0.491","0"
"995543610","self-matching","175","Nonmatching","friend","Friend","Close","793","0.793","1"
"995543610","self-matching","177","Matching","friend","Friend","Close","730","0.73","1"
"995543610","self-matching","179","Nonmatching","self","Self","Self","1006","1.006","1"
"995543610","self-matching","181","Nonmatching","friend","Friend","Close","1110","1.11","1"
"995543610","self-matching","183","Nonmatching","self","Self","Self","749","0.749","1"
"995543610","self-matching","185","Matching","friend","Friend","Close","638","0.638","1"
"995543610","self-matching","187","Matching","self","Self","Self","565","0.565","1"
"995543610","self-matching","189","Matching","self","Self","Self","601","0.601","1"
"995543610","self-matching","191","Matching","friend","Friend","Close","616","0.616","1"
"995543610","self-matching","193","Matching","self","Self","Self","471","0.471","1"
"995543610","self-matching","195","Matching","friend","Friend","Close","567","0.567","0"
"995543610","self-matching","197","Nonmatching","self","Self","Self","792","0.792","1"
"995543610","self-matching","199","Matching","friend","Friend","Close","690","0.69","1"
"995543610","self-matching","201","Matching","self","Self","Self","437","0.437","1"
"995543610","self-matching","203","Matching","friend","Friend","Close","719","0.719","1"
"995543610","self-matching","205","Nonmatching","friend","Friend","Close","461","0.461","1"
"995543610","self-matching","207","Matching","friend","Friend","Close","743","0.743","1"
"995543610","self-matching","209","Nonmatching","self","Self","Self","732","0.732","1"
"995543610","self-matching","211","Nonmatching","self","Self","Self","621","0.621","1"
"995543610","self-matching","213","Nonmatching","self","Self","Self","442","0.442","1"
"995543610","self-matching","215","Matching","friend","Friend","Close","370","0.37","1"
"995543610","self-matching","217","Matching","self","Self","Self","347","0.347","1"
"995543610","self-matching","219","Matching","friend","Friend","Close","289","0.289","1"
"995543610","self-matching","221","Nonmatching","self","Self","Self","644","0.644","1"
"995543610","self-matching","223","Matching","friend","Friend","Close","650","0.65","1"
"995543610","self-matching","225","Matching","self","Self","Self","348","0.348","1"
"995543610","self-matching","229","Nonmatching","self","Self","Self","499","0.499","1"
"995543610","self-matching","231","Matching","friend","Friend","Close","568","0.568","1"
"995543610","self-matching","233","Matching","friend","Friend","Close","658","0.658","1"
"995543610","self-matching","235","Matching","self","Self","Self","301","0.301","1"
"995543610","self-matching","237","Nonmatching","friend","Friend","Close","540","0.54","1"
"995543610","self-matching","239","Matching","self","Self","Self","454","0.454","1"
"995543611","self-matching","1","Nonmatching","friend","Friend","Close","694","0.694","0"
"995543611","self-matching","3","Matching","self","Self","Self","397","0.397","1"
"995543611","self-matching","5","Matching","friend","Friend","Close","336","0.336","0"
"995543611","self-matching","7","Matching","self","Self","Self","247","0.247","1"
"995543611","self-matching","9","Nonmatching","friend","Friend","Close","322","0.322","0"
"995543611","self-matching","11","Nonmatching","friend","Friend","Close","426","0.426","1"
"995543611","self-matching","13","Nonmatching","self","Self","Self","604","0.604","1"
"995543611","self-matching","15","Matching","self","Self","Self","434","0.434","1"
"995543611","self-matching","17","Matching","friend","Friend","Close","455","0.455","0"
"995543611","self-matching","19","Nonmatching","self","Self","Self","337","0.337","0"
"995543611","self-matching","21","Nonmatching","friend","Friend","Close","578","0.578","1"
"995543611","self-matching","23","Matching","friend","Friend","Close","510","0.51","1"
"995543611","self-matching","25","Matching","self","Self","Self","353","0.353","1"
"995543611","self-matching","27","Nonmatching","self","Self","Self","347","0.347","0"
"995543611","self-matching","29","Nonmatching","friend","Friend","Close","547","0.547","1"
"995543611","self-matching","31","Matching","self","Self","Self","360","0.36","1"
"995543611","self-matching","33","Nonmatching","self","Self","Self","497","0.497","1"
"995543611","self-matching","35","Matching","self","Self","Self","377","0.377","1"
"995543611","self-matching","37","Nonmatching","friend","Friend","Close","420","0.42","1"
"995543611","self-matching","39","Matching","friend","Friend","Close","517","0.517","1"
"995543611","self-matching","41","Matching","self","Self","Self","396","0.396","1"
"995543611","self-matching","43","Nonmatching","self","Self","Self","491","0.491","1"
"995543611","self-matching","45","Nonmatching","friend","Friend","Close","569","0.569","1"
"995543611","self-matching","47","Matching","self","Self","Self","281","0.281","1"
"995543611","self-matching","49","Nonmatching","friend","Friend","Close","508","0.508","1"
"995543611","self-matching","51","Nonmatching","friend","Friend","Close","442","0.442","1"
"995543611","self-matching","53","Nonmatching","self","Self","Self","275","0.275","0"
"995543611","self-matching","55","Matching","self","Self","Self","372","0.372","1"
"995543611","self-matching","57","Nonmatching","friend","Friend","Close","417","0.417","1"
"995543611","self-matching","59","Matching","friend","Friend","Close","551","0.551","1"
"995543611","self-matching","61","Nonmatching","friend","Friend","Close","451","0.451","1"
"995543611","self-matching","63","Nonmatching","self","Self","Self","475","0.475","0"
"995543611","self-matching","65","Nonmatching","friend","Friend","Close","531","0.531","1"
"995543611","self-matching","67","Nonmatching","self","Self","Self","285","0.285","0"
"995543611","self-matching","69","Nonmatching","friend","Friend","Close","532","0.532","1"
"995543611","self-matching","71","Matching","self","Self","Self","368","0.368","1"
"995543611","self-matching","73","Matching","friend","Friend","Close","463","0.463","1"
"995543611","self-matching","75","Matching","friend","Friend","Close","406","0.406","0"
"995543611","self-matching","77","Nonmatching","friend","Friend","Close","502","0.502","1"
"995543611","self-matching","79","Matching","friend","Friend","Close","458","0.458","0"
"995543611","self-matching","81","Matching","self","Self","Self","576","0.576","1"
"995543611","self-matching","83","Nonmatching","self","Self","Self","463","0.463","1"
"995543611","self-matching","85","Matching","friend","Friend","Close","536","0.536","1"
"995543611","self-matching","87","Matching","self","Self","Self","333","0.333","1"
"995543611","self-matching","89","Matching","friend","Friend","Close","540","0.54","1"
"995543611","self-matching","91","Nonmatching","self","Self","Self","513","0.513","1"
"995543611","self-matching","93","Matching","friend","Friend","Close","556","0.556","0"
"995543611","self-matching","95","Nonmatching","self","Self","Self","444","0.444","1"
"995543611","self-matching","97","Matching","friend","Friend","Close","441","0.441","1"
"995543611","self-matching","99","Nonmatching","friend","Friend","Close","439","0.439","0"
"995543611","self-matching","101","Matching","self","Self","Self","392","0.392","1"
"995543611","self-matching","103","Matching","friend","Friend","Close","473","0.473","1"
"995543611","self-matching","105","Nonmatching","self","Self","Self","378","0.378","1"
"995543611","self-matching","107","Nonmatching","friend","Friend","Close","760","0.76","1"
"995543611","self-matching","109","Matching","self","Self","Self","385","0.385","1"
"995543611","self-matching","111","Matching","self","Self","Self","263","0.263","1"
"995543611","self-matching","113","Matching","friend","Friend","Close","295","0.295","0"
"995543611","self-matching","115","Nonmatching","self","Self","Self","565","0.565","0"
"995543611","self-matching","117","Nonmatching","friend","Friend","Close","534","0.534","0"
"995543611","self-matching","119","Matching","self","Self","Self","452","0.452","1"
"995543611","self-matching","121","Nonmatching","friend","Friend","Close","571","0.571","1"
"995543611","self-matching","123","Matching","self","Self","Self","542","0.542","1"
"995543611","self-matching","125","Matching","friend","Friend","Close","546","0.546","0"
"995543611","self-matching","127","Matching","friend","Friend","Close","437","0.437","1"
"995543611","self-matching","129","Matching","friend","Friend","Close","362","0.362","1"
"995543611","self-matching","131","Matching","friend","Friend","Close","362","0.362","1"
"995543611","self-matching","133","Nonmatching","friend","Friend","Close","376","0.376","0"
"995543611","self-matching","135","Matching","friend","Friend","Close","451","0.451","1"
"995543611","self-matching","137","Matching","friend","Friend","Close","499","0.499","1"
"995543611","self-matching","139","Matching","friend","Friend","Close","346","0.346","1"
"995543611","self-matching","141","Nonmatching","self","Self","Self","580","0.58","1"
"995543611","self-matching","143","Nonmatching","friend","Friend","Close","562","0.562","1"
"995543611","self-matching","145","Nonmatching","friend","Friend","Close","527","0.527","1"
"995543611","self-matching","147","Matching","self","Self","Self","258","0.258","1"
"995543611","self-matching","149","Nonmatching","friend","Friend","Close","310","0.31","0"
"995543611","self-matching","151","Matching","self","Self","Self","349","0.349","1"
"995543611","self-matching","153","Matching","friend","Friend","Close","571","0.571","0"
"995543611","self-matching","155","Nonmatching","friend","Friend","Close","507","0.507","1"
"995543611","self-matching","157","Nonmatching","friend","Friend","Close","538","0.538","1"
"995543611","self-matching","159","Nonmatching","self","Self","Self","298","0.298","0"
"995543611","self-matching","161","Matching","friend","Friend","Close","548","0.548","1"
"995543611","self-matching","163","Matching","friend","Friend","Close","554","0.554","1"
"995543611","self-matching","165","Matching","self","Self","Self","367","0.367","1"
"995543611","self-matching","167","Matching","friend","Friend","Close","421","0.421","0"
"995543611","self-matching","169","Matching","self","Self","Self","458","0.458","0"
"995543611","self-matching","171","Nonmatching","self","Self","Self","305","0.305","0"
"995543611","self-matching","173","Matching","self","Self","Self","351","0.351","1"
"995543611","self-matching","175","Matching","self","Self","Self","353","0.353","1"
"995543611","self-matching","177","Nonmatching","friend","Friend","Close","538","0.538","0"
"995543611","self-matching","179","Nonmatching","self","Self","Self","515","0.515","1"
"995543611","self-matching","181","Matching","friend","Friend","Close","452","0.452","0"
"995543611","self-matching","183","Matching","friend","Friend","Close","556","0.556","1"
"995543611","self-matching","185","Nonmatching","friend","Friend","Close","559","0.559","1"
"995543611","self-matching","187","Matching","self","Self","Self","451","0.451","1"
"995543611","self-matching","189","Matching","friend","Friend","Close","776","0.776","1"
"995543611","self-matching","191","Matching","self","Self","Self","434","0.434","1"
"995543611","self-matching","193","Nonmatching","self","Self","Self","450","0.45","1"
"995543611","self-matching","195","Matching","self","Self","Self","456","0.456","1"
"995543611","self-matching","197","Nonmatching","self","Self","Self","503","0.503","1"
"995543611","self-matching","199","Matching","self","Self","Self","543","0.543","1"
"995543611","self-matching","201","Nonmatching","friend","Friend","Close","462","0.462","1"
"995543611","self-matching","203","Nonmatching","self","Self","Self","616","0.616","0"
"995543611","self-matching","205","Nonmatching","self","Self","Self","526","0.526","1"
"995543611","self-matching","207","Nonmatching","self","Self","Self","523","0.523","1"
"995543611","self-matching","209","Nonmatching","self","Self","Self","462","0.462","1"
"995543611","self-matching","211","Nonmatching","friend","Friend","Close","527","0.527","1"
"995543611","self-matching","213","Nonmatching","friend","Friend","Close","523","0.523","1"
"995543611","self-matching","215","Matching","self","Self","Self","523","0.523","1"
"995543611","self-matching","217","Matching","self","Self","Self","460","0.46","1"
"995543611","self-matching","219","Nonmatching","friend","Friend","Close","397","0.397","1"
"995543611","self-matching","221","Nonmatching","self","Self","Self","704","0.704","1"
"995543611","self-matching","223","Matching","self","Self","Self","498","0.498","1"
"995543611","self-matching","225","Nonmatching","self","Self","Self","508","0.508","1"
"995543611","self-matching","227","Nonmatching","self","Self","Self","590","0.59","1"
"995543611","self-matching","229","Matching","friend","Friend","Close","449","0.449","1"
"995543611","self-matching","231","Nonmatching","self","Self","Self","450","0.45","1"
"995543611","self-matching","233","Matching","friend","Friend","Close","470","0.47","0"
"995543611","self-matching","235","Nonmatching","self","Self","Self","477","0.477","1"
"995543611","self-matching","237","Nonmatching","self","Self","Self","499","0.499","1"
"995543611","self-matching","239","Nonmatching","self","Self","Self","529","0.529","1"
"995543616","self-matching","1","Matching","self","Self","Self","324","0.324","1"
"995543616","self-matching","3","Matching","self","Self","Self","305","0.305","1"
"995543616","self-matching","5","Nonmatching","self","Self","Self","349","0.349","1"
"995543616","self-matching","7","Matching","friend","Friend","Close","453","0.453","0"
"995543616","self-matching","9","Matching","friend","Friend","Close","323","0.323","0"
"995543616","self-matching","13","Nonmatching","friend","Friend","Close","624","0.624","1"
"995543616","self-matching","15","Matching","self","Self","Self","640","0.64","1"
"995543616","self-matching","17","Matching","friend","Friend","Close","324","0.324","0"
"995543616","self-matching","19","Nonmatching","friend","Friend","Close","505","0.505","0"
"995543616","self-matching","21","Nonmatching","friend","Friend","Close","667","0.667","1"
"995543616","self-matching","23","Nonmatching","friend","Friend","Close","573","0.573","1"
"995543616","self-matching","25","Nonmatching","friend","Friend","Close","631","0.631","1"
"995543616","self-matching","27","Nonmatching","friend","Friend","Close","469","0.469","1"
"995543616","self-matching","29","Nonmatching","friend","Friend","Close","422","0.422","1"
"995543616","self-matching","31","Matching","self","Self","Self","551","0.551","1"
"995543616","self-matching","33","Matching","friend","Friend","Close","820","0.82","1"
"995543616","self-matching","35","Matching","friend","Friend","Close","627","0.627","1"
"995543616","self-matching","37","Nonmatching","self","Self","Self","524","0.524","1"
"995543616","self-matching","39","Matching","friend","Friend","Close","736","0.736","1"
"995543616","self-matching","41","Matching","self","Self","Self","529","0.529","1"
"995543616","self-matching","43","Matching","self","Self","Self","539","0.539","1"
"995543616","self-matching","45","Matching","friend","Friend","Close","719","0.719","1"
"995543616","self-matching","47","Nonmatching","friend","Friend","Close","837","0.837","1"
"995543616","self-matching","49","Matching","self","Self","Self","596","0.596","1"
"995543616","self-matching","51","Matching","self","Self","Self","744","0.744","1"
"995543616","self-matching","53","Matching","friend","Friend","Close","519","0.519","0"
"995543616","self-matching","55","Matching","self","Self","Self","643","0.643","1"
"995543616","self-matching","57","Matching","self","Self","Self","423","0.423","1"
"995543616","self-matching","59","Matching","friend","Friend","Close","552","0.552","1"
"995543616","self-matching","61","Nonmatching","self","Self","Self","815","0.815","1"
"995543616","self-matching","63","Matching","self","Self","Self","537","0.537","1"
"995543616","self-matching","65","Matching","friend","Friend","Close","1004","1.004","1"
"995543616","self-matching","67","Nonmatching","friend","Friend","Close","770","0.77","1"
"995543616","self-matching","69","Nonmatching","friend","Friend","Close","664","0.664","1"
"995543616","self-matching","71","Matching","friend","Friend","Close","649","0.649","1"
"995543616","self-matching","73","Nonmatching","friend","Friend","Close","614","0.614","1"
"995543616","self-matching","75","Nonmatching","self","Self","Self","864","0.864","1"
"995543616","self-matching","77","Nonmatching","self","Self","Self","605","0.605","1"
"995543616","self-matching","79","Nonmatching","self","Self","Self","437","0.437","1"
"995543616","self-matching","81","Nonmatching","friend","Friend","Close","697","0.697","0"
"995543616","self-matching","83","Nonmatching","self","Self","Self","1196","1.196","1"
"995543616","self-matching","85","Nonmatching","friend","Friend","Close","712","0.712","1"
"995543616","self-matching","87","Matching","friend","Friend","Close","719","0.719","1"
"995543616","self-matching","89","Nonmatching","friend","Friend","Close","564","0.564","1"
"995543616","self-matching","93","Nonmatching","self","Self","Self","643","0.643","1"
"995543616","self-matching","95","Matching","friend","Friend","Close","697","0.697","1"
"995543616","self-matching","97","Nonmatching","friend","Friend","Close","490","0.49","1"
"995543616","self-matching","99","Nonmatching","self","Self","Self","616","0.616","1"
"995543616","self-matching","101","Matching","self","Self","Self","320","0.32","1"
"995543616","self-matching","103","Matching","friend","Friend","Close","679","0.679","1"
"995543616","self-matching","105","Nonmatching","friend","Friend","Close","581","0.581","1"
"995543616","self-matching","107","Matching","friend","Friend","Close","503","0.503","1"
"995543616","self-matching","109","Nonmatching","friend","Friend","Close","1149","1.149","0"
"995543616","self-matching","111","Matching","friend","Friend","Close","740","0.74","1"
"995543616","self-matching","113","Matching","self","Self","Self","842","0.842","1"
"995543616","self-matching","115","Nonmatching","self","Self","Self","720","0.72","1"
"995543616","self-matching","117","Matching","self","Self","Self","903","0.903","1"
"995543616","self-matching","119","Nonmatching","self","Self","Self","555","0.555","1"
"995543616","self-matching","121","Nonmatching","self","Self","Self","465","0.465","1"
"995543616","self-matching","123","Matching","self","Self","Self","459","0.459","1"
"995543616","self-matching","125","Nonmatching","self","Self","Self","710","0.71","1"
"995543616","self-matching","127","Matching","self","Self","Self","614","0.614","1"
"995543616","self-matching","129","Matching","friend","Friend","Close","455","0.455","0"
"995543616","self-matching","131","Nonmatching","self","Self","Self","604","0.604","0"
"995543616","self-matching","133","Matching","friend","Friend","Close","1053","1.053","1"
"995543616","self-matching","135","Nonmatching","self","Self","Self","557","0.557","1"
"995543616","self-matching","137","Nonmatching","friend","Friend","Close","815","0.815","1"
"995543616","self-matching","139","Nonmatching","friend","Friend","Close","349","0.349","1"
"995543616","self-matching","141","Matching","self","Self","Self","443","0.443","1"
"995543616","self-matching","143","Matching","friend","Friend","Close","576","0.576","1"
"995543616","self-matching","145","Nonmatching","friend","Friend","Close","452","0.452","1"
"995543616","self-matching","147","Matching","self","Self","Self","438","0.438","1"
"995543616","self-matching","149","Nonmatching","self","Self","Self","446","0.446","1"
"995543616","self-matching","151","Nonmatching","self","Self","Self","377","0.377","1"
"995543616","self-matching","153","Nonmatching","self","Self","Self","294","0.294","1"
"995543616","self-matching","155","Nonmatching","friend","Friend","Close","622","0.622","1"
"995543616","self-matching","157","Matching","self","Self","Self","359","0.359","1"
"995543616","self-matching","159","Matching","friend","Friend","Close","337","0.337","1"
"995543616","self-matching","161","Matching","self","Self","Self","629","0.629","1"
"995543616","self-matching","163","Nonmatching","friend","Friend","Close","540","0.54","1"
"995543616","self-matching","165","Matching","friend","Friend","Close","915","0.915","1"
"995543616","self-matching","167","Matching","self","Self","Self","431","0.431","1"
"995543616","self-matching","169","Matching","self","Self","Self","378","0.378","1"
"995543616","self-matching","171","Nonmatching","self","Self","Self","536","0.536","1"
"995543616","self-matching","173","Matching","self","Self","Self","495","0.495","1"
"995543616","self-matching","179","Nonmatching","self","Self","Self","537","0.537","1"
"995543616","self-matching","181","Nonmatching","friend","Friend","Close","1004","1.004","1"
"995543616","self-matching","183","Matching","friend","Friend","Close","900","0.9","1"
"995543616","self-matching","185","Nonmatching","self","Self","Self","516","0.516","1"
"995543616","self-matching","187","Nonmatching","friend","Friend","Close","972","0.972","1"
"995543616","self-matching","189","Matching","self","Self","Self","818","0.818","1"
"995543616","self-matching","191","Nonmatching","friend","Friend","Close","474","0.474","1"
"995543616","self-matching","193","Nonmatching","self","Self","Self","647","0.647","1"
"995543616","self-matching","195","Matching","self","Self","Self","520","0.52","1"
"995543616","self-matching","197","Matching","friend","Friend","Close","347","0.347","1"
"995543616","self-matching","199","Nonmatching","self","Self","Self","330","0.33","1"
"995543616","self-matching","201","Nonmatching","self","Self","Self","451","0.451","1"
"995543616","self-matching","203","Nonmatching","friend","Friend","Close","399","0.399","0"
"995543616","self-matching","205","Matching","self","Self","Self","510","0.51","1"
"995543616","self-matching","207","Nonmatching","self","Self","Self","809","0.809","1"
"995543616","self-matching","209","Matching","friend","Friend","Close","539","0.539","1"
"995543616","self-matching","211","Matching","friend","Friend","Close","302","0.302","1"
"995543616","self-matching","213","Nonmatching","self","Self","Self","530","0.53","1"
"995543616","self-matching","215","Matching","friend","Friend","Close","902","0.902","1"
"995543616","self-matching","217","Nonmatching","self","Self","Self","544","0.544","1"
"995543616","self-matching","219","Matching","self","Self","Self","732","0.732","1"
"995543616","self-matching","221","Matching","self","Self","Self","611","0.611","1"
"995543616","self-matching","223","Matching","self","Self","Self","311","0.311","1"
"995543616","self-matching","225","Nonmatching","self","Self","Self","422","0.422","0"
"995543616","self-matching","227","Matching","friend","Friend","Close","303","0.303","1"
"995543616","self-matching","229","Nonmatching","friend","Friend","Close","647","0.647","1"
"995543616","self-matching","231","Nonmatching","self","Self","Self","682","0.682","0"
"995543616","self-matching","233","Matching","friend","Friend","Close","341","0.341","1"
"995543616","self-matching","235","Nonmatching","friend","Friend","Close","733","0.733","1"
"995543616","self-matching","237","Nonmatching","friend","Friend","Close","557","0.557","1"
"995543617","self-matching","1","Nonmatching","friend","Friend","Close","624","0.624","1"
"995543617","self-matching","3","Matching","self","Self","Self","442","0.442","1"
"995543617","self-matching","5","Nonmatching","friend","Friend","Close","393","0.393","1"
"995543617","self-matching","7","Nonmatching","self","Self","Self","905","0.905","1"
"995543617","self-matching","9","Nonmatching","friend","Friend","Close","642","0.642","1"
"995543617","self-matching","13","Nonmatching","self","Self","Self","599","0.599","1"
"995543617","self-matching","15","Matching","self","Self","Self","690","0.69","1"
"995543617","self-matching","17","Matching","self","Self","Self","450","0.45","0"
"995543617","self-matching","19","Matching","self","Self","Self","337","0.337","1"
"995543617","self-matching","21","Matching","friend","Friend","Close","890","0.89","1"
"995543617","self-matching","23","Nonmatching","friend","Friend","Close","620","0.62","1"
"995543617","self-matching","25","Matching","friend","Friend","Close","725","0.725","1"
"995543617","self-matching","27","Nonmatching","friend","Friend","Close","446","0.446","1"
"995543617","self-matching","29","Nonmatching","friend","Friend","Close","477","0.477","1"
"995543617","self-matching","31","Nonmatching","friend","Friend","Close","353","0.353","1"
"995543617","self-matching","33","Matching","self","Self","Self","450","0.45","1"
"995543617","self-matching","35","Matching","friend","Friend","Close","352","0.352","0"
"995543617","self-matching","37","Matching","friend","Friend","Close","515","0.515","1"
"995543617","self-matching","39","Matching","friend","Friend","Close","298","0.298","1"
"995543617","self-matching","41","Nonmatching","self","Self","Self","438","0.438","1"
"995543617","self-matching","43","Nonmatching","self","Self","Self","451","0.451","1"
"995543617","self-matching","45","Nonmatching","friend","Friend","Close","618","0.618","1"
"995543617","self-matching","47","Matching","friend","Friend","Close","634","0.634","1"
"995543617","self-matching","49","Matching","friend","Friend","Close","586","0.586","1"
"995543617","self-matching","51","Nonmatching","friend","Friend","Close","586","0.586","1"
"995543617","self-matching","53","Nonmatching","friend","Friend","Close","559","0.559","1"
"995543617","self-matching","55","Matching","friend","Friend","Close","331","0.331","0"
"995543617","self-matching","57","Nonmatching","self","Self","Self","569","0.569","0"
"995543617","self-matching","59","Nonmatching","friend","Friend","Close","701","0.701","1"
"995543617","self-matching","61","Matching","friend","Friend","Close","660","0.66","1"
"995543617","self-matching","63","Matching","self","Self","Self","568","0.568","1"
"995543617","self-matching","65","Nonmatching","self","Self","Self","428","0.428","1"
"995543617","self-matching","67","Matching","friend","Friend","Close","604","0.604","1"
"995543617","self-matching","69","Nonmatching","self","Self","Self","925","0.925","1"
"995543617","self-matching","71","Nonmatching","self","Self","Self","702","0.702","1"
"995543617","self-matching","73","Nonmatching","self","Self","Self","622","0.622","1"
"995543617","self-matching","75","Nonmatching","self","Self","Self","306","0.306","1"
"995543617","self-matching","77","Matching","self","Self","Self","455","0.455","1"
"995543617","self-matching","79","Nonmatching","self","Self","Self","469","0.469","1"
"995543617","self-matching","81","Matching","friend","Friend","Close","553","0.553","1"
"995543617","self-matching","83","Nonmatching","friend","Friend","Close","611","0.611","1"
"995543617","self-matching","85","Matching","self","Self","Self","916","0.916","1"
"995543617","self-matching","87","Matching","self","Self","Self","540","0.54","1"
"995543617","self-matching","89","Nonmatching","friend","Friend","Close","494","0.494","1"
"995543617","self-matching","91","Matching","self","Self","Self","489","0.489","1"
"995543617","self-matching","93","Nonmatching","friend","Friend","Close","454","0.454","1"
"995543617","self-matching","95","Matching","self","Self","Self","406","0.406","1"
"995543617","self-matching","97","Matching","self","Self","Self","328","0.328","1"
"995543617","self-matching","99","Nonmatching","friend","Friend","Close","302","0.302","1"
"995543617","self-matching","101","Matching","self","Self","Self","360","0.36","1"
"995543617","self-matching","103","Matching","self","Self","Self","327","0.327","1"
"995543617","self-matching","105","Nonmatching","friend","Friend","Close","330","0.33","1"
"995543617","self-matching","107","Nonmatching","self","Self","Self","649","0.649","1"
"995543617","self-matching","109","Nonmatching","friend","Friend","Close","603","0.603","1"
"995543617","self-matching","111","Nonmatching","friend","Friend","Close","430","0.43","1"
"995543617","self-matching","113","Nonmatching","self","Self","Self","542","0.542","1"
"995543617","self-matching","115","Matching","self","Self","Self","338","0.338","0"
"995543617","self-matching","117","Matching","self","Self","Self","456","0.456","1"
"995543617","self-matching","119","Nonmatching","friend","Friend","Close","332","0.332","1"
"995543617","self-matching","121","Matching","self","Self","Self","584","0.584","1"
"995543617","self-matching","123","Nonmatching","friend","Friend","Close","324","0.324","0"
"995543617","self-matching","125","Nonmatching","self","Self","Self","858","0.858","1"
"995543617","self-matching","127","Nonmatching","friend","Friend","Close","511","0.511","1"
"995543617","self-matching","129","Nonmatching","self","Self","Self","590","0.59","1"
"995543617","self-matching","131","Matching","self","Self","Self","514","0.514","1"
"995543617","self-matching","133","Matching","self","Self","Self","515","0.515","1"
"995543617","self-matching","135","Nonmatching","self","Self","Self","540","0.54","1"
"995543617","self-matching","137","Matching","self","Self","Self","500","0.5","1"
"995543617","self-matching","139","Nonmatching","self","Self","Self","643","0.643","1"
"995543617","self-matching","141","Nonmatching","friend","Friend","Close","609","0.609","0"
"995543617","self-matching","143","Matching","self","Self","Self","550","0.55","1"
"995543617","self-matching","145","Matching","friend","Friend","Close","783","0.783","1"
"995543617","self-matching","147","Matching","friend","Friend","Close","354","0.354","1"
"995543617","self-matching","149","Nonmatching","self","Self","Self","410","0.41","1"
"995543617","self-matching","151","Nonmatching","self","Self","Self","453","0.453","1"
"995543617","self-matching","153","Matching","self","Self","Self","279","0.279","0"
"995543617","self-matching","155","Nonmatching","friend","Friend","Close","488","0.488","1"
"995543617","self-matching","157","Nonmatching","self","Self","Self","694","0.694","1"
"995543617","self-matching","159","Matching","friend","Friend","Close","352","0.352","0"
"995543617","self-matching","161","Nonmatching","self","Self","Self","618","0.618","1"
"995543617","self-matching","163","Matching","friend","Friend","Close","361","0.361","1"
"995543617","self-matching","165","Matching","friend","Friend","Close","451","0.451","1"
"995543617","self-matching","167","Matching","friend","Friend","Close","323","0.323","1"
"995543617","self-matching","169","Matching","friend","Friend","Close","408","0.408","1"
"995543617","self-matching","171","Nonmatching","self","Self","Self","527","0.527","1"
"995543617","self-matching","173","Nonmatching","friend","Friend","Close","533","0.533","1"
"995543617","self-matching","175","Matching","friend","Friend","Close","622","0.622","1"
"995543617","self-matching","177","Nonmatching","self","Self","Self","496","0.496","1"
"995543617","self-matching","179","Matching","self","Self","Self","533","0.533","1"
"995543617","self-matching","181","Nonmatching","self","Self","Self","582","0.582","1"
"995543617","self-matching","183","Matching","friend","Friend","Close","460","0.46","1"
"995543617","self-matching","185","Matching","friend","Friend","Close","539","0.539","1"
"995543617","self-matching","187","Nonmatching","friend","Friend","Close","458","0.458","1"
"995543617","self-matching","189","Matching","friend","Friend","Close","607","0.607","1"
"995543617","self-matching","191","Matching","friend","Friend","Close","311","0.311","1"
"995543617","self-matching","193","Matching","friend","Friend","Close","481","0.481","1"
"995543617","self-matching","195","Nonmatching","friend","Friend","Close","351","0.351","1"
"995543617","self-matching","197","Matching","friend","Friend","Close","422","0.422","1"
"995543617","self-matching","199","Matching","self","Self","Self","447","0.447","1"
"995543617","self-matching","201","Nonmatching","friend","Friend","Close","743","0.743","1"
"995543617","self-matching","203","Matching","self","Self","Self","387","0.387","1"
"995543617","self-matching","205","Nonmatching","self","Self","Self","391","0.391","1"
"995543617","self-matching","207","Matching","self","Self","Self","417","0.417","1"
"995543617","self-matching","209","Matching","friend","Friend","Close","382","0.382","0"
"995543617","self-matching","211","Matching","friend","Friend","Close","439","0.439","1"
"995543617","self-matching","213","Nonmatching","friend","Friend","Close","330","0.33","0"
"995543617","self-matching","215","Nonmatching","friend","Friend","Close","688","0.688","1"
"995543617","self-matching","217","Nonmatching","self","Self","Self","603","0.603","1"
"995543617","self-matching","219","Matching","friend","Friend","Close","456","0.456","1"
"995543617","self-matching","221","Nonmatching","self","Self","Self","412","0.412","1"
"995543617","self-matching","223","Nonmatching","self","Self","Self","730","0.73","1"
"995543617","self-matching","225","Nonmatching","friend","Friend","Close","810","0.81","1"
"995543617","self-matching","227","Matching","self","Self","Self","548","0.548","1"
"995543617","self-matching","229","Matching","friend","Friend","Close","375","0.375","0"
"995543617","self-matching","231","Matching","self","Self","Self","598","0.598","1"
"995543617","self-matching","233","Nonmatching","self","Self","Self","440","0.44","1"
"995543617","self-matching","235","Matching","self","Self","Self","491","0.491","1"
"995543617","self-matching","237","Matching","friend","Friend","Close","374","0.374","1"
"995543617","self-matching","239","Matching","self","Self","Self","425","0.425","1"
"995543618","self-matching","1","Matching","self","Self","Self","587","0.587","1"
"995543618","self-matching","3","Matching","self","Self","Self","732","0.732","1"
"995543618","self-matching","5","Nonmatching","self","Self","Self","671","0.671","1"
"995543618","self-matching","7","Matching","friend","Friend","Close","926","0.926","1"
"995543618","self-matching","9","Matching","friend","Friend","Close","698","0.698","1"
"995543618","self-matching","11","Matching","friend","Friend","Close","534","0.534","1"
"995543618","self-matching","13","Nonmatching","self","Self","Self","632","0.632","1"
"995543618","self-matching","15","Nonmatching","self","Self","Self","1056","1.056","1"
"995543618","self-matching","17","Nonmatching","self","Self","Self","530","0.53","1"
"995543618","self-matching","19","Matching","self","Self","Self","611","0.611","1"
"995543618","self-matching","21","Matching","friend","Friend","Close","581","0.581","0"
"995543618","self-matching","23","Matching","self","Self","Self","780","0.78","1"
"995543618","self-matching","25","Matching","friend","Friend","Close","858","0.858","1"
"995543618","self-matching","27","Nonmatching","self","Self","Self","768","0.768","1"
"995543618","self-matching","29","Nonmatching","friend","Friend","Close","814","0.814","1"
"995543618","self-matching","31","Matching","self","Self","Self","476","0.476","1"
"995543618","self-matching","33","Nonmatching","friend","Friend","Close","932","0.932","1"
"995543618","self-matching","35","Matching","friend","Friend","Close","854","0.854","1"
"995543618","self-matching","37","Matching","friend","Friend","Close","516","0.516","1"
"995543618","self-matching","39","Nonmatching","friend","Friend","Close","634","0.634","1"
"995543618","self-matching","41","Matching","friend","Friend","Close","687","0.687","1"
"995543618","self-matching","43","Nonmatching","self","Self","Self","733","0.733","1"
"995543618","self-matching","45","Matching","self","Self","Self","519","0.519","1"
"995543618","self-matching","47","Nonmatching","self","Self","Self","440","0.44","1"
"995543618","self-matching","49","Nonmatching","friend","Friend","Close","814","0.814","1"
"995543618","self-matching","51","Matching","self","Self","Self","356","0.356","1"
"995543618","self-matching","53","Matching","self","Self","Self","622","0.622","1"
"995543618","self-matching","55","Nonmatching","self","Self","Self","606","0.606","1"
"995543618","self-matching","57","Matching","friend","Friend","Close","432","0.432","1"
"995543618","self-matching","59","Matching","self","Self","Self","419","0.419","1"
"995543618","self-matching","61","Matching","friend","Friend","Close","466","0.466","0"
"995543618","self-matching","63","Nonmatching","self","Self","Self","902","0.902","1"
"995543618","self-matching","65","Matching","self","Self","Self","489","0.489","1"
"995543618","self-matching","67","Nonmatching","friend","Friend","Close","839","0.839","1"
"995543618","self-matching","69","Nonmatching","self","Self","Self","721","0.721","1"
"995543618","self-matching","71","Nonmatching","friend","Friend","Close","864","0.864","1"
"995543618","self-matching","73","Matching","friend","Friend","Close","870","0.87","1"
"995543618","self-matching","75","Matching","friend","Friend","Close","689","0.689","1"
"995543618","self-matching","77","Nonmatching","self","Self","Self","629","0.629","1"
"995543618","self-matching","79","Nonmatching","self","Self","Self","826","0.826","1"
"995543618","self-matching","81","Nonmatching","friend","Friend","Close","840","0.84","1"
"995543618","self-matching","83","Nonmatching","self","Self","Self","758","0.758","1"
"995543618","self-matching","85","Matching","friend","Friend","Close","839","0.839","0"
"995543618","self-matching","87","Matching","self","Self","Self","866","0.866","1"
"995543618","self-matching","91","Matching","self","Self","Self","576","0.576","1"
"995543618","self-matching","93","Nonmatching","friend","Friend","Close","771","0.771","1"
"995543618","self-matching","95","Nonmatching","self","Self","Self","873","0.873","1"
"995543618","self-matching","97","Matching","self","Self","Self","511","0.511","1"
"995543618","self-matching","99","Nonmatching","self","Self","Self","559","0.559","1"
"995543618","self-matching","101","Nonmatching","self","Self","Self","629","0.629","1"
"995543618","self-matching","103","Nonmatching","self","Self","Self","643","0.643","1"
"995543618","self-matching","105","Nonmatching","friend","Friend","Close","641","0.641","0"
"995543618","self-matching","107","Nonmatching","friend","Friend","Close","543","0.543","1"
"995543618","self-matching","109","Nonmatching","friend","Friend","Close","530","0.53","1"
"995543618","self-matching","111","Nonmatching","self","Self","Self","633","0.633","1"
"995543618","self-matching","113","Nonmatching","self","Self","Self","651","0.651","1"
"995543618","self-matching","115","Matching","self","Self","Self","393","0.393","1"
"995543618","self-matching","117","Matching","self","Self","Self","430","0.43","1"
"995543618","self-matching","119","Matching","self","Self","Self","466","0.466","1"
"995543618","self-matching","121","Nonmatching","self","Self","Self","443","0.443","1"
"995543618","self-matching","123","Matching","friend","Friend","Close","924","0.924","1"
"995543618","self-matching","125","Nonmatching","friend","Friend","Close","764","0.764","1"
"995543618","self-matching","127","Nonmatching","friend","Friend","Close","592","0.592","1"
"995543618","self-matching","129","Nonmatching","self","Self","Self","708","0.708","1"
"995543618","self-matching","131","Nonmatching","friend","Friend","Close","951","0.951","1"
"995543618","self-matching","133","Nonmatching","self","Self","Self","779","0.779","1"
"995543618","self-matching","135","Nonmatching","friend","Friend","Close","699","0.699","1"
"995543618","self-matching","137","Nonmatching","self","Self","Self","640","0.64","1"
"995543618","self-matching","139","Nonmatching","friend","Friend","Close","630","0.63","1"
"995543618","self-matching","141","Matching","self","Self","Self","738","0.738","1"
"995543618","self-matching","143","Nonmatching","friend","Friend","Close","784","0.784","1"
"995543618","self-matching","145","Nonmatching","friend","Friend","Close","402","0.402","1"
"995543618","self-matching","147","Nonmatching","friend","Friend","Close","483","0.483","1"
"995543618","self-matching","149","Nonmatching","friend","Friend","Close","397","0.397","1"
"995543618","self-matching","151","Matching","friend","Friend","Close","447","0.447","0"
"995543618","self-matching","153","Matching","friend","Friend","Close","432","0.432","1"
"995543618","self-matching","155","Matching","friend","Friend","Close","461","0.461","0"
"995543618","self-matching","157","Nonmatching","friend","Friend","Close","747","0.747","1"
"995543618","self-matching","159","Nonmatching","self","Self","Self","883","0.883","1"
"995543618","self-matching","161","Nonmatching","self","Self","Self","646","0.646","1"
"995543618","self-matching","163","Matching","friend","Friend","Close","636","0.636","1"
"995543618","self-matching","165","Nonmatching","friend","Friend","Close","552","0.552","1"
"995543618","self-matching","167","Matching","friend","Friend","Close","707","0.707","1"
"995543618","self-matching","169","Matching","self","Self","Self","576","0.576","1"
"995543618","self-matching","171","Matching","friend","Friend","Close","620","0.62","1"
"995543618","self-matching","173","Matching","friend","Friend","Close","755","0.755","1"
"995543618","self-matching","175","Matching","self","Self","Self","626","0.626","1"
"995543618","self-matching","177","Matching","self","Self","Self","432","0.432","1"
"995543618","self-matching","179","Nonmatching","friend","Friend","Close","384","0.384","1"
"995543618","self-matching","181","Nonmatching","friend","Friend","Close","586","0.586","1"
"995543618","self-matching","183","Matching","self","Self","Self","521","0.521","1"
"995543618","self-matching","185","Matching","friend","Friend","Close","628","0.628","1"
"995543618","self-matching","187","Matching","friend","Friend","Close","916","0.916","1"
"995543618","self-matching","189","Matching","self","Self","Self","656","0.656","1"
"995543618","self-matching","191","Matching","self","Self","Self","413","0.413","1"
"995543618","self-matching","193","Matching","self","Self","Self","495","0.495","1"
"995543618","self-matching","195","Nonmatching","self","Self","Self","647","0.647","1"
"995543618","self-matching","197","Matching","friend","Friend","Close","415","0.415","1"
"995543618","self-matching","199","Matching","friend","Friend","Close","438","0.438","1"
"995543618","self-matching","201","Matching","friend","Friend","Close","325","0.325","1"
"995543618","self-matching","203","Nonmatching","self","Self","Self","536","0.536","1"
"995543618","self-matching","205","Nonmatching","self","Self","Self","405","0.405","1"
"995543618","self-matching","207","Nonmatching","friend","Friend","Close","415","0.415","0"
"995543618","self-matching","209","Matching","self","Self","Self","244","0.244","1"
"995543618","self-matching","211","Nonmatching","self","Self","Self","433","0.433","1"
"995543618","self-matching","213","Matching","self","Self","Self","711","0.711","1"
"995543618","self-matching","215","Nonmatching","friend","Friend","Close","619","0.619","1"
"995543618","self-matching","217","Nonmatching","friend","Friend","Close","952","0.952","1"
"995543618","self-matching","219","Nonmatching","friend","Friend","Close","602","0.602","1"
"995543618","self-matching","221","Matching","friend","Friend","Close","780","0.78","1"
"995543618","self-matching","223","Matching","friend","Friend","Close","395","0.395","1"
"995543618","self-matching","225","Matching","self","Self","Self","600","0.6","1"
"995543618","self-matching","227","Nonmatching","friend","Friend","Close","556","0.556","1"
"995543618","self-matching","229","Nonmatching","self","Self","Self","664","0.664","0"
"995543618","self-matching","231","Matching","friend","Friend","Close","585","0.585","0"
"995543618","self-matching","233","Matching","self","Self","Self","539","0.539","1"
"995543618","self-matching","235","Matching","self","Self","Self","503","0.503","1"
"995543618","self-matching","237","Matching","self","Self","Self","424","0.424","1"
"995543618","self-matching","239","Nonmatching","friend","Friend","Close","644","0.644","1"
"995543620","self-matching","1","Matching","self","Self","Self","438","0.438","0"
"995543620","self-matching","3","Nonmatching","self","Self","Self","854","0.854","0"
"995543620","self-matching","5","Nonmatching","friend","Friend","Close","732","0.732","0"
"995543620","self-matching","7","Nonmatching","friend","Friend","Close","728","0.728","0"
"995543620","self-matching","11","Matching","self","Self","Self","698","0.698","0"
"995543620","self-matching","15","Nonmatching","self","Self","Self","763","0.763","1"
"995543620","self-matching","19","Nonmatching","self","Self","Self","903","0.903","0"
"995543620","self-matching","23","Matching","friend","Friend","Close","436","0.436","1"
"995543620","self-matching","25","Matching","friend","Friend","Close","682","0.682","0"
"995543620","self-matching","27","Nonmatching","self","Self","Self","1137","1.137","1"
"995543620","self-matching","29","Matching","self","Self","Self","852","0.852","1"
"995543620","self-matching","31","Nonmatching","self","Self","Self","621","0.621","1"
"995543620","self-matching","35","Matching","self","Self","Self","931","0.931","0"
"995543620","self-matching","37","Matching","self","Self","Self","486","0.486","1"
"995543620","self-matching","39","Matching","friend","Friend","Close","572","0.572","1"
"995543620","self-matching","41","Nonmatching","friend","Friend","Close","955","0.955","1"
"995543620","self-matching","43","Matching","self","Self","Self","623","0.623","1"
"995543620","self-matching","45","Nonmatching","friend","Friend","Close","1035","1.035","1"
"995543620","self-matching","47","Matching","self","Self","Self","330","0.33","1"
"995543620","self-matching","49","Nonmatching","self","Self","Self","886","0.886","1"
"995543620","self-matching","51","Nonmatching","self","Self","Self","491","0.491","1"
"995543620","self-matching","53","Matching","friend","Friend","Close","437","0.437","1"
"995543620","self-matching","55","Nonmatching","friend","Friend","Close","662","0.662","1"
"995543620","self-matching","57","Nonmatching","self","Self","Self","826","0.826","1"
"995543620","self-matching","59","Nonmatching","friend","Friend","Close","558","0.558","1"
"995543620","self-matching","61","Matching","friend","Friend","Close","657","0.657","1"
"995543620","self-matching","63","Nonmatching","self","Self","Self","726","0.726","1"
"995543620","self-matching","65","Nonmatching","self","Self","Self","917","0.917","1"
"995543620","self-matching","67","Matching","friend","Friend","Close","549","0.549","1"
"995543620","self-matching","69","Matching","self","Self","Self","578","0.578","1"
"995543620","self-matching","71","Matching","self","Self","Self","413","0.413","1"
"995543620","self-matching","73","Matching","friend","Friend","Close","565","0.565","1"
"995543620","self-matching","75","Nonmatching","self","Self","Self","808","0.808","1"
"995543620","self-matching","77","Nonmatching","friend","Friend","Close","656","0.656","1"
"995543620","self-matching","79","Matching","friend","Friend","Close","625","0.625","1"
"995543620","self-matching","81","Matching","friend","Friend","Close","697","0.697","1"
"995543620","self-matching","83","Nonmatching","self","Self","Self","766","0.766","1"
"995543620","self-matching","85","Matching","friend","Friend","Close","518","0.518","1"
"995543620","self-matching","87","Matching","self","Self","Self","530","0.53","1"
"995543620","self-matching","89","Nonmatching","self","Self","Self","576","0.576","1"
"995543620","self-matching","91","Matching","self","Self","Self","598","0.598","1"
"995543620","self-matching","93","Matching","friend","Friend","Close","487","0.487","1"
"995543620","self-matching","95","Nonmatching","friend","Friend","Close","612","0.612","1"
"995543620","self-matching","97","Nonmatching","friend","Friend","Close","624","0.624","1"
"995543620","self-matching","99","Matching","self","Self","Self","446","0.446","1"
"995543620","self-matching","101","Matching","self","Self","Self","515","0.515","1"
"995543620","self-matching","103","Matching","self","Self","Self","347","0.347","1"
"995543620","self-matching","105","Matching","self","Self","Self","487","0.487","1"
"995543620","self-matching","107","Nonmatching","self","Self","Self","503","0.503","1"
"995543620","self-matching","109","Matching","self","Self","Self","562","0.562","1"
"995543620","self-matching","111","Matching","friend","Friend","Close","654","0.654","1"
"995543620","self-matching","113","Matching","self","Self","Self","503","0.503","1"
"995543620","self-matching","115","Nonmatching","self","Self","Self","571","0.571","1"
"995543620","self-matching","117","Nonmatching","friend","Friend","Close","624","0.624","1"
"995543620","self-matching","119","Matching","self","Self","Self","426","0.426","1"
"995543620","self-matching","121","Matching","self","Self","Self","378","0.378","1"
"995543620","self-matching","123","Matching","friend","Friend","Close","414","0.414","1"
"995543620","self-matching","125","Nonmatching","friend","Friend","Close","506","0.506","1"
"995543620","self-matching","127","Matching","self","Self","Self","565","0.565","1"
"995543620","self-matching","129","Matching","self","Self","Self","477","0.477","0"
"995543620","self-matching","131","Nonmatching","friend","Friend","Close","663","0.663","1"
"995543620","self-matching","133","Nonmatching","friend","Friend","Close","675","0.675","1"
"995543620","self-matching","135","Nonmatching","friend","Friend","Close","687","0.687","1"
"995543620","self-matching","137","Nonmatching","self","Self","Self","612","0.612","1"
"995543620","self-matching","139","Matching","friend","Friend","Close","644","0.644","1"
"995543620","self-matching","141","Nonmatching","friend","Friend","Close","653","0.653","1"
"995543620","self-matching","143","Matching","friend","Friend","Close","562","0.562","1"
"995543620","self-matching","145","Nonmatching","friend","Friend","Close","524","0.524","1"
"995543620","self-matching","147","Matching","friend","Friend","Close","566","0.566","1"
"995543620","self-matching","149","Nonmatching","friend","Friend","Close","529","0.529","1"
"995543620","self-matching","151","Matching","friend","Friend","Close","654","0.654","1"
"995543620","self-matching","153","Matching","friend","Friend","Close","513","0.513","1"
"995543620","self-matching","155","Matching","friend","Friend","Close","416","0.416","1"
"995543620","self-matching","157","Nonmatching","self","Self","Self","538","0.538","1"
"995543620","self-matching","159","Nonmatching","friend","Friend","Close","544","0.544","1"
"995543620","self-matching","161","Matching","friend","Friend","Close","429","0.429","1"
"995543620","self-matching","163","Nonmatching","friend","Friend","Close","654","0.654","1"
"995543620","self-matching","165","Matching","self","Self","Self","333","0.333","1"
"995543620","self-matching","167","Nonmatching","self","Self","Self","669","0.669","1"
"995543620","self-matching","169","Nonmatching","self","Self","Self","621","0.621","1"
"995543620","self-matching","171","Nonmatching","friend","Friend","Close","723","0.723","1"
"995543620","self-matching","173","Matching","self","Self","Self","696","0.696","1"
"995543620","self-matching","175","Matching","friend","Friend","Close","544","0.544","1"
"995543620","self-matching","177","Nonmatching","self","Self","Self","470","0.47","1"
"995543620","self-matching","179","Matching","friend","Friend","Close","622","0.622","1"
"995543620","self-matching","181","Matching","self","Self","Self","584","0.584","1"
"995543620","self-matching","183","Nonmatching","friend","Friend","Close","669","0.669","1"
"995543620","self-matching","185","Matching","self","Self","Self","401","0.401","1"
"995543620","self-matching","187","Matching","friend","Friend","Close","540","0.54","1"
"995543620","self-matching","189","Nonmatching","self","Self","Self","506","0.506","1"
"995543620","self-matching","191","Nonmatching","self","Self","Self","555","0.555","1"
"995543620","self-matching","193","Nonmatching","friend","Friend","Close","627","0.627","1"
"995543620","self-matching","195","Matching","friend","Friend","Close","849","0.849","1"
"995543620","self-matching","197","Matching","friend","Friend","Close","738","0.738","1"
"995543620","self-matching","199","Matching","friend","Friend","Close","484","0.484","1"
"995543620","self-matching","201","Nonmatching","friend","Friend","Close","609","0.609","1"
"995543620","self-matching","203","Nonmatching","friend","Friend","Close","828","0.828","1"
"995543620","self-matching","205","Matching","self","Self","Self","424","0.424","1"
"995543620","self-matching","207","Nonmatching","friend","Friend","Close","616","0.616","1"
"995543620","self-matching","209","Matching","friend","Friend","Close","568","0.568","0"
"995543620","self-matching","211","Matching","self","Self","Self","600","0.6","1"
"995543620","self-matching","213","Nonmatching","self","Self","Self","569","0.569","1"
"995543620","self-matching","215","Nonmatching","self","Self","Self","591","0.591","1"
"995543620","self-matching","217","Nonmatching","friend","Friend","Close","636","0.636","1"
"995543620","self-matching","219","Matching","friend","Friend","Close","442","0.442","1"
"995543620","self-matching","221","Matching","self","Self","Self","558","0.558","1"
"995543620","self-matching","223","Nonmatching","self","Self","Self","626","0.626","1"
"995543620","self-matching","225","Nonmatching","self","Self","Self","602","0.602","1"
"995543620","self-matching","227","Nonmatching","friend","Friend","Close","611","0.611","1"
"995543620","self-matching","229","Nonmatching","friend","Friend","Close","723","0.723","1"
"995543620","self-matching","231","Nonmatching","self","Self","Self","685","0.685","1"
"995543620","self-matching","233","Nonmatching","self","Self","Self","330","0.33","1"
"995543620","self-matching","235","Nonmatching","friend","Friend","Close","346","0.346","0"
"995543620","self-matching","237","Matching","self","Self","Self","485","0.485","1"
"995543620","self-matching","239","Nonmatching","self","Self","Self","650","0.65","1"
"995543624","self-matching","1","Nonmatching","friend","Friend","Close","376","0.376","1"
"995543624","self-matching","3","Nonmatching","self","Self","Self","407","0.407","0"
"995543624","self-matching","5","Nonmatching","self","Self","Self","458","0.458","1"
"995543624","self-matching","7","Matching","self","Self","Self","599","0.599","0"
"995543624","self-matching","9","Nonmatching","self","Self","Self","1034","1.034","1"
"995543624","self-matching","11","Nonmatching","friend","Friend","Close","315","0.315","0"
"995543624","self-matching","13","Nonmatching","friend","Friend","Close","518","0.518","0"
"995543624","self-matching","15","Matching","friend","Friend","Close","616","0.616","0"
"995543624","self-matching","17","Nonmatching","self","Self","Self","688","0.688","1"
"995543624","self-matching","19","Nonmatching","self","Self","Self","587","0.587","1"
"995543624","self-matching","21","Matching","self","Self","Self","498","0.498","1"
"995543624","self-matching","23","Matching","self","Self","Self","460","0.46","1"
"995543624","self-matching","25","Matching","self","Self","Self","384","0.384","1"
"995543624","self-matching","27","Nonmatching","self","Self","Self","274","0.274","1"
"995543624","self-matching","29","Nonmatching","self","Self","Self","510","0.51","1"
"995543624","self-matching","31","Matching","friend","Friend","Close","889","0.889","1"
"995543624","self-matching","33","Nonmatching","friend","Friend","Close","668","0.668","1"
"995543624","self-matching","35","Nonmatching","friend","Friend","Close","792","0.792","1"
"995543624","self-matching","37","Nonmatching","self","Self","Self","673","0.673","1"
"995543624","self-matching","39","Nonmatching","friend","Friend","Close","545","0.545","1"
"995543624","self-matching","41","Nonmatching","friend","Friend","Close","491","0.491","1"
"995543624","self-matching","43","Matching","friend","Friend","Close","496","0.496","0"
"995543624","self-matching","45","Matching","self","Self","Self","562","0.562","1"
"995543624","self-matching","47","Nonmatching","friend","Friend","Close","699","0.699","1"
"995543624","self-matching","49","Matching","self","Self","Self","596","0.596","1"
"995543624","self-matching","51","Matching","friend","Friend","Close","333","0.333","0"
"995543624","self-matching","53","Nonmatching","self","Self","Self","691","0.691","1"
"995543624","self-matching","55","Nonmatching","self","Self","Self","650","0.65","0"
"995543624","self-matching","57","Nonmatching","friend","Friend","Close","569","0.569","0"
"995543624","self-matching","59","Matching","friend","Friend","Close","831","0.831","1"
"995543624","self-matching","61","Matching","friend","Friend","Close","673","0.673","0"
"995543624","self-matching","63","Matching","self","Self","Self","579","0.579","1"
"995543624","self-matching","65","Nonmatching","friend","Friend","Close","784","0.784","1"
"995543624","self-matching","67","Nonmatching","friend","Friend","Close","609","0.609","1"
"995543624","self-matching","69","Nonmatching","self","Self","Self","696","0.696","1"
"995543624","self-matching","71","Nonmatching","self","Self","Self","865","0.865","1"
"995543624","self-matching","73","Nonmatching","friend","Friend","Close","572","0.572","1"
"995543624","self-matching","75","Nonmatching","self","Self","Self","908","0.908","0"
"995543624","self-matching","77","Matching","friend","Friend","Close","645","0.645","1"
"995543624","self-matching","79","Nonmatching","friend","Friend","Close","618","0.618","1"
"995543624","self-matching","81","Matching","friend","Friend","Close","683","0.683","0"
"995543624","self-matching","83","Matching","self","Self","Self","537","0.537","1"
"995543624","self-matching","85","Matching","self","Self","Self","414","0.414","1"
"995543624","self-matching","87","Nonmatching","self","Self","Self","470","0.47","1"
"995543624","self-matching","89","Nonmatching","self","Self","Self","708","0.708","1"
"995543624","self-matching","91","Nonmatching","friend","Friend","Close","672","0.672","0"
"995543624","self-matching","93","Nonmatching","self","Self","Self","677","0.677","1"
"995543624","self-matching","95","Matching","self","Self","Self","508","0.508","1"
"995543624","self-matching","97","Nonmatching","friend","Friend","Close","645","0.645","1"
"995543624","self-matching","99","Matching","self","Self","Self","589","0.589","1"
"995543624","self-matching","101","Nonmatching","friend","Friend","Close","818","0.818","1"
"995543624","self-matching","103","Matching","self","Self","Self","685","0.685","1"
"995543624","self-matching","105","Matching","friend","Friend","Close","775","0.775","0"
"995543624","self-matching","107","Matching","friend","Friend","Close","475","0.475","1"
"995543624","self-matching","109","Nonmatching","friend","Friend","Close","566","0.566","1"
"995543624","self-matching","111","Matching","self","Self","Self","350","0.35","1"
"995543624","self-matching","113","Matching","friend","Friend","Close","733","0.733","1"
"995543624","self-matching","115","Matching","self","Self","Self","399","0.399","1"
"995543624","self-matching","117","Matching","self","Self","Self","305","0.305","1"
"995543624","self-matching","119","Matching","friend","Friend","Close","511","0.511","1"
"995543624","self-matching","121","Matching","self","Self","Self","427","0.427","1"
"995543624","self-matching","123","Matching","self","Self","Self","394","0.394","1"
"995543624","self-matching","125","Matching","self","Self","Self","370","0.37","1"
"995543624","self-matching","127","Nonmatching","friend","Friend","Close","520","0.52","0"
"995543624","self-matching","129","Nonmatching","self","Self","Self","998","0.998","1"
"995543624","self-matching","131","Nonmatching","friend","Friend","Close","725","0.725","1"
"995543624","self-matching","133","Matching","self","Self","Self","637","0.637","1"
"995543624","self-matching","135","Matching","friend","Friend","Close","939","0.939","1"
"995543624","self-matching","137","Matching","friend","Friend","Close","857","0.857","1"
"995543624","self-matching","139","Nonmatching","self","Self","Self","592","0.592","1"
"995543624","self-matching","141","Nonmatching","friend","Friend","Close","624","0.624","1"
"995543624","self-matching","143","Matching","friend","Friend","Close","785","0.785","0"
"995543624","self-matching","145","Nonmatching","friend","Friend","Close","650","0.65","1"
"995543624","self-matching","147","Matching","self","Self","Self","512","0.512","1"
"995543624","self-matching","149","Matching","friend","Friend","Close","714","0.714","1"
"995543624","self-matching","151","Nonmatching","self","Self","Self","636","0.636","1"
"995543624","self-matching","153","Matching","self","Self","Self","318","0.318","1"
"995543624","self-matching","155","Matching","friend","Friend","Close","526","0.526","1"
"995543624","self-matching","157","Matching","self","Self","Self","445","0.445","1"
"995543624","self-matching","159","Matching","self","Self","Self","584","0.584","1"
"995543624","self-matching","161","Nonmatching","friend","Friend","Close","487","0.487","0"
"995543624","self-matching","163","Matching","friend","Friend","Close","652","0.652","1"
"995543624","self-matching","165","Nonmatching","self","Self","Self","787","0.787","0"
"995543624","self-matching","167","Nonmatching","friend","Friend","Close","810","0.81","1"
"995543624","self-matching","169","Matching","friend","Friend","Close","622","0.622","1"
"995543624","self-matching","171","Matching","friend","Friend","Close","672","0.672","0"
"995543624","self-matching","173","Nonmatching","friend","Friend","Close","851","0.851","1"
"995543624","self-matching","175","Nonmatching","friend","Friend","Close","987","0.987","1"
"995543624","self-matching","177","Nonmatching","friend","Friend","Close","955","0.955","1"
"995543624","self-matching","179","Matching","self","Self","Self","605","0.605","1"
"995543624","self-matching","181","Matching","friend","Friend","Close","548","0.548","1"
"995543624","self-matching","183","Matching","friend","Friend","Close","588","0.588","0"
"995543624","self-matching","185","Nonmatching","friend","Friend","Close","731","0.731","1"
"995543624","self-matching","187","Matching","friend","Friend","Close","560","0.56","1"
"995543624","self-matching","189","Matching","friend","Friend","Close","485","0.485","1"
"995543624","self-matching","191","Nonmatching","self","Self","Self","664","0.664","1"
"995543624","self-matching","193","Matching","friend","Friend","Close","614","0.614","0"
"995543624","self-matching","195","Matching","self","Self","Self","420","0.42","1"
"995543624","self-matching","197","Nonmatching","self","Self","Self","680","0.68","1"
"995543624","self-matching","199","Matching","self","Self","Self","769","0.769","1"
"995543624","self-matching","201","Nonmatching","self","Self","Self","687","0.687","1"
"995543624","self-matching","203","Matching","friend","Friend","Close","714","0.714","1"
"995543624","self-matching","205","Matching","self","Self","Self","576","0.576","1"
"995543624","self-matching","207","Nonmatching","friend","Friend","Close","680","0.68","1"
"995543624","self-matching","209","Matching","friend","Friend","Close","794","0.794","1"
"995543624","self-matching","211","Matching","friend","Friend","Close","558","0.558","1"
"995543624","self-matching","213","Matching","self","Self","Self","557","0.557","1"
"995543624","self-matching","215","Nonmatching","self","Self","Self","516","0.516","1"
"995543624","self-matching","217","Nonmatching","friend","Friend","Close","552","0.552","1"
"995543624","self-matching","219","Matching","self","Self","Self","497","0.497","1"
"995543624","self-matching","221","Nonmatching","self","Self","Self","612","0.612","1"
"995543624","self-matching","223","Nonmatching","self","Self","Self","648","0.648","1"
"995543624","self-matching","225","Nonmatching","friend","Friend","Close","628","0.628","1"
"995543624","self-matching","227","Matching","friend","Friend","Close","395","0.395","1"
"995543624","self-matching","229","Matching","friend","Friend","Close","654","0.654","1"
"995543624","self-matching","231","Nonmatching","self","Self","Self","472","0.472","1"
"995543624","self-matching","233","Nonmatching","self","Self","Self","669","0.669","1"
"995543624","self-matching","235","Matching","self","Self","Self","364","0.364","1"
"995543624","self-matching","237","Nonmatching","self","Self","Self","821","0.821","1"
"995543624","self-matching","239","Nonmatching","self","Self","Self","748","0.748","1"
"995543627","self-matching","3","Matching","friend","Friend","Close","1035","1.035","0"
"995543627","self-matching","5","Nonmatching","friend","Friend","Close","1183","1.183","0"
"995543627","self-matching","9","Nonmatching","self","Self","Self","767","0.767","0"
"995543627","self-matching","11","Nonmatching","self","Self","Self","912","0.912","0"
"995543627","self-matching","13","Matching","self","Self","Self","845","0.845","0"
"995543627","self-matching","15","Nonmatching","friend","Friend","Close","1146","1.146","0"
"995543627","self-matching","17","Nonmatching","friend","Friend","Close","802","0.802","1"
"995543627","self-matching","19","Matching","friend","Friend","Close","720","0.72","0"
"995543627","self-matching","21","Nonmatching","self","Self","Self","910","0.91","0"
"995543627","self-matching","23","Nonmatching","friend","Friend","Close","609","0.609","0"
"995543627","self-matching","25","Nonmatching","friend","Friend","Close","615","0.615","0"
"995543627","self-matching","27","Matching","self","Self","Self","453","0.453","0"
"995543627","self-matching","29","Nonmatching","self","Self","Self","940","0.94","0"
"995543627","self-matching","31","Matching","self","Self","Self","491","0.491","1"
"995543627","self-matching","33","Matching","friend","Friend","Close","265","0.265","0"
"995543627","self-matching","35","Matching","friend","Friend","Close","202","0.202","1"
"995543627","self-matching","37","Matching","friend","Friend","Close","323","0.323","0"
"995543627","self-matching","39","Nonmatching","friend","Friend","Close","573","0.573","1"
"995543627","self-matching","41","Matching","self","Self","Self","431","0.431","1"
"995543627","self-matching","43","Nonmatching","friend","Friend","Close","326","0.326","0"
"995543627","self-matching","45","Matching","self","Self","Self","343","0.343","1"
"995543627","self-matching","47","Matching","friend","Friend","Close","320","0.32","0"
"995543627","self-matching","49","Nonmatching","self","Self","Self","298","0.298","0"
"995543627","self-matching","51","Matching","self","Self","Self","334","0.334","0"
"995543627","self-matching","53","Matching","friend","Friend","Close","503","0.503","1"
"995543627","self-matching","55","Matching","friend","Friend","Close","859","0.859","0"
"995543627","self-matching","57","Nonmatching","friend","Friend","Close","810","0.81","0"
"995543627","self-matching","59","Matching","friend","Friend","Close","298","0.298","1"
"995543627","self-matching","61","Matching","self","Self","Self","251","0.251","0"
"995543627","self-matching","63","Matching","friend","Friend","Close","618","0.618","1"
"995543627","self-matching","65","Matching","self","Self","Self","696","0.696","1"
"995543627","self-matching","67","Nonmatching","self","Self","Self","488","0.488","0"
"995543627","self-matching","69","Nonmatching","friend","Friend","Close","425","0.425","0"
"995543627","self-matching","71","Matching","self","Self","Self","345","0.345","1"
"995543627","self-matching","73","Matching","self","Self","Self","610","0.61","1"
"995543627","self-matching","75","Matching","self","Self","Self","455","0.455","1"
"995543627","self-matching","77","Nonmatching","self","Self","Self","589","0.589","1"
"995543627","self-matching","79","Matching","friend","Friend","Close","666","0.666","0"
"995543627","self-matching","81","Nonmatching","friend","Friend","Close","601","0.601","0"
"995543627","self-matching","83","Matching","friend","Friend","Close","385","0.385","1"
"995543627","self-matching","85","Matching","friend","Friend","Close","355","0.355","1"
"995543627","self-matching","87","Matching","self","Self","Self","458","0.458","0"
"995543627","self-matching","89","Matching","self","Self","Self","268","0.268","1"
"995543627","self-matching","91","Nonmatching","self","Self","Self","608","0.608","1"
"995543627","self-matching","93","Nonmatching","self","Self","Self","548","0.548","0"
"995543627","self-matching","95","Matching","friend","Friend","Close","665","0.665","0"
"995543627","self-matching","97","Matching","self","Self","Self","340","0.34","0"
"995543627","self-matching","99","Nonmatching","self","Self","Self","318","0.318","0"
"995543627","self-matching","101","Nonmatching","friend","Friend","Close","349","0.349","0"
"995543627","self-matching","103","Nonmatching","friend","Friend","Close","246","0.246","0"
"995543627","self-matching","105","Nonmatching","self","Self","Self","342","0.342","0"
"995543627","self-matching","107","Nonmatching","friend","Friend","Close","250","0.25","1"
"995543627","self-matching","109","Nonmatching","self","Self","Self","689","0.689","0"
"995543627","self-matching","111","Matching","self","Self","Self","914","0.914","0"
"995543627","self-matching","113","Nonmatching","friend","Friend","Close","545","0.545","1"
"995543627","self-matching","115","Nonmatching","self","Self","Self","671","0.671","0"
"995543627","self-matching","117","Matching","self","Self","Self","619","0.619","1"
"995543627","self-matching","119","Nonmatching","friend","Friend","Close","576","0.576","1"
"995543627","self-matching","121","Matching","self","Self","Self","435","0.435","1"
"995543627","self-matching","123","Matching","self","Self","Self","363","0.363","1"
"995543627","self-matching","125","Nonmatching","friend","Friend","Close","532","0.532","1"
"995543627","self-matching","127","Matching","friend","Friend","Close","708","0.708","0"
"995543627","self-matching","129","Nonmatching","friend","Friend","Close","611","0.611","1"
"995543627","self-matching","131","Matching","friend","Friend","Close","360","0.36","1"
"995543627","self-matching","133","Nonmatching","friend","Friend","Close","650","0.65","1"
"995543627","self-matching","135","Nonmatching","self","Self","Self","717","0.717","1"
"995543627","self-matching","137","Matching","friend","Friend","Close","829","0.829","1"
"995543627","self-matching","139","Nonmatching","self","Self","Self","1069","1.069","1"
"995543627","self-matching","141","Matching","self","Self","Self","510","0.51","1"
"995543627","self-matching","143","Matching","self","Self","Self","345","0.345","1"
"995543627","self-matching","145","Matching","friend","Friend","Close","583","0.583","0"
"995543627","self-matching","147","Matching","self","Self","Self","444","0.444","1"
"995543627","self-matching","149","Nonmatching","friend","Friend","Close","619","0.619","1"
"995543627","self-matching","151","Nonmatching","friend","Friend","Close","652","0.652","1"
"995543627","self-matching","153","Nonmatching","self","Self","Self","828","0.828","1"
"995543627","self-matching","155","Nonmatching","self","Self","Self","639","0.639","1"
"995543627","self-matching","157","Nonmatching","self","Self","Self","585","0.585","1"
"995543627","self-matching","159","Matching","self","Self","Self","528","0.528","1"
"995543627","self-matching","161","Nonmatching","self","Self","Self","472","0.472","1"
"995543627","self-matching","163","Matching","friend","Friend","Close","815","0.815","0"
"995543627","self-matching","165","Matching","friend","Friend","Close","326","0.326","1"
"995543627","self-matching","167","Matching","friend","Friend","Close","306","0.306","1"
"995543627","self-matching","169","Matching","friend","Friend","Close","301","0.301","1"
"995543627","self-matching","171","Nonmatching","self","Self","Self","586","0.586","1"
"995543627","self-matching","173","Matching","friend","Friend","Close","532","0.532","1"
"995543627","self-matching","175","Nonmatching","friend","Friend","Close","875","0.875","0"
"995543627","self-matching","177","Nonmatching","friend","Friend","Close","674","0.674","0"
"995543627","self-matching","179","Matching","self","Self","Self","660","0.66","1"
"995543627","self-matching","181","Matching","self","Self","Self","377","0.377","1"
"995543627","self-matching","183","Matching","friend","Friend","Close","492","0.492","0"
"995543627","self-matching","185","Nonmatching","self","Self","Self","886","0.886","0"
"995543627","self-matching","187","Nonmatching","friend","Friend","Close","583","0.583","1"
"995543627","self-matching","189","Nonmatching","friend","Friend","Close","487","0.487","1"
"995543627","self-matching","191","Matching","friend","Friend","Close","801","0.801","1"
"995543627","self-matching","193","Matching","friend","Friend","Close","345","0.345","1"
"995543627","self-matching","195","Matching","self","Self","Self","470","0.47","1"
"995543627","self-matching","197","Nonmatching","friend","Friend","Close","390","0.39","1"
"995543627","self-matching","199","Matching","self","Self","Self","475","0.475","1"
"995543627","self-matching","201","Matching","self","Self","Self","377","0.377","1"
"995543627","self-matching","203","Nonmatching","self","Self","Self","475","0.475","1"
"995543627","self-matching","205","Nonmatching","self","Self","Self","402","0.402","1"
"995543627","self-matching","207","Matching","self","Self","Self","457","0.457","1"
"995543627","self-matching","209","Matching","friend","Friend","Close","313","0.313","0"
"995543627","self-matching","211","Nonmatching","friend","Friend","Close","264","0.264","0"
"995543627","self-matching","213","Nonmatching","self","Self","Self","355","0.355","0"
"995543627","self-matching","215","Nonmatching","self","Self","Self","221","0.221","0"
"995543627","self-matching","217","Matching","self","Self","Self","299","0.299","0"
"995543627","self-matching","219","Nonmatching","self","Self","Self","318","0.318","0"
"995543627","self-matching","221","Nonmatching","self","Self","Self","368","0.368","0"
"995543627","self-matching","223","Matching","friend","Friend","Close","206","0.206","1"
"995543627","self-matching","225","Nonmatching","friend","Friend","Close","353","0.353","0"
"995543627","self-matching","227","Nonmatching","friend","Friend","Close","297","0.297","0"
"995543627","self-matching","229","Nonmatching","friend","Friend","Close","258","0.258","0"
"995543627","self-matching","233","Matching","friend","Friend","Close","294","0.294","1"
"995543629","self-matching","1","Matching","friend","Friend","Close","1019","1.019","0"
"995543629","self-matching","3","Matching","friend","Friend","Close","744","0.744","1"
"995543629","self-matching","5","Nonmatching","self","Self","Self","343","0.343","0"
"995543629","self-matching","7","Matching","self","Self","Self","612","0.612","1"
"995543629","self-matching","9","Matching","self","Self","Self","764","0.764","0"
"995543629","self-matching","11","Matching","friend","Friend","Close","836","0.836","0"
"995543629","self-matching","13","Nonmatching","friend","Friend","Close","865","0.865","0"
"995543629","self-matching","15","Matching","self","Self","Self","797","0.797","1"
"995543629","self-matching","17","Nonmatching","self","Self","Self","856","0.856","1"
"995543629","self-matching","19","Matching","self","Self","Self","997","0.997","1"
"995543629","self-matching","21","Nonmatching","self","Self","Self","616","0.616","1"
"995543629","self-matching","23","Nonmatching","self","Self","Self","738","0.738","1"
"995543629","self-matching","25","Matching","self","Self","Self","637","0.637","1"
"995543629","self-matching","27","Matching","self","Self","Self","477","0.477","1"
"995543629","self-matching","29","Nonmatching","self","Self","Self","592","0.592","1"
"995543629","self-matching","31","Nonmatching","friend","Friend","Close","900","0.9","1"
"995543629","self-matching","33","Nonmatching","friend","Friend","Close","642","0.642","1"
"995543629","self-matching","35","Matching","friend","Friend","Close","981","0.981","0"
"995543629","self-matching","37","Matching","self","Self","Self","600","0.6","1"
"995543629","self-matching","39","Nonmatching","friend","Friend","Close","692","0.692","1"
"995543629","self-matching","41","Nonmatching","self","Self","Self","941","0.941","1"
"995543629","self-matching","43","Matching","friend","Friend","Close","660","0.66","1"
"995543629","self-matching","45","Nonmatching","friend","Friend","Close","732","0.732","1"
"995543629","self-matching","47","Matching","self","Self","Self","587","0.587","1"
"995543629","self-matching","49","Matching","self","Self","Self","585","0.585","1"
"995543629","self-matching","51","Nonmatching","friend","Friend","Close","854","0.854","1"
"995543629","self-matching","53","Nonmatching","self","Self","Self","788","0.788","1"
"995543629","self-matching","55","Matching","self","Self","Self","535","0.535","1"
"995543629","self-matching","57","Matching","self","Self","Self","555","0.555","1"
"995543629","self-matching","59","Nonmatching","friend","Friend","Close","607","0.607","1"
"995543629","self-matching","61","Matching","friend","Friend","Close","609","0.609","1"
"995543629","self-matching","63","Nonmatching","self","Self","Self","641","0.641","1"
"995543629","self-matching","65","Matching","friend","Friend","Close","640","0.64","1"
"995543629","self-matching","67","Nonmatching","self","Self","Self","589","0.589","1"
"995543629","self-matching","69","Matching","friend","Friend","Close","678","0.678","1"
"995543629","self-matching","71","Nonmatching","friend","Friend","Close","573","0.573","1"
"995543629","self-matching","73","Matching","friend","Friend","Close","718","0.718","1"
"995543629","self-matching","75","Nonmatching","self","Self","Self","664","0.664","1"
"995543629","self-matching","77","Matching","friend","Friend","Close","495","0.495","1"
"995543629","self-matching","79","Matching","friend","Friend","Close","645","0.645","1"
"995543629","self-matching","81","Nonmatching","self","Self","Self","553","0.553","1"
"995543629","self-matching","83","Matching","friend","Friend","Close","695","0.695","0"
"995543629","self-matching","85","Matching","friend","Friend","Close","375","0.375","1"
"995543629","self-matching","87","Nonmatching","self","Self","Self","541","0.541","1"
"995543629","self-matching","89","Matching","friend","Friend","Close","530","0.53","1"
"995543629","self-matching","91","Matching","self","Self","Self","685","0.685","0"
"995543629","self-matching","93","Nonmatching","self","Self","Self","1114","1.114","1"
"995543629","self-matching","95","Matching","self","Self","Self","475","0.475","1"
"995543629","self-matching","97","Matching","self","Self","Self","371","0.371","1"
"995543629","self-matching","99","Nonmatching","self","Self","Self","457","0.457","1"
"995543629","self-matching","101","Nonmatching","friend","Friend","Close","469","0.469","0"
"995543629","self-matching","103","Matching","friend","Friend","Close","1075","1.075","0"
"995543629","self-matching","105","Nonmatching","self","Self","Self","510","0.51","0"
"995543629","self-matching","107","Nonmatching","self","Self","Self","482","0.482","1"
"995543629","self-matching","109","Nonmatching","friend","Friend","Close","718","0.718","1"
"995543629","self-matching","111","Matching","friend","Friend","Close","543","0.543","1"
"995543629","self-matching","113","Matching","self","Self","Self","383","0.383","1"
"995543629","self-matching","115","Matching","self","Self","Self","452","0.452","1"
"995543629","self-matching","117","Nonmatching","self","Self","Self","574","0.574","1"
"995543629","self-matching","119","Nonmatching","self","Self","Self","629","0.629","1"
"995543629","self-matching","121","Matching","self","Self","Self","635","0.635","1"
"995543629","self-matching","123","Matching","friend","Friend","Close","534","0.534","1"
"995543629","self-matching","125","Nonmatching","friend","Friend","Close","752","0.752","1"
"995543629","self-matching","127","Nonmatching","friend","Friend","Close","634","0.634","1"
"995543629","self-matching","129","Nonmatching","self","Self","Self","624","0.624","1"
"995543629","self-matching","131","Nonmatching","self","Self","Self","399","0.399","1"
"995543629","self-matching","133","Matching","friend","Friend","Close","550","0.55","1"
"995543629","self-matching","135","Nonmatching","self","Self","Self","470","0.47","1"
"995543629","self-matching","137","Nonmatching","self","Self","Self","556","0.556","1"
"995543629","self-matching","139","Matching","friend","Friend","Close","488","0.488","1"
"995543629","self-matching","141","Nonmatching","friend","Friend","Close","657","0.657","1"
"995543629","self-matching","143","Nonmatching","friend","Friend","Close","540","0.54","1"
"995543629","self-matching","145","Nonmatching","self","Self","Self","518","0.518","1"
"995543629","self-matching","147","Matching","friend","Friend","Close","504","0.504","1"
"995543629","self-matching","149","Matching","friend","Friend","Close","625","0.625","0"
"995543629","self-matching","151","Nonmatching","friend","Friend","Close","712","0.712","1"
"995543629","self-matching","153","Nonmatching","friend","Friend","Close","673","0.673","1"
"995543629","self-matching","155","Nonmatching","self","Self","Self","729","0.729","1"
"995543629","self-matching","157","Matching","friend","Friend","Close","464","0.464","1"
"995543629","self-matching","159","Matching","self","Self","Self","586","0.586","0"
"995543629","self-matching","161","Nonmatching","friend","Friend","Close","584","0.584","0"
"995543629","self-matching","163","Nonmatching","friend","Friend","Close","453","0.453","1"
"995543629","self-matching","165","Nonmatching","friend","Friend","Close","566","0.566","1"
"995543629","self-matching","167","Matching","self","Self","Self","839","0.839","1"
"995543629","self-matching","169","Nonmatching","self","Self","Self","628","0.628","1"
"995543629","self-matching","171","Matching","self","Self","Self","682","0.682","1"
"995543629","self-matching","173","Nonmatching","friend","Friend","Close","1129","1.129","1"
"995543629","self-matching","175","Nonmatching","self","Self","Self","753","0.753","1"
"995543629","self-matching","177","Matching","self","Self","Self","785","0.785","1"
"995543629","self-matching","179","Matching","self","Self","Self","575","0.575","1"
"995543629","self-matching","181","Matching","friend","Friend","Close","559","0.559","1"
"995543629","self-matching","183","Matching","friend","Friend","Close","512","0.512","1"
"995543629","self-matching","185","Nonmatching","friend","Friend","Close","485","0.485","0"
"995543629","self-matching","187","Nonmatching","friend","Friend","Close","464","0.464","1"
"995543629","self-matching","189","Matching","friend","Friend","Close","666","0.666","1"
"995543629","self-matching","191","Matching","self","Self","Self","527","0.527","1"
"995543629","self-matching","193","Nonmatching","self","Self","Self","583","0.583","1"
"995543629","self-matching","195","Matching","self","Self","Self","628","0.628","1"
"995543629","self-matching","197","Matching","self","Self","Self","464","0.464","1"
"995543629","self-matching","199","Nonmatching","friend","Friend","Close","767","0.767","1"
"995543629","self-matching","201","Matching","friend","Friend","Close","602","0.602","0"
"995543629","self-matching","203","Nonmatching","self","Self","Self","594","0.594","1"
"995543629","self-matching","205","Nonmatching","friend","Friend","Close","643","0.643","1"
"995543629","self-matching","207","Matching","self","Self","Self","572","0.572","1"
"995543629","self-matching","209","Matching","self","Self","Self","657","0.657","1"
"995543629","self-matching","211","Nonmatching","self","Self","Self","630","0.63","1"
"995543629","self-matching","213","Matching","self","Self","Self","445","0.445","1"
"995543629","self-matching","215","Matching","friend","Friend","Close","484","0.484","1"
"995543629","self-matching","217","Nonmatching","friend","Friend","Close","592","0.592","1"
"995543629","self-matching","219","Nonmatching","friend","Friend","Close","611","0.611","0"
"995543629","self-matching","221","Nonmatching","self","Self","Self","954","0.954","1"
"995543629","self-matching","223","Matching","friend","Friend","Close","556","0.556","1"
"995543629","self-matching","225","Nonmatching","friend","Friend","Close","658","0.658","1"
"995543629","self-matching","227","Nonmatching","friend","Friend","Close","831","0.831","1"
"995543629","self-matching","229","Matching","friend","Friend","Close","437","0.437","1"
"995543629","self-matching","231","Matching","friend","Friend","Close","415","0.415","1"
"995543629","self-matching","233","Matching","self","Self","Self","517","0.517","1"
"995543629","self-matching","235","Matching","self","Self","Self","399","0.399","1"
"995543629","self-matching","237","Nonmatching","friend","Friend","Close","488","0.488","0"
"995543629","self-matching","239","Nonmatching","friend","Friend","Close","437","0.437","1"
"995543630","self-matching","3","Nonmatching","friend","Friend","Close","426","0.426","1"
"995543630","self-matching","9","Matching","self","Self","Self","1027","1.027","0"
"995543630","self-matching","11","Nonmatching","friend","Friend","Close","1114","1.114","1"
"995543630","self-matching","13","Matching","self","Self","Self","789","0.789","1"
"995543630","self-matching","15","Matching","friend","Friend","Close","493","0.493","0"
"995543630","self-matching","19","Matching","friend","Friend","Close","425","0.425","1"
"995543630","self-matching","21","Nonmatching","friend","Friend","Close","691","0.691","1"
"995543630","self-matching","23","Matching","self","Self","Self","519","0.519","1"
"995543630","self-matching","25","Matching","self","Self","Self","664","0.664","1"
"995543630","self-matching","27","Matching","self","Self","Self","422","0.422","1"
"995543630","self-matching","29","Nonmatching","self","Self","Self","842","0.842","1"
"995543630","self-matching","31","Matching","friend","Friend","Close","915","0.915","0"
"995543630","self-matching","35","Matching","friend","Friend","Close","651","0.651","0"
"995543630","self-matching","37","Matching","self","Self","Self","455","0.455","1"
"995543630","self-matching","39","Nonmatching","self","Self","Self","822","0.822","1"
"995543630","self-matching","41","Matching","friend","Friend","Close","1002","1.002","1"
"995543630","self-matching","43","Nonmatching","self","Self","Self","874","0.874","1"
"995543630","self-matching","47","Nonmatching","self","Self","Self","788","0.788","1"
"995543630","self-matching","49","Matching","friend","Friend","Close","1030","1.03","1"
"995543630","self-matching","51","Matching","friend","Friend","Close","570","0.57","1"
"995543630","self-matching","53","Nonmatching","friend","Friend","Close","726","0.726","1"
"995543630","self-matching","55","Nonmatching","self","Self","Self","1112","1.112","1"
"995543630","self-matching","59","Nonmatching","friend","Friend","Close","1004","1.004","1"
"995543630","self-matching","61","Matching","self","Self","Self","546","0.546","1"
"995543630","self-matching","63","Nonmatching","friend","Friend","Close","876","0.876","1"
"995543630","self-matching","65","Nonmatching","self","Self","Self","954","0.954","1"
"995543630","self-matching","67","Nonmatching","friend","Friend","Close","791","0.791","1"
"995543630","self-matching","69","Nonmatching","self","Self","Self","762","0.762","1"
"995543630","self-matching","71","Matching","friend","Friend","Close","1132","1.132","1"
"995543630","self-matching","73","Matching","self","Self","Self","621","0.621","1"
"995543630","self-matching","75","Matching","friend","Friend","Close","1144","1.144","0"
"995543630","self-matching","77","Nonmatching","friend","Friend","Close","746","0.746","1"
"995543630","self-matching","85","Nonmatching","self","Self","Self","659","0.659","1"
"995543630","self-matching","87","Nonmatching","friend","Friend","Close","726","0.726","1"
"995543630","self-matching","89","Matching","self","Self","Self","282","0.282","1"
"995543630","self-matching","91","Matching","self","Self","Self","409","0.409","1"
"995543630","self-matching","93","Matching","friend","Friend","Close","488","0.488","0"
"995543630","self-matching","95","Matching","self","Self","Self","548","0.548","1"
"995543630","self-matching","97","Nonmatching","self","Self","Self","560","0.56","1"
"995543630","self-matching","99","Matching","self","Self","Self","559","0.559","1"
"995543630","self-matching","101","Matching","self","Self","Self","724","0.724","1"
"995543630","self-matching","103","Matching","self","Self","Self","395","0.395","1"
"995543630","self-matching","105","Nonmatching","friend","Friend","Close","645","0.645","1"
"995543630","self-matching","107","Nonmatching","friend","Friend","Close","936","0.936","1"
"995543630","self-matching","109","Matching","self","Self","Self","530","0.53","1"
"995543630","self-matching","111","Matching","self","Self","Self","759","0.759","1"
"995543630","self-matching","113","Matching","self","Self","Self","420","0.42","1"
"995543630","self-matching","115","Nonmatching","friend","Friend","Close","489","0.489","0"
"995543630","self-matching","117","Nonmatching","self","Self","Self","871","0.871","1"
"995543630","self-matching","121","Matching","friend","Friend","Close","963","0.963","0"
"995543630","self-matching","123","Matching","self","Self","Self","592","0.592","1"
"995543630","self-matching","125","Nonmatching","friend","Friend","Close","544","0.544","1"
"995543630","self-matching","127","Nonmatching","self","Self","Self","690","0.69","1"
"995543630","self-matching","129","Nonmatching","self","Self","Self","876","0.876","1"
"995543630","self-matching","131","Nonmatching","friend","Friend","Close","703","0.703","1"
"995543630","self-matching","133","Nonmatching","friend","Friend","Close","764","0.764","1"
"995543630","self-matching","135","Nonmatching","self","Self","Self","790","0.79","1"
"995543630","self-matching","137","Matching","self","Self","Self","607","0.607","1"
"995543630","self-matching","139","Matching","friend","Friend","Close","979","0.979","1"
"995543630","self-matching","141","Nonmatching","friend","Friend","Close","523","0.523","1"
"995543630","self-matching","143","Matching","self","Self","Self","515","0.515","1"
"995543630","self-matching","145","Matching","friend","Friend","Close","740","0.74","1"
"995543630","self-matching","147","Matching","self","Self","Self","524","0.524","1"
"995543630","self-matching","149","Matching","self","Self","Self","436","0.436","1"
"995543630","self-matching","151","Nonmatching","self","Self","Self","760","0.76","1"
"995543630","self-matching","153","Nonmatching","friend","Friend","Close","897","0.897","1"
"995543630","self-matching","155","Matching","friend","Friend","Close","393","0.393","1"
"995543630","self-matching","157","Matching","friend","Friend","Close","469","0.469","1"
"995543630","self-matching","159","Matching","friend","Friend","Close","515","0.515","1"
"995543630","self-matching","161","Matching","friend","Friend","Close","513","0.513","1"
"995543630","self-matching","163","Nonmatching","friend","Friend","Close","563","0.563","1"
"995543630","self-matching","165","Nonmatching","friend","Friend","Close","495","0.495","1"
"995543630","self-matching","167","Nonmatching","self","Self","Self","682","0.682","1"
"995543630","self-matching","169","Nonmatching","self","Self","Self","455","0.455","1"
"995543630","self-matching","171","Nonmatching","friend","Friend","Close","646","0.646","1"
"995543630","self-matching","173","Matching","self","Self","Self","683","0.683","1"
"995543630","self-matching","175","Matching","friend","Friend","Close","1013","1.013","1"
"995543630","self-matching","177","Nonmatching","friend","Friend","Close","781","0.781","1"
"995543630","self-matching","179","Nonmatching","self","Self","Self","738","0.738","1"
"995543630","self-matching","181","Nonmatching","friend","Friend","Close","750","0.75","1"
"995543630","self-matching","183","Matching","friend","Friend","Close","610","0.61","1"
"995543630","self-matching","185","Matching","friend","Friend","Close","517","0.517","1"
"995543630","self-matching","187","Matching","self","Self","Self","396","0.396","1"
"995543630","self-matching","189","Nonmatching","self","Self","Self","450","0.45","1"
"995543630","self-matching","191","Matching","friend","Friend","Close","724","0.724","1"
"995543630","self-matching","193","Nonmatching","self","Self","Self","1011","1.011","1"
"995543630","self-matching","195","Matching","friend","Friend","Close","580","0.58","1"
"995543630","self-matching","197","Matching","friend","Friend","Close","399","0.399","1"
"995543630","self-matching","199","Nonmatching","self","Self","Self","615","0.615","1"
"995543630","self-matching","201","Nonmatching","self","Self","Self","505","0.505","1"
"995543630","self-matching","203","Matching","friend","Friend","Close","527","0.527","1"
"995543630","self-matching","205","Matching","friend","Friend","Close","392","0.392","1"
"995543630","self-matching","207","Nonmatching","friend","Friend","Close","494","0.494","1"
"995543630","self-matching","209","Nonmatching","self","Self","Self","762","0.762","1"
"995543630","self-matching","211","Matching","self","Self","Self","493","0.493","1"
"995543630","self-matching","213","Nonmatching","friend","Friend","Close","550","0.55","1"
"995543630","self-matching","215","Nonmatching","friend","Friend","Close","951","0.951","1"
"995543630","self-matching","217","Nonmatching","self","Self","Self","720","0.72","1"
"995543630","self-matching","219","Matching","self","Self","Self","442","0.442","1"
"995543630","self-matching","221","Nonmatching","self","Self","Self","708","0.708","1"
"995543630","self-matching","223","Nonmatching","friend","Friend","Close","758","0.758","1"
"995543630","self-matching","225","Nonmatching","self","Self","Self","931","0.931","1"
"995543630","self-matching","227","Matching","friend","Friend","Close","500","0.5","1"
"995543630","self-matching","229","Nonmatching","friend","Friend","Close","711","0.711","0"
"995543630","self-matching","231","Nonmatching","friend","Friend","Close","825","0.825","1"
"995543630","self-matching","235","Matching","self","Self","Self","494","0.494","1"
"995543630","self-matching","237","Matching","self","Self","Self","747","0.747","1"
"995543630","self-matching","239","Matching","friend","Friend","Close","864","0.864","1"
"995543633","self-matching","7","Nonmatching","self","Self","Self","1060","1.06","1"
"995543633","self-matching","15","Nonmatching","friend","Friend","Close","371","0.371","1"
"995543633","self-matching","17","Nonmatching","friend","Friend","Close","1089","1.089","0"
"995543633","self-matching","21","Matching","friend","Friend","Close","881","0.881","0"
"995543633","self-matching","23","Matching","friend","Friend","Close","279","0.279","0"
"995543633","self-matching","25","Matching","friend","Friend","Close","329","0.329","0"
"995543633","self-matching","29","Matching","friend","Friend","Close","318","0.318","1"
"995543633","self-matching","31","Matching","self","Self","Self","510","0.51","0"
"995543633","self-matching","33","Matching","self","Self","Self","466","0.466","0"
"995543633","self-matching","37","Matching","self","Self","Self","505","0.505","0"
"995543633","self-matching","41","Nonmatching","friend","Friend","Close","433","0.433","1"
"995543633","self-matching","43","Matching","self","Self","Self","598","0.598","0"
"995543633","self-matching","47","Nonmatching","friend","Friend","Close","467","0.467","1"
"995543633","self-matching","51","Nonmatching","friend","Friend","Close","283","0.283","1"
"995543633","self-matching","53","Matching","self","Self","Self","422","0.422","0"
"995543633","self-matching","55","Matching","self","Self","Self","350","0.35","1"
"995543633","self-matching","57","Nonmatching","friend","Friend","Close","387","0.387","1"
"995543633","self-matching","59","Matching","self","Self","Self","673","0.673","0"
"995543633","self-matching","61","Nonmatching","self","Self","Self","678","0.678","1"
"995543633","self-matching","63","Matching","friend","Friend","Close","829","0.829","1"
"995543633","self-matching","65","Matching","self","Self","Self","625","0.625","1"
"995543633","self-matching","67","Matching","friend","Friend","Close","923","0.923","1"
"995543633","self-matching","69","Nonmatching","friend","Friend","Close","325","0.325","0"
"995543633","self-matching","71","Matching","self","Self","Self","527","0.527","1"
"995543633","self-matching","73","Matching","self","Self","Self","442","0.442","1"
"995543633","self-matching","75","Matching","self","Self","Self","484","0.484","0"
"995543633","self-matching","77","Nonmatching","friend","Friend","Close","472","0.472","1"
"995543633","self-matching","79","Matching","self","Self","Self","385","0.385","1"
"995543633","self-matching","81","Matching","friend","Friend","Close","699","0.699","1"
"995543633","self-matching","83","Nonmatching","self","Self","Self","596","0.596","1"
"995543633","self-matching","85","Nonmatching","self","Self","Self","1002","1.002","0"
"995543633","self-matching","87","Nonmatching","self","Self","Self","767","0.767","1"
"995543633","self-matching","89","Matching","self","Self","Self","472","0.472","1"
"995543633","self-matching","91","Matching","friend","Friend","Close","842","0.842","1"
"995543633","self-matching","93","Nonmatching","self","Self","Self","789","0.789","1"
"995543633","self-matching","95","Nonmatching","self","Self","Self","748","0.748","1"
"995543633","self-matching","97","Nonmatching","self","Self","Self","576","0.576","1"
"995543633","self-matching","99","Matching","friend","Friend","Close","434","0.434","1"
"995543633","self-matching","101","Nonmatching","self","Self","Self","672","0.672","1"
"995543633","self-matching","103","Nonmatching","friend","Friend","Close","696","0.696","0"
"995543633","self-matching","105","Nonmatching","self","Self","Self","692","0.692","1"
"995543633","self-matching","107","Matching","self","Self","Self","531","0.531","1"
"995543633","self-matching","109","Matching","friend","Friend","Close","660","0.66","0"
"995543633","self-matching","111","Matching","self","Self","Self","529","0.529","1"
"995543633","self-matching","113","Nonmatching","self","Self","Self","526","0.526","1"
"995543633","self-matching","115","Matching","self","Self","Self","618","0.618","1"
"995543633","self-matching","117","Matching","self","Self","Self","444","0.444","1"
"995543633","self-matching","119","Matching","friend","Friend","Close","547","0.547","1"
"995543633","self-matching","121","Nonmatching","friend","Friend","Close","681","0.681","1"
"995543633","self-matching","123","Nonmatching","self","Self","Self","606","0.606","1"
"995543633","self-matching","125","Matching","self","Self","Self","464","0.464","1"
"995543633","self-matching","127","Nonmatching","self","Self","Self","961","0.961","1"
"995543633","self-matching","129","Matching","friend","Friend","Close","850","0.85","1"
"995543633","self-matching","131","Nonmatching","self","Self","Self","665","0.665","1"
"995543633","self-matching","133","Nonmatching","self","Self","Self","446","0.446","1"
"995543633","self-matching","135","Nonmatching","self","Self","Self","696","0.696","1"
"995543633","self-matching","137","Nonmatching","friend","Friend","Close","578","0.578","0"
"995543633","self-matching","139","Nonmatching","friend","Friend","Close","614","0.614","1"
"995543633","self-matching","141","Matching","self","Self","Self","376","0.376","1"
"995543633","self-matching","143","Matching","friend","Friend","Close","947","0.947","1"
"995543633","self-matching","145","Nonmatching","self","Self","Self","666","0.666","1"
"995543633","self-matching","147","Nonmatching","self","Self","Self","694","0.694","1"
"995543633","self-matching","149","Nonmatching","self","Self","Self","497","0.497","1"
"995543633","self-matching","151","Matching","friend","Friend","Close","803","0.803","1"
"995543633","self-matching","153","Nonmatching","self","Self","Self","509","0.509","1"
"995543633","self-matching","155","Matching","self","Self","Self","431","0.431","1"
"995543633","self-matching","157","Nonmatching","friend","Friend","Close","718","0.718","1"
"995543633","self-matching","159","Nonmatching","friend","Friend","Close","457","0.457","1"
"995543633","self-matching","161","Matching","self","Self","Self","600","0.6","1"
"995543633","self-matching","163","Matching","self","Self","Self","682","0.682","1"
"995543633","self-matching","165","Nonmatching","self","Self","Self","693","0.693","1"
"995543633","self-matching","167","Matching","friend","Friend","Close","419","0.419","1"
"995543633","self-matching","169","Matching","friend","Friend","Close","859","0.859","1"
"995543633","self-matching","171","Nonmatching","self","Self","Self","524","0.524","1"
"995543633","self-matching","173","Nonmatching","friend","Friend","Close","840","0.84","1"
"995543633","self-matching","175","Nonmatching","friend","Friend","Close","674","0.674","1"
"995543633","self-matching","177","Matching","friend","Friend","Close","490","0.49","1"
"995543633","self-matching","179","Nonmatching","friend","Friend","Close","793","0.793","1"
"995543633","self-matching","181","Matching","friend","Friend","Close","660","0.66","1"
"995543633","self-matching","183","Matching","friend","Friend","Close","583","0.583","1"
"995543633","self-matching","185","Matching","friend","Friend","Close","646","0.646","1"
"995543633","self-matching","187","Nonmatching","friend","Friend","Close","816","0.816","1"
"995543633","self-matching","189","Matching","self","Self","Self","451","0.451","1"
"995543633","self-matching","191","Nonmatching","self","Self","Self","528","0.528","1"
"995543633","self-matching","193","Matching","friend","Friend","Close","503","0.503","1"
"995543633","self-matching","195","Nonmatching","friend","Friend","Close","696","0.696","1"
"995543633","self-matching","197","Nonmatching","friend","Friend","Close","821","0.821","1"
"995543633","self-matching","199","Nonmatching","self","Self","Self","917","0.917","1"
"995543633","self-matching","201","Nonmatching","self","Self","Self","1160","1.16","1"
"995543633","self-matching","203","Nonmatching","friend","Friend","Close","557","0.557","1"
"995543633","self-matching","205","Nonmatching","friend","Friend","Close","458","0.458","1"
"995543633","self-matching","207","Nonmatching","friend","Friend","Close","477","0.477","1"
"995543633","self-matching","209","Matching","self","Self","Self","619","0.619","1"
"995543633","self-matching","211","Nonmatching","friend","Friend","Close","670","0.67","1"
"995543633","self-matching","213","Nonmatching","self","Self","Self","681","0.681","1"
"995543633","self-matching","215","Matching","self","Self","Self","555","0.555","1"
"995543633","self-matching","217","Nonmatching","self","Self","Self","648","0.648","1"
"995543633","self-matching","219","Nonmatching","friend","Friend","Close","676","0.676","1"
"995543633","self-matching","221","Matching","self","Self","Self","839","0.839","1"
"995543633","self-matching","223","Matching","self","Self","Self","655","0.655","1"
"995543633","self-matching","225","Matching","self","Self","Self","440","0.44","1"
"995543633","self-matching","227","Matching","self","Self","Self","391","0.391","1"
"995543633","self-matching","229","Nonmatching","self","Self","Self","658","0.658","1"
"995543633","self-matching","231","Nonmatching","friend","Friend","Close","640","0.64","1"
"995543633","self-matching","233","Matching","friend","Friend","Close","543","0.543","0"
"995543633","self-matching","235","Nonmatching","self","Self","Self","762","0.762","1"
"995543633","self-matching","237","Nonmatching","self","Self","Self","409","0.409","1"
"995543633","self-matching","239","Nonmatching","friend","Friend","Close","702","0.702","1"
"995543634","self-matching","1","Nonmatching","friend","Friend","Close","713","0.713","0"
"995543634","self-matching","3","Matching","friend","Friend","Close","647","0.647","1"
"995543634","self-matching","5","Matching","friend","Friend","Close","454","0.454","0"
"995543634","self-matching","7","Matching","self","Self","Self","582","0.582","1"
"995543634","self-matching","9","Nonmatching","friend","Friend","Close","594","0.594","1"
"995543634","self-matching","11","Nonmatching","friend","Friend","Close","476","0.476","1"
"995543634","self-matching","13","Matching","self","Self","Self","539","0.539","1"
"995543634","self-matching","15","Matching","self","Self","Self","416","0.416","0"
"995543634","self-matching","17","Nonmatching","self","Self","Self","689","0.689","1"
"995543634","self-matching","19","Nonmatching","friend","Friend","Close","856","0.856","1"
"995543634","self-matching","21","Nonmatching","self","Self","Self","465","0.465","0"
"995543634","self-matching","23","Matching","self","Self","Self","751","0.751","1"
"995543634","self-matching","25","Matching","self","Self","Self","523","0.523","1"
"995543634","self-matching","27","Matching","friend","Friend","Close","457","0.457","1"
"995543634","self-matching","29","Nonmatching","self","Self","Self","584","0.584","1"
"995543634","self-matching","31","Nonmatching","self","Self","Self","539","0.539","1"
"995543634","self-matching","33","Nonmatching","friend","Friend","Close","576","0.576","1"
"995543634","self-matching","35","Nonmatching","self","Self","Self","699","0.699","1"
"995543634","self-matching","37","Matching","self","Self","Self","369","0.369","1"
"995543634","self-matching","39","Matching","friend","Friend","Close","244","0.244","1"
"995543634","self-matching","41","Matching","friend","Friend","Close","405","0.405","1"
"995543634","self-matching","43","Nonmatching","self","Self","Self","534","0.534","0"
"995543634","self-matching","45","Matching","friend","Friend","Close","796","0.796","1"
"995543634","self-matching","47","Nonmatching","friend","Friend","Close","597","0.597","1"
"995543634","self-matching","49","Nonmatching","friend","Friend","Close","704","0.704","1"
"995543634","self-matching","51","Nonmatching","self","Self","Self","693","0.693","1"
"995543634","self-matching","53","Matching","self","Self","Self","436","0.436","1"
"995543634","self-matching","55","Nonmatching","self","Self","Self","740","0.74","1"
"995543634","self-matching","57","Matching","self","Self","Self","729","0.729","1"
"995543634","self-matching","59","Matching","friend","Friend","Close","630","0.63","1"
"995543634","self-matching","61","Matching","self","Self","Self","478","0.478","1"
"995543634","self-matching","63","Nonmatching","friend","Friend","Close","669","0.669","1"
"995543634","self-matching","65","Matching","friend","Friend","Close","596","0.596","1"
"995543634","self-matching","67","Matching","self","Self","Self","711","0.711","1"
"995543634","self-matching","69","Nonmatching","self","Self","Self","596","0.596","1"
"995543634","self-matching","71","Nonmatching","friend","Friend","Close","735","0.735","1"
"995543634","self-matching","73","Matching","friend","Friend","Close","795","0.795","1"
"995543634","self-matching","75","Matching","self","Self","Self","494","0.494","1"
"995543634","self-matching","77","Nonmatching","self","Self","Self","451","0.451","1"
"995543634","self-matching","79","Matching","friend","Friend","Close","579","0.579","1"
"995543634","self-matching","81","Nonmatching","self","Self","Self","647","0.647","1"
"995543634","self-matching","83","Matching","friend","Friend","Close","718","0.718","1"
"995543634","self-matching","85","Nonmatching","self","Self","Self","452","0.452","1"
"995543634","self-matching","87","Matching","self","Self","Self","284","0.284","1"
"995543634","self-matching","89","Nonmatching","friend","Friend","Close","659","0.659","1"
"995543634","self-matching","91","Matching","self","Self","Self","506","0.506","1"
"995543634","self-matching","93","Matching","friend","Friend","Close","472","0.472","1"
"995543634","self-matching","95","Nonmatching","friend","Friend","Close","592","0.592","1"
"995543634","self-matching","97","Nonmatching","friend","Friend","Close","627","0.627","1"
"995543634","self-matching","99","Matching","self","Self","Self","548","0.548","0"
"995543634","self-matching","101","Nonmatching","friend","Friend","Close","535","0.535","1"
"995543634","self-matching","103","Nonmatching","self","Self","Self","509","0.509","1"
"995543634","self-matching","105","Matching","friend","Friend","Close","450","0.45","0"
"995543634","self-matching","107","Matching","self","Self","Self","554","0.554","1"
"995543634","self-matching","109","Nonmatching","self","Self","Self","583","0.583","1"
"995543634","self-matching","111","Matching","self","Self","Self","593","0.593","1"
"995543634","self-matching","113","Matching","friend","Friend","Close","811","0.811","1"
"995543634","self-matching","115","Matching","friend","Friend","Close","477","0.477","1"
"995543634","self-matching","117","Nonmatching","friend","Friend","Close","276","0.276","1"
"995543634","self-matching","119","Matching","friend","Friend","Close","651","0.651","1"
"995543634","self-matching","121","Nonmatching","friend","Friend","Close","587","0.587","1"
"995543634","self-matching","123","Matching","friend","Friend","Close","542","0.542","1"
"995543634","self-matching","125","Nonmatching","self","Self","Self","939","0.939","1"
"995543634","self-matching","127","Matching","self","Self","Self","391","0.391","1"
"995543634","self-matching","129","Nonmatching","self","Self","Self","666","0.666","1"
"995543634","self-matching","131","Matching","friend","Friend","Close","1089","1.089","1"
"995543634","self-matching","133","Nonmatching","friend","Friend","Close","657","0.657","0"
"995543634","self-matching","135","Matching","self","Self","Self","545","0.545","1"
"995543634","self-matching","137","Nonmatching","self","Self","Self","613","0.613","1"
"995543634","self-matching","139","Nonmatching","self","Self","Self","1053","1.053","1"
"995543634","self-matching","141","Matching","friend","Friend","Close","493","0.493","1"
"995543634","self-matching","143","Matching","self","Self","Self","949","0.949","0"
"995543634","self-matching","145","Nonmatching","friend","Friend","Close","857","0.857","1"
"995543634","self-matching","147","Nonmatching","friend","Friend","Close","736","0.736","1"
"995543634","self-matching","149","Matching","friend","Friend","Close","797","0.797","1"
"995543634","self-matching","151","Matching","self","Self","Self","464","0.464","1"
"995543634","self-matching","153","Matching","friend","Friend","Close","638","0.638","1"
"995543634","self-matching","155","Matching","friend","Friend","Close","390","0.39","1"
"995543634","self-matching","157","Nonmatching","self","Self","Self","562","0.562","1"
"995543634","self-matching","159","Matching","self","Self","Self","861","0.861","1"
"995543634","self-matching","161","Nonmatching","friend","Friend","Close","516","0.516","1"
"995543634","self-matching","163","Nonmatching","friend","Friend","Close","378","0.378","1"
"995543634","self-matching","165","Matching","friend","Friend","Close","557","0.557","1"
"995543634","self-matching","167","Nonmatching","self","Self","Self","504","0.504","1"
"995543634","self-matching","169","Nonmatching","self","Self","Self","535","0.535","1"
"995543634","self-matching","171","Matching","self","Self","Self","268","0.268","1"
"995543634","self-matching","173","Nonmatching","friend","Friend","Close","523","0.523","1"
"995543634","self-matching","175","Matching","self","Self","Self","473","0.473","1"
"995543634","self-matching","177","Nonmatching","friend","Friend","Close","440","0.44","1"
"995543634","self-matching","179","Matching","self","Self","Self","368","0.368","1"
"995543634","self-matching","181","Matching","friend","Friend","Close","316","0.316","0"
"995543634","self-matching","183","Nonmatching","friend","Friend","Close","433","0.433","1"
"995543634","self-matching","185","Matching","self","Self","Self","490","0.49","1"
"995543634","self-matching","187","Nonmatching","self","Self","Self","385","0.385","0"
"995543634","self-matching","189","Nonmatching","friend","Friend","Close","722","0.722","1"
"995543634","self-matching","191","Matching","self","Self","Self","551","0.551","1"
"995543634","self-matching","193","Nonmatching","self","Self","Self","467","0.467","1"
"995543634","self-matching","195","Nonmatching","friend","Friend","Close","931","0.931","1"
"995543634","self-matching","197","Matching","friend","Friend","Close","575","0.575","0"
"995543634","self-matching","199","Nonmatching","friend","Friend","Close","635","0.635","1"
"995543634","self-matching","201","Matching","friend","Friend","Close","667","0.667","1"
"995543634","self-matching","203","Matching","friend","Friend","Close","675","0.675","1"
"995543634","self-matching","205","Matching","self","Self","Self","554","0.554","1"
"995543634","self-matching","207","Matching","friend","Friend","Close","654","0.654","1"
"995543634","self-matching","209","Nonmatching","self","Self","Self","550","0.55","1"
"995543634","self-matching","211","Matching","friend","Friend","Close","490","0.49","1"
"995543634","self-matching","213","Matching","friend","Friend","Close","633","0.633","1"
"995543634","self-matching","215","Matching","self","Self","Self","441","0.441","1"
"995543634","self-matching","217","Nonmatching","friend","Friend","Close","530","0.53","1"
"995543634","self-matching","219","Nonmatching","self","Self","Self","622","0.622","1"
"995543634","self-matching","221","Nonmatching","friend","Friend","Close","464","0.464","0"
"995543634","self-matching","223","Matching","self","Self","Self","647","0.647","1"
"995543634","self-matching","225","Nonmatching","friend","Friend","Close","711","0.711","1"
"995543634","self-matching","227","Nonmatching","self","Self","Self","669","0.669","1"
"995543634","self-matching","229","Matching","self","Self","Self","324","0.324","1"
"995543634","self-matching","231","Nonmatching","self","Self","Self","690","0.69","1"
"995543634","self-matching","233","Nonmatching","friend","Friend","Close","896","0.896","1"
"995543634","self-matching","235","Nonmatching","self","Self","Self","527","0.527","1"
"995543634","self-matching","237","Nonmatching","self","Self","Self","772","0.772","1"
"995543634","self-matching","239","Nonmatching","self","Self","Self","463","0.463","1"
"995543635","self-matching","1","Matching","friend","Friend","Close","959","0.959","1"
"995543635","self-matching","3","Matching","friend","Friend","Close","611","0.611","0"
"995543635","self-matching","5","Matching","self","Self","Self","662","0.662","1"
"995543635","self-matching","9","Matching","friend","Friend","Close","658","0.658","1"
"995543635","self-matching","11","Nonmatching","friend","Friend","Close","576","0.576","1"
"995543635","self-matching","13","Matching","friend","Friend","Close","882","0.882","1"
"995543635","self-matching","15","Nonmatching","self","Self","Self","809","0.809","1"
"995543635","self-matching","17","Matching","self","Self","Self","436","0.436","1"
"995543635","self-matching","19","Matching","friend","Friend","Close","776","0.776","1"
"995543635","self-matching","21","Nonmatching","self","Self","Self","1019","1.019","1"
"995543635","self-matching","23","Matching","friend","Friend","Close","690","0.69","1"
"995543635","self-matching","25","Matching","friend","Friend","Close","785","0.785","1"
"995543635","self-matching","27","Matching","self","Self","Self","561","0.561","1"
"995543635","self-matching","29","Matching","self","Self","Self","634","0.634","1"
"995543635","self-matching","31","Matching","friend","Friend","Close","511","0.511","1"
"995543635","self-matching","33","Matching","self","Self","Self","479","0.479","1"
"995543635","self-matching","35","Matching","friend","Friend","Close","763","0.763","1"
"995543635","self-matching","37","Matching","self","Self","Self","364","0.364","1"
"995543635","self-matching","39","Matching","friend","Friend","Close","481","0.481","1"
"995543635","self-matching","41","Nonmatching","self","Self","Self","688","0.688","1"
"995543635","self-matching","43","Matching","friend","Friend","Close","673","0.673","1"
"995543635","self-matching","45","Nonmatching","self","Self","Self","580","0.58","1"
"995543635","self-matching","47","Matching","friend","Friend","Close","586","0.586","1"
"995543635","self-matching","49","Nonmatching","self","Self","Self","596","0.596","1"
"995543635","self-matching","51","Nonmatching","self","Self","Self","361","0.361","1"
"995543635","self-matching","53","Matching","self","Self","Self","657","0.657","1"
"995543635","self-matching","55","Nonmatching","friend","Friend","Close","651","0.651","1"
"995543635","self-matching","57","Matching","friend","Friend","Close","459","0.459","1"
"995543635","self-matching","59","Nonmatching","friend","Friend","Close","553","0.553","1"
"995543635","self-matching","61","Matching","friend","Friend","Close","958","0.958","1"
"995543635","self-matching","63","Nonmatching","friend","Friend","Close","518","0.518","1"
"995543635","self-matching","65","Nonmatching","self","Self","Self","1048","1.048","1"
"995543635","self-matching","67","Matching","self","Self","Self","471","0.471","1"
"995543635","self-matching","69","Nonmatching","friend","Friend","Close","713","0.713","1"
"995543635","self-matching","71","Nonmatching","self","Self","Self","699","0.699","1"
"995543635","self-matching","73","Matching","self","Self","Self","330","0.33","0"
"995543635","self-matching","75","Nonmatching","friend","Friend","Close","615","0.615","0"
"995543635","self-matching","79","Nonmatching","friend","Friend","Close","794","0.794","1"
"995543635","self-matching","81","Matching","self","Self","Self","403","0.403","1"
"995543635","self-matching","83","Nonmatching","friend","Friend","Close","631","0.631","1"
"995543635","self-matching","85","Nonmatching","self","Self","Self","695","0.695","1"
"995543635","self-matching","87","Matching","friend","Friend","Close","766","0.766","1"
"995543635","self-matching","89","Matching","friend","Friend","Close","968","0.968","1"
"995543635","self-matching","91","Matching","self","Self","Self","365","0.365","1"
"995543635","self-matching","93","Nonmatching","friend","Friend","Close","1011","1.011","1"
"995543635","self-matching","97","Nonmatching","friend","Friend","Close","1029","1.029","1"
"995543635","self-matching","99","Matching","self","Self","Self","707","0.707","1"
"995543635","self-matching","101","Nonmatching","friend","Friend","Close","444","0.444","1"
"995543635","self-matching","103","Matching","friend","Friend","Close","537","0.537","1"
"995543635","self-matching","105","Matching","self","Self","Self","429","0.429","1"
"995543635","self-matching","107","Nonmatching","self","Self","Self","553","0.553","1"
"995543635","self-matching","109","Matching","friend","Friend","Close","637","0.637","1"
"995543635","self-matching","111","Nonmatching","friend","Friend","Close","523","0.523","1"
"995543635","self-matching","113","Matching","friend","Friend","Close","488","0.488","1"
"995543635","self-matching","115","Nonmatching","friend","Friend","Close","418","0.418","1"
"995543635","self-matching","117","Matching","self","Self","Self","282","0.282","1"
"995543635","self-matching","119","Nonmatching","self","Self","Self","562","0.562","1"
"995543635","self-matching","121","Matching","self","Self","Self","627","0.627","1"
"995543635","self-matching","123","Nonmatching","friend","Friend","Close","463","0.463","1"
"995543635","self-matching","125","Nonmatching","friend","Friend","Close","579","0.579","1"
"995543635","self-matching","127","Nonmatching","friend","Friend","Close","467","0.467","1"
"995543635","self-matching","129","Nonmatching","self","Self","Self","642","0.642","1"
"995543635","self-matching","131","Matching","friend","Friend","Close","467","0.467","1"
"995543635","self-matching","133","Matching","self","Self","Self","329","0.329","1"
"995543635","self-matching","135","Nonmatching","friend","Friend","Close","607","0.607","1"
"995543635","self-matching","137","Nonmatching","self","Self","Self","888","0.888","1"
"995543635","self-matching","139","Nonmatching","friend","Friend","Close","535","0.535","1"
"995543635","self-matching","143","Nonmatching","friend","Friend","Close","909","0.909","1"
"995543635","self-matching","145","Matching","self","Self","Self","440","0.44","1"
"995543635","self-matching","147","Matching","self","Self","Self","502","0.502","0"
"995543635","self-matching","149","Matching","self","Self","Self","454","0.454","1"
"995543635","self-matching","151","Matching","self","Self","Self","281","0.281","1"
"995543635","self-matching","155","Matching","self","Self","Self","202","0.202","1"
"995543635","self-matching","157","Nonmatching","self","Self","Self","542","0.542","1"
"995543635","self-matching","159","Matching","self","Self","Self","418","0.418","1"
"995543635","self-matching","161","Matching","friend","Friend","Close","794","0.794","1"
"995543635","self-matching","163","Matching","self","Self","Self","514","0.514","1"
"995543635","self-matching","165","Matching","self","Self","Self","230","0.23","1"
"995543635","self-matching","167","Nonmatching","self","Self","Self","417","0.417","0"
"995543635","self-matching","169","Matching","friend","Friend","Close","757","0.757","1"
"995543635","self-matching","171","Nonmatching","self","Self","Self","909","0.909","1"
"995543635","self-matching","173","Matching","self","Self","Self","670","0.67","1"
"995543635","self-matching","175","Nonmatching","friend","Friend","Close","1127","1.127","1"
"995543635","self-matching","179","Nonmatching","self","Self","Self","663","0.663","1"
"995543635","self-matching","181","Matching","self","Self","Self","572","0.572","1"
"995543635","self-matching","183","Nonmatching","self","Self","Self","561","0.561","1"
"995543635","self-matching","187","Nonmatching","friend","Friend","Close","830","0.83","1"
"995543635","self-matching","189","Nonmatching","self","Self","Self","1126","1.126","1"
"995543635","self-matching","191","Matching","friend","Friend","Close","931","0.931","1"
"995543635","self-matching","193","Matching","friend","Friend","Close","599","0.599","1"
"995543635","self-matching","195","Nonmatching","friend","Friend","Close","644","0.644","1"
"995543635","self-matching","197","Matching","friend","Friend","Close","868","0.868","1"
"995543635","self-matching","199","Nonmatching","self","Self","Self","302","0.302","1"
"995543635","self-matching","201","Nonmatching","self","Self","Self","666","0.666","1"
"995543635","self-matching","203","Matching","friend","Friend","Close","830","0.83","1"
"995543635","self-matching","205","Nonmatching","friend","Friend","Close","1075","1.075","1"
"995543635","self-matching","207","Nonmatching","self","Self","Self","623","0.623","1"
"995543635","self-matching","209","Matching","self","Self","Self","480","0.48","1"
"995543635","self-matching","211","Nonmatching","friend","Friend","Close","614","0.614","1"
"995543635","self-matching","213","Matching","self","Self","Self","489","0.489","1"
"995543635","self-matching","215","Nonmatching","friend","Friend","Close","457","0.457","1"
"995543635","self-matching","217","Matching","friend","Friend","Close","660","0.66","1"
"995543635","self-matching","219","Nonmatching","self","Self","Self","420","0.42","1"
"995543635","self-matching","221","Nonmatching","self","Self","Self","789","0.789","1"
"995543635","self-matching","223","Nonmatching","self","Self","Self","255","0.255","1"
"995543635","self-matching","225","Nonmatching","friend","Friend","Close","553","0.553","1"
"995543635","self-matching","227","Nonmatching","friend","Friend","Close","370","0.37","0"
"995543635","self-matching","229","Nonmatching","self","Self","Self","1021","1.021","1"
"995543635","self-matching","231","Matching","self","Self","Self","623","0.623","1"
"995543635","self-matching","233","Nonmatching","self","Self","Self","717","0.717","1"
"995543635","self-matching","235","Matching","friend","Friend","Close","689","0.689","1"
"995543635","self-matching","237","Nonmatching","friend","Friend","Close","530","0.53","1"
"995543635","self-matching","239","Nonmatching","friend","Friend","Close","588","0.588","1"
"995543636","self-matching","1","Nonmatching","self","Self","Self","642","0.642","1"
"995543636","self-matching","3","Nonmatching","self","Self","Self","567","0.567","1"
"995543636","self-matching","5","Nonmatching","friend","Friend","Close","627","0.627","1"
"995543636","self-matching","7","Matching","friend","Friend","Close","909","0.909","1"
"995543636","self-matching","9","Nonmatching","friend","Friend","Close","648","0.648","1"
"995543636","self-matching","11","Matching","self","Self","Self","397","0.397","1"
"995543636","self-matching","13","Nonmatching","self","Self","Self","607","0.607","1"
"995543636","self-matching","15","Nonmatching","self","Self","Self","831","0.831","1"
"995543636","self-matching","17","Matching","self","Self","Self","588","0.588","1"
"995543636","self-matching","19","Matching","self","Self","Self","448","0.448","1"
"995543636","self-matching","21","Matching","self","Self","Self","554","0.554","1"
"995543636","self-matching","23","Matching","friend","Friend","Close","506","0.506","0"
"995543636","self-matching","25","Matching","self","Self","Self","637","0.637","1"
"995543636","self-matching","27","Nonmatching","self","Self","Self","957","0.957","1"
"995543636","self-matching","29","Nonmatching","self","Self","Self","628","0.628","1"
"995543636","self-matching","31","Nonmatching","friend","Friend","Close","758","0.758","0"
"995543636","self-matching","33","Nonmatching","friend","Friend","Close","707","0.707","0"
"995543636","self-matching","35","Nonmatching","friend","Friend","Close","518","0.518","1"
"995543636","self-matching","37","Nonmatching","self","Self","Self","705","0.705","1"
"995543636","self-matching","39","Matching","self","Self","Self","518","0.518","1"
"995543636","self-matching","41","Nonmatching","self","Self","Self","598","0.598","1"
"995543636","self-matching","43","Matching","friend","Friend","Close","635","0.635","0"
"995543636","self-matching","45","Matching","self","Self","Self","476","0.476","1"
"995543636","self-matching","47","Matching","friend","Friend","Close","708","0.708","0"
"995543636","self-matching","49","Nonmatching","friend","Friend","Close","537","0.537","1"
"995543636","self-matching","51","Nonmatching","friend","Friend","Close","530","0.53","1"
"995543636","self-matching","53","Matching","friend","Friend","Close","586","0.586","1"
"995543636","self-matching","55","Nonmatching","friend","Friend","Close","587","0.587","1"
"995543636","self-matching","57","Nonmatching","self","Self","Self","717","0.717","1"
"995543636","self-matching","59","Nonmatching","self","Self","Self","587","0.587","1"
"995543636","self-matching","61","Nonmatching","friend","Friend","Close","827","0.827","0"
"995543636","self-matching","63","Matching","self","Self","Self","818","0.818","1"
"995543636","self-matching","65","Nonmatching","self","Self","Self","427","0.427","1"
"995543636","self-matching","67","Matching","friend","Friend","Close","927","0.927","1"
"995543636","self-matching","69","Matching","self","Self","Self","677","0.677","1"
"995543636","self-matching","71","Nonmatching","friend","Friend","Close","508","0.508","1"
"995543636","self-matching","73","Nonmatching","self","Self","Self","767","0.767","1"
"995543636","self-matching","75","Nonmatching","self","Self","Self","637","0.637","0"
"995543636","self-matching","77","Matching","self","Self","Self","468","0.468","1"
"995543636","self-matching","79","Nonmatching","self","Self","Self","718","0.718","1"
"995543636","self-matching","81","Nonmatching","friend","Friend","Close","737","0.737","1"
"995543636","self-matching","83","Matching","self","Self","Self","597","0.597","1"
"995543636","self-matching","85","Matching","friend","Friend","Close","958","0.958","0"
"995543636","self-matching","87","Nonmatching","friend","Friend","Close","686","0.686","1"
"995543636","self-matching","89","Matching","self","Self","Self","546","0.546","1"
"995543636","self-matching","91","Matching","friend","Friend","Close","689","0.689","0"
"995543636","self-matching","93","Nonmatching","friend","Friend","Close","837","0.837","1"
"995543636","self-matching","95","Nonmatching","friend","Friend","Close","895","0.895","0"
"995543636","self-matching","97","Matching","friend","Friend","Close","687","0.687","0"
"995543636","self-matching","99","Matching","self","Self","Self","867","0.867","1"
"995543636","self-matching","101","Nonmatching","friend","Friend","Close","757","0.757","1"
"995543636","self-matching","105","Nonmatching","friend","Friend","Close","576","0.576","0"
"995543636","self-matching","107","Matching","friend","Friend","Close","652","0.652","0"
"995543636","self-matching","109","Nonmatching","self","Self","Self","679","0.679","1"
"995543636","self-matching","111","Nonmatching","friend","Friend","Close","607","0.607","1"
"995543636","self-matching","113","Nonmatching","self","Self","Self","837","0.837","0"
"995543636","self-matching","115","Matching","self","Self","Self","507","0.507","1"
"995543636","self-matching","117","Nonmatching","self","Self","Self","666","0.666","1"
"995543636","self-matching","119","Matching","friend","Friend","Close","648","0.648","1"
"995543636","self-matching","121","Matching","friend","Friend","Close","618","0.618","0"
"995543636","self-matching","123","Nonmatching","self","Self","Self","707","0.707","0"
"995543636","self-matching","125","Nonmatching","self","Self","Self","646","0.646","1"
"995543636","self-matching","127","Nonmatching","friend","Friend","Close","907","0.907","1"
"995543636","self-matching","131","Nonmatching","self","Self","Self","639","0.639","1"
"995543636","self-matching","133","Matching","friend","Friend","Close","985","0.985","1"
"995543636","self-matching","135","Matching","self","Self","Self","649","0.649","1"
"995543636","self-matching","137","Nonmatching","friend","Friend","Close","838","0.838","1"
"995543636","self-matching","139","Matching","self","Self","Self","638","0.638","1"
"995543636","self-matching","141","Matching","friend","Friend","Close","849","0.849","1"
"995543636","self-matching","143","Matching","friend","Friend","Close","789","0.789","1"
"995543636","self-matching","145","Nonmatching","friend","Friend","Close","558","0.558","1"
"995543636","self-matching","147","Nonmatching","self","Self","Self","638","0.638","0"
"995543636","self-matching","153","Nonmatching","self","Self","Self","678","0.678","1"
"995543636","self-matching","155","Matching","friend","Friend","Close","737","0.737","1"
"995543636","self-matching","157","Nonmatching","friend","Friend","Close","778","0.778","1"
"995543636","self-matching","159","Matching","self","Self","Self","527","0.527","1"
"995543636","self-matching","161","Matching","friend","Friend","Close","638","0.638","1"
"995543636","self-matching","163","Matching","self","Self","Self","848","0.848","1"
"995543636","self-matching","165","Nonmatching","self","Self","Self","478","0.478","1"
"995543636","self-matching","167","Matching","friend","Friend","Close","868","0.868","0"
"995543636","self-matching","169","Nonmatching","self","Self","Self","897","0.897","0"
"995543636","self-matching","171","Matching","self","Self","Self","947","0.947","1"
"995543636","self-matching","175","Matching","friend","Friend","Close","747","0.747","0"
"995543636","self-matching","181","Matching","self","Self","Self","657","0.657","1"
"995543636","self-matching","183","Nonmatching","self","Self","Self","685","0.685","1"
"995543636","self-matching","185","Nonmatching","self","Self","Self","637","0.637","0"
"995543636","self-matching","187","Nonmatching","friend","Friend","Close","1057","1.057","0"
"995543636","self-matching","189","Matching","self","Self","Self","768","0.768","0"
"995543636","self-matching","191","Nonmatching","friend","Friend","Close","759","0.759","1"
"995543636","self-matching","193","Matching","friend","Friend","Close","976","0.976","1"
"995543636","self-matching","195","Nonmatching","self","Self","Self","688","0.688","1"
"995543636","self-matching","197","Nonmatching","friend","Friend","Close","897","0.897","1"
"995543636","self-matching","199","Matching","friend","Friend","Close","1087","1.087","0"
"995543636","self-matching","201","Matching","friend","Friend","Close","996","0.996","1"
"995543636","self-matching","203","Nonmatching","friend","Friend","Close","906","0.906","1"
"995543636","self-matching","205","Matching","friend","Friend","Close","767","0.767","0"
"995543636","self-matching","207","Nonmatching","friend","Friend","Close","1047","1.047","1"
"995543636","self-matching","209","Nonmatching","friend","Friend","Close","866","0.866","1"
"995543636","self-matching","211","Matching","self","Self","Self","748","0.748","1"
"995543636","self-matching","213","Nonmatching","self","Self","Self","717","0.717","1"
"995543636","self-matching","215","Matching","self","Self","Self","988","0.988","1"
"995543636","self-matching","217","Matching","self","Self","Self","708","0.708","1"
"995543636","self-matching","219","Nonmatching","self","Self","Self","587","0.587","1"
"995543636","self-matching","221","Nonmatching","friend","Friend","Close","1157","1.157","1"
"995543636","self-matching","223","Matching","friend","Friend","Close","727","0.727","1"
"995543636","self-matching","225","Matching","friend","Friend","Close","1187","1.187","1"
"995543636","self-matching","227","Matching","friend","Friend","Close","627","0.627","1"
"995543636","self-matching","229","Matching","self","Self","Self","716","0.716","1"
"995543636","self-matching","231","Matching","friend","Friend","Close","807","0.807","0"
"995543636","self-matching","233","Nonmatching","self","Self","Self","896","0.896","1"
"995543636","self-matching","235","Matching","self","Self","Self","536","0.536","1"
"995543636","self-matching","239","Matching","friend","Friend","Close","637","0.637","0"
"995543637","self-matching","1","Nonmatching","self","Self","Self","210","0.21","0"
"995543637","self-matching","3","Nonmatching","self","Self","Self","261","0.261","0"
"995543637","self-matching","9","Matching","self","Self","Self","328","0.328","1"
"995543637","self-matching","17","Matching","friend","Friend","Close","969","0.969","0"
"995543637","self-matching","19","Matching","self","Self","Self","317","0.317","1"
"995543637","self-matching","21","Nonmatching","self","Self","Self","713","0.713","1"
"995543637","self-matching","23","Matching","self","Self","Self","291","0.291","1"
"995543637","self-matching","25","Nonmatching","self","Self","Self","462","0.462","0"
"995543637","self-matching","27","Nonmatching","self","Self","Self","239","0.239","0"
"995543637","self-matching","29","Matching","friend","Friend","Close","436","0.436","0"
"995543637","self-matching","31","Matching","self","Self","Self","367","0.367","1"
"995543637","self-matching","33","Matching","self","Self","Self","587","0.587","1"
"995543637","self-matching","35","Nonmatching","self","Self","Self","436","0.436","0"
"995543637","self-matching","37","Matching","friend","Friend","Close","658","0.658","0"
"995543637","self-matching","39","Matching","self","Self","Self","648","0.648","1"
"995543637","self-matching","41","Nonmatching","self","Self","Self","693","0.693","1"
"995543637","self-matching","43","Nonmatching","friend","Friend","Close","785","0.785","1"
"995543637","self-matching","45","Nonmatching","self","Self","Self","726","0.726","1"
"995543637","self-matching","47","Matching","self","Self","Self","309","0.309","1"
"995543637","self-matching","49","Matching","friend","Friend","Close","391","0.391","0"
"995543637","self-matching","53","Nonmatching","self","Self","Self","836","0.836","1"
"995543637","self-matching","55","Nonmatching","self","Self","Self","750","0.75","1"
"995543637","self-matching","57","Nonmatching","friend","Friend","Close","620","0.62","1"
"995543637","self-matching","59","Matching","friend","Friend","Close","874","0.874","1"
"995543637","self-matching","61","Nonmatching","friend","Friend","Close","901","0.901","1"
"995543637","self-matching","63","Nonmatching","self","Self","Self","742","0.742","1"
"995543637","self-matching","65","Matching","self","Self","Self","324","0.324","1"
"995543637","self-matching","67","Matching","friend","Friend","Close","605","0.605","0"
"995543637","self-matching","69","Matching","friend","Friend","Close","741","0.741","1"
"995543637","self-matching","71","Nonmatching","self","Self","Self","694","0.694","1"
"995543637","self-matching","73","Matching","friend","Friend","Close","742","0.742","1"
"995543637","self-matching","75","Nonmatching","friend","Friend","Close","710","0.71","1"
"995543637","self-matching","77","Matching","friend","Friend","Close","1033","1.033","1"
"995543637","self-matching","79","Matching","friend","Friend","Close","649","0.649","1"
"995543637","self-matching","81","Nonmatching","self","Self","Self","681","0.681","1"
"995543637","self-matching","83","Nonmatching","friend","Friend","Close","957","0.957","1"
"995543637","self-matching","85","Matching","self","Self","Self","399","0.399","1"
"995543637","self-matching","87","Nonmatching","self","Self","Self","587","0.587","1"
"995543637","self-matching","89","Nonmatching","self","Self","Self","742","0.742","1"
"995543637","self-matching","91","Matching","self","Self","Self","640","0.64","1"
"995543637","self-matching","93","Matching","friend","Friend","Close","661","0.661","0"
"995543637","self-matching","97","Nonmatching","friend","Friend","Close","952","0.952","1"
"995543637","self-matching","101","Nonmatching","friend","Friend","Close","522","0.522","1"
"995543637","self-matching","103","Nonmatching","self","Self","Self","319","0.319","0"
"995543637","self-matching","105","Matching","self","Self","Self","624","0.624","1"
"995543637","self-matching","107","Matching","friend","Friend","Close","671","0.671","0"
"995543637","self-matching","109","Matching","friend","Friend","Close","585","0.585","1"
"995543637","self-matching","111","Matching","friend","Friend","Close","451","0.451","1"
"995543637","self-matching","115","Matching","self","Self","Self","616","0.616","1"
"995543637","self-matching","117","Matching","self","Self","Self","262","0.262","1"
"995543637","self-matching","119","Nonmatching","friend","Friend","Close","885","0.885","1"
"995543637","self-matching","121","Matching","friend","Friend","Close","870","0.87","0"
"995543637","self-matching","123","Nonmatching","self","Self","Self","936","0.936","1"
"995543637","self-matching","125","Matching","self","Self","Self","453","0.453","1"
"995543637","self-matching","127","Matching","friend","Friend","Close","574","0.574","1"
"995543637","self-matching","129","Nonmatching","friend","Friend","Close","857","0.857","1"
"995543637","self-matching","131","Nonmatching","friend","Friend","Close","687","0.687","1"
"995543637","self-matching","133","Nonmatching","self","Self","Self","1147","1.147","1"
"995543637","self-matching","135","Matching","friend","Friend","Close","869","0.869","1"
"995543637","self-matching","137","Nonmatching","friend","Friend","Close","1001","1.001","1"
"995543637","self-matching","139","Nonmatching","self","Self","Self","635","0.635","1"
"995543637","self-matching","141","Nonmatching","self","Self","Self","654","0.654","1"
"995543637","self-matching","143","Matching","friend","Friend","Close","1101","1.101","1"
"995543637","self-matching","145","Matching","self","Self","Self","513","0.513","1"
"995543637","self-matching","147","Matching","self","Self","Self","326","0.326","1"
"995543637","self-matching","149","Matching","self","Self","Self","241","0.241","1"
"995543637","self-matching","151","Nonmatching","self","Self","Self","536","0.536","1"
"995543637","self-matching","153","Nonmatching","self","Self","Self","633","0.633","1"
"995543637","self-matching","155","Matching","self","Self","Self","505","0.505","1"
"995543637","self-matching","157","Nonmatching","friend","Friend","Close","721","0.721","1"
"995543637","self-matching","159","Matching","self","Self","Self","368","0.368","1"
"995543637","self-matching","161","Nonmatching","self","Self","Self","680","0.68","1"
"995543637","self-matching","163","Nonmatching","self","Self","Self","1103","1.103","1"
"995543637","self-matching","165","Nonmatching","friend","Friend","Close","797","0.797","1"
"995543637","self-matching","167","Matching","friend","Friend","Close","934","0.934","1"
"995543637","self-matching","169","Matching","friend","Friend","Close","629","0.629","1"
"995543637","self-matching","171","Matching","self","Self","Self","617","0.617","1"
"995543637","self-matching","173","Nonmatching","friend","Friend","Close","603","0.603","1"
"995543637","self-matching","175","Nonmatching","friend","Friend","Close","765","0.765","1"
"995543637","self-matching","177","Matching","self","Self","Self","433","0.433","1"
"995543637","self-matching","179","Matching","friend","Friend","Close","707","0.707","0"
"995543637","self-matching","181","Nonmatching","friend","Friend","Close","830","0.83","1"
"995543637","self-matching","183","Matching","self","Self","Self","689","0.689","1"
"995543637","self-matching","185","Matching","self","Self","Self","419","0.419","1"
"995543637","self-matching","187","Nonmatching","friend","Friend","Close","883","0.883","1"
"995543637","self-matching","189","Nonmatching","self","Self","Self","740","0.74","1"
"995543637","self-matching","191","Matching","self","Self","Self","486","0.486","1"
"995543637","self-matching","193","Matching","friend","Friend","Close","679","0.679","1"
"995543637","self-matching","195","Nonmatching","friend","Friend","Close","858","0.858","1"
"995543637","self-matching","197","Matching","self","Self","Self","277","0.277","1"
"995543637","self-matching","199","Nonmatching","self","Self","Self","643","0.643","1"
"995543637","self-matching","201","Matching","friend","Friend","Close","776","0.776","1"
"995543637","self-matching","203","Nonmatching","self","Self","Self","775","0.775","1"
"995543637","self-matching","205","Matching","friend","Friend","Close","438","0.438","0"
"995543637","self-matching","207","Nonmatching","self","Self","Self","946","0.946","1"
"995543637","self-matching","209","Matching","self","Self","Self","378","0.378","1"
"995543637","self-matching","211","Nonmatching","friend","Friend","Close","888","0.888","0"
"995543637","self-matching","215","Nonmatching","friend","Friend","Close","866","0.866","1"
"995543637","self-matching","217","Matching","self","Self","Self","401","0.401","1"
"995543637","self-matching","221","Nonmatching","self","Self","Self","368","0.368","0"
"995543637","self-matching","225","Matching","friend","Friend","Close","654","0.654","1"
"995543637","self-matching","227","Matching","self","Self","Self","455","0.455","1"
"995543637","self-matching","229","Nonmatching","friend","Friend","Close","730","0.73","0"
"995543637","self-matching","231","Matching","self","Self","Self","624","0.624","1"
"995543637","self-matching","233","Nonmatching","friend","Friend","Close","757","0.757","1"
"995543637","self-matching","235","Nonmatching","friend","Friend","Close","886","0.886","0"
"995543637","self-matching","237","Matching","self","Self","Self","565","0.565","1"
"995543637","self-matching","239","Nonmatching","friend","Friend","Close","646","0.646","1"
"995543643","self-matching","1","Nonmatching","friend","Friend","Close","796","0.796","1"
"995543643","self-matching","3","Matching","self","Self","Self","372","0.372","1"
"995543643","self-matching","5","Matching","friend","Friend","Close","439","0.439","0"
"995543643","self-matching","7","Nonmatching","self","Self","Self","759","0.759","1"
"995543643","self-matching","9","Matching","friend","Friend","Close","819","0.819","1"
"995543643","self-matching","11","Nonmatching","self","Self","Self","1139","1.139","1"
"995543643","self-matching","13","Matching","self","Self","Self","1039","1.039","1"
"995543643","self-matching","15","Matching","self","Self","Self","542","0.542","1"
"995543643","self-matching","17","Matching","friend","Friend","Close","1083","1.083","0"
"995543643","self-matching","19","Matching","friend","Friend","Close","762","0.762","1"
"995543643","self-matching","21","Matching","self","Self","Self","798","0.798","1"
"995543643","self-matching","23","Matching","self","Self","Self","494","0.494","1"
"995543643","self-matching","25","Matching","friend","Friend","Close","533","0.533","0"
"995543643","self-matching","27","Matching","friend","Friend","Close","626","0.626","1"
"995543643","self-matching","29","Matching","self","Self","Self","274","0.274","1"
"995543643","self-matching","31","Matching","friend","Friend","Close","657","0.657","1"
"995543643","self-matching","33","Matching","self","Self","Self","377","0.377","1"
"995543643","self-matching","35","Nonmatching","friend","Friend","Close","395","0.395","1"
"995543643","self-matching","37","Nonmatching","self","Self","Self","323","0.323","1"
"995543643","self-matching","39","Matching","self","Self","Self","251","0.251","1"
"995543643","self-matching","41","Matching","self","Self","Self","218","0.218","1"
"995543643","self-matching","43","Matching","friend","Friend","Close","819","0.819","1"
"995543643","self-matching","45","Matching","self","Self","Self","260","0.26","1"
"995543643","self-matching","47","Nonmatching","self","Self","Self","316","0.316","0"
"995543643","self-matching","49","Matching","self","Self","Self","369","0.369","1"
"995543643","self-matching","51","Matching","friend","Friend","Close","619","0.619","1"
"995543643","self-matching","53","Nonmatching","friend","Friend","Close","821","0.821","1"
"995543643","self-matching","55","Nonmatching","friend","Friend","Close","789","0.789","1"
"995543643","self-matching","57","Nonmatching","friend","Friend","Close","368","0.368","1"
"995543643","self-matching","59","Nonmatching","friend","Friend","Close","307","0.307","1"
"995543643","self-matching","61","Nonmatching","self","Self","Self","896","0.896","1"
"995543643","self-matching","63","Nonmatching","friend","Friend","Close","470","0.47","1"
"995543643","self-matching","65","Matching","friend","Friend","Close","597","0.597","1"
"995543643","self-matching","67","Matching","friend","Friend","Close","598","0.598","1"
"995543643","self-matching","69","Nonmatching","self","Self","Self","506","0.506","1"
"995543643","self-matching","71","Nonmatching","friend","Friend","Close","526","0.526","1"
"995543643","self-matching","73","Matching","friend","Friend","Close","643","0.643","0"
"995543643","self-matching","75","Matching","friend","Friend","Close","378","0.378","1"
"995543643","self-matching","77","Nonmatching","self","Self","Self","606","0.606","1"
"995543643","self-matching","79","Matching","friend","Friend","Close","766","0.766","1"
"995543643","self-matching","81","Matching","self","Self","Self","234","0.234","1"
"995543643","self-matching","83","Nonmatching","friend","Friend","Close","379","0.379","1"
"995543643","self-matching","85","Matching","friend","Friend","Close","614","0.614","1"
"995543643","self-matching","87","Nonmatching","self","Self","Self","239","0.239","1"
"995543643","self-matching","89","Matching","self","Self","Self","230","0.23","1"
"995543643","self-matching","91","Matching","friend","Friend","Close","632","0.632","1"
"995543643","self-matching","93","Nonmatching","friend","Friend","Close","657","0.657","1"
"995543643","self-matching","95","Nonmatching","friend","Friend","Close","320","0.32","1"
"995543643","self-matching","97","Matching","self","Self","Self","263","0.263","1"
"995543643","self-matching","99","Matching","friend","Friend","Close","683","0.683","1"
"995543643","self-matching","101","Nonmatching","self","Self","Self","515","0.515","1"
"995543643","self-matching","103","Nonmatching","self","Self","Self","1064","1.064","1"
"995543643","self-matching","105","Nonmatching","friend","Friend","Close","751","0.751","1"
"995543643","self-matching","107","Matching","self","Self","Self","243","0.243","1"
"995543643","self-matching","109","Matching","self","Self","Self","283","0.283","1"
"995543643","self-matching","111","Matching","self","Self","Self","306","0.306","1"
"995543643","self-matching","113","Nonmatching","friend","Friend","Close","639","0.639","1"
"995543643","self-matching","115","Matching","friend","Friend","Close","775","0.775","1"
"995543643","self-matching","117","Matching","friend","Friend","Close","634","0.634","1"
"995543643","self-matching","119","Matching","self","Self","Self","243","0.243","1"
"995543643","self-matching","121","Matching","friend","Friend","Close","634","0.634","1"
"995543643","self-matching","123","Nonmatching","friend","Friend","Close","483","0.483","1"
"995543643","self-matching","125","Nonmatching","friend","Friend","Close","265","0.265","1"
"995543643","self-matching","127","Matching","self","Self","Self","609","0.609","1"
"995543643","self-matching","129","Nonmatching","friend","Friend","Close","506","0.506","0"
"995543643","self-matching","131","Matching","friend","Friend","Close","447","0.447","0"
"995543643","self-matching","133","Matching","friend","Friend","Close","463","0.463","1"
"995543643","self-matching","135","Nonmatching","self","Self","Self","222","0.222","0"
"995543643","self-matching","137","Nonmatching","friend","Friend","Close","655","0.655","1"
"995543643","self-matching","139","Matching","friend","Friend","Close","390","0.39","0"
"995543643","self-matching","141","Nonmatching","self","Self","Self","794","0.794","1"
"995543643","self-matching","143","Nonmatching","friend","Friend","Close","426","0.426","0"
"995543643","self-matching","145","Nonmatching","friend","Friend","Close","755","0.755","1"
"995543643","self-matching","147","Nonmatching","self","Self","Self","846","0.846","1"
"995543643","self-matching","149","Nonmatching","friend","Friend","Close","366","0.366","1"
"995543643","self-matching","151","Matching","friend","Friend","Close","729","0.729","1"
"995543643","self-matching","153","Matching","friend","Friend","Close","1110","1.11","1"
"995543643","self-matching","155","Nonmatching","self","Self","Self","579","0.579","1"
"995543643","self-matching","157","Nonmatching","self","Self","Self","717","0.717","1"
"995543643","self-matching","159","Nonmatching","self","Self","Self","563","0.563","1"
"995543643","self-matching","161","Nonmatching","self","Self","Self","414","0.414","1"
"995543643","self-matching","163","Matching","self","Self","Self","279","0.279","1"
"995543643","self-matching","165","Nonmatching","self","Self","Self","710","0.71","1"
"995543643","self-matching","167","Nonmatching","self","Self","Self","547","0.547","1"
"995543643","self-matching","169","Nonmatching","friend","Friend","Close","903","0.903","1"
"995543643","self-matching","171","Nonmatching","self","Self","Self","717","0.717","1"
"995543643","self-matching","173","Matching","friend","Friend","Close","330","0.33","0"
"995543643","self-matching","175","Nonmatching","self","Self","Self","655","0.655","1"
"995543643","self-matching","177","Nonmatching","friend","Friend","Close","854","0.854","1"
"995543643","self-matching","179","Matching","self","Self","Self","326","0.326","1"
"995543643","self-matching","181","Nonmatching","self","Self","Self","547","0.547","1"
"995543643","self-matching","183","Nonmatching","self","Self","Self","575","0.575","1"
"995543643","self-matching","185","Matching","friend","Friend","Close","650","0.65","1"
"995543643","self-matching","187","Matching","self","Self","Self","265","0.265","1"
"995543643","self-matching","189","Nonmatching","friend","Friend","Close","929","0.929","1"
"995543643","self-matching","191","Matching","self","Self","Self","725","0.725","0"
"995543643","self-matching","193","Nonmatching","self","Self","Self","1441","1.441","1"
"995543643","self-matching","195","Matching","self","Self","Self","386","0.386","1"
"995543643","self-matching","197","Nonmatching","friend","Friend","Close","748","0.748","1"
"995543643","self-matching","199","Matching","self","Self","Self","624","0.624","1"
"995543643","self-matching","201","Matching","self","Self","Self","257","0.257","1"
"995543643","self-matching","203","Nonmatching","friend","Friend","Close","504","0.504","1"
"995543643","self-matching","205","Nonmatching","self","Self","Self","725","0.725","1"
"995543643","self-matching","207","Nonmatching","self","Self","Self","505","0.505","1"
"995543643","self-matching","209","Matching","self","Self","Self","695","0.695","1"
"995543643","self-matching","211","Nonmatching","friend","Friend","Close","557","0.557","1"
"995543643","self-matching","213","Nonmatching","friend","Friend","Close","928","0.928","1"
"995543643","self-matching","215","Matching","self","Self","Self","621","0.621","1"
"995543643","self-matching","217","Matching","self","Self","Self","254","0.254","1"
"995543643","self-matching","219","Matching","self","Self","Self","253","0.253","1"
"995543643","self-matching","221","Nonmatching","self","Self","Self","469","0.469","1"
"995543643","self-matching","223","Nonmatching","self","Self","Self","541","0.541","1"
"995543643","self-matching","225","Matching","friend","Friend","Close","392","0.392","1"
"995543643","self-matching","227","Nonmatching","friend","Friend","Close","561","0.561","1"
"995543643","self-matching","229","Nonmatching","self","Self","Self","894","0.894","1"
"995543643","self-matching","231","Nonmatching","self","Self","Self","659","0.659","1"
"995543643","self-matching","233","Nonmatching","friend","Friend","Close","498","0.498","0"
"995543643","self-matching","235","Matching","friend","Friend","Close","712","0.712","1"
"995543643","self-matching","237","Nonmatching","friend","Friend","Close","1310","1.31","1"
"995543643","self-matching","239","Matching","friend","Friend","Close","634","0.634","1"
"995543645","self-matching","5","Matching","self","Self","Self","293","0.293","0"
"995543645","self-matching","7","Matching","friend","Friend","Close","269","0.269","0"
"995543645","self-matching","9","Matching","friend","Friend","Close","206","0.206","1"
"995543645","self-matching","11","Nonmatching","friend","Friend","Close","210","0.21","0"
"995543645","self-matching","13","Nonmatching","self","Self","Self","414","0.414","0"
"995543645","self-matching","15","Matching","self","Self","Self","458","0.458","1"
"995543645","self-matching","25","Matching","self","Self","Self","441","0.441","1"
"995543645","self-matching","27","Nonmatching","self","Self","Self","292","0.292","1"
"995543645","self-matching","29","Nonmatching","friend","Friend","Close","414","0.414","0"
"995543645","self-matching","31","Matching","self","Self","Self","253","0.253","1"
"995543645","self-matching","35","Nonmatching","self","Self","Self","469","0.469","0"
"995543645","self-matching","37","Matching","friend","Friend","Close","249","0.249","0"
"995543645","self-matching","39","Matching","friend","Friend","Close","277","0.277","1"
"995543645","self-matching","41","Nonmatching","friend","Friend","Close","445","0.445","0"
"995543645","self-matching","45","Matching","friend","Friend","Close","245","0.245","0"
"995543645","self-matching","49","Matching","friend","Friend","Close","239","0.239","1"
"995543645","self-matching","59","Nonmatching","self","Self","Self","256","0.256","0"
"995543645","self-matching","63","Nonmatching","self","Self","Self","1156","1.156","1"
"995543645","self-matching","65","Nonmatching","friend","Friend","Close","402","0.402","0"
"995543645","self-matching","67","Matching","friend","Friend","Close","405","0.405","0"
"995543645","self-matching","71","Matching","self","Self","Self","404","0.404","1"
"995543645","self-matching","73","Matching","self","Self","Self","447","0.447","1"
"995543645","self-matching","75","Nonmatching","self","Self","Self","605","0.605","1"
"995543645","self-matching","77","Nonmatching","friend","Friend","Close","519","0.519","0"
"995543645","self-matching","79","Nonmatching","self","Self","Self","364","0.364","1"
"995543645","self-matching","81","Matching","friend","Friend","Close","426","0.426","1"
"995543645","self-matching","83","Nonmatching","self","Self","Self","696","0.696","1"
"995543645","self-matching","85","Matching","friend","Friend","Close","699","0.699","1"
"995543645","self-matching","87","Matching","self","Self","Self","567","0.567","1"
"995543645","self-matching","89","Nonmatching","self","Self","Self","905","0.905","1"
"995543645","self-matching","91","Matching","friend","Friend","Close","587","0.587","1"
"995543645","self-matching","93","Matching","self","Self","Self","689","0.689","1"
"995543645","self-matching","95","Nonmatching","self","Self","Self","771","0.771","1"
"995543645","self-matching","97","Nonmatching","self","Self","Self","832","0.832","1"
"995543645","self-matching","99","Matching","self","Self","Self","325","0.325","1"
"995543645","self-matching","101","Matching","self","Self","Self","889","0.889","1"
"995543645","self-matching","103","Matching","friend","Friend","Close","881","0.881","0"
"995543645","self-matching","105","Nonmatching","self","Self","Self","841","0.841","1"
"995543645","self-matching","107","Matching","friend","Friend","Close","785","0.785","1"
"995543645","self-matching","109","Matching","friend","Friend","Close","811","0.811","1"
"995543645","self-matching","111","Matching","friend","Friend","Close","1087","1.087","1"
"995543645","self-matching","113","Nonmatching","self","Self","Self","933","0.933","1"
"995543645","self-matching","115","Nonmatching","friend","Friend","Close","871","0.871","1"
"995543645","self-matching","117","Nonmatching","friend","Friend","Close","808","0.808","1"
"995543645","self-matching","119","Matching","self","Self","Self","799","0.799","1"
"995543645","self-matching","121","Nonmatching","self","Self","Self","695","0.695","1"
"995543645","self-matching","123","Nonmatching","friend","Friend","Close","1440","1.44","1"
"995543645","self-matching","125","Matching","friend","Friend","Close","979","0.979","1"
"995543645","self-matching","127","Nonmatching","friend","Friend","Close","800","0.8","1"
"995543645","self-matching","129","Matching","self","Self","Self","837","0.837","1"
"995543645","self-matching","131","Nonmatching","friend","Friend","Close","1006","1.006","1"
"995543645","self-matching","133","Nonmatching","self","Self","Self","781","0.781","1"
"995543645","self-matching","135","Matching","self","Self","Self","694","0.694","1"
"995543645","self-matching","137","Matching","friend","Friend","Close","773","0.773","1"
"995543645","self-matching","139","Matching","friend","Friend","Close","469","0.469","1"
"995543645","self-matching","141","Matching","self","Self","Self","521","0.521","1"
"995543645","self-matching","143","Nonmatching","friend","Friend","Close","587","0.587","1"
"995543645","self-matching","145","Matching","self","Self","Self","524","0.524","1"
"995543645","self-matching","147","Nonmatching","self","Self","Self","730","0.73","1"
"995543645","self-matching","149","Nonmatching","self","Self","Self","731","0.731","1"
"995543645","self-matching","151","Nonmatching","friend","Friend","Close","694","0.694","0"
"995543645","self-matching","153","Matching","self","Self","Self","646","0.646","1"
"995543645","self-matching","155","Matching","self","Self","Self","599","0.599","1"
"995543645","self-matching","157","Nonmatching","self","Self","Self","652","0.652","1"
"995543645","self-matching","159","Nonmatching","self","Self","Self","729","0.729","1"
"995543645","self-matching","161","Nonmatching","self","Self","Self","493","0.493","1"
"995543645","self-matching","163","Nonmatching","friend","Friend","Close","615","0.615","0"
"995543645","self-matching","165","Matching","friend","Friend","Close","1404","1.404","0"
"995543645","self-matching","167","Nonmatching","friend","Friend","Close","567","0.567","1"
"995543645","self-matching","169","Nonmatching","friend","Friend","Close","566","0.566","1"
"995543645","self-matching","171","Matching","friend","Friend","Close","1016","1.016","1"
"995543645","self-matching","173","Matching","self","Self","Self","559","0.559","1"
"995543645","self-matching","175","Nonmatching","self","Self","Self","588","0.588","1"
"995543645","self-matching","177","Matching","self","Self","Self","601","0.601","0"
"995543645","self-matching","179","Nonmatching","friend","Friend","Close","616","0.616","1"
"995543645","self-matching","181","Nonmatching","self","Self","Self","501","0.501","1"
"995543645","self-matching","183","Matching","self","Self","Self","829","0.829","1"
"995543645","self-matching","185","Nonmatching","self","Self","Self","612","0.612","1"
"995543645","self-matching","187","Nonmatching","friend","Friend","Close","831","0.831","1"
"995543645","self-matching","189","Matching","friend","Friend","Close","832","0.832","1"
"995543645","self-matching","191","Nonmatching","self","Self","Self","621","0.621","1"
"995543645","self-matching","193","Matching","self","Self","Self","663","0.663","1"
"995543645","self-matching","195","Nonmatching","self","Self","Self","745","0.745","1"
"995543645","self-matching","197","Nonmatching","friend","Friend","Close","722","0.722","1"
"995543645","self-matching","199","Nonmatching","friend","Friend","Close","786","0.786","1"
"995543645","self-matching","201","Matching","self","Self","Self","770","0.77","1"
"995543645","self-matching","203","Nonmatching","friend","Friend","Close","738","0.738","1"
"995543645","self-matching","205","Matching","friend","Friend","Close","739","0.739","1"
"995543645","self-matching","207","Matching","self","Self","Self","832","0.832","1"
"995543645","self-matching","209","Nonmatching","self","Self","Self","1027","1.027","1"
"995543645","self-matching","211","Nonmatching","friend","Friend","Close","961","0.961","1"
"995543645","self-matching","213","Matching","friend","Friend","Close","830","0.83","1"
"995543645","self-matching","215","Nonmatching","friend","Friend","Close","695","0.695","1"
"995543645","self-matching","217","Matching","friend","Friend","Close","1376","1.376","0"
"995543645","self-matching","219","Matching","self","Self","Self","693","0.693","1"
"995543645","self-matching","221","Nonmatching","friend","Friend","Close","659","0.659","1"
"995543645","self-matching","223","Matching","friend","Friend","Close","754","0.754","1"
"995543645","self-matching","225","Nonmatching","self","Self","Self","995","0.995","1"
"995543645","self-matching","227","Nonmatching","friend","Friend","Close","824","0.824","1"
"995543645","self-matching","229","Nonmatching","self","Self","Self","1402","1.402","1"
"995543645","self-matching","231","Nonmatching","self","Self","Self","835","0.835","0"
"995543645","self-matching","233","Matching","friend","Friend","Close","718","0.718","0"
"995543645","self-matching","235","Nonmatching","friend","Friend","Close","659","0.659","1"
"995543645","self-matching","237","Matching","self","Self","Self","352","0.352","1"
"995543645","self-matching","239","Nonmatching","self","Self","Self","658","0.658","0"
"995543646","self-matching","1","Nonmatching","self","Self","Self","975","0.975","1"
"995543646","self-matching","3","Nonmatching","friend","Friend","Close","969","0.969","1"
"995543646","self-matching","5","Nonmatching","friend","Friend","Close","1047","1.047","1"
"995543646","self-matching","7","Nonmatching","self","Self","Self","495","0.495","0"
"995543646","self-matching","9","Nonmatching","friend","Friend","Close","763","0.763","1"
"995543646","self-matching","11","Nonmatching","self","Self","Self","759","0.759","0"
"995543646","self-matching","13","Matching","friend","Friend","Close","723","0.723","1"
"995543646","self-matching","15","Matching","friend","Friend","Close","708","0.708","1"
"995543646","self-matching","17","Nonmatching","self","Self","Self","602","0.602","1"
"995543646","self-matching","19","Matching","self","Self","Self","741","0.741","1"
"995543646","self-matching","21","Matching","friend","Friend","Close","868","0.868","0"
"995543646","self-matching","23","Nonmatching","friend","Friend","Close","820","0.82","1"
"995543646","self-matching","25","Matching","friend","Friend","Close","746","0.746","0"
"995543646","self-matching","27","Nonmatching","self","Self","Self","854","0.854","1"
"995543646","self-matching","29","Matching","self","Self","Self","829","0.829","1"
"995543646","self-matching","31","Nonmatching","self","Self","Self","758","0.758","1"
"995543646","self-matching","33","Matching","friend","Friend","Close","1034","1.034","1"
"995543646","self-matching","35","Matching","self","Self","Self","691","0.691","0"
"995543646","self-matching","37","Matching","friend","Friend","Close","770","0.77","1"
"995543646","self-matching","39","Nonmatching","self","Self","Self","670","0.67","1"
"995543646","self-matching","41","Nonmatching","friend","Friend","Close","1035","1.035","1"
"995543646","self-matching","43","Nonmatching","friend","Friend","Close","692","0.692","1"
"995543646","self-matching","45","Matching","friend","Friend","Close","1019","1.019","0"
"995543646","self-matching","47","Matching","self","Self","Self","801","0.801","1"
"995543646","self-matching","49","Nonmatching","friend","Friend","Close","907","0.907","1"
"995543646","self-matching","51","Nonmatching","friend","Friend","Close","712","0.712","0"
"995543646","self-matching","53","Matching","friend","Friend","Close","566","0.566","1"
"995543646","self-matching","55","Nonmatching","friend","Friend","Close","707","0.707","1"
"995543646","self-matching","57","Matching","self","Self","Self","840","0.84","1"
"995543646","self-matching","59","Matching","self","Self","Self","721","0.721","1"
"995543646","self-matching","61","Nonmatching","friend","Friend","Close","791","0.791","1"
"995543646","self-matching","63","Matching","friend","Friend","Close","808","0.808","0"
"995543646","self-matching","65","Nonmatching","friend","Friend","Close","819","0.819","1"
"995543646","self-matching","67","Nonmatching","self","Self","Self","853","0.853","0"
"995543646","self-matching","69","Matching","friend","Friend","Close","741","0.741","1"
"995543646","self-matching","71","Nonmatching","friend","Friend","Close","666","0.666","1"
"995543646","self-matching","73","Matching","self","Self","Self","590","0.59","1"
"995543646","self-matching","75","Matching","self","Self","Self","465","0.465","1"
"995543646","self-matching","77","Matching","self","Self","Self","409","0.409","1"
"995543646","self-matching","79","Nonmatching","self","Self","Self","546","0.546","1"
"995543646","self-matching","81","Nonmatching","self","Self","Self","606","0.606","1"
"995543646","self-matching","83","Nonmatching","self","Self","Self","713","0.713","1"
"995543646","self-matching","85","Nonmatching","self","Self","Self","410","0.41","1"
"995543646","self-matching","87","Matching","friend","Friend","Close","515","0.515","0"
"995543646","self-matching","89","Nonmatching","self","Self","Self","737","0.737","1"
"995543646","self-matching","91","Nonmatching","friend","Friend","Close","655","0.655","0"
"995543646","self-matching","93","Nonmatching","friend","Friend","Close","624","0.624","0"
"995543646","self-matching","95","Nonmatching","self","Self","Self","544","0.544","0"
"995543646","self-matching","97","Nonmatching","self","Self","Self","848","0.848","1"
"995543646","self-matching","99","Matching","friend","Friend","Close","665","0.665","1"
"995543646","self-matching","101","Matching","friend","Friend","Close","1242","1.242","1"
"995543646","self-matching","103","Matching","self","Self","Self","753","0.753","1"
"995543646","self-matching","105","Matching","friend","Friend","Close","838","0.838","1"
"995543646","self-matching","107","Matching","self","Self","Self","881","0.881","1"
"995543646","self-matching","111","Nonmatching","self","Self","Self","823","0.823","1"
"995543646","self-matching","113","Matching","self","Self","Self","600","0.6","1"
"995543646","self-matching","115","Matching","friend","Friend","Close","634","0.634","0"
"995543646","self-matching","117","Nonmatching","friend","Friend","Close","616","0.616","1"
"995543646","self-matching","119","Matching","self","Self","Self","962","0.962","1"
"995543646","self-matching","121","Nonmatching","friend","Friend","Close","710","0.71","1"
"995543646","self-matching","123","Nonmatching","self","Self","Self","954","0.954","0"
"995543646","self-matching","125","Matching","self","Self","Self","399","0.399","1"
"995543646","self-matching","127","Matching","self","Self","Self","485","0.485","1"
"995543646","self-matching","129","Matching","friend","Friend","Close","916","0.916","0"
"995543646","self-matching","131","Matching","self","Self","Self","538","0.538","1"
"995543646","self-matching","133","Matching","self","Self","Self","441","0.441","1"
"995543646","self-matching","135","Matching","friend","Friend","Close","601","0.601","1"
"995543646","self-matching","137","Nonmatching","friend","Friend","Close","564","0.564","0"
"995543646","self-matching","139","Matching","friend","Friend","Close","613","0.613","1"
"995543646","self-matching","141","Matching","self","Self","Self","590","0.59","1"
"995543646","self-matching","143","Matching","self","Self","Self","498","0.498","1"
"995543646","self-matching","145","Nonmatching","self","Self","Self","641","0.641","1"
"995543646","self-matching","147","Matching","self","Self","Self","603","0.603","1"
"995543646","self-matching","149","Matching","self","Self","Self","549","0.549","1"
"995543646","self-matching","151","Nonmatching","friend","Friend","Close","691","0.691","1"
"995543646","self-matching","153","Matching","self","Self","Self","482","0.482","1"
"995543646","self-matching","155","Matching","self","Self","Self","456","0.456","1"
"995543646","self-matching","157","Matching","friend","Friend","Close","549","0.549","0"
"995543646","self-matching","159","Nonmatching","friend","Friend","Close","594","0.594","1"
"995543646","self-matching","161","Nonmatching","self","Self","Self","1292","1.292","0"
"995543646","self-matching","163","Nonmatching","self","Self","Self","750","0.75","1"
"995543646","self-matching","165","Matching","friend","Friend","Close","802","0.802","1"
"995543646","self-matching","167","Nonmatching","friend","Friend","Close","942","0.942","1"
"995543646","self-matching","169","Matching","friend","Friend","Close","986","0.986","0"
"995543646","self-matching","171","Nonmatching","self","Self","Self","773","0.773","1"
"995543646","self-matching","173","Matching","self","Self","Self","477","0.477","1"
"995543646","self-matching","175","Nonmatching","friend","Friend","Close","757","0.757","1"
"995543646","self-matching","177","Nonmatching","self","Self","Self","776","0.776","1"
"995543646","self-matching","179","Nonmatching","friend","Friend","Close","827","0.827","1"
"995543646","self-matching","181","Nonmatching","friend","Friend","Close","916","0.916","1"
"995543646","self-matching","183","Matching","friend","Friend","Close","791","0.791","1"
"995543646","self-matching","185","Nonmatching","self","Self","Self","601","0.601","1"
"995543646","self-matching","187","Matching","friend","Friend","Close","740","0.74","0"
"995543646","self-matching","189","Matching","self","Self","Self","615","0.615","1"
"995543646","self-matching","191","Nonmatching","self","Self","Self","688","0.688","1"
"995543646","self-matching","193","Matching","self","Self","Self","572","0.572","1"
"995543646","self-matching","195","Nonmatching","friend","Friend","Close","456","0.456","0"
"995543646","self-matching","197","Matching","friend","Friend","Close","1032","1.032","1"
"995543646","self-matching","199","Nonmatching","self","Self","Self","432","0.432","1"
"995543646","self-matching","201","Matching","self","Self","Self","497","0.497","1"
"995543646","self-matching","203","Nonmatching","self","Self","Self","503","0.503","0"
"995543646","self-matching","205","Matching","friend","Friend","Close","679","0.679","1"
"995543646","self-matching","207","Nonmatching","self","Self","Self","558","0.558","0"
"995543646","self-matching","209","Nonmatching","friend","Friend","Close","1116","1.116","1"
"995543646","self-matching","211","Nonmatching","self","Self","Self","1202","1.202","1"
"995543646","self-matching","213","Nonmatching","friend","Friend","Close","732","0.732","1"
"995543646","self-matching","215","Matching","friend","Friend","Close","657","0.657","0"
"995543646","self-matching","217","Matching","friend","Friend","Close","401","0.401","1"
"995543646","self-matching","219","Nonmatching","self","Self","Self","691","0.691","1"
"995543646","self-matching","221","Matching","self","Self","Self","565","0.565","1"
"995543646","self-matching","223","Matching","self","Self","Self","680","0.68","0"
"995543646","self-matching","225","Matching","friend","Friend","Close","664","0.664","0"
"995543646","self-matching","227","Nonmatching","friend","Friend","Close","669","0.669","1"
"995543646","self-matching","229","Matching","self","Self","Self","565","0.565","1"
"995543646","self-matching","231","Nonmatching","friend","Friend","Close","448","0.448","0"
"995543646","self-matching","233","Nonmatching","friend","Friend","Close","350","0.35","0"
"995543646","self-matching","235","Matching","friend","Friend","Close","610","0.61","0"
"995543646","self-matching","237","Matching","friend","Friend","Close","564","0.564","0"
"995543646","self-matching","239","Nonmatching","friend","Friend","Close","677","0.677","1"
"995543647","self-matching","1","Matching","self","Self","Self","504","0.504","1"
"995543647","self-matching","3","Matching","self","Self","Self","537","0.537","1"
"995543647","self-matching","5","Matching","friend","Friend","Close","570","0.57","0"
"995543647","self-matching","7","Matching","self","Self","Self","624","0.624","0"
"995543647","self-matching","9","Nonmatching","self","Self","Self","1031","1.031","1"
"995543647","self-matching","11","Nonmatching","friend","Friend","Close","919","0.919","1"
"995543647","self-matching","13","Matching","self","Self","Self","560","0.56","1"
"995543647","self-matching","15","Nonmatching","self","Self","Self","612","0.612","1"
"995543647","self-matching","17","Nonmatching","self","Self","Self","564","0.564","1"
"995543647","self-matching","19","Nonmatching","friend","Friend","Close","406","0.406","0"
"995543647","self-matching","21","Nonmatching","self","Self","Self","832","0.832","1"
"995543647","self-matching","23","Matching","friend","Friend","Close","675","0.675","0"
"995543647","self-matching","25","Nonmatching","self","Self","Self","631","0.631","1"
"995543647","self-matching","27","Matching","friend","Friend","Close","627","0.627","0"
"995543647","self-matching","29","Matching","friend","Friend","Close","735","0.735","1"
"995543647","self-matching","31","Matching","self","Self","Self","768","0.768","0"
"995543647","self-matching","33","Nonmatching","self","Self","Self","923","0.923","1"
"995543647","self-matching","37","Matching","self","Self","Self","640","0.64","1"
"995543647","self-matching","39","Matching","self","Self","Self","842","0.842","0"
"995543647","self-matching","41","Matching","self","Self","Self","1069","1.069","1"
"995543647","self-matching","43","Matching","friend","Friend","Close","619","0.619","0"
"995543647","self-matching","45","Matching","friend","Friend","Close","659","0.659","1"
"995543647","self-matching","47","Nonmatching","self","Self","Self","809","0.809","1"
"995543647","self-matching","49","Matching","self","Self","Self","1562","1.562","1"
"995543647","self-matching","51","Nonmatching","friend","Friend","Close","794","0.794","1"
"995543647","self-matching","55","Matching","self","Self","Self","476","0.476","1"
"995543647","self-matching","57","Nonmatching","self","Self","Self","610","0.61","1"
"995543647","self-matching","59","Nonmatching","friend","Friend","Close","731","0.731","0"
"995543647","self-matching","61","Matching","friend","Friend","Close","1038","1.038","1"
"995543647","self-matching","63","Matching","self","Self","Self","1463","1.463","0"
"995543647","self-matching","69","Matching","self","Self","Self","367","0.367","1"
"995543647","self-matching","75","Matching","self","Self","Self","435","0.435","1"
"995543647","self-matching","77","Nonmatching","self","Self","Self","723","0.723","1"
"995543647","self-matching","79","Matching","self","Self","Self","449","0.449","1"
"995543647","self-matching","81","Matching","friend","Friend","Close","609","0.609","1"
"995543647","self-matching","83","Matching","self","Self","Self","1290","1.29","1"
"995543647","self-matching","85","Matching","self","Self","Self","827","0.827","1"
"995543647","self-matching","87","Matching","friend","Friend","Close","682","0.682","1"
"995543647","self-matching","89","Matching","self","Self","Self","1318","1.318","1"
"995543647","self-matching","91","Nonmatching","friend","Friend","Close","753","0.753","1"
"995543647","self-matching","93","Matching","self","Self","Self","664","0.664","1"
"995543647","self-matching","95","Matching","friend","Friend","Close","1392","1.392","1"
"995543647","self-matching","97","Matching","friend","Friend","Close","750","0.75","1"
"995543647","self-matching","99","Nonmatching","self","Self","Self","621","0.621","1"
"995543647","self-matching","101","Nonmatching","self","Self","Self","1119","1.119","1"
"995543647","self-matching","103","Matching","self","Self","Self","629","0.629","1"
"995543647","self-matching","105","Nonmatching","friend","Friend","Close","599","0.599","1"
"995543647","self-matching","107","Nonmatching","friend","Friend","Close","1412","1.412","0"
"995543647","self-matching","109","Matching","self","Self","Self","622","0.622","1"
"995543647","self-matching","111","Nonmatching","friend","Friend","Close","1432","1.432","1"
"995543647","self-matching","113","Nonmatching","self","Self","Self","996","0.996","1"
"995543647","self-matching","115","Nonmatching","friend","Friend","Close","525","0.525","0"
"995543647","self-matching","117","Nonmatching","friend","Friend","Close","250","0.25","1"
"995543647","self-matching","119","Nonmatching","friend","Friend","Close","1333","1.333","1"
"995543647","self-matching","121","Nonmatching","friend","Friend","Close","588","0.588","1"
"995543647","self-matching","123","Nonmatching","friend","Friend","Close","1049","1.049","1"
"995543647","self-matching","125","Nonmatching","friend","Friend","Close","243","0.243","1"
"995543647","self-matching","127","Nonmatching","friend","Friend","Close","234","0.234","1"
"995543647","self-matching","129","Nonmatching","self","Self","Self","840","0.84","0"
"995543647","self-matching","135","Nonmatching","friend","Friend","Close","1156","1.156","1"
"995543647","self-matching","139","Matching","self","Self","Self","613","0.613","1"
"995543647","self-matching","141","Nonmatching","friend","Friend","Close","260","0.26","0"
"995543647","self-matching","147","Nonmatching","friend","Friend","Close","797","0.797","1"
"995543647","self-matching","149","Matching","friend","Friend","Close","747","0.747","0"
"995543647","self-matching","155","Nonmatching","friend","Friend","Close","493","0.493","0"
"995543647","self-matching","157","Nonmatching","self","Self","Self","382","0.382","1"
"995543647","self-matching","163","Nonmatching","friend","Friend","Close","261","0.261","0"
"995543647","self-matching","167","Matching","friend","Friend","Close","587","0.587","0"
"995543647","self-matching","173","Nonmatching","self","Self","Self","498","0.498","1"
"995543647","self-matching","175","Matching","self","Self","Self","303","0.303","1"
"995543647","self-matching","177","Nonmatching","self","Self","Self","564","0.564","1"
"995543647","self-matching","179","Matching","friend","Friend","Close","609","0.609","1"
"995543647","self-matching","181","Nonmatching","self","Self","Self","724","0.724","1"
"995543647","self-matching","183","Nonmatching","self","Self","Self","414","0.414","1"
"995543647","self-matching","185","Nonmatching","self","Self","Self","511","0.511","1"
"995543647","self-matching","187","Matching","friend","Friend","Close","651","0.651","1"
"995543647","self-matching","189","Nonmatching","friend","Friend","Close","542","0.542","0"
"995543647","self-matching","195","Nonmatching","friend","Friend","Close","300","0.3","1"
"995543647","self-matching","207","Nonmatching","friend","Friend","Close","371","0.371","0"
"995543647","self-matching","209","Nonmatching","friend","Friend","Close","262","0.262","1"
"995543647","self-matching","211","Nonmatching","friend","Friend","Close","403","0.403","0"
"995543647","self-matching","213","Nonmatching","self","Self","Self","216","0.216","0"
"995543647","self-matching","215","Matching","friend","Friend","Close","351","0.351","1"
"995543647","self-matching","217","Nonmatching","friend","Friend","Close","383","0.383","0"
"995543647","self-matching","219","Matching","friend","Friend","Close","202","0.202","1"
"995543647","self-matching","221","Matching","self","Self","Self","384","0.384","1"
"995543647","self-matching","223","Matching","self","Self","Self","288","0.288","1"
"995543647","self-matching","225","Nonmatching","self","Self","Self","227","0.227","0"
"995543647","self-matching","227","Matching","friend","Friend","Close","327","0.327","1"
"995543647","self-matching","229","Matching","friend","Friend","Close","388","0.388","0"
"995543647","self-matching","231","Matching","friend","Friend","Close","296","0.296","1"
"995543647","self-matching","233","Nonmatching","self","Self","Self","276","0.276","0"
"995543647","self-matching","235","Nonmatching","self","Self","Self","302","0.302","0"
"995543647","self-matching","237","Matching","friend","Friend","Close","295","0.295","1"
"995543647","self-matching","239","Nonmatching","friend","Friend","Close","367","0.367","0"
"995543653","self-matching","1","Matching","friend","Friend","Close","459","0.459","0"
"995543653","self-matching","3","Matching","friend","Friend","Close","483","0.483","1"
"995543653","self-matching","5","Matching","self","Self","Self","549","0.549","1"
"995543653","self-matching","7","Nonmatching","friend","Friend","Close","594","0.594","1"
"995543653","self-matching","9","Matching","friend","Friend","Close","633","0.633","1"
"995543653","self-matching","11","Matching","self","Self","Self","590","0.59","1"
"995543653","self-matching","13","Nonmatching","friend","Friend","Close","494","0.494","1"
"995543653","self-matching","15","Nonmatching","friend","Friend","Close","720","0.72","1"
"995543653","self-matching","17","Nonmatching","self","Self","Self","641","0.641","0"
"995543653","self-matching","19","Matching","self","Self","Self","768","0.768","1"
"995543653","self-matching","21","Matching","self","Self","Self","484","0.484","1"
"995543653","self-matching","23","Nonmatching","self","Self","Self","597","0.597","1"
"995543653","self-matching","25","Matching","friend","Friend","Close","701","0.701","1"
"995543653","self-matching","27","Nonmatching","friend","Friend","Close","718","0.718","1"
"995543653","self-matching","29","Nonmatching","friend","Friend","Close","734","0.734","1"
"995543653","self-matching","31","Matching","friend","Friend","Close","726","0.726","0"
"995543653","self-matching","33","Matching","friend","Friend","Close","523","0.523","0"
"995543653","self-matching","35","Nonmatching","friend","Friend","Close","669","0.669","1"
"995543653","self-matching","37","Nonmatching","self","Self","Self","706","0.706","1"
"995543653","self-matching","39","Matching","self","Self","Self","499","0.499","1"
"995543653","self-matching","41","Matching","friend","Friend","Close","906","0.906","1"
"995543653","self-matching","43","Nonmatching","self","Self","Self","831","0.831","1"
"995543653","self-matching","45","Nonmatching","self","Self","Self","855","0.855","1"
"995543653","self-matching","47","Nonmatching","self","Self","Self","546","0.546","1"
"995543653","self-matching","49","Nonmatching","friend","Friend","Close","639","0.639","1"
"995543653","self-matching","51","Matching","friend","Friend","Close","863","0.863","1"
"995543653","self-matching","53","Nonmatching","self","Self","Self","638","0.638","1"
"995543653","self-matching","55","Nonmatching","self","Self","Self","950","0.95","1"
"995543653","self-matching","57","Nonmatching","friend","Friend","Close","754","0.754","1"
"995543653","self-matching","59","Nonmatching","self","Self","Self","659","0.659","1"
"995543653","self-matching","61","Nonmatching","self","Self","Self","380","0.38","1"
"995543653","self-matching","63","Nonmatching","self","Self","Self","344","0.344","1"
"995543653","self-matching","65","Matching","self","Self","Self","306","0.306","0"
"995543653","self-matching","67","Matching","self","Self","Self","510","0.51","1"
"995543653","self-matching","69","Matching","friend","Friend","Close","529","0.529","0"
"995543653","self-matching","71","Nonmatching","friend","Friend","Close","777","0.777","1"
"995543653","self-matching","73","Matching","friend","Friend","Close","883","0.883","0"
"995543653","self-matching","75","Nonmatching","friend","Friend","Close","653","0.653","1"
"995543653","self-matching","77","Matching","friend","Friend","Close","963","0.963","1"
"995543653","self-matching","79","Nonmatching","self","Self","Self","742","0.742","1"
"995543653","self-matching","81","Nonmatching","friend","Friend","Close","336","0.336","0"
"995543653","self-matching","83","Nonmatching","self","Self","Self","877","0.877","1"
"995543653","self-matching","85","Nonmatching","friend","Friend","Close","718","0.718","1"
"995543653","self-matching","87","Matching","friend","Friend","Close","599","0.599","1"
"995543653","self-matching","89","Nonmatching","friend","Friend","Close","746","0.746","1"
"995543653","self-matching","91","Matching","self","Self","Self","548","0.548","1"
"995543653","self-matching","93","Nonmatching","friend","Friend","Close","634","0.634","1"
"995543653","self-matching","95","Nonmatching","friend","Friend","Close","844","0.844","1"
"995543653","self-matching","97","Matching","self","Self","Self","670","0.67","1"
"995543653","self-matching","99","Nonmatching","self","Self","Self","522","0.522","1"
"995543653","self-matching","101","Nonmatching","self","Self","Self","507","0.507","1"
"995543653","self-matching","103","Matching","friend","Friend","Close","721","0.721","1"
"995543653","self-matching","105","Nonmatching","self","Self","Self","865","0.865","1"
"995543653","self-matching","107","Nonmatching","friend","Friend","Close","660","0.66","1"
"995543653","self-matching","109","Nonmatching","friend","Friend","Close","497","0.497","0"
"995543653","self-matching","111","Nonmatching","self","Self","Self","602","0.602","1"
"995543653","self-matching","113","Matching","self","Self","Self","1093","1.093","1"
"995543653","self-matching","115","Nonmatching","self","Self","Self","552","0.552","1"
"995543653","self-matching","117","Nonmatching","friend","Friend","Close","658","0.658","1"
"995543653","self-matching","119","Matching","friend","Friend","Close","781","0.781","1"
"995543653","self-matching","121","Nonmatching","self","Self","Self","571","0.571","1"
"995543653","self-matching","123","Matching","self","Self","Self","660","0.66","1"
"995543653","self-matching","125","Nonmatching","friend","Friend","Close","1057","1.057","1"
"995543653","self-matching","127","Nonmatching","self","Self","Self","725","0.725","1"
"995543653","self-matching","129","Matching","self","Self","Self","1016","1.016","1"
"995543653","self-matching","131","Matching","friend","Friend","Close","580","0.58","0"
"995543653","self-matching","133","Nonmatching","friend","Friend","Close","556","0.556","1"
"995543653","self-matching","135","Matching","friend","Friend","Close","1381","1.381","1"
"995543653","self-matching","137","Matching","self","Self","Self","1079","1.079","1"
"995543653","self-matching","139","Nonmatching","self","Self","Self","1242","1.242","1"
"995543653","self-matching","141","Matching","friend","Friend","Close","1108","1.108","1"
"995543653","self-matching","143","Matching","friend","Friend","Close","832","0.832","1"
"995543653","self-matching","145","Nonmatching","self","Self","Self","711","0.711","1"
"995543653","self-matching","147","Nonmatching","friend","Friend","Close","484","0.484","1"
"995543653","self-matching","149","Nonmatching","friend","Friend","Close","1503","1.503","1"
"995543653","self-matching","151","Nonmatching","self","Self","Self","985","0.985","1"
"995543653","self-matching","153","Matching","friend","Friend","Close","1542","1.542","1"
"995543653","self-matching","155","Nonmatching","friend","Friend","Close","791","0.791","1"
"995543653","self-matching","157","Matching","friend","Friend","Close","696","0.696","1"
"995543653","self-matching","159","Matching","friend","Friend","Close","1090","1.09","1"
"995543653","self-matching","161","Matching","friend","Friend","Close","530","0.53","1"
"995543653","self-matching","163","Matching","friend","Friend","Close","700","0.7","1"
"995543653","self-matching","165","Matching","self","Self","Self","710","0.71","1"
"995543653","self-matching","167","Matching","self","Self","Self","737","0.737","1"
"995543653","self-matching","169","Matching","self","Self","Self","420","0.42","1"
"995543653","self-matching","171","Nonmatching","self","Self","Self","615","0.615","1"
"995543653","self-matching","173","Matching","friend","Friend","Close","669","0.669","1"
"995543653","self-matching","175","Nonmatching","friend","Friend","Close","851","0.851","1"
"995543653","self-matching","177","Matching","self","Self","Self","830","0.83","1"
"995543653","self-matching","179","Matching","friend","Friend","Close","865","0.865","1"
"995543653","self-matching","181","Nonmatching","self","Self","Self","771","0.771","1"
"995543653","self-matching","183","Nonmatching","self","Self","Self","1034","1.034","1"
"995543653","self-matching","185","Matching","self","Self","Self","952","0.952","1"
"995543653","self-matching","187","Nonmatching","self","Self","Self","863","0.863","1"
"995543653","self-matching","189","Matching","self","Self","Self","772","0.772","1"
"995543653","self-matching","191","Matching","self","Self","Self","884","0.884","1"
"995543653","self-matching","193","Matching","self","Self","Self","370","0.37","1"
"995543653","self-matching","195","Nonmatching","friend","Friend","Close","503","0.503","0"
"995543653","self-matching","197","Matching","self","Self","Self","484","0.484","1"
"995543653","self-matching","199","Matching","friend","Friend","Close","626","0.626","0"
"995543653","self-matching","203","Nonmatching","friend","Friend","Close","849","0.849","1"
"995543653","self-matching","205","Nonmatching","self","Self","Self","712","0.712","1"
"995543653","self-matching","207","Matching","self","Self","Self","608","0.608","1"
"995543653","self-matching","209","Nonmatching","self","Self","Self","703","0.703","1"
"995543653","self-matching","211","Matching","self","Self","Self","669","0.669","1"
"995543653","self-matching","213","Matching","friend","Friend","Close","786","0.786","0"
"995543653","self-matching","215","Matching","self","Self","Self","698","0.698","1"
"995543653","self-matching","217","Matching","self","Self","Self","412","0.412","1"
"995543653","self-matching","219","Matching","self","Self","Self","450","0.45","1"
"995543653","self-matching","221","Nonmatching","friend","Friend","Close","659","0.659","1"
"995543653","self-matching","223","Matching","friend","Friend","Close","817","0.817","1"
"995543653","self-matching","225","Matching","self","Self","Self","443","0.443","1"
"995543653","self-matching","227","Nonmatching","friend","Friend","Close","355","0.355","0"
"995543653","self-matching","229","Matching","friend","Friend","Close","479","0.479","1"
"995543653","self-matching","231","Matching","self","Self","Self","533","0.533","1"
"995543653","self-matching","233","Nonmatching","friend","Friend","Close","617","0.617","1"
"995543653","self-matching","235","Matching","self","Self","Self","639","0.639","1"
"995543653","self-matching","237","Matching","friend","Friend","Close","834","0.834","1"
"995543653","self-matching","239","Nonmatching","self","Self","Self","646","0.646","1"
"995543656","self-matching","1","Nonmatching","friend","Friend","Close","531","0.531","1"
"995543656","self-matching","5","Nonmatching","self","Self","Self","223","0.223","1"
"995543656","self-matching","9","Nonmatching","self","Self","Self","282","0.282","1"
"995543656","self-matching","13","Matching","self","Self","Self","223","0.223","0"
"995543656","self-matching","15","Matching","friend","Friend","Close","209","0.209","1"
"995543656","self-matching","17","Nonmatching","friend","Friend","Close","248","0.248","0"
"995543656","self-matching","19","Matching","friend","Friend","Close","233","0.233","1"
"995543656","self-matching","23","Nonmatching","self","Self","Self","410","0.41","1"
"995543656","self-matching","27","Matching","self","Self","Self","625","0.625","1"
"995543656","self-matching","31","Matching","friend","Friend","Close","451","0.451","0"
"995543656","self-matching","33","Nonmatching","self","Self","Self","606","0.606","1"
"995543656","self-matching","35","Matching","friend","Friend","Close","306","0.306","1"
"995543656","self-matching","37","Matching","self","Self","Self","521","0.521","1"
"995543656","self-matching","39","Nonmatching","self","Self","Self","827","0.827","1"
"995543656","self-matching","41","Matching","friend","Friend","Close","399","0.399","1"
"995543656","self-matching","43","Nonmatching","self","Self","Self","479","0.479","1"
"995543656","self-matching","45","Nonmatching","self","Self","Self","286","0.286","0"
"995543656","self-matching","47","Matching","friend","Friend","Close","527","0.527","1"
"995543656","self-matching","49","Nonmatching","friend","Friend","Close","584","0.584","1"
"995543656","self-matching","51","Nonmatching","friend","Friend","Close","432","0.432","1"
"995543656","self-matching","53","Nonmatching","self","Self","Self","354","0.354","0"
"995543656","self-matching","55","Matching","self","Self","Self","268","0.268","1"
"995543656","self-matching","57","Matching","friend","Friend","Close","273","0.273","0"
"995543656","self-matching","69","Matching","friend","Friend","Close","311","0.311","1"
"995543656","self-matching","71","Nonmatching","friend","Friend","Close","749","0.749","1"
"995543656","self-matching","73","Nonmatching","friend","Friend","Close","685","0.685","1"
"995543656","self-matching","75","Nonmatching","friend","Friend","Close","399","0.399","1"
"995543656","self-matching","77","Nonmatching","self","Self","Self","468","0.468","0"
"995543656","self-matching","79","Nonmatching","self","Self","Self","751","0.751","1"
"995543656","self-matching","81","Nonmatching","self","Self","Self","255","0.255","1"
"995543656","self-matching","83","Nonmatching","friend","Friend","Close","388","0.388","0"
"995543656","self-matching","85","Matching","self","Self","Self","609","0.609","1"
"995543656","self-matching","87","Matching","friend","Friend","Close","820","0.82","1"
"995543656","self-matching","89","Nonmatching","friend","Friend","Close","256","0.256","1"
"995543656","self-matching","91","Nonmatching","self","Self","Self","568","0.568","1"
"995543656","self-matching","93","Matching","self","Self","Self","610","0.61","1"
"995543656","self-matching","95","Matching","friend","Friend","Close","623","0.623","1"
"995543656","self-matching","97","Matching","self","Self","Self","635","0.635","1"
"995543656","self-matching","99","Matching","self","Self","Self","306","0.306","1"
"995543656","self-matching","101","Nonmatching","friend","Friend","Close","583","0.583","1"
"995543656","self-matching","109","Matching","friend","Friend","Close","407","0.407","1"
"995543656","self-matching","111","Matching","friend","Friend","Close","297","0.297","1"
"995543656","self-matching","113","Nonmatching","self","Self","Self","601","0.601","1"
"995543656","self-matching","115","Matching","friend","Friend","Close","470","0.47","1"
"995543656","self-matching","117","Matching","self","Self","Self","396","0.396","1"
"995543656","self-matching","119","Matching","self","Self","Self","375","0.375","1"
"995543656","self-matching","121","Matching","self","Self","Self","250","0.25","1"
"995543656","self-matching","123","Nonmatching","friend","Friend","Close","386","0.386","1"
"995543656","self-matching","125","Matching","self","Self","Self","276","0.276","1"
"995543656","self-matching","127","Matching","friend","Friend","Close","733","0.733","1"
"995543656","self-matching","129","Nonmatching","self","Self","Self","390","0.39","0"
"995543656","self-matching","131","Nonmatching","self","Self","Self","321","0.321","1"
"995543656","self-matching","133","Nonmatching","self","Self","Self","252","0.252","1"
"995543656","self-matching","135","Nonmatching","self","Self","Self","293","0.293","1"
"995543656","self-matching","137","Nonmatching","friend","Friend","Close","369","0.369","0"
"995543656","self-matching","139","Nonmatching","friend","Friend","Close","599","0.599","1"
"995543656","self-matching","141","Nonmatching","self","Self","Self","901","0.901","1"
"995543656","self-matching","143","Matching","self","Self","Self","674","0.674","1"
"995543656","self-matching","145","Matching","self","Self","Self","632","0.632","1"
"995543656","self-matching","147","Matching","self","Self","Self","565","0.565","1"
"995543656","self-matching","149","Matching","self","Self","Self","425","0.425","1"
"995543656","self-matching","151","Nonmatching","friend","Friend","Close","804","0.804","1"
"995543656","self-matching","153","Nonmatching","friend","Friend","Close","575","0.575","1"
"995543656","self-matching","155","Nonmatching","self","Self","Self","1191","1.191","1"
"995543656","self-matching","157","Matching","friend","Friend","Close","763","0.763","1"
"995543656","self-matching","159","Matching","friend","Friend","Close","692","0.692","1"
"995543656","self-matching","161","Nonmatching","self","Self","Self","434","0.434","1"
"995543656","self-matching","163","Matching","self","Self","Self","630","0.63","1"
"995543656","self-matching","165","Nonmatching","friend","Friend","Close","1095","1.095","0"
"995543656","self-matching","167","Matching","self","Self","Self","813","0.813","1"
"995543656","self-matching","169","Nonmatching","self","Self","Self","1008","1.008","1"
"995543656","self-matching","171","Matching","friend","Friend","Close","756","0.756","1"
"995543656","self-matching","173","Matching","friend","Friend","Close","540","0.54","1"
"995543656","self-matching","175","Matching","friend","Friend","Close","438","0.438","1"
"995543656","self-matching","177","Matching","friend","Friend","Close","256","0.256","1"
"995543656","self-matching","179","Matching","self","Self","Self","730","0.73","1"
"995543656","self-matching","181","Nonmatching","friend","Friend","Close","384","0.384","1"
"995543656","self-matching","183","Nonmatching","self","Self","Self","1075","1.075","1"
"995543656","self-matching","185","Matching","self","Self","Self","677","0.677","1"
"995543656","self-matching","187","Nonmatching","friend","Friend","Close","847","0.847","1"
"995543656","self-matching","189","Matching","self","Self","Self","1076","1.076","1"
"995543656","self-matching","191","Matching","friend","Friend","Close","611","0.611","0"
"995543656","self-matching","193","Matching","friend","Friend","Close","505","0.505","1"
"995543656","self-matching","195","Matching","friend","Friend","Close","462","0.462","1"
"995543656","self-matching","197","Nonmatching","friend","Friend","Close","858","0.858","1"
"995543656","self-matching","199","Nonmatching","self","Self","Self","510","0.51","0"
"995543656","self-matching","201","Matching","friend","Friend","Close","590","0.59","1"
"995543656","self-matching","203","Nonmatching","friend","Friend","Close","482","0.482","1"
"995543656","self-matching","205","Matching","self","Self","Self","1123","1.123","1"
"995543656","self-matching","209","Matching","self","Self","Self","402","0.402","0"
"995543656","self-matching","211","Nonmatching","friend","Friend","Close","937","0.937","1"
"995543656","self-matching","213","Matching","friend","Friend","Close","626","0.626","1"
"995543656","self-matching","215","Nonmatching","friend","Friend","Close","644","0.644","1"
"995543656","self-matching","217","Matching","friend","Friend","Close","657","0.657","1"
"995543656","self-matching","219","Nonmatching","self","Self","Self","305","0.305","0"
"995543656","self-matching","221","Nonmatching","self","Self","Self","524","0.524","1"
"995543656","self-matching","223","Nonmatching","friend","Friend","Close","626","0.626","0"
"995543656","self-matching","225","Nonmatching","friend","Friend","Close","597","0.597","1"
"995543656","self-matching","227","Nonmatching","friend","Friend","Close","624","0.624","1"
"995543656","self-matching","229","Matching","self","Self","Self","543","0.543","1"
"995543656","self-matching","231","Matching","friend","Friend","Close","561","0.561","0"
"995543656","self-matching","233","Matching","self","Self","Self","1374","1.374","1"
"995543656","self-matching","235","Nonmatching","self","Self","Self","551","0.551","1"
"995543656","self-matching","237","Nonmatching","friend","Friend","Close","488","0.488","0"
"995543656","self-matching","239","Nonmatching","friend","Friend","Close","546","0.546","1"
"995543659","self-matching","3","Matching","friend","Friend","Close","209","0.209","1"
"995543659","self-matching","5","Matching","friend","Friend","Close","250","0.25","0"
"995543659","self-matching","7","Nonmatching","self","Self","Self","1099","1.099","0"
"995543659","self-matching","9","Nonmatching","friend","Friend","Close","1246","1.246","0"
"995543659","self-matching","11","Matching","friend","Friend","Close","1345","1.345","0"
"995543659","self-matching","13","Nonmatching","self","Self","Self","1360","1.36","1"
"995543659","self-matching","17","Matching","friend","Friend","Close","633","0.633","0"
"995543659","self-matching","19","Nonmatching","friend","Friend","Close","901","0.901","0"
"995543659","self-matching","21","Matching","self","Self","Self","1249","1.249","1"
"995543659","self-matching","23","Matching","self","Self","Self","1522","1.522","1"
"995543659","self-matching","25","Nonmatching","friend","Friend","Close","217","0.217","1"
"995543659","self-matching","27","Nonmatching","friend","Friend","Close","321","0.321","1"
"995543659","self-matching","29","Matching","self","Self","Self","1242","1.242","1"
"995543659","self-matching","31","Matching","self","Self","Self","562","0.562","1"
"995543659","self-matching","33","Nonmatching","self","Self","Self","694","0.694","1"
"995543659","self-matching","35","Nonmatching","friend","Friend","Close","356","0.356","1"
"995543659","self-matching","37","Matching","self","Self","Self","369","0.369","1"
"995543659","self-matching","39","Matching","friend","Friend","Close","483","0.483","0"
"995543659","self-matching","41","Nonmatching","friend","Friend","Close","1173","1.173","1"
"995543659","self-matching","43","Matching","friend","Friend","Close","656","0.656","1"
"995543659","self-matching","45","Nonmatching","friend","Friend","Close","758","0.758","1"
"995543659","self-matching","47","Nonmatching","friend","Friend","Close","498","0.498","1"
"995543659","self-matching","49","Nonmatching","self","Self","Self","1599","1.599","1"
"995543659","self-matching","51","Matching","friend","Friend","Close","824","0.824","1"
"995543659","self-matching","53","Matching","self","Self","Self","1309","1.309","1"
"995543659","self-matching","55","Nonmatching","self","Self","Self","608","0.608","1"
"995543659","self-matching","57","Nonmatching","self","Self","Self","1250","1.25","1"
"995543659","self-matching","59","Matching","self","Self","Self","727","0.727","0"
"995543659","self-matching","61","Nonmatching","self","Self","Self","748","0.748","1"
"995543659","self-matching","63","Matching","friend","Friend","Close","795","0.795","1"
"995543659","self-matching","65","Matching","friend","Friend","Close","963","0.963","1"
"995543659","self-matching","67","Matching","friend","Friend","Close","333","0.333","1"
"995543659","self-matching","69","Matching","friend","Friend","Close","373","0.373","1"
"995543659","self-matching","71","Matching","self","Self","Self","559","0.559","0"
"995543659","self-matching","73","Matching","self","Self","Self","471","0.471","1"
"995543659","self-matching","75","Nonmatching","self","Self","Self","563","0.563","0"
"995543659","self-matching","77","Nonmatching","self","Self","Self","315","0.315","0"
"995543659","self-matching","79","Matching","friend","Friend","Close","1429","1.429","0"
"995543659","self-matching","81","Nonmatching","self","Self","Self","860","0.86","0"
"995543659","self-matching","85","Matching","self","Self","Self","844","0.844","1"
"995543659","self-matching","87","Matching","friend","Friend","Close","597","0.597","0"
"995543659","self-matching","89","Matching","friend","Friend","Close","597","0.597","0"
"995543659","self-matching","91","Matching","self","Self","Self","406","0.406","1"
"995543659","self-matching","93","Matching","friend","Friend","Close","290","0.29","1"
"995543659","self-matching","95","Nonmatching","self","Self","Self","276","0.276","0"
"995543659","self-matching","97","Matching","self","Self","Self","296","0.296","1"
"995543659","self-matching","99","Nonmatching","self","Self","Self","638","0.638","1"
"995543659","self-matching","101","Matching","friend","Friend","Close","379","0.379","1"
"995543659","self-matching","103","Matching","self","Self","Self","821","0.821","1"
"995543659","self-matching","107","Nonmatching","self","Self","Self","561","0.561","0"
"995543659","self-matching","109","Nonmatching","friend","Friend","Close","726","0.726","1"
"995543659","self-matching","111","Nonmatching","friend","Friend","Close","797","0.797","1"
"995543659","self-matching","113","Nonmatching","friend","Friend","Close","813","0.813","1"
"995543659","self-matching","115","Nonmatching","friend","Friend","Close","328","0.328","1"
"995543659","self-matching","117","Matching","friend","Friend","Close","1515","1.515","1"
"995543659","self-matching","119","Matching","self","Self","Self","658","0.658","1"
"995543659","self-matching","121","Nonmatching","friend","Friend","Close","482","0.482","1"
"995543659","self-matching","123","Matching","self","Self","Self","724","0.724","0"
"995543659","self-matching","125","Matching","self","Self","Self","550","0.55","1"
"995543659","self-matching","127","Matching","friend","Friend","Close","990","0.99","1"
"995543659","self-matching","129","Nonmatching","self","Self","Self","797","0.797","1"
"995543659","self-matching","131","Nonmatching","friend","Friend","Close","536","0.536","0"
"995543659","self-matching","133","Nonmatching","friend","Friend","Close","682","0.682","1"
"995543659","self-matching","135","Matching","self","Self","Self","757","0.757","1"
"995543659","self-matching","137","Nonmatching","self","Self","Self","674","0.674","1"
"995543659","self-matching","139","Matching","self","Self","Self","606","0.606","1"
"995543659","self-matching","141","Nonmatching","self","Self","Self","1242","1.242","1"
"995543659","self-matching","143","Nonmatching","self","Self","Self","672","0.672","1"
"995543659","self-matching","145","Nonmatching","friend","Friend","Close","1034","1.034","1"
"995543659","self-matching","147","Matching","friend","Friend","Close","694","0.694","1"
"995543659","self-matching","149","Nonmatching","self","Self","Self","806","0.806","1"
"995543659","self-matching","151","Nonmatching","friend","Friend","Close","1064","1.064","0"
"995543659","self-matching","153","Nonmatching","friend","Friend","Close","636","0.636","1"
"995543659","self-matching","155","Nonmatching","friend","Friend","Close","690","0.69","1"
"995543659","self-matching","157","Matching","self","Self","Self","555","0.555","1"
"995543659","self-matching","159","Matching","self","Self","Self","478","0.478","1"
"995543659","self-matching","161","Nonmatching","self","Self","Self","869","0.869","1"
"995543659","self-matching","163","Matching","self","Self","Self","433","0.433","1"
"995543659","self-matching","165","Matching","self","Self","Self","813","0.813","1"
"995543659","self-matching","167","Nonmatching","self","Self","Self","698","0.698","1"
"995543659","self-matching","169","Matching","friend","Friend","Close","736","0.736","1"
"995543659","self-matching","171","Matching","friend","Friend","Close","1050","1.05","1"
"995543659","self-matching","173","Nonmatching","self","Self","Self","995","0.995","1"
"995543659","self-matching","175","Nonmatching","self","Self","Self","885","0.885","1"
"995543659","self-matching","177","Matching","self","Self","Self","343","0.343","1"
"995543659","self-matching","179","Nonmatching","self","Self","Self","836","0.836","1"
"995543659","self-matching","181","Matching","self","Self","Self","615","0.615","1"
"995543659","self-matching","183","Nonmatching","friend","Friend","Close","513","0.513","1"
"995543659","self-matching","185","Nonmatching","self","Self","Self","711","0.711","1"
"995543659","self-matching","187","Nonmatching","friend","Friend","Close","600","0.6","0"
"995543659","self-matching","189","Matching","self","Self","Self","729","0.729","1"
"995543659","self-matching","191","Matching","friend","Friend","Close","815","0.815","0"
"995543659","self-matching","193","Nonmatching","friend","Friend","Close","757","0.757","1"
"995543659","self-matching","195","Matching","self","Self","Self","590","0.59","1"
"995543659","self-matching","197","Nonmatching","friend","Friend","Close","740","0.74","1"
"995543659","self-matching","199","Nonmatching","friend","Friend","Close","530","0.53","1"
"995543659","self-matching","201","Nonmatching","friend","Friend","Close","775","0.775","1"
"995543659","self-matching","203","Matching","friend","Friend","Close","607","0.607","1"
"995543659","self-matching","207","Nonmatching","friend","Friend","Close","706","0.706","1"
"995543659","self-matching","211","Nonmatching","self","Self","Self","858","0.858","1"
"995543659","self-matching","213","Nonmatching","self","Self","Self","529","0.529","1"
"995543659","self-matching","215","Matching","self","Self","Self","737","0.737","1"
"995543659","self-matching","217","Nonmatching","friend","Friend","Close","423","0.423","1"
"995543659","self-matching","219","Matching","friend","Friend","Close","613","0.613","1"
"995543659","self-matching","221","Matching","friend","Friend","Close","589","0.589","1"
"995543659","self-matching","223","Matching","self","Self","Self","622","0.622","1"
"995543659","self-matching","225","Nonmatching","self","Self","Self","556","0.556","0"
"995543659","self-matching","227","Nonmatching","self","Self","Self","567","0.567","1"
"995543659","self-matching","229","Matching","friend","Friend","Close","782","0.782","1"
"995543659","self-matching","231","Matching","friend","Friend","Close","1090","1.09","1"
"995543659","self-matching","233","Matching","self","Self","Self","676","0.676","1"
"995543659","self-matching","235","Matching","self","Self","Self","648","0.648","1"
"995543659","self-matching","237","Nonmatching","self","Self","Self","766","0.766","1"
"995543659","self-matching","239","Matching","friend","Friend","Close","883","0.883","1"
"995543664","self-matching","3","Nonmatching","friend","Friend","Close","414","0.414","0"
"995543664","self-matching","5","Nonmatching","friend","Friend","Close","484","0.484","1"
"995543664","self-matching","7","Matching","friend","Friend","Close","878","0.878","0"
"995543664","self-matching","11","Nonmatching","friend","Friend","Close","340","0.34","0"
"995543664","self-matching","13","Matching","friend","Friend","Close","725","0.725","0"
"995543664","self-matching","17","Nonmatching","friend","Friend","Close","545","0.545","0"
"995543664","self-matching","19","Nonmatching","friend","Friend","Close","906","0.906","1"
"995543664","self-matching","21","Nonmatching","friend","Friend","Close","453","0.453","0"
"995543664","self-matching","23","Matching","friend","Friend","Close","503","0.503","0"
"995543664","self-matching","25","Matching","self","Self","Self","384","0.384","1"
"995543664","self-matching","27","Matching","friend","Friend","Close","687","0.687","0"
"995543664","self-matching","29","Nonmatching","friend","Friend","Close","659","0.659","1"
"995543664","self-matching","31","Nonmatching","friend","Friend","Close","1166","1.166","0"
"995543664","self-matching","33","Nonmatching","self","Self","Self","815","0.815","1"
"995543664","self-matching","35","Nonmatching","friend","Friend","Close","553","0.553","1"
"995543664","self-matching","37","Matching","self","Self","Self","613","0.613","1"
"995543664","self-matching","39","Nonmatching","self","Self","Self","595","0.595","1"
"995543664","self-matching","41","Matching","friend","Friend","Close","836","0.836","0"
"995543664","self-matching","43","Nonmatching","self","Self","Self","863","0.863","1"
"995543664","self-matching","45","Nonmatching","self","Self","Self","1023","1.023","1"
"995543664","self-matching","47","Nonmatching","friend","Friend","Close","982","0.982","1"
"995543664","self-matching","49","Matching","self","Self","Self","792","0.792","1"
"995543664","self-matching","51","Matching","self","Self","Self","687","0.687","1"
"995543664","self-matching","53","Nonmatching","self","Self","Self","618","0.618","1"
"995543664","self-matching","55","Matching","self","Self","Self","696","0.696","1"
"995543664","self-matching","57","Matching","self","Self","Self","658","0.658","1"
"995543664","self-matching","59","Nonmatching","friend","Friend","Close","509","0.509","1"
"995543664","self-matching","61","Nonmatching","self","Self","Self","950","0.95","1"
"995543664","self-matching","63","Nonmatching","friend","Friend","Close","885","0.885","1"
"995543664","self-matching","65","Matching","self","Self","Self","882","0.882","1"
"995543664","self-matching","67","Matching","friend","Friend","Close","815","0.815","0"
"995543664","self-matching","69","Nonmatching","friend","Friend","Close","892","0.892","1"
"995543664","self-matching","71","Matching","friend","Friend","Close","869","0.869","0"
"995543664","self-matching","73","Nonmatching","self","Self","Self","1165","1.165","1"
"995543664","self-matching","75","Matching","friend","Friend","Close","926","0.926","1"
"995543664","self-matching","77","Nonmatching","self","Self","Self","1010","1.01","1"
"995543664","self-matching","79","Matching","self","Self","Self","991","0.991","1"
"995543664","self-matching","81","Nonmatching","self","Self","Self","796","0.796","1"
"995543664","self-matching","83","Matching","friend","Friend","Close","986","0.986","0"
"995543664","self-matching","85","Nonmatching","self","Self","Self","932","0.932","1"
"995543664","self-matching","87","Matching","friend","Friend","Close","367","0.367","1"
"995543664","self-matching","89","Nonmatching","self","Self","Self","696","0.696","1"
"995543664","self-matching","91","Nonmatching","self","Self","Self","721","0.721","1"
"995543664","self-matching","93","Nonmatching","self","Self","Self","760","0.76","1"
"995543664","self-matching","95","Matching","self","Self","Self","804","0.804","1"
"995543664","self-matching","97","Matching","friend","Friend","Close","738","0.738","0"
"995543664","self-matching","99","Matching","self","Self","Self","963","0.963","1"
"995543664","self-matching","101","Nonmatching","friend","Friend","Close","917","0.917","1"
"995543664","self-matching","103","Nonmatching","friend","Friend","Close","921","0.921","1"
"995543664","self-matching","105","Nonmatching","self","Self","Self","1038","1.038","1"
"995543664","self-matching","107","Matching","self","Self","Self","869","0.869","1"
"995543664","self-matching","109","Matching","self","Self","Self","1067","1.067","1"
"995543664","self-matching","111","Matching","self","Self","Self","1142","1.142","1"
"995543664","self-matching","113","Nonmatching","self","Self","Self","828","0.828","1"
"995543664","self-matching","115","Matching","friend","Friend","Close","1065","1.065","1"
"995543664","self-matching","117","Matching","friend","Friend","Close","908","0.908","1"
"995543664","self-matching","119","Nonmatching","self","Self","Self","954","0.954","1"
"995543664","self-matching","121","Matching","self","Self","Self","930","0.93","1"
"995543664","self-matching","123","Matching","self","Self","Self","1034","1.034","1"
"995543664","self-matching","125","Nonmatching","self","Self","Self","948","0.948","0"
"995543664","self-matching","127","Nonmatching","self","Self","Self","1048","1.048","1"
"995543664","self-matching","129","Nonmatching","self","Self","Self","1036","1.036","1"
"995543664","self-matching","131","Matching","self","Self","Self","1148","1.148","1"
"995543664","self-matching","133","Nonmatching","friend","Friend","Close","898","0.898","1"
"995543664","self-matching","135","Nonmatching","friend","Friend","Close","998","0.998","1"
"995543664","self-matching","137","Matching","self","Self","Self","855","0.855","1"
"995543664","self-matching","139","Nonmatching","friend","Friend","Close","845","0.845","1"
"995543664","self-matching","141","Nonmatching","self","Self","Self","867","0.867","1"
"995543664","self-matching","143","Matching","friend","Friend","Close","935","0.935","0"
"995543664","self-matching","145","Nonmatching","self","Self","Self","1092","1.092","1"
"995543664","self-matching","147","Nonmatching","self","Self","Self","974","0.974","1"
"995543664","self-matching","149","Matching","friend","Friend","Close","874","0.874","1"
"995543664","self-matching","151","Matching","friend","Friend","Close","1465","1.465","0"
"995543664","self-matching","153","Nonmatching","friend","Friend","Close","1043","1.043","0"
"995543664","self-matching","155","Matching","friend","Friend","Close","1152","1.152","0"
"995543664","self-matching","157","Matching","friend","Friend","Close","965","0.965","1"
"995543664","self-matching","159","Matching","friend","Friend","Close","855","0.855","1"
"995543664","self-matching","161","Nonmatching","self","Self","Self","1018","1.018","1"
"995543664","self-matching","163","Matching","friend","Friend","Close","1065","1.065","1"
"995543664","self-matching","165","Nonmatching","self","Self","Self","1192","1.192","1"
"995543664","self-matching","167","Nonmatching","friend","Friend","Close","921","0.921","1"
"995543664","self-matching","169","Nonmatching","friend","Friend","Close","1000","1","1"
"995543664","self-matching","171","Nonmatching","friend","Friend","Close","1019","1.019","1"
"995543664","self-matching","173","Matching","self","Self","Self","1206","1.206","1"
"995543664","self-matching","175","Matching","self","Self","Self","986","0.986","0"
"995543664","self-matching","177","Nonmatching","self","Self","Self","1290","1.29","1"
"995543664","self-matching","179","Matching","friend","Friend","Close","1190","1.19","1"
"995543664","self-matching","181","Nonmatching","friend","Friend","Close","1091","1.091","1"
"995543664","self-matching","183","Matching","self","Self","Self","1512","1.512","1"
"995543664","self-matching","185","Matching","friend","Friend","Close","1127","1.127","0"
"995543664","self-matching","187","Matching","friend","Friend","Close","1053","1.053","1"
"995543664","self-matching","189","Nonmatching","friend","Friend","Close","973","0.973","1"
"995543664","self-matching","191","Matching","friend","Friend","Close","1554","1.554","1"
"995543664","self-matching","193","Matching","self","Self","Self","1070","1.07","1"
"995543664","self-matching","195","Nonmatching","friend","Friend","Close","860","0.86","1"
"995543664","self-matching","197","Matching","self","Self","Self","893","0.893","1"
"995543664","self-matching","199","Matching","self","Self","Self","653","0.653","1"
"995543664","self-matching","201","Nonmatching","self","Self","Self","590","0.59","1"
"995543664","self-matching","203","Matching","self","Self","Self","690","0.69","1"
"995543664","self-matching","205","Nonmatching","self","Self","Self","789","0.789","1"
"995543664","self-matching","207","Matching","friend","Friend","Close","881","0.881","0"
"995543664","self-matching","209","Nonmatching","friend","Friend","Close","633","0.633","1"
"995543664","self-matching","211","Nonmatching","self","Self","Self","977","0.977","1"
"995543664","self-matching","213","Matching","self","Self","Self","655","0.655","1"
"995543664","self-matching","215","Nonmatching","friend","Friend","Close","844","0.844","1"
"995543664","self-matching","217","Matching","friend","Friend","Close","851","0.851","1"
"995543664","self-matching","219","Nonmatching","self","Self","Self","862","0.862","1"
"995543664","self-matching","221","Matching","self","Self","Self","798","0.798","1"
"995543664","self-matching","223","Matching","friend","Friend","Close","812","0.812","1"
"995543664","self-matching","225","Matching","self","Self","Self","1008","1.008","1"
"995543664","self-matching","227","Matching","friend","Friend","Close","917","0.917","0"
"995543664","self-matching","229","Nonmatching","self","Self","Self","749","0.749","1"
"995543664","self-matching","231","Nonmatching","friend","Friend","Close","726","0.726","1"
"995543664","self-matching","233","Matching","friend","Friend","Close","1128","1.128","1"
"995543664","self-matching","235","Matching","friend","Friend","Close","1136","1.136","1"
"995543664","self-matching","237","Nonmatching","friend","Friend","Close","1149","1.149","1"
"995543664","self-matching","239","Nonmatching","friend","Friend","Close","863","0.863","1"
"995543666","self-matching","1","Matching","friend","Friend","Close","913","0.913","1"
"995543666","self-matching","3","Nonmatching","friend","Friend","Close","653","0.653","1"
"995543666","self-matching","5","Matching","self","Self","Self","483","0.483","1"
"995543666","self-matching","7","Nonmatching","self","Self","Self","778","0.778","1"
"995543666","self-matching","9","Matching","self","Self","Self","833","0.833","1"
"995543666","self-matching","11","Matching","friend","Friend","Close","478","0.478","0"
"995543666","self-matching","13","Matching","self","Self","Self","654","0.654","1"
"995543666","self-matching","15","Matching","friend","Friend","Close","629","0.629","1"
"995543666","self-matching","17","Nonmatching","self","Self","Self","666","0.666","1"
"995543666","self-matching","19","Matching","self","Self","Self","944","0.944","1"
"995543666","self-matching","21","Nonmatching","self","Self","Self","711","0.711","1"
"995543666","self-matching","23","Matching","self","Self","Self","563","0.563","1"
"995543666","self-matching","25","Nonmatching","self","Self","Self","681","0.681","1"
"995543666","self-matching","27","Nonmatching","self","Self","Self","823","0.823","1"
"995543666","self-matching","29","Nonmatching","friend","Friend","Close","805","0.805","1"
"995543666","self-matching","31","Matching","friend","Friend","Close","678","0.678","1"
"995543666","self-matching","33","Nonmatching","friend","Friend","Close","602","0.602","1"
"995543666","self-matching","35","Nonmatching","self","Self","Self","1104","1.104","1"
"995543666","self-matching","37","Nonmatching","self","Self","Self","816","0.816","1"
"995543666","self-matching","39","Matching","friend","Friend","Close","707","0.707","1"
"995543666","self-matching","41","Matching","self","Self","Self","768","0.768","1"
"995543666","self-matching","43","Nonmatching","friend","Friend","Close","617","0.617","1"
"995543666","self-matching","45","Nonmatching","self","Self","Self","683","0.683","1"
"995543666","self-matching","47","Nonmatching","friend","Friend","Close","762","0.762","1"
"995543666","self-matching","49","Nonmatching","self","Self","Self","653","0.653","1"
"995543666","self-matching","51","Matching","friend","Friend","Close","519","0.519","1"
"995543666","self-matching","53","Matching","friend","Friend","Close","535","0.535","1"
"995543666","self-matching","55","Nonmatching","friend","Friend","Close","426","0.426","1"
"995543666","self-matching","57","Nonmatching","self","Self","Self","755","0.755","1"
"995543666","self-matching","59","Matching","friend","Friend","Close","788","0.788","1"
"995543666","self-matching","61","Nonmatching","self","Self","Self","573","0.573","1"
"995543666","self-matching","63","Matching","friend","Friend","Close","636","0.636","1"
"995543666","self-matching","65","Matching","friend","Friend","Close","692","0.692","1"
"995543666","self-matching","67","Nonmatching","friend","Friend","Close","502","0.502","1"
"995543666","self-matching","69","Nonmatching","friend","Friend","Close","657","0.657","1"
"995543666","self-matching","71","Matching","friend","Friend","Close","734","0.734","1"
"995543666","self-matching","73","Nonmatching","friend","Friend","Close","560","0.56","1"
"995543666","self-matching","75","Nonmatching","self","Self","Self","591","0.591","1"
"995543666","self-matching","77","Nonmatching","friend","Friend","Close","712","0.712","1"
"995543666","self-matching","79","Matching","self","Self","Self","358","0.358","1"
"995543666","self-matching","81","Nonmatching","self","Self","Self","590","0.59","1"
"995543666","self-matching","83","Matching","self","Self","Self","576","0.576","1"
"995543666","self-matching","85","Nonmatching","self","Self","Self","475","0.475","1"
"995543666","self-matching","87","Matching","friend","Friend","Close","562","0.562","1"
"995543666","self-matching","89","Nonmatching","friend","Friend","Close","549","0.549","1"
"995543666","self-matching","91","Nonmatching","friend","Friend","Close","621","0.621","1"
"995543666","self-matching","93","Matching","friend","Friend","Close","396","0.396","1"
"995543666","self-matching","95","Nonmatching","friend","Friend","Close","403","0.403","1"
"995543666","self-matching","97","Matching","friend","Friend","Close","721","0.721","1"
"995543666","self-matching","99","Matching","friend","Friend","Close","463","0.463","1"
"995543666","self-matching","101","Matching","friend","Friend","Close","419","0.419","1"
"995543666","self-matching","103","Matching","friend","Friend","Close","352","0.352","1"
"995543666","self-matching","105","Matching","friend","Friend","Close","265","0.265","1"
"995543666","self-matching","107","Matching","friend","Friend","Close","427","0.427","1"
"995543666","self-matching","109","Nonmatching","self","Self","Self","462","0.462","1"
"995543666","self-matching","111","Matching","friend","Friend","Close","457","0.457","1"
"995543666","self-matching","113","Matching","self","Self","Self","596","0.596","1"
"995543666","self-matching","115","Matching","self","Self","Self","458","0.458","1"
"995543666","self-matching","117","Matching","friend","Friend","Close","505","0.505","0"
"995543666","self-matching","119","Nonmatching","friend","Friend","Close","774","0.774","1"
"995543666","self-matching","121","Matching","self","Self","Self","693","0.693","1"
"995543666","self-matching","123","Nonmatching","friend","Friend","Close","578","0.578","1"
"995543666","self-matching","125","Matching","self","Self","Self","511","0.511","0"
"995543666","self-matching","127","Matching","friend","Friend","Close","756","0.756","1"
"995543666","self-matching","129","Nonmatching","friend","Friend","Close","601","0.601","1"
"995543666","self-matching","131","Matching","self","Self","Self","643","0.643","1"
"995543666","self-matching","133","Nonmatching","friend","Friend","Close","582","0.582","1"
"995543666","self-matching","135","Nonmatching","self","Self","Self","555","0.555","1"
"995543666","self-matching","137","Nonmatching","friend","Friend","Close","682","0.682","1"
"995543666","self-matching","139","Matching","self","Self","Self","439","0.439","1"
"995543666","self-matching","141","Nonmatching","friend","Friend","Close","433","0.433","1"
"995543666","self-matching","143","Matching","self","Self","Self","560","0.56","1"
"995543666","self-matching","145","Nonmatching","self","Self","Self","363","0.363","1"
"995543666","self-matching","147","Nonmatching","friend","Friend","Close","530","0.53","1"
"995543666","self-matching","149","Matching","self","Self","Self","490","0.49","1"
"995543666","self-matching","151","Matching","friend","Friend","Close","666","0.666","1"
"995543666","self-matching","153","Matching","friend","Friend","Close","450","0.45","1"
"995543666","self-matching","155","Nonmatching","friend","Friend","Close","487","0.487","1"
"995543666","self-matching","157","Nonmatching","friend","Friend","Close","507","0.507","0"
"995543666","self-matching","159","Matching","self","Self","Self","587","0.587","1"
"995543666","self-matching","161","Nonmatching","self","Self","Self","496","0.496","1"
"995543666","self-matching","163","Nonmatching","friend","Friend","Close","672","0.672","1"
"995543666","self-matching","165","Nonmatching","self","Self","Self","742","0.742","0"
"995543666","self-matching","167","Nonmatching","self","Self","Self","919","0.919","1"
"995543666","self-matching","169","Nonmatching","self","Self","Self","353","0.353","1"
"995543666","self-matching","171","Nonmatching","self","Self","Self","350","0.35","1"
"995543666","self-matching","173","Nonmatching","self","Self","Self","323","0.323","1"
"995543666","self-matching","175","Matching","self","Self","Self","439","0.439","1"
"995543666","self-matching","177","Nonmatching","friend","Friend","Close","619","0.619","1"
"995543666","self-matching","179","Nonmatching","self","Self","Self","804","0.804","1"
"995543666","self-matching","181","Matching","self","Self","Self","501","0.501","1"
"995543666","self-matching","183","Matching","self","Self","Self","517","0.517","1"
"995543666","self-matching","185","Matching","self","Self","Self","430","0.43","1"
"995543666","self-matching","187","Matching","self","Self","Self","373","0.373","1"
"995543666","self-matching","189","Matching","friend","Friend","Close","341","0.341","0"
"995543666","self-matching","191","Matching","friend","Friend","Close","692","0.692","1"
"995543666","self-matching","193","Nonmatching","friend","Friend","Close","454","0.454","1"
"995543666","self-matching","195","Nonmatching","self","Self","Self","556","0.556","1"
"995543666","self-matching","197","Nonmatching","friend","Friend","Close","611","0.611","1"
"995543666","self-matching","199","Matching","self","Self","Self","586","0.586","1"
"995543666","self-matching","201","Matching","self","Self","Self","457","0.457","1"
"995543666","self-matching","203","Nonmatching","friend","Friend","Close","624","0.624","1"
"995543666","self-matching","205","Nonmatching","self","Self","Self","574","0.574","1"
"995543666","self-matching","207","Matching","self","Self","Self","483","0.483","1"
"995543666","self-matching","209","Matching","friend","Friend","Close","777","0.777","1"
"995543666","self-matching","211","Matching","self","Self","Self","569","0.569","1"
"995543666","self-matching","213","Nonmatching","self","Self","Self","677","0.677","0"
"995543666","self-matching","215","Nonmatching","friend","Friend","Close","507","0.507","1"
"995543666","self-matching","217","Matching","self","Self","Self","649","0.649","1"
"995543666","self-matching","219","Matching","friend","Friend","Close","693","0.693","1"
"995543666","self-matching","221","Matching","self","Self","Self","492","0.492","1"
"995543666","self-matching","223","Matching","friend","Friend","Close","487","0.487","1"
"995543666","self-matching","225","Nonmatching","friend","Friend","Close","463","0.463","1"
"995543666","self-matching","227","Matching","self","Self","Self","602","0.602","1"
"995543666","self-matching","229","Nonmatching","self","Self","Self","500","0.5","1"
"995543666","self-matching","231","Nonmatching","self","Self","Self","740","0.74","1"
"995543666","self-matching","233","Matching","friend","Friend","Close","549","0.549","0"
"995543666","self-matching","235","Nonmatching","self","Self","Self","634","0.634","1"
"995543666","self-matching","237","Nonmatching","friend","Friend","Close","863","0.863","1"
"995543666","self-matching","239","Matching","self","Self","Self","493","0.493","1"
"995543668","self-matching","1","Matching","friend","Friend","Close","1097","1.097","1"
"995543668","self-matching","3","Matching","friend","Friend","Close","687","0.687","1"
"995543668","self-matching","5","Nonmatching","friend","Friend","Close","599","0.599","1"
"995543668","self-matching","7","Nonmatching","self","Self","Self","599","0.599","1"
"995543668","self-matching","9","Nonmatching","friend","Friend","Close","918","0.918","1"
"995543668","self-matching","11","Matching","self","Self","Self","397","0.397","1"
"995543668","self-matching","13","Matching","friend","Friend","Close","569","0.569","0"
"995543668","self-matching","15","Nonmatching","self","Self","Self","867","0.867","1"
"995543668","self-matching","17","Matching","friend","Friend","Close","882","0.882","1"
"995543668","self-matching","19","Nonmatching","friend","Friend","Close","957","0.957","1"
"995543668","self-matching","21","Matching","self","Self","Self","469","0.469","1"
"995543668","self-matching","23","Nonmatching","friend","Friend","Close","804","0.804","1"
"995543668","self-matching","25","Nonmatching","friend","Friend","Close","699","0.699","1"
"995543668","self-matching","27","Matching","friend","Friend","Close","747","0.747","1"
"995543668","self-matching","29","Nonmatching","friend","Friend","Close","747","0.747","1"
"995543668","self-matching","31","Nonmatching","friend","Friend","Close","764","0.764","1"
"995543668","self-matching","33","Nonmatching","self","Self","Self","598","0.598","1"
"995543668","self-matching","35","Nonmatching","self","Self","Self","592","0.592","1"
"995543668","self-matching","37","Matching","friend","Friend","Close","749","0.749","1"
"995543668","self-matching","39","Nonmatching","friend","Friend","Close","642","0.642","1"
"995543668","self-matching","41","Nonmatching","friend","Friend","Close","597","0.597","1"
"995543668","self-matching","43","Nonmatching","self","Self","Self","781","0.781","1"
"995543668","self-matching","45","Matching","friend","Friend","Close","629","0.629","1"
"995543668","self-matching","47","Matching","friend","Friend","Close","946","0.946","1"
"995543668","self-matching","49","Matching","self","Self","Self","501","0.501","1"
"995543668","self-matching","51","Nonmatching","friend","Friend","Close","656","0.656","1"
"995543668","self-matching","53","Matching","self","Self","Self","735","0.735","1"
"995543668","self-matching","55","Nonmatching","self","Self","Self","736","0.736","1"
"995543668","self-matching","57","Matching","friend","Friend","Close","778","0.778","1"
"995543668","self-matching","59","Nonmatching","friend","Friend","Close","596","0.596","1"
"995543668","self-matching","61","Matching","friend","Friend","Close","503","0.503","1"
"995543668","self-matching","63","Matching","self","Self","Self","530","0.53","1"
"995543668","self-matching","65","Nonmatching","self","Self","Self","620","0.62","1"
"995543668","self-matching","67","Matching","friend","Friend","Close","486","0.486","1"
"995543668","self-matching","69","Nonmatching","self","Self","Self","553","0.553","1"
"995543668","self-matching","71","Matching","friend","Friend","Close","517","0.517","1"
"995543668","self-matching","73","Matching","self","Self","Self","453","0.453","1"
"995543668","self-matching","75","Nonmatching","self","Self","Self","710","0.71","1"
"995543668","self-matching","77","Matching","self","Self","Self","591","0.591","1"
"995543668","self-matching","79","Nonmatching","self","Self","Self","550","0.55","1"
"995543668","self-matching","81","Nonmatching","friend","Friend","Close","539","0.539","1"
"995543668","self-matching","83","Matching","friend","Friend","Close","464","0.464","1"
"995543668","self-matching","85","Matching","self","Self","Self","355","0.355","1"
"995543668","self-matching","87","Nonmatching","friend","Friend","Close","649","0.649","1"
"995543668","self-matching","89","Matching","friend","Friend","Close","345","0.345","1"
"995543668","self-matching","91","Matching","friend","Friend","Close","542","0.542","1"
"995543668","self-matching","93","Nonmatching","self","Self","Self","668","0.668","1"
"995543668","self-matching","95","Matching","friend","Friend","Close","457","0.457","1"
"995543668","self-matching","97","Nonmatching","friend","Friend","Close","451","0.451","1"
"995543668","self-matching","99","Nonmatching","friend","Friend","Close","501","0.501","1"
"995543668","self-matching","101","Nonmatching","self","Self","Self","573","0.573","1"
"995543668","self-matching","103","Nonmatching","friend","Friend","Close","486","0.486","1"
"995543668","self-matching","105","Matching","friend","Friend","Close","562","0.562","1"
"995543668","self-matching","107","Matching","friend","Friend","Close","576","0.576","1"
"995543668","self-matching","109","Nonmatching","friend","Friend","Close","445","0.445","1"
"995543668","self-matching","111","Matching","self","Self","Self","416","0.416","1"
"995543668","self-matching","113","Matching","self","Self","Self","763","0.763","1"
"995543668","self-matching","115","Matching","self","Self","Self","450","0.45","1"
"995543668","self-matching","117","Nonmatching","self","Self","Self","698","0.698","1"
"995543668","self-matching","119","Nonmatching","friend","Friend","Close","684","0.684","1"
"995543668","self-matching","121","Matching","friend","Friend","Close","463","0.463","1"
"995543668","self-matching","123","Nonmatching","friend","Friend","Close","792","0.792","1"
"995543668","self-matching","125","Nonmatching","friend","Friend","Close","520","0.52","1"
"995543668","self-matching","127","Nonmatching","self","Self","Self","502","0.502","1"
"995543668","self-matching","129","Nonmatching","self","Self","Self","837","0.837","1"
"995543668","self-matching","131","Matching","self","Self","Self","572","0.572","1"
"995543668","self-matching","133","Nonmatching","self","Self","Self","462","0.462","1"
"995543668","self-matching","135","Matching","friend","Friend","Close","404","0.404","1"
"995543668","self-matching","137","Nonmatching","friend","Friend","Close","525","0.525","1"
"995543668","self-matching","139","Matching","self","Self","Self","431","0.431","1"
"995543668","self-matching","141","Nonmatching","friend","Friend","Close","406","0.406","1"
"995543668","self-matching","143","Nonmatching","friend","Friend","Close","477","0.477","1"
"995543668","self-matching","145","Matching","self","Self","Self","496","0.496","1"
"995543668","self-matching","147","Nonmatching","friend","Friend","Close","379","0.379","1"
"995543668","self-matching","149","Nonmatching","self","Self","Self","448","0.448","1"
"995543668","self-matching","151","Nonmatching","self","Self","Self","346","0.346","1"
"995543668","self-matching","153","Nonmatching","friend","Friend","Close","522","0.522","1"
"995543668","self-matching","155","Nonmatching","self","Self","Self","383","0.383","1"
"995543668","self-matching","157","Nonmatching","self","Self","Self","442","0.442","1"
"995543668","self-matching","159","Matching","friend","Friend","Close","262","0.262","1"
"995543668","self-matching","161","Matching","self","Self","Self","348","0.348","0"
"995543668","self-matching","163","Matching","self","Self","Self","446","0.446","1"
"995543668","self-matching","165","Nonmatching","self","Self","Self","415","0.415","1"
"995543668","self-matching","167","Matching","friend","Friend","Close","563","0.563","0"
"995543668","self-matching","169","Nonmatching","friend","Friend","Close","524","0.524","1"
"995543668","self-matching","171","Nonmatching","self","Self","Self","493","0.493","1"
"995543668","self-matching","173","Nonmatching","self","Self","Self","455","0.455","1"
"995543668","self-matching","175","Matching","friend","Friend","Close","438","0.438","1"
"995543668","self-matching","177","Matching","self","Self","Self","506","0.506","1"
"995543668","self-matching","179","Matching","self","Self","Self","373","0.373","1"
"995543668","self-matching","181","Matching","self","Self","Self","332","0.332","1"
"995543668","self-matching","183","Nonmatching","self","Self","Self","415","0.415","1"
"995543668","self-matching","185","Matching","self","Self","Self","350","0.35","1"
"995543668","self-matching","187","Nonmatching","friend","Friend","Close","522","0.522","1"
"995543668","self-matching","189","Matching","friend","Friend","Close","469","0.469","1"
"995543668","self-matching","191","Matching","self","Self","Self","705","0.705","1"
"995543668","self-matching","193","Nonmatching","self","Self","Self","414","0.414","1"
"995543668","self-matching","195","Matching","friend","Friend","Close","430","0.43","1"
"995543668","self-matching","197","Matching","friend","Friend","Close","671","0.671","1"
"995543668","self-matching","199","Matching","self","Self","Self","549","0.549","1"
"995543668","self-matching","201","Matching","self","Self","Self","405","0.405","1"
"995543668","self-matching","203","Matching","friend","Friend","Close","500","0.5","1"
"995543668","self-matching","205","Matching","self","Self","Self","318","0.318","1"
"995543668","self-matching","207","Matching","friend","Friend","Close","454","0.454","1"
"995543668","self-matching","209","Nonmatching","friend","Friend","Close","255","0.255","0"
"995543668","self-matching","211","Nonmatching","self","Self","Self","885","0.885","1"
"995543668","self-matching","213","Nonmatching","friend","Friend","Close","628","0.628","1"
"995543668","self-matching","215","Nonmatching","self","Self","Self","791","0.791","1"
"995543668","self-matching","217","Matching","self","Self","Self","472","0.472","1"
"995543668","self-matching","219","Matching","self","Self","Self","630","0.63","1"
"995543668","self-matching","221","Matching","friend","Friend","Close","410","0.41","1"
"995543668","self-matching","223","Matching","self","Self","Self","385","0.385","1"
"995543668","self-matching","225","Matching","self","Self","Self","356","0.356","1"
"995543668","self-matching","227","Nonmatching","self","Self","Self","449","0.449","1"
"995543668","self-matching","229","Nonmatching","self","Self","Self","591","0.591","1"
"995543668","self-matching","231","Nonmatching","friend","Friend","Close","835","0.835","0"
"995543668","self-matching","233","Matching","friend","Friend","Close","495","0.495","1"
"995543668","self-matching","235","Nonmatching","self","Self","Self","399","0.399","0"
"995543668","self-matching","237","Matching","self","Self","Self","701","0.701","1"
"995543668","self-matching","239","Matching","self","Self","Self","431","0.431","1"
"995543674","self-matching","1","Matching","self","Self","Self","546","0.546","1"
"995543674","self-matching","3","Nonmatching","self","Self","Self","972","0.972","1"
"995543674","self-matching","5","Matching","friend","Friend","Close","773","0.773","1"
"995543674","self-matching","7","Matching","friend","Friend","Close","510","0.51","1"
"995543674","self-matching","9","Nonmatching","friend","Friend","Close","536","0.536","1"
"995543674","self-matching","11","Matching","friend","Friend","Close","609","0.609","1"
"995543674","self-matching","13","Nonmatching","self","Self","Self","1080","1.08","1"
"995543674","self-matching","15","Nonmatching","friend","Friend","Close","413","0.413","0"
"995543674","self-matching","17","Matching","self","Self","Self","459","0.459","1"
"995543674","self-matching","19","Matching","self","Self","Self","680","0.68","1"
"995543674","self-matching","21","Matching","friend","Friend","Close","444","0.444","0"
"995543674","self-matching","23","Nonmatching","friend","Friend","Close","585","0.585","0"
"995543674","self-matching","25","Nonmatching","self","Self","Self","273","0.273","0"
"995543674","self-matching","27","Matching","friend","Friend","Close","668","0.668","1"
"995543674","self-matching","29","Matching","self","Self","Self","632","0.632","1"
"995543674","self-matching","31","Nonmatching","friend","Friend","Close","1158","1.158","1"
"995543674","self-matching","33","Nonmatching","self","Self","Self","488","0.488","0"
"995543674","self-matching","35","Nonmatching","friend","Friend","Close","723","0.723","0"
"995543674","self-matching","37","Nonmatching","friend","Friend","Close","1246","1.246","1"
"995543674","self-matching","39","Matching","self","Self","Self","461","0.461","1"
"995543674","self-matching","41","Nonmatching","friend","Friend","Close","610","0.61","1"
"995543674","self-matching","43","Matching","self","Self","Self","640","0.64","1"
"995543674","self-matching","45","Nonmatching","friend","Friend","Close","613","0.613","1"
"995543674","self-matching","47","Nonmatching","self","Self","Self","1069","1.069","1"
"995543674","self-matching","49","Matching","self","Self","Self","866","0.866","1"
"995543674","self-matching","51","Nonmatching","friend","Friend","Close","855","0.855","1"
"995543674","self-matching","53","Nonmatching","friend","Friend","Close","1485","1.485","1"
"995543674","self-matching","55","Matching","self","Self","Self","522","0.522","1"
"995543674","self-matching","57","Nonmatching","friend","Friend","Close","500","0.5","1"
"995543674","self-matching","59","Nonmatching","friend","Friend","Close","583","0.583","1"
"995543674","self-matching","61","Nonmatching","self","Self","Self","527","0.527","0"
"995543674","self-matching","63","Matching","friend","Friend","Close","730","0.73","1"
"995543674","self-matching","65","Nonmatching","self","Self","Self","963","0.963","1"
"995543674","self-matching","67","Matching","friend","Friend","Close","669","0.669","0"
"995543674","self-matching","69","Matching","self","Self","Self","1209","1.209","1"
"995543674","self-matching","71","Nonmatching","self","Self","Self","730","0.73","1"
"995543674","self-matching","73","Matching","friend","Friend","Close","1108","1.108","1"
"995543674","self-matching","75","Matching","friend","Friend","Close","480","0.48","1"
"995543674","self-matching","77","Matching","friend","Friend","Close","428","0.428","1"
"995543674","self-matching","79","Nonmatching","friend","Friend","Close","522","0.522","1"
"995543674","self-matching","81","Nonmatching","self","Self","Self","1203","1.203","1"
"995543674","self-matching","83","Nonmatching","self","Self","Self","763","0.763","1"
"995543674","self-matching","85","Matching","self","Self","Self","509","0.509","1"
"995543674","self-matching","87","Matching","self","Self","Self","774","0.774","0"
"995543674","self-matching","89","Nonmatching","self","Self","Self","976","0.976","1"
"995543674","self-matching","91","Nonmatching","self","Self","Self","769","0.769","1"
"995543674","self-matching","93","Matching","friend","Friend","Close","560","0.56","1"
"995543674","self-matching","95","Matching","friend","Friend","Close","954","0.954","1"
"995543674","self-matching","97","Nonmatching","self","Self","Self","811","0.811","1"
"995543674","self-matching","99","Nonmatching","friend","Friend","Close","1034","1.034","0"
"995543674","self-matching","101","Nonmatching","friend","Friend","Close","808","0.808","1"
"995543674","self-matching","105","Nonmatching","friend","Friend","Close","602","0.602","0"
"995543674","self-matching","107","Nonmatching","self","Self","Self","1129","1.129","1"
"995543674","self-matching","109","Matching","friend","Friend","Close","684","0.684","0"
"995543674","self-matching","111","Matching","self","Self","Self","1007","1.007","1"
"995543674","self-matching","113","Matching","friend","Friend","Close","903","0.903","1"
"995543674","self-matching","115","Matching","friend","Friend","Close","595","0.595","1"
"995543674","self-matching","117","Nonmatching","self","Self","Self","1499","1.499","1"
"995543674","self-matching","121","Nonmatching","friend","Friend","Close","1208","1.208","0"
"995543674","self-matching","123","Matching","self","Self","Self","1201","1.201","1"
"995543674","self-matching","125","Nonmatching","friend","Friend","Close","1273","1.273","1"
"995543674","self-matching","127","Nonmatching","friend","Friend","Close","1031","1.031","1"
"995543674","self-matching","129","Nonmatching","self","Self","Self","1054","1.054","0"
"995543674","self-matching","131","Matching","friend","Friend","Close","1363","1.363","1"
"995543674","self-matching","133","Matching","self","Self","Self","942","0.942","1"
"995543674","self-matching","135","Matching","friend","Friend","Close","961","0.961","1"
"995543674","self-matching","137","Matching","friend","Friend","Close","490","0.49","1"
"995543674","self-matching","139","Matching","friend","Friend","Close","437","0.437","1"
"995543674","self-matching","141","Matching","friend","Friend","Close","298","0.298","1"
"995543674","self-matching","143","Matching","self","Self","Self","549","0.549","0"
"995543674","self-matching","145","Nonmatching","friend","Friend","Close","1398","1.398","1"
"995543674","self-matching","147","Matching","self","Self","Self","871","0.871","1"
"995543674","self-matching","149","Nonmatching","self","Self","Self","1356","1.356","1"
"995543674","self-matching","151","Matching","friend","Friend","Close","558","0.558","1"
"995543674","self-matching","153","Nonmatching","friend","Friend","Close","799","0.799","1"
"995543674","self-matching","155","Nonmatching","self","Self","Self","663","0.663","0"
"995543674","self-matching","157","Nonmatching","self","Self","Self","467","0.467","0"
"995543674","self-matching","159","Nonmatching","friend","Friend","Close","1168","1.168","1"
"995543674","self-matching","161","Nonmatching","friend","Friend","Close","417","0.417","1"
"995543674","self-matching","163","Matching","self","Self","Self","1239","1.239","1"
"995543674","self-matching","165","Matching","self","Self","Self","1327","1.327","0"
"995543674","self-matching","167","Matching","friend","Friend","Close","826","0.826","0"
"995543674","self-matching","169","Matching","friend","Friend","Close","593","0.593","1"
"995543674","self-matching","171","Nonmatching","self","Self","Self","1281","1.281","1"
"995543674","self-matching","173","Matching","friend","Friend","Close","1350","1.35","1"
"995543674","self-matching","175","Nonmatching","friend","Friend","Close","1033","1.033","1"
"995543674","self-matching","177","Matching","friend","Friend","Close","1169","1.169","1"
"995543674","self-matching","179","Matching","self","Self","Self","946","0.946","1"
"995543674","self-matching","181","Nonmatching","self","Self","Self","1108","1.108","1"
"995543674","self-matching","183","Matching","self","Self","Self","696","0.696","1"
"995543674","self-matching","185","Nonmatching","friend","Friend","Close","1235","1.235","1"
"995543674","self-matching","187","Matching","friend","Friend","Close","1203","1.203","1"
"995543674","self-matching","191","Nonmatching","friend","Friend","Close","1084","1.084","1"
"995543674","self-matching","193","Nonmatching","self","Self","Self","1144","1.144","1"
"995543674","self-matching","195","Matching","self","Self","Self","668","0.668","1"
"995543674","self-matching","197","Matching","friend","Friend","Close","576","0.576","1"
"995543674","self-matching","199","Nonmatching","self","Self","Self","720","0.72","1"
"995543674","self-matching","201","Matching","self","Self","Self","787","0.787","1"
"995543674","self-matching","203","Nonmatching","friend","Friend","Close","675","0.675","1"
"995543674","self-matching","205","Nonmatching","friend","Friend","Close","520","0.52","1"
"995543674","self-matching","207","Matching","self","Self","Self","1105","1.105","1"
"995543674","self-matching","209","Nonmatching","friend","Friend","Close","589","0.589","1"
"995543674","self-matching","211","Matching","friend","Friend","Close","620","0.62","1"
"995543674","self-matching","213","Matching","self","Self","Self","554","0.554","0"
"995543674","self-matching","215","Nonmatching","friend","Friend","Close","738","0.738","1"
"995543674","self-matching","217","Nonmatching","self","Self","Self","821","0.821","1"
"995543674","self-matching","219","Matching","self","Self","Self","547","0.547","1"
"995543674","self-matching","221","Matching","friend","Friend","Close","645","0.645","1"
"995543674","self-matching","223","Matching","self","Self","Self","1075","1.075","1"
"995543674","self-matching","225","Matching","self","Self","Self","463","0.463","1"
"995543674","self-matching","227","Nonmatching","self","Self","Self","748","0.748","1"
"995543674","self-matching","229","Matching","friend","Friend","Close","917","0.917","1"
"995543674","self-matching","231","Nonmatching","self","Self","Self","937","0.937","1"
"995543674","self-matching","233","Nonmatching","self","Self","Self","1059","1.059","0"
"995543674","self-matching","235","Matching","self","Self","Self","1113","1.113","1"
"995543674","self-matching","237","Matching","self","Self","Self","453","0.453","1"
"995543674","self-matching","239","Matching","self","Self","Self","570","0.57","1"
"995543675","self-matching","1","Matching","self","Self","Self","658","0.658","1"
"995543675","self-matching","3","Nonmatching","friend","Friend","Close","835","0.835","0"
"995543675","self-matching","5","Nonmatching","friend","Friend","Close","1243","1.243","1"
"995543675","self-matching","7","Matching","friend","Friend","Close","707","0.707","0"
"995543675","self-matching","9","Matching","self","Self","Self","730","0.73","1"
"995543675","self-matching","11","Matching","friend","Friend","Close","607","0.607","1"
"995543675","self-matching","13","Matching","self","Self","Self","714","0.714","1"
"995543675","self-matching","15","Matching","self","Self","Self","647","0.647","1"
"995543675","self-matching","17","Nonmatching","self","Self","Self","487","0.487","1"
"995543675","self-matching","19","Nonmatching","self","Self","Self","640","0.64","0"
"995543675","self-matching","21","Matching","self","Self","Self","592","0.592","1"
"995543675","self-matching","23","Nonmatching","self","Self","Self","723","0.723","0"
"995543675","self-matching","25","Nonmatching","self","Self","Self","552","0.552","0"
"995543675","self-matching","27","Nonmatching","friend","Friend","Close","1444","1.444","1"
"995543675","self-matching","29","Matching","friend","Friend","Close","1325","1.325","0"
"995543675","self-matching","33","Matching","self","Self","Self","669","0.669","1"
"995543675","self-matching","35","Matching","friend","Friend","Close","1140","1.14","0"
"995543675","self-matching","37","Matching","friend","Friend","Close","754","0.754","0"
"995543675","self-matching","39","Matching","self","Self","Self","661","0.661","1"
"995543675","self-matching","41","Matching","friend","Friend","Close","949","0.949","1"
"995543675","self-matching","43","Matching","friend","Friend","Close","1114","1.114","1"
"995543675","self-matching","45","Nonmatching","self","Self","Self","767","0.767","1"
"995543675","self-matching","47","Nonmatching","self","Self","Self","955","0.955","1"
"995543675","self-matching","49","Matching","friend","Friend","Close","984","0.984","1"
"995543675","self-matching","51","Nonmatching","friend","Friend","Close","898","0.898","1"
"995543675","self-matching","53","Matching","friend","Friend","Close","793","0.793","1"
"995543675","self-matching","55","Matching","self","Self","Self","596","0.596","1"
"995543675","self-matching","57","Nonmatching","self","Self","Self","1431","1.431","1"
"995543675","self-matching","59","Matching","friend","Friend","Close","791","0.791","0"
"995543675","self-matching","61","Nonmatching","self","Self","Self","1114","1.114","1"
"995543675","self-matching","63","Matching","friend","Friend","Close","1024","1.024","1"
"995543675","self-matching","65","Matching","self","Self","Self","881","0.881","1"
"995543675","self-matching","67","Nonmatching","friend","Friend","Close","993","0.993","0"
"995543675","self-matching","69","Matching","self","Self","Self","530","0.53","1"
"995543675","self-matching","71","Matching","self","Self","Self","519","0.519","1"
"995543675","self-matching","73","Nonmatching","friend","Friend","Close","749","0.749","1"
"995543675","self-matching","75","Matching","self","Self","Self","490","0.49","1"
"995543675","self-matching","77","Nonmatching","friend","Friend","Close","961","0.961","1"
"995543675","self-matching","79","Matching","friend","Friend","Close","829","0.829","1"
"995543675","self-matching","81","Nonmatching","self","Self","Self","654","0.654","1"
"995543675","self-matching","83","Matching","self","Self","Self","726","0.726","1"
"995543675","self-matching","85","Nonmatching","self","Self","Self","652","0.652","0"
"995543675","self-matching","87","Matching","self","Self","Self","276","0.276","1"
"995543675","self-matching","89","Nonmatching","friend","Friend","Close","635","0.635","1"
"995543675","self-matching","91","Matching","self","Self","Self","485","0.485","1"
"995543675","self-matching","93","Nonmatching","friend","Friend","Close","540","0.54","1"
"995543675","self-matching","95","Nonmatching","self","Self","Self","1034","1.034","1"
"995543675","self-matching","97","Matching","self","Self","Self","650","0.65","1"
"995543675","self-matching","99","Matching","self","Self","Self","523","0.523","1"
"995543675","self-matching","101","Nonmatching","friend","Friend","Close","464","0.464","1"
"995543675","self-matching","103","Matching","friend","Friend","Close","465","0.465","0"
"995543675","self-matching","105","Nonmatching","self","Self","Self","369","0.369","0"
"995543675","self-matching","107","Nonmatching","self","Self","Self","917","0.917","1"
"995543675","self-matching","109","Nonmatching","friend","Friend","Close","619","0.619","1"
"995543675","self-matching","111","Matching","self","Self","Self","477","0.477","1"
"995543675","self-matching","113","Matching","friend","Friend","Close","507","0.507","0"
"995543675","self-matching","115","Matching","friend","Friend","Close","394","0.394","1"
"995543675","self-matching","117","Matching","self","Self","Self","493","0.493","1"
"995543675","self-matching","119","Nonmatching","self","Self","Self","683","0.683","1"
"995543675","self-matching","121","Nonmatching","self","Self","Self","579","0.579","1"
"995543675","self-matching","123","Nonmatching","friend","Friend","Close","582","0.582","0"
"995543675","self-matching","125","Nonmatching","self","Self","Self","465","0.465","0"
"995543675","self-matching","127","Nonmatching","friend","Friend","Close","944","0.944","1"
"995543675","self-matching","129","Nonmatching","self","Self","Self","725","0.725","1"
"995543675","self-matching","131","Matching","friend","Friend","Close","436","0.436","1"
"995543675","self-matching","133","Matching","self","Self","Self","620","0.62","1"
"995543675","self-matching","135","Nonmatching","friend","Friend","Close","559","0.559","1"
"995543675","self-matching","137","Nonmatching","friend","Friend","Close","482","0.482","1"
"995543675","self-matching","139","Nonmatching","friend","Friend","Close","513","0.513","0"
"995543675","self-matching","141","Nonmatching","self","Self","Self","464","0.464","1"
"995543675","self-matching","143","Matching","friend","Friend","Close","608","0.608","0"
"995543675","self-matching","145","Matching","friend","Friend","Close","482","0.482","0"
"995543675","self-matching","147","Nonmatching","self","Self","Self","280","0.28","0"
"995543675","self-matching","149","Nonmatching","friend","Friend","Close","935","0.935","1"
"995543675","self-matching","151","Nonmatching","friend","Friend","Close","518","0.518","0"
"995543675","self-matching","153","Matching","self","Self","Self","546","0.546","1"
"995543675","self-matching","155","Matching","friend","Friend","Close","367","0.367","0"
"995543675","self-matching","157","Nonmatching","self","Self","Self","563","0.563","1"
"995543675","self-matching","159","Matching","self","Self","Self","680","0.68","0"
"995543675","self-matching","161","Nonmatching","friend","Friend","Close","447","0.447","1"
"995543675","self-matching","163","Nonmatching","friend","Friend","Close","479","0.479","1"
"995543675","self-matching","165","Nonmatching","friend","Friend","Close","494","0.494","1"
"995543675","self-matching","167","Matching","self","Self","Self","414","0.414","1"
"995543675","self-matching","169","Matching","friend","Friend","Close","551","0.551","0"
"995543675","self-matching","171","Matching","self","Self","Self","604","0.604","1"
"995543675","self-matching","173","Matching","friend","Friend","Close","479","0.479","1"
"995543675","self-matching","175","Matching","self","Self","Self","414","0.414","1"
"995543675","self-matching","177","Nonmatching","self","Self","Self","608","0.608","1"
"995543675","self-matching","179","Nonmatching","friend","Friend","Close","723","0.723","1"
"995543675","self-matching","181","Nonmatching","friend","Friend","Close","752","0.752","1"
"995543675","self-matching","183","Matching","friend","Friend","Close","676","0.676","1"
"995543675","self-matching","185","Matching","friend","Friend","Close","412","0.412","0"
"995543675","self-matching","187","Nonmatching","friend","Friend","Close","701","0.701","1"
"995543675","self-matching","189","Nonmatching","self","Self","Self","580","0.58","0"
"995543675","self-matching","191","Nonmatching","friend","Friend","Close","551","0.551","1"
"995543675","self-matching","193","Matching","self","Self","Self","629","0.629","1"
"995543675","self-matching","195","Matching","self","Self","Self","318","0.318","1"
"995543675","self-matching","197","Matching","self","Self","Self","419","0.419","1"
"995543675","self-matching","199","Nonmatching","self","Self","Self","669","0.669","0"
"995543675","self-matching","203","Nonmatching","friend","Friend","Close","791","0.791","1"
"995543675","self-matching","205","Nonmatching","self","Self","Self","626","0.626","1"
"995543675","self-matching","207","Nonmatching","self","Self","Self","589","0.589","1"
"995543675","self-matching","209","Matching","friend","Friend","Close","479","0.479","0"
"995543675","self-matching","211","Matching","self","Self","Self","613","0.613","1"
"995543675","self-matching","213","Nonmatching","self","Self","Self","785","0.785","1"
"995543675","self-matching","215","Matching","friend","Friend","Close","524","0.524","1"
"995543675","self-matching","217","Nonmatching","self","Self","Self","641","0.641","1"
"995543675","self-matching","219","Nonmatching","friend","Friend","Close","713","0.713","1"
"995543675","self-matching","221","Matching","friend","Friend","Close","471","0.471","0"
"995543675","self-matching","223","Nonmatching","friend","Friend","Close","599","0.599","1"
"995543675","self-matching","225","Nonmatching","self","Self","Self","609","0.609","1"
"995543675","self-matching","227","Nonmatching","self","Self","Self","396","0.396","1"
"995543675","self-matching","229","Nonmatching","self","Self","Self","422","0.422","1"
"995543675","self-matching","231","Matching","friend","Friend","Close","417","0.417","0"
"995543675","self-matching","233","Matching","friend","Friend","Close","522","0.522","0"
"995543675","self-matching","235","Matching","friend","Friend","Close","528","0.528","0"
"995543675","self-matching","237","Nonmatching","friend","Friend","Close","437","0.437","0"
"995543675","self-matching","239","Matching","self","Self","Self","286","0.286","0"
"995543681","self-matching","7","Matching","friend","Friend","Close","973","0.973","0"
"995543681","self-matching","9","Nonmatching","self","Self","Self","271","0.271","0"
"995543681","self-matching","13","Matching","friend","Friend","Close","489","0.489","0"
"995543681","self-matching","15","Matching","self","Self","Self","558","0.558","1"
"995543681","self-matching","17","Matching","self","Self","Self","212","0.212","1"
"995543681","self-matching","19","Nonmatching","self","Self","Self","461","0.461","0"
"995543681","self-matching","21","Nonmatching","friend","Friend","Close","528","0.528","1"
"995543681","self-matching","23","Nonmatching","self","Self","Self","692","0.692","0"
"995543681","self-matching","25","Nonmatching","self","Self","Self","1201","1.201","1"
"995543681","self-matching","27","Matching","self","Self","Self","377","0.377","1"
"995543681","self-matching","29","Nonmatching","self","Self","Self","699","0.699","1"
"995543681","self-matching","31","Nonmatching","friend","Friend","Close","615","0.615","1"
"995543681","self-matching","33","Nonmatching","self","Self","Self","287","0.287","0"
"995543681","self-matching","35","Matching","friend","Friend","Close","607","0.607","0"
"995543681","self-matching","37","Nonmatching","friend","Friend","Close","617","0.617","1"
"995543681","self-matching","41","Nonmatching","self","Self","Self","968","0.968","0"
"995543681","self-matching","43","Nonmatching","self","Self","Self","1020","1.02","1"
"995543681","self-matching","45","Matching","friend","Friend","Close","823","0.823","1"
"995543681","self-matching","47","Matching","self","Self","Self","515","0.515","1"
"995543681","self-matching","49","Matching","self","Self","Self","534","0.534","1"
"995543681","self-matching","51","Nonmatching","friend","Friend","Close","638","0.638","1"
"995543681","self-matching","53","Nonmatching","self","Self","Self","799","0.799","1"
"995543681","self-matching","55","Matching","self","Self","Self","545","0.545","1"
"995543681","self-matching","57","Nonmatching","friend","Friend","Close","847","0.847","1"
"995543681","self-matching","59","Matching","friend","Friend","Close","785","0.785","1"
"995543681","self-matching","61","Nonmatching","friend","Friend","Close","949","0.949","1"
"995543681","self-matching","63","Nonmatching","self","Self","Self","778","0.778","1"
"995543681","self-matching","65","Matching","self","Self","Self","550","0.55","1"
"995543681","self-matching","67","Nonmatching","friend","Friend","Close","553","0.553","1"
"995543681","self-matching","69","Matching","self","Self","Self","771","0.771","0"
"995543681","self-matching","71","Nonmatching","friend","Friend","Close","522","0.522","1"
"995543681","self-matching","73","Matching","friend","Friend","Close","465","0.465","0"
"995543681","self-matching","75","Matching","self","Self","Self","344","0.344","1"
"995543681","self-matching","77","Matching","friend","Friend","Close","508","0.508","0"
"995543681","self-matching","81","Nonmatching","self","Self","Self","335","0.335","0"
"995543681","self-matching","83","Matching","friend","Friend","Close","257","0.257","0"
"995543681","self-matching","85","Nonmatching","friend","Friend","Close","866","0.866","1"
"995543681","self-matching","87","Matching","self","Self","Self","689","0.689","1"
"995543681","self-matching","89","Nonmatching","self","Self","Self","602","0.602","1"
"995543681","self-matching","91","Nonmatching","self","Self","Self","666","0.666","0"
"995543681","self-matching","93","Matching","friend","Friend","Close","421","0.421","0"
"995543681","self-matching","95","Nonmatching","friend","Friend","Close","1019","1.019","1"
"995543681","self-matching","97","Matching","friend","Friend","Close","938","0.938","1"
"995543681","self-matching","99","Matching","friend","Friend","Close","839","0.839","1"
"995543681","self-matching","101","Nonmatching","friend","Friend","Close","666","0.666","1"
"995543681","self-matching","103","Matching","self","Self","Self","591","0.591","1"
"995543681","self-matching","105","Matching","self","Self","Self","354","0.354","1"
"995543681","self-matching","107","Nonmatching","self","Self","Self","604","0.604","1"
"995543681","self-matching","109","Nonmatching","self","Self","Self","809","0.809","1"
"995543681","self-matching","111","Matching","self","Self","Self","320","0.32","1"
"995543681","self-matching","113","Matching","self","Self","Self","527","0.527","1"
"995543681","self-matching","115","Matching","friend","Friend","Close","339","0.339","0"
"995543681","self-matching","117","Nonmatching","self","Self","Self","825","0.825","1"
"995543681","self-matching","119","Nonmatching","friend","Friend","Close","807","0.807","1"
"995543681","self-matching","121","Nonmatching","self","Self","Self","483","0.483","0"
"995543681","self-matching","123","Matching","friend","Friend","Close","393","0.393","0"
"995543681","self-matching","125","Nonmatching","self","Self","Self","665","0.665","1"
"995543681","self-matching","127","Nonmatching","self","Self","Self","618","0.618","1"
"995543681","self-matching","129","Nonmatching","self","Self","Self","492","0.492","1"
"995543681","self-matching","131","Matching","self","Self","Self","550","0.55","1"
"995543681","self-matching","135","Nonmatching","friend","Friend","Close","540","0.54","1"
"995543681","self-matching","137","Nonmatching","friend","Friend","Close","501","0.501","1"
"995543681","self-matching","139","Nonmatching","friend","Friend","Close","508","0.508","1"
"995543681","self-matching","141","Matching","self","Self","Self","328","0.328","1"
"995543681","self-matching","143","Matching","friend","Friend","Close","735","0.735","0"
"995543681","self-matching","145","Matching","self","Self","Self","405","0.405","1"
"995543681","self-matching","147","Matching","self","Self","Self","619","0.619","1"
"995543681","self-matching","149","Nonmatching","self","Self","Self","606","0.606","0"
"995543681","self-matching","151","Matching","friend","Friend","Close","612","0.612","0"
"995543681","self-matching","153","Nonmatching","self","Self","Self","668","0.668","0"
"995543681","self-matching","155","Nonmatching","friend","Friend","Close","868","0.868","0"
"995543681","self-matching","157","Matching","self","Self","Self","231","0.231","1"
"995543681","self-matching","159","Nonmatching","self","Self","Self","959","0.959","1"
"995543681","self-matching","161","Matching","self","Self","Self","533","0.533","1"
"995543681","self-matching","163","Matching","friend","Friend","Close","613","0.613","1"
"995543681","self-matching","165","Nonmatching","friend","Friend","Close","403","0.403","0"
"995543681","self-matching","167","Nonmatching","friend","Friend","Close","1055","1.055","1"
"995543681","self-matching","171","Nonmatching","friend","Friend","Close","1224","1.224","0"
"995543681","self-matching","173","Nonmatching","self","Self","Self","585","0.585","0"
"995543681","self-matching","175","Matching","friend","Friend","Close","466","0.466","0"
"995543681","self-matching","177","Nonmatching","self","Self","Self","1423","1.423","0"
"995543681","self-matching","179","Matching","self","Self","Self","862","0.862","1"
"995543681","self-matching","181","Matching","self","Self","Self","499","0.499","1"
"995543681","self-matching","183","Matching","self","Self","Self","406","0.406","1"
"995543681","self-matching","185","Nonmatching","friend","Friend","Close","493","0.493","1"
"995543681","self-matching","187","Matching","friend","Friend","Close","641","0.641","1"
"995543681","self-matching","189","Nonmatching","self","Self","Self","524","0.524","0"
"995543681","self-matching","191","Nonmatching","friend","Friend","Close","1117","1.117","1"
"995543681","self-matching","193","Matching","friend","Friend","Close","1145","1.145","1"
"995543681","self-matching","195","Nonmatching","self","Self","Self","622","0.622","0"
"995543681","self-matching","197","Nonmatching","friend","Friend","Close","1088","1.088","1"
"995543681","self-matching","199","Nonmatching","friend","Friend","Close","1014","1.014","1"
"995543681","self-matching","201","Matching","friend","Friend","Close","817","0.817","1"
"995543681","self-matching","203","Matching","self","Self","Self","507","0.507","1"
"995543681","self-matching","205","Matching","friend","Friend","Close","666","0.666","0"
"995543681","self-matching","209","Matching","friend","Friend","Close","1130","1.13","1"
"995543681","self-matching","211","Matching","friend","Friend","Close","943","0.943","1"
"995543681","self-matching","213","Matching","self","Self","Self","550","0.55","1"
"995543681","self-matching","215","Matching","friend","Friend","Close","482","0.482","0"
"995543681","self-matching","217","Matching","self","Self","Self","650","0.65","1"
"995543681","self-matching","219","Nonmatching","friend","Friend","Close","1034","1.034","1"
"995543681","self-matching","221","Matching","self","Self","Self","412","0.412","1"
"995543681","self-matching","223","Nonmatching","friend","Friend","Close","667","0.667","0"
"995543681","self-matching","225","Nonmatching","self","Self","Self","402","0.402","0"
"995543681","self-matching","227","Nonmatching","self","Self","Self","834","0.834","1"
"995543681","self-matching","229","Matching","friend","Friend","Close","979","0.979","1"
"995543681","self-matching","231","Matching","self","Self","Self","339","0.339","1"
"995543681","self-matching","233","Matching","self","Self","Self","416","0.416","1"
"995543681","self-matching","235","Nonmatching","friend","Friend","Close","714","0.714","1"
"995543681","self-matching","237","Nonmatching","friend","Friend","Close","550","0.55","1"
"995543681","self-matching","239","Matching","self","Self","Self","394","0.394","1"
"995543683","self-matching","1","Nonmatching","friend","Friend","Close","862","0.862","1"
"995543683","self-matching","3","Matching","friend","Friend","Close","561","0.561","0"
"995543683","self-matching","5","Nonmatching","self","Self","Self","1199","1.199","0"
"995543683","self-matching","7","Nonmatching","self","Self","Self","575","0.575","0"
"995543683","self-matching","9","Matching","self","Self","Self","670","0.67","1"
"995543683","self-matching","11","Matching","friend","Friend","Close","631","0.631","0"
"995543683","self-matching","13","Matching","friend","Friend","Close","741","0.741","0"
"995543683","self-matching","15","Matching","friend","Friend","Close","680","0.68","1"
"995543683","self-matching","17","Matching","friend","Friend","Close","563","0.563","1"
"995543683","self-matching","19","Nonmatching","friend","Friend","Close","998","0.998","1"
"995543683","self-matching","21","Nonmatching","self","Self","Self","615","0.615","0"
"995543683","self-matching","23","Matching","self","Self","Self","663","0.663","1"
"995543683","self-matching","25","Matching","self","Self","Self","461","0.461","1"
"995543683","self-matching","27","Matching","self","Self","Self","537","0.537","1"
"995543683","self-matching","29","Nonmatching","friend","Friend","Close","422","0.422","1"
"995543683","self-matching","31","Matching","self","Self","Self","390","0.39","1"
"995543683","self-matching","33","Matching","self","Self","Self","607","0.607","1"
"995543683","self-matching","35","Nonmatching","friend","Friend","Close","688","0.688","0"
"995543683","self-matching","37","Nonmatching","friend","Friend","Close","489","0.489","1"
"995543683","self-matching","39","Nonmatching","self","Self","Self","777","0.777","0"
"995543683","self-matching","41","Matching","friend","Friend","Close","670","0.67","0"
"995543683","self-matching","43","Nonmatching","friend","Friend","Close","600","0.6","1"
"995543683","self-matching","45","Matching","self","Self","Self","954","0.954","1"
"995543683","self-matching","47","Matching","self","Self","Self","654","0.654","1"
"995543683","self-matching","49","Nonmatching","friend","Friend","Close","961","0.961","0"
"995543683","self-matching","51","Matching","friend","Friend","Close","373","0.373","0"
"995543683","self-matching","53","Nonmatching","friend","Friend","Close","366","0.366","1"
"995543683","self-matching","55","Nonmatching","self","Self","Self","1464","1.464","1"
"995543683","self-matching","57","Matching","self","Self","Self","873","0.873","1"
"995543683","self-matching","59","Matching","self","Self","Self","710","0.71","1"
"995543683","self-matching","61","Nonmatching","self","Self","Self","693","0.693","1"
"995543683","self-matching","63","Nonmatching","friend","Friend","Close","1276","1.276","1"
"995543683","self-matching","65","Matching","self","Self","Self","710","0.71","1"
"995543683","self-matching","67","Nonmatching","friend","Friend","Close","1426","1.426","0"
"995543683","self-matching","71","Matching","friend","Friend","Close","1272","1.272","0"
"995543683","self-matching","75","Nonmatching","self","Self","Self","1126","1.126","1"
"995543683","self-matching","77","Matching","friend","Friend","Close","968","0.968","0"
"995543683","self-matching","79","Matching","friend","Friend","Close","1064","1.064","0"
"995543683","self-matching","81","Nonmatching","self","Self","Self","740","0.74","1"
"995543683","self-matching","83","Matching","self","Self","Self","390","0.39","1"
"995543683","self-matching","85","Nonmatching","self","Self","Self","504","0.504","1"
"995543683","self-matching","87","Nonmatching","self","Self","Self","1030","1.03","1"
"995543683","self-matching","89","Matching","friend","Friend","Close","550","0.55","0"
"995543683","self-matching","91","Matching","friend","Friend","Close","272","0.272","1"
"995543683","self-matching","93","Matching","self","Self","Self","404","0.404","1"
"995543683","self-matching","95","Nonmatching","friend","Friend","Close","613","0.613","1"
"995543683","self-matching","97","Matching","self","Self","Self","637","0.637","1"
"995543683","self-matching","99","Nonmatching","friend","Friend","Close","640","0.64","0"
"995543683","self-matching","103","Matching","friend","Friend","Close","612","0.612","0"
"995543683","self-matching","105","Matching","friend","Friend","Close","675","0.675","1"
"995543683","self-matching","107","Nonmatching","self","Self","Self","523","0.523","1"
"995543683","self-matching","109","Nonmatching","friend","Friend","Close","775","0.775","1"
"995543683","self-matching","111","Nonmatching","friend","Friend","Close","677","0.677","1"
"995543683","self-matching","113","Matching","friend","Friend","Close","620","0.62","1"
"995543683","self-matching","115","Matching","friend","Friend","Close","569","0.569","1"
"995543683","self-matching","117","Matching","self","Self","Self","590","0.59","1"
"995543683","self-matching","119","Nonmatching","friend","Friend","Close","543","0.543","1"
"995543683","self-matching","121","Nonmatching","self","Self","Self","1282","1.282","1"
"995543683","self-matching","123","Matching","self","Self","Self","890","0.89","1"
"995543683","self-matching","125","Nonmatching","self","Self","Self","610","0.61","1"
"995543683","self-matching","127","Matching","self","Self","Self","554","0.554","1"
"995543683","self-matching","129","Matching","self","Self","Self","411","0.411","1"
"995543683","self-matching","131","Nonmatching","self","Self","Self","388","0.388","1"
"995543683","self-matching","133","Matching","friend","Friend","Close","653","0.653","0"
"995543683","self-matching","135","Matching","self","Self","Self","429","0.429","1"
"995543683","self-matching","137","Nonmatching","self","Self","Self","720","0.72","1"
"995543683","self-matching","139","Matching","self","Self","Self","449","0.449","1"
"995543683","self-matching","141","Nonmatching","self","Self","Self","486","0.486","0"
"995543683","self-matching","143","Matching","self","Self","Self","548","0.548","1"
"995543683","self-matching","145","Matching","self","Self","Self","641","0.641","1"
"995543683","self-matching","147","Matching","friend","Friend","Close","376","0.376","0"
"995543683","self-matching","149","Matching","friend","Friend","Close","521","0.521","1"
"995543683","self-matching","151","Matching","friend","Friend","Close","502","0.502","1"
"995543683","self-matching","153","Matching","friend","Friend","Close","585","0.585","0"
"995543683","self-matching","155","Nonmatching","self","Self","Self","498","0.498","0"
"995543683","self-matching","157","Matching","self","Self","Self","431","0.431","1"
"995543683","self-matching","159","Nonmatching","self","Self","Self","462","0.462","0"
"995543683","self-matching","161","Nonmatching","friend","Friend","Close","838","0.838","1"
"995543683","self-matching","163","Nonmatching","friend","Friend","Close","698","0.698","0"
"995543683","self-matching","165","Matching","friend","Friend","Close","487","0.487","0"
"995543683","self-matching","167","Nonmatching","self","Self","Self","620","0.62","1"
"995543683","self-matching","169","Nonmatching","friend","Friend","Close","773","0.773","1"
"995543683","self-matching","171","Matching","friend","Friend","Close","746","0.746","0"
"995543683","self-matching","173","Nonmatching","friend","Friend","Close","666","0.666","1"
"995543683","self-matching","175","Nonmatching","friend","Friend","Close","561","0.561","1"
"995543683","self-matching","177","Nonmatching","self","Self","Self","995","0.995","1"
"995543683","self-matching","179","Nonmatching","friend","Friend","Close","795","0.795","1"
"995543683","self-matching","181","Matching","friend","Friend","Close","641","0.641","1"
"995543683","self-matching","183","Nonmatching","friend","Friend","Close","801","0.801","1"
"995543683","self-matching","185","Matching","friend","Friend","Close","994","0.994","0"
"995543683","self-matching","187","Nonmatching","friend","Friend","Close","715","0.715","1"
"995543683","self-matching","189","Matching","self","Self","Self","351","0.351","1"
"995543683","self-matching","191","Nonmatching","friend","Friend","Close","885","0.885","1"
"995543683","self-matching","193","Matching","friend","Friend","Close","868","0.868","0"
"995543683","self-matching","195","Nonmatching","self","Self","Self","489","0.489","0"
"995543683","self-matching","197","Nonmatching","self","Self","Self","586","0.586","1"
"995543683","self-matching","199","Matching","self","Self","Self","791","0.791","1"
"995543683","self-matching","201","Nonmatching","self","Self","Self","536","0.536","1"
"995543683","self-matching","203","Nonmatching","self","Self","Self","419","0.419","0"
"995543683","self-matching","207","Nonmatching","friend","Friend","Close","586","0.586","1"
"995543683","self-matching","209","Nonmatching","self","Self","Self","487","0.487","0"
"995543683","self-matching","211","Nonmatching","friend","Friend","Close","974","0.974","1"
"995543683","self-matching","213","Nonmatching","self","Self","Self","892","0.892","1"
"995543683","self-matching","215","Matching","self","Self","Self","440","0.44","1"
"995543683","self-matching","217","Nonmatching","self","Self","Self","944","0.944","0"
"995543683","self-matching","219","Nonmatching","friend","Friend","Close","886","0.886","1"
"995543683","self-matching","221","Matching","self","Self","Self","986","0.986","1"
"995543683","self-matching","223","Matching","friend","Friend","Close","466","0.466","0"
"995543683","self-matching","225","Nonmatching","self","Self","Self","770","0.77","1"
"995543683","self-matching","227","Matching","self","Self","Self","518","0.518","1"
"995543683","self-matching","229","Matching","friend","Friend","Close","797","0.797","0"
"995543683","self-matching","231","Matching","self","Self","Self","455","0.455","1"
"995543683","self-matching","233","Nonmatching","self","Self","Self","812","0.812","1"
"995543683","self-matching","235","Nonmatching","self","Self","Self","497","0.497","1"
"995543683","self-matching","237","Nonmatching","friend","Friend","Close","496","0.496","1"
"995543683","self-matching","239","Nonmatching","friend","Friend","Close","628","0.628","1"
"995543684","self-matching","1","Matching","self","Self","Self","329","0.329","1"
"995543684","self-matching","3","Nonmatching","friend","Friend","Close","328","0.328","0"
"995543684","self-matching","5","Matching","self","Self","Self","423","0.423","1"
"995543684","self-matching","7","Nonmatching","friend","Friend","Close","355","0.355","0"
"995543684","self-matching","9","Matching","friend","Friend","Close","493","0.493","0"
"995543684","self-matching","11","Nonmatching","friend","Friend","Close","676","0.676","1"
"995543684","self-matching","13","Nonmatching","self","Self","Self","924","0.924","1"
"995543684","self-matching","15","Matching","self","Self","Self","233","0.233","1"
"995543684","self-matching","17","Nonmatching","friend","Friend","Close","551","0.551","1"
"995543684","self-matching","19","Nonmatching","self","Self","Self","844","0.844","1"
"995543684","self-matching","21","Matching","friend","Friend","Close","613","0.613","1"
"995543684","self-matching","23","Nonmatching","self","Self","Self","554","0.554","1"
"995543684","self-matching","25","Matching","friend","Friend","Close","884","0.884","1"
"995543684","self-matching","27","Matching","self","Self","Self","452","0.452","1"
"995543684","self-matching","29","Matching","friend","Friend","Close","971","0.971","1"
"995543684","self-matching","31","Nonmatching","friend","Friend","Close","727","0.727","0"
"995543684","self-matching","33","Matching","self","Self","Self","534","0.534","1"
"995543684","self-matching","35","Nonmatching","friend","Friend","Close","681","0.681","1"
"995543684","self-matching","37","Nonmatching","friend","Friend","Close","500","0.5","1"
"995543684","self-matching","39","Matching","self","Self","Self","633","0.633","1"
"995543684","self-matching","41","Matching","friend","Friend","Close","597","0.597","1"
"995543684","self-matching","43","Matching","self","Self","Self","520","0.52","1"
"995543684","self-matching","45","Nonmatching","self","Self","Self","502","0.502","1"
"995543684","self-matching","47","Matching","self","Self","Self","917","0.917","1"
"995543684","self-matching","49","Nonmatching","self","Self","Self","695","0.695","1"
"995543684","self-matching","51","Nonmatching","self","Self","Self","461","0.461","1"
"995543684","self-matching","53","Nonmatching","friend","Friend","Close","675","0.675","1"
"995543684","self-matching","55","Matching","self","Self","Self","638","0.638","1"
"995543684","self-matching","57","Nonmatching","self","Self","Self","651","0.651","1"
"995543684","self-matching","59","Nonmatching","friend","Friend","Close","901","0.901","1"
"995543684","self-matching","61","Nonmatching","friend","Friend","Close","799","0.799","1"
"995543684","self-matching","63","Nonmatching","self","Self","Self","568","0.568","1"
"995543684","self-matching","65","Matching","friend","Friend","Close","479","0.479","1"
"995543684","self-matching","67","Nonmatching","friend","Friend","Close","515","0.515","1"
"995543684","self-matching","69","Matching","friend","Friend","Close","528","0.528","1"
"995543684","self-matching","71","Matching","friend","Friend","Close","412","0.412","1"
"995543684","self-matching","73","Nonmatching","friend","Friend","Close","483","0.483","1"
"995543684","self-matching","75","Matching","friend","Friend","Close","558","0.558","1"
"995543684","self-matching","77","Nonmatching","self","Self","Self","391","0.391","1"
"995543684","self-matching","79","Nonmatching","self","Self","Self","500","0.5","1"
"995543684","self-matching","81","Matching","self","Self","Self","450","0.45","1"
"995543684","self-matching","83","Nonmatching","self","Self","Self","405","0.405","1"
"995543684","self-matching","85","Matching","self","Self","Self","724","0.724","1"
"995543684","self-matching","87","Matching","self","Self","Self","387","0.387","1"
"995543684","self-matching","89","Matching","self","Self","Self","295","0.295","1"
"995543684","self-matching","91","Nonmatching","self","Self","Self","448","0.448","1"
"995543684","self-matching","93","Matching","self","Self","Self","489","0.489","1"
"995543684","self-matching","95","Nonmatching","friend","Friend","Close","509","0.509","1"
"995543684","self-matching","97","Nonmatching","friend","Friend","Close","470","0.47","1"
"995543684","self-matching","99","Matching","friend","Friend","Close","556","0.556","1"
"995543684","self-matching","101","Matching","friend","Friend","Close","413","0.413","1"
"995543684","self-matching","103","Matching","self","Self","Self","400","0.4","0"
"995543684","self-matching","105","Matching","friend","Friend","Close","342","0.342","1"
"995543684","self-matching","107","Nonmatching","self","Self","Self","1225","1.225","1"
"995543684","self-matching","109","Matching","friend","Friend","Close","645","0.645","1"
"995543684","self-matching","111","Matching","friend","Friend","Close","742","0.742","1"
"995543684","self-matching","113","Matching","self","Self","Self","673","0.673","1"
"995543684","self-matching","115","Matching","self","Self","Self","709","0.709","1"
"995543684","self-matching","117","Nonmatching","self","Self","Self","494","0.494","1"
"995543684","self-matching","119","Nonmatching","friend","Friend","Close","483","0.483","0"
"995543684","self-matching","121","Nonmatching","self","Self","Self","552","0.552","0"
"995543684","self-matching","123","Nonmatching","self","Self","Self","491","0.491","1"
"995543684","self-matching","125","Nonmatching","friend","Friend","Close","611","0.611","1"
"995543684","self-matching","127","Matching","self","Self","Self","290","0.29","1"
"995543684","self-matching","129","Nonmatching","friend","Friend","Close","389","0.389","1"
"995543684","self-matching","131","Nonmatching","self","Self","Self","356","0.356","0"
"995543684","self-matching","133","Nonmatching","friend","Friend","Close","510","0.51","0"
"995543684","self-matching","135","Nonmatching","self","Self","Self","706","0.706","1"
"995543684","self-matching","137","Nonmatching","self","Self","Self","417","0.417","1"
"995543684","self-matching","139","Matching","self","Self","Self","305","0.305","1"
"995543684","self-matching","141","Nonmatching","self","Self","Self","516","0.516","1"
"995543684","self-matching","143","Matching","self","Self","Self","531","0.531","1"
"995543684","self-matching","145","Matching","friend","Friend","Close","597","0.597","1"
"995543684","self-matching","147","Nonmatching","self","Self","Self","495","0.495","1"
"995543684","self-matching","149","Nonmatching","friend","Friend","Close","760","0.76","1"
"995543684","self-matching","151","Nonmatching","friend","Friend","Close","499","0.499","1"
"995543684","self-matching","153","Nonmatching","friend","Friend","Close","434","0.434","1"
"995543684","self-matching","155","Nonmatching","self","Self","Self","447","0.447","0"
"995543684","self-matching","157","Matching","friend","Friend","Close","801","0.801","0"
"995543684","self-matching","159","Nonmatching","self","Self","Self","614","0.614","1"
"995543684","self-matching","161","Nonmatching","self","Self","Self","936","0.936","1"
"995543684","self-matching","163","Matching","self","Self","Self","449","0.449","1"
"995543684","self-matching","165","Matching","friend","Friend","Close","567","0.567","0"
"995543684","self-matching","167","Matching","friend","Friend","Close","477","0.477","1"
"995543684","self-matching","169","Matching","self","Self","Self","782","0.782","1"
"995543684","self-matching","171","Nonmatching","friend","Friend","Close","559","0.559","1"
"995543684","self-matching","173","Nonmatching","friend","Friend","Close","536","0.536","1"
"995543684","self-matching","175","Matching","self","Self","Self","500","0.5","0"
"995543684","self-matching","177","Nonmatching","friend","Friend","Close","1142","1.142","1"
"995543684","self-matching","179","Matching","friend","Friend","Close","968","0.968","1"
"995543684","self-matching","181","Matching","self","Self","Self","591","0.591","1"
"995543684","self-matching","183","Matching","self","Self","Self","641","0.641","1"
"995543684","self-matching","185","Matching","self","Self","Self","566","0.566","1"
"995543684","self-matching","187","Matching","friend","Friend","Close","581","0.581","0"
"995543684","self-matching","189","Matching","friend","Friend","Close","814","0.814","1"
"995543684","self-matching","191","Matching","self","Self","Self","501","0.501","1"
"995543684","self-matching","193","Nonmatching","friend","Friend","Close","1021","1.021","1"
"995543684","self-matching","195","Nonmatching","self","Self","Self","771","0.771","1"
"995543684","self-matching","197","Nonmatching","self","Self","Self","608","0.608","1"
"995543684","self-matching","199","Matching","self","Self","Self","520","0.52","1"
"995543684","self-matching","201","Matching","friend","Friend","Close","767","0.767","1"
"995543684","self-matching","203","Nonmatching","self","Self","Self","623","0.623","1"
"995543684","self-matching","205","Matching","friend","Friend","Close","811","0.811","1"
"995543684","self-matching","207","Matching","friend","Friend","Close","475","0.475","1"
"995543684","self-matching","209","Matching","friend","Friend","Close","248","0.248","1"
"995543684","self-matching","211","Nonmatching","friend","Friend","Close","907","0.907","1"
"995543684","self-matching","213","Nonmatching","self","Self","Self","666","0.666","1"
"995543684","self-matching","215","Matching","friend","Friend","Close","433","0.433","1"
"995543684","self-matching","217","Matching","self","Self","Self","652","0.652","1"
"995543684","self-matching","219","Nonmatching","friend","Friend","Close","722","0.722","1"
"995543684","self-matching","221","Matching","friend","Friend","Close","655","0.655","1"
"995543684","self-matching","223","Matching","self","Self","Self","767","0.767","1"
"995543684","self-matching","225","Matching","friend","Friend","Close","830","0.83","0"
"995543684","self-matching","227","Nonmatching","self","Self","Self","629","0.629","1"
"995543684","self-matching","229","Nonmatching","friend","Friend","Close","397","0.397","0"
"995543684","self-matching","231","Nonmatching","self","Self","Self","726","0.726","1"
"995543684","self-matching","233","Matching","friend","Friend","Close","485","0.485","1"
"995543684","self-matching","235","Matching","friend","Friend","Close","428","0.428","1"
"995543684","self-matching","237","Nonmatching","friend","Friend","Close","1186","1.186","1"
"995543684","self-matching","239","Nonmatching","friend","Friend","Close","886","0.886","1"
"995543687","self-matching","1","Nonmatching","self","Self","Self","962","0.962","1"
"995543687","self-matching","3","Matching","self","Self","Self","597","0.597","1"
"995543687","self-matching","5","Matching","friend","Friend","Close","1115","1.115","1"
"995543687","self-matching","7","Matching","self","Self","Self","710","0.71","1"
"995543687","self-matching","9","Nonmatching","friend","Friend","Close","811","0.811","1"
"995543687","self-matching","11","Nonmatching","self","Self","Self","953","0.953","1"
"995543687","self-matching","13","Matching","friend","Friend","Close","681","0.681","1"
"995543687","self-matching","15","Matching","self","Self","Self","618","0.618","1"
"995543687","self-matching","17","Nonmatching","self","Self","Self","598","0.598","1"
"995543687","self-matching","19","Nonmatching","friend","Friend","Close","915","0.915","1"
"995543687","self-matching","21","Nonmatching","friend","Friend","Close","793","0.793","1"
"995543687","self-matching","23","Nonmatching","self","Self","Self","777","0.777","1"
"995543687","self-matching","25","Matching","friend","Friend","Close","681","0.681","1"
"995543687","self-matching","27","Matching","friend","Friend","Close","804","0.804","0"
"995543687","self-matching","29","Matching","friend","Friend","Close","727","0.727","1"
"995543687","self-matching","31","Matching","friend","Friend","Close","531","0.531","1"
"995543687","self-matching","33","Nonmatching","friend","Friend","Close","588","0.588","1"
"995543687","self-matching","35","Matching","self","Self","Self","500","0.5","1"
"995543687","self-matching","37","Nonmatching","self","Self","Self","560","0.56","1"
"995543687","self-matching","39","Nonmatching","self","Self","Self","800","0.8","1"
"995543687","self-matching","41","Matching","friend","Friend","Close","663","0.663","1"
"995543687","self-matching","43","Nonmatching","friend","Friend","Close","1016","1.016","1"
"995543687","self-matching","45","Matching","self","Self","Self","507","0.507","1"
"995543687","self-matching","47","Nonmatching","self","Self","Self","735","0.735","1"
"995543687","self-matching","49","Matching","self","Self","Self","614","0.614","0"
"995543687","self-matching","51","Matching","friend","Friend","Close","516","0.516","1"
"995543687","self-matching","53","Matching","self","Self","Self","407","0.407","1"
"995543687","self-matching","55","Nonmatching","self","Self","Self","551","0.551","1"
"995543687","self-matching","57","Matching","self","Self","Self","444","0.444","1"
"995543687","self-matching","59","Matching","friend","Friend","Close","657","0.657","1"
"995543687","self-matching","61","Matching","friend","Friend","Close","510","0.51","1"
"995543687","self-matching","63","Nonmatching","friend","Friend","Close","792","0.792","0"
"995543687","self-matching","65","Matching","friend","Friend","Close","726","0.726","1"
"995543687","self-matching","67","Nonmatching","friend","Friend","Close","506","0.506","1"
"995543687","self-matching","69","Matching","self","Self","Self","504","0.504","1"
"995543687","self-matching","71","Nonmatching","friend","Friend","Close","684","0.684","1"
"995543687","self-matching","73","Matching","self","Self","Self","821","0.821","1"
"995543687","self-matching","75","Nonmatching","friend","Friend","Close","517","0.517","1"
"995543687","self-matching","77","Nonmatching","self","Self","Self","509","0.509","0"
"995543687","self-matching","79","Nonmatching","friend","Friend","Close","638","0.638","1"
"995543687","self-matching","83","Matching","self","Self","Self","1566","1.566","1"
"995543687","self-matching","85","Nonmatching","self","Self","Self","570","0.57","1"
"995543687","self-matching","89","Matching","self","Self","Self","755","0.755","1"
"995543687","self-matching","91","Nonmatching","self","Self","Self","584","0.584","1"
"995543687","self-matching","93","Matching","self","Self","Self","618","0.618","1"
"995543687","self-matching","95","Nonmatching","self","Self","Self","615","0.615","1"
"995543687","self-matching","97","Matching","self","Self","Self","675","0.675","1"
"995543687","self-matching","99","Matching","self","Self","Self","883","0.883","1"
"995543687","self-matching","101","Nonmatching","friend","Friend","Close","485","0.485","0"
"995543687","self-matching","103","Nonmatching","self","Self","Self","770","0.77","1"
"995543687","self-matching","105","Nonmatching","friend","Friend","Close","869","0.869","1"
"995543687","self-matching","107","Matching","self","Self","Self","645","0.645","1"
"995543687","self-matching","109","Matching","self","Self","Self","571","0.571","1"
"995543687","self-matching","111","Matching","self","Self","Self","579","0.579","1"
"995543687","self-matching","113","Nonmatching","friend","Friend","Close","835","0.835","1"
"995543687","self-matching","115","Nonmatching","self","Self","Self","445","0.445","0"
"995543687","self-matching","117","Nonmatching","friend","Friend","Close","666","0.666","0"
"995543687","self-matching","119","Matching","friend","Friend","Close","794","0.794","0"
"995543687","self-matching","121","Matching","self","Self","Self","618","0.618","1"
"995543687","self-matching","123","Nonmatching","friend","Friend","Close","583","0.583","1"
"995543687","self-matching","125","Nonmatching","self","Self","Self","626","0.626","1"
"995543687","self-matching","127","Nonmatching","friend","Friend","Close","1008","1.008","1"
"995543687","self-matching","129","Matching","friend","Friend","Close","582","0.582","1"
"995543687","self-matching","131","Matching","friend","Friend","Close","780","0.78","1"
"995543687","self-matching","133","Nonmatching","self","Self","Self","621","0.621","1"
"995543687","self-matching","135","Nonmatching","friend","Friend","Close","607","0.607","1"
"995543687","self-matching","137","Nonmatching","friend","Friend","Close","681","0.681","1"
"995543687","self-matching","139","Nonmatching","self","Self","Self","700","0.7","1"
"995543687","self-matching","141","Nonmatching","self","Self","Self","635","0.635","0"
"995543687","self-matching","143","Matching","friend","Friend","Close","790","0.79","1"
"995543687","self-matching","145","Nonmatching","self","Self","Self","550","0.55","1"
"995543687","self-matching","149","Matching","self","Self","Self","790","0.79","1"
"995543687","self-matching","151","Nonmatching","self","Self","Self","601","0.601","1"
"995543687","self-matching","153","Nonmatching","self","Self","Self","1036","1.036","1"
"995543687","self-matching","159","Matching","friend","Friend","Close","551","0.551","0"
"995543687","self-matching","161","Nonmatching","friend","Friend","Close","700","0.7","1"
"995543687","self-matching","163","Matching","friend","Friend","Close","544","0.544","1"
"995543687","self-matching","165","Matching","friend","Friend","Close","591","0.591","0"
"995543687","self-matching","169","Nonmatching","friend","Friend","Close","728","0.728","1"
"995543687","self-matching","171","Matching","self","Self","Self","499","0.499","1"
"995543687","self-matching","173","Nonmatching","self","Self","Self","727","0.727","1"
"995543687","self-matching","175","Nonmatching","self","Self","Self","785","0.785","1"
"995543687","self-matching","177","Nonmatching","friend","Friend","Close","860","0.86","1"
"995543687","self-matching","179","Nonmatching","self","Self","Self","667","0.667","1"
"995543687","self-matching","181","Matching","friend","Friend","Close","528","0.528","1"
"995543687","self-matching","183","Matching","self","Self","Self","547","0.547","1"
"995543687","self-matching","185","Matching","self","Self","Self","499","0.499","1"
"995543687","self-matching","187","Matching","self","Self","Self","353","0.353","1"
"995543687","self-matching","189","Nonmatching","friend","Friend","Close","524","0.524","1"
"995543687","self-matching","191","Nonmatching","friend","Friend","Close","480","0.48","1"
"995543687","self-matching","193","Matching","self","Self","Self","563","0.563","0"
"995543687","self-matching","195","Matching","self","Self","Self","382","0.382","1"
"995543687","self-matching","197","Nonmatching","self","Self","Self","400","0.4","0"
"995543687","self-matching","213","Matching","friend","Friend","Close","428","0.428","0"
"995543687","self-matching","215","Nonmatching","self","Self","Self","754","0.754","1"
"995543687","self-matching","217","Nonmatching","friend","Friend","Close","639","0.639","1"
"995543687","self-matching","219","Nonmatching","self","Self","Self","763","0.763","1"
"995543687","self-matching","221","Matching","friend","Friend","Close","377","0.377","0"
"995543687","self-matching","223","Matching","self","Self","Self","465","0.465","1"
"995543687","self-matching","225","Matching","friend","Friend","Close","576","0.576","1"
"995543687","self-matching","227","Matching","friend","Friend","Close","459","0.459","1"
"995543687","self-matching","229","Matching","friend","Friend","Close","628","0.628","1"
"995543687","self-matching","231","Nonmatching","friend","Friend","Close","492","0.492","1"
"995543687","self-matching","233","Nonmatching","friend","Friend","Close","635","0.635","0"
"995543687","self-matching","235","Matching","self","Self","Self","433","0.433","1"
"995543687","self-matching","237","Matching","friend","Friend","Close","545","0.545","1"
"995543687","self-matching","239","Nonmatching","friend","Friend","Close","486","0.486","1"
"995543688","self-matching","1","Nonmatching","friend","Friend","Close","1063","1.063","1"
"995543688","self-matching","3","Nonmatching","friend","Friend","Close","821","0.821","1"
"995543688","self-matching","5","Nonmatching","friend","Friend","Close","694","0.694","1"
"995543688","self-matching","7","Matching","friend","Friend","Close","961","0.961","1"
"995543688","self-matching","9","Nonmatching","self","Self","Self","655","0.655","1"
"995543688","self-matching","11","Nonmatching","self","Self","Self","898","0.898","1"
"995543688","self-matching","13","Matching","friend","Friend","Close","787","0.787","0"
"995543688","self-matching","15","Nonmatching","self","Self","Self","1298","1.298","0"
"995543688","self-matching","17","Matching","friend","Friend","Close","1072","1.072","1"
"995543688","self-matching","19","Matching","self","Self","Self","798","0.798","1"
"995543688","self-matching","21","Matching","self","Self","Self","546","0.546","1"
"995543688","self-matching","23","Matching","self","Self","Self","401","0.401","1"
"995543688","self-matching","25","Nonmatching","friend","Friend","Close","555","0.555","1"
"995543688","self-matching","27","Nonmatching","friend","Friend","Close","635","0.635","1"
"995543688","self-matching","29","Matching","friend","Friend","Close","744","0.744","1"
"995543688","self-matching","31","Nonmatching","friend","Friend","Close","676","0.676","1"
"995543688","self-matching","33","Nonmatching","self","Self","Self","824","0.824","1"
"995543688","self-matching","35","Matching","self","Self","Self","683","0.683","1"
"995543688","self-matching","37","Nonmatching","friend","Friend","Close","693","0.693","1"
"995543688","self-matching","39","Matching","self","Self","Self","652","0.652","1"
"995543688","self-matching","41","Matching","self","Self","Self","568","0.568","1"
"995543688","self-matching","43","Nonmatching","self","Self","Self","436","0.436","0"
"995543688","self-matching","45","Nonmatching","self","Self","Self","759","0.759","1"
"995543688","self-matching","47","Nonmatching","self","Self","Self","859","0.859","1"
"995543688","self-matching","49","Matching","friend","Friend","Close","956","0.956","1"
"995543688","self-matching","51","Matching","friend","Friend","Close","539","0.539","1"
"995543688","self-matching","53","Matching","friend","Friend","Close","492","0.492","1"
"995543688","self-matching","55","Matching","friend","Friend","Close","361","0.361","1"
"995543688","self-matching","57","Nonmatching","self","Self","Self","427","0.427","1"
"995543688","self-matching","59","Matching","self","Self","Self","533","0.533","1"
"995543688","self-matching","61","Matching","friend","Friend","Close","586","0.586","0"
"995543688","self-matching","63","Nonmatching","self","Self","Self","750","0.75","1"
"995543688","self-matching","65","Matching","friend","Friend","Close","515","0.515","1"
"995543688","self-matching","67","Nonmatching","friend","Friend","Close","736","0.736","0"
"995543688","self-matching","69","Matching","friend","Friend","Close","633","0.633","1"
"995543688","self-matching","71","Matching","self","Self","Self","476","0.476","1"
"995543688","self-matching","73","Nonmatching","friend","Friend","Close","653","0.653","0"
"995543688","self-matching","75","Matching","friend","Friend","Close","641","0.641","1"
"995543688","self-matching","77","Matching","friend","Friend","Close","920","0.92","1"
"995543688","self-matching","79","Nonmatching","self","Self","Self","630","0.63","1"
"995543688","self-matching","81","Matching","friend","Friend","Close","598","0.598","1"
"995543688","self-matching","83","Nonmatching","friend","Friend","Close","991","0.991","1"
"995543688","self-matching","85","Nonmatching","self","Self","Self","871","0.871","1"
"995543688","self-matching","87","Nonmatching","self","Self","Self","715","0.715","1"
"995543688","self-matching","89","Nonmatching","self","Self","Self","553","0.553","1"
"995543688","self-matching","91","Matching","self","Self","Self","589","0.589","1"
"995543688","self-matching","93","Nonmatching","self","Self","Self","692","0.692","1"
"995543688","self-matching","95","Matching","self","Self","Self","625","0.625","1"
"995543688","self-matching","97","Nonmatching","self","Self","Self","736","0.736","1"
"995543688","self-matching","99","Nonmatching","self","Self","Self","518","0.518","1"
"995543688","self-matching","101","Matching","self","Self","Self","572","0.572","1"
"995543688","self-matching","103","Nonmatching","friend","Friend","Close","649","0.649","1"
"995543688","self-matching","105","Matching","friend","Friend","Close","1191","1.191","0"
"995543688","self-matching","107","Matching","friend","Friend","Close","697","0.697","1"
"995543688","self-matching","109","Nonmatching","self","Self","Self","602","0.602","1"
"995543688","self-matching","111","Nonmatching","friend","Friend","Close","858","0.858","1"
"995543688","self-matching","113","Nonmatching","self","Self","Self","553","0.553","0"
"995543688","self-matching","115","Matching","self","Self","Self","402","0.402","1"
"995543688","self-matching","117","Matching","friend","Friend","Close","798","0.798","1"
"995543688","self-matching","119","Matching","self","Self","Self","847","0.847","1"
"995543688","self-matching","121","Nonmatching","friend","Friend","Close","694","0.694","1"
"995543688","self-matching","123","Nonmatching","friend","Friend","Close","634","0.634","1"
"995543688","self-matching","125","Matching","self","Self","Self","698","0.698","1"
"995543688","self-matching","127","Nonmatching","friend","Friend","Close","659","0.659","1"
"995543688","self-matching","129","Nonmatching","friend","Friend","Close","810","0.81","1"
"995543688","self-matching","131","Matching","self","Self","Self","647","0.647","1"
"995543688","self-matching","133","Matching","friend","Friend","Close","778","0.778","1"
"995543688","self-matching","135","Matching","friend","Friend","Close","480","0.48","1"
"995543688","self-matching","137","Matching","self","Self","Self","517","0.517","0"
"995543688","self-matching","139","Matching","friend","Friend","Close","634","0.634","1"
"995543688","self-matching","141","Matching","self","Self","Self","538","0.538","0"
"995543688","self-matching","143","Nonmatching","self","Self","Self","871","0.871","1"
"995543688","self-matching","145","Nonmatching","self","Self","Self","547","0.547","1"
"995543688","self-matching","147","Matching","self","Self","Self","507","0.507","1"
"995543688","self-matching","149","Matching","self","Self","Self","553","0.553","1"
"995543688","self-matching","151","Matching","friend","Friend","Close","505","0.505","1"
"995543688","self-matching","153","Nonmatching","friend","Friend","Close","392","0.392","0"
"995543688","self-matching","155","Matching","friend","Friend","Close","533","0.533","1"
"995543688","self-matching","157","Nonmatching","friend","Friend","Close","601","0.601","0"
"995543688","self-matching","159","Matching","friend","Friend","Close","523","0.523","1"
"995543688","self-matching","161","Matching","self","Self","Self","613","0.613","1"
"995543688","self-matching","163","Matching","friend","Friend","Close","582","0.582","1"
"995543688","self-matching","165","Nonmatching","friend","Friend","Close","669","0.669","1"
"995543688","self-matching","167","Nonmatching","friend","Friend","Close","697","0.697","1"
"995543688","self-matching","169","Nonmatching","self","Self","Self","638","0.638","1"
"995543688","self-matching","171","Nonmatching","friend","Friend","Close","623","0.623","1"
"995543688","self-matching","173","Matching","friend","Friend","Close","941","0.941","1"
"995543688","self-matching","175","Matching","self","Self","Self","402","0.402","1"
"995543688","self-matching","177","Matching","friend","Friend","Close","334","0.334","1"
"995543688","self-matching","179","Matching","friend","Friend","Close","321","0.321","1"
"995543688","self-matching","181","Nonmatching","friend","Friend","Close","431","0.431","0"
"995543688","self-matching","183","Nonmatching","friend","Friend","Close","708","0.708","1"
"995543688","self-matching","185","Nonmatching","self","Self","Self","795","0.795","1"
"995543688","self-matching","187","Nonmatching","self","Self","Self","862","0.862","1"
"995543688","self-matching","189","Matching","self","Self","Self","1024","1.024","1"
"995543688","self-matching","191","Nonmatching","friend","Friend","Close","543","0.543","0"
"995543688","self-matching","193","Matching","self","Self","Self","476","0.476","1"
"995543688","self-matching","195","Matching","self","Self","Self","602","0.602","1"
"995543688","self-matching","197","Matching","friend","Friend","Close","884","0.884","1"
"995543688","self-matching","199","Nonmatching","self","Self","Self","621","0.621","1"
"995543688","self-matching","201","Nonmatching","self","Self","Self","419","0.419","1"
"995543688","self-matching","203","Nonmatching","friend","Friend","Close","527","0.527","0"
"995543688","self-matching","205","Matching","friend","Friend","Close","770","0.77","0"
"995543688","self-matching","207","Nonmatching","friend","Friend","Close","662","0.662","1"
"995543688","self-matching","209","Matching","self","Self","Self","606","0.606","1"
"995543688","self-matching","211","Nonmatching","self","Self","Self","959","0.959","1"
"995543688","self-matching","213","Matching","self","Self","Self","627","0.627","1"
"995543688","self-matching","215","Nonmatching","friend","Friend","Close","775","0.775","1"
"995543688","self-matching","217","Matching","friend","Friend","Close","566","0.566","1"
"995543688","self-matching","219","Nonmatching","friend","Friend","Close","724","0.724","1"
"995543688","self-matching","221","Nonmatching","friend","Friend","Close","592","0.592","0"
"995543688","self-matching","223","Nonmatching","self","Self","Self","661","0.661","1"
"995543688","self-matching","225","Matching","self","Self","Self","541","0.541","1"
"995543688","self-matching","227","Matching","self","Self","Self","750","0.75","1"
"995543688","self-matching","229","Nonmatching","friend","Friend","Close","706","0.706","1"
"995543688","self-matching","231","Matching","self","Self","Self","540","0.54","1"
"995543688","self-matching","233","Nonmatching","self","Self","Self","850","0.85","1"
"995543688","self-matching","235","Matching","self","Self","Self","637","0.637","1"
"995543688","self-matching","237","Nonmatching","self","Self","Self","471","0.471","1"
"995543688","self-matching","239","Nonmatching","self","Self","Self","777","0.777","1"
"995543689","self-matching","1","Nonmatching","self","Self","Self","978","0.978","1"
"995543689","self-matching","3","Nonmatching","self","Self","Self","1099","1.099","1"
"995543689","self-matching","7","Matching","friend","Friend","Close","605","0.605","1"
"995543689","self-matching","9","Nonmatching","self","Self","Self","985","0.985","0"
"995543689","self-matching","11","Matching","self","Self","Self","418","0.418","1"
"995543689","self-matching","13","Nonmatching","friend","Friend","Close","746","0.746","1"
"995543689","self-matching","15","Nonmatching","friend","Friend","Close","1483","1.483","1"
"995543689","self-matching","19","Matching","self","Self","Self","1049","1.049","1"
"995543689","self-matching","21","Nonmatching","self","Self","Self","735","0.735","1"
"995543689","self-matching","23","Nonmatching","friend","Friend","Close","455","0.455","0"
"995543689","self-matching","25","Matching","friend","Friend","Close","1189","1.189","1"
"995543689","self-matching","27","Matching","self","Self","Self","683","0.683","1"
"995543689","self-matching","29","Nonmatching","friend","Friend","Close","590","0.59","0"
"995543689","self-matching","31","Nonmatching","friend","Friend","Close","613","0.613","1"
"995543689","self-matching","33","Nonmatching","self","Self","Self","712","0.712","1"
"995543689","self-matching","35","Matching","friend","Friend","Close","957","0.957","1"
"995543689","self-matching","37","Nonmatching","friend","Friend","Close","827","0.827","1"
"995543689","self-matching","39","Matching","friend","Friend","Close","1009","1.009","0"
"995543689","self-matching","41","Matching","friend","Friend","Close","492","0.492","0"
"995543689","self-matching","43","Matching","friend","Friend","Close","441","0.441","1"
"995543689","self-matching","45","Nonmatching","self","Self","Self","573","0.573","1"
"995543689","self-matching","47","Matching","self","Self","Self","339","0.339","1"
"995543689","self-matching","49","Matching","friend","Friend","Close","750","0.75","1"
"995543689","self-matching","51","Matching","friend","Friend","Close","611","0.611","1"
"995543689","self-matching","53","Nonmatching","self","Self","Self","698","0.698","1"
"995543689","self-matching","55","Matching","self","Self","Self","283","0.283","1"
"995543689","self-matching","57","Nonmatching","friend","Friend","Close","549","0.549","0"
"995543689","self-matching","59","Nonmatching","self","Self","Self","435","0.435","0"
"995543689","self-matching","61","Matching","self","Self","Self","563","0.563","1"
"995543689","self-matching","63","Nonmatching","self","Self","Self","595","0.595","1"
"995543689","self-matching","65","Nonmatching","self","Self","Self","587","0.587","1"
"995543689","self-matching","67","Matching","self","Self","Self","649","0.649","1"
"995543689","self-matching","69","Matching","self","Self","Self","913","0.913","0"
"995543689","self-matching","71","Nonmatching","self","Self","Self","312","0.312","0"
"995543689","self-matching","73","Nonmatching","friend","Friend","Close","1032","1.032","1"
"995543689","self-matching","75","Nonmatching","self","Self","Self","942","0.942","1"
"995543689","self-matching","77","Nonmatching","self","Self","Self","997","0.997","1"
"995543689","self-matching","79","Matching","self","Self","Self","1047","1.047","0"
"995543689","self-matching","81","Matching","friend","Friend","Close","850","0.85","1"
"995543689","self-matching","83","Nonmatching","friend","Friend","Close","586","0.586","1"
"995543689","self-matching","85","Nonmatching","friend","Friend","Close","1236","1.236","1"
"995543689","self-matching","87","Matching","friend","Friend","Close","662","0.662","1"
"995543689","self-matching","89","Matching","friend","Friend","Close","554","0.554","1"
"995543689","self-matching","91","Nonmatching","self","Self","Self","683","0.683","1"
"995543689","self-matching","93","Nonmatching","self","Self","Self","730","0.73","0"
"995543689","self-matching","95","Matching","self","Self","Self","445","0.445","1"
"995543689","self-matching","97","Nonmatching","self","Self","Self","614","0.614","1"
"995543689","self-matching","99","Nonmatching","friend","Friend","Close","819","0.819","1"
"995543689","self-matching","101","Matching","self","Self","Self","701","0.701","1"
"995543689","self-matching","103","Matching","self","Self","Self","739","0.739","1"
"995543689","self-matching","105","Matching","friend","Friend","Close","613","0.613","0"
"995543689","self-matching","107","Matching","self","Self","Self","470","0.47","1"
"995543689","self-matching","109","Nonmatching","friend","Friend","Close","711","0.711","1"
"995543689","self-matching","111","Matching","self","Self","Self","807","0.807","0"
"995543689","self-matching","113","Matching","self","Self","Self","865","0.865","1"
"995543689","self-matching","115","Nonmatching","friend","Friend","Close","1024","1.024","1"
"995543689","self-matching","117","Matching","self","Self","Self","1132","1.132","0"
"995543689","self-matching","119","Nonmatching","self","Self","Self","760","0.76","1"
"995543689","self-matching","121","Matching","self","Self","Self","568","0.568","1"
"995543689","self-matching","123","Nonmatching","self","Self","Self","1004","1.004","1"
"995543689","self-matching","125","Nonmatching","friend","Friend","Close","608","0.608","0"
"995543689","self-matching","127","Matching","self","Self","Self","699","0.699","1"
"995543689","self-matching","129","Nonmatching","friend","Friend","Close","594","0.594","1"
"995543689","self-matching","131","Nonmatching","self","Self","Self","735","0.735","0"
"995543689","self-matching","133","Nonmatching","friend","Friend","Close","474","0.474","0"
"995543689","self-matching","135","Matching","self","Self","Self","419","0.419","1"
"995543689","self-matching","137","Nonmatching","self","Self","Self","484","0.484","1"
"995543689","self-matching","139","Matching","self","Self","Self","422","0.422","1"
"995543689","self-matching","141","Nonmatching","self","Self","Self","601","0.601","1"
"995543689","self-matching","143","Matching","friend","Friend","Close","997","0.997","0"
"995543689","self-matching","145","Nonmatching","self","Self","Self","600","0.6","0"
"995543689","self-matching","147","Nonmatching","self","Self","Self","800","0.8","1"
"995543689","self-matching","149","Nonmatching","friend","Friend","Close","825","0.825","0"
"995543689","self-matching","151","Matching","friend","Friend","Close","696","0.696","1"
"995543689","self-matching","155","Nonmatching","friend","Friend","Close","1057","1.057","1"
"995543689","self-matching","157","Nonmatching","friend","Friend","Close","1022","1.022","1"
"995543689","self-matching","159","Matching","friend","Friend","Close","510","0.51","0"
"995543689","self-matching","161","Nonmatching","self","Self","Self","571","0.571","0"
"995543689","self-matching","163","Matching","self","Self","Self","232","0.232","1"
"995543689","self-matching","165","Nonmatching","self","Self","Self","1002","1.002","1"
"995543689","self-matching","167","Matching","self","Self","Self","379","0.379","1"
"995543689","self-matching","169","Matching","friend","Friend","Close","702","0.702","1"
"995543689","self-matching","171","Matching","friend","Friend","Close","659","0.659","1"
"995543689","self-matching","173","Matching","friend","Friend","Close","611","0.611","1"
"995543689","self-matching","175","Nonmatching","friend","Friend","Close","269","0.269","0"
"995543689","self-matching","177","Matching","self","Self","Self","281","0.281","1"
"995543689","self-matching","179","Nonmatching","friend","Friend","Close","758","0.758","1"
"995543689","self-matching","181","Nonmatching","self","Self","Self","557","0.557","1"
"995543689","self-matching","183","Nonmatching","friend","Friend","Close","376","0.376","0"
"995543689","self-matching","185","Nonmatching","friend","Friend","Close","736","0.736","1"
"995543689","self-matching","189","Matching","friend","Friend","Close","762","0.762","1"
"995543689","self-matching","191","Matching","friend","Friend","Close","434","0.434","1"
"995543689","self-matching","193","Matching","friend","Friend","Close","441","0.441","1"
"995543689","self-matching","195","Matching","friend","Friend","Close","258","0.258","1"
"995543689","self-matching","197","Matching","friend","Friend","Close","276","0.276","1"
"995543689","self-matching","199","Matching","friend","Friend","Close","292","0.292","1"
"995543689","self-matching","201","Nonmatching","self","Self","Self","550","0.55","1"
"995543689","self-matching","203","Nonmatching","friend","Friend","Close","1042","1.042","1"
"995543689","self-matching","205","Nonmatching","friend","Friend","Close","697","0.697","1"
"995543689","self-matching","207","Nonmatching","self","Self","Self","547","0.547","0"
"995543689","self-matching","209","Matching","self","Self","Self","798","0.798","1"
"995543689","self-matching","211","Matching","friend","Friend","Close","1003","1.003","1"
"995543689","self-matching","213","Nonmatching","friend","Friend","Close","550","0.55","1"
"995543689","self-matching","215","Nonmatching","self","Self","Self","925","0.925","1"
"995543689","self-matching","217","Matching","friend","Friend","Close","553","0.553","0"
"995543689","self-matching","219","Matching","self","Self","Self","384","0.384","1"
"995543689","self-matching","221","Nonmatching","friend","Friend","Close","556","0.556","1"
"995543689","self-matching","223","Matching","self","Self","Self","598","0.598","1"
"995543689","self-matching","225","Matching","self","Self","Self","526","0.526","1"
"995543689","self-matching","227","Matching","self","Self","Self","546","0.546","1"
"995543689","self-matching","229","Nonmatching","friend","Friend","Close","552","0.552","1"
"995543689","self-matching","231","Nonmatching","self","Self","Self","729","0.729","1"
"995543689","self-matching","233","Matching","friend","Friend","Close","562","0.562","1"
"995543689","self-matching","235","Nonmatching","friend","Friend","Close","1498","1.498","1"
"995543689","self-matching","237","Nonmatching","friend","Friend","Close","795","0.795","1"
"995543689","self-matching","239","Matching","self","Self","Self","458","0.458","1"
"995543692","self-matching","1","Matching","friend","Friend","Close","489","0.489","0"
"995543692","self-matching","3","Nonmatching","self","Self","Self","817","0.817","1"
"995543692","self-matching","5","Matching","self","Self","Self","508","0.508","1"
"995543692","self-matching","7","Nonmatching","self","Self","Self","426","0.426","0"
"995543692","self-matching","9","Nonmatching","friend","Friend","Close","750","0.75","1"
"995543692","self-matching","11","Nonmatching","self","Self","Self","769","0.769","1"
"995543692","self-matching","13","Matching","friend","Friend","Close","995","0.995","1"
"995543692","self-matching","15","Nonmatching","self","Self","Self","699","0.699","1"
"995543692","self-matching","17","Nonmatching","self","Self","Self","573","0.573","1"
"995543692","self-matching","19","Nonmatching","self","Self","Self","526","0.526","1"
"995543692","self-matching","21","Matching","friend","Friend","Close","978","0.978","1"
"995543692","self-matching","23","Matching","self","Self","Self","640","0.64","1"
"995543692","self-matching","25","Matching","friend","Friend","Close","858","0.858","1"
"995543692","self-matching","27","Matching","friend","Friend","Close","1224","1.224","1"
"995543692","self-matching","29","Nonmatching","self","Self","Self","518","0.518","1"
"995543692","self-matching","31","Nonmatching","self","Self","Self","614","0.614","1"
"995543692","self-matching","33","Matching","friend","Friend","Close","653","0.653","1"
"995543692","self-matching","35","Nonmatching","friend","Friend","Close","561","0.561","1"
"995543692","self-matching","37","Matching","friend","Friend","Close","952","0.952","1"
"995543692","self-matching","39","Matching","friend","Friend","Close","672","0.672","1"
"995543692","self-matching","41","Nonmatching","friend","Friend","Close","493","0.493","1"
"995543692","self-matching","43","Matching","self","Self","Self","436","0.436","1"
"995543692","self-matching","45","Nonmatching","self","Self","Self","513","0.513","1"
"995543692","self-matching","47","Matching","friend","Friend","Close","874","0.874","1"
"995543692","self-matching","49","Matching","friend","Friend","Close","600","0.6","1"
"995543692","self-matching","51","Nonmatching","friend","Friend","Close","747","0.747","1"
"995543692","self-matching","53","Nonmatching","friend","Friend","Close","748","0.748","1"
"995543692","self-matching","55","Matching","friend","Friend","Close","406","0.406","0"
"995543692","self-matching","57","Matching","friend","Friend","Close","680","0.68","0"
"995543692","self-matching","59","Matching","self","Self","Self","643","0.643","1"
"995543692","self-matching","61","Nonmatching","friend","Friend","Close","983","0.983","1"
"995543692","self-matching","63","Matching","friend","Friend","Close","699","0.699","1"
"995543692","self-matching","65","Nonmatching","self","Self","Self","1100","1.1","1"
"995543692","self-matching","67","Matching","self","Self","Self","472","0.472","1"
"995543692","self-matching","69","Matching","friend","Friend","Close","1555","1.555","0"
"995543692","self-matching","71","Nonmatching","self","Self","Self","712","0.712","1"
"995543692","self-matching","73","Matching","self","Self","Self","492","0.492","1"
"995543692","self-matching","75","Nonmatching","self","Self","Self","535","0.535","1"
"995543692","self-matching","77","Nonmatching","self","Self","Self","715","0.715","1"
"995543692","self-matching","79","Matching","friend","Friend","Close","463","0.463","1"
"995543692","self-matching","81","Nonmatching","friend","Friend","Close","690","0.69","1"
"995543692","self-matching","83","Nonmatching","self","Self","Self","938","0.938","1"
"995543692","self-matching","85","Nonmatching","friend","Friend","Close","767","0.767","1"
"995543692","self-matching","87","Nonmatching","friend","Friend","Close","449","0.449","1"
"995543692","self-matching","89","Nonmatching","self","Self","Self","737","0.737","1"
"995543692","self-matching","91","Matching","friend","Friend","Close","934","0.934","1"
"995543692","self-matching","93","Matching","self","Self","Self","384","0.384","1"
"995543692","self-matching","95","Nonmatching","self","Self","Self","448","0.448","1"
"995543692","self-matching","97","Matching","self","Self","Self","482","0.482","1"
"995543692","self-matching","99","Nonmatching","friend","Friend","Close","500","0.5","1"
"995543692","self-matching","101","Nonmatching","self","Self","Self","614","0.614","1"
"995543692","self-matching","103","Nonmatching","friend","Friend","Close","546","0.546","0"
"995543692","self-matching","105","Matching","self","Self","Self","886","0.886","1"
"995543692","self-matching","107","Matching","self","Self","Self","717","0.717","1"
"995543692","self-matching","109","Matching","self","Self","Self","469","0.469","1"
"995543692","self-matching","111","Nonmatching","friend","Friend","Close","440","0.44","0"
"995543692","self-matching","113","Nonmatching","friend","Friend","Close","569","0.569","1"
"995543692","self-matching","115","Nonmatching","friend","Friend","Close","390","0.39","1"
"995543692","self-matching","117","Matching","friend","Friend","Close","761","0.761","1"
"995543692","self-matching","119","Matching","self","Self","Self","833","0.833","1"
"995543692","self-matching","121","Nonmatching","friend","Friend","Close","615","0.615","1"
"995543692","self-matching","123","Matching","self","Self","Self","695","0.695","1"
"995543692","self-matching","125","Nonmatching","friend","Friend","Close","465","0.465","0"
"995543692","self-matching","127","Nonmatching","self","Self","Self","562","0.562","0"
"995543692","self-matching","129","Matching","self","Self","Self","504","0.504","1"
"995543692","self-matching","131","Matching","self","Self","Self","1038","1.038","1"
"995543692","self-matching","133","Matching","friend","Friend","Close","725","0.725","1"
"995543692","self-matching","135","Nonmatching","friend","Friend","Close","576","0.576","1"
"995543692","self-matching","137","Matching","self","Self","Self","517","0.517","1"
"995543692","self-matching","139","Nonmatching","friend","Friend","Close","689","0.689","1"
"995543692","self-matching","141","Nonmatching","self","Self","Self","742","0.742","1"
"995543692","self-matching","143","Matching","self","Self","Self","495","0.495","1"
"995543692","self-matching","145","Nonmatching","self","Self","Self","549","0.549","1"
"995543692","self-matching","147","Nonmatching","friend","Friend","Close","543","0.543","0"
"995543692","self-matching","149","Matching","friend","Friend","Close","826","0.826","1"
"995543692","self-matching","151","Nonmatching","friend","Friend","Close","475","0.475","1"
"995543692","self-matching","153","Matching","friend","Friend","Close","714","0.714","1"
"995543692","self-matching","155","Nonmatching","self","Self","Self","694","0.694","1"
"995543692","self-matching","157","Nonmatching","friend","Friend","Close","775","0.775","1"
"995543692","self-matching","159","Nonmatching","friend","Friend","Close","716","0.716","1"
"995543692","self-matching","161","Matching","self","Self","Self","439","0.439","1"
"995543692","self-matching","163","Nonmatching","friend","Friend","Close","750","0.75","1"
"995543692","self-matching","165","Matching","self","Self","Self","519","0.519","1"
"995543692","self-matching","167","Matching","self","Self","Self","1347","1.347","1"
"995543692","self-matching","169","Matching","friend","Friend","Close","637","0.637","1"
"995543692","self-matching","171","Nonmatching","self","Self","Self","664","0.664","1"
"995543692","self-matching","173","Matching","friend","Friend","Close","703","0.703","1"
"995543692","self-matching","175","Matching","self","Self","Self","735","0.735","1"
"995543692","self-matching","177","Matching","friend","Friend","Close","555","0.555","1"
"995543692","self-matching","179","Nonmatching","friend","Friend","Close","296","0.296","1"
"995543692","self-matching","181","Nonmatching","friend","Friend","Close","481","0.481","0"
"995543692","self-matching","183","Nonmatching","self","Self","Self","782","0.782","1"
"995543692","self-matching","185","Nonmatching","friend","Friend","Close","850","0.85","1"
"995543692","self-matching","187","Nonmatching","self","Self","Self","534","0.534","1"
"995543692","self-matching","189","Nonmatching","friend","Friend","Close","685","0.685","1"
"995543692","self-matching","191","Nonmatching","self","Self","Self","522","0.522","0"
"995543692","self-matching","193","Nonmatching","self","Self","Self","678","0.678","1"
"995543692","self-matching","195","Matching","self","Self","Self","566","0.566","1"
"995543692","self-matching","197","Matching","friend","Friend","Close","963","0.963","1"
"995543692","self-matching","199","Nonmatching","friend","Friend","Close","567","0.567","1"
"995543692","self-matching","201","Nonmatching","self","Self","Self","1127","1.127","1"
"995543692","self-matching","203","Nonmatching","friend","Friend","Close","589","0.589","0"
"995543692","self-matching","205","Matching","friend","Friend","Close","1109","1.109","1"
"995543692","self-matching","207","Matching","friend","Friend","Close","702","0.702","1"
"995543692","self-matching","209","Matching","self","Self","Self","652","0.652","1"
"995543692","self-matching","211","Matching","self","Self","Self","791","0.791","1"
"995543692","self-matching","213","Matching","friend","Friend","Close","606","0.606","1"
"995543692","self-matching","215","Matching","self","Self","Self","485","0.485","1"
"995543692","self-matching","217","Matching","self","Self","Self","680","0.68","1"
"995543692","self-matching","219","Nonmatching","self","Self","Self","721","0.721","1"
"995543692","self-matching","221","Nonmatching","friend","Friend","Close","471","0.471","0"
"995543692","self-matching","223","Matching","self","Self","Self","496","0.496","1"
"995543692","self-matching","225","Matching","self","Self","Self","515","0.515","1"
"995543692","self-matching","227","Matching","friend","Friend","Close","729","0.729","1"
"995543692","self-matching","229","Matching","self","Self","Self","774","0.774","1"
"995543692","self-matching","231","Nonmatching","self","Self","Self","946","0.946","1"
"995543692","self-matching","233","Matching","friend","Friend","Close","461","0.461","1"
"995543692","self-matching","235","Nonmatching","self","Self","Self","868","0.868","1"
"995543692","self-matching","237","Matching","self","Self","Self","349","0.349","1"
"995543692","self-matching","239","Matching","friend","Friend","Close","711","0.711","1"
"995543694","self-matching","1","Nonmatching","friend","Friend","Close","656","0.656","1"
"995543694","self-matching","3","Nonmatching","friend","Friend","Close","822","0.822","1"
"995543694","self-matching","5","Matching","self","Self","Self","834","0.834","0"
"995543694","self-matching","7","Matching","friend","Friend","Close","983","0.983","1"
"995543694","self-matching","9","Matching","friend","Friend","Close","757","0.757","1"
"995543694","self-matching","11","Matching","self","Self","Self","661","0.661","0"
"995543694","self-matching","13","Nonmatching","friend","Friend","Close","1055","1.055","1"
"995543694","self-matching","15","Matching","self","Self","Self","698","0.698","1"
"995543694","self-matching","17","Matching","self","Self","Self","1069","1.069","1"
"995543694","self-matching","19","Matching","self","Self","Self","500","0.5","1"
"995543694","self-matching","21","Matching","friend","Friend","Close","747","0.747","0"
"995543694","self-matching","23","Nonmatching","friend","Friend","Close","1354","1.354","1"
"995543694","self-matching","25","Matching","self","Self","Self","675","0.675","1"
"995543694","self-matching","27","Matching","self","Self","Self","1157","1.157","0"
"995543694","self-matching","29","Nonmatching","friend","Friend","Close","1168","1.168","1"
"995543694","self-matching","31","Matching","self","Self","Self","768","0.768","1"
"995543694","self-matching","33","Nonmatching","self","Self","Self","509","0.509","0"
"995543694","self-matching","35","Nonmatching","self","Self","Self","377","0.377","0"
"995543694","self-matching","37","Nonmatching","self","Self","Self","456","0.456","1"
"995543694","self-matching","39","Nonmatching","self","Self","Self","583","0.583","1"
"995543694","self-matching","41","Matching","friend","Friend","Close","1089","1.089","1"
"995543694","self-matching","43","Nonmatching","self","Self","Self","849","0.849","1"
"995543694","self-matching","45","Nonmatching","friend","Friend","Close","948","0.948","1"
"995543694","self-matching","47","Nonmatching","friend","Friend","Close","518","0.518","1"
"995543694","self-matching","49","Nonmatching","friend","Friend","Close","306","0.306","1"
"995543694","self-matching","51","Nonmatching","friend","Friend","Close","504","0.504","1"
"995543694","self-matching","53","Nonmatching","friend","Friend","Close","468","0.468","1"
"995543694","self-matching","55","Nonmatching","friend","Friend","Close","605","0.605","1"
"995543694","self-matching","57","Nonmatching","friend","Friend","Close","522","0.522","1"
"995543694","self-matching","59","Matching","friend","Friend","Close","892","0.892","1"
"995543694","self-matching","61","Nonmatching","self","Self","Self","1293","1.293","0"
"995543694","self-matching","63","Nonmatching","friend","Friend","Close","1202","1.202","0"
"995543694","self-matching","65","Matching","friend","Friend","Close","1128","1.128","1"
"995543694","self-matching","67","Matching","self","Self","Self","989","0.989","0"
"995543694","self-matching","69","Matching","self","Self","Self","1120","1.12","1"
"995543694","self-matching","71","Nonmatching","self","Self","Self","911","0.911","1"
"995543694","self-matching","73","Nonmatching","self","Self","Self","1165","1.165","1"
"995543694","self-matching","75","Nonmatching","friend","Friend","Close","1247","1.247","1"
"995543694","self-matching","77","Nonmatching","self","Self","Self","1090","1.09","1"
"995543694","self-matching","79","Matching","self","Self","Self","839","0.839","1"
"995543694","self-matching","81","Nonmatching","self","Self","Self","1012","1.012","1"
"995543694","self-matching","83","Matching","self","Self","Self","1405","1.405","1"
"995543694","self-matching","85","Matching","self","Self","Self","994","0.994","1"
"995543694","self-matching","87","Matching","friend","Friend","Close","805","0.805","0"
"995543694","self-matching","89","Matching","self","Self","Self","1160","1.16","1"
"995543694","self-matching","91","Matching","self","Self","Self","487","0.487","1"
"995543694","self-matching","93","Nonmatching","friend","Friend","Close","542","0.542","0"
"995543694","self-matching","95","Matching","friend","Friend","Close","1002","1.002","0"
"995543694","self-matching","97","Matching","friend","Friend","Close","1021","1.021","1"
"995543694","self-matching","99","Nonmatching","self","Self","Self","1109","1.109","1"
"995543694","self-matching","101","Matching","self","Self","Self","988","0.988","1"
"995543694","self-matching","103","Nonmatching","friend","Friend","Close","1136","1.136","1"
"995543694","self-matching","105","Matching","self","Self","Self","714","0.714","1"
"995543694","self-matching","107","Matching","self","Self","Self","810","0.81","1"
"995543694","self-matching","109","Nonmatching","self","Self","Self","507","0.507","0"
"995543694","self-matching","111","Matching","self","Self","Self","760","0.76","0"
"995543694","self-matching","113","Nonmatching","self","Self","Self","1159","1.159","1"
"995543694","self-matching","115","Nonmatching","friend","Friend","Close","984","0.984","1"
"995543694","self-matching","117","Nonmatching","friend","Friend","Close","281","0.281","1"
"995543694","self-matching","119","Matching","friend","Friend","Close","766","0.766","1"
"995543694","self-matching","121","Matching","friend","Friend","Close","1186","1.186","0"
"995543694","self-matching","123","Nonmatching","friend","Friend","Close","1249","1.249","0"
"995543694","self-matching","125","Nonmatching","friend","Friend","Close","864","0.864","0"
"995543694","self-matching","127","Matching","friend","Friend","Close","1253","1.253","1"
"995543694","self-matching","129","Matching","self","Self","Self","1091","1.091","1"
"995543694","self-matching","131","Nonmatching","friend","Friend","Close","875","0.875","1"
"995543694","self-matching","133","Nonmatching","friend","Friend","Close","940","0.94","1"
"995543694","self-matching","135","Nonmatching","friend","Friend","Close","669","0.669","1"
"995543694","self-matching","137","Matching","friend","Friend","Close","669","0.669","1"
"995543694","self-matching","139","Nonmatching","friend","Friend","Close","1194","1.194","1"
"995543694","self-matching","141","Matching","self","Self","Self","679","0.679","1"
"995543694","self-matching","143","Nonmatching","self","Self","Self","1159","1.159","1"
"995543694","self-matching","145","Matching","friend","Friend","Close","968","0.968","1"
"995543694","self-matching","147","Nonmatching","friend","Friend","Close","979","0.979","1"
"995543694","self-matching","149","Matching","self","Self","Self","983","0.983","0"
"995543694","self-matching","151","Nonmatching","self","Self","Self","1034","1.034","0"
"995543694","self-matching","153","Nonmatching","friend","Friend","Close","957","0.957","1"
"995543694","self-matching","155","Matching","self","Self","Self","544","0.544","0"
"995543694","self-matching","157","Nonmatching","friend","Friend","Close","698","0.698","0"
"995543694","self-matching","159","Matching","friend","Friend","Close","722","0.722","0"
"995543694","self-matching","161","Matching","friend","Friend","Close","550","0.55","0"
"995543694","self-matching","163","Matching","friend","Friend","Close","627","0.627","1"
"995543694","self-matching","165","Nonmatching","self","Self","Self","904","0.904","1"
"995543694","self-matching","167","Nonmatching","self","Self","Self","773","0.773","0"
"995543694","self-matching","169","Nonmatching","self","Self","Self","910","0.91","1"
"995543694","self-matching","171","Matching","friend","Friend","Close","882","0.882","1"
"995543694","self-matching","173","Matching","self","Self","Self","606","0.606","1"
"995543694","self-matching","175","Matching","friend","Friend","Close","706","0.706","0"
"995543694","self-matching","177","Matching","friend","Friend","Close","789","0.789","1"
"995543694","self-matching","179","Nonmatching","self","Self","Self","489","0.489","0"
"995543694","self-matching","181","Matching","friend","Friend","Close","780","0.78","0"
"995543694","self-matching","183","Nonmatching","self","Self","Self","1472","1.472","0"
"995543694","self-matching","185","Nonmatching","self","Self","Self","1087","1.087","1"
"995543694","self-matching","187","Nonmatching","friend","Friend","Close","710","0.71","0"
"995543694","self-matching","189","Matching","friend","Friend","Close","1158","1.158","0"
"995543694","self-matching","191","Matching","self","Self","Self","746","0.746","0"
"995543694","self-matching","193","Nonmatching","self","Self","Self","952","0.952","1"
"995543694","self-matching","195","Matching","self","Self","Self","936","0.936","1"
"995543694","self-matching","197","Nonmatching","self","Self","Self","492","0.492","0"
"995543694","self-matching","199","Nonmatching","friend","Friend","Close","1142","1.142","0"
"995543694","self-matching","201","Matching","friend","Friend","Close","1385","1.385","0"
"995543694","self-matching","205","Nonmatching","self","Self","Self","1347","1.347","0"
"995543694","self-matching","207","Matching","friend","Friend","Close","978","0.978","1"
"995543694","self-matching","209","Nonmatching","self","Self","Self","993","0.993","0"
"995543694","self-matching","211","Nonmatching","self","Self","Self","450","0.45","0"
"995543694","self-matching","213","Matching","friend","Friend","Close","1251","1.251","1"
"995543694","self-matching","215","Nonmatching","self","Self","Self","995","0.995","1"
"995543694","self-matching","217","Nonmatching","self","Self","Self","917","0.917","1"
"995543694","self-matching","219","Nonmatching","friend","Friend","Close","888","0.888","1"
"995543694","self-matching","221","Matching","self","Self","Self","1067","1.067","1"
"995543694","self-matching","223","Matching","friend","Friend","Close","792","0.792","1"
"995543694","self-matching","225","Matching","self","Self","Self","754","0.754","1"
"995543694","self-matching","227","Nonmatching","self","Self","Self","684","0.684","1"
"995543694","self-matching","229","Matching","self","Self","Self","640","0.64","1"
"995543694","self-matching","231","Matching","friend","Friend","Close","622","0.622","0"
"995543694","self-matching","233","Matching","friend","Friend","Close","585","0.585","1"
"995543694","self-matching","235","Matching","self","Self","Self","905","0.905","1"
"995543694","self-matching","237","Matching","friend","Friend","Close","822","0.822","1"
"995543694","self-matching","239","Matching","friend","Friend","Close","669","0.669","1"
"995543697","self-matching","21","Matching","self","Self","Self","727","0.727","1"
"995543697","self-matching","23","Matching","friend","Friend","Close","531","0.531","0"
"995543697","self-matching","29","Matching","friend","Friend","Close","497","0.497","1"
"995543697","self-matching","31","Nonmatching","self","Self","Self","431","0.431","0"
"995543697","self-matching","33","Nonmatching","self","Self","Self","576","0.576","0"
"995543697","self-matching","35","Nonmatching","self","Self","Self","546","0.546","1"
"995543697","self-matching","37","Matching","self","Self","Self","260","0.26","0"
"995543697","self-matching","41","Nonmatching","friend","Friend","Close","389","0.389","1"
"995543697","self-matching","43","Matching","friend","Friend","Close","471","0.471","1"
"995543697","self-matching","45","Nonmatching","self","Self","Self","605","0.605","1"
"995543697","self-matching","47","Nonmatching","self","Self","Self","349","0.349","1"
"995543697","self-matching","49","Nonmatching","self","Self","Self","402","0.402","1"
"995543697","self-matching","51","Matching","friend","Friend","Close","320","0.32","0"
"995543697","self-matching","53","Nonmatching","self","Self","Self","579","0.579","1"
"995543697","self-matching","55","Nonmatching","friend","Friend","Close","237","0.237","0"
"995543697","self-matching","57","Matching","friend","Friend","Close","606","0.606","0"
"995543697","self-matching","59","Matching","self","Self","Self","228","0.228","1"
"995543697","self-matching","61","Nonmatching","self","Self","Self","644","0.644","1"
"995543697","self-matching","63","Nonmatching","friend","Friend","Close","617","0.617","0"
"995543697","self-matching","65","Nonmatching","friend","Friend","Close","711","0.711","0"
"995543697","self-matching","67","Matching","friend","Friend","Close","853","0.853","0"
"995543697","self-matching","69","Matching","self","Self","Self","645","0.645","1"
"995543697","self-matching","71","Matching","friend","Friend","Close","644","0.644","1"
"995543697","self-matching","73","Matching","friend","Friend","Close","499","0.499","1"
"995543697","self-matching","75","Matching","self","Self","Self","480","0.48","0"
"995543697","self-matching","77","Matching","self","Self","Self","295","0.295","1"
"995543697","self-matching","79","Nonmatching","self","Self","Self","220","0.22","0"
"995543697","self-matching","81","Nonmatching","friend","Friend","Close","422","0.422","0"
"995543697","self-matching","83","Matching","self","Self","Self","518","0.518","1"
"995543697","self-matching","85","Matching","self","Self","Self","415","0.415","1"
"995543697","self-matching","87","Matching","self","Self","Self","335","0.335","1"
"995543697","self-matching","89","Matching","self","Self","Self","200","0.2","1"
"995543697","self-matching","91","Matching","friend","Friend","Close","284","0.284","0"
"995543697","self-matching","93","Matching","friend","Friend","Close","1117","1.117","1"
"995543697","self-matching","95","Nonmatching","friend","Friend","Close","426","0.426","0"
"995543697","self-matching","97","Matching","friend","Friend","Close","831","0.831","0"
"995543697","self-matching","99","Nonmatching","self","Self","Self","268","0.268","0"
"995543697","self-matching","101","Nonmatching","self","Self","Self","506","0.506","1"
"995543697","self-matching","103","Nonmatching","self","Self","Self","1013","1.013","1"
"995543697","self-matching","105","Matching","friend","Friend","Close","607","0.607","1"
"995543697","self-matching","107","Matching","friend","Friend","Close","405","0.405","1"
"995543697","self-matching","109","Matching","friend","Friend","Close","344","0.344","1"
"995543697","self-matching","111","Nonmatching","friend","Friend","Close","285","0.285","0"
"995543697","self-matching","113","Matching","self","Self","Self","542","0.542","1"
"995543697","self-matching","115","Nonmatching","friend","Friend","Close","468","0.468","1"
"995543697","self-matching","117","Nonmatching","friend","Friend","Close","706","0.706","1"
"995543697","self-matching","119","Matching","self","Self","Self","445","0.445","1"
"995543697","self-matching","121","Matching","self","Self","Self","310","0.31","1"
"995543697","self-matching","123","Matching","friend","Friend","Close","392","0.392","0"
"995543697","self-matching","125","Nonmatching","friend","Friend","Close","293","0.293","0"
"995543697","self-matching","127","Matching","friend","Friend","Close","523","0.523","1"
"995543697","self-matching","129","Nonmatching","friend","Friend","Close","562","0.562","1"
"995543697","self-matching","131","Matching","friend","Friend","Close","340","0.34","0"
"995543697","self-matching","133","Nonmatching","friend","Friend","Close","730","0.73","1"
"995543697","self-matching","135","Nonmatching","self","Self","Self","275","0.275","0"
"995543697","self-matching","137","Nonmatching","self","Self","Self","860","0.86","1"
"995543697","self-matching","139","Matching","self","Self","Self","467","0.467","1"
"995543697","self-matching","141","Matching","friend","Friend","Close","788","0.788","1"
"995543697","self-matching","143","Nonmatching","self","Self","Self","919","0.919","1"
"995543697","self-matching","145","Nonmatching","friend","Friend","Close","475","0.475","1"
"995543697","self-matching","147","Nonmatching","self","Self","Self","364","0.364","1"
"995543697","self-matching","149","Matching","self","Self","Self","504","0.504","1"
"995543697","self-matching","151","Nonmatching","friend","Friend","Close","455","0.455","1"
"995543697","self-matching","153","Nonmatching","self","Self","Self","849","0.849","1"
"995543697","self-matching","155","Nonmatching","friend","Friend","Close","465","0.465","1"
"995543697","self-matching","157","Matching","friend","Friend","Close","351","0.351","0"
"995543697","self-matching","159","Nonmatching","self","Self","Self","680","0.68","1"
"995543697","self-matching","161","Nonmatching","friend","Friend","Close","511","0.511","0"
"995543697","self-matching","163","Nonmatching","friend","Friend","Close","718","0.718","1"
"995543697","self-matching","165","Matching","friend","Friend","Close","687","0.687","1"
"995543697","self-matching","167","Nonmatching","self","Self","Self","679","0.679","1"
"995543697","self-matching","169","Nonmatching","friend","Friend","Close","570","0.57","0"
"995543697","self-matching","171","Nonmatching","friend","Friend","Close","527","0.527","0"
"995543697","self-matching","173","Matching","self","Self","Self","661","0.661","1"
"995543697","self-matching","175","Nonmatching","friend","Friend","Close","483","0.483","1"
"995543697","self-matching","177","Matching","friend","Friend","Close","812","0.812","0"
"995543697","self-matching","179","Nonmatching","friend","Friend","Close","528","0.528","1"
"995543697","self-matching","181","Matching","friend","Friend","Close","1461","1.461","1"
"995543697","self-matching","183","Nonmatching","friend","Friend","Close","481","0.481","1"
"995543697","self-matching","185","Matching","self","Self","Self","586","0.586","1"
"995543697","self-matching","187","Matching","self","Self","Self","447","0.447","1"
"995543697","self-matching","189","Matching","self","Self","Self","268","0.268","1"
"995543697","self-matching","191","Matching","self","Self","Self","271","0.271","1"
"995543697","self-matching","193","Nonmatching","friend","Friend","Close","277","0.277","0"
"995543697","self-matching","195","Matching","friend","Friend","Close","547","0.547","0"
"995543697","self-matching","197","Nonmatching","self","Self","Self","701","0.701","1"
"995543697","self-matching","199","Nonmatching","friend","Friend","Close","760","0.76","1"
"995543697","self-matching","201","Matching","self","Self","Self","453","0.453","1"
"995543697","self-matching","203","Nonmatching","self","Self","Self","673","0.673","1"
"995543697","self-matching","205","Nonmatching","self","Self","Self","563","0.563","1"
"995543697","self-matching","207","Matching","friend","Friend","Close","441","0.441","1"
"995543697","self-matching","209","Nonmatching","self","Self","Self","1279","1.279","0"
"995543697","self-matching","211","Nonmatching","friend","Friend","Close","802","0.802","1"
"995543697","self-matching","213","Matching","friend","Friend","Close","663","0.663","1"
"995543697","self-matching","215","Nonmatching","friend","Friend","Close","601","0.601","0"
"995543697","self-matching","217","Matching","self","Self","Self","438","0.438","1"
"995543697","self-matching","219","Matching","self","Self","Self","302","0.302","1"
"995543697","self-matching","221","Matching","friend","Friend","Close","304","0.304","0"
"995543697","self-matching","223","Nonmatching","self","Self","Self","1414","1.414","1"
"995543697","self-matching","225","Matching","self","Self","Self","447","0.447","1"
"995543697","self-matching","227","Nonmatching","self","Self","Self","684","0.684","0"
"995543697","self-matching","229","Matching","self","Self","Self","572","0.572","1"
"995543697","self-matching","231","Nonmatching","self","Self","Self","694","0.694","1"
"995543697","self-matching","233","Nonmatching","friend","Friend","Close","774","0.774","1"
"995543697","self-matching","235","Nonmatching","friend","Friend","Close","606","0.606","1"
"995543697","self-matching","237","Matching","self","Self","Self","583","0.583","1"
"995543697","self-matching","239","Matching","self","Self","Self","415","0.415","1"
"995543702","self-matching","1","Matching","friend","Friend","Close","692","0.692","0"
"995543702","self-matching","3","Nonmatching","friend","Friend","Close","1034","1.034","0"
"995543702","self-matching","5","Matching","friend","Friend","Close","593","0.593","1"
"995543702","self-matching","7","Nonmatching","self","Self","Self","748","0.748","1"
"995543702","self-matching","9","Nonmatching","self","Self","Self","1148","1.148","1"
"995543702","self-matching","11","Matching","friend","Friend","Close","845","0.845","1"
"995543702","self-matching","13","Matching","friend","Friend","Close","373","0.373","1"
"995543702","self-matching","15","Matching","self","Self","Self","500","0.5","0"
"995543702","self-matching","17","Nonmatching","self","Self","Self","1293","1.293","1"
"995543702","self-matching","19","Nonmatching","self","Self","Self","676","0.676","0"
"995543702","self-matching","21","Matching","self","Self","Self","1113","1.113","1"
"995543702","self-matching","23","Nonmatching","self","Self","Self","556","0.556","1"
"995543702","self-matching","25","Matching","self","Self","Self","674","0.674","1"
"995543702","self-matching","27","Matching","friend","Friend","Close","1090","1.09","1"
"995543702","self-matching","29","Nonmatching","friend","Friend","Close","931","0.931","1"
"995543702","self-matching","31","Nonmatching","self","Self","Self","844","0.844","1"
"995543702","self-matching","33","Nonmatching","self","Self","Self","784","0.784","1"
"995543702","self-matching","35","Matching","self","Self","Self","619","0.619","1"
"995543702","self-matching","37","Nonmatching","self","Self","Self","668","0.668","1"
"995543702","self-matching","39","Matching","friend","Friend","Close","838","0.838","0"
"995543702","self-matching","41","Matching","friend","Friend","Close","656","0.656","1"
"995543702","self-matching","43","Nonmatching","self","Self","Self","875","0.875","1"
"995543702","self-matching","45","Nonmatching","self","Self","Self","865","0.865","1"
"995543702","self-matching","47","Matching","friend","Friend","Close","832","0.832","1"
"995543702","self-matching","49","Matching","self","Self","Self","683","0.683","1"
"995543702","self-matching","51","Matching","friend","Friend","Close","889","0.889","1"
"995543702","self-matching","53","Nonmatching","friend","Friend","Close","681","0.681","1"
"995543702","self-matching","55","Matching","friend","Friend","Close","685","0.685","0"
"995543702","self-matching","57","Nonmatching","friend","Friend","Close","857","0.857","1"
"995543702","self-matching","59","Matching","self","Self","Self","683","0.683","1"
"995543702","self-matching","61","Nonmatching","friend","Friend","Close","889","0.889","1"
"995543702","self-matching","63","Matching","friend","Friend","Close","440","0.44","1"
"995543702","self-matching","65","Matching","friend","Friend","Close","427","0.427","1"
"995543702","self-matching","67","Nonmatching","friend","Friend","Close","670","0.67","1"
"995543702","self-matching","69","Matching","self","Self","Self","250","0.25","1"
"995543702","self-matching","71","Nonmatching","self","Self","Self","673","0.673","1"
"995543702","self-matching","73","Matching","friend","Friend","Close","776","0.776","0"
"995543702","self-matching","75","Matching","friend","Friend","Close","483","0.483","1"
"995543702","self-matching","77","Nonmatching","self","Self","Self","894","0.894","1"
"995543702","self-matching","79","Matching","friend","Friend","Close","672","0.672","1"
"995543702","self-matching","81","Nonmatching","self","Self","Self","655","0.655","1"
"995543702","self-matching","83","Matching","friend","Friend","Close","754","0.754","1"
"995543702","self-matching","85","Matching","friend","Friend","Close","778","0.778","1"
"995543702","self-matching","87","Nonmatching","friend","Friend","Close","951","0.951","1"
"995543702","self-matching","89","Nonmatching","self","Self","Self","551","0.551","0"
"995543702","self-matching","91","Matching","friend","Friend","Close","476","0.476","1"
"995543702","self-matching","93","Nonmatching","friend","Friend","Close","603","0.603","1"
"995543702","self-matching","95","Nonmatching","friend","Friend","Close","629","0.629","1"
"995543702","self-matching","97","Nonmatching","self","Self","Self","825","0.825","1"
"995543702","self-matching","99","Nonmatching","friend","Friend","Close","708","0.708","1"
"995543702","self-matching","101","Matching","self","Self","Self","420","0.42","1"
"995543702","self-matching","103","Matching","self","Self","Self","315","0.315","1"
"995543702","self-matching","105","Nonmatching","self","Self","Self","670","0.67","1"
"995543702","self-matching","107","Nonmatching","self","Self","Self","398","0.398","1"
"995543702","self-matching","109","Nonmatching","self","Self","Self","1034","1.034","1"
"995543702","self-matching","111","Matching","self","Self","Self","532","0.532","1"
"995543702","self-matching","113","Nonmatching","friend","Friend","Close","660","0.66","1"
"995543702","self-matching","115","Matching","friend","Friend","Close","412","0.412","0"
"995543702","self-matching","117","Nonmatching","friend","Friend","Close","717","0.717","0"
"995543702","self-matching","119","Matching","self","Self","Self","445","0.445","1"
"995543702","self-matching","121","Nonmatching","self","Self","Self","911","0.911","1"
"995543702","self-matching","123","Nonmatching","friend","Friend","Close","818","0.818","1"
"995543702","self-matching","125","Matching","friend","Friend","Close","564","0.564","1"
"995543702","self-matching","127","Matching","friend","Friend","Close","318","0.318","1"
"995543702","self-matching","129","Matching","self","Self","Self","566","0.566","1"
"995543702","self-matching","131","Matching","self","Self","Self","510","0.51","1"
"995543702","self-matching","133","Matching","self","Self","Self","257","0.257","1"
"995543702","self-matching","135","Matching","self","Self","Self","364","0.364","1"
"995543702","self-matching","137","Matching","self","Self","Self","383","0.383","1"
"995543702","self-matching","139","Matching","self","Self","Self","257","0.257","1"
"995543702","self-matching","141","Nonmatching","self","Self","Self","572","0.572","0"
"995543702","self-matching","145","Nonmatching","friend","Friend","Close","938","0.938","0"
"995543702","self-matching","147","Nonmatching","self","Self","Self","884","0.884","1"
"995543702","self-matching","149","Nonmatching","friend","Friend","Close","783","0.783","1"
"995543702","self-matching","151","Nonmatching","friend","Friend","Close","367","0.367","1"
"995543702","self-matching","153","Nonmatching","friend","Friend","Close","406","0.406","1"
"995543702","self-matching","155","Nonmatching","friend","Friend","Close","386","0.386","1"
"995543702","self-matching","157","Matching","friend","Friend","Close","580","0.58","1"
"995543702","self-matching","159","Matching","friend","Friend","Close","468","0.468","1"
"995543702","self-matching","161","Matching","self","Self","Self","587","0.587","1"
"995543702","self-matching","163","Matching","self","Self","Self","332","0.332","1"
"995543702","self-matching","165","Nonmatching","self","Self","Self","533","0.533","1"
"995543702","self-matching","167","Matching","self","Self","Self","734","0.734","1"
"995543702","self-matching","169","Nonmatching","friend","Friend","Close","760","0.76","1"
"995543702","self-matching","171","Matching","self","Self","Self","512","0.512","1"
"995543702","self-matching","173","Matching","friend","Friend","Close","738","0.738","0"
"995543702","self-matching","181","Nonmatching","friend","Friend","Close","878","0.878","1"
"995543702","self-matching","183","Matching","self","Self","Self","321","0.321","1"
"995543702","self-matching","185","Nonmatching","friend","Friend","Close","1011","1.011","0"
"995543702","self-matching","187","Nonmatching","friend","Friend","Close","1156","1.156","1"
"995543702","self-matching","189","Matching","self","Self","Self","628","0.628","1"
"995543702","self-matching","191","Matching","self","Self","Self","673","0.673","1"
"995543702","self-matching","193","Matching","self","Self","Self","287","0.287","1"
"995543702","self-matching","195","Nonmatching","self","Self","Self","531","0.531","0"
"995543702","self-matching","199","Matching","friend","Friend","Close","541","0.541","0"
"995543702","self-matching","203","Nonmatching","self","Self","Self","613","0.613","1"
"995543702","self-matching","205","Nonmatching","self","Self","Self","776","0.776","1"
"995543702","self-matching","207","Nonmatching","friend","Friend","Close","949","0.949","1"
"995543702","self-matching","209","Matching","self","Self","Self","910","0.91","1"
"995543702","self-matching","211","Nonmatching","friend","Friend","Close","516","0.516","1"
"995543702","self-matching","213","Nonmatching","self","Self","Self","894","0.894","1"
"995543702","self-matching","215","Matching","self","Self","Self","412","0.412","1"
"995543702","self-matching","217","Matching","self","Self","Self","323","0.323","1"
"995543702","self-matching","219","Matching","self","Self","Self","623","0.623","1"
"995543702","self-matching","221","Matching","friend","Friend","Close","237","0.237","1"
"995543702","self-matching","223","Nonmatching","friend","Friend","Close","855","0.855","1"
"995543702","self-matching","225","Nonmatching","self","Self","Self","1066","1.066","1"
"995543702","self-matching","227","Nonmatching","friend","Friend","Close","627","0.627","0"
"995543702","self-matching","229","Nonmatching","self","Self","Self","1027","1.027","1"
"995543702","self-matching","231","Matching","friend","Friend","Close","664","0.664","1"
"995543702","self-matching","233","Matching","friend","Friend","Close","954","0.954","1"
"995543702","self-matching","235","Nonmatching","friend","Friend","Close","758","0.758","1"
"995543702","self-matching","237","Nonmatching","self","Self","Self","703","0.703","1"
"995543702","self-matching","239","Nonmatching","friend","Friend","Close","669","0.669","1"
"995543704","self-matching","1","Nonmatching","friend","Friend","Close","1040","1.04","1"
"995543704","self-matching","3","Nonmatching","self","Self","Self","792","0.792","1"
"995543704","self-matching","5","Matching","self","Self","Self","505","0.505","1"
"995543704","self-matching","7","Nonmatching","friend","Friend","Close","899","0.899","1"
"995543704","self-matching","9","Matching","friend","Friend","Close","934","0.934","1"
"995543704","self-matching","11","Nonmatching","self","Self","Self","702","0.702","1"
"995543704","self-matching","13","Nonmatching","self","Self","Self","1236","1.236","1"
"995543704","self-matching","15","Nonmatching","friend","Friend","Close","804","0.804","1"
"995543704","self-matching","17","Nonmatching","friend","Friend","Close","1057","1.057","1"
"995543704","self-matching","19","Matching","friend","Friend","Close","989","0.989","1"
"995543704","self-matching","21","Nonmatching","self","Self","Self","836","0.836","1"
"995543704","self-matching","23","Matching","self","Self","Self","584","0.584","1"
"995543704","self-matching","25","Nonmatching","friend","Friend","Close","963","0.963","0"
"995543704","self-matching","27","Matching","self","Self","Self","530","0.53","1"
"995543704","self-matching","29","Matching","self","Self","Self","576","0.576","1"
"995543704","self-matching","31","Matching","friend","Friend","Close","616","0.616","0"
"995543704","self-matching","33","Nonmatching","self","Self","Self","753","0.753","1"
"995543704","self-matching","35","Nonmatching","self","Self","Self","731","0.731","0"
"995543704","self-matching","37","Nonmatching","self","Self","Self","1010","1.01","0"
"995543704","self-matching","39","Matching","friend","Friend","Close","899","0.899","1"
"995543704","self-matching","41","Matching","friend","Friend","Close","792","0.792","1"
"995543704","self-matching","43","Matching","friend","Friend","Close","530","0.53","0"
"995543704","self-matching","45","Matching","self","Self","Self","535","0.535","1"
"995543704","self-matching","47","Matching","self","Self","Self","494","0.494","1"
"995543704","self-matching","49","Nonmatching","friend","Friend","Close","866","0.866","1"
"995543704","self-matching","51","Nonmatching","self","Self","Self","690","0.69","0"
"995543704","self-matching","53","Matching","self","Self","Self","577","0.577","1"
"995543704","self-matching","55","Matching","self","Self","Self","593","0.593","1"
"995543704","self-matching","57","Matching","friend","Friend","Close","635","0.635","1"
"995543704","self-matching","59","Matching","self","Self","Self","511","0.511","1"
"995543704","self-matching","61","Matching","friend","Friend","Close","553","0.553","1"
"995543704","self-matching","63","Nonmatching","self","Self","Self","672","0.672","1"
"995543704","self-matching","65","Nonmatching","friend","Friend","Close","636","0.636","0"
"995543704","self-matching","67","Matching","friend","Friend","Close","631","0.631","1"
"995543704","self-matching","69","Matching","self","Self","Self","399","0.399","1"
"995543704","self-matching","71","Nonmatching","friend","Friend","Close","672","0.672","1"
"995543704","self-matching","73","Matching","self","Self","Self","674","0.674","1"
"995543704","self-matching","75","Matching","friend","Friend","Close","539","0.539","1"
"995543704","self-matching","77","Nonmatching","friend","Friend","Close","680","0.68","1"
"995543704","self-matching","79","Matching","friend","Friend","Close","759","0.759","1"
"995543704","self-matching","81","Nonmatching","friend","Friend","Close","727","0.727","1"
"995543704","self-matching","83","Nonmatching","friend","Friend","Close","467","0.467","0"
"995543704","self-matching","85","Matching","self","Self","Self","586","0.586","1"
"995543704","self-matching","87","Nonmatching","self","Self","Self","688","0.688","0"
"995543704","self-matching","89","Nonmatching","self","Self","Self","637","0.637","1"
"995543704","self-matching","91","Nonmatching","friend","Friend","Close","503","0.503","0"
"995543704","self-matching","93","Matching","friend","Friend","Close","664","0.664","1"
"995543704","self-matching","95","Nonmatching","friend","Friend","Close","610","0.61","1"
"995543704","self-matching","97","Nonmatching","self","Self","Self","998","0.998","1"
"995543704","self-matching","99","Nonmatching","self","Self","Self","974","0.974","1"
"995543704","self-matching","101","Nonmatching","self","Self","Self","785","0.785","1"
"995543704","self-matching","103","Nonmatching","self","Self","Self","475","0.475","1"
"995543704","self-matching","105","Matching","self","Self","Self","518","0.518","1"
"995543704","self-matching","107","Matching","self","Self","Self","661","0.661","0"
"995543704","self-matching","109","Nonmatching","self","Self","Self","738","0.738","0"
"995543704","self-matching","111","Matching","self","Self","Self","570","0.57","1"
"995543704","self-matching","113","Matching","friend","Friend","Close","689","0.689","1"
"995543704","self-matching","115","Nonmatching","self","Self","Self","679","0.679","1"
"995543704","self-matching","117","Matching","friend","Friend","Close","893","0.893","1"
"995543704","self-matching","119","Nonmatching","friend","Friend","Close","525","0.525","0"
"995543704","self-matching","121","Matching","self","Self","Self","501","0.501","1"
"995543704","self-matching","123","Nonmatching","self","Self","Self","658","0.658","1"
"995543704","self-matching","125","Nonmatching","self","Self","Self","699","0.699","0"
"995543704","self-matching","127","Matching","self","Self","Self","735","0.735","1"
"995543704","self-matching","129","Nonmatching","self","Self","Self","617","0.617","0"
"995543704","self-matching","131","Matching","self","Self","Self","429","0.429","1"
"995543704","self-matching","133","Nonmatching","self","Self","Self","632","0.632","1"
"995543704","self-matching","135","Nonmatching","self","Self","Self","768","0.768","1"
"995543704","self-matching","137","Nonmatching","friend","Friend","Close","509","0.509","0"
"995543704","self-matching","139","Nonmatching","friend","Friend","Close","639","0.639","0"
"995543704","self-matching","141","Matching","friend","Friend","Close","630","0.63","1"
"995543704","self-matching","143","Matching","friend","Friend","Close","1234","1.234","1"
"995543704","self-matching","145","Nonmatching","friend","Friend","Close","570","0.57","1"
"995543704","self-matching","147","Nonmatching","self","Self","Self","1034","1.034","1"
"995543704","self-matching","149","Matching","friend","Friend","Close","680","0.68","1"
"995543704","self-matching","151","Nonmatching","self","Self","Self","908","0.908","1"
"995543704","self-matching","153","Matching","friend","Friend","Close","832","0.832","1"
"995543704","self-matching","155","Matching","friend","Friend","Close","762","0.762","1"
"995543704","self-matching","157","Matching","friend","Friend","Close","476","0.476","1"
"995543704","self-matching","159","Nonmatching","self","Self","Self","689","0.689","1"
"995543704","self-matching","161","Matching","self","Self","Self","415","0.415","1"
"995543704","self-matching","163","Matching","self","Self","Self","498","0.498","1"
"995543704","self-matching","165","Nonmatching","self","Self","Self","601","0.601","1"
"995543704","self-matching","167","Nonmatching","friend","Friend","Close","335","0.335","0"
"995543704","self-matching","169","Nonmatching","self","Self","Self","657","0.657","1"
"995543704","self-matching","171","Matching","self","Self","Self","434","0.434","1"
"995543704","self-matching","173","Matching","self","Self","Self","572","0.572","1"
"995543704","self-matching","175","Nonmatching","friend","Friend","Close","665","0.665","1"
"995543704","self-matching","177","Matching","friend","Friend","Close","554","0.554","0"
"995543704","self-matching","179","Matching","self","Self","Self","518","0.518","1"
"995543704","self-matching","181","Matching","self","Self","Self","473","0.473","1"
"995543704","self-matching","183","Nonmatching","friend","Friend","Close","704","0.704","1"
"995543704","self-matching","185","Matching","friend","Friend","Close","773","0.773","1"
"995543704","self-matching","187","Nonmatching","friend","Friend","Close","822","0.822","1"
"995543704","self-matching","189","Nonmatching","friend","Friend","Close","443","0.443","0"
"995543704","self-matching","191","Nonmatching","self","Self","Self","868","0.868","1"
"995543704","self-matching","193","Nonmatching","friend","Friend","Close","773","0.773","1"
"995543704","self-matching","195","Nonmatching","self","Self","Self","849","0.849","1"
"995543704","self-matching","197","Matching","friend","Friend","Close","729","0.729","1"
"995543704","self-matching","199","Nonmatching","self","Self","Self","795","0.795","1"
"995543704","self-matching","201","Nonmatching","friend","Friend","Close","456","0.456","0"
"995543704","self-matching","203","Nonmatching","friend","Friend","Close","783","0.783","1"
"995543704","self-matching","205","Nonmatching","friend","Friend","Close","456","0.456","1"
"995543704","self-matching","207","Nonmatching","friend","Friend","Close","558","0.558","1"
"995543704","self-matching","209","Nonmatching","friend","Friend","Close","386","0.386","1"
"995543704","self-matching","211","Matching","friend","Friend","Close","819","0.819","0"
"995543704","self-matching","213","Matching","self","Self","Self","624","0.624","1"
"995543704","self-matching","215","Matching","friend","Friend","Close","502","0.502","0"
"995543704","self-matching","217","Matching","friend","Friend","Close","548","0.548","1"
"995543704","self-matching","219","Matching","friend","Friend","Close","383","0.383","1"
"995543704","self-matching","221","Nonmatching","friend","Friend","Close","251","0.251","0"
"995543704","self-matching","223","Matching","self","Self","Self","483","0.483","1"
"995543704","self-matching","225","Nonmatching","friend","Friend","Close","407","0.407","1"
"995543704","self-matching","227","Matching","self","Self","Self","437","0.437","1"
"995543704","self-matching","229","Matching","self","Self","Self","694","0.694","1"
"995543704","self-matching","231","Matching","self","Self","Self","748","0.748","1"
"995543704","self-matching","233","Matching","friend","Friend","Close","716","0.716","1"
"995543704","self-matching","235","Matching","self","Self","Self","401","0.401","1"
"995543704","self-matching","237","Matching","friend","Friend","Close","344","0.344","1"
"995543704","self-matching","239","Matching","friend","Friend","Close","407","0.407","1"
"995543706","self-matching","1","Nonmatching","self","Self","Self","675","0.675","0"
"995543706","self-matching","3","Matching","friend","Friend","Close","867","0.867","0"
"995543706","self-matching","5","Nonmatching","friend","Friend","Close","1027","1.027","1"
"995543706","self-matching","7","Matching","self","Self","Self","546","0.546","1"
"995543706","self-matching","9","Nonmatching","friend","Friend","Close","595","0.595","0"
"995543706","self-matching","11","Matching","self","Self","Self","608","0.608","1"
"995543706","self-matching","13","Matching","friend","Friend","Close","653","0.653","0"
"995543706","self-matching","15","Nonmatching","friend","Friend","Close","1101","1.101","1"
"995543706","self-matching","17","Nonmatching","friend","Friend","Close","1181","1.181","1"
"995543706","self-matching","19","Nonmatching","friend","Friend","Close","997","0.997","1"
"995543706","self-matching","21","Matching","friend","Friend","Close","807","0.807","1"
"995543706","self-matching","23","Matching","self","Self","Self","766","0.766","1"
"995543706","self-matching","25","Nonmatching","friend","Friend","Close","987","0.987","1"
"995543706","self-matching","27","Matching","self","Self","Self","646","0.646","1"
"995543706","self-matching","29","Matching","self","Self","Self","676","0.676","1"
"995543706","self-matching","31","Matching","friend","Friend","Close","990","0.99","1"
"995543706","self-matching","33","Matching","self","Self","Self","678","0.678","1"
"995543706","self-matching","35","Nonmatching","self","Self","Self","1071","1.071","1"
"995543706","self-matching","37","Nonmatching","self","Self","Self","832","0.832","1"
"995543706","self-matching","39","Nonmatching","self","Self","Self","516","0.516","1"
"995543706","self-matching","41","Matching","self","Self","Self","545","0.545","1"
"995543706","self-matching","43","Nonmatching","friend","Friend","Close","1024","1.024","1"
"995543706","self-matching","45","Nonmatching","self","Self","Self","1135","1.135","1"
"995543706","self-matching","47","Nonmatching","self","Self","Self","765","0.765","1"
"995543706","self-matching","49","Nonmatching","self","Self","Self","622","0.622","1"
"995543706","self-matching","51","Nonmatching","friend","Friend","Close","1015","1.015","1"
"995543706","self-matching","53","Nonmatching","self","Self","Self","722","0.722","1"
"995543706","self-matching","55","Nonmatching","friend","Friend","Close","1008","1.008","0"
"995543706","self-matching","57","Matching","friend","Friend","Close","1008","1.008","1"
"995543706","self-matching","59","Nonmatching","friend","Friend","Close","970","0.97","1"
"995543706","self-matching","61","Matching","self","Self","Self","368","0.368","1"
"995543706","self-matching","63","Nonmatching","self","Self","Self","711","0.711","1"
"995543706","self-matching","65","Nonmatching","friend","Friend","Close","1139","1.139","1"
"995543706","self-matching","67","Matching","friend","Friend","Close","896","0.896","1"
"995543706","self-matching","69","Matching","friend","Friend","Close","900","0.9","1"
"995543706","self-matching","71","Matching","friend","Friend","Close","497","0.497","1"
"995543706","self-matching","73","Matching","self","Self","Self","915","0.915","1"
"995543706","self-matching","75","Matching","self","Self","Self","433","0.433","1"
"995543706","self-matching","77","Nonmatching","self","Self","Self","637","0.637","1"
"995543706","self-matching","79","Matching","self","Self","Self","658","0.658","1"
"995543706","self-matching","81","Matching","friend","Friend","Close","925","0.925","1"
"995543706","self-matching","83","Matching","self","Self","Self","1036","1.036","1"
"995543706","self-matching","85","Nonmatching","self","Self","Self","599","0.599","1"
"995543706","self-matching","87","Nonmatching","friend","Friend","Close","1054","1.054","1"
"995543706","self-matching","89","Matching","friend","Friend","Close","977","0.977","1"
"995543706","self-matching","91","Nonmatching","friend","Friend","Close","692","0.692","1"
"995543706","self-matching","93","Nonmatching","self","Self","Self","1115","1.115","1"
"995543706","self-matching","95","Matching","friend","Friend","Close","755","0.755","1"
"995543706","self-matching","97","Nonmatching","friend","Friend","Close","850","0.85","1"
"995543706","self-matching","99","Nonmatching","self","Self","Self","1151","1.151","1"
"995543706","self-matching","101","Matching","self","Self","Self","682","0.682","1"
"995543706","self-matching","103","Nonmatching","self","Self","Self","746","0.746","1"
"995543706","self-matching","105","Nonmatching","self","Self","Self","929","0.929","1"
"995543706","self-matching","107","Matching","friend","Friend","Close","950","0.95","1"
"995543706","self-matching","109","Matching","friend","Friend","Close","654","0.654","1"
"995543706","self-matching","111","Matching","self","Self","Self","649","0.649","1"
"995543706","self-matching","113","Nonmatching","friend","Friend","Close","865","0.865","1"
"995543706","self-matching","115","Matching","friend","Friend","Close","747","0.747","1"
"995543706","self-matching","117","Matching","friend","Friend","Close","654","0.654","1"
"995543706","self-matching","119","Matching","self","Self","Self","647","0.647","1"
"995543706","self-matching","121","Nonmatching","friend","Friend","Close","657","0.657","1"
"995543706","self-matching","123","Nonmatching","self","Self","Self","809","0.809","1"
"995543706","self-matching","125","Matching","friend","Friend","Close","685","0.685","1"
"995543706","self-matching","127","Nonmatching","self","Self","Self","798","0.798","1"
"995543706","self-matching","129","Matching","self","Self","Self","572","0.572","1"
"995543706","self-matching","131","Matching","friend","Friend","Close","740","0.74","1"
"995543706","self-matching","133","Nonmatching","self","Self","Self","597","0.597","1"
"995543706","self-matching","135","Matching","self","Self","Self","510","0.51","1"
"995543706","self-matching","137","Nonmatching","friend","Friend","Close","505","0.505","1"
"995543706","self-matching","139","Nonmatching","friend","Friend","Close","549","0.549","1"
"995543706","self-matching","141","Matching","friend","Friend","Close","717","0.717","1"
"995543706","self-matching","143","Matching","self","Self","Self","429","0.429","1"
"995543706","self-matching","145","Nonmatching","self","Self","Self","630","0.63","1"
"995543706","self-matching","147","Matching","friend","Friend","Close","1484","1.484","1"
"995543706","self-matching","149","Matching","friend","Friend","Close","587","0.587","1"
"995543706","self-matching","151","Nonmatching","self","Self","Self","482","0.482","1"
"995543706","self-matching","153","Nonmatching","self","Self","Self","929","0.929","1"
"995543706","self-matching","155","Nonmatching","friend","Friend","Close","832","0.832","1"
"995543706","self-matching","157","Matching","self","Self","Self","462","0.462","1"
"995543706","self-matching","159","Matching","friend","Friend","Close","565","0.565","1"
"995543706","self-matching","161","Matching","friend","Friend","Close","414","0.414","1"
"995543706","self-matching","163","Nonmatching","self","Self","Self","543","0.543","1"
"995543706","self-matching","165","Nonmatching","self","Self","Self","533","0.533","1"
"995543706","self-matching","167","Matching","friend","Friend","Close","592","0.592","1"
"995543706","self-matching","169","Nonmatching","self","Self","Self","760","0.76","1"
"995543706","self-matching","171","Nonmatching","self","Self","Self","482","0.482","1"
"995543706","self-matching","173","Nonmatching","friend","Friend","Close","655","0.655","1"
"995543706","self-matching","175","Nonmatching","friend","Friend","Close","599","0.599","1"
"995543706","self-matching","177","Matching","friend","Friend","Close","763","0.763","1"
"995543706","self-matching","179","Matching","friend","Friend","Close","424","0.424","1"
"995543706","self-matching","181","Nonmatching","friend","Friend","Close","545","0.545","1"
"995543706","self-matching","183","Nonmatching","self","Self","Self","1000","1","1"
"995543706","self-matching","185","Matching","friend","Friend","Close","661","0.661","0"
"995543706","self-matching","187","Matching","self","Self","Self","960","0.96","1"
"995543706","self-matching","189","Matching","friend","Friend","Close","541","0.541","0"
"995543706","self-matching","191","Matching","friend","Friend","Close","681","0.681","1"
"995543706","self-matching","193","Nonmatching","self","Self","Self","555","0.555","1"
"995543706","self-matching","195","Nonmatching","self","Self","Self","907","0.907","1"
"995543706","self-matching","197","Matching","self","Self","Self","951","0.951","1"
"995543706","self-matching","199","Nonmatching","friend","Friend","Close","835","0.835","1"
"995543706","self-matching","201","Nonmatching","friend","Friend","Close","791","0.791","1"
"995543706","self-matching","203","Nonmatching","friend","Friend","Close","528","0.528","1"
"995543706","self-matching","205","Nonmatching","friend","Friend","Close","457","0.457","1"
"995543706","self-matching","207","Matching","friend","Friend","Close","561","0.561","1"
"995543706","self-matching","209","Nonmatching","friend","Friend","Close","1047","1.047","1"
"995543706","self-matching","211","Matching","self","Self","Self","627","0.627","1"
"995543706","self-matching","213","Matching","self","Self","Self","497","0.497","1"
"995543706","self-matching","215","Matching","self","Self","Self","462","0.462","1"
"995543706","self-matching","217","Matching","self","Self","Self","388","0.388","1"
"995543706","self-matching","219","Matching","self","Self","Self","354","0.354","1"
"995543706","self-matching","221","Matching","friend","Friend","Close","349","0.349","0"
"995543706","self-matching","223","Nonmatching","friend","Friend","Close","853","0.853","1"
"995543706","self-matching","225","Matching","self","Self","Self","883","0.883","1"
"995543706","self-matching","227","Matching","self","Self","Self","556","0.556","1"
"995543706","self-matching","229","Nonmatching","self","Self","Self","691","0.691","1"
"995543706","self-matching","231","Matching","self","Self","Self","541","0.541","1"
"995543706","self-matching","233","Nonmatching","friend","Friend","Close","725","0.725","1"
"995543706","self-matching","235","Matching","self","Self","Self","935","0.935","1"
"995543706","self-matching","237","Nonmatching","friend","Friend","Close","809","0.809","1"
"995543706","self-matching","239","Nonmatching","self","Self","Self","951","0.951","1"
"995543708","self-matching","1","Nonmatching","friend","Friend","Close","375","0.375","0"
"995543708","self-matching","3","Matching","self","Self","Self","406","0.406","0"
"995543708","self-matching","5","Matching","self","Self","Self","204","0.204","1"
"995543708","self-matching","11","Matching","self","Self","Self","833","0.833","1"
"995543708","self-matching","13","Nonmatching","friend","Friend","Close","276","0.276","1"
"995543708","self-matching","17","Matching","friend","Friend","Close","312","0.312","1"
"995543708","self-matching","19","Matching","friend","Friend","Close","280","0.28","1"
"995543708","self-matching","23","Matching","self","Self","Self","207","0.207","0"
"995543708","self-matching","25","Matching","friend","Friend","Close","245","0.245","0"
"995543708","self-matching","27","Matching","friend","Friend","Close","263","0.263","0"
"995543708","self-matching","33","Nonmatching","self","Self","Self","220","0.22","0"
"995543708","self-matching","37","Matching","friend","Friend","Close","223","0.223","0"
"995543708","self-matching","43","Nonmatching","friend","Friend","Close","237","0.237","0"
"995543708","self-matching","49","Nonmatching","friend","Friend","Close","275","0.275","0"
"995543708","self-matching","53","Matching","friend","Friend","Close","233","0.233","0"
"995543708","self-matching","59","Nonmatching","self","Self","Self","272","0.272","1"
"995543708","self-matching","61","Nonmatching","self","Self","Self","239","0.239","1"
"995543708","self-matching","69","Nonmatching","friend","Friend","Close","492","0.492","0"
"995543708","self-matching","75","Nonmatching","friend","Friend","Close","226","0.226","0"
"995543708","self-matching","77","Nonmatching","self","Self","Self","207","0.207","1"
"995543708","self-matching","79","Matching","friend","Friend","Close","427","0.427","1"
"995543708","self-matching","81","Nonmatching","self","Self","Self","306","0.306","0"
"995543708","self-matching","97","Matching","friend","Friend","Close","293","0.293","1"
"995543708","self-matching","99","Matching","friend","Friend","Close","205","0.205","0"
"995543708","self-matching","101","Nonmatching","self","Self","Self","302","0.302","1"
"995543708","self-matching","109","Nonmatching","self","Self","Self","225","0.225","1"
"995543708","self-matching","111","Matching","friend","Friend","Close","248","0.248","1"
"995543708","self-matching","113","Matching","self","Self","Self","252","0.252","1"
"995543708","self-matching","115","Matching","self","Self","Self","289","0.289","1"
"995543708","self-matching","121","Matching","self","Self","Self","210","0.21","1"
"995543708","self-matching","123","Matching","friend","Friend","Close","470","0.47","0"
"995543708","self-matching","133","Nonmatching","self","Self","Self","291","0.291","0"
"995543708","self-matching","135","Matching","self","Self","Self","1357","1.357","1"
"995543708","self-matching","137","Matching","friend","Friend","Close","276","0.276","1"
"995543708","self-matching","147","Matching","friend","Friend","Close","275","0.275","1"
"995543708","self-matching","151","Matching","self","Self","Self","245","0.245","1"
"995543708","self-matching","177","Matching","friend","Friend","Close","207","0.207","0"
"995543708","self-matching","179","Matching","self","Self","Self","675","0.675","0"
"995543708","self-matching","191","Nonmatching","self","Self","Self","309","0.309","0"
"995543708","self-matching","197","Matching","self","Self","Self","1083","1.083","1"
"995543708","self-matching","207","Matching","self","Self","Self","741","0.741","0"
"995543708","self-matching","211","Matching","self","Self","Self","1164","1.164","1"
"995543708","self-matching","213","Matching","friend","Friend","Close","1306","1.306","1"
"995543708","self-matching","223","Matching","self","Self","Self","1494","1.494","0"
"995543708","self-matching","237","Matching","self","Self","Self","256","0.256","1"
"995543711","self-matching","3","Nonmatching","self","Self","Self","921","0.921","1"
"995543711","self-matching","5","Matching","self","Self","Self","520","0.52","1"
"995543711","self-matching","7","Nonmatching","self","Self","Self","452","0.452","0"
"995543711","self-matching","9","Nonmatching","friend","Friend","Close","895","0.895","1"
"995543711","self-matching","11","Nonmatching","friend","Friend","Close","638","0.638","1"
"995543711","self-matching","13","Matching","self","Self","Self","528","0.528","1"
"995543711","self-matching","15","Nonmatching","self","Self","Self","667","0.667","1"
"995543711","self-matching","17","Matching","friend","Friend","Close","984","0.984","1"
"995543711","self-matching","19","Nonmatching","friend","Friend","Close","687","0.687","1"
"995543711","self-matching","21","Matching","friend","Friend","Close","1058","1.058","1"
"995543711","self-matching","23","Nonmatching","friend","Friend","Close","766","0.766","1"
"995543711","self-matching","25","Matching","self","Self","Self","509","0.509","1"
"995543711","self-matching","27","Matching","friend","Friend","Close","813","0.813","1"
"995543711","self-matching","29","Nonmatching","self","Self","Self","824","0.824","1"
"995543711","self-matching","31","Matching","self","Self","Self","489","0.489","1"
"995543711","self-matching","33","Matching","self","Self","Self","574","0.574","1"
"995543711","self-matching","35","Nonmatching","self","Self","Self","599","0.599","1"
"995543711","self-matching","37","Matching","friend","Friend","Close","744","0.744","1"
"995543711","self-matching","39","Nonmatching","friend","Friend","Close","684","0.684","1"
"995543711","self-matching","41","Nonmatching","self","Self","Self","741","0.741","1"
"995543711","self-matching","43","Matching","friend","Friend","Close","785","0.785","1"
"995543711","self-matching","45","Matching","friend","Friend","Close","844","0.844","1"
"995543711","self-matching","47","Matching","self","Self","Self","702","0.702","1"
"995543711","self-matching","49","Matching","friend","Friend","Close","714","0.714","1"
"995543711","self-matching","51","Nonmatching","friend","Friend","Close","541","0.541","1"
"995543711","self-matching","53","Nonmatching","friend","Friend","Close","874","0.874","1"
"995543711","self-matching","55","Nonmatching","friend","Friend","Close","536","0.536","1"
"995543711","self-matching","57","Matching","self","Self","Self","761","0.761","1"
"995543711","self-matching","59","Matching","friend","Friend","Close","819","0.819","1"
"995543711","self-matching","61","Matching","self","Self","Self","551","0.551","1"
"995543711","self-matching","63","Matching","friend","Friend","Close","524","0.524","1"
"995543711","self-matching","65","Matching","self","Self","Self","485","0.485","1"
"995543711","self-matching","67","Nonmatching","self","Self","Self","630","0.63","1"
"995543711","self-matching","69","Matching","friend","Friend","Close","706","0.706","1"
"995543711","self-matching","71","Nonmatching","self","Self","Self","1004","1.004","1"
"995543711","self-matching","73","Nonmatching","self","Self","Self","558","0.558","1"
"995543711","self-matching","75","Matching","self","Self","Self","605","0.605","1"
"995543711","self-matching","77","Nonmatching","friend","Friend","Close","597","0.597","1"
"995543711","self-matching","79","Nonmatching","self","Self","Self","916","0.916","1"
"995543711","self-matching","81","Nonmatching","self","Self","Self","1032","1.032","1"
"995543711","self-matching","83","Matching","friend","Friend","Close","790","0.79","1"
"995543711","self-matching","85","Nonmatching","self","Self","Self","703","0.703","1"
"995543711","self-matching","87","Nonmatching","friend","Friend","Close","872","0.872","1"
"995543711","self-matching","89","Matching","friend","Friend","Close","775","0.775","1"
"995543711","self-matching","91","Matching","friend","Friend","Close","1020","1.02","1"
"995543711","self-matching","93","Nonmatching","self","Self","Self","840","0.84","1"
"995543711","self-matching","95","Nonmatching","self","Self","Self","611","0.611","1"
"995543711","self-matching","97","Nonmatching","self","Self","Self","625","0.625","1"
"995543711","self-matching","99","Matching","self","Self","Self","571","0.571","1"
"995543711","self-matching","101","Nonmatching","self","Self","Self","835","0.835","1"
"995543711","self-matching","103","Matching","self","Self","Self","471","0.471","1"
"995543711","self-matching","105","Matching","friend","Friend","Close","765","0.765","1"
"995543711","self-matching","107","Nonmatching","friend","Friend","Close","787","0.787","1"
"995543711","self-matching","109","Nonmatching","friend","Friend","Close","818","0.818","1"
"995543711","self-matching","111","Nonmatching","friend","Friend","Close","629","0.629","1"
"995543711","self-matching","113","Matching","self","Self","Self","329","0.329","1"
"995543711","self-matching","115","Matching","friend","Friend","Close","634","0.634","1"
"995543711","self-matching","117","Matching","self","Self","Self","429","0.429","1"
"995543711","self-matching","119","Nonmatching","self","Self","Self","578","0.578","1"
"995543711","self-matching","121","Matching","friend","Friend","Close","773","0.773","1"
"995543711","self-matching","123","Nonmatching","self","Self","Self","766","0.766","1"
"995543711","self-matching","125","Nonmatching","self","Self","Self","680","0.68","1"
"995543711","self-matching","127","Matching","friend","Friend","Close","562","0.562","1"
"995543711","self-matching","129","Matching","friend","Friend","Close","752","0.752","1"
"995543711","self-matching","131","Matching","self","Self","Self","757","0.757","1"
"995543711","self-matching","133","Nonmatching","self","Self","Self","683","0.683","1"
"995543711","self-matching","135","Nonmatching","friend","Friend","Close","553","0.553","0"
"995543711","self-matching","137","Nonmatching","self","Self","Self","790","0.79","1"
"995543711","self-matching","139","Matching","self","Self","Self","504","0.504","1"
"995543711","self-matching","141","Matching","self","Self","Self","618","0.618","0"
"995543711","self-matching","143","Matching","friend","Friend","Close","637","0.637","1"
"995543711","self-matching","145","Matching","friend","Friend","Close","840","0.84","1"
"995543711","self-matching","147","Matching","self","Self","Self","424","0.424","1"
"995543711","self-matching","149","Matching","self","Self","Self","439","0.439","1"
"995543711","self-matching","151","Nonmatching","friend","Friend","Close","721","0.721","1"
"995543711","self-matching","153","Nonmatching","friend","Friend","Close","621","0.621","1"
"995543711","self-matching","155","Nonmatching","friend","Friend","Close","649","0.649","1"
"995543711","self-matching","157","Matching","self","Self","Self","375","0.375","1"
"995543711","self-matching","159","Matching","friend","Friend","Close","636","0.636","1"
"995543711","self-matching","161","Nonmatching","friend","Friend","Close","610","0.61","1"
"995543711","self-matching","163","Nonmatching","friend","Friend","Close","611","0.611","1"
"995543711","self-matching","165","Nonmatching","friend","Friend","Close","436","0.436","1"
"995543711","self-matching","167","Matching","self","Self","Self","502","0.502","1"
"995543711","self-matching","169","Nonmatching","friend","Friend","Close","556","0.556","1"
"995543711","self-matching","171","Nonmatching","friend","Friend","Close","377","0.377","1"
"995543711","self-matching","173","Matching","friend","Friend","Close","300","0.3","0"
"995543711","self-matching","175","Matching","self","Self","Self","303","0.303","1"
"995543711","self-matching","177","Nonmatching","self","Self","Self","516","0.516","1"
"995543711","self-matching","179","Matching","self","Self","Self","431","0.431","1"
"995543711","self-matching","181","Matching","self","Self","Self","315","0.315","1"
"995543711","self-matching","183","Nonmatching","friend","Friend","Close","753","0.753","1"
"995543711","self-matching","185","Nonmatching","self","Self","Self","355","0.355","0"
"995543711","self-matching","187","Nonmatching","friend","Friend","Close","833","0.833","1"
"995543711","self-matching","189","Matching","self","Self","Self","414","0.414","1"
"995543711","self-matching","191","Nonmatching","self","Self","Self","566","0.566","1"
"995543711","self-matching","193","Nonmatching","friend","Friend","Close","758","0.758","1"
"995543711","self-matching","195","Matching","friend","Friend","Close","556","0.556","1"
"995543711","self-matching","197","Matching","self","Self","Self","604","0.604","1"
"995543711","self-matching","199","Nonmatching","self","Self","Self","616","0.616","0"
"995543711","self-matching","201","Nonmatching","friend","Friend","Close","683","0.683","1"
"995543711","self-matching","203","Matching","self","Self","Self","455","0.455","1"
"995543711","self-matching","205","Matching","friend","Friend","Close","614","0.614","1"
"995543711","self-matching","207","Matching","self","Self","Self","559","0.559","1"
"995543711","self-matching","209","Matching","friend","Friend","Close","717","0.717","1"
"995543711","self-matching","211","Nonmatching","self","Self","Self","928","0.928","1"
"995543711","self-matching","213","Matching","friend","Friend","Close","962","0.962","1"
"995543711","self-matching","215","Matching","friend","Friend","Close","908","0.908","1"
"995543711","self-matching","217","Nonmatching","friend","Friend","Close","806","0.806","1"
"995543711","self-matching","219","Nonmatching","self","Self","Self","533","0.533","0"
"995543711","self-matching","221","Matching","self","Self","Self","249","0.249","1"
"995543711","self-matching","223","Matching","friend","Friend","Close","569","0.569","1"
"995543711","self-matching","225","Nonmatching","self","Self","Self","551","0.551","1"
"995543711","self-matching","227","Matching","self","Self","Self","475","0.475","1"
"995543711","self-matching","229","Matching","friend","Friend","Close","869","0.869","1"
"995543711","self-matching","231","Nonmatching","self","Self","Self","546","0.546","1"
"995543711","self-matching","233","Nonmatching","friend","Friend","Close","643","0.643","1"
"995543711","self-matching","235","Matching","friend","Friend","Close","590","0.59","1"
"995543711","self-matching","237","Nonmatching","friend","Friend","Close","642","0.642","1"
"995543711","self-matching","239","Nonmatching","self","Self","Self","718","0.718","1"
"995543713","self-matching","1","Nonmatching","friend","Friend","Close","1036","1.036","1"
"995543713","self-matching","3","Nonmatching","friend","Friend","Close","579","0.579","1"
"995543713","self-matching","5","Nonmatching","self","Self","Self","333","0.333","0"
"995543713","self-matching","7","Nonmatching","friend","Friend","Close","533","0.533","1"
"995543713","self-matching","9","Matching","friend","Friend","Close","811","0.811","0"
"995543713","self-matching","11","Matching","self","Self","Self","512","0.512","1"
"995543713","self-matching","13","Nonmatching","self","Self","Self","902","0.902","0"
"995543713","self-matching","15","Matching","self","Self","Self","458","0.458","0"
"995543713","self-matching","17","Matching","self","Self","Self","722","0.722","1"
"995543713","self-matching","19","Matching","friend","Friend","Close","406","0.406","0"
"995543713","self-matching","21","Matching","self","Self","Self","646","0.646","1"
"995543713","self-matching","23","Nonmatching","self","Self","Self","918","0.918","1"
"995543713","self-matching","25","Matching","friend","Friend","Close","1337","1.337","1"
"995543713","self-matching","27","Nonmatching","self","Self","Self","1299","1.299","1"
"995543713","self-matching","29","Nonmatching","friend","Friend","Close","1066","1.066","1"
"995543713","self-matching","35","Nonmatching","friend","Friend","Close","900","0.9","1"
"995543713","self-matching","37","Matching","friend","Friend","Close","890","0.89","1"
"995543713","self-matching","39","Matching","self","Self","Self","1173","1.173","1"
"995543713","self-matching","43","Matching","self","Self","Self","720","0.72","1"
"995543713","self-matching","45","Nonmatching","self","Self","Self","1193","1.193","1"
"995543713","self-matching","47","Matching","self","Self","Self","586","0.586","1"
"995543713","self-matching","49","Nonmatching","self","Self","Self","953","0.953","1"
"995543713","self-matching","51","Matching","friend","Friend","Close","1015","1.015","1"
"995543713","self-matching","53","Matching","friend","Friend","Close","708","0.708","1"
"995543713","self-matching","55","Matching","self","Self","Self","1224","1.224","1"
"995543713","self-matching","57","Matching","self","Self","Self","609","0.609","1"
"995543713","self-matching","59","Nonmatching","friend","Friend","Close","840","0.84","1"
"995543713","self-matching","61","Matching","self","Self","Self","843","0.843","1"
"995543713","self-matching","65","Matching","self","Self","Self","676","0.676","1"
"995543713","self-matching","67","Nonmatching","friend","Friend","Close","445","0.445","1"
"995543713","self-matching","69","Matching","self","Self","Self","592","0.592","1"
"995543713","self-matching","71","Nonmatching","self","Self","Self","825","0.825","1"
"995543713","self-matching","73","Nonmatching","self","Self","Self","1352","1.352","1"
"995543713","self-matching","75","Nonmatching","friend","Friend","Close","966","0.966","1"
"995543713","self-matching","77","Matching","self","Self","Self","1024","1.024","1"
"995543713","self-matching","79","Matching","friend","Friend","Close","673","0.673","0"
"995543713","self-matching","81","Nonmatching","self","Self","Self","1021","1.021","1"
"995543713","self-matching","83","Nonmatching","friend","Friend","Close","1013","1.013","1"
"995543713","self-matching","85","Matching","friend","Friend","Close","869","0.869","1"
"995543713","self-matching","87","Nonmatching","friend","Friend","Close","886","0.886","1"
"995543713","self-matching","89","Matching","friend","Friend","Close","974","0.974","1"
"995543713","self-matching","91","Nonmatching","friend","Friend","Close","834","0.834","1"
"995543713","self-matching","93","Matching","self","Self","Self","874","0.874","1"
"995543713","self-matching","95","Matching","friend","Friend","Close","1194","1.194","1"
"995543713","self-matching","97","Matching","friend","Friend","Close","1335","1.335","1"
"995543713","self-matching","99","Nonmatching","friend","Friend","Close","920","0.92","1"
"995543713","self-matching","101","Matching","friend","Friend","Close","1403","1.403","1"
"995543713","self-matching","103","Nonmatching","friend","Friend","Close","1531","1.531","1"
"995543713","self-matching","105","Matching","friend","Friend","Close","980","0.98","1"
"995543713","self-matching","107","Matching","friend","Friend","Close","823","0.823","1"
"995543713","self-matching","109","Nonmatching","friend","Friend","Close","1212","1.212","1"
"995543713","self-matching","111","Nonmatching","self","Self","Self","980","0.98","0"
"995543713","self-matching","115","Nonmatching","self","Self","Self","1096","1.096","1"
"995543713","self-matching","117","Matching","self","Self","Self","466","0.466","1"
"995543713","self-matching","119","Nonmatching","friend","Friend","Close","1208","1.208","1"
"995543713","self-matching","121","Matching","friend","Friend","Close","952","0.952","0"
"995543713","self-matching","123","Nonmatching","self","Self","Self","887","0.887","0"
"995543713","self-matching","125","Nonmatching","friend","Friend","Close","897","0.897","0"
"995543713","self-matching","129","Matching","self","Self","Self","851","0.851","1"
"995543713","self-matching","131","Matching","friend","Friend","Close","826","0.826","1"
"995543713","self-matching","133","Matching","self","Self","Self","894","0.894","0"
"995543713","self-matching","135","Nonmatching","friend","Friend","Close","953","0.953","1"
"995543713","self-matching","137","Matching","self","Self","Self","1001","1.001","1"
"995543713","self-matching","139","Matching","self","Self","Self","977","0.977","1"
"995543713","self-matching","141","Nonmatching","self","Self","Self","806","0.806","1"
"995543713","self-matching","143","Matching","self","Self","Self","774","0.774","1"
"995543713","self-matching","145","Nonmatching","self","Self","Self","771","0.771","1"
"995543713","self-matching","147","Matching","self","Self","Self","1272","1.272","1"
"995543713","self-matching","149","Matching","self","Self","Self","682","0.682","1"
"995543713","self-matching","151","Matching","friend","Friend","Close","830","0.83","1"
"995543713","self-matching","153","Matching","friend","Friend","Close","1155","1.155","1"
"995543713","self-matching","155","Nonmatching","self","Self","Self","857","0.857","1"
"995543713","self-matching","157","Matching","self","Self","Self","639","0.639","1"
"995543713","self-matching","159","Nonmatching","self","Self","Self","1043","1.043","1"
"995543713","self-matching","161","Matching","friend","Friend","Close","1065","1.065","1"
"995543713","self-matching","163","Matching","self","Self","Self","957","0.957","1"
"995543713","self-matching","165","Nonmatching","self","Self","Self","627","0.627","1"
"995543713","self-matching","167","Matching","self","Self","Self","823","0.823","1"
"995543713","self-matching","169","Nonmatching","friend","Friend","Close","1415","1.415","1"
"995543713","self-matching","171","Matching","self","Self","Self","1321","1.321","1"
"995543713","self-matching","173","Nonmatching","self","Self","Self","928","0.928","1"
"995543713","self-matching","175","Matching","self","Self","Self","647","0.647","1"
"995543713","self-matching","177","Matching","friend","Friend","Close","1038","1.038","1"
"995543713","self-matching","179","Nonmatching","self","Self","Self","1094","1.094","1"
"995543713","self-matching","181","Matching","self","Self","Self","784","0.784","1"
"995543713","self-matching","183","Nonmatching","self","Self","Self","1324","1.324","1"
"995543713","self-matching","185","Nonmatching","friend","Friend","Close","974","0.974","1"
"995543713","self-matching","187","Matching","friend","Friend","Close","643","0.643","1"
"995543713","self-matching","189","Matching","friend","Friend","Close","758","0.758","1"
"995543713","self-matching","191","Nonmatching","self","Self","Self","908","0.908","1"
"995543713","self-matching","193","Matching","friend","Friend","Close","844","0.844","1"
"995543713","self-matching","195","Matching","friend","Friend","Close","1185","1.185","1"
"995543713","self-matching","197","Nonmatching","self","Self","Self","1010","1.01","1"
"995543713","self-matching","199","Matching","friend","Friend","Close","759","0.759","1"
"995543713","self-matching","201","Nonmatching","friend","Friend","Close","758","0.758","1"
"995543713","self-matching","203","Nonmatching","friend","Friend","Close","799","0.799","1"
"995543713","self-matching","205","Nonmatching","self","Self","Self","926","0.926","1"
"995543713","self-matching","207","Nonmatching","friend","Friend","Close","963","0.963","1"
"995543713","self-matching","209","Matching","friend","Friend","Close","786","0.786","1"
"995543713","self-matching","211","Nonmatching","self","Self","Self","856","0.856","1"
"995543713","self-matching","213","Matching","self","Self","Self","1482","1.482","1"
"995543713","self-matching","215","Nonmatching","self","Self","Self","695","0.695","1"
"995543713","self-matching","217","Nonmatching","self","Self","Self","1045","1.045","1"
"995543713","self-matching","219","Nonmatching","self","Self","Self","569","0.569","1"
"995543713","self-matching","221","Nonmatching","friend","Friend","Close","764","0.764","1"
"995543713","self-matching","223","Nonmatching","friend","Friend","Close","671","0.671","1"
"995543713","self-matching","225","Matching","self","Self","Self","1078","1.078","1"
"995543713","self-matching","227","Nonmatching","self","Self","Self","792","0.792","1"
"995543713","self-matching","229","Nonmatching","friend","Friend","Close","963","0.963","1"
"995543713","self-matching","231","Matching","friend","Friend","Close","652","0.652","0"
"995543713","self-matching","233","Nonmatching","friend","Friend","Close","1070","1.07","1"
"995543713","self-matching","235","Nonmatching","friend","Friend","Close","1078","1.078","1"
"995543713","self-matching","237","Nonmatching","friend","Friend","Close","484","0.484","1"
"995543713","self-matching","239","Matching","friend","Friend","Close","1190","1.19","1"
"995543714","self-matching","1","Nonmatching","friend","Friend","Close","694","0.694","1"
"995543714","self-matching","3","Nonmatching","friend","Friend","Close","652","0.652","1"
"995543714","self-matching","5","Matching","self","Self","Self","572","0.572","1"
"995543714","self-matching","7","Matching","friend","Friend","Close","568","0.568","0"
"995543714","self-matching","9","Matching","self","Self","Self","771","0.771","1"
"995543714","self-matching","11","Matching","friend","Friend","Close","782","0.782","1"
"995543714","self-matching","13","Nonmatching","self","Self","Self","650","0.65","1"
"995543714","self-matching","15","Matching","friend","Friend","Close","769","0.769","1"
"995543714","self-matching","17","Nonmatching","self","Self","Self","620","0.62","1"
"995543714","self-matching","19","Nonmatching","self","Self","Self","669","0.669","1"
"995543714","self-matching","21","Nonmatching","self","Self","Self","573","0.573","1"
"995543714","self-matching","23","Matching","friend","Friend","Close","776","0.776","1"
"995543714","self-matching","25","Matching","self","Self","Self","475","0.475","1"
"995543714","self-matching","27","Nonmatching","friend","Friend","Close","802","0.802","1"
"995543714","self-matching","29","Nonmatching","friend","Friend","Close","612","0.612","1"
"995543714","self-matching","31","Matching","friend","Friend","Close","742","0.742","1"
"995543714","self-matching","33","Nonmatching","self","Self","Self","898","0.898","1"
"995543714","self-matching","35","Nonmatching","self","Self","Self","568","0.568","1"
"995543714","self-matching","37","Nonmatching","self","Self","Self","492","0.492","1"
"995543714","self-matching","39","Nonmatching","friend","Friend","Close","618","0.618","1"
"995543714","self-matching","41","Nonmatching","friend","Friend","Close","484","0.484","1"
"995543714","self-matching","43","Matching","friend","Friend","Close","778","0.778","1"
"995543714","self-matching","45","Nonmatching","friend","Friend","Close","477","0.477","1"
"995543714","self-matching","47","Matching","self","Self","Self","613","0.613","1"
"995543714","self-matching","49","Nonmatching","friend","Friend","Close","542","0.542","1"
"995543714","self-matching","51","Matching","self","Self","Self","515","0.515","1"
"995543714","self-matching","53","Nonmatching","self","Self","Self","560","0.56","1"
"995543714","self-matching","55","Nonmatching","friend","Friend","Close","724","0.724","1"
"995543714","self-matching","57","Nonmatching","self","Self","Self","649","0.649","1"
"995543714","self-matching","59","Matching","friend","Friend","Close","721","0.721","1"
"995543714","self-matching","61","Matching","friend","Friend","Close","974","0.974","1"
"995543714","self-matching","63","Matching","friend","Friend","Close","674","0.674","1"
"995543714","self-matching","65","Nonmatching","self","Self","Self","681","0.681","1"
"995543714","self-matching","67","Matching","friend","Friend","Close","768","0.768","1"
"995543714","self-matching","69","Matching","self","Self","Self","603","0.603","1"
"995543714","self-matching","71","Matching","self","Self","Self","645","0.645","1"
"995543714","self-matching","73","Nonmatching","self","Self","Self","533","0.533","1"
"995543714","self-matching","75","Matching","self","Self","Self","746","0.746","1"
"995543714","self-matching","77","Nonmatching","friend","Friend","Close","742","0.742","1"
"995543714","self-matching","79","Matching","self","Self","Self","539","0.539","1"
"995543714","self-matching","81","Matching","self","Self","Self","607","0.607","1"
"995543714","self-matching","83","Matching","self","Self","Self","441","0.441","1"
"995543714","self-matching","85","Nonmatching","self","Self","Self","498","0.498","1"
"995543714","self-matching","87","Matching","friend","Friend","Close","656","0.656","1"
"995543714","self-matching","89","Nonmatching","friend","Friend","Close","600","0.6","1"
"995543714","self-matching","91","Matching","friend","Friend","Close","618","0.618","1"
"995543714","self-matching","93","Matching","self","Self","Self","683","0.683","1"
"995543714","self-matching","95","Matching","self","Self","Self","490","0.49","1"
"995543714","self-matching","97","Matching","self","Self","Self","408","0.408","1"
"995543714","self-matching","99","Nonmatching","friend","Friend","Close","514","0.514","1"
"995543714","self-matching","101","Nonmatching","friend","Friend","Close","528","0.528","1"
"995543714","self-matching","103","Nonmatching","friend","Friend","Close","477","0.477","1"
"995543714","self-matching","105","Matching","friend","Friend","Close","732","0.732","1"
"995543714","self-matching","107","Nonmatching","friend","Friend","Close","505","0.505","1"
"995543714","self-matching","109","Matching","self","Self","Self","599","0.599","1"
"995543714","self-matching","111","Nonmatching","self","Self","Self","505","0.505","1"
"995543714","self-matching","113","Matching","friend","Friend","Close","647","0.647","0"
"995543714","self-matching","115","Nonmatching","friend","Friend","Close","695","0.695","1"
"995543714","self-matching","117","Nonmatching","friend","Friend","Close","669","0.669","1"
"995543714","self-matching","119","Matching","self","Self","Self","757","0.757","1"
"995543714","self-matching","121","Matching","friend","Friend","Close","545","0.545","0"
"995543714","self-matching","123","Matching","self","Self","Self","525","0.525","1"
"995543714","self-matching","125","Nonmatching","self","Self","Self","674","0.674","1"
"995543714","self-matching","127","Nonmatching","friend","Friend","Close","762","0.762","1"
"995543714","self-matching","129","Nonmatching","self","Self","Self","638","0.638","1"
"995543714","self-matching","131","Nonmatching","self","Self","Self","790","0.79","1"
"995543714","self-matching","133","Nonmatching","friend","Friend","Close","592","0.592","1"
"995543714","self-matching","135","Matching","self","Self","Self","571","0.571","1"
"995543714","self-matching","137","Matching","self","Self","Self","446","0.446","1"
"995543714","self-matching","139","Nonmatching","friend","Friend","Close","622","0.622","1"
"995543714","self-matching","141","Nonmatching","self","Self","Self","599","0.599","1"
"995543714","self-matching","143","Matching","friend","Friend","Close","689","0.689","1"
"995543714","self-matching","145","Nonmatching","self","Self","Self","584","0.584","1"
"995543714","self-matching","147","Nonmatching","friend","Friend","Close","555","0.555","1"
"995543714","self-matching","149","Nonmatching","self","Self","Self","967","0.967","1"
"995543714","self-matching","151","Matching","friend","Friend","Close","874","0.874","1"
"995543714","self-matching","153","Nonmatching","friend","Friend","Close","849","0.849","1"
"995543714","self-matching","155","Nonmatching","friend","Friend","Close","649","0.649","1"
"995543714","self-matching","157","Matching","friend","Friend","Close","953","0.953","1"
"995543714","self-matching","159","Nonmatching","friend","Friend","Close","645","0.645","1"
"995543714","self-matching","161","Nonmatching","self","Self","Self","613","0.613","1"
"995543714","self-matching","163","Nonmatching","self","Self","Self","590","0.59","1"
"995543714","self-matching","165","Matching","friend","Friend","Close","577","0.577","1"
"995543714","self-matching","167","Matching","friend","Friend","Close","404","0.404","1"
"995543714","self-matching","169","Matching","friend","Friend","Close","374","0.374","1"
"995543714","self-matching","171","Matching","friend","Friend","Close","361","0.361","1"
"995543714","self-matching","173","Matching","friend","Friend","Close","389","0.389","1"
"995543714","self-matching","175","Matching","self","Self","Self","591","0.591","1"
"995543714","self-matching","177","Matching","friend","Friend","Close","618","0.618","1"
"995543714","self-matching","179","Matching","self","Self","Self","395","0.395","1"
"995543714","self-matching","181","Matching","self","Self","Self","445","0.445","1"
"995543714","self-matching","183","Nonmatching","friend","Friend","Close","365","0.365","0"
"995543714","self-matching","185","Matching","friend","Friend","Close","697","0.697","1"
"995543714","self-matching","187","Nonmatching","self","Self","Self","494","0.494","1"
"995543714","self-matching","189","Nonmatching","self","Self","Self","669","0.669","1"
"995543714","self-matching","191","Matching","friend","Friend","Close","604","0.604","1"
"995543714","self-matching","193","Matching","self","Self","Self","478","0.478","1"
"995543714","self-matching","195","Nonmatching","self","Self","Self","501","0.501","1"
"995543714","self-matching","197","Nonmatching","self","Self","Self","547","0.547","1"
"995543714","self-matching","199","Nonmatching","friend","Friend","Close","711","0.711","1"
"995543714","self-matching","201","Nonmatching","friend","Friend","Close","749","0.749","1"
"995543714","self-matching","203","Nonmatching","self","Self","Self","489","0.489","1"
"995543714","self-matching","205","Nonmatching","self","Self","Self","640","0.64","1"
"995543714","self-matching","207","Matching","self","Self","Self","680","0.68","1"
"995543714","self-matching","209","Nonmatching","friend","Friend","Close","1215","1.215","1"
"995543714","self-matching","211","Matching","friend","Friend","Close","648","0.648","1"
"995543714","self-matching","213","Matching","self","Self","Self","520","0.52","1"
"995543714","self-matching","215","Matching","friend","Friend","Close","725","0.725","1"
"995543714","self-matching","217","Matching","self","Self","Self","563","0.563","1"
"995543714","self-matching","219","Matching","friend","Friend","Close","527","0.527","1"
"995543714","self-matching","221","Nonmatching","self","Self","Self","612","0.612","1"
"995543714","self-matching","223","Nonmatching","friend","Friend","Close","549","0.549","0"
"995543714","self-matching","225","Nonmatching","self","Self","Self","585","0.585","1"
"995543714","self-matching","227","Nonmatching","friend","Friend","Close","700","0.7","1"
"995543714","self-matching","229","Matching","friend","Friend","Close","882","0.882","1"
"995543714","self-matching","231","Nonmatching","self","Self","Self","600","0.6","1"
"995543714","self-matching","233","Matching","self","Self","Self","466","0.466","1"
"995543714","self-matching","235","Matching","self","Self","Self","890","0.89","1"
"995543714","self-matching","237","Matching","self","Self","Self","400","0.4","1"
"995543714","self-matching","239","Matching","self","Self","Self","450","0.45","1"
"995543715","self-matching","1","Matching","self","Self","Self","952","0.952","0"
"995543715","self-matching","3","Matching","friend","Friend","Close","1264","1.264","0"
"995543715","self-matching","5","Matching","friend","Friend","Close","1100","1.1","1"
"995543715","self-matching","7","Matching","friend","Friend","Close","855","0.855","1"
"995543715","self-matching","9","Nonmatching","self","Self","Self","680","0.68","1"
"995543715","self-matching","11","Nonmatching","self","Self","Self","642","0.642","1"
"995543715","self-matching","13","Nonmatching","friend","Friend","Close","910","0.91","1"
"995543715","self-matching","15","Matching","friend","Friend","Close","772","0.772","0"
"995543715","self-matching","17","Matching","self","Self","Self","1021","1.021","1"
"995543715","self-matching","19","Nonmatching","self","Self","Self","637","0.637","1"
"995543715","self-matching","21","Matching","self","Self","Self","439","0.439","1"
"995543715","self-matching","23","Nonmatching","friend","Friend","Close","803","0.803","1"
"995543715","self-matching","25","Nonmatching","friend","Friend","Close","554","0.554","1"
"995543715","self-matching","27","Matching","self","Self","Self","646","0.646","1"
"995543715","self-matching","29","Matching","friend","Friend","Close","778","0.778","1"
"995543715","self-matching","31","Nonmatching","friend","Friend","Close","668","0.668","1"
"995543715","self-matching","33","Nonmatching","friend","Friend","Close","605","0.605","1"
"995543715","self-matching","35","Matching","friend","Friend","Close","794","0.794","1"
"995543715","self-matching","37","Nonmatching","self","Self","Self","986","0.986","1"
"995543715","self-matching","39","Matching","friend","Friend","Close","747","0.747","1"
"995543715","self-matching","41","Nonmatching","friend","Friend","Close","764","0.764","1"
"995543715","self-matching","43","Matching","friend","Friend","Close","866","0.866","0"
"995543715","self-matching","45","Nonmatching","self","Self","Self","674","0.674","1"
"995543715","self-matching","47","Nonmatching","self","Self","Self","729","0.729","1"
"995543715","self-matching","49","Matching","friend","Friend","Close","709","0.709","1"
"995543715","self-matching","51","Nonmatching","self","Self","Self","603","0.603","1"
"995543715","self-matching","53","Matching","self","Self","Self","434","0.434","1"
"995543715","self-matching","55","Matching","friend","Friend","Close","740","0.74","1"
"995543715","self-matching","57","Matching","friend","Friend","Close","593","0.593","1"
"995543715","self-matching","59","Matching","self","Self","Self","718","0.718","0"
"995543715","self-matching","61","Nonmatching","self","Self","Self","388","0.388","0"
"995543715","self-matching","63","Nonmatching","self","Self","Self","630","0.63","1"
"995543715","self-matching","65","Nonmatching","friend","Friend","Close","623","0.623","0"
"995543715","self-matching","67","Matching","self","Self","Self","711","0.711","1"
"995543715","self-matching","69","Matching","self","Self","Self","347","0.347","1"
"995543715","self-matching","71","Matching","self","Self","Self","430","0.43","1"
"995543715","self-matching","73","Nonmatching","self","Self","Self","477","0.477","1"
"995543715","self-matching","75","Nonmatching","friend","Friend","Close","761","0.761","1"
"995543715","self-matching","77","Matching","friend","Friend","Close","638","0.638","0"
"995543715","self-matching","79","Matching","self","Self","Self","664","0.664","1"
"995543715","self-matching","81","Nonmatching","friend","Friend","Close","884","0.884","1"
"995543715","self-matching","83","Nonmatching","friend","Friend","Close","653","0.653","1"
"995543715","self-matching","85","Matching","friend","Friend","Close","725","0.725","1"
"995543715","self-matching","87","Matching","friend","Friend","Close","713","0.713","1"
"995543715","self-matching","89","Matching","friend","Friend","Close","687","0.687","1"
"995543715","self-matching","91","Nonmatching","friend","Friend","Close","687","0.687","1"
"995543715","self-matching","93","Nonmatching","friend","Friend","Close","626","0.626","1"
"995543715","self-matching","95","Matching","self","Self","Self","554","0.554","1"
"995543715","self-matching","97","Nonmatching","friend","Friend","Close","709","0.709","1"
"995543715","self-matching","99","Matching","self","Self","Self","543","0.543","1"
"995543715","self-matching","101","Matching","friend","Friend","Close","957","0.957","1"
"995543715","self-matching","103","Matching","self","Self","Self","662","0.662","1"
"995543715","self-matching","105","Nonmatching","friend","Friend","Close","611","0.611","1"
"995543715","self-matching","107","Matching","friend","Friend","Close","726","0.726","1"
"995543715","self-matching","109","Nonmatching","self","Self","Self","659","0.659","1"
"995543715","self-matching","111","Matching","friend","Friend","Close","692","0.692","1"
"995543715","self-matching","113","Matching","friend","Friend","Close","762","0.762","1"
"995543715","self-matching","115","Matching","self","Self","Self","579","0.579","1"
"995543715","self-matching","117","Nonmatching","self","Self","Self","508","0.508","1"
"995543715","self-matching","119","Nonmatching","self","Self","Self","617","0.617","1"
"995543715","self-matching","121","Nonmatching","friend","Friend","Close","643","0.643","0"
"995543715","self-matching","123","Nonmatching","self","Self","Self","695","0.695","0"
"995543715","self-matching","125","Matching","friend","Friend","Close","927","0.927","1"
"995543715","self-matching","127","Matching","friend","Friend","Close","750","0.75","0"
"995543715","self-matching","129","Nonmatching","friend","Friend","Close","541","0.541","1"
"995543715","self-matching","131","Nonmatching","self","Self","Self","763","0.763","0"
"995543715","self-matching","133","Matching","friend","Friend","Close","651","0.651","1"
"995543715","self-matching","135","Matching","self","Self","Self","538","0.538","1"
"995543715","self-matching","137","Matching","self","Self","Self","539","0.539","1"
"995543715","self-matching","139","Matching","friend","Friend","Close","617","0.617","1"
"995543715","self-matching","141","Matching","self","Self","Self","692","0.692","1"
"995543715","self-matching","143","Nonmatching","friend","Friend","Close","581","0.581","1"
"995543715","self-matching","145","Matching","self","Self","Self","468","0.468","1"
"995543715","self-matching","147","Nonmatching","self","Self","Self","790","0.79","1"
"995543715","self-matching","149","Matching","self","Self","Self","530","0.53","1"
"995543715","self-matching","151","Nonmatching","self","Self","Self","968","0.968","1"
"995543715","self-matching","153","Nonmatching","self","Self","Self","1393","1.393","1"
"995543715","self-matching","155","Nonmatching","friend","Friend","Close","831","0.831","0"
"995543715","self-matching","157","Nonmatching","friend","Friend","Close","1195","1.195","1"
"995543715","self-matching","159","Nonmatching","friend","Friend","Close","635","0.635","1"
"995543715","self-matching","161","Nonmatching","self","Self","Self","1076","1.076","1"
"995543715","self-matching","163","Nonmatching","self","Self","Self","538","0.538","1"
"995543715","self-matching","165","Nonmatching","self","Self","Self","517","0.517","1"
"995543715","self-matching","167","Matching","friend","Friend","Close","753","0.753","1"
"995543715","self-matching","169","Matching","self","Self","Self","439","0.439","0"
"995543715","self-matching","171","Matching","self","Self","Self","681","0.681","1"
"995543715","self-matching","173","Matching","friend","Friend","Close","1112","1.112","1"
"995543715","self-matching","175","Nonmatching","self","Self","Self","864","0.864","1"
"995543715","self-matching","177","Matching","self","Self","Self","869","0.869","1"
"995543715","self-matching","179","Nonmatching","friend","Friend","Close","916","0.916","1"
"995543715","self-matching","181","Matching","self","Self","Self","779","0.779","1"
"995543715","self-matching","183","Nonmatching","friend","Friend","Close","843","0.843","1"
"995543715","self-matching","185","Matching","self","Self","Self","615","0.615","1"
"995543715","self-matching","187","Nonmatching","self","Self","Self","581","0.581","1"
"995543715","self-matching","189","Matching","friend","Friend","Close","830","0.83","0"
"995543715","self-matching","191","Nonmatching","friend","Friend","Close","618","0.618","0"
"995543715","self-matching","193","Matching","self","Self","Self","1309","1.309","1"
"995543715","self-matching","195","Matching","self","Self","Self","774","0.774","1"
"995543715","self-matching","199","Nonmatching","self","Self","Self","786","0.786","1"
"995543715","self-matching","201","Nonmatching","self","Self","Self","1597","1.597","1"
"995543715","self-matching","203","Nonmatching","self","Self","Self","581","0.581","1"
"995543715","self-matching","205","Matching","friend","Friend","Close","835","0.835","1"
"995543715","self-matching","207","Nonmatching","friend","Friend","Close","728","0.728","1"
"995543715","self-matching","209","Matching","friend","Friend","Close","583","0.583","0"
"995543715","self-matching","211","Matching","friend","Friend","Close","513","0.513","1"
"995543715","self-matching","213","Matching","self","Self","Self","1080","1.08","1"
"995543715","self-matching","215","Nonmatching","friend","Friend","Close","644","0.644","1"
"995543715","self-matching","217","Matching","friend","Friend","Close","690","0.69","1"
"995543715","self-matching","219","Nonmatching","friend","Friend","Close","704","0.704","1"
"995543715","self-matching","221","Matching","self","Self","Self","484","0.484","1"
"995543715","self-matching","223","Nonmatching","friend","Friend","Close","864","0.864","1"
"995543715","self-matching","225","Nonmatching","self","Self","Self","748","0.748","0"
"995543715","self-matching","227","Nonmatching","friend","Friend","Close","655","0.655","1"
"995543715","self-matching","229","Matching","self","Self","Self","575","0.575","1"
"995543715","self-matching","231","Matching","self","Self","Self","684","0.684","1"
"995543715","self-matching","233","Nonmatching","self","Self","Self","693","0.693","1"
"995543715","self-matching","235","Nonmatching","self","Self","Self","1012","1.012","1"
"995543715","self-matching","237","Nonmatching","friend","Friend","Close","744","0.744","1"
"995543715","self-matching","239","Nonmatching","friend","Friend","Close","768","0.768","0"
"995543725","self-matching","1","Matching","self","Self","Self","621","0.621","1"
"995543725","self-matching","3","Nonmatching","friend","Friend","Close","844","0.844","1"
"995543725","self-matching","5","Matching","friend","Friend","Close","921","0.921","1"
"995543725","self-matching","7","Nonmatching","self","Self","Self","786","0.786","1"
"995543725","self-matching","9","Nonmatching","self","Self","Self","1150","1.15","0"
"995543725","self-matching","11","Nonmatching","friend","Friend","Close","963","0.963","1"
"995543725","self-matching","13","Matching","friend","Friend","Close","1106","1.106","1"
"995543725","self-matching","15","Matching","self","Self","Self","849","0.849","0"
"995543725","self-matching","17","Nonmatching","friend","Friend","Close","1372","1.372","1"
"995543725","self-matching","19","Matching","self","Self","Self","876","0.876","1"
"995543725","self-matching","21","Nonmatching","self","Self","Self","766","0.766","1"
"995543725","self-matching","23","Matching","friend","Friend","Close","916","0.916","1"
"995543725","self-matching","25","Nonmatching","self","Self","Self","758","0.758","1"
"995543725","self-matching","27","Matching","self","Self","Self","583","0.583","1"
"995543725","self-matching","29","Nonmatching","friend","Friend","Close","682","0.682","1"
"995543725","self-matching","31","Nonmatching","friend","Friend","Close","993","0.993","1"
"995543725","self-matching","33","Matching","self","Self","Self","1005","1.005","1"
"995543725","self-matching","35","Matching","friend","Friend","Close","829","0.829","1"
"995543725","self-matching","37","Nonmatching","self","Self","Self","841","0.841","1"
"995543725","self-matching","39","Nonmatching","friend","Friend","Close","741","0.741","1"
"995543725","self-matching","41","Matching","friend","Friend","Close","1065","1.065","1"
"995543725","self-matching","43","Matching","self","Self","Self","760","0.76","1"
"995543725","self-matching","45","Nonmatching","friend","Friend","Close","631","0.631","1"
"995543725","self-matching","47","Nonmatching","friend","Friend","Close","1123","1.123","1"
"995543725","self-matching","49","Matching","self","Self","Self","416","0.416","1"
"995543725","self-matching","51","Matching","self","Self","Self","1179","1.179","1"
"995543725","self-matching","53","Matching","self","Self","Self","464","0.464","1"
"995543725","self-matching","55","Nonmatching","friend","Friend","Close","459","0.459","1"
"995543725","self-matching","57","Matching","friend","Friend","Close","587","0.587","1"
"995543725","self-matching","59","Matching","self","Self","Self","720","0.72","1"
"995543725","self-matching","61","Nonmatching","self","Self","Self","588","0.588","1"
"995543725","self-matching","63","Matching","friend","Friend","Close","524","0.524","0"
"995543725","self-matching","65","Matching","self","Self","Self","676","0.676","1"
"995543725","self-matching","67","Nonmatching","friend","Friend","Close","1120","1.12","1"
"995543725","self-matching","69","Matching","self","Self","Self","488","0.488","1"
"995543725","self-matching","71","Nonmatching","self","Self","Self","606","0.606","1"
"995543725","self-matching","73","Matching","self","Self","Self","493","0.493","1"
"995543725","self-matching","75","Matching","friend","Friend","Close","784","0.784","1"
"995543725","self-matching","77","Nonmatching","friend","Friend","Close","587","0.587","1"
"995543725","self-matching","79","Nonmatching","self","Self","Self","677","0.677","1"
"995543725","self-matching","81","Matching","friend","Friend","Close","564","0.564","1"
"995543725","self-matching","83","Nonmatching","friend","Friend","Close","658","0.658","1"
"995543725","self-matching","85","Nonmatching","self","Self","Self","860","0.86","1"
"995543725","self-matching","87","Nonmatching","self","Self","Self","626","0.626","1"
"995543725","self-matching","89","Matching","friend","Friend","Close","622","0.622","1"
"995543725","self-matching","91","Nonmatching","friend","Friend","Close","804","0.804","1"
"995543725","self-matching","93","Nonmatching","self","Self","Self","675","0.675","1"
"995543725","self-matching","95","Matching","self","Self","Self","524","0.524","1"
"995543725","self-matching","97","Nonmatching","friend","Friend","Close","544","0.544","1"
"995543725","self-matching","99","Nonmatching","self","Self","Self","778","0.778","1"
"995543725","self-matching","101","Nonmatching","self","Self","Self","516","0.516","1"
"995543725","self-matching","103","Nonmatching","self","Self","Self","689","0.689","1"
"995543725","self-matching","105","Matching","self","Self","Self","533","0.533","1"
"995543725","self-matching","107","Nonmatching","friend","Friend","Close","1113","1.113","1"
"995543725","self-matching","109","Nonmatching","friend","Friend","Close","902","0.902","1"
"995543725","self-matching","111","Matching","self","Self","Self","642","0.642","1"
"995543725","self-matching","113","Matching","self","Self","Self","350","0.35","1"
"995543725","self-matching","115","Nonmatching","self","Self","Self","597","0.597","1"
"995543725","self-matching","117","Nonmatching","friend","Friend","Close","1055","1.055","1"
"995543725","self-matching","119","Matching","friend","Friend","Close","861","0.861","1"
"995543725","self-matching","121","Nonmatching","friend","Friend","Close","587","0.587","1"
"995543725","self-matching","123","Matching","friend","Friend","Close","518","0.518","0"
"995543725","self-matching","125","Nonmatching","friend","Friend","Close","817","0.817","1"
"995543725","self-matching","127","Nonmatching","friend","Friend","Close","827","0.827","1"
"995543725","self-matching","129","Nonmatching","self","Self","Self","606","0.606","1"
"995543725","self-matching","131","Matching","friend","Friend","Close","607","0.607","1"
"995543725","self-matching","133","Matching","friend","Friend","Close","691","0.691","1"
"995543725","self-matching","135","Matching","friend","Friend","Close","422","0.422","1"
"995543725","self-matching","137","Nonmatching","friend","Friend","Close","683","0.683","1"
"995543725","self-matching","139","Matching","friend","Friend","Close","715","0.715","1"
"995543725","self-matching","141","Matching","friend","Friend","Close","368","0.368","1"
"995543725","self-matching","143","Nonmatching","self","Self","Self","608","0.608","1"
"995543725","self-matching","145","Matching","friend","Friend","Close","687","0.687","1"
"995543725","self-matching","147","Nonmatching","self","Self","Self","677","0.677","1"
"995543725","self-matching","149","Matching","friend","Friend","Close","382","0.382","0"
"995543725","self-matching","151","Matching","self","Self","Self","1155","1.155","1"
"995543725","self-matching","153","Matching","friend","Friend","Close","592","0.592","1"
"995543725","self-matching","155","Nonmatching","self","Self","Self","694","0.694","1"
"995543725","self-matching","157","Matching","self","Self","Self","591","0.591","1"
"995543725","self-matching","159","Nonmatching","self","Self","Self","355","0.355","0"
"995543725","self-matching","161","Matching","self","Self","Self","1122","1.122","1"
"995543725","self-matching","163","Matching","self","Self","Self","676","0.676","1"
"995543725","self-matching","165","Nonmatching","self","Self","Self","715","0.715","1"
"995543725","self-matching","167","Nonmatching","self","Self","Self","736","0.736","1"
"995543725","self-matching","169","Nonmatching","self","Self","Self","593","0.593","1"
"995543725","self-matching","171","Matching","friend","Friend","Close","549","0.549","1"
"995543725","self-matching","173","Nonmatching","self","Self","Self","688","0.688","0"
"995543725","self-matching","175","Matching","self","Self","Self","376","0.376","1"
"995543725","self-matching","177","Matching","self","Self","Self","341","0.341","1"
"995543725","self-matching","179","Nonmatching","self","Self","Self","604","0.604","1"
"995543725","self-matching","181","Nonmatching","friend","Friend","Close","632","0.632","1"
"995543725","self-matching","183","Nonmatching","friend","Friend","Close","985","0.985","1"
"995543725","self-matching","185","Nonmatching","friend","Friend","Close","649","0.649","1"
"995543725","self-matching","187","Matching","friend","Friend","Close","659","0.659","1"
"995543725","self-matching","189","Matching","self","Self","Self","518","0.518","1"
"995543725","self-matching","191","Matching","friend","Friend","Close","961","0.961","0"
"995543725","self-matching","193","Matching","friend","Friend","Close","806","0.806","1"
"995543725","self-matching","195","Matching","self","Self","Self","683","0.683","1"
"995543725","self-matching","197","Matching","self","Self","Self","377","0.377","1"
"995543725","self-matching","199","Matching","self","Self","Self","327","0.327","1"
"995543725","self-matching","201","Nonmatching","friend","Friend","Close","534","0.534","0"
"995543725","self-matching","203","Matching","self","Self","Self","669","0.669","1"
"995543725","self-matching","205","Nonmatching","self","Self","Self","709","0.709","1"
"995543725","self-matching","207","Nonmatching","friend","Friend","Close","1012","1.012","1"
"995543725","self-matching","209","Nonmatching","friend","Friend","Close","584","0.584","1"
"995543725","self-matching","211","Nonmatching","self","Self","Self","823","0.823","1"
"995543725","self-matching","213","Matching","self","Self","Self","558","0.558","1"
"995543725","self-matching","215","Matching","friend","Friend","Close","785","0.785","0"
"995543725","self-matching","217","Nonmatching","self","Self","Self","858","0.858","1"
"995543725","self-matching","219","Nonmatching","friend","Friend","Close","991","0.991","1"
"995543725","self-matching","221","Matching","friend","Friend","Close","634","0.634","1"
"995543725","self-matching","223","Matching","friend","Friend","Close","588","0.588","1"
"995543725","self-matching","225","Matching","friend","Friend","Close","618","0.618","1"
"995543725","self-matching","227","Matching","friend","Friend","Close","502","0.502","1"
"995543725","self-matching","229","Nonmatching","friend","Friend","Close","647","0.647","1"
"995543725","self-matching","231","Nonmatching","self","Self","Self","819","0.819","1"
"995543725","self-matching","233","Nonmatching","friend","Friend","Close","797","0.797","0"
"995543725","self-matching","235","Matching","friend","Friend","Close","1106","1.106","1"
"995543725","self-matching","237","Matching","self","Self","Self","559","0.559","1"
"995543725","self-matching","239","Nonmatching","self","Self","Self","743","0.743","1"
"995543726","self-matching","1","Nonmatching","self","Self","Self","1106","1.106","1"
"995543726","self-matching","3","Matching","friend","Friend","Close","1232","1.232","1"
"995543726","self-matching","5","Nonmatching","friend","Friend","Close","1380","1.38","1"
"995543726","self-matching","7","Matching","friend","Friend","Close","1321","1.321","1"
"995543726","self-matching","9","Nonmatching","friend","Friend","Close","888","0.888","0"
"995543726","self-matching","11","Matching","self","Self","Self","510","0.51","1"
"995543726","self-matching","13","Matching","friend","Friend","Close","865","0.865","0"
"995543726","self-matching","15","Matching","self","Self","Self","553","0.553","1"
"995543726","self-matching","17","Nonmatching","self","Self","Self","680","0.68","1"
"995543726","self-matching","19","Nonmatching","self","Self","Self","574","0.574","1"
"995543726","self-matching","21","Matching","friend","Friend","Close","789","0.789","0"
"995543726","self-matching","23","Matching","friend","Friend","Close","574","0.574","1"
"995543726","self-matching","25","Matching","self","Self","Self","564","0.564","1"
"995543726","self-matching","27","Nonmatching","self","Self","Self","1066","1.066","1"
"995543726","self-matching","29","Nonmatching","self","Self","Self","801","0.801","1"
"995543726","self-matching","31","Nonmatching","friend","Friend","Close","568","0.568","1"
"995543726","self-matching","33","Nonmatching","friend","Friend","Close","525","0.525","1"
"995543726","self-matching","35","Nonmatching","self","Self","Self","1457","1.457","1"
"995543726","self-matching","37","Matching","self","Self","Self","385","0.385","1"
"995543726","self-matching","39","Nonmatching","friend","Friend","Close","769","0.769","1"
"995543726","self-matching","41","Matching","friend","Friend","Close","333","0.333","0"
"995543726","self-matching","43","Matching","friend","Friend","Close","513","0.513","1"
"995543726","self-matching","45","Nonmatching","friend","Friend","Close","836","0.836","1"
"995543726","self-matching","47","Nonmatching","self","Self","Self","477","0.477","1"
"995543726","self-matching","49","Matching","friend","Friend","Close","1346","1.346","1"
"995543726","self-matching","51","Nonmatching","friend","Friend","Close","743","0.743","1"
"995543726","self-matching","53","Matching","self","Self","Self","579","0.579","1"
"995543726","self-matching","55","Matching","self","Self","Self","749","0.749","1"
"995543726","self-matching","57","Matching","self","Self","Self","677","0.677","1"
"995543726","self-matching","59","Matching","self","Self","Self","415","0.415","1"
"995543726","self-matching","61","Matching","friend","Friend","Close","560","0.56","0"
"995543726","self-matching","63","Matching","friend","Friend","Close","631","0.631","1"
"995543726","self-matching","65","Nonmatching","self","Self","Self","761","0.761","1"
"995543726","self-matching","67","Matching","friend","Friend","Close","823","0.823","1"
"995543726","self-matching","69","Nonmatching","self","Self","Self","529","0.529","1"
"995543726","self-matching","71","Matching","friend","Friend","Close","1174","1.174","1"
"995543726","self-matching","73","Matching","self","Self","Self","360","0.36","1"
"995543726","self-matching","75","Matching","self","Self","Self","426","0.426","1"
"995543726","self-matching","77","Matching","friend","Friend","Close","361","0.361","1"
"995543726","self-matching","79","Nonmatching","friend","Friend","Close","540","0.54","1"
"995543726","self-matching","81","Nonmatching","friend","Friend","Close","1165","1.165","0"
"995543726","self-matching","83","Matching","self","Self","Self","389","0.389","1"
"995543726","self-matching","85","Nonmatching","self","Self","Self","297","0.297","0"
"995543726","self-matching","87","Nonmatching","self","Self","Self","610","0.61","1"
"995543726","self-matching","89","Nonmatching","self","Self","Self","756","0.756","1"
"995543726","self-matching","91","Nonmatching","self","Self","Self","463","0.463","1"
"995543726","self-matching","93","Nonmatching","friend","Friend","Close","654","0.654","1"
"995543726","self-matching","95","Matching","self","Self","Self","794","0.794","1"
"995543726","self-matching","97","Nonmatching","friend","Friend","Close","582","0.582","1"
"995543726","self-matching","99","Matching","self","Self","Self","658","0.658","1"
"995543726","self-matching","101","Matching","self","Self","Self","442","0.442","1"
"995543726","self-matching","103","Matching","self","Self","Self","358","0.358","1"
"995543726","self-matching","105","Nonmatching","self","Self","Self","445","0.445","1"
"995543726","self-matching","107","Nonmatching","self","Self","Self","483","0.483","1"
"995543726","self-matching","109","Matching","self","Self","Self","628","0.628","1"
"995543726","self-matching","111","Nonmatching","friend","Friend","Close","699","0.699","1"
"995543726","self-matching","113","Nonmatching","friend","Friend","Close","871","0.871","1"
"995543726","self-matching","115","Matching","friend","Friend","Close","511","0.511","1"
"995543726","self-matching","117","Matching","self","Self","Self","380","0.38","1"
"995543726","self-matching","119","Nonmatching","friend","Friend","Close","283","0.283","0"
"995543726","self-matching","121","Nonmatching","self","Self","Self","950","0.95","1"
"995543726","self-matching","123","Nonmatching","self","Self","Self","718","0.718","1"
"995543726","self-matching","125","Matching","self","Self","Self","471","0.471","1"
"995543726","self-matching","127","Matching","friend","Friend","Close","793","0.793","1"
"995543726","self-matching","129","Matching","friend","Friend","Close","459","0.459","1"
"995543726","self-matching","131","Nonmatching","self","Self","Self","439","0.439","1"
"995543726","self-matching","133","Nonmatching","friend","Friend","Close","572","0.572","1"
"995543726","self-matching","135","Matching","friend","Friend","Close","627","0.627","1"
"995543726","self-matching","137","Matching","friend","Friend","Close","561","0.561","0"
"995543726","self-matching","139","Nonmatching","self","Self","Self","598","0.598","1"
"995543726","self-matching","141","Nonmatching","friend","Friend","Close","939","0.939","1"
"995543726","self-matching","143","Matching","friend","Friend","Close","1051","1.051","1"
"995543726","self-matching","145","Matching","friend","Friend","Close","433","0.433","1"
"995543726","self-matching","147","Matching","friend","Friend","Close","336","0.336","1"
"995543726","self-matching","149","Matching","self","Self","Self","538","0.538","1"
"995543726","self-matching","151","Nonmatching","friend","Friend","Close","769","0.769","1"
"995543726","self-matching","153","Matching","self","Self","Self","680","0.68","1"
"995543726","self-matching","155","Matching","self","Self","Self","502","0.502","1"
"995543726","self-matching","157","Matching","self","Self","Self","857","0.857","0"
"995543726","self-matching","159","Matching","self","Self","Self","437","0.437","1"
"995543726","self-matching","161","Matching","friend","Friend","Close","619","0.619","0"
"995543726","self-matching","163","Nonmatching","friend","Friend","Close","624","0.624","1"
"995543726","self-matching","165","Nonmatching","friend","Friend","Close","402","0.402","1"
"995543726","self-matching","167","Nonmatching","self","Self","Self","351","0.351","0"
"995543726","self-matching","169","Matching","friend","Friend","Close","763","0.763","1"
"995543726","self-matching","171","Nonmatching","friend","Friend","Close","408","0.408","1"
"995543726","self-matching","173","Matching","self","Self","Self","362","0.362","1"
"995543726","self-matching","175","Matching","self","Self","Self","340","0.34","1"
"995543726","self-matching","177","Matching","self","Self","Self","358","0.358","1"
"995543726","self-matching","179","Nonmatching","self","Self","Self","339","0.339","0"
"995543726","self-matching","181","Matching","friend","Friend","Close","792","0.792","0"
"995543726","self-matching","183","Nonmatching","self","Self","Self","641","0.641","1"
"995543726","self-matching","185","Nonmatching","self","Self","Self","723","0.723","1"
"995543726","self-matching","187","Nonmatching","friend","Friend","Close","590","0.59","1"
"995543726","self-matching","189","Nonmatching","self","Self","Self","807","0.807","1"
"995543726","self-matching","191","Nonmatching","friend","Friend","Close","740","0.74","1"
"995543726","self-matching","193","Matching","friend","Friend","Close","344","0.344","0"
"995543726","self-matching","195","Nonmatching","self","Self","Self","566","0.566","1"
"995543726","self-matching","197","Matching","self","Self","Self","506","0.506","1"
"995543726","self-matching","199","Nonmatching","friend","Friend","Close","436","0.436","1"
"995543726","self-matching","201","Nonmatching","friend","Friend","Close","511","0.511","1"
"995543726","self-matching","203","Nonmatching","friend","Friend","Close","539","0.539","1"
"995543726","self-matching","205","Nonmatching","friend","Friend","Close","641","0.641","1"
"995543726","self-matching","207","Nonmatching","self","Self","Self","807","0.807","1"
"995543726","self-matching","209","Matching","self","Self","Self","399","0.399","1"
"995543726","self-matching","211","Nonmatching","friend","Friend","Close","534","0.534","1"
"995543726","self-matching","213","Matching","friend","Friend","Close","425","0.425","1"
"995543726","self-matching","215","Matching","self","Self","Self","373","0.373","1"
"995543726","self-matching","217","Nonmatching","friend","Friend","Close","454","0.454","1"
"995543726","self-matching","219","Nonmatching","self","Self","Self","573","0.573","1"
"995543726","self-matching","221","Nonmatching","self","Self","Self","628","0.628","1"
"995543726","self-matching","223","Matching","friend","Friend","Close","621","0.621","1"
"995543726","self-matching","225","Nonmatching","friend","Friend","Close","472","0.472","1"
"995543726","self-matching","227","Matching","friend","Friend","Close","656","0.656","1"
"995543726","self-matching","229","Nonmatching","self","Self","Self","507","0.507","1"
"995543726","self-matching","231","Nonmatching","self","Self","Self","607","0.607","1"
"995543726","self-matching","233","Matching","friend","Friend","Close","493","0.493","1"
"995543726","self-matching","235","Matching","self","Self","Self","600","0.6","1"
"995543726","self-matching","237","Nonmatching","friend","Friend","Close","783","0.783","1"
"995543726","self-matching","239","Matching","friend","Friend","Close","648","0.648","0"
