"Subject","Trial","Shape","Label","Matching","ACC","RT_ms","bed","manipCheck","Resp","Cresp","Condition"
2,1,"Dreieck.png","Fremder","Matching",1,998,"L1m",1,"d","d","Ass2"
2,2,"Dreieck.png","Ich","Nonmatching",1,1333,"L2n",3,"k","k","Ass2"
2,3,"Kreis.png","Fremder","Nonmatching",1,1278,"L1n",2,"k","k","Ass2"
2,4,"Kreis.png","Ich","Matching",1,860,"L2m",4,"d","d","Ass2"
2,5,"Kreis.png","Fremder","Nonmatching",1,1214,"L1n",2,"k","k","Ass2"
2,6,"Kreis.png","Ich","Matching",1,500,"L2m",4,"d","d","Ass2"
2,7,"Dreieck.png","Ich","Nonmatching",1,2373,"L2n",3,"k","k","Ass2"
2,8,"Dreieck.png","Fremder","Matching",1,2212,"L1m",1,"d","d","Ass2"
2,9,"Kreis.png","Fremder","Nonmatching",1,1138,"L1n",2,"k","k","Ass2"
2,10,"Dreieck.png","Ich","Nonmatching",1,1119,"L2n",3,"k","k","Ass2"
2,11,"Kreis.png","Ich","Matching",1,712,"L2m",4,"d","d","Ass2"
2,12,"Dreieck.png","Fremder","Matching",0,1025,"L1m",1,"k","d","Ass2"
2,13,"Kreis.png","Ich","Matching",1,742,"L2m",4,"d","d","Ass2"
2,14,"Dreieck.png","Ich","Nonmatching",1,1068,"L2n",3,"k","k","Ass2"
2,15,"Kreis.png","Fremder","Nonmatching",0,1440,"L1n",2,"d","k","Ass2"
2,16,"Dreieck.png","Fremder","Matching",1,986,"L1m",1,"d","d","Ass2"
2,17,"Dreieck.png","Ich","Nonmatching",1,935,"L2n",3,"k","k","Ass2"
2,18,"Kreis.png","Fremder","Nonmatching",1,1986,"L1n",2,"k","k","Ass2"
2,19,"Dreieck.png","Fremder","Matching",0,683,"L1m",1,"k","d","Ass2"
2,20,"Kreis.png","Ich","Matching",1,640,"L2m",4,"d","d","Ass2"
2,21,"Kreis.png","Fremder","Nonmatching",1,800,"L1n",2,"k","k","Ass2"
2,22,"Dreieck.png","Ich","Nonmatching",1,1481,"L2n",3,"k","k","Ass2"
2,23,"Kreis.png","Ich","Matching",1,803,"L2m",4,"d","d","Ass2"
2,24,"Dreieck.png","Fremder","Matching",1,961,"L1m",1,"d","d","Ass2"
2,25,"Kreis.png","Ich","Matching",1,967,"L2m",4,"d","d","Ass2"
2,26,"Kreis.png","Fremder","Nonmatching",1,1243,"L1n",2,"k","k","Ass2"
2,27,"Dreieck.png","Fremder","Matching",1,1556,"L1m",1,"d","d","Ass2"
2,28,"Dreieck.png","Ich","Nonmatching",1,1000,"L2n",3,"k","k","Ass2"
2,29,"Kreis.png","Fremder","Nonmatching",0,1099,"L1n",2,"d","k","Ass2"
2,30,"Dreieck.png","Ich","Nonmatching",1,1119,"L2n",3,"k","k","Ass2"
2,31,"Dreieck.png","Fremder","Matching",1,1357,"L1m",1,"d","d","Ass2"
2,32,"Kreis.png","Ich","Matching",1,657,"L2m",4,"d","d","Ass2"
2,33,"Dreieck.png","Fremder","Matching",0,875,"L1m",1,"k","d","Ass2"
2,34,"Kreis.png","Ich","Matching",1,317,"L2m",4,"d","d","Ass2"
2,35,"Kreis.png","Fremder","Nonmatching",1,1019,"L1n",2,"k","k","Ass2"
2,36,"Dreieck.png","Ich","Nonmatching",1,1053,"L2n",3,"k","k","Ass2"
2,37,"Dreieck.png","Fremder","Matching",1,1043,"L1m",1,"d","d","Ass2"
2,38,"Kreis.png","Fremder","Nonmatching",1,762,"L1n",2,"k","k","Ass2"
2,39,"Kreis.png","Ich","Matching",1,905,"L2m",4,"d","d","Ass2"
2,40,"Dreieck.png","Ich","Nonmatching",1,1031,"L2n",3,"k","k","Ass2"
2,41,"Dreieck.png","Fremder","Matching",1,1286,"L1m",1,"d","d","Ass2"
2,42,"Dreieck.png","Ich","Nonmatching",1,1484,"L2n",3,"k","k","Ass2"
2,43,"Kreis.png","Fremder","Nonmatching",1,800,"L1n",2,"k","k","Ass2"
2,44,"Kreis.png","Ich","Matching",1,546,"L2m",4,"d","d","Ass2"
2,45,"Kreis.png","Ich","Matching",1,764,"L2m",4,"d","d","Ass2"
2,46,"Kreis.png","Fremder","Nonmatching",1,899,"L1n",2,"k","k","Ass2"
2,47,"Dreieck.png","Fremder","Matching",1,811,"L1m",1,"d","d","Ass2"
2,48,"Dreieck.png","Ich","Nonmatching",1,805,"L2n",3,"k","k","Ass2"
2,49,"Dreieck.png","Fremder","Matching",1,730,"L1m",1,"d","d","Ass2"
2,50,"Dreieck.png","Ich","Nonmatching",1,952,"L2n",3,"k","k","Ass2"
2,51,"Kreis.png","Fremder","Nonmatching",1,1177,"L1n",2,"k","k","Ass2"
2,52,"Kreis.png","Ich","Matching",1,432,"L2m",4,"d","d","Ass2"
2,53,"Kreis.png","Ich","Matching",1,669,"L2m",4,"d","d","Ass2"
2,54,"Dreieck.png","Fremder","Matching",0,946,"L1m",1,"k","d","Ass2"
2,55,"Kreis.png","Fremder","Nonmatching",1,638,"L1n",2,"k","k","Ass2"
2,56,"Dreieck.png","Ich","Nonmatching",1,854,"L2n",3,"k","k","Ass2"
2,57,"Dreieck.png","Ich","Nonmatching",1,983,"L2n",3,"k","k","Ass2"
2,58,"Dreieck.png","Fremder","Matching",1,1098,"L1m",1,"d","d","Ass2"
2,59,"Kreis.png","Fremder","Nonmatching",1,962,"L1n",2,"k","k","Ass2"
2,60,"Kreis.png","Ich","Matching",1,714,"L2m",4,"d","d","Ass2"
2,61,"Dreieck.png","Ich","Nonmatching",1,1400,"L2n",3,"k","k","Ass2"
2,62,"Kreis.png","Ich","Matching",1,519,"L2m",4,"d","d","Ass2"
2,63,"Dreieck.png","Fremder","Matching",1,1241,"L1m",1,"d","d","Ass2"
2,64,"Kreis.png","Fremder","Nonmatching",1,1488,"L1n",2,"k","k","Ass2"
2,65,"Kreis.png","Ich","Matching",1,899,"L2m",4,"d","d","Ass2"
2,66,"Kreis.png","Fremder","Nonmatching",1,898,"L1n",2,"k","k","Ass2"
2,67,"Dreieck.png","Fremder","Matching",1,955,"L1m",1,"d","d","Ass2"
2,68,"Dreieck.png","Ich","Nonmatching",1,854,"L2n",3,"k","k","Ass2"
2,69,"Kreis.png","Fremder","Nonmatching",1,1140,"L1n",2,"k","k","Ass2"
2,70,"Kreis.png","Ich","Matching",1,552,"L2m",4,"d","d","Ass2"
2,71,"Dreieck.png","Ich","Nonmatching",1,868,"L2n",3,"k","k","Ass2"
2,72,"Dreieck.png","Fremder","Matching",1,804,"L1m",1,"d","d","Ass2"
2,73,"Dreieck.png","Ich","Nonmatching",1,721,"L2n",3,"k","k","Ass2"
2,74,"Dreieck.png","Fremder","Matching",1,752,"L1m",1,"d","d","Ass2"
2,75,"Kreis.png","Fremder","Nonmatching",1,882,"L1n",2,"k","k","Ass2"
2,76,"Kreis.png","Ich","Matching",1,612,"L2m",4,"d","d","Ass2"
2,77,"Dreieck.png","Fremder","Matching",0,915,"L1m",1,"k","d","Ass2"
2,78,"Kreis.png","Fremder","Nonmatching",1,847,"L1n",2,"k","k","Ass2"
2,79,"Dreieck.png","Ich","Nonmatching",1,867,"L2n",3,"k","k","Ass2"
2,80,"Kreis.png","Ich","Matching",1,1010,"L2m",4,"d","d","Ass2"
2,81,"Kreis.png","Ich","Matching",1,639,"L2m",4,"d","d","Ass2"
2,82,"Dreieck.png","Ich","Nonmatching",1,736,"L2n",3,"k","k","Ass2"
2,83,"Dreieck.png","Fremder","Matching",1,1003,"L1m",1,"d","d","Ass2"
2,84,"Kreis.png","Fremder","Nonmatching",0,804,"L1n",2,"d","k","Ass2"
2,85,"Dreieck.png","Ich","Nonmatching",1,1167,"L2n",3,"k","k","Ass2"
2,86,"Dreieck.png","Fremder","Matching",1,830,"L1m",1,"d","d","Ass2"
2,87,"Kreis.png","Ich","Matching",1,622,"L2m",4,"d","d","Ass2"
2,88,"Kreis.png","Fremder","Nonmatching",1,942,"L1n",2,"k","k","Ass2"
2,89,"Kreis.png","Fremder","Nonmatching",1,1070,"L1n",2,"k","k","Ass2"
2,90,"Dreieck.png","Ich","Nonmatching",1,1006,"L2n",3,"k","k","Ass2"
2,91,"Dreieck.png","Fremder","Matching",1,847,"L1m",1,"d","d","Ass2"
2,92,"Kreis.png","Ich","Matching",1,674,"L2m",4,"d","d","Ass2"
2,93,"Dreieck.png","Fremder","Matching",1,720,"L1m",1,"d","d","Ass2"
2,94,"Dreieck.png","Ich","Nonmatching",1,868,"L2n",3,"k","k","Ass2"
2,95,"Kreis.png","Ich","Matching",1,654,"L2m",4,"d","d","Ass2"
2,96,"Kreis.png","Fremder","Nonmatching",1,830,"L1n",2,"k","k","Ass2"
2,97,"Kreis.png","Ich","Matching",1,513,"L2m",4,"d","d","Ass2"
2,98,"Dreieck.png","Ich","Nonmatching",1,796,"L2n",3,"k","k","Ass2"
2,99,"Dreieck.png","Fremder","Matching",1,1233,"L1m",1,"d","d","Ass2"
2,100,"Kreis.png","Fremder","Nonmatching",1,861,"L1n",2,"k","k","Ass2"
2,101,"Dreieck.png","Fremder","Matching",0,634,"L1m",1,"k","d","Ass2"
2,102,"Dreieck.png","Ich","Nonmatching",1,1212,"L2n",3,"k","k","Ass2"
2,103,"Kreis.png","Ich","Matching",1,753,"L2m",4,"d","d","Ass2"
2,104,"Kreis.png","Fremder","Nonmatching",1,676,"L1n",2,"k","k","Ass2"
2,105,"Kreis.png","Ich","Matching",1,574,"L2m",4,"d","d","Ass2"
2,106,"Kreis.png","Fremder","Nonmatching",1,612,"L1n",2,"k","k","Ass2"
2,107,"Dreieck.png","Ich","Nonmatching",1,1060,"L2n",3,"k","k","Ass2"
2,108,"Dreieck.png","Fremder","Matching",1,656,"L1m",1,"d","d","Ass2"
2,109,"Dreieck.png","Fremder","Matching",1,781,"L1m",1,"d","d","Ass2"
2,110,"Dreieck.png","Ich","Nonmatching",1,843,"L2n",3,"k","k","Ass2"
2,111,"Kreis.png","Fremder","Nonmatching",1,943,"L1n",2,"k","k","Ass2"
2,112,"Kreis.png","Ich","Matching",1,746,"L2m",4,"d","d","Ass2"
2,113,"Dreieck.png","Fremder","Matching",1,731,"L1m",1,"d","d","Ass2"
2,114,"Dreieck.png","Ich","Nonmatching",1,774,"L2n",3,"k","k","Ass2"
2,115,"Kreis.png","Fremder","Nonmatching",1,902,"L1n",2,"k","k","Ass2"
2,116,"Kreis.png","Ich","Matching",1,404,"L2m",4,"d","d","Ass2"
2,117,"Dreieck.png","Ich","Nonmatching",1,660,"L2n",3,"k","k","Ass2"
2,118,"Kreis.png","Fremder","Nonmatching",1,737,"L1n",2,"k","k","Ass2"
2,119,"Dreieck.png","Fremder","Matching",0,554,"L1m",1,"k","d","Ass2"
2,120,"Kreis.png","Ich","Matching",0,768,"L2m",4,"k","d","Ass2"
2,121,"Dreieck.png","Fremder","Matching",0,851,"L1m",1,"k","d","Ass2"
2,122,"Kreis.png","Fremder","Nonmatching",1,844,"L1n",2,"k","k","Ass2"
2,123,"Kreis.png","Ich","Matching",1,521,"L2m",4,"d","d","Ass2"
2,124,"Dreieck.png","Ich","Nonmatching",1,766,"L2n",3,"k","k","Ass2"
2,125,"Dreieck.png","Fremder","Matching",0,643,"L1m",1,"k","d","Ass2"
2,126,"Kreis.png","Fremder","Nonmatching",1,878,"L1n",2,"k","k","Ass2"
2,127,"Dreieck.png","Ich","Nonmatching",1,798,"L2n",3,"k","k","Ass2"
2,128,"Kreis.png","Ich","Matching",1,715,"L2m",4,"d","d","Ass2"
5,1,"Kreis.png","Fremder","Matching",1,1155,"L2m",4,"d","d","Ass1"
5,2,"Dreieck.png","Fremder","Nonmatching",1,1150,"L2n",3,"k","k","Ass1"
5,3,"Dreieck.png","Ich","Matching",1,795,"L1m",1,"d","d","Ass1"
5,4,"Kreis.png","Ich","Nonmatching",1,1335,"L1n",2,"k","k","Ass1"
5,5,"Kreis.png","Fremder","Matching",1,1021,"L2m",4,"d","d","Ass1"
5,6,"Dreieck.png","Ich","Matching",1,2477,"L1m",1,"d","d","Ass1"
5,7,"Dreieck.png","Fremder","Nonmatching",1,1038,"L2n",3,"k","k","Ass1"
5,8,"Kreis.png","Ich","Nonmatching",1,3629,"L1n",2,"k","k","Ass1"
5,9,"Kreis.png","Fremder","Matching",1,1135,"L2m",4,"d","d","Ass1"
5,10,"Dreieck.png","Ich","Matching",1,963,"L1m",1,"d","d","Ass1"
5,11,"Kreis.png","Ich","Nonmatching",1,1235,"L1n",2,"k","k","Ass1"
5,12,"Dreieck.png","Fremder","Nonmatching",1,1425,"L2n",3,"k","k","Ass1"
5,13,"Kreis.png","Fremder","Matching",1,1350,"L2m",4,"d","d","Ass1"
5,14,"Dreieck.png","Fremder","Nonmatching",1,1300,"L2n",3,"k","k","Ass1"
5,15,"Dreieck.png","Ich","Matching",1,658,"L1m",1,"d","d","Ass1"
5,16,"Kreis.png","Ich","Nonmatching",1,1187,"L1n",2,"k","k","Ass1"
5,17,"Dreieck.png","Ich","Matching",1,866,"L1m",1,"d","d","Ass1"
5,18,"Kreis.png","Fremder","Matching",1,3661,"L2m",4,"d","d","Ass1"
5,19,"Dreieck.png","Fremder","Nonmatching",1,716,"L2n",3,"k","k","Ass1"
5,20,"Kreis.png","Ich","Nonmatching",1,858,"L1n",2,"k","k","Ass1"
5,21,"Kreis.png","Fremder","Matching",1,801,"L2m",4,"d","d","Ass1"
5,22,"Dreieck.png","Ich","Matching",1,556,"L1m",1,"d","d","Ass1"
5,23,"Dreieck.png","Fremder","Nonmatching",1,1768,"L2n",3,"k","k","Ass1"
5,24,"Kreis.png","Ich","Nonmatching",1,1065,"L1n",2,"k","k","Ass1"
5,25,"Kreis.png","Ich","Nonmatching",1,2873,"L1n",2,"k","k","Ass1"
5,26,"Dreieck.png","Ich","Matching",1,798,"L1m",1,"d","d","Ass1"
5,27,"Kreis.png","Fremder","Matching",1,3582,"L2m",4,"d","d","Ass1"
5,28,"Dreieck.png","Fremder","Nonmatching",1,992,"L2n",3,"k","k","Ass1"
5,29,"Dreieck.png","Fremder","Nonmatching",0,353,"L2n",3,"d","k","Ass1"
5,30,"Kreis.png","Ich","Nonmatching",1,961,"L1n",2,"k","k","Ass1"
5,31,"Dreieck.png","Ich","Matching",1,666,"L1m",1,"d","d","Ass1"
5,32,"Kreis.png","Fremder","Matching",1,947,"L2m",4,"d","d","Ass1"
5,33,"Dreieck.png","Fremder","Nonmatching",1,812,"L2n",3,"k","k","Ass1"
5,34,"Kreis.png","Ich","Nonmatching",1,1339,"L1n",2,"k","k","Ass1"
5,35,"Kreis.png","Fremder","Matching",1,1999,"L2m",4,"d","d","Ass1"
5,36,"Dreieck.png","Ich","Matching",1,2927,"L1m",1,"d","d","Ass1"
5,37,"Kreis.png","Fremder","Matching",1,1990,"L2m",4,"d","d","Ass1"
5,38,"Dreieck.png","Fremder","Nonmatching",1,1009,"L2n",3,"k","k","Ass1"
5,39,"Kreis.png","Ich","Nonmatching",1,1265,"L1n",2,"k","k","Ass1"
5,40,"Dreieck.png","Ich","Matching",1,1088,"L1m",1,"d","d","Ass1"
5,41,"Kreis.png","Ich","Nonmatching",1,1483,"L1n",2,"k","k","Ass1"
5,42,"Kreis.png","Fremder","Matching",1,2407,"L2m",4,"d","d","Ass1"
5,43,"Dreieck.png","Fremder","Nonmatching",1,1097,"L2n",3,"k","k","Ass1"
5,44,"Dreieck.png","Ich","Matching",1,1258,"L1m",1,"d","d","Ass1"
5,45,"Kreis.png","Fremder","Matching",1,1197,"L2m",4,"d","d","Ass1"
5,46,"Dreieck.png","Fremder","Nonmatching",1,2945,"L2n",3,"k","k","Ass1"
5,47,"Dreieck.png","Ich","Matching",1,4831,"L1m",1,"d","d","Ass1"
5,48,"Kreis.png","Ich","Nonmatching",1,4562,"L1n",2,"k","k","Ass1"
5,49,"Dreieck.png","Fremder","Nonmatching",1,4160,"L2n",3,"k","k","Ass1"
5,50,"Kreis.png","Ich","Nonmatching",1,735,"L1n",2,"k","k","Ass1"
5,51,"Dreieck.png","Ich","Matching",1,720,"L1m",1,"d","d","Ass1"
5,52,"Kreis.png","Fremder","Matching",1,1582,"L2m",4,"d","d","Ass1"
5,53,"Kreis.png","Ich","Nonmatching",1,761,"L1n",2,"k","k","Ass1"
5,54,"Dreieck.png","Fremder","Nonmatching",1,880,"L2n",3,"k","k","Ass1"
5,55,"Kreis.png","Fremder","Matching",0,669,"L2m",4,"k","d","Ass1"
5,56,"Dreieck.png","Ich","Matching",1,1069,"L1m",1,"d","d","Ass1"
5,57,"Dreieck.png","Fremder","Nonmatching",1,1679,"L2n",3,"k","k","Ass1"
5,58,"Kreis.png","Fremder","Matching",1,1317,"L2m",4,"d","d","Ass1"
5,59,"Dreieck.png","Ich","Matching",1,1858,"L1m",1,"d","d","Ass1"
5,60,"Kreis.png","Ich","Nonmatching",1,1264,"L1n",2,"k","k","Ass1"
5,61,"Kreis.png","Ich","Nonmatching",1,2420,"L1n",2,"k","k","Ass1"
5,62,"Dreieck.png","Fremder","Nonmatching",1,4521,"L2n",3,"k","k","Ass1"
5,63,"Dreieck.png","Ich","Matching",1,619,"L1m",1,"d","d","Ass1"
5,64,"Kreis.png","Fremder","Matching",1,2116,"L2m",4,"d","d","Ass1"
5,65,"Kreis.png","Ich","Nonmatching",1,9620,"L1n",2,"k","k","Ass1"
5,66,"Kreis.png","Fremder","Matching",1,4705,"L2m",4,"d","d","Ass1"
5,67,"Dreieck.png","Ich","Matching",1,904,"L1m",1,"d","d","Ass1"
5,68,"Dreieck.png","Fremder","Nonmatching",1,2306,"L2n",3,"k","k","Ass1"
5,69,"Kreis.png","Fremder","Matching",0,1506,"L2m",4,"k","d","Ass1"
5,70,"Kreis.png","Ich","Nonmatching",1,4604,"L1n",2,"k","k","Ass1"
5,71,"Dreieck.png","Fremder","Nonmatching",1,1427,"L2n",3,"k","k","Ass1"
5,72,"Dreieck.png","Ich","Matching",1,1267,"L1m",1,"d","d","Ass1"
5,73,"Dreieck.png","Fremder","Nonmatching",1,2942,"L2n",3,"k","k","Ass1"
5,74,"Kreis.png","Ich","Nonmatching",1,1458,"L1n",2,"k","k","Ass1"
5,75,"Kreis.png","Fremder","Matching",0,2322,"L2m",4,"k","d","Ass1"
5,76,"Dreieck.png","Ich","Matching",1,461,"L1m",1,"d","d","Ass1"
5,77,"Dreieck.png","Ich","Matching",1,805,"L1m",1,"d","d","Ass1"
5,78,"Dreieck.png","Fremder","Nonmatching",1,1098,"L2n",3,"k","k","Ass1"
5,79,"Kreis.png","Fremder","Matching",1,1717,"L2m",4,"d","d","Ass1"
5,80,"Kreis.png","Ich","Nonmatching",1,805,"L1n",2,"k","k","Ass1"
5,81,"Dreieck.png","Ich","Matching",1,713,"L1m",1,"d","d","Ass1"
5,82,"Kreis.png","Fremder","Matching",1,1104,"L2m",4,"d","d","Ass1"
5,83,"Dreieck.png","Fremder","Nonmatching",1,2518,"L2n",3,"k","k","Ass1"
5,84,"Kreis.png","Ich","Nonmatching",1,1029,"L1n",2,"k","k","Ass1"
5,85,"Dreieck.png","Fremder","Nonmatching",1,3649,"L2n",3,"k","k","Ass1"
5,86,"Kreis.png","Fremder","Matching",1,3147,"L2m",4,"d","d","Ass1"
5,87,"Dreieck.png","Ich","Matching",1,1369,"L1m",1,"d","d","Ass1"
5,88,"Kreis.png","Ich","Nonmatching",1,3571,"L1n",2,"k","k","Ass1"
5,89,"Dreieck.png","Ich","Matching",1,738,"L1m",1,"d","d","Ass1"
5,90,"Kreis.png","Ich","Nonmatching",1,1172,"L1n",2,"k","k","Ass1"
5,91,"Kreis.png","Fremder","Matching",1,977,"L2m",4,"d","d","Ass1"
5,92,"Dreieck.png","Fremder","Nonmatching",1,1707,"L2n",3,"k","k","Ass1"
5,93,"Kreis.png","Ich","Nonmatching",1,3779,"L1n",2,"k","k","Ass1"
5,94,"Dreieck.png","Ich","Matching",1,769,"L1m",1,"d","d","Ass1"
5,95,"Dreieck.png","Fremder","Nonmatching",1,867,"L2n",3,"k","k","Ass1"
5,96,"Kreis.png","Fremder","Matching",1,771,"L2m",4,"d","d","Ass1"
5,97,"Kreis.png","Fremder","Matching",1,686,"L2m",4,"d","d","Ass1"
5,98,"Dreieck.png","Ich","Matching",1,1304,"L1m",1,"d","d","Ass1"
5,99,"Dreieck.png","Fremder","Nonmatching",1,1391,"L2n",3,"k","k","Ass1"
5,100,"Kreis.png","Ich","Nonmatching",1,2655,"L1n",2,"k","k","Ass1"
5,101,"Dreieck.png","Ich","Matching",1,560,"L1m",1,"d","d","Ass1"
5,102,"Kreis.png","Fremder","Matching",1,1101,"L2m",4,"d","d","Ass1"
5,103,"Kreis.png","Ich","Nonmatching",1,824,"L1n",2,"k","k","Ass1"
5,104,"Dreieck.png","Fremder","Nonmatching",1,1222,"L2n",3,"k","k","Ass1"
5,105,"Dreieck.png","Ich","Matching",1,1000,"L1m",1,"d","d","Ass1"
5,106,"Kreis.png","Fremder","Matching",1,766,"L2m",4,"d","d","Ass1"
5,107,"Dreieck.png","Fremder","Nonmatching",1,836,"L2n",3,"k","k","Ass1"
5,108,"Kreis.png","Ich","Nonmatching",1,799,"L1n",2,"k","k","Ass1"
5,109,"Dreieck.png","Fremder","Nonmatching",1,959,"L2n",3,"k","k","Ass1"
5,110,"Kreis.png","Fremder","Matching",1,974,"L2m",4,"d","d","Ass1"
5,111,"Kreis.png","Ich","Nonmatching",1,914,"L1n",2,"k","k","Ass1"
5,112,"Dreieck.png","Ich","Matching",1,629,"L1m",1,"d","d","Ass1"
5,113,"Dreieck.png","Fremder","Nonmatching",1,1003,"L2n",3,"k","k","Ass1"
5,114,"Dreieck.png","Ich","Matching",1,684,"L1m",1,"d","d","Ass1"
5,115,"Kreis.png","Ich","Nonmatching",1,1095,"L1n",2,"k","k","Ass1"
5,116,"Kreis.png","Fremder","Matching",1,1119,"L2m",4,"d","d","Ass1"
5,117,"Dreieck.png","Fremder","Nonmatching",1,1444,"L2n",3,"k","k","Ass1"
5,118,"Kreis.png","Ich","Nonmatching",1,957,"L1n",2,"k","k","Ass1"
5,119,"Kreis.png","Fremder","Matching",1,1153,"L2m",4,"d","d","Ass1"
5,120,"Dreieck.png","Ich","Matching",1,1183,"L1m",1,"d","d","Ass1"
5,121,"Dreieck.png","Fremder","Nonmatching",1,7494,"L2n",3,"k","k","Ass1"
5,122,"Kreis.png","Ich","Nonmatching",1,844,"L1n",2,"k","k","Ass1"
5,123,"Kreis.png","Fremder","Matching",1,822,"L2m",4,"d","d","Ass1"
5,124,"Dreieck.png","Ich","Matching",1,944,"L1m",1,"d","d","Ass1"
5,125,"Kreis.png","Ich","Nonmatching",1,768,"L1n",2,"k","k","Ass1"
5,126,"Kreis.png","Fremder","Matching",1,841,"L2m",4,"d","d","Ass1"
5,127,"Dreieck.png","Fremder","Nonmatching",1,1271,"L2n",3,"k","k","Ass1"
5,128,"Dreieck.png","Ich","Matching",1,4460,"L1m",1,"d","d","Ass1"
6,1,"Kreis.png","Ich","Matching",1,1059,"L2m",4,"d","d","Ass2"
6,2,"Dreieck.png","Ich","Nonmatching",1,893,"L2n",3,"k","k","Ass2"
6,3,"Dreieck.png","Fremder","Matching",1,2494,"L1m",1,"d","d","Ass2"
6,4,"Kreis.png","Fremder","Nonmatching",1,1375,"L1n",2,"k","k","Ass2"
6,5,"Dreieck.png","Fremder","Matching",0,939,"L1m",1,"k","d","Ass2"
6,6,"Kreis.png","Ich","Matching",1,833,"L2m",4,"d","d","Ass2"
6,7,"Kreis.png","Fremder","Nonmatching",1,1379,"L1n",2,"k","k","Ass2"
6,8,"Dreieck.png","Ich","Nonmatching",0,1594,"L2n",3,"d","k","Ass2"
6,9,"Kreis.png","Ich","Matching",1,956,"L2m",4,"d","d","Ass2"
6,10,"Dreieck.png","Ich","Nonmatching",1,1994,"L2n",3,"k","k","Ass2"
6,11,"Dreieck.png","Fremder","Matching",0,2122,"L1m",1,"k","d","Ass2"
6,12,"Kreis.png","Fremder","Nonmatching",0,1023,"L1n",2,"d","k","Ass2"
6,13,"Kreis.png","Ich","Matching",1,814,"L2m",4,"d","d","Ass2"
6,14,"Dreieck.png","Fremder","Matching",0,719,"L1m",1,"k","d","Ass2"
6,15,"Dreieck.png","Ich","Nonmatching",0,1128,"L2n",3,"d","k","Ass2"
6,16,"Kreis.png","Fremder","Nonmatching",1,2024,"L1n",2,"k","k","Ass2"
6,17,"Dreieck.png","Ich","Nonmatching",0,876,"L2n",3,"d","k","Ass2"
6,18,"Kreis.png","Fremder","Nonmatching",1,2068,"L1n",2,"k","k","Ass2"
6,19,"Kreis.png","Ich","Matching",1,2126,"L2m",4,"d","d","Ass2"
6,20,"Dreieck.png","Fremder","Matching",0,1427,"L1m",1,"k","d","Ass2"
6,21,"Dreieck.png","Fremder","Matching",1,1840,"L1m",1,"d","d","Ass2"
6,22,"Kreis.png","Ich","Matching",1,1055,"L2m",4,"d","d","Ass2"
6,23,"Kreis.png","Fremder","Nonmatching",1,916,"L1n",2,"k","k","Ass2"
6,24,"Dreieck.png","Ich","Nonmatching",1,914,"L2n",3,"k","k","Ass2"
6,25,"Dreieck.png","Fremder","Matching",0,1501,"L1m",1,"k","d","Ass2"
6,26,"Kreis.png","Fremder","Nonmatching",1,1909,"L1n",2,"k","k","Ass2"
6,27,"Dreieck.png","Ich","Nonmatching",0,1284,"L2n",3,"d","k","Ass2"
6,28,"Kreis.png","Ich","Matching",1,2409,"L2m",4,"d","d","Ass2"
6,29,"Kreis.png","Fremder","Nonmatching",1,2751,"L1n",2,"k","k","Ass2"
6,30,"Kreis.png","Ich","Matching",1,763,"L2m",4,"d","d","Ass2"
6,31,"Dreieck.png","Ich","Nonmatching",0,831,"L2n",3,"d","k","Ass2"
6,32,"Dreieck.png","Fremder","Matching",0,1436,"L1m",1,"k","d","Ass2"
6,33,"Kreis.png","Ich","Matching",1,759,"L2m",4,"d","d","Ass2"
6,34,"Kreis.png","Fremder","Nonmatching",1,1352,"L1n",2,"k","k","Ass2"
6,35,"Dreieck.png","Fremder","Matching",0,764,"L1m",1,"k","d","Ass2"
6,36,"Dreieck.png","Ich","Nonmatching",1,1519,"L2n",3,"k","k","Ass2"
6,37,"Dreieck.png","Ich","Nonmatching",0,872,"L2n",3,"d","k","Ass2"
6,38,"Dreieck.png","Fremder","Matching",0,2426,"L1m",1,"k","d","Ass2"
6,39,"Kreis.png","Fremder","Nonmatching",1,755,"L1n",2,"k","k","Ass2"
6,40,"Kreis.png","Ich","Matching",1,587,"L2m",4,"d","d","Ass2"
6,41,"Dreieck.png","Fremder","Matching",1,1612,"L1m",1,"d","d","Ass2"
6,42,"Dreieck.png","Ich","Nonmatching",0,531,"L2n",3,"d","k","Ass2"
6,43,"Kreis.png","Ich","Matching",1,978,"L2m",4,"d","d","Ass2"
6,44,"Kreis.png","Fremder","Nonmatching",1,2109,"L1n",2,"k","k","Ass2"
6,45,"Dreieck.png","Fremder","Matching",0,667,"L1m",1,"k","d","Ass2"
6,46,"Kreis.png","Fremder","Nonmatching",1,753,"L1n",2,"k","k","Ass2"
6,47,"Kreis.png","Ich","Matching",1,644,"L2m",4,"d","d","Ass2"
6,48,"Dreieck.png","Ich","Nonmatching",0,568,"L2n",3,"d","k","Ass2"
6,49,"Kreis.png","Ich","Matching",1,2130,"L2m",4,"d","d","Ass2"
6,50,"Dreieck.png","Fremder","Matching",1,1847,"L1m",1,"d","d","Ass2"
6,51,"Dreieck.png","Ich","Nonmatching",1,956,"L2n",3,"k","k","Ass2"
6,52,"Kreis.png","Fremder","Nonmatching",0,915,"L1n",2,"d","k","Ass2"
6,53,"Dreieck.png","Ich","Nonmatching",1,1925,"L2n",3,"k","k","Ass2"
6,54,"Kreis.png","Fremder","Nonmatching",1,1254,"L1n",2,"k","k","Ass2"
6,55,"Dreieck.png","Fremder","Matching",0,846,"L1m",1,"k","d","Ass2"
6,56,"Kreis.png","Ich","Matching",1,1205,"L2m",4,"d","d","Ass2"
6,57,"Kreis.png","Ich","Matching",1,1072,"L2m",4,"d","d","Ass2"
6,58,"Dreieck.png","Fremder","Matching",1,2226,"L1m",1,"d","d","Ass2"
6,59,"Kreis.png","Fremder","Nonmatching",1,1033,"L1n",2,"k","k","Ass2"
6,60,"Dreieck.png","Ich","Nonmatching",1,635,"L2n",3,"k","k","Ass2"
6,61,"Dreieck.png","Fremder","Matching",0,768,"L1m",1,"k","d","Ass2"
6,62,"Kreis.png","Ich","Matching",0,742,"L2m",4,"k","d","Ass2"
6,63,"Dreieck.png","Ich","Nonmatching",1,1934,"L2n",3,"k","k","Ass2"
6,64,"Kreis.png","Fremder","Nonmatching",1,829,"L1n",2,"k","k","Ass2"
6,65,"Kreis.png","Ich","Matching",1,544,"L2m",4,"d","d","Ass2"
6,66,"Dreieck.png","Fremder","Matching",0,866,"L1m",1,"k","d","Ass2"
6,67,"Kreis.png","Fremder","Nonmatching",1,1505,"L1n",2,"k","k","Ass2"
6,68,"Dreieck.png","Ich","Nonmatching",0,1504,"L2n",3,"d","k","Ass2"
6,69,"Kreis.png","Fremder","Nonmatching",1,3182,"L1n",2,"k","k","Ass2"
6,70,"Dreieck.png","Ich","Nonmatching",1,2082,"L2n",3,"k","k","Ass2"
6,71,"Dreieck.png","Fremder","Matching",0,942,"L1m",1,"k","d","Ass2"
6,72,"Kreis.png","Ich","Matching",1,1014,"L2m",4,"d","d","Ass2"
6,73,"Kreis.png","Fremder","Nonmatching",0,803,"L1n",2,"d","k","Ass2"
6,74,"Dreieck.png","Ich","Nonmatching",1,718,"L2n",3,"k","k","Ass2"
6,75,"Dreieck.png","Fremder","Matching",0,584,"L1m",1,"k","d","Ass2"
6,76,"Kreis.png","Ich","Matching",0,818,"L2m",4,"k","d","Ass2"
6,77,"Dreieck.png","Fremder","Matching",0,798,"L1m",1,"k","d","Ass2"
6,78,"Kreis.png","Fremder","Nonmatching",0,1020,"L1n",2,"d","k","Ass2"
6,79,"Kreis.png","Ich","Matching",0,690,"L2m",4,"k","d","Ass2"
6,80,"Dreieck.png","Ich","Nonmatching",0,1545,"L2n",3,"d","k","Ass2"
6,81,"Dreieck.png","Fremder","Matching",0,2194,"L1m",1,"k","d","Ass2"
6,82,"Dreieck.png","Ich","Nonmatching",1,1136,"L2n",3,"k","k","Ass2"
6,83,"Kreis.png","Ich","Matching",1,1622,"L2m",4,"d","d","Ass2"
6,84,"Kreis.png","Fremder","Nonmatching",1,1492,"L1n",2,"k","k","Ass2"
6,85,"Dreieck.png","Ich","Nonmatching",0,808,"L2n",3,"d","k","Ass2"
6,86,"Kreis.png","Ich","Matching",1,1196,"L2m",4,"d","d","Ass2"
6,87,"Kreis.png","Fremder","Nonmatching",1,626,"L1n",2,"k","k","Ass2"
6,88,"Dreieck.png","Fremder","Matching",0,964,"L1m",1,"k","d","Ass2"
6,89,"Dreieck.png","Fremder","Matching",0,895,"L1m",1,"k","d","Ass2"
6,90,"Kreis.png","Ich","Matching",1,840,"L2m",4,"d","d","Ass2"
6,91,"Kreis.png","Fremder","Nonmatching",0,866,"L1n",2,"d","k","Ass2"
6,92,"Dreieck.png","Ich","Nonmatching",1,1141,"L2n",3,"k","k","Ass2"
6,93,"Dreieck.png","Ich","Nonmatching",1,1243,"L2n",3,"k","k","Ass2"
6,94,"Kreis.png","Fremder","Nonmatching",0,739,"L1n",2,"d","k","Ass2"
6,95,"Kreis.png","Ich","Matching",0,1280,"L2m",4,"k","d","Ass2"
6,96,"Dreieck.png","Fremder","Matching",1,1012,"L1m",1,"d","d","Ass2"
6,97,"Kreis.png","Fremder","Nonmatching",0,782,"L1n",2,"d","k","Ass2"
6,98,"Dreieck.png","Ich","Nonmatching",1,2414,"L2n",3,"k","k","Ass2"
6,99,"Dreieck.png","Fremder","Matching",0,650,"L1m",1,"k","d","Ass2"
6,100,"Kreis.png","Ich","Matching",1,735,"L2m",4,"d","d","Ass2"
6,101,"Kreis.png","Ich","Matching",1,654,"L2m",4,"d","d","Ass2"
6,102,"Kreis.png","Fremder","Nonmatching",1,1683,"L1n",2,"k","k","Ass2"
6,103,"Dreieck.png","Fremder","Matching",0,713,"L1m",1,"k","d","Ass2"
6,104,"Dreieck.png","Ich","Nonmatching",1,851,"L2n",3,"k","k","Ass2"
6,105,"Kreis.png","Ich","Matching",1,566,"L2m",4,"d","d","Ass2"
6,106,"Dreieck.png","Ich","Nonmatching",0,563,"L2n",3,"d","k","Ass2"
6,107,"Dreieck.png","Fremder","Matching",1,1637,"L1m",1,"d","d","Ass2"
6,108,"Kreis.png","Fremder","Nonmatching",1,1364,"L1n",2,"k","k","Ass2"
6,109,"Kreis.png","Ich","Matching",1,834,"L2m",4,"d","d","Ass2"
6,110,"Dreieck.png","Fremder","Matching",1,831,"L1m",1,"d","d","Ass2"
6,111,"Kreis.png","Fremder","Nonmatching",1,912,"L1n",2,"k","k","Ass2"
6,112,"Dreieck.png","Ich","Nonmatching",1,1658,"L2n",3,"k","k","Ass2"
6,113,"Dreieck.png","Ich","Nonmatching",0,1485,"L2n",3,"d","k","Ass2"
6,114,"Kreis.png","Fremder","Nonmatching",1,1446,"L1n",2,"k","k","Ass2"
6,115,"Dreieck.png","Fremder","Matching",0,541,"L1m",1,"k","d","Ass2"
6,116,"Kreis.png","Ich","Matching",1,1311,"L2m",4,"d","d","Ass2"
6,117,"Kreis.png","Fremder","Nonmatching",1,1650,"L1n",2,"k","k","Ass2"
6,118,"Dreieck.png","Fremder","Matching",0,521,"L1m",1,"k","d","Ass2"
6,119,"Kreis.png","Ich","Matching",1,806,"L2m",4,"d","d","Ass2"
6,120,"Dreieck.png","Ich","Nonmatching",0,1134,"L2n",3,"d","k","Ass2"
6,121,"Kreis.png","Fremder","Nonmatching",1,830,"L1n",2,"k","k","Ass2"
6,122,"Kreis.png","Ich","Matching",0,1236,"L2m",4,"k","d","Ass2"
6,123,"Dreieck.png","Fremder","Matching",0,1645,"L1m",1,"k","d","Ass2"
6,124,"Dreieck.png","Ich","Nonmatching",0,797,"L2n",3,"d","k","Ass2"
6,125,"Dreieck.png","Fremder","Matching",0,2577,"L1m",1,"k","d","Ass2"
6,126,"Kreis.png","Fremder","Nonmatching",1,2475,"L1n",2,"k","k","Ass2"
6,127,"Dreieck.png","Ich","Nonmatching",0,702,"L2n",3,"d","k","Ass2"
6,128,"Kreis.png","Ich","Matching",1,686,"L2m",4,"d","d","Ass2"
7,1,"Kreis.png","Fremder","Nonmatching",1,720,"L1n",2,"k","k","Ass2"
7,2,"Dreieck.png","Fremder","Matching",1,1293,"L1m",1,"d","d","Ass2"
7,3,"Dreieck.png","Ich","Nonmatching",1,806,"L2n",3,"k","k","Ass2"
7,4,"Kreis.png","Ich","Matching",1,650,"L2m",4,"d","d","Ass2"
7,5,"Dreieck.png","Ich","Nonmatching",1,740,"L2n",3,"k","k","Ass2"
7,6,"Kreis.png","Ich","Matching",1,825,"L2m",4,"d","d","Ass2"
7,7,"Dreieck.png","Fremder","Matching",1,995,"L1m",1,"d","d","Ass2"
7,8,"Kreis.png","Fremder","Nonmatching",1,1064,"L1n",2,"k","k","Ass2"
7,9,"Dreieck.png","Ich","Nonmatching",1,901,"L2n",3,"k","k","Ass2"
7,10,"Kreis.png","Ich","Matching",1,752,"L2m",4,"d","d","Ass2"
7,11,"Kreis.png","Fremder","Nonmatching",1,912,"L1n",2,"k","k","Ass2"
7,12,"Dreieck.png","Fremder","Matching",0,854,"L1m",1,"k","d","Ass2"
7,13,"Dreieck.png","Fremder","Matching",1,1259,"L1m",1,"d","d","Ass2"
7,14,"Kreis.png","Ich","Matching",1,603,"L2m",4,"d","d","Ass2"
7,15,"Kreis.png","Fremder","Nonmatching",1,1013,"L1n",2,"k","k","Ass2"
7,16,"Dreieck.png","Ich","Nonmatching",1,829,"L2n",3,"k","k","Ass2"
7,17,"Dreieck.png","Fremder","Matching",1,1052,"L1m",1,"d","d","Ass2"
7,18,"Kreis.png","Ich","Matching",1,799,"L2m",4,"d","d","Ass2"
7,19,"Dreieck.png","Ich","Nonmatching",1,884,"L2n",3,"k","k","Ass2"
7,20,"Kreis.png","Fremder","Nonmatching",1,937,"L1n",2,"k","k","Ass2"
7,21,"Dreieck.png","Fremder","Matching",1,1024,"L1m",1,"d","d","Ass2"
7,22,"Kreis.png","Fremder","Nonmatching",1,706,"L1n",2,"k","k","Ass2"
7,23,"Dreieck.png","Ich","Nonmatching",1,925,"L2n",3,"k","k","Ass2"
7,24,"Kreis.png","Ich","Matching",1,587,"L2m",4,"d","d","Ass2"
7,25,"Kreis.png","Fremder","Nonmatching",1,726,"L1n",2,"k","k","Ass2"
7,26,"Dreieck.png","Fremder","Matching",1,792,"L1m",1,"d","d","Ass2"
7,27,"Dreieck.png","Ich","Nonmatching",1,761,"L2n",3,"k","k","Ass2"
7,28,"Kreis.png","Ich","Matching",1,512,"L2m",4,"d","d","Ass2"
7,29,"Dreieck.png","Fremder","Matching",1,974,"L1m",1,"d","d","Ass2"
7,30,"Kreis.png","Ich","Matching",1,534,"L2m",4,"d","d","Ass2"
7,31,"Dreieck.png","Ich","Nonmatching",1,1161,"L2n",3,"k","k","Ass2"
7,32,"Kreis.png","Fremder","Nonmatching",1,855,"L1n",2,"k","k","Ass2"
7,33,"Dreieck.png","Fremder","Matching",1,710,"L1m",1,"d","d","Ass2"
7,34,"Dreieck.png","Ich","Nonmatching",1,720,"L2n",3,"k","k","Ass2"
7,35,"Kreis.png","Ich","Matching",1,1202,"L2m",4,"d","d","Ass2"
7,36,"Kreis.png","Fremder","Nonmatching",1,1154,"L1n",2,"k","k","Ass2"
7,37,"Kreis.png","Ich","Matching",1,592,"L2m",4,"d","d","Ass2"
7,38,"Kreis.png","Fremder","Nonmatching",1,646,"L1n",2,"k","k","Ass2"
7,39,"Dreieck.png","Fremder","Matching",1,999,"L1m",1,"d","d","Ass2"
7,40,"Dreieck.png","Ich","Nonmatching",1,1021,"L2n",3,"k","k","Ass2"
7,41,"Dreieck.png","Ich","Nonmatching",1,573,"L2n",3,"k","k","Ass2"
7,42,"Dreieck.png","Fremder","Matching",1,765,"L1m",1,"d","d","Ass2"
7,43,"Kreis.png","Fremder","Nonmatching",1,551,"L1n",2,"k","k","Ass2"
7,44,"Kreis.png","Ich","Matching",1,464,"L2m",4,"d","d","Ass2"
7,45,"Kreis.png","Fremder","Nonmatching",1,996,"L1n",2,"k","k","Ass2"
7,46,"Kreis.png","Ich","Matching",1,661,"L2m",4,"d","d","Ass2"
7,47,"Dreieck.png","Ich","Nonmatching",1,930,"L2n",3,"k","k","Ass2"
7,48,"Dreieck.png","Fremder","Matching",1,726,"L1m",1,"d","d","Ass2"
7,49,"Dreieck.png","Ich","Nonmatching",1,699,"L2n",3,"k","k","Ass2"
7,50,"Dreieck.png","Fremder","Matching",1,835,"L1m",1,"d","d","Ass2"
7,51,"Kreis.png","Fremder","Nonmatching",1,564,"L1n",2,"k","k","Ass2"
7,52,"Kreis.png","Ich","Matching",1,366,"L2m",4,"d","d","Ass2"
7,53,"Kreis.png","Ich","Matching",1,671,"L2m",4,"d","d","Ass2"
7,54,"Kreis.png","Fremder","Nonmatching",1,620,"L1n",2,"k","k","Ass2"
7,55,"Dreieck.png","Ich","Nonmatching",1,542,"L2n",3,"k","k","Ass2"
7,56,"Dreieck.png","Fremder","Matching",1,725,"L1m",1,"d","d","Ass2"
7,57,"Dreieck.png","Fremder","Matching",1,509,"L1m",1,"d","d","Ass2"
7,58,"Dreieck.png","Ich","Nonmatching",1,850,"L2n",3,"k","k","Ass2"
7,59,"Kreis.png","Ich","Matching",1,572,"L2m",4,"d","d","Ass2"
7,60,"Kreis.png","Fremder","Nonmatching",1,734,"L1n",2,"k","k","Ass2"
7,61,"Kreis.png","Ich","Matching",1,648,"L2m",4,"d","d","Ass2"
7,62,"Kreis.png","Fremder","Nonmatching",1,810,"L1n",2,"k","k","Ass2"
7,63,"Dreieck.png","Fremder","Matching",1,634,"L1m",1,"d","d","Ass2"
7,64,"Dreieck.png","Ich","Nonmatching",1,638,"L2n",3,"k","k","Ass2"
7,65,"Kreis.png","Fremder","Nonmatching",1,843,"L1n",2,"k","k","Ass2"
7,66,"Dreieck.png","Ich","Nonmatching",1,669,"L2n",3,"k","k","Ass2"
7,67,"Kreis.png","Ich","Matching",1,410,"L2m",4,"d","d","Ass2"
7,68,"Dreieck.png","Fremder","Matching",1,687,"L1m",1,"d","d","Ass2"
7,69,"Dreieck.png","Ich","Nonmatching",1,653,"L2n",3,"k","k","Ass2"
7,70,"Dreieck.png","Fremder","Matching",1,625,"L1m",1,"d","d","Ass2"
7,71,"Kreis.png","Ich","Matching",1,595,"L2m",4,"d","d","Ass2"
7,72,"Kreis.png","Fremder","Nonmatching",1,792,"L1n",2,"k","k","Ass2"
7,73,"Dreieck.png","Ich","Nonmatching",1,706,"L2n",3,"k","k","Ass2"
7,74,"Kreis.png","Ich","Matching",1,416,"L2m",4,"d","d","Ass2"
7,75,"Kreis.png","Fremder","Nonmatching",1,733,"L1n",2,"k","k","Ass2"
7,76,"Dreieck.png","Fremder","Matching",1,878,"L1m",1,"d","d","Ass2"
7,77,"Kreis.png","Fremder","Nonmatching",1,821,"L1n",2,"k","k","Ass2"
7,78,"Kreis.png","Ich","Matching",1,809,"L2m",4,"d","d","Ass2"
7,79,"Dreieck.png","Fremder","Matching",1,623,"L1m",1,"d","d","Ass2"
7,80,"Dreieck.png","Ich","Nonmatching",1,683,"L2n",3,"k","k","Ass2"
7,81,"Kreis.png","Ich","Matching",1,520,"L2m",4,"d","d","Ass2"
7,82,"Dreieck.png","Ich","Nonmatching",1,601,"L2n",3,"k","k","Ass2"
7,83,"Kreis.png","Fremder","Nonmatching",1,618,"L1n",2,"k","k","Ass2"
7,84,"Dreieck.png","Fremder","Matching",1,689,"L1m",1,"d","d","Ass2"
7,85,"Kreis.png","Fremder","Nonmatching",1,756,"L1n",2,"k","k","Ass2"
7,86,"Dreieck.png","Fremder","Matching",1,755,"L1m",1,"d","d","Ass2"
7,87,"Kreis.png","Ich","Matching",1,416,"L2m",4,"d","d","Ass2"
7,88,"Dreieck.png","Ich","Nonmatching",1,787,"L2n",3,"k","k","Ass2"
7,89,"Dreieck.png","Fremder","Matching",1,614,"L1m",1,"d","d","Ass2"
7,90,"Dreieck.png","Ich","Nonmatching",1,740,"L2n",3,"k","k","Ass2"
7,91,"Kreis.png","Fremder","Nonmatching",1,981,"L1n",2,"k","k","Ass2"
7,92,"Kreis.png","Ich","Matching",1,739,"L2m",4,"d","d","Ass2"
7,93,"Kreis.png","Fremder","Nonmatching",1,706,"L1n",2,"k","k","Ass2"
7,94,"Kreis.png","Ich","Matching",1,583,"L2m",4,"d","d","Ass2"
7,95,"Dreieck.png","Ich","Nonmatching",1,564,"L2n",3,"k","k","Ass2"
7,96,"Dreieck.png","Fremder","Matching",1,668,"L1m",1,"d","d","Ass2"
7,97,"Dreieck.png","Fremder","Matching",1,1220,"L1m",1,"d","d","Ass2"
7,98,"Kreis.png","Fremder","Nonmatching",1,760,"L1n",2,"k","k","Ass2"
7,99,"Dreieck.png","Ich","Nonmatching",1,1017,"L2n",3,"k","k","Ass2"
7,100,"Kreis.png","Ich","Matching",1,436,"L2m",4,"d","d","Ass2"
7,101,"Kreis.png","Fremder","Nonmatching",1,708,"L1n",2,"k","k","Ass2"
7,102,"Dreieck.png","Ich","Nonmatching",1,1044,"L2n",3,"k","k","Ass2"
7,103,"Kreis.png","Ich","Matching",1,493,"L2m",4,"d","d","Ass2"
7,104,"Dreieck.png","Fremder","Matching",1,766,"L1m",1,"d","d","Ass2"
7,105,"Kreis.png","Fremder","Nonmatching",1,910,"L1n",2,"k","k","Ass2"
7,106,"Kreis.png","Ich","Matching",1,611,"L2m",4,"d","d","Ass2"
7,107,"Dreieck.png","Ich","Nonmatching",1,1047,"L2n",3,"k","k","Ass2"
7,108,"Dreieck.png","Fremder","Matching",1,609,"L1m",1,"d","d","Ass2"
7,109,"Kreis.png","Ich","Matching",1,621,"L2m",4,"d","d","Ass2"
7,110,"Dreieck.png","Fremder","Matching",1,642,"L1m",1,"d","d","Ass2"
7,111,"Kreis.png","Fremder","Nonmatching",1,698,"L1n",2,"k","k","Ass2"
7,112,"Dreieck.png","Ich","Nonmatching",1,614,"L2n",3,"k","k","Ass2"
7,113,"Dreieck.png","Fremder","Matching",1,515,"L1m",1,"d","d","Ass2"
7,114,"Kreis.png","Fremder","Nonmatching",1,786,"L1n",2,"k","k","Ass2"
7,115,"Kreis.png","Ich","Matching",1,563,"L2m",4,"d","d","Ass2"
7,116,"Dreieck.png","Ich","Nonmatching",1,790,"L2n",3,"k","k","Ass2"
7,117,"Kreis.png","Fremder","Nonmatching",1,862,"L1n",2,"k","k","Ass2"
7,118,"Kreis.png","Ich","Matching",1,440,"L2m",4,"d","d","Ass2"
7,119,"Dreieck.png","Ich","Nonmatching",1,549,"L2n",3,"k","k","Ass2"
7,120,"Dreieck.png","Fremder","Matching",1,662,"L1m",1,"d","d","Ass2"
7,121,"Dreieck.png","Ich","Nonmatching",1,777,"L2n",3,"k","k","Ass2"
7,122,"Dreieck.png","Fremder","Matching",1,855,"L1m",1,"d","d","Ass2"
7,123,"Kreis.png","Ich","Matching",1,580,"L2m",4,"d","d","Ass2"
7,124,"Kreis.png","Fremder","Nonmatching",0,796,"L1n",2,"d","k","Ass2"
7,125,"Dreieck.png","Fremder","Matching",1,1109,"L1m",1,"d","d","Ass2"
7,126,"Kreis.png","Fremder","Nonmatching",1,683,"L1n",2,"k","k","Ass2"
7,127,"Kreis.png","Ich","Matching",1,636,"L2m",4,"d","d","Ass2"
7,128,"Dreieck.png","Ich","Nonmatching",1,1259,"L2n",3,"k","k","Ass2"
10,1,"Kreis.png","Ich","Matching",1,834,"L2m",4,"d","d","Ass2"
10,2,"Kreis.png","Fremder","Nonmatching",1,1218,"L1n",2,"k","k","Ass2"
10,3,"Dreieck.png","Ich","Nonmatching",1,745,"L2n",3,"k","k","Ass2"
10,4,"Dreieck.png","Fremder","Matching",1,1311,"L1m",1,"d","d","Ass2"
10,5,"Kreis.png","Fremder","Nonmatching",1,1113,"L1n",2,"k","k","Ass2"
10,6,"Dreieck.png","Ich","Nonmatching",1,815,"L2n",3,"k","k","Ass2"
10,7,"Kreis.png","Ich","Matching",1,871,"L2m",4,"d","d","Ass2"
10,8,"Dreieck.png","Fremder","Matching",1,1278,"L1m",1,"d","d","Ass2"
10,9,"Kreis.png","Ich","Matching",1,542,"L2m",4,"d","d","Ass2"
10,10,"Dreieck.png","Fremder","Matching",1,1143,"L1m",1,"d","d","Ass2"
10,11,"Kreis.png","Fremder","Nonmatching",1,918,"L1n",2,"k","k","Ass2"
10,12,"Dreieck.png","Ich","Nonmatching",1,1098,"L2n",3,"k","k","Ass2"
10,13,"Kreis.png","Fremder","Nonmatching",1,1062,"L1n",2,"k","k","Ass2"
10,14,"Kreis.png","Ich","Matching",1,691,"L2m",4,"d","d","Ass2"
10,15,"Dreieck.png","Ich","Nonmatching",1,1054,"L2n",3,"k","k","Ass2"
10,16,"Dreieck.png","Fremder","Matching",1,1226,"L1m",1,"d","d","Ass2"
10,17,"Kreis.png","Fremder","Nonmatching",1,877,"L1n",2,"k","k","Ass2"
10,18,"Kreis.png","Ich","Matching",1,663,"L2m",4,"d","d","Ass2"
10,19,"Dreieck.png","Ich","Nonmatching",1,1141,"L2n",3,"k","k","Ass2"
10,20,"Dreieck.png","Fremder","Matching",1,1026,"L1m",1,"d","d","Ass2"
10,21,"Dreieck.png","Fremder","Matching",1,1074,"L1m",1,"d","d","Ass2"
10,22,"Kreis.png","Ich","Matching",1,625,"L2m",4,"d","d","Ass2"
10,23,"Kreis.png","Fremder","Nonmatching",1,674,"L1n",2,"k","k","Ass2"
10,24,"Dreieck.png","Ich","Nonmatching",1,1238,"L2n",3,"k","k","Ass2"
10,25,"Dreieck.png","Ich","Nonmatching",1,982,"L2n",3,"k","k","Ass2"
10,26,"Dreieck.png","Fremder","Matching",1,910,"L1m",1,"d","d","Ass2"
10,27,"Kreis.png","Fremder","Nonmatching",1,1116,"L1n",2,"k","k","Ass2"
10,28,"Kreis.png","Ich","Matching",1,618,"L2m",4,"d","d","Ass2"
10,29,"Dreieck.png","Fremder","Matching",1,882,"L1m",1,"d","d","Ass2"
10,30,"Dreieck.png","Ich","Nonmatching",1,1353,"L2n",3,"k","k","Ass2"
10,31,"Kreis.png","Fremder","Nonmatching",1,986,"L1n",2,"k","k","Ass2"
10,32,"Kreis.png","Ich","Matching",1,688,"L2m",4,"d","d","Ass2"
10,33,"Kreis.png","Ich","Matching",1,735,"L2m",4,"d","d","Ass2"
10,34,"Dreieck.png","Ich","Nonmatching",1,883,"L2n",3,"k","k","Ass2"
10,35,"Kreis.png","Fremder","Nonmatching",1,1056,"L1n",2,"k","k","Ass2"
10,36,"Dreieck.png","Fremder","Matching",1,924,"L1m",1,"d","d","Ass2"
10,37,"Kreis.png","Fremder","Nonmatching",1,907,"L1n",2,"k","k","Ass2"
10,38,"Kreis.png","Ich","Matching",1,689,"L2m",4,"d","d","Ass2"
10,39,"Dreieck.png","Fremder","Matching",1,1238,"L1m",1,"d","d","Ass2"
10,40,"Dreieck.png","Ich","Nonmatching",1,871,"L2n",3,"k","k","Ass2"
10,41,"Kreis.png","Ich","Matching",1,651,"L2m",4,"d","d","Ass2"
10,42,"Kreis.png","Fremder","Nonmatching",1,983,"L1n",2,"k","k","Ass2"
10,43,"Dreieck.png","Ich","Nonmatching",1,1087,"L2n",3,"k","k","Ass2"
10,44,"Dreieck.png","Fremder","Matching",1,862,"L1m",1,"d","d","Ass2"
10,45,"Dreieck.png","Ich","Nonmatching",1,848,"L2n",3,"k","k","Ass2"
10,46,"Dreieck.png","Fremder","Matching",1,929,"L1m",1,"d","d","Ass2"
10,47,"Kreis.png","Fremder","Nonmatching",1,1088,"L1n",2,"k","k","Ass2"
10,48,"Kreis.png","Ich","Matching",1,987,"L2m",4,"d","d","Ass2"
10,49,"Dreieck.png","Fremder","Matching",1,813,"L1m",1,"d","d","Ass2"
10,50,"Kreis.png","Ich","Matching",1,764,"L2m",4,"d","d","Ass2"
10,51,"Dreieck.png","Ich","Nonmatching",1,698,"L2n",3,"k","k","Ass2"
10,52,"Kreis.png","Fremder","Nonmatching",1,978,"L1n",2,"k","k","Ass2"
10,53,"Dreieck.png","Fremder","Matching",1,830,"L1m",1,"d","d","Ass2"
10,54,"Dreieck.png","Ich","Nonmatching",1,1011,"L2n",3,"k","k","Ass2"
10,55,"Kreis.png","Ich","Matching",1,779,"L2m",4,"d","d","Ass2"
10,56,"Kreis.png","Fremder","Nonmatching",1,893,"L1n",2,"k","k","Ass2"
10,57,"Dreieck.png","Fremder","Matching",1,1214,"L1m",1,"d","d","Ass2"
10,58,"Dreieck.png","Ich","Nonmatching",1,1586,"L2n",3,"k","k","Ass2"
10,59,"Kreis.png","Fremder","Nonmatching",1,1022,"L1n",2,"k","k","Ass2"
10,60,"Kreis.png","Ich","Matching",1,669,"L2m",4,"d","d","Ass2"
10,61,"Kreis.png","Ich","Matching",1,655,"L2m",4,"d","d","Ass2"
10,62,"Kreis.png","Fremder","Nonmatching",1,850,"L1n",2,"k","k","Ass2"
10,63,"Dreieck.png","Fremder","Matching",1,1123,"L1m",1,"d","d","Ass2"
10,64,"Dreieck.png","Ich","Nonmatching",1,969,"L2n",3,"k","k","Ass2"
10,65,"Dreieck.png","Ich","Nonmatching",1,1068,"L2n",3,"k","k","Ass2"
10,66,"Kreis.png","Ich","Matching",1,632,"L2m",4,"d","d","Ass2"
10,67,"Dreieck.png","Fremder","Matching",1,1012,"L1m",1,"d","d","Ass2"
10,68,"Kreis.png","Fremder","Nonmatching",1,918,"L1n",2,"k","k","Ass2"
10,69,"Dreieck.png","Ich","Nonmatching",0,589,"L2n",3,"d","k","Ass2"
10,70,"Kreis.png","Ich","Matching",1,815,"L2m",4,"d","d","Ass2"
10,71,"Dreieck.png","Fremder","Matching",1,1158,"L1m",1,"d","d","Ass2"
10,72,"Kreis.png","Fremder","Nonmatching",1,969,"L1n",2,"k","k","Ass2"
10,73,"Dreieck.png","Fremder","Matching",1,1065,"L1m",1,"d","d","Ass2"
10,74,"Dreieck.png","Ich","Nonmatching",1,987,"L2n",3,"k","k","Ass2"
10,75,"Kreis.png","Ich","Matching",1,793,"L2m",4,"d","d","Ass2"
10,76,"Kreis.png","Fremder","Nonmatching",1,802,"L1n",2,"k","k","Ass2"
10,77,"Kreis.png","Ich","Matching",1,671,"L2m",4,"d","d","Ass2"
10,78,"Kreis.png","Fremder","Nonmatching",1,644,"L1n",2,"k","k","Ass2"
10,79,"Dreieck.png","Fremder","Matching",1,1245,"L1m",1,"d","d","Ass2"
10,80,"Dreieck.png","Ich","Nonmatching",1,1118,"L2n",3,"k","k","Ass2"
10,81,"Kreis.png","Fremder","Nonmatching",1,878,"L1n",2,"k","k","Ass2"
10,82,"Dreieck.png","Ich","Nonmatching",1,1642,"L2n",3,"k","k","Ass2"
10,83,"Kreis.png","Ich","Matching",1,714,"L2m",4,"d","d","Ass2"
10,84,"Dreieck.png","Fremder","Matching",1,1271,"L1m",1,"d","d","Ass2"
10,85,"Dreieck.png","Ich","Nonmatching",1,1217,"L2n",3,"k","k","Ass2"
10,86,"Kreis.png","Fremder","Nonmatching",1,1305,"L1n",2,"k","k","Ass2"
10,87,"Kreis.png","Ich","Matching",1,748,"L2m",4,"d","d","Ass2"
10,88,"Dreieck.png","Fremder","Matching",1,1092,"L1m",1,"d","d","Ass2"
10,89,"Kreis.png","Fremder","Nonmatching",1,937,"L1n",2,"k","k","Ass2"
10,90,"Kreis.png","Ich","Matching",1,690,"L2m",4,"d","d","Ass2"
10,91,"Dreieck.png","Ich","Nonmatching",1,1205,"L2n",3,"k","k","Ass2"
10,92,"Dreieck.png","Fremder","Matching",1,1407,"L1m",1,"d","d","Ass2"
10,93,"Dreieck.png","Fremder","Matching",1,679,"L1m",1,"d","d","Ass2"
10,94,"Dreieck.png","Ich","Nonmatching",1,1152,"L2n",3,"k","k","Ass2"
10,95,"Kreis.png","Ich","Matching",1,472,"L2m",4,"d","d","Ass2"
10,96,"Kreis.png","Fremder","Nonmatching",1,698,"L1n",2,"k","k","Ass2"
10,97,"Dreieck.png","Fremder","Matching",1,989,"L1m",1,"d","d","Ass2"
10,98,"Kreis.png","Fremder","Nonmatching",1,825,"L1n",2,"k","k","Ass2"
10,99,"Dreieck.png","Ich","Nonmatching",1,1065,"L2n",3,"k","k","Ass2"
10,100,"Kreis.png","Ich","Matching",1,689,"L2m",4,"d","d","Ass2"
10,101,"Dreieck.png","Fremder","Matching",1,985,"L1m",1,"d","d","Ass2"
10,102,"Dreieck.png","Ich","Nonmatching",1,1209,"L2n",3,"k","k","Ass2"
10,103,"Kreis.png","Ich","Matching",1,623,"L2m",4,"d","d","Ass2"
10,104,"Kreis.png","Fremder","Nonmatching",1,871,"L1n",2,"k","k","Ass2"
10,105,"Kreis.png","Fremder","Nonmatching",1,912,"L1n",2,"k","k","Ass2"
10,106,"Kreis.png","Ich","Matching",1,640,"L2m",4,"d","d","Ass2"
10,107,"Dreieck.png","Fremder","Matching",1,2168,"L1m",1,"d","d","Ass2"
10,108,"Dreieck.png","Ich","Nonmatching",1,856,"L2n",3,"k","k","Ass2"
10,109,"Kreis.png","Fremder","Nonmatching",1,927,"L1n",2,"k","k","Ass2"
10,110,"Kreis.png","Ich","Matching",1,951,"L2m",4,"d","d","Ass2"
10,111,"Dreieck.png","Ich","Nonmatching",1,1070,"L2n",3,"k","k","Ass2"
10,112,"Dreieck.png","Fremder","Matching",1,1099,"L1m",1,"d","d","Ass2"
10,113,"Kreis.png","Ich","Matching",1,664,"L2m",4,"d","d","Ass2"
10,114,"Kreis.png","Fremder","Nonmatching",1,843,"L1n",2,"k","k","Ass2"
10,115,"Dreieck.png","Fremder","Matching",1,1608,"L1m",1,"d","d","Ass2"
10,116,"Dreieck.png","Ich","Nonmatching",1,1441,"L2n",3,"k","k","Ass2"
10,117,"Kreis.png","Ich","Matching",1,617,"L2m",4,"d","d","Ass2"
10,118,"Dreieck.png","Ich","Nonmatching",1,813,"L2n",3,"k","k","Ass2"
10,119,"Kreis.png","Fremder","Nonmatching",1,1101,"L1n",2,"k","k","Ass2"
10,120,"Dreieck.png","Fremder","Matching",1,1037,"L1m",1,"d","d","Ass2"
10,121,"Dreieck.png","Fremder","Matching",1,2033,"L1m",1,"d","d","Ass2"
10,122,"Kreis.png","Fremder","Nonmatching",1,1000,"L1n",2,"k","k","Ass2"
10,123,"Kreis.png","Ich","Matching",1,492,"L2m",4,"d","d","Ass2"
10,124,"Dreieck.png","Ich","Nonmatching",0,825,"L2n",3,"d","k","Ass2"
10,125,"Dreieck.png","Fremder","Matching",1,814,"L1m",1,"d","d","Ass2"
10,126,"Kreis.png","Ich","Matching",1,671,"L2m",4,"d","d","Ass2"
10,127,"Kreis.png","Fremder","Nonmatching",1,699,"L1n",2,"k","k","Ass2"
10,128,"Dreieck.png","Ich","Nonmatching",1,1068,"L2n",3,"k","k","Ass2"
11,1,"Kreis.png","Fremder","Matching",1,1349,"L2m",4,"d","d","Ass1"
11,2,"Dreieck.png","Fremder","Nonmatching",0,993,"L2n",3,"d","k","Ass1"
11,3,"Kreis.png","Ich","Nonmatching",0,1265,"L1n",2,"d","k","Ass1"
11,4,"Dreieck.png","Ich","Matching",1,995,"L1m",1,"d","d","Ass1"
11,5,"Kreis.png","Ich","Nonmatching",1,1011,"L1n",2,"k","k","Ass1"
11,6,"Kreis.png","Fremder","Matching",0,1018,"L2m",4,"k","d","Ass1"
11,7,"Dreieck.png","Fremder","Nonmatching",1,1935,"L2n",3,"k","k","Ass1"
11,8,"Dreieck.png","Ich","Matching",1,1170,"L1m",1,"d","d","Ass1"
11,9,"Dreieck.png","Fremder","Nonmatching",1,1454,"L2n",3,"k","k","Ass1"
11,10,"Kreis.png","Fremder","Matching",1,2146,"L2m",4,"d","d","Ass1"
11,11,"Dreieck.png","Ich","Matching",1,1848,"L1m",1,"d","d","Ass1"
11,12,"Kreis.png","Ich","Nonmatching",1,1156,"L1n",2,"k","k","Ass1"
11,13,"Kreis.png","Ich","Nonmatching",1,1072,"L1n",2,"k","k","Ass1"
11,14,"Dreieck.png","Fremder","Nonmatching",1,936,"L2n",3,"k","k","Ass1"
11,15,"Kreis.png","Fremder","Matching",1,2160,"L2m",4,"d","d","Ass1"
11,16,"Dreieck.png","Ich","Matching",1,1285,"L1m",1,"d","d","Ass1"
11,17,"Kreis.png","Fremder","Matching",1,1508,"L2m",4,"d","d","Ass1"
11,18,"Dreieck.png","Ich","Matching",1,1373,"L1m",1,"d","d","Ass1"
11,19,"Kreis.png","Ich","Nonmatching",1,984,"L1n",2,"k","k","Ass1"
11,20,"Dreieck.png","Fremder","Nonmatching",1,1767,"L2n",3,"k","k","Ass1"
11,21,"Kreis.png","Ich","Nonmatching",1,1131,"L1n",2,"k","k","Ass1"
11,22,"Kreis.png","Fremder","Matching",1,866,"L2m",4,"d","d","Ass1"
11,23,"Dreieck.png","Fremder","Nonmatching",1,1720,"L2n",3,"k","k","Ass1"
11,24,"Dreieck.png","Ich","Matching",1,862,"L1m",1,"d","d","Ass1"
11,25,"Kreis.png","Ich","Nonmatching",1,1754,"L1n",2,"k","k","Ass1"
11,26,"Dreieck.png","Fremder","Nonmatching",1,979,"L2n",3,"k","k","Ass1"
11,27,"Kreis.png","Fremder","Matching",1,1582,"L2m",4,"d","d","Ass1"
11,28,"Dreieck.png","Ich","Matching",1,1260,"L1m",1,"d","d","Ass1"
11,29,"Kreis.png","Fremder","Matching",0,1036,"L2m",4,"k","d","Ass1"
11,30,"Kreis.png","Ich","Nonmatching",1,1050,"L1n",2,"k","k","Ass1"
11,31,"Dreieck.png","Ich","Matching",1,701,"L1m",1,"d","d","Ass1"
11,32,"Dreieck.png","Fremder","Nonmatching",1,1264,"L2n",3,"k","k","Ass1"
11,33,"Kreis.png","Ich","Nonmatching",1,1195,"L1n",2,"k","k","Ass1"
11,34,"Dreieck.png","Fremder","Nonmatching",1,972,"L2n",3,"k","k","Ass1"
11,35,"Dreieck.png","Ich","Matching",1,875,"L1m",1,"d","d","Ass1"
11,36,"Kreis.png","Fremder","Matching",1,1218,"L2m",4,"d","d","Ass1"
11,37,"Kreis.png","Fremder","Matching",1,1025,"L2m",4,"d","d","Ass1"
11,38,"Kreis.png","Ich","Nonmatching",1,1152,"L1n",2,"k","k","Ass1"
11,39,"Dreieck.png","Ich","Matching",1,791,"L1m",1,"d","d","Ass1"
11,40,"Dreieck.png","Fremder","Nonmatching",1,1214,"L2n",3,"k","k","Ass1"
11,41,"Kreis.png","Fremder","Matching",1,706,"L2m",4,"d","d","Ass1"
11,42,"Dreieck.png","Ich","Matching",1,953,"L1m",1,"d","d","Ass1"
11,43,"Kreis.png","Ich","Nonmatching",1,830,"L1n",2,"k","k","Ass1"
11,44,"Dreieck.png","Fremder","Nonmatching",1,1240,"L2n",3,"k","k","Ass1"
11,45,"Dreieck.png","Ich","Matching",1,634,"L1m",1,"d","d","Ass1"
11,46,"Kreis.png","Fremder","Matching",0,939,"L2m",4,"k","d","Ass1"
11,47,"Dreieck.png","Fremder","Nonmatching",0,902,"L2n",3,"d","k","Ass1"
11,48,"Kreis.png","Ich","Nonmatching",1,1613,"L1n",2,"k","k","Ass1"
11,49,"Dreieck.png","Ich","Matching",1,960,"L1m",1,"d","d","Ass1"
11,50,"Kreis.png","Ich","Nonmatching",1,1150,"L1n",2,"k","k","Ass1"
11,51,"Kreis.png","Fremder","Matching",1,781,"L2m",4,"d","d","Ass1"
11,52,"Dreieck.png","Fremder","Nonmatching",0,1087,"L2n",3,"d","k","Ass1"
11,53,"Dreieck.png","Ich","Matching",1,1063,"L1m",1,"d","d","Ass1"
11,54,"Kreis.png","Fremder","Matching",0,1028,"L2m",4,"k","d","Ass1"
11,55,"Dreieck.png","Fremder","Nonmatching",1,1350,"L2n",3,"k","k","Ass1"
11,56,"Kreis.png","Ich","Nonmatching",1,885,"L1n",2,"k","k","Ass1"
11,57,"Kreis.png","Ich","Nonmatching",1,921,"L1n",2,"k","k","Ass1"
11,58,"Kreis.png","Fremder","Matching",1,1155,"L2m",4,"d","d","Ass1"
11,59,"Dreieck.png","Fremder","Nonmatching",1,1307,"L2n",3,"k","k","Ass1"
11,60,"Dreieck.png","Ich","Matching",1,641,"L1m",1,"d","d","Ass1"
11,61,"Dreieck.png","Ich","Matching",1,690,"L1m",1,"d","d","Ass1"
11,62,"Kreis.png","Ich","Nonmatching",1,1191,"L1n",2,"k","k","Ass1"
11,63,"Dreieck.png","Fremder","Nonmatching",1,1383,"L2n",3,"k","k","Ass1"
11,64,"Kreis.png","Fremder","Matching",1,785,"L2m",4,"d","d","Ass1"
11,65,"Dreieck.png","Ich","Matching",1,845,"L1m",1,"d","d","Ass1"
11,66,"Dreieck.png","Fremder","Nonmatching",0,1292,"L2n",3,"d","k","Ass1"
11,67,"Kreis.png","Ich","Nonmatching",1,1254,"L1n",2,"k","k","Ass1"
11,68,"Kreis.png","Fremder","Matching",1,1206,"L2m",4,"d","d","Ass1"
11,69,"Dreieck.png","Fremder","Nonmatching",1,1296,"L2n",3,"k","k","Ass1"
11,70,"Dreieck.png","Ich","Matching",1,897,"L1m",1,"d","d","Ass1"
11,71,"Kreis.png","Fremder","Matching",0,1355,"L2m",4,"k","d","Ass1"
11,72,"Kreis.png","Ich","Nonmatching",1,866,"L1n",2,"k","k","Ass1"
11,73,"Dreieck.png","Fremder","Nonmatching",1,944,"L2n",3,"k","k","Ass1"
11,74,"Kreis.png","Fremder","Matching",1,979,"L2m",4,"d","d","Ass1"
11,75,"Kreis.png","Ich","Nonmatching",1,1211,"L1n",2,"k","k","Ass1"
11,76,"Dreieck.png","Ich","Matching",1,1022,"L1m",1,"d","d","Ass1"
11,77,"Kreis.png","Ich","Nonmatching",1,800,"L1n",2,"k","k","Ass1"
11,78,"Dreieck.png","Ich","Matching",1,789,"L1m",1,"d","d","Ass1"
11,79,"Kreis.png","Fremder","Matching",1,1276,"L2m",4,"d","d","Ass1"
11,80,"Dreieck.png","Fremder","Nonmatching",1,1026,"L2n",3,"k","k","Ass1"
11,81,"Dreieck.png","Fremder","Nonmatching",1,1003,"L2n",3,"k","k","Ass1"
11,82,"Kreis.png","Ich","Nonmatching",1,667,"L1n",2,"k","k","Ass1"
11,83,"Dreieck.png","Ich","Matching",1,456,"L1m",1,"d","d","Ass1"
11,84,"Kreis.png","Fremder","Matching",1,1527,"L2m",4,"d","d","Ass1"
11,85,"Dreieck.png","Ich","Matching",1,785,"L1m",1,"d","d","Ass1"
11,86,"Dreieck.png","Fremder","Nonmatching",1,1162,"L2n",3,"k","k","Ass1"
11,87,"Kreis.png","Ich","Nonmatching",1,946,"L1n",2,"k","k","Ass1"
11,88,"Kreis.png","Fremder","Matching",1,839,"L2m",4,"d","d","Ass1"
11,89,"Dreieck.png","Ich","Matching",1,815,"L1m",1,"d","d","Ass1"
11,90,"Kreis.png","Fremder","Matching",0,792,"L2m",4,"k","d","Ass1"
11,91,"Dreieck.png","Fremder","Nonmatching",1,1637,"L2n",3,"k","k","Ass1"
11,92,"Kreis.png","Ich","Nonmatching",1,1084,"L1n",2,"k","k","Ass1"
11,93,"Dreieck.png","Ich","Matching",1,528,"L1m",1,"d","d","Ass1"
11,94,"Dreieck.png","Fremder","Nonmatching",0,1144,"L2n",3,"d","k","Ass1"
11,95,"Kreis.png","Ich","Nonmatching",0,781,"L1n",2,"d","k","Ass1"
11,96,"Kreis.png","Fremder","Matching",1,1316,"L2m",4,"d","d","Ass1"
11,97,"Kreis.png","Ich","Nonmatching",1,822,"L1n",2,"k","k","Ass1"
11,98,"Dreieck.png","Fremder","Nonmatching",1,1149,"L2n",3,"k","k","Ass1"
11,99,"Dreieck.png","Ich","Matching",1,722,"L1m",1,"d","d","Ass1"
11,100,"Kreis.png","Fremder","Matching",1,1222,"L2m",4,"d","d","Ass1"
11,101,"Dreieck.png","Ich","Matching",1,540,"L1m",1,"d","d","Ass1"
11,102,"Kreis.png","Ich","Nonmatching",1,848,"L1n",2,"k","k","Ass1"
11,103,"Kreis.png","Fremder","Matching",1,1198,"L2m",4,"d","d","Ass1"
11,104,"Dreieck.png","Fremder","Nonmatching",1,818,"L2n",3,"k","k","Ass1"
11,105,"Dreieck.png","Fremder","Nonmatching",1,792,"L2n",3,"k","k","Ass1"
11,106,"Dreieck.png","Ich","Matching",1,393,"L1m",1,"d","d","Ass1"
11,107,"Kreis.png","Ich","Nonmatching",1,710,"L1n",2,"k","k","Ass1"
11,108,"Kreis.png","Fremder","Matching",1,1036,"L2m",4,"d","d","Ass1"
11,109,"Dreieck.png","Ich","Matching",1,644,"L1m",1,"d","d","Ass1"
11,110,"Dreieck.png","Fremder","Nonmatching",1,423,"L2n",3,"k","k","Ass1"
11,111,"Kreis.png","Ich","Nonmatching",1,748,"L1n",2,"k","k","Ass1"
11,112,"Kreis.png","Fremder","Matching",1,374,"L2m",4,"d","d","Ass1"
11,113,"Kreis.png","Fremder","Matching",0,757,"L2m",4,"k","d","Ass1"
11,114,"Kreis.png","Ich","Nonmatching",1,1295,"L1n",2,"k","k","Ass1"
11,115,"Dreieck.png","Fremder","Nonmatching",1,789,"L2n",3,"k","k","Ass1"
11,116,"Dreieck.png","Ich","Matching",1,554,"L1m",1,"d","d","Ass1"
11,117,"Kreis.png","Ich","Nonmatching",1,1180,"L1n",2,"k","k","Ass1"
11,118,"Dreieck.png","Ich","Matching",1,563,"L1m",1,"d","d","Ass1"
11,119,"Dreieck.png","Fremder","Nonmatching",1,925,"L2n",3,"k","k","Ass1"
11,120,"Kreis.png","Fremder","Matching",0,409,"L2m",4,"k","d","Ass1"
11,121,"Kreis.png","Ich","Nonmatching",1,793,"L1n",2,"k","k","Ass1"
11,122,"Dreieck.png","Ich","Matching",1,702,"L1m",1,"d","d","Ass1"
11,123,"Dreieck.png","Fremder","Nonmatching",1,636,"L2n",3,"k","k","Ass1"
11,124,"Kreis.png","Fremder","Matching",1,964,"L2m",4,"d","d","Ass1"
11,125,"Kreis.png","Fremder","Matching",1,962,"L2m",4,"d","d","Ass1"
11,126,"Dreieck.png","Fremder","Nonmatching",1,1057,"L2n",3,"k","k","Ass1"
11,127,"Dreieck.png","Ich","Matching",1,446,"L1m",1,"d","d","Ass1"
11,128,"Kreis.png","Ich","Nonmatching",1,967,"L1n",2,"k","k","Ass1"
13,1,"Kreis.png","Fremder","Matching",1,810,"L2m",4,"d","d","Ass1"
13,2,"Dreieck.png","Ich","Matching",1,584,"L1m",1,"d","d","Ass1"
13,3,"Kreis.png","Ich","Nonmatching",1,566,"L1n",2,"k","k","Ass1"
13,4,"Dreieck.png","Fremder","Nonmatching",1,655,"L2n",3,"k","k","Ass1"
13,5,"Dreieck.png","Fremder","Nonmatching",1,1079,"L2n",3,"k","k","Ass1"
13,6,"Dreieck.png","Ich","Matching",1,647,"L1m",1,"d","d","Ass1"
13,7,"Kreis.png","Fremder","Matching",1,415,"L2m",4,"d","d","Ass1"
13,8,"Kreis.png","Ich","Nonmatching",1,660,"L1n",2,"k","k","Ass1"
13,9,"Kreis.png","Ich","Nonmatching",1,656,"L1n",2,"k","k","Ass1"
13,10,"Dreieck.png","Fremder","Nonmatching",0,500,"L2n",3,"d","k","Ass1"
13,11,"Kreis.png","Fremder","Matching",1,922,"L2m",4,"d","d","Ass1"
13,12,"Dreieck.png","Ich","Matching",1,984,"L1m",1,"d","d","Ass1"
13,13,"Kreis.png","Fremder","Matching",1,882,"L2m",4,"d","d","Ass1"
13,14,"Kreis.png","Ich","Nonmatching",1,472,"L1n",2,"k","k","Ass1"
13,15,"Dreieck.png","Ich","Matching",1,413,"L1m",1,"d","d","Ass1"
13,16,"Dreieck.png","Fremder","Nonmatching",1,504,"L2n",3,"k","k","Ass1"
13,17,"Kreis.png","Ich","Nonmatching",1,494,"L1n",2,"k","k","Ass1"
13,18,"Dreieck.png","Ich","Matching",0,449,"L1m",1,"k","d","Ass1"
13,19,"Dreieck.png","Fremder","Nonmatching",1,466,"L2n",3,"k","k","Ass1"
13,20,"Kreis.png","Fremder","Matching",1,591,"L2m",4,"d","d","Ass1"
13,21,"Dreieck.png","Ich","Matching",1,341,"L1m",1,"d","d","Ass1"
13,22,"Kreis.png","Fremder","Matching",1,821,"L2m",4,"d","d","Ass1"
13,23,"Dreieck.png","Fremder","Nonmatching",1,851,"L2n",3,"k","k","Ass1"
13,24,"Kreis.png","Ich","Nonmatching",1,860,"L1n",2,"k","k","Ass1"
13,25,"Dreieck.png","Fremder","Nonmatching",1,598,"L2n",3,"k","k","Ass1"
13,26,"Dreieck.png","Ich","Matching",1,500,"L1m",1,"d","d","Ass1"
13,27,"Kreis.png","Fremder","Matching",1,559,"L2m",4,"d","d","Ass1"
13,28,"Kreis.png","Ich","Nonmatching",1,475,"L1n",2,"k","k","Ass1"
13,29,"Dreieck.png","Fremder","Nonmatching",1,687,"L2n",3,"k","k","Ass1"
13,30,"Kreis.png","Fremder","Matching",1,600,"L2m",4,"d","d","Ass1"
13,31,"Dreieck.png","Ich","Matching",1,356,"L1m",1,"d","d","Ass1"
13,32,"Kreis.png","Ich","Nonmatching",1,494,"L1n",2,"k","k","Ass1"
13,33,"Dreieck.png","Fremder","Nonmatching",1,713,"L2n",3,"k","k","Ass1"
13,34,"Dreieck.png","Ich","Matching",1,619,"L1m",1,"d","d","Ass1"
13,35,"Kreis.png","Ich","Nonmatching",1,478,"L1n",2,"k","k","Ass1"
13,36,"Kreis.png","Fremder","Matching",1,852,"L2m",4,"d","d","Ass1"
13,37,"Dreieck.png","Ich","Matching",1,584,"L1m",1,"d","d","Ass1"
13,38,"Kreis.png","Fremder","Matching",1,561,"L2m",4,"d","d","Ass1"
13,39,"Dreieck.png","Fremder","Nonmatching",1,576,"L2n",3,"k","k","Ass1"
13,40,"Kreis.png","Ich","Nonmatching",0,585,"L1n",2,"d","k","Ass1"
13,41,"Kreis.png","Ich","Nonmatching",1,675,"L1n",2,"k","k","Ass1"
13,42,"Dreieck.png","Ich","Matching",1,727,"L1m",1,"d","d","Ass1"
13,43,"Dreieck.png","Fremder","Nonmatching",1,723,"L2n",3,"k","k","Ass1"
13,44,"Kreis.png","Fremder","Matching",1,624,"L2m",4,"d","d","Ass1"
13,45,"Kreis.png","Fremder","Matching",0,597,"L2m",4,"k","d","Ass1"
13,46,"Dreieck.png","Ich","Matching",1,592,"L1m",1,"d","d","Ass1"
13,47,"Kreis.png","Ich","Nonmatching",1,638,"L1n",2,"k","k","Ass1"
13,48,"Dreieck.png","Fremder","Nonmatching",1,672,"L2n",3,"k","k","Ass1"
13,49,"Dreieck.png","Ich","Matching",0,715,"L1m",1,"k","d","Ass1"
13,50,"Kreis.png","Fremder","Matching",1,649,"L2m",4,"d","d","Ass1"
13,51,"Dreieck.png","Fremder","Nonmatching",1,712,"L2n",3,"k","k","Ass1"
13,52,"Kreis.png","Ich","Nonmatching",1,572,"L1n",2,"k","k","Ass1"
13,53,"Dreieck.png","Ich","Matching",1,531,"L1m",1,"d","d","Ass1"
13,54,"Kreis.png","Ich","Nonmatching",1,437,"L1n",2,"k","k","Ass1"
13,55,"Dreieck.png","Fremder","Nonmatching",1,705,"L2n",3,"k","k","Ass1"
13,56,"Kreis.png","Fremder","Matching",0,474,"L2m",4,"k","d","Ass1"
13,57,"Kreis.png","Fremder","Matching",1,642,"L2m",4,"d","d","Ass1"
13,58,"Dreieck.png","Fremder","Nonmatching",1,809,"L2n",3,"k","k","Ass1"
13,59,"Kreis.png","Ich","Nonmatching",1,772,"L1n",2,"k","k","Ass1"
13,60,"Dreieck.png","Ich","Matching",1,414,"L1m",1,"d","d","Ass1"
13,61,"Dreieck.png","Fremder","Nonmatching",1,560,"L2n",3,"k","k","Ass1"
13,62,"Kreis.png","Ich","Nonmatching",1,676,"L1n",2,"k","k","Ass1"
13,63,"Kreis.png","Fremder","Matching",1,696,"L2m",4,"d","d","Ass1"
13,64,"Dreieck.png","Ich","Matching",1,342,"L1m",1,"d","d","Ass1"
13,65,"Dreieck.png","Ich","Matching",1,552,"L1m",1,"d","d","Ass1"
13,66,"Kreis.png","Fremder","Matching",1,585,"L2m",4,"d","d","Ass1"
13,67,"Kreis.png","Ich","Nonmatching",1,793,"L1n",2,"k","k","Ass1"
13,68,"Dreieck.png","Fremder","Nonmatching",1,899,"L2n",3,"k","k","Ass1"
13,69,"Kreis.png","Fremder","Matching",1,831,"L2m",4,"d","d","Ass1"
13,70,"Dreieck.png","Ich","Matching",1,577,"L1m",1,"d","d","Ass1"
13,71,"Kreis.png","Ich","Nonmatching",1,571,"L1n",2,"k","k","Ass1"
13,72,"Dreieck.png","Fremder","Nonmatching",0,716,"L2n",3,"d","k","Ass1"
13,73,"Kreis.png","Fremder","Matching",1,527,"L2m",4,"d","d","Ass1"
13,74,"Kreis.png","Ich","Nonmatching",1,502,"L1n",2,"k","k","Ass1"
13,75,"Dreieck.png","Ich","Matching",1,661,"L1m",1,"d","d","Ass1"
13,76,"Dreieck.png","Fremder","Nonmatching",1,579,"L2n",3,"k","k","Ass1"
13,77,"Kreis.png","Ich","Nonmatching",1,788,"L1n",2,"k","k","Ass1"
13,78,"Dreieck.png","Ich","Matching",1,504,"L1m",1,"d","d","Ass1"
13,79,"Dreieck.png","Fremder","Nonmatching",1,541,"L2n",3,"k","k","Ass1"
13,80,"Kreis.png","Fremder","Matching",1,801,"L2m",4,"d","d","Ass1"
13,81,"Dreieck.png","Ich","Matching",1,590,"L1m",1,"d","d","Ass1"
13,82,"Kreis.png","Ich","Nonmatching",1,739,"L1n",2,"k","k","Ass1"
13,83,"Kreis.png","Fremder","Matching",1,779,"L2m",4,"d","d","Ass1"
13,84,"Dreieck.png","Fremder","Nonmatching",1,763,"L2n",3,"k","k","Ass1"
13,85,"Kreis.png","Fremder","Matching",1,618,"L2m",4,"d","d","Ass1"
13,86,"Dreieck.png","Fremder","Nonmatching",1,816,"L2n",3,"k","k","Ass1"
13,87,"Dreieck.png","Ich","Matching",0,648,"L1m",1,"k","d","Ass1"
13,88,"Kreis.png","Ich","Nonmatching",1,633,"L1n",2,"k","k","Ass1"
13,89,"Dreieck.png","Ich","Matching",1,512,"L1m",1,"d","d","Ass1"
13,90,"Kreis.png","Fremder","Matching",1,789,"L2m",4,"d","d","Ass1"
13,91,"Dreieck.png","Fremder","Nonmatching",1,546,"L2n",3,"k","k","Ass1"
13,92,"Kreis.png","Ich","Nonmatching",1,509,"L1n",2,"k","k","Ass1"
13,93,"Dreieck.png","Fremder","Nonmatching",1,1229,"L2n",3,"k","k","Ass1"
13,94,"Dreieck.png","Ich","Matching",1,604,"L1m",1,"d","d","Ass1"
13,95,"Kreis.png","Ich","Nonmatching",1,614,"L1n",2,"k","k","Ass1"
13,96,"Kreis.png","Fremder","Matching",1,676,"L2m",4,"d","d","Ass1"
13,97,"Kreis.png","Fremder","Matching",0,717,"L2m",4,"k","d","Ass1"
13,98,"Dreieck.png","Ich","Matching",1,590,"L1m",1,"d","d","Ass1"
13,99,"Dreieck.png","Fremder","Nonmatching",1,649,"L2n",3,"k","k","Ass1"
13,100,"Kreis.png","Ich","Nonmatching",1,1265,"L1n",2,"k","k","Ass1"
13,101,"Dreieck.png","Ich","Matching",1,697,"L1m",1,"d","d","Ass1"
13,102,"Kreis.png","Fremder","Matching",0,700,"L2m",4,"k","d","Ass1"
13,103,"Dreieck.png","Fremder","Nonmatching",1,773,"L2n",3,"k","k","Ass1"
13,104,"Kreis.png","Ich","Nonmatching",1,698,"L1n",2,"k","k","Ass1"
13,105,"Dreieck.png","Ich","Matching",1,652,"L1m",1,"d","d","Ass1"
13,106,"Dreieck.png","Fremder","Nonmatching",1,564,"L2n",3,"k","k","Ass1"
13,107,"Kreis.png","Fremder","Matching",1,437,"L2m",4,"d","d","Ass1"
13,108,"Kreis.png","Ich","Nonmatching",1,506,"L1n",2,"k","k","Ass1"
13,109,"Kreis.png","Ich","Nonmatching",1,657,"L1n",2,"k","k","Ass1"
13,110,"Dreieck.png","Fremder","Nonmatching",1,616,"L2n",3,"k","k","Ass1"
13,111,"Kreis.png","Fremder","Matching",1,637,"L2m",4,"d","d","Ass1"
13,112,"Dreieck.png","Ich","Matching",1,759,"L1m",1,"d","d","Ass1"
13,113,"Dreieck.png","Ich","Matching",1,557,"L1m",1,"d","d","Ass1"
13,114,"Dreieck.png","Fremder","Nonmatching",1,586,"L2n",3,"k","k","Ass1"
13,115,"Kreis.png","Ich","Nonmatching",0,599,"L1n",2,"d","k","Ass1"
13,116,"Kreis.png","Fremder","Matching",1,873,"L2m",4,"d","d","Ass1"
13,117,"Kreis.png","Ich","Nonmatching",1,643,"L1n",2,"k","k","Ass1"
13,118,"Kreis.png","Fremder","Matching",1,687,"L2m",4,"d","d","Ass1"
13,119,"Dreieck.png","Fremder","Nonmatching",1,651,"L2n",3,"k","k","Ass1"
13,120,"Dreieck.png","Ich","Matching",1,393,"L1m",1,"d","d","Ass1"
13,121,"Dreieck.png","Ich","Matching",1,670,"L1m",1,"d","d","Ass1"
13,122,"Kreis.png","Ich","Nonmatching",1,585,"L1n",2,"k","k","Ass1"
13,123,"Dreieck.png","Fremder","Nonmatching",1,661,"L2n",3,"k","k","Ass1"
13,124,"Kreis.png","Fremder","Matching",1,724,"L2m",4,"d","d","Ass1"
13,125,"Dreieck.png","Ich","Matching",1,460,"L1m",1,"d","d","Ass1"
13,126,"Kreis.png","Ich","Nonmatching",1,676,"L1n",2,"k","k","Ass1"
13,127,"Kreis.png","Fremder","Matching",1,955,"L2m",4,"d","d","Ass1"
13,128,"Dreieck.png","Fremder","Nonmatching",1,616,"L2n",3,"k","k","Ass1"
14,1,"Dreieck.png","Ich","Matching",1,1413,"L1m",1,"d","d","Ass1"
14,2,"Dreieck.png","Fremder","Nonmatching",1,1176,"L2n",3,"k","k","Ass1"
14,3,"Kreis.png","Fremder","Matching",1,1491,"L2m",4,"d","d","Ass1"
14,4,"Kreis.png","Ich","Nonmatching",1,1022,"L1n",2,"k","k","Ass1"
14,5,"Kreis.png","Ich","Nonmatching",1,1126,"L1n",2,"k","k","Ass1"
14,6,"Kreis.png","Fremder","Matching",1,1270,"L2m",4,"d","d","Ass1"
14,7,"Dreieck.png","Ich","Matching",1,1513,"L1m",1,"d","d","Ass1"
14,8,"Dreieck.png","Fremder","Nonmatching",1,883,"L2n",3,"k","k","Ass1"
14,9,"Kreis.png","Ich","Nonmatching",1,1109,"L1n",2,"k","k","Ass1"
14,10,"Dreieck.png","Fremder","Nonmatching",1,1285,"L2n",3,"k","k","Ass1"
14,11,"Dreieck.png","Ich","Matching",1,863,"L1m",1,"d","d","Ass1"
14,12,"Kreis.png","Fremder","Matching",1,1118,"L2m",4,"d","d","Ass1"
14,13,"Dreieck.png","Fremder","Nonmatching",1,966,"L2n",3,"k","k","Ass1"
14,14,"Dreieck.png","Ich","Matching",1,922,"L1m",1,"d","d","Ass1"
14,15,"Kreis.png","Ich","Nonmatching",1,1052,"L1n",2,"k","k","Ass1"
14,16,"Kreis.png","Fremder","Matching",1,1253,"L2m",4,"d","d","Ass1"
14,17,"Dreieck.png","Ich","Matching",1,1053,"L1m",1,"d","d","Ass1"
14,18,"Kreis.png","Ich","Nonmatching",1,716,"L1n",2,"k","k","Ass1"
14,19,"Dreieck.png","Fremder","Nonmatching",1,1090,"L2n",3,"k","k","Ass1"
14,20,"Kreis.png","Fremder","Matching",1,1191,"L2m",4,"d","d","Ass1"
14,21,"Kreis.png","Fremder","Matching",1,1358,"L2m",4,"d","d","Ass1"
14,22,"Dreieck.png","Fremder","Nonmatching",1,979,"L2n",3,"k","k","Ass1"
14,23,"Dreieck.png","Ich","Matching",1,998,"L1m",1,"d","d","Ass1"
14,24,"Kreis.png","Ich","Nonmatching",1,793,"L1n",2,"k","k","Ass1"
14,25,"Kreis.png","Fremder","Matching",1,1245,"L2m",4,"d","d","Ass1"
14,26,"Kreis.png","Ich","Nonmatching",1,1029,"L1n",2,"k","k","Ass1"
14,27,"Dreieck.png","Ich","Matching",1,812,"L1m",1,"d","d","Ass1"
14,28,"Dreieck.png","Fremder","Nonmatching",1,986,"L2n",3,"k","k","Ass1"
14,29,"Dreieck.png","Fremder","Nonmatching",1,619,"L2n",3,"k","k","Ass1"
14,30,"Kreis.png","Fremder","Matching",1,1056,"L2m",4,"d","d","Ass1"
14,31,"Dreieck.png","Ich","Matching",1,1321,"L1m",1,"d","d","Ass1"
14,32,"Kreis.png","Ich","Nonmatching",1,771,"L1n",2,"k","k","Ass1"
14,33,"Dreieck.png","Ich","Matching",1,613,"L1m",1,"d","d","Ass1"
14,34,"Kreis.png","Fremder","Matching",1,1021,"L2m",4,"d","d","Ass1"
14,35,"Dreieck.png","Fremder","Nonmatching",1,1874,"L2n",3,"k","k","Ass1"
14,36,"Kreis.png","Ich","Nonmatching",1,720,"L1n",2,"k","k","Ass1"
14,37,"Dreieck.png","Fremder","Nonmatching",1,987,"L2n",3,"k","k","Ass1"
14,38,"Kreis.png","Fremder","Matching",1,893,"L2m",4,"d","d","Ass1"
14,39,"Dreieck.png","Ich","Matching",1,807,"L1m",1,"d","d","Ass1"
14,40,"Kreis.png","Ich","Nonmatching",1,726,"L1n",2,"k","k","Ass1"
14,41,"Dreieck.png","Fremder","Nonmatching",1,993,"L2n",3,"k","k","Ass1"
14,42,"Kreis.png","Fremder","Matching",1,1167,"L2m",4,"d","d","Ass1"
14,43,"Kreis.png","Ich","Nonmatching",1,959,"L1n",2,"k","k","Ass1"
14,44,"Dreieck.png","Ich","Matching",1,988,"L1m",1,"d","d","Ass1"
14,45,"Kreis.png","Ich","Nonmatching",1,875,"L1n",2,"k","k","Ass1"
14,46,"Dreieck.png","Fremder","Nonmatching",1,959,"L2n",3,"k","k","Ass1"
14,47,"Kreis.png","Fremder","Matching",1,947,"L2m",4,"d","d","Ass1"
14,48,"Dreieck.png","Ich","Matching",1,1319,"L1m",1,"d","d","Ass1"
14,49,"Dreieck.png","Fremder","Nonmatching",1,744,"L2n",3,"k","k","Ass1"
14,50,"Kreis.png","Ich","Nonmatching",1,758,"L1n",2,"k","k","Ass1"
14,51,"Kreis.png","Fremder","Matching",1,916,"L2m",4,"d","d","Ass1"
14,52,"Dreieck.png","Ich","Matching",1,575,"L1m",1,"d","d","Ass1"
14,53,"Dreieck.png","Ich","Matching",1,556,"L1m",1,"d","d","Ass1"
14,54,"Kreis.png","Fremder","Matching",1,740,"L2m",4,"d","d","Ass1"
14,55,"Dreieck.png","Fremder","Nonmatching",1,976,"L2n",3,"k","k","Ass1"
14,56,"Kreis.png","Ich","Nonmatching",1,977,"L1n",2,"k","k","Ass1"
14,57,"Kreis.png","Ich","Nonmatching",1,899,"L1n",2,"k","k","Ass1"
14,58,"Kreis.png","Fremder","Matching",0,902,"L2m",4,"k","d","Ass1"
14,59,"Dreieck.png","Fremder","Nonmatching",1,1910,"L2n",3,"k","k","Ass1"
14,60,"Dreieck.png","Ich","Matching",1,738,"L1m",1,"d","d","Ass1"
14,61,"Kreis.png","Ich","Nonmatching",1,712,"L1n",2,"k","k","Ass1"
14,62,"Kreis.png","Fremder","Matching",1,914,"L2m",4,"d","d","Ass1"
14,63,"Dreieck.png","Ich","Matching",1,622,"L1m",1,"d","d","Ass1"
14,64,"Dreieck.png","Fremder","Nonmatching",1,663,"L2n",3,"k","k","Ass1"
14,65,"Kreis.png","Ich","Nonmatching",1,632,"L1n",2,"k","k","Ass1"
14,66,"Dreieck.png","Fremder","Nonmatching",1,861,"L2n",3,"k","k","Ass1"
14,67,"Kreis.png","Fremder","Matching",1,1185,"L2m",4,"d","d","Ass1"
14,68,"Dreieck.png","Ich","Matching",1,1033,"L1m",1,"d","d","Ass1"
14,69,"Kreis.png","Fremder","Matching",1,699,"L2m",4,"d","d","Ass1"
14,70,"Dreieck.png","Fremder","Nonmatching",1,668,"L2n",3,"k","k","Ass1"
14,71,"Kreis.png","Ich","Nonmatching",1,1025,"L1n",2,"k","k","Ass1"
14,72,"Dreieck.png","Ich","Matching",1,524,"L1m",1,"d","d","Ass1"
14,73,"Dreieck.png","Ich","Matching",1,455,"L1m",1,"d","d","Ass1"
14,74,"Kreis.png","Ich","Nonmatching",1,585,"L1n",2,"k","k","Ass1"
14,75,"Kreis.png","Fremder","Matching",1,735,"L2m",4,"d","d","Ass1"
14,76,"Dreieck.png","Fremder","Nonmatching",1,760,"L2n",3,"k","k","Ass1"
14,77,"Kreis.png","Ich","Nonmatching",1,1405,"L1n",2,"k","k","Ass1"
14,78,"Kreis.png","Fremder","Matching",1,809,"L2m",4,"d","d","Ass1"
14,79,"Dreieck.png","Fremder","Nonmatching",1,945,"L2n",3,"k","k","Ass1"
14,80,"Dreieck.png","Ich","Matching",1,768,"L1m",1,"d","d","Ass1"
14,81,"Dreieck.png","Ich","Matching",1,593,"L1m",1,"d","d","Ass1"
14,82,"Dreieck.png","Fremder","Nonmatching",0,629,"L2n",3,"d","k","Ass1"
14,83,"Kreis.png","Ich","Nonmatching",1,836,"L1n",2,"k","k","Ass1"
14,84,"Kreis.png","Fremder","Matching",1,989,"L2m",4,"d","d","Ass1"
14,85,"Kreis.png","Ich","Nonmatching",1,693,"L1n",2,"k","k","Ass1"
14,86,"Dreieck.png","Ich","Matching",1,605,"L1m",1,"d","d","Ass1"
14,87,"Kreis.png","Fremder","Matching",1,675,"L2m",4,"d","d","Ass1"
14,88,"Dreieck.png","Fremder","Nonmatching",1,643,"L2n",3,"k","k","Ass1"
14,89,"Kreis.png","Ich","Nonmatching",1,909,"L1n",2,"k","k","Ass1"
14,90,"Kreis.png","Fremder","Matching",1,820,"L2m",4,"d","d","Ass1"
14,91,"Dreieck.png","Ich","Matching",1,486,"L1m",1,"d","d","Ass1"
14,92,"Dreieck.png","Fremder","Nonmatching",1,639,"L2n",3,"k","k","Ass1"
14,93,"Kreis.png","Fremder","Matching",1,661,"L2m",4,"d","d","Ass1"
14,94,"Dreieck.png","Ich","Matching",1,593,"L1m",1,"d","d","Ass1"
14,95,"Dreieck.png","Fremder","Nonmatching",1,656,"L2n",3,"k","k","Ass1"
14,96,"Kreis.png","Ich","Nonmatching",1,607,"L1n",2,"k","k","Ass1"
14,97,"Kreis.png","Fremder","Matching",1,995,"L2m",4,"d","d","Ass1"
14,98,"Dreieck.png","Fremder","Nonmatching",1,667,"L2n",3,"k","k","Ass1"
14,99,"Kreis.png","Ich","Nonmatching",1,703,"L1n",2,"k","k","Ass1"
14,100,"Dreieck.png","Ich","Matching",1,552,"L1m",1,"d","d","Ass1"
14,101,"Kreis.png","Ich","Nonmatching",1,536,"L1n",2,"k","k","Ass1"
14,102,"Kreis.png","Fremder","Matching",1,695,"L2m",4,"d","d","Ass1"
14,103,"Dreieck.png","Ich","Matching",1,715,"L1m",1,"d","d","Ass1"
14,104,"Dreieck.png","Fremder","Nonmatching",1,816,"L2n",3,"k","k","Ass1"
14,105,"Dreieck.png","Ich","Matching",1,577,"L1m",1,"d","d","Ass1"
14,106,"Kreis.png","Fremder","Matching",1,635,"L2m",4,"d","d","Ass1"
14,107,"Dreieck.png","Fremder","Nonmatching",1,818,"L2n",3,"k","k","Ass1"
14,108,"Kreis.png","Ich","Nonmatching",1,843,"L1n",2,"k","k","Ass1"
14,109,"Dreieck.png","Fremder","Nonmatching",1,644,"L2n",3,"k","k","Ass1"
14,110,"Kreis.png","Fremder","Matching",1,840,"L2m",4,"d","d","Ass1"
14,111,"Dreieck.png","Ich","Matching",1,751,"L1m",1,"d","d","Ass1"
14,112,"Kreis.png","Ich","Nonmatching",1,637,"L1n",2,"k","k","Ass1"
14,113,"Kreis.png","Fremder","Matching",1,745,"L2m",4,"d","d","Ass1"
14,114,"Dreieck.png","Fremder","Nonmatching",1,633,"L2n",3,"k","k","Ass1"
14,115,"Kreis.png","Ich","Nonmatching",1,670,"L1n",2,"k","k","Ass1"
14,116,"Dreieck.png","Ich","Matching",1,569,"L1m",1,"d","d","Ass1"
14,117,"Kreis.png","Ich","Nonmatching",1,721,"L1n",2,"k","k","Ass1"
14,118,"Kreis.png","Fremder","Matching",1,939,"L2m",4,"d","d","Ass1"
14,119,"Dreieck.png","Ich","Matching",1,514,"L1m",1,"d","d","Ass1"
14,120,"Dreieck.png","Fremder","Nonmatching",1,798,"L2n",3,"k","k","Ass1"
14,121,"Dreieck.png","Fremder","Nonmatching",1,726,"L2n",3,"k","k","Ass1"
14,122,"Dreieck.png","Ich","Matching",1,637,"L1m",1,"d","d","Ass1"
14,123,"Kreis.png","Ich","Nonmatching",1,557,"L1n",2,"k","k","Ass1"
14,124,"Kreis.png","Fremder","Matching",1,809,"L2m",4,"d","d","Ass1"
14,125,"Dreieck.png","Ich","Matching",1,653,"L1m",1,"d","d","Ass1"
14,126,"Kreis.png","Fremder","Matching",0,866,"L2m",4,"k","d","Ass1"
14,127,"Dreieck.png","Fremder","Nonmatching",1,927,"L2n",3,"k","k","Ass1"
14,128,"Kreis.png","Ich","Nonmatching",1,1045,"L1n",2,"k","k","Ass1"
15,1,"Dreieck.png","Fremder","Matching",0,1013,"L1m",1,"k","d","Ass2"
15,2,"Kreis.png","Fremder","Nonmatching",1,965,"L1n",2,"k","k","Ass2"
15,3,"Kreis.png","Ich","Matching",1,434,"L2m",4,"d","d","Ass2"
15,4,"Dreieck.png","Ich","Nonmatching",1,832,"L2n",3,"k","k","Ass2"
15,5,"Kreis.png","Fremder","Nonmatching",1,678,"L1n",2,"k","k","Ass2"
15,6,"Dreieck.png","Ich","Nonmatching",1,914,"L2n",3,"k","k","Ass2"
15,7,"Kreis.png","Ich","Matching",1,499,"L2m",4,"d","d","Ass2"
15,8,"Dreieck.png","Fremder","Matching",1,661,"L1m",1,"d","d","Ass2"
15,9,"Dreieck.png","Ich","Nonmatching",1,765,"L2n",3,"k","k","Ass2"
15,10,"Dreieck.png","Fremder","Matching",0,566,"L1m",1,"k","d","Ass2"
15,11,"Kreis.png","Fremder","Nonmatching",1,701,"L1n",2,"k","k","Ass2"
15,12,"Kreis.png","Ich","Matching",1,538,"L2m",4,"d","d","Ass2"
15,13,"Dreieck.png","Ich","Nonmatching",1,794,"L2n",3,"k","k","Ass2"
15,14,"Kreis.png","Fremder","Nonmatching",1,792,"L1n",2,"k","k","Ass2"
15,15,"Kreis.png","Ich","Matching",1,443,"L2m",4,"d","d","Ass2"
15,16,"Dreieck.png","Fremder","Matching",1,428,"L1m",1,"d","d","Ass2"
15,17,"Dreieck.png","Fremder","Matching",1,858,"L1m",1,"d","d","Ass2"
15,18,"Kreis.png","Ich","Matching",1,582,"L2m",4,"d","d","Ass2"
15,19,"Kreis.png","Fremder","Nonmatching",1,662,"L1n",2,"k","k","Ass2"
15,20,"Dreieck.png","Ich","Nonmatching",1,798,"L2n",3,"k","k","Ass2"
15,21,"Kreis.png","Ich","Matching",1,493,"L2m",4,"d","d","Ass2"
15,22,"Dreieck.png","Ich","Nonmatching",1,678,"L2n",3,"k","k","Ass2"
15,23,"Kreis.png","Fremder","Nonmatching",1,675,"L1n",2,"k","k","Ass2"
15,24,"Dreieck.png","Fremder","Matching",1,742,"L1m",1,"d","d","Ass2"
15,25,"Kreis.png","Fremder","Nonmatching",1,718,"L1n",2,"k","k","Ass2"
15,26,"Dreieck.png","Fremder","Matching",0,618,"L1m",1,"k","d","Ass2"
15,27,"Kreis.png","Ich","Matching",1,425,"L2m",4,"d","d","Ass2"
15,28,"Dreieck.png","Ich","Nonmatching",1,711,"L2n",3,"k","k","Ass2"
15,29,"Dreieck.png","Fremder","Matching",1,754,"L1m",1,"d","d","Ass2"
15,30,"Dreieck.png","Ich","Nonmatching",1,676,"L2n",3,"k","k","Ass2"
15,31,"Kreis.png","Fremder","Nonmatching",1,766,"L1n",2,"k","k","Ass2"
15,32,"Kreis.png","Ich","Matching",1,597,"L2m",4,"d","d","Ass2"
15,33,"Dreieck.png","Fremder","Matching",1,407,"L1m",1,"d","d","Ass2"
15,34,"Dreieck.png","Ich","Nonmatching",1,635,"L2n",3,"k","k","Ass2"
15,35,"Kreis.png","Ich","Matching",1,720,"L2m",4,"d","d","Ass2"
15,36,"Kreis.png","Fremder","Nonmatching",1,546,"L1n",2,"k","k","Ass2"
15,37,"Dreieck.png","Ich","Nonmatching",1,688,"L2n",3,"k","k","Ass2"
15,38,"Kreis.png","Fremder","Nonmatching",1,669,"L1n",2,"k","k","Ass2"
15,39,"Kreis.png","Ich","Matching",1,445,"L2m",4,"d","d","Ass2"
15,40,"Dreieck.png","Fremder","Matching",1,414,"L1m",1,"d","d","Ass2"
15,41,"Dreieck.png","Fremder","Matching",1,602,"L1m",1,"d","d","Ass2"
15,42,"Dreieck.png","Ich","Nonmatching",1,632,"L2n",3,"k","k","Ass2"
15,43,"Kreis.png","Ich","Matching",1,406,"L2m",4,"d","d","Ass2"
15,44,"Kreis.png","Fremder","Nonmatching",1,531,"L1n",2,"k","k","Ass2"
15,45,"Dreieck.png","Ich","Nonmatching",1,646,"L2n",3,"k","k","Ass2"
15,46,"Kreis.png","Fremder","Nonmatching",0,698,"L1n",2,"d","k","Ass2"
15,47,"Dreieck.png","Fremder","Matching",1,944,"L1m",1,"d","d","Ass2"
15,48,"Kreis.png","Ich","Matching",1,476,"L2m",4,"d","d","Ass2"
15,49,"Dreieck.png","Ich","Nonmatching",1,741,"L2n",3,"k","k","Ass2"
15,50,"Dreieck.png","Fremder","Matching",1,972,"L1m",1,"d","d","Ass2"
15,51,"Kreis.png","Ich","Matching",1,434,"L2m",4,"d","d","Ass2"
15,52,"Kreis.png","Fremder","Nonmatching",1,609,"L1n",2,"k","k","Ass2"
15,53,"Kreis.png","Ich","Matching",1,676,"L2m",4,"d","d","Ass2"
15,54,"Dreieck.png","Fremder","Matching",1,416,"L1m",1,"d","d","Ass2"
15,55,"Kreis.png","Fremder","Nonmatching",1,579,"L1n",2,"k","k","Ass2"
15,56,"Dreieck.png","Ich","Nonmatching",1,954,"L2n",3,"k","k","Ass2"
15,57,"Kreis.png","Ich","Matching",1,482,"L2m",4,"d","d","Ass2"
15,58,"Dreieck.png","Fremder","Matching",1,474,"L1m",1,"d","d","Ass2"
15,59,"Dreieck.png","Ich","Nonmatching",1,578,"L2n",3,"k","k","Ass2"
15,60,"Kreis.png","Fremder","Nonmatching",1,541,"L1n",2,"k","k","Ass2"
15,61,"Dreieck.png","Fremder","Matching",1,779,"L1m",1,"d","d","Ass2"
15,62,"Kreis.png","Ich","Matching",1,605,"L2m",4,"d","d","Ass2"
15,63,"Kreis.png","Fremder","Nonmatching",1,375,"L1n",2,"k","k","Ass2"
15,64,"Dreieck.png","Ich","Nonmatching",1,450,"L2n",3,"k","k","Ass2"
15,65,"Dreieck.png","Ich","Nonmatching",0,516,"L2n",3,"d","k","Ass2"
15,66,"Kreis.png","Ich","Matching",1,696,"L2m",4,"d","d","Ass2"
15,67,"Kreis.png","Fremder","Nonmatching",1,519,"L1n",2,"k","k","Ass2"
15,68,"Dreieck.png","Fremder","Matching",0,973,"L1m",1,"k","d","Ass2"
15,69,"Kreis.png","Fremder","Nonmatching",1,658,"L1n",2,"k","k","Ass2"
15,70,"Dreieck.png","Ich","Nonmatching",1,1330,"L2n",3,"k","k","Ass2"
15,71,"Kreis.png","Ich","Matching",1,452,"L2m",4,"d","d","Ass2"
15,72,"Dreieck.png","Fremder","Matching",1,585,"L1m",1,"d","d","Ass2"
15,73,"Kreis.png","Ich","Matching",1,490,"L2m",4,"d","d","Ass2"
15,74,"Dreieck.png","Fremder","Matching",1,782,"L1m",1,"d","d","Ass2"
15,75,"Dreieck.png","Ich","Nonmatching",1,632,"L2n",3,"k","k","Ass2"
15,76,"Kreis.png","Fremder","Nonmatching",1,939,"L1n",2,"k","k","Ass2"
15,77,"Dreieck.png","Ich","Nonmatching",1,689,"L2n",3,"k","k","Ass2"
15,78,"Dreieck.png","Fremder","Matching",1,836,"L1m",1,"d","d","Ass2"
15,79,"Kreis.png","Ich","Matching",1,440,"L2m",4,"d","d","Ass2"
15,80,"Kreis.png","Fremder","Nonmatching",1,805,"L1n",2,"k","k","Ass2"
15,81,"Kreis.png","Fremder","Nonmatching",1,566,"L1n",2,"k","k","Ass2"
15,82,"Dreieck.png","Ich","Nonmatching",1,744,"L2n",3,"k","k","Ass2"
15,83,"Kreis.png","Ich","Matching",1,440,"L2m",4,"d","d","Ass2"
15,84,"Dreieck.png","Fremder","Matching",1,531,"L1m",1,"d","d","Ass2"
15,85,"Dreieck.png","Fremder","Matching",1,638,"L1m",1,"d","d","Ass2"
15,86,"Kreis.png","Fremder","Nonmatching",1,598,"L1n",2,"k","k","Ass2"
15,87,"Dreieck.png","Ich","Nonmatching",0,498,"L2n",3,"d","k","Ass2"
15,88,"Kreis.png","Ich","Matching",1,557,"L2m",4,"d","d","Ass2"
15,89,"Kreis.png","Ich","Matching",1,607,"L2m",4,"d","d","Ass2"
15,90,"Dreieck.png","Fremder","Matching",1,535,"L1m",1,"d","d","Ass2"
15,91,"Dreieck.png","Ich","Nonmatching",1,913,"L2n",3,"k","k","Ass2"
15,92,"Kreis.png","Fremder","Nonmatching",1,690,"L1n",2,"k","k","Ass2"
15,93,"Dreieck.png","Fremder","Matching",1,862,"L1m",1,"d","d","Ass2"
15,94,"Kreis.png","Fremder","Nonmatching",1,695,"L1n",2,"k","k","Ass2"
15,95,"Kreis.png","Ich","Matching",1,551,"L2m",4,"d","d","Ass2"
15,96,"Dreieck.png","Ich","Nonmatching",1,643,"L2n",3,"k","k","Ass2"
15,97,"Kreis.png","Fremder","Nonmatching",1,658,"L1n",2,"k","k","Ass2"
15,98,"Dreieck.png","Ich","Nonmatching",1,711,"L2n",3,"k","k","Ass2"
15,99,"Dreieck.png","Fremder","Matching",1,838,"L1m",1,"d","d","Ass2"
15,100,"Kreis.png","Ich","Matching",1,404,"L2m",4,"d","d","Ass2"
15,101,"Dreieck.png","Fremder","Matching",1,586,"L1m",1,"d","d","Ass2"
15,102,"Kreis.png","Ich","Matching",1,715,"L2m",4,"d","d","Ass2"
15,103,"Kreis.png","Fremder","Nonmatching",1,604,"L1n",2,"k","k","Ass2"
15,104,"Dreieck.png","Ich","Nonmatching",1,594,"L2n",3,"k","k","Ass2"
15,105,"Dreieck.png","Ich","Nonmatching",1,682,"L2n",3,"k","k","Ass2"
15,106,"Kreis.png","Ich","Matching",1,458,"L2m",4,"d","d","Ass2"
15,107,"Dreieck.png","Fremder","Matching",1,555,"L1m",1,"d","d","Ass2"
15,108,"Kreis.png","Fremder","Nonmatching",1,614,"L1n",2,"k","k","Ass2"
15,109,"Kreis.png","Fremder","Nonmatching",1,832,"L1n",2,"k","k","Ass2"
15,110,"Kreis.png","Ich","Matching",1,452,"L2m",4,"d","d","Ass2"
15,111,"Dreieck.png","Fremder","Matching",1,460,"L1m",1,"d","d","Ass2"
15,112,"Dreieck.png","Ich","Nonmatching",1,546,"L2n",3,"k","k","Ass2"
15,113,"Kreis.png","Ich","Matching",1,423,"L2m",4,"d","d","Ass2"
15,114,"Dreieck.png","Ich","Nonmatching",1,646,"L2n",3,"k","k","Ass2"
15,115,"Kreis.png","Fremder","Nonmatching",1,770,"L1n",2,"k","k","Ass2"
15,116,"Dreieck.png","Fremder","Matching",1,772,"L1m",1,"d","d","Ass2"
15,117,"Dreieck.png","Ich","Nonmatching",1,652,"L2n",3,"k","k","Ass2"
15,118,"Dreieck.png","Fremder","Matching",1,795,"L1m",1,"d","d","Ass2"
15,119,"Kreis.png","Ich","Matching",1,389,"L2m",4,"d","d","Ass2"
15,120,"Kreis.png","Fremder","Nonmatching",1,610,"L1n",2,"k","k","Ass2"
15,121,"Dreieck.png","Ich","Nonmatching",1,894,"L2n",3,"k","k","Ass2"
15,122,"Dreieck.png","Fremder","Matching",1,739,"L1m",1,"d","d","Ass2"
15,123,"Kreis.png","Fremder","Nonmatching",1,563,"L1n",2,"k","k","Ass2"
15,124,"Kreis.png","Ich","Matching",1,429,"L2m",4,"d","d","Ass2"
15,125,"Kreis.png","Ich","Matching",1,545,"L2m",4,"d","d","Ass2"
15,126,"Dreieck.png","Ich","Nonmatching",1,574,"L2n",3,"k","k","Ass2"
15,127,"Kreis.png","Fremder","Nonmatching",1,840,"L1n",2,"k","k","Ass2"
15,128,"Dreieck.png","Fremder","Matching",1,429,"L1m",1,"d","d","Ass2"
21,1,"Kreis.png","Ich","Matching",1,483,"L2m",4,"d","d","Ass2"
21,2,"Kreis.png","Fremder","Nonmatching",1,956,"L1n",2,"k","k","Ass2"
21,3,"Dreieck.png","Fremder","Matching",1,1059,"L1m",1,"d","d","Ass2"
21,4,"Dreieck.png","Ich","Nonmatching",1,689,"L2n",3,"k","k","Ass2"
21,5,"Dreieck.png","Fremder","Matching",1,895,"L1m",1,"d","d","Ass2"
21,6,"Kreis.png","Fremder","Nonmatching",1,1085,"L1n",2,"k","k","Ass2"
21,7,"Kreis.png","Ich","Matching",1,444,"L2m",4,"d","d","Ass2"
21,8,"Dreieck.png","Ich","Nonmatching",1,764,"L2n",3,"k","k","Ass2"
21,9,"Dreieck.png","Ich","Nonmatching",1,1146,"L2n",3,"k","k","Ass2"
21,10,"Kreis.png","Fremder","Nonmatching",1,889,"L1n",2,"k","k","Ass2"
21,11,"Dreieck.png","Fremder","Matching",1,805,"L1m",1,"d","d","Ass2"
21,12,"Kreis.png","Ich","Matching",1,690,"L2m",4,"d","d","Ass2"
21,13,"Dreieck.png","Ich","Nonmatching",1,963,"L2n",3,"k","k","Ass2"
21,14,"Kreis.png","Ich","Matching",1,634,"L2m",4,"d","d","Ass2"
21,15,"Kreis.png","Fremder","Nonmatching",1,677,"L1n",2,"k","k","Ass2"
21,16,"Dreieck.png","Fremder","Matching",1,743,"L1m",1,"d","d","Ass2"
21,17,"Dreieck.png","Ich","Nonmatching",1,969,"L2n",3,"k","k","Ass2"
21,18,"Kreis.png","Fremder","Nonmatching",1,1052,"L1n",2,"k","k","Ass2"
21,19,"Kreis.png","Ich","Matching",1,530,"L2m",4,"d","d","Ass2"
21,20,"Dreieck.png","Fremder","Matching",1,905,"L1m",1,"d","d","Ass2"
21,21,"Kreis.png","Fremder","Nonmatching",1,792,"L1n",2,"k","k","Ass2"
21,22,"Dreieck.png","Fremder","Matching",1,807,"L1m",1,"d","d","Ass2"
21,23,"Kreis.png","Ich","Matching",1,606,"L2m",4,"d","d","Ass2"
21,24,"Dreieck.png","Ich","Nonmatching",1,755,"L2n",3,"k","k","Ass2"
21,25,"Kreis.png","Fremder","Nonmatching",1,981,"L1n",2,"k","k","Ass2"
21,26,"Dreieck.png","Fremder","Matching",0,745,"L1m",1,"k","d","Ass2"
21,27,"Dreieck.png","Ich","Nonmatching",1,716,"L2n",3,"k","k","Ass2"
21,28,"Kreis.png","Ich","Matching",1,615,"L2m",4,"d","d","Ass2"
21,29,"Kreis.png","Ich","Matching",1,510,"L2m",4,"d","d","Ass2"
21,30,"Kreis.png","Fremder","Nonmatching",1,801,"L1n",2,"k","k","Ass2"
21,31,"Dreieck.png","Fremder","Matching",1,990,"L1m",1,"d","d","Ass2"
21,32,"Dreieck.png","Ich","Nonmatching",1,611,"L2n",3,"k","k","Ass2"
21,33,"Kreis.png","Fremder","Nonmatching",1,657,"L1n",2,"k","k","Ass2"
21,34,"Dreieck.png","Ich","Nonmatching",1,922,"L2n",3,"k","k","Ass2"
21,35,"Kreis.png","Ich","Matching",1,555,"L2m",4,"d","d","Ass2"
21,36,"Dreieck.png","Fremder","Matching",1,662,"L1m",1,"d","d","Ass2"
21,37,"Dreieck.png","Fremder","Matching",1,839,"L1m",1,"d","d","Ass2"
21,38,"Dreieck.png","Ich","Nonmatching",1,626,"L2n",3,"k","k","Ass2"
21,39,"Kreis.png","Fremder","Nonmatching",1,887,"L1n",2,"k","k","Ass2"
21,40,"Kreis.png","Ich","Matching",1,528,"L2m",4,"d","d","Ass2"
21,41,"Kreis.png","Fremder","Nonmatching",1,703,"L1n",2,"k","k","Ass2"
21,42,"Dreieck.png","Fremder","Matching",1,643,"L1m",1,"d","d","Ass2"
21,43,"Kreis.png","Ich","Matching",1,365,"L2m",4,"d","d","Ass2"
21,44,"Dreieck.png","Ich","Nonmatching",0,527,"L2n",3,"d","k","Ass2"
21,45,"Dreieck.png","Ich","Nonmatching",1,595,"L2n",3,"k","k","Ass2"
21,46,"Kreis.png","Fremder","Nonmatching",1,852,"L1n",2,"k","k","Ass2"
21,47,"Dreieck.png","Fremder","Matching",1,675,"L1m",1,"d","d","Ass2"
21,48,"Kreis.png","Ich","Matching",1,472,"L2m",4,"d","d","Ass2"
21,49,"Kreis.png","Fremder","Nonmatching",1,536,"L1n",2,"k","k","Ass2"
21,50,"Kreis.png","Ich","Matching",1,700,"L2m",4,"d","d","Ass2"
21,51,"Dreieck.png","Fremder","Matching",1,718,"L1m",1,"d","d","Ass2"
21,52,"Dreieck.png","Ich","Nonmatching",1,670,"L2n",3,"k","k","Ass2"
21,53,"Dreieck.png","Fremder","Matching",0,572,"L1m",1,"k","d","Ass2"
21,54,"Kreis.png","Fremder","Nonmatching",1,591,"L1n",2,"k","k","Ass2"
21,55,"Kreis.png","Ich","Matching",1,485,"L2m",4,"d","d","Ass2"
21,56,"Dreieck.png","Ich","Nonmatching",1,763,"L2n",3,"k","k","Ass2"
21,57,"Kreis.png","Ich","Matching",1,798,"L2m",4,"d","d","Ass2"
21,58,"Kreis.png","Fremder","Nonmatching",1,750,"L1n",2,"k","k","Ass2"
21,59,"Dreieck.png","Fremder","Matching",1,956,"L1m",1,"d","d","Ass2"
21,60,"Dreieck.png","Ich","Nonmatching",1,632,"L2n",3,"k","k","Ass2"
21,61,"Dreieck.png","Ich","Nonmatching",1,847,"L2n",3,"k","k","Ass2"
21,62,"Kreis.png","Ich","Matching",1,615,"L2m",4,"d","d","Ass2"
21,63,"Dreieck.png","Fremder","Matching",1,1143,"L1m",1,"d","d","Ass2"
21,64,"Kreis.png","Fremder","Nonmatching",1,730,"L1n",2,"k","k","Ass2"
21,65,"Dreieck.png","Ich","Nonmatching",1,946,"L2n",3,"k","k","Ass2"
21,66,"Kreis.png","Ich","Matching",1,467,"L2m",4,"d","d","Ass2"
21,67,"Dreieck.png","Fremder","Matching",1,610,"L1m",1,"d","d","Ass2"
21,68,"Kreis.png","Fremder","Nonmatching",1,701,"L1n",2,"k","k","Ass2"
21,69,"Kreis.png","Fremder","Nonmatching",1,816,"L1n",2,"k","k","Ass2"
21,70,"Kreis.png","Ich","Matching",1,446,"L2m",4,"d","d","Ass2"
21,71,"Dreieck.png","Ich","Nonmatching",1,616,"L2n",3,"k","k","Ass2"
21,72,"Dreieck.png","Fremder","Matching",0,546,"L1m",1,"k","d","Ass2"
21,73,"Kreis.png","Ich","Matching",1,703,"L2m",4,"d","d","Ass2"
21,74,"Kreis.png","Fremder","Nonmatching",1,731,"L1n",2,"k","k","Ass2"
21,75,"Dreieck.png","Fremder","Matching",1,1008,"L1m",1,"d","d","Ass2"
21,76,"Dreieck.png","Ich","Nonmatching",1,891,"L2n",3,"k","k","Ass2"
21,77,"Kreis.png","Ich","Matching",1,673,"L2m",4,"d","d","Ass2"
21,78,"Kreis.png","Fremder","Nonmatching",1,818,"L1n",2,"k","k","Ass2"
21,79,"Dreieck.png","Ich","Nonmatching",1,729,"L2n",3,"k","k","Ass2"
21,80,"Dreieck.png","Fremder","Matching",1,825,"L1m",1,"d","d","Ass2"
21,81,"Dreieck.png","Ich","Nonmatching",1,1197,"L2n",3,"k","k","Ass2"
21,82,"Kreis.png","Ich","Matching",1,707,"L2m",4,"d","d","Ass2"
21,83,"Dreieck.png","Fremder","Matching",1,1176,"L1m",1,"d","d","Ass2"
21,84,"Kreis.png","Fremder","Nonmatching",1,877,"L1n",2,"k","k","Ass2"
21,85,"Dreieck.png","Ich","Nonmatching",1,1160,"L2n",3,"k","k","Ass2"
21,86,"Dreieck.png","Fremder","Matching",1,902,"L1m",1,"d","d","Ass2"
21,87,"Kreis.png","Ich","Matching",1,660,"L2m",4,"d","d","Ass2"
21,88,"Kreis.png","Fremder","Nonmatching",1,675,"L1n",2,"k","k","Ass2"
21,89,"Kreis.png","Ich","Matching",1,488,"L2m",4,"d","d","Ass2"
21,90,"Dreieck.png","Fremder","Matching",1,1073,"L1m",1,"d","d","Ass2"
21,91,"Dreieck.png","Ich","Nonmatching",1,1119,"L2n",3,"k","k","Ass2"
21,92,"Kreis.png","Fremder","Nonmatching",1,869,"L1n",2,"k","k","Ass2"
21,93,"Dreieck.png","Ich","Nonmatching",1,954,"L2n",3,"k","k","Ass2"
21,94,"Kreis.png","Fremder","Nonmatching",1,773,"L1n",2,"k","k","Ass2"
21,95,"Dreieck.png","Fremder","Matching",0,484,"L1m",1,"k","d","Ass2"
21,96,"Kreis.png","Ich","Matching",1,493,"L2m",4,"d","d","Ass2"
21,97,"Dreieck.png","Ich","Nonmatching",1,662,"L2n",3,"k","k","Ass2"
21,98,"Dreieck.png","Fremder","Matching",1,698,"L1m",1,"d","d","Ass2"
21,99,"Kreis.png","Fremder","Nonmatching",1,649,"L1n",2,"k","k","Ass2"
21,100,"Kreis.png","Ich","Matching",1,613,"L2m",4,"d","d","Ass2"
21,101,"Dreieck.png","Ich","Nonmatching",1,1058,"L2n",3,"k","k","Ass2"
21,102,"Dreieck.png","Fremder","Matching",1,785,"L1m",1,"d","d","Ass2"
21,103,"Kreis.png","Fremder","Nonmatching",1,691,"L1n",2,"k","k","Ass2"
21,104,"Kreis.png","Ich","Matching",1,616,"L2m",4,"d","d","Ass2"
21,105,"Kreis.png","Fremder","Nonmatching",1,769,"L1n",2,"k","k","Ass2"
21,106,"Kreis.png","Ich","Matching",1,647,"L2m",4,"d","d","Ass2"
21,107,"Dreieck.png","Fremder","Matching",1,1092,"L1m",1,"d","d","Ass2"
21,108,"Dreieck.png","Ich","Nonmatching",1,898,"L2n",3,"k","k","Ass2"
21,109,"Dreieck.png","Ich","Nonmatching",0,777,"L2n",3,"d","k","Ass2"
21,110,"Kreis.png","Fremder","Nonmatching",1,1040,"L1n",2,"k","k","Ass2"
21,111,"Kreis.png","Ich","Matching",1,753,"L2m",4,"d","d","Ass2"
21,112,"Dreieck.png","Fremder","Matching",1,1114,"L1m",1,"d","d","Ass2"
21,113,"Kreis.png","Ich","Matching",1,755,"L2m",4,"d","d","Ass2"
21,114,"Kreis.png","Fremder","Nonmatching",1,669,"L1n",2,"k","k","Ass2"
21,115,"Dreieck.png","Fremder","Matching",1,1092,"L1m",1,"d","d","Ass2"
21,116,"Dreieck.png","Ich","Nonmatching",1,1035,"L2n",3,"k","k","Ass2"
21,117,"Kreis.png","Ich","Matching",1,471,"L2m",4,"d","d","Ass2"
21,118,"Kreis.png","Fremder","Nonmatching",0,757,"L1n",2,"d","k","Ass2"
21,119,"Dreieck.png","Fremder","Matching",1,730,"L1m",1,"d","d","Ass2"
21,120,"Dreieck.png","Ich","Nonmatching",1,634,"L2n",3,"k","k","Ass2"
21,121,"Dreieck.png","Fremder","Matching",1,647,"L1m",1,"d","d","Ass2"
21,122,"Kreis.png","Ich","Matching",1,580,"L2m",4,"d","d","Ass2"
21,123,"Kreis.png","Fremder","Nonmatching",1,629,"L1n",2,"k","k","Ass2"
21,124,"Dreieck.png","Ich","Nonmatching",1,719,"L2n",3,"k","k","Ass2"
21,125,"Kreis.png","Ich","Matching",1,589,"L2m",4,"d","d","Ass2"
21,126,"Dreieck.png","Fremder","Matching",1,778,"L1m",1,"d","d","Ass2"
21,127,"Dreieck.png","Ich","Nonmatching",1,621,"L2n",3,"k","k","Ass2"
21,128,"Kreis.png","Fremder","Nonmatching",1,1091,"L1n",2,"k","k","Ass2"
24,1,"Kreis.png","Fremder","Matching",1,324,"L2m",4,"d","d","Ass1"
24,2,"Kreis.png","Ich","Nonmatching",1,537,"L1n",2,"k","k","Ass1"
24,3,"Dreieck.png","Ich","Matching",1,343,"L1m",1,"d","d","Ass1"
24,4,"Dreieck.png","Fremder","Nonmatching",1,214,"L2n",3,"k","k","Ass1"
24,5,"Kreis.png","Fremder","Matching",1,457,"L2m",4,"d","d","Ass1"
24,6,"Dreieck.png","Ich","Matching",0,266,"L1m",1,"k","d","Ass1"
24,7,"Kreis.png","Ich","Nonmatching",0,178,"L1n",2,"d","k","Ass1"
24,8,"Dreieck.png","Fremder","Nonmatching",1,208,"L2n",3,"k","k","Ass1"
24,9,"Dreieck.png","Fremder","Nonmatching",0,246,"L2n",3,"d","k","Ass1"
24,10,"Kreis.png","Ich","Nonmatching",1,210,"L1n",2,"k","k","Ass1"
24,11,"Dreieck.png","Ich","Matching",1,171,"L1m",1,"d","d","Ass1"
24,12,"Kreis.png","Fremder","Matching",0,213,"L2m",4,"k","d","Ass1"
24,13,"Kreis.png","Ich","Nonmatching",0,235,"L1n",2,"d","k","Ass1"
24,14,"Kreis.png","Fremder","Matching",0,159,"L2m",4,"k","d","Ass1"
24,15,"Dreieck.png","Fremder","Nonmatching",0,213,"L2n",3,"d","k","Ass1"
24,16,"Dreieck.png","Ich","Matching",0,197,"L1m",1,"k","d","Ass1"
24,17,"Kreis.png","Ich","Nonmatching",0,249,"L1n",2,"d","k","Ass1"
24,18,"Dreieck.png","Ich","Matching",0,232,"L1m",1,"k","d","Ass1"
24,19,"Dreieck.png","Fremder","Nonmatching",0,201,"L2n",3,"d","k","Ass1"
24,20,"Kreis.png","Fremder","Matching",0,204,"L2m",4,"k","d","Ass1"
24,21,"Dreieck.png","Ich","Matching",1,242,"L1m",1,"d","d","Ass1"
24,22,"Kreis.png","Fremder","Matching",0,473,"L2m",4,"k","d","Ass1"
24,23,"Dreieck.png","Fremder","Nonmatching",0,242,"L2n",3,"d","k","Ass1"
24,24,"Kreis.png","Ich","Nonmatching",0,226,"L1n",2,"d","k","Ass1"
24,25,"Kreis.png","Fremder","Matching",0,229,"L2m",4,"k","d","Ass1"
24,26,"Dreieck.png","Ich","Matching",0,207,"L1m",1,"k","d","Ass1"
24,27,"Dreieck.png","Fremder","Nonmatching",1,165,"L2n",3,"k","k","Ass1"
24,28,"Kreis.png","Ich","Nonmatching",0,214,"L1n",2,"d","k","Ass1"
24,29,"Kreis.png","Fremder","Matching",0,193,"L2m",4,"k","d","Ass1"
24,30,"Kreis.png","Ich","Nonmatching",0,207,"L1n",2,"d","k","Ass1"
24,31,"Dreieck.png","Fremder","Nonmatching",1,220,"L2n",3,"k","k","Ass1"
24,32,"Dreieck.png","Ich","Matching",1,250,"L1m",1,"d","d","Ass1"
24,33,"Kreis.png","Ich","Nonmatching",1,260,"L1n",2,"k","k","Ass1"
24,34,"Kreis.png","Fremder","Matching",1,238,"L2m",4,"d","d","Ass1"
24,35,"Dreieck.png","Fremder","Nonmatching",1,266,"L2n",3,"k","k","Ass1"
24,36,"Dreieck.png","Ich","Matching",1,241,"L1m",1,"d","d","Ass1"
24,37,"Dreieck.png","Ich","Matching",0,90,"L1m",1,"k","d","Ass1"
24,38,"Dreieck.png","Fremder","Nonmatching",0,168,"L2n",3,"d","k","Ass1"
24,39,"Kreis.png","Fremder","Matching",0,210,"L2m",4,"k","d","Ass1"
24,40,"Kreis.png","Ich","Nonmatching",0,220,"L1n",2,"d","k","Ass1"
24,41,"Dreieck.png","Fremder","Nonmatching",1,242,"L2n",3,"k","k","Ass1"
24,42,"Kreis.png","Ich","Nonmatching",0,412,"L1n",2,"d","k","Ass1"
24,43,"Kreis.png","Fremder","Matching",0,681,"L2m",4,"k","d","Ass1"
24,44,"Dreieck.png","Ich","Matching",1,135,"L1m",1,"d","d","Ass1"
24,45,"Dreieck.png","Fremder","Nonmatching",1,226,"L2n",3,"k","k","Ass1"
24,46,"Kreis.png","Fremder","Matching",1,260,"L2m",4,"d","d","Ass1"
24,47,"Dreieck.png","Ich","Matching",0,252,"L1m",1,"k","d","Ass1"
24,48,"Kreis.png","Ich","Nonmatching",0,239,"L1n",2,"d","k","Ass1"
24,49,"Dreieck.png","Fremder","Nonmatching",1,227,"L2n",3,"k","k","Ass1"
24,50,"Dreieck.png","Ich","Matching",1,258,"L1m",1,"d","d","Ass1"
24,51,"Kreis.png","Ich","Nonmatching",1,232,"L1n",2,"k","k","Ass1"
24,52,"Kreis.png","Fremder","Matching",1,263,"L2m",4,"d","d","Ass1"
24,53,"Dreieck.png","Fremder","Nonmatching",1,253,"L2n",3,"k","k","Ass1"
24,54,"Dreieck.png","Ich","Matching",1,277,"L1m",1,"d","d","Ass1"
24,55,"Kreis.png","Ich","Nonmatching",1,288,"L1n",2,"k","k","Ass1"
24,56,"Kreis.png","Fremder","Matching",1,251,"L2m",4,"d","d","Ass1"
24,57,"Dreieck.png","Fremder","Nonmatching",1,275,"L2n",3,"k","k","Ass1"
24,58,"Kreis.png","Fremder","Matching",1,268,"L2m",4,"d","d","Ass1"
24,59,"Kreis.png","Ich","Nonmatching",1,262,"L1n",2,"k","k","Ass1"
24,60,"Dreieck.png","Ich","Matching",1,232,"L1m",1,"d","d","Ass1"
24,61,"Dreieck.png","Ich","Matching",0,242,"L1m",1,"k","d","Ass1"
24,62,"Kreis.png","Ich","Nonmatching",0,260,"L1n",2,"d","k","Ass1"
24,63,"Kreis.png","Fremder","Matching",0,255,"L2m",4,"k","d","Ass1"
24,64,"Dreieck.png","Fremder","Nonmatching",0,222,"L2n",3,"d","k","Ass1"
24,65,"Kreis.png","Fremder","Matching",0,246,"L2m",4,"k","d","Ass1"
24,66,"Dreieck.png","Fremder","Nonmatching",1,252,"L2n",3,"k","k","Ass1"
24,67,"Dreieck.png","Ich","Matching",1,235,"L1m",1,"d","d","Ass1"
24,68,"Kreis.png","Ich","Nonmatching",1,171,"L1n",2,"k","k","Ass1"
24,69,"Dreieck.png","Fremder","Nonmatching",1,815,"L2n",3,"k","k","Ass1"
24,70,"Kreis.png","Fremder","Matching",0,736,"L2m",4,"k","d","Ass1"
24,71,"Kreis.png","Ich","Nonmatching",0,565,"L1n",2,"d","k","Ass1"
24,72,"Dreieck.png","Ich","Matching",1,509,"L1m",1,"d","d","Ass1"
24,73,"Kreis.png","Fremder","Matching",1,784,"L2m",4,"d","d","Ass1"
24,74,"Kreis.png","Ich","Nonmatching",1,786,"L1n",2,"k","k","Ass1"
24,75,"Dreieck.png","Ich","Matching",1,418,"L1m",1,"d","d","Ass1"
24,76,"Dreieck.png","Fremder","Nonmatching",0,616,"L2n",3,"d","k","Ass1"
24,77,"Dreieck.png","Ich","Matching",1,443,"L1m",1,"d","d","Ass1"
24,78,"Kreis.png","Ich","Nonmatching",1,986,"L1n",2,"k","k","Ass1"
24,79,"Dreieck.png","Fremder","Nonmatching",1,1632,"L2n",3,"k","k","Ass1"
24,80,"Kreis.png","Fremder","Matching",0,1625,"L2m",4,"k","d","Ass1"
24,81,"Dreieck.png","Fremder","Nonmatching",1,1428,"L2n",3,"k","k","Ass1"
24,82,"Dreieck.png","Ich","Matching",1,610,"L1m",1,"d","d","Ass1"
24,83,"Kreis.png","Fremder","Matching",0,656,"L2m",4,"k","d","Ass1"
24,84,"Kreis.png","Ich","Nonmatching",1,1355,"L1n",2,"k","k","Ass1"
24,85,"Kreis.png","Fremder","Matching",0,1061,"L2m",4,"k","d","Ass1"
24,86,"Dreieck.png","Fremder","Nonmatching",1,1278,"L2n",3,"k","k","Ass1"
24,87,"Kreis.png","Ich","Nonmatching",1,708,"L1n",2,"k","k","Ass1"
24,88,"Dreieck.png","Ich","Matching",1,588,"L1m",1,"d","d","Ass1"
24,89,"Kreis.png","Ich","Nonmatching",1,1359,"L1n",2,"k","k","Ass1"
24,90,"Dreieck.png","Ich","Matching",1,464,"L1m",1,"d","d","Ass1"
24,91,"Kreis.png","Fremder","Matching",0,826,"L2m",4,"k","d","Ass1"
24,92,"Dreieck.png","Fremder","Nonmatching",1,1257,"L2n",3,"k","k","Ass1"
24,93,"Dreieck.png","Fremder","Nonmatching",1,1153,"L2n",3,"k","k","Ass1"
24,94,"Kreis.png","Ich","Nonmatching",1,857,"L1n",2,"k","k","Ass1"
24,95,"Dreieck.png","Ich","Matching",1,697,"L1m",1,"d","d","Ass1"
24,96,"Kreis.png","Fremder","Matching",0,1282,"L2m",4,"k","d","Ass1"
24,97,"Dreieck.png","Fremder","Nonmatching",1,865,"L2n",3,"k","k","Ass1"
24,98,"Kreis.png","Fremder","Matching",1,1263,"L2m",4,"d","d","Ass1"
24,99,"Kreis.png","Ich","Nonmatching",1,865,"L1n",2,"k","k","Ass1"
24,100,"Dreieck.png","Ich","Matching",1,1082,"L1m",1,"d","d","Ass1"
24,101,"Dreieck.png","Ich","Matching",1,800,"L1m",1,"d","d","Ass1"
24,102,"Kreis.png","Ich","Nonmatching",1,949,"L1n",2,"k","k","Ass1"
24,103,"Dreieck.png","Fremder","Nonmatching",1,1758,"L2n",3,"k","k","Ass1"
24,104,"Kreis.png","Fremder","Matching",1,1505,"L2m",4,"d","d","Ass1"
24,105,"Dreieck.png","Ich","Matching",1,1418,"L1m",1,"d","d","Ass1"
24,106,"Kreis.png","Ich","Nonmatching",1,1146,"L1n",2,"k","k","Ass1"
24,107,"Dreieck.png","Fremder","Nonmatching",1,927,"L2n",3,"k","k","Ass1"
24,108,"Kreis.png","Fremder","Matching",1,1132,"L2m",4,"d","d","Ass1"
24,109,"Dreieck.png","Fremder","Nonmatching",1,1012,"L2n",3,"k","k","Ass1"
24,110,"Kreis.png","Ich","Nonmatching",1,2071,"L1n",2,"k","k","Ass1"
24,111,"Dreieck.png","Ich","Matching",1,758,"L1m",1,"d","d","Ass1"
24,112,"Kreis.png","Fremder","Matching",1,1089,"L2m",4,"d","d","Ass1"
24,113,"Kreis.png","Ich","Nonmatching",1,1194,"L1n",2,"k","k","Ass1"
24,114,"Dreieck.png","Ich","Matching",1,573,"L1m",1,"d","d","Ass1"
24,115,"Dreieck.png","Fremder","Nonmatching",1,951,"L2n",3,"k","k","Ass1"
24,116,"Kreis.png","Fremder","Matching",0,846,"L2m",4,"k","d","Ass1"
24,117,"Dreieck.png","Ich","Matching",1,648,"L1m",1,"d","d","Ass1"
24,118,"Kreis.png","Fremder","Matching",1,891,"L2m",4,"d","d","Ass1"
24,119,"Dreieck.png","Fremder","Nonmatching",1,1533,"L2n",3,"k","k","Ass1"
24,120,"Kreis.png","Ich","Nonmatching",1,1515,"L1n",2,"k","k","Ass1"
24,121,"Dreieck.png","Fremder","Nonmatching",1,1265,"L2n",3,"k","k","Ass1"
24,122,"Kreis.png","Fremder","Matching",1,1156,"L2m",4,"d","d","Ass1"
24,123,"Kreis.png","Ich","Nonmatching",1,874,"L1n",2,"k","k","Ass1"
24,124,"Dreieck.png","Ich","Matching",1,1466,"L1m",1,"d","d","Ass1"
24,125,"Dreieck.png","Fremder","Nonmatching",1,1458,"L2n",3,"k","k","Ass1"
24,126,"Kreis.png","Ich","Nonmatching",1,944,"L1n",2,"k","k","Ass1"
24,127,"Kreis.png","Fremder","Matching",1,1197,"L2m",4,"d","d","Ass1"
24,128,"Dreieck.png","Ich","Matching",1,458,"L1m",1,"d","d","Ass1"
25,1,"Kreis.png","Fremder","Matching",1,1326,"L2m",4,"d","d","Ass1"
25,2,"Dreieck.png","Fremder","Nonmatching",1,803,"L2n",3,"k","k","Ass1"
25,3,"Kreis.png","Ich","Nonmatching",1,1253,"L1n",2,"k","k","Ass1"
25,4,"Dreieck.png","Ich","Matching",1,870,"L1m",1,"d","d","Ass1"
25,5,"Dreieck.png","Fremder","Nonmatching",1,995,"L2n",3,"k","k","Ass1"
25,6,"Kreis.png","Fremder","Matching",1,905,"L2m",4,"d","d","Ass1"
25,7,"Dreieck.png","Ich","Matching",1,988,"L1m",1,"d","d","Ass1"
25,8,"Kreis.png","Ich","Nonmatching",1,856,"L1n",2,"k","k","Ass1"
25,9,"Kreis.png","Ich","Nonmatching",1,768,"L1n",2,"k","k","Ass1"
25,10,"Dreieck.png","Fremder","Nonmatching",1,888,"L2n",3,"k","k","Ass1"
25,11,"Kreis.png","Fremder","Matching",1,1178,"L2m",4,"d","d","Ass1"
25,12,"Dreieck.png","Ich","Matching",1,712,"L1m",1,"d","d","Ass1"
25,13,"Dreieck.png","Fremder","Nonmatching",1,1129,"L2n",3,"k","k","Ass1"
25,14,"Kreis.png","Ich","Nonmatching",1,836,"L1n",2,"k","k","Ass1"
25,15,"Dreieck.png","Ich","Matching",1,735,"L1m",1,"d","d","Ass1"
25,16,"Kreis.png","Fremder","Matching",1,939,"L2m",4,"d","d","Ass1"
25,17,"Dreieck.png","Fremder","Nonmatching",1,651,"L2n",3,"k","k","Ass1"
25,18,"Dreieck.png","Ich","Matching",1,613,"L1m",1,"d","d","Ass1"
25,19,"Kreis.png","Fremder","Matching",1,1105,"L2m",4,"d","d","Ass1"
25,20,"Kreis.png","Ich","Nonmatching",1,719,"L1n",2,"k","k","Ass1"
25,21,"Dreieck.png","Fremder","Nonmatching",0,842,"L2n",3,"d","k","Ass1"
25,22,"Dreieck.png","Ich","Matching",1,468,"L1m",1,"d","d","Ass1"
25,23,"Kreis.png","Ich","Nonmatching",1,1226,"L1n",2,"k","k","Ass1"
25,24,"Kreis.png","Fremder","Matching",1,1233,"L2m",4,"d","d","Ass1"
25,25,"Dreieck.png","Ich","Matching",1,688,"L1m",1,"d","d","Ass1"
25,26,"Kreis.png","Ich","Nonmatching",1,709,"L1n",2,"k","k","Ass1"
25,27,"Dreieck.png","Fremder","Nonmatching",1,1292,"L2n",3,"k","k","Ass1"
25,28,"Kreis.png","Fremder","Matching",1,880,"L2m",4,"d","d","Ass1"
25,29,"Dreieck.png","Fremder","Nonmatching",1,1164,"L2n",3,"k","k","Ass1"
25,30,"Kreis.png","Fremder","Matching",1,914,"L2m",4,"d","d","Ass1"
25,31,"Kreis.png","Ich","Nonmatching",1,776,"L1n",2,"k","k","Ass1"
25,32,"Dreieck.png","Ich","Matching",1,495,"L1m",1,"d","d","Ass1"
25,33,"Kreis.png","Ich","Nonmatching",1,523,"L1n",2,"k","k","Ass1"
25,34,"Dreieck.png","Ich","Matching",1,588,"L1m",1,"d","d","Ass1"
25,35,"Kreis.png","Fremder","Matching",1,826,"L2m",4,"d","d","Ass1"
25,36,"Dreieck.png","Fremder","Nonmatching",1,918,"L2n",3,"k","k","Ass1"
25,37,"Dreieck.png","Ich","Matching",1,450,"L1m",1,"d","d","Ass1"
25,38,"Kreis.png","Ich","Nonmatching",1,617,"L1n",2,"k","k","Ass1"
25,39,"Dreieck.png","Fremder","Nonmatching",1,1667,"L2n",3,"k","k","Ass1"
25,40,"Kreis.png","Fremder","Matching",1,769,"L2m",4,"d","d","Ass1"
25,41,"Kreis.png","Fremder","Matching",1,990,"L2m",4,"d","d","Ass1"
25,42,"Dreieck.png","Ich","Matching",1,657,"L1m",1,"d","d","Ass1"
25,43,"Kreis.png","Ich","Nonmatching",1,683,"L1n",2,"k","k","Ass1"
25,44,"Dreieck.png","Fremder","Nonmatching",1,1325,"L2n",3,"k","k","Ass1"
25,45,"Dreieck.png","Fremder","Nonmatching",1,617,"L2n",3,"k","k","Ass1"
25,46,"Kreis.png","Ich","Nonmatching",1,742,"L1n",2,"k","k","Ass1"
25,47,"Dreieck.png","Ich","Matching",1,398,"L1m",1,"d","d","Ass1"
25,48,"Kreis.png","Fremder","Matching",0,776,"L2m",4,"k","d","Ass1"
25,49,"Dreieck.png","Fremder","Nonmatching",1,962,"L2n",3,"k","k","Ass1"
25,50,"Kreis.png","Ich","Nonmatching",1,623,"L1n",2,"k","k","Ass1"
25,51,"Dreieck.png","Ich","Matching",1,387,"L1m",1,"d","d","Ass1"
25,52,"Kreis.png","Fremder","Matching",1,1019,"L2m",4,"d","d","Ass1"
25,53,"Dreieck.png","Ich","Matching",1,940,"L1m",1,"d","d","Ass1"
25,54,"Kreis.png","Ich","Nonmatching",1,718,"L1n",2,"k","k","Ass1"
25,55,"Dreieck.png","Fremder","Nonmatching",1,1027,"L2n",3,"k","k","Ass1"
25,56,"Kreis.png","Fremder","Matching",1,565,"L2m",4,"d","d","Ass1"
25,57,"Kreis.png","Ich","Nonmatching",1,824,"L1n",2,"k","k","Ass1"
25,58,"Dreieck.png","Fremder","Nonmatching",1,631,"L2n",3,"k","k","Ass1"
25,59,"Kreis.png","Fremder","Matching",1,781,"L2m",4,"d","d","Ass1"
25,60,"Dreieck.png","Ich","Matching",1,378,"L1m",1,"d","d","Ass1"
25,61,"Kreis.png","Ich","Nonmatching",1,568,"L1n",2,"k","k","Ass1"
25,62,"Dreieck.png","Fremder","Nonmatching",1,501,"L2n",3,"k","k","Ass1"
25,63,"Dreieck.png","Ich","Matching",1,524,"L1m",1,"d","d","Ass1"
25,64,"Kreis.png","Fremder","Matching",1,396,"L2m",4,"d","d","Ass1"
25,65,"Dreieck.png","Ich","Matching",1,672,"L1m",1,"d","d","Ass1"
25,66,"Kreis.png","Fremder","Matching",1,330,"L2m",4,"d","d","Ass1"
25,67,"Dreieck.png","Fremder","Nonmatching",1,708,"L2n",3,"k","k","Ass1"
25,68,"Kreis.png","Ich","Nonmatching",1,342,"L1n",2,"k","k","Ass1"
25,69,"Kreis.png","Fremder","Matching",1,638,"L2m",4,"d","d","Ass1"
25,70,"Kreis.png","Ich","Nonmatching",1,630,"L1n",2,"k","k","Ass1"
25,71,"Dreieck.png","Ich","Matching",1,511,"L1m",1,"d","d","Ass1"
25,72,"Dreieck.png","Fremder","Nonmatching",1,821,"L2n",3,"k","k","Ass1"
25,73,"Dreieck.png","Ich","Matching",1,512,"L1m",1,"d","d","Ass1"
25,74,"Kreis.png","Ich","Nonmatching",1,509,"L1n",2,"k","k","Ass1"
25,75,"Dreieck.png","Fremder","Nonmatching",1,632,"L2n",3,"k","k","Ass1"
25,76,"Kreis.png","Fremder","Matching",1,718,"L2m",4,"d","d","Ass1"
25,77,"Kreis.png","Fremder","Matching",1,750,"L2m",4,"d","d","Ass1"
25,78,"Kreis.png","Ich","Nonmatching",1,688,"L1n",2,"k","k","Ass1"
25,79,"Dreieck.png","Fremder","Nonmatching",1,783,"L2n",3,"k","k","Ass1"
25,80,"Dreieck.png","Ich","Matching",1,570,"L1m",1,"d","d","Ass1"
25,81,"Dreieck.png","Fremder","Nonmatching",1,631,"L2n",3,"k","k","Ass1"
25,82,"Dreieck.png","Ich","Matching",1,509,"L1m",1,"d","d","Ass1"
25,83,"Kreis.png","Fremder","Matching",1,621,"L2m",4,"d","d","Ass1"
25,84,"Kreis.png","Ich","Nonmatching",1,533,"L1n",2,"k","k","Ass1"
25,85,"Dreieck.png","Ich","Matching",1,473,"L1m",1,"d","d","Ass1"
25,86,"Kreis.png","Fremder","Matching",1,574,"L2m",4,"d","d","Ass1"
25,87,"Dreieck.png","Fremder","Nonmatching",1,540,"L2n",3,"k","k","Ass1"
25,88,"Kreis.png","Ich","Nonmatching",1,811,"L1n",2,"k","k","Ass1"
25,89,"Kreis.png","Fremder","Matching",1,1087,"L2m",4,"d","d","Ass1"
25,90,"Kreis.png","Ich","Nonmatching",1,628,"L1n",2,"k","k","Ass1"
25,91,"Dreieck.png","Ich","Matching",1,447,"L1m",1,"d","d","Ass1"
25,92,"Dreieck.png","Fremder","Nonmatching",1,570,"L2n",3,"k","k","Ass1"
25,93,"Kreis.png","Ich","Nonmatching",1,701,"L1n",2,"k","k","Ass1"
25,94,"Dreieck.png","Fremder","Nonmatching",1,650,"L2n",3,"k","k","Ass1"
25,95,"Dreieck.png","Ich","Matching",1,555,"L1m",1,"d","d","Ass1"
25,96,"Kreis.png","Fremder","Matching",1,687,"L2m",4,"d","d","Ass1"
25,97,"Kreis.png","Ich","Nonmatching",1,609,"L1n",2,"k","k","Ass1"
25,98,"Dreieck.png","Fremder","Nonmatching",1,790,"L2n",3,"k","k","Ass1"
25,99,"Dreieck.png","Ich","Matching",1,584,"L1m",1,"d","d","Ass1"
25,100,"Kreis.png","Fremder","Matching",1,694,"L2m",4,"d","d","Ass1"
25,101,"Dreieck.png","Fremder","Nonmatching",1,625,"L2n",3,"k","k","Ass1"
25,102,"Kreis.png","Fremder","Matching",1,880,"L2m",4,"d","d","Ass1"
25,103,"Dreieck.png","Ich","Matching",1,291,"L1m",1,"d","d","Ass1"
25,104,"Kreis.png","Ich","Nonmatching",1,496,"L1n",2,"k","k","Ass1"
25,105,"Kreis.png","Ich","Nonmatching",1,543,"L1n",2,"k","k","Ass1"
25,106,"Kreis.png","Fremder","Matching",1,1344,"L2m",4,"d","d","Ass1"
25,107,"Dreieck.png","Ich","Matching",1,623,"L1m",1,"d","d","Ass1"
25,108,"Dreieck.png","Fremder","Nonmatching",1,692,"L2n",3,"k","k","Ass1"
25,109,"Kreis.png","Fremder","Matching",1,681,"L2m",4,"d","d","Ass1"
25,110,"Dreieck.png","Fremder","Nonmatching",1,555,"L2n",3,"k","k","Ass1"
25,111,"Kreis.png","Ich","Nonmatching",1,698,"L1n",2,"k","k","Ass1"
25,112,"Dreieck.png","Ich","Matching",1,437,"L1m",1,"d","d","Ass1"
25,113,"Kreis.png","Fremder","Matching",1,659,"L2m",4,"d","d","Ass1"
25,114,"Kreis.png","Ich","Nonmatching",1,595,"L1n",2,"k","k","Ass1"
25,115,"Dreieck.png","Ich","Matching",1,693,"L1m",1,"d","d","Ass1"
25,116,"Dreieck.png","Fremder","Nonmatching",1,589,"L2n",3,"k","k","Ass1"
25,117,"Kreis.png","Ich","Nonmatching",1,607,"L1n",2,"k","k","Ass1"
25,118,"Dreieck.png","Fremder","Nonmatching",1,823,"L2n",3,"k","k","Ass1"
25,119,"Dreieck.png","Ich","Matching",1,337,"L1m",1,"d","d","Ass1"
25,120,"Kreis.png","Fremder","Matching",1,547,"L2m",4,"d","d","Ass1"
25,121,"Dreieck.png","Ich","Matching",1,523,"L1m",1,"d","d","Ass1"
25,122,"Kreis.png","Fremder","Matching",1,589,"L2m",4,"d","d","Ass1"
25,123,"Kreis.png","Ich","Nonmatching",1,582,"L1n",2,"k","k","Ass1"
25,124,"Dreieck.png","Fremder","Nonmatching",1,696,"L2n",3,"k","k","Ass1"
25,125,"Kreis.png","Ich","Nonmatching",1,559,"L1n",2,"k","k","Ass1"
25,126,"Kreis.png","Fremder","Matching",1,667,"L2m",4,"d","d","Ass1"
25,127,"Dreieck.png","Fremder","Nonmatching",1,926,"L2n",3,"k","k","Ass1"
25,128,"Dreieck.png","Ich","Matching",1,650,"L1m",1,"d","d","Ass1"
26,1,"Kreis.png","Ich","Nonmatching",1,775,"L1n",2,"k","k","Ass1"
26,2,"Dreieck.png","Fremder","Nonmatching",1,1298,"L2n",3,"k","k","Ass1"
26,3,"Dreieck.png","Ich","Matching",1,489,"L1m",1,"d","d","Ass1"
26,4,"Kreis.png","Fremder","Matching",0,1461,"L2m",4,"k","d","Ass1"
26,5,"Dreieck.png","Ich","Matching",1,1323,"L1m",1,"d","d","Ass1"
26,6,"Dreieck.png","Fremder","Nonmatching",1,691,"L2n",3,"k","k","Ass1"
26,7,"Kreis.png","Fremder","Matching",1,1634,"L2m",4,"d","d","Ass1"
26,8,"Kreis.png","Ich","Nonmatching",1,793,"L1n",2,"k","k","Ass1"
26,9,"Kreis.png","Ich","Nonmatching",1,776,"L1n",2,"k","k","Ass1"
26,10,"Kreis.png","Fremder","Matching",1,1074,"L2m",4,"d","d","Ass1"
26,11,"Dreieck.png","Ich","Matching",1,714,"L1m",1,"d","d","Ass1"
26,12,"Dreieck.png","Fremder","Nonmatching",1,799,"L2n",3,"k","k","Ass1"
26,13,"Dreieck.png","Ich","Matching",1,963,"L1m",1,"d","d","Ass1"
26,14,"Kreis.png","Fremder","Matching",0,738,"L2m",4,"k","d","Ass1"
26,15,"Dreieck.png","Fremder","Nonmatching",1,1183,"L2n",3,"k","k","Ass1"
26,16,"Kreis.png","Ich","Nonmatching",1,1801,"L1n",2,"k","k","Ass1"
26,17,"Kreis.png","Fremder","Matching",1,1309,"L2m",4,"d","d","Ass1"
26,18,"Kreis.png","Ich","Nonmatching",1,774,"L1n",2,"k","k","Ass1"
26,19,"Dreieck.png","Ich","Matching",1,656,"L1m",1,"d","d","Ass1"
26,20,"Dreieck.png","Fremder","Nonmatching",1,723,"L2n",3,"k","k","Ass1"
26,21,"Dreieck.png","Ich","Matching",1,726,"L1m",1,"d","d","Ass1"
26,22,"Kreis.png","Fremder","Matching",0,624,"L2m",4,"k","d","Ass1"
26,23,"Dreieck.png","Fremder","Nonmatching",1,558,"L2n",3,"k","k","Ass1"
26,24,"Kreis.png","Ich","Nonmatching",1,679,"L1n",2,"k","k","Ass1"
26,25,"Kreis.png","Fremder","Matching",1,631,"L2m",4,"d","d","Ass1"
26,26,"Kreis.png","Ich","Nonmatching",1,1069,"L1n",2,"k","k","Ass1"
26,27,"Dreieck.png","Fremder","Nonmatching",1,1506,"L2n",3,"k","k","Ass1"
26,28,"Dreieck.png","Ich","Matching",1,793,"L1m",1,"d","d","Ass1"
26,29,"Kreis.png","Ich","Nonmatching",1,1545,"L1n",2,"k","k","Ass1"
26,30,"Dreieck.png","Fremder","Nonmatching",1,1345,"L2n",3,"k","k","Ass1"
26,31,"Kreis.png","Fremder","Matching",1,912,"L2m",4,"d","d","Ass1"
26,32,"Dreieck.png","Ich","Matching",1,874,"L1m",1,"d","d","Ass1"
26,33,"Dreieck.png","Ich","Matching",1,726,"L1m",1,"d","d","Ass1"
26,34,"Kreis.png","Ich","Nonmatching",1,674,"L1n",2,"k","k","Ass1"
26,35,"Dreieck.png","Fremder","Nonmatching",1,935,"L2n",3,"k","k","Ass1"
26,36,"Kreis.png","Fremder","Matching",0,460,"L2m",4,"k","d","Ass1"
26,37,"Dreieck.png","Ich","Matching",1,502,"L1m",1,"d","d","Ass1"
26,38,"Kreis.png","Fremder","Matching",1,969,"L2m",4,"d","d","Ass1"
26,39,"Dreieck.png","Fremder","Nonmatching",0,582,"L2n",3,"d","k","Ass1"
26,40,"Kreis.png","Ich","Nonmatching",1,938,"L1n",2,"k","k","Ass1"
26,41,"Dreieck.png","Fremder","Nonmatching",1,1403,"L2n",3,"k","k","Ass1"
26,42,"Kreis.png","Fremder","Matching",1,1545,"L2m",4,"d","d","Ass1"
26,43,"Dreieck.png","Ich","Matching",1,922,"L1m",1,"d","d","Ass1"
26,44,"Kreis.png","Ich","Nonmatching",1,804,"L1n",2,"k","k","Ass1"
26,45,"Kreis.png","Ich","Nonmatching",1,996,"L1n",2,"k","k","Ass1"
26,46,"Dreieck.png","Ich","Matching",1,727,"L1m",1,"d","d","Ass1"
26,47,"Dreieck.png","Fremder","Nonmatching",1,760,"L2n",3,"k","k","Ass1"
26,48,"Kreis.png","Fremder","Matching",1,915,"L2m",4,"d","d","Ass1"
26,49,"Kreis.png","Ich","Nonmatching",1,943,"L1n",2,"k","k","Ass1"
26,50,"Kreis.png","Fremder","Matching",1,1092,"L2m",4,"d","d","Ass1"
26,51,"Dreieck.png","Ich","Matching",1,655,"L1m",1,"d","d","Ass1"
26,52,"Dreieck.png","Fremder","Nonmatching",1,1142,"L2n",3,"k","k","Ass1"
26,53,"Kreis.png","Ich","Nonmatching",1,1089,"L1n",2,"k","k","Ass1"
26,54,"Kreis.png","Fremder","Matching",1,1018,"L2m",4,"d","d","Ass1"
26,55,"Dreieck.png","Fremder","Nonmatching",1,844,"L2n",3,"k","k","Ass1"
26,56,"Dreieck.png","Ich","Matching",1,684,"L1m",1,"d","d","Ass1"
26,57,"Dreieck.png","Fremder","Nonmatching",1,739,"L2n",3,"k","k","Ass1"
26,58,"Kreis.png","Fremder","Matching",0,534,"L2m",4,"k","d","Ass1"
26,59,"Kreis.png","Ich","Nonmatching",1,573,"L1n",2,"k","k","Ass1"
26,60,"Dreieck.png","Ich","Matching",1,602,"L1m",1,"d","d","Ass1"
26,61,"Kreis.png","Fremder","Matching",1,743,"L2m",4,"d","d","Ass1"
26,62,"Dreieck.png","Fremder","Nonmatching",1,763,"L2n",3,"k","k","Ass1"
26,63,"Kreis.png","Ich","Nonmatching",1,829,"L1n",2,"k","k","Ass1"
26,64,"Dreieck.png","Ich","Matching",1,700,"L1m",1,"d","d","Ass1"
26,65,"Kreis.png","Fremder","Matching",1,1514,"L2m",4,"d","d","Ass1"
26,66,"Kreis.png","Ich","Nonmatching",0,773,"L1n",2,"d","k","Ass1"
26,67,"Dreieck.png","Fremder","Nonmatching",1,883,"L2n",3,"k","k","Ass1"
26,68,"Dreieck.png","Ich","Matching",1,736,"L1m",1,"d","d","Ass1"
26,69,"Dreieck.png","Ich","Matching",1,674,"L1m",1,"d","d","Ass1"
26,70,"Dreieck.png","Fremder","Nonmatching",1,885,"L2n",3,"k","k","Ass1"
26,71,"Kreis.png","Ich","Nonmatching",1,899,"L1n",2,"k","k","Ass1"
26,72,"Kreis.png","Fremder","Matching",0,761,"L2m",4,"k","d","Ass1"
26,73,"Kreis.png","Ich","Nonmatching",1,560,"L1n",2,"k","k","Ass1"
26,74,"Kreis.png","Fremder","Matching",1,1629,"L2m",4,"d","d","Ass1"
26,75,"Dreieck.png","Ich","Matching",1,866,"L1m",1,"d","d","Ass1"
26,76,"Dreieck.png","Fremder","Nonmatching",1,733,"L2n",3,"k","k","Ass1"
26,77,"Kreis.png","Ich","Nonmatching",1,680,"L1n",2,"k","k","Ass1"
26,78,"Dreieck.png","Fremder","Nonmatching",0,11704,"L2n",3,"d","k","Ass1"
26,79,"Dreieck.png","Ich","Matching",1,651,"L1m",1,"d","d","Ass1"
26,80,"Kreis.png","Fremder","Matching",0,589,"L2m",4,"k","d","Ass1"
26,81,"Kreis.png","Ich","Nonmatching",1,709,"L1n",2,"k","k","Ass1"
26,82,"Kreis.png","Fremder","Matching",1,722,"L2m",4,"d","d","Ass1"
26,83,"Dreieck.png","Ich","Matching",1,622,"L1m",1,"d","d","Ass1"
26,84,"Dreieck.png","Fremder","Nonmatching",1,615,"L2n",3,"k","k","Ass1"
26,85,"Dreieck.png","Fremder","Nonmatching",1,1087,"L2n",3,"k","k","Ass1"
26,86,"Kreis.png","Fremder","Matching",0,676,"L2m",4,"k","d","Ass1"
26,87,"Kreis.png","Ich","Nonmatching",1,865,"L1n",2,"k","k","Ass1"
26,88,"Dreieck.png","Ich","Matching",1,1794,"L1m",1,"d","d","Ass1"
26,89,"Kreis.png","Fremder","Matching",1,2529,"L2m",4,"d","d","Ass1"
26,90,"Kreis.png","Ich","Nonmatching",1,1535,"L1n",2,"k","k","Ass1"
26,91,"Dreieck.png","Fremder","Nonmatching",0,593,"L2n",3,"d","k","Ass1"
26,92,"Dreieck.png","Ich","Matching",1,878,"L1m",1,"d","d","Ass1"
26,93,"Dreieck.png","Ich","Matching",1,589,"L1m",1,"d","d","Ass1"
26,94,"Kreis.png","Ich","Nonmatching",1,601,"L1n",2,"k","k","Ass1"
26,95,"Kreis.png","Fremder","Matching",0,850,"L2m",4,"k","d","Ass1"
26,96,"Dreieck.png","Fremder","Nonmatching",1,2459,"L2n",3,"k","k","Ass1"
26,97,"Dreieck.png","Fremder","Nonmatching",1,757,"L2n",3,"k","k","Ass1"
26,98,"Kreis.png","Ich","Nonmatching",1,1464,"L1n",2,"k","k","Ass1"
26,99,"Dreieck.png","Ich","Matching",1,862,"L1m",1,"d","d","Ass1"
26,100,"Kreis.png","Fremder","Matching",1,1845,"L2m",4,"d","d","Ass1"
26,101,"Dreieck.png","Fremder","Nonmatching",1,1097,"L2n",3,"k","k","Ass1"
26,102,"Dreieck.png","Ich","Matching",1,792,"L1m",1,"d","d","Ass1"
26,103,"Kreis.png","Ich","Nonmatching",1,1110,"L1n",2,"k","k","Ass1"
26,104,"Kreis.png","Fremder","Matching",1,1666,"L2m",4,"d","d","Ass1"
26,105,"Kreis.png","Fremder","Matching",1,917,"L2m",4,"d","d","Ass1"
26,106,"Kreis.png","Ich","Nonmatching",1,2108,"L1n",2,"k","k","Ass1"
26,107,"Dreieck.png","Fremder","Nonmatching",0,894,"L2n",3,"d","k","Ass1"
26,108,"Dreieck.png","Ich","Matching",0,690,"L1m",1,"k","d","Ass1"
26,109,"Dreieck.png","Ich","Matching",1,825,"L1m",1,"d","d","Ass1"
26,110,"Kreis.png","Fremder","Matching",1,1833,"L2m",4,"d","d","Ass1"
26,111,"Kreis.png","Ich","Nonmatching",1,1165,"L1n",2,"k","k","Ass1"
26,112,"Dreieck.png","Fremder","Nonmatching",1,1276,"L2n",3,"k","k","Ass1"
26,113,"Kreis.png","Ich","Nonmatching",1,1058,"L1n",2,"k","k","Ass1"
26,114,"Dreieck.png","Fremder","Nonmatching",1,1166,"L2n",3,"k","k","Ass1"
26,115,"Dreieck.png","Ich","Matching",1,782,"L1m",1,"d","d","Ass1"
26,116,"Kreis.png","Fremder","Matching",1,1135,"L2m",4,"d","d","Ass1"
26,117,"Kreis.png","Fremder","Matching",1,1247,"L2m",4,"d","d","Ass1"
26,118,"Dreieck.png","Ich","Matching",1,881,"L1m",1,"d","d","Ass1"
26,119,"Kreis.png","Ich","Nonmatching",1,802,"L1n",2,"k","k","Ass1"
26,120,"Dreieck.png","Fremder","Nonmatching",1,2887,"L2n",3,"k","k","Ass1"
26,121,"Kreis.png","Fremder","Matching",1,1497,"L2m",4,"d","d","Ass1"
26,122,"Dreieck.png","Fremder","Nonmatching",1,1170,"L2n",3,"k","k","Ass1"
26,123,"Dreieck.png","Ich","Matching",1,1170,"L1m",1,"d","d","Ass1"
26,124,"Kreis.png","Ich","Nonmatching",0,691,"L1n",2,"d","k","Ass1"
26,125,"Kreis.png","Fremder","Matching",1,1035,"L2m",4,"d","d","Ass1"
26,126,"Kreis.png","Ich","Nonmatching",1,808,"L1n",2,"k","k","Ass1"
26,127,"Dreieck.png","Ich","Matching",1,770,"L1m",1,"d","d","Ass1"
26,128,"Dreieck.png","Fremder","Nonmatching",1,752,"L2n",3,"k","k","Ass1"
29,1,"Dreieck.png","Fremder","Matching",1,1617,"L1m",1,"d","d","Ass2"
29,2,"Dreieck.png","Ich","Nonmatching",1,1131,"L2n",3,"k","k","Ass2"
29,3,"Kreis.png","Ich","Matching",1,1317,"L2m",4,"d","d","Ass2"
29,4,"Kreis.png","Fremder","Nonmatching",1,951,"L1n",2,"k","k","Ass2"
29,5,"Dreieck.png","Ich","Nonmatching",1,723,"L2n",3,"k","k","Ass2"
29,6,"Kreis.png","Ich","Matching",1,505,"L2m",4,"d","d","Ass2"
29,7,"Kreis.png","Fremder","Nonmatching",1,940,"L1n",2,"k","k","Ass2"
29,8,"Dreieck.png","Fremder","Matching",0,689,"L1m",1,"k","d","Ass2"
29,9,"Kreis.png","Ich","Matching",1,1094,"L2m",4,"d","d","Ass2"
29,10,"Dreieck.png","Fremder","Matching",1,934,"L1m",1,"d","d","Ass2"
29,11,"Kreis.png","Fremder","Nonmatching",1,1364,"L1n",2,"k","k","Ass2"
29,12,"Dreieck.png","Ich","Nonmatching",1,785,"L2n",3,"k","k","Ass2"
29,13,"Dreieck.png","Ich","Nonmatching",1,869,"L2n",3,"k","k","Ass2"
29,14,"Kreis.png","Ich","Matching",1,538,"L2m",4,"d","d","Ass2"
29,15,"Dreieck.png","Fremder","Matching",1,823,"L1m",1,"d","d","Ass2"
29,16,"Kreis.png","Fremder","Nonmatching",1,864,"L1n",2,"k","k","Ass2"
29,17,"Dreieck.png","Ich","Nonmatching",1,878,"L2n",3,"k","k","Ass2"
29,18,"Kreis.png","Ich","Matching",1,422,"L2m",4,"d","d","Ass2"
29,19,"Dreieck.png","Fremder","Matching",1,479,"L1m",1,"d","d","Ass2"
29,20,"Kreis.png","Fremder","Nonmatching",1,691,"L1n",2,"k","k","Ass2"
29,21,"Kreis.png","Fremder","Nonmatching",1,1257,"L1n",2,"k","k","Ass2"
29,22,"Dreieck.png","Fremder","Matching",1,927,"L1m",1,"d","d","Ass2"
29,23,"Kreis.png","Ich","Matching",1,362,"L2m",4,"d","d","Ass2"
29,24,"Dreieck.png","Ich","Nonmatching",1,724,"L2n",3,"k","k","Ass2"
29,25,"Dreieck.png","Fremder","Matching",1,722,"L1m",1,"d","d","Ass2"
29,26,"Kreis.png","Ich","Matching",1,571,"L2m",4,"d","d","Ass2"
29,27,"Kreis.png","Fremder","Nonmatching",1,780,"L1n",2,"k","k","Ass2"
29,28,"Dreieck.png","Ich","Nonmatching",1,724,"L2n",3,"k","k","Ass2"
29,29,"Dreieck.png","Ich","Nonmatching",1,709,"L2n",3,"k","k","Ass2"
29,30,"Kreis.png","Fremder","Nonmatching",1,712,"L1n",2,"k","k","Ass2"
29,31,"Dreieck.png","Fremder","Matching",1,974,"L1m",1,"d","d","Ass2"
29,32,"Kreis.png","Ich","Matching",1,344,"L2m",4,"d","d","Ass2"
29,33,"Dreieck.png","Ich","Nonmatching",1,545,"L2n",3,"k","k","Ass2"
29,34,"Kreis.png","Ich","Matching",1,538,"L2m",4,"d","d","Ass2"
29,35,"Dreieck.png","Fremder","Matching",1,628,"L1m",1,"d","d","Ass2"
29,36,"Kreis.png","Fremder","Nonmatching",1,479,"L1n",2,"k","k","Ass2"
29,37,"Kreis.png","Ich","Matching",1,390,"L2m",4,"d","d","Ass2"
29,38,"Dreieck.png","Fremder","Matching",0,509,"L1m",1,"k","d","Ass2"
29,39,"Dreieck.png","Ich","Nonmatching",1,741,"L2n",3,"k","k","Ass2"
29,40,"Kreis.png","Fremder","Nonmatching",1,632,"L1n",2,"k","k","Ass2"
29,41,"Kreis.png","Ich","Matching",1,331,"L2m",4,"d","d","Ass2"
29,42,"Dreieck.png","Fremder","Matching",1,401,"L1m",1,"d","d","Ass2"
29,43,"Kreis.png","Fremder","Nonmatching",1,669,"L1n",2,"k","k","Ass2"
29,44,"Dreieck.png","Ich","Nonmatching",1,499,"L2n",3,"k","k","Ass2"
29,45,"Kreis.png","Fremder","Nonmatching",1,516,"L1n",2,"k","k","Ass2"
29,46,"Kreis.png","Ich","Matching",1,348,"L2m",4,"d","d","Ass2"
29,47,"Dreieck.png","Ich","Nonmatching",1,1030,"L2n",3,"k","k","Ass2"
29,48,"Dreieck.png","Fremder","Matching",1,372,"L1m",1,"d","d","Ass2"
29,49,"Dreieck.png","Fremder","Matching",1,1517,"L1m",1,"d","d","Ass2"
29,50,"Kreis.png","Fremder","Nonmatching",1,489,"L1n",2,"k","k","Ass2"
29,51,"Dreieck.png","Ich","Nonmatching",1,767,"L2n",3,"k","k","Ass2"
29,52,"Kreis.png","Ich","Matching",1,637,"L2m",4,"d","d","Ass2"
29,53,"Dreieck.png","Ich","Nonmatching",1,578,"L2n",3,"k","k","Ass2"
29,54,"Dreieck.png","Fremder","Matching",1,769,"L1m",1,"d","d","Ass2"
29,55,"Kreis.png","Ich","Matching",1,512,"L2m",4,"d","d","Ass2"
29,56,"Kreis.png","Fremder","Nonmatching",1,831,"L1n",2,"k","k","Ass2"
29,57,"Dreieck.png","Ich","Nonmatching",1,618,"L2n",3,"k","k","Ass2"
29,58,"Kreis.png","Ich","Matching",1,403,"L2m",4,"d","d","Ass2"
29,59,"Dreieck.png","Fremder","Matching",1,801,"L1m",1,"d","d","Ass2"
29,60,"Kreis.png","Fremder","Nonmatching",1,614,"L1n",2,"k","k","Ass2"
29,61,"Dreieck.png","Fremder","Matching",1,626,"L1m",1,"d","d","Ass2"
29,62,"Kreis.png","Fremder","Nonmatching",1,810,"L1n",2,"k","k","Ass2"
29,63,"Dreieck.png","Ich","Nonmatching",1,555,"L2n",3,"k","k","Ass2"
29,64,"Kreis.png","Ich","Matching",1,554,"L2m",4,"d","d","Ass2"
29,65,"Dreieck.png","Ich","Nonmatching",1,761,"L2n",3,"k","k","Ass2"
29,66,"Dreieck.png","Fremder","Matching",1,675,"L1m",1,"d","d","Ass2"
29,67,"Kreis.png","Fremder","Nonmatching",1,710,"L1n",2,"k","k","Ass2"
29,68,"Kreis.png","Ich","Matching",1,349,"L2m",4,"d","d","Ass2"
29,69,"Kreis.png","Fremder","Nonmatching",1,516,"L1n",2,"k","k","Ass2"
29,70,"Dreieck.png","Ich","Nonmatching",1,681,"L2n",3,"k","k","Ass2"
29,71,"Dreieck.png","Fremder","Matching",1,336,"L1m",1,"d","d","Ass2"
29,72,"Kreis.png","Ich","Matching",1,445,"L2m",4,"d","d","Ass2"
29,73,"Dreieck.png","Ich","Nonmatching",1,582,"L2n",3,"k","k","Ass2"
29,74,"Kreis.png","Ich","Matching",1,657,"L2m",4,"d","d","Ass2"
29,75,"Kreis.png","Fremder","Nonmatching",1,949,"L1n",2,"k","k","Ass2"
29,76,"Dreieck.png","Fremder","Matching",1,868,"L1m",1,"d","d","Ass2"
29,77,"Dreieck.png","Ich","Nonmatching",1,591,"L2n",3,"k","k","Ass2"
29,78,"Kreis.png","Ich","Matching",1,479,"L2m",4,"d","d","Ass2"
29,79,"Dreieck.png","Fremder","Matching",1,577,"L1m",1,"d","d","Ass2"
29,80,"Kreis.png","Fremder","Nonmatching",1,580,"L1n",2,"k","k","Ass2"
29,81,"Dreieck.png","Ich","Nonmatching",1,536,"L2n",3,"k","k","Ass2"
29,82,"Kreis.png","Ich","Matching",1,542,"L2m",4,"d","d","Ass2"
29,83,"Kreis.png","Fremder","Nonmatching",1,763,"L1n",2,"k","k","Ass2"
29,84,"Dreieck.png","Fremder","Matching",1,485,"L1m",1,"d","d","Ass2"
29,85,"Dreieck.png","Fremder","Matching",1,603,"L1m",1,"d","d","Ass2"
29,86,"Kreis.png","Fremder","Nonmatching",1,381,"L1n",2,"k","k","Ass2"
29,87,"Dreieck.png","Ich","Nonmatching",0,524,"L2n",3,"d","k","Ass2"
29,88,"Kreis.png","Ich","Matching",1,369,"L2m",4,"d","d","Ass2"
29,89,"Dreieck.png","Fremder","Matching",1,339,"L1m",1,"d","d","Ass2"
29,90,"Dreieck.png","Ich","Nonmatching",1,456,"L2n",3,"k","k","Ass2"
29,91,"Kreis.png","Ich","Matching",1,658,"L2m",4,"d","d","Ass2"
29,92,"Kreis.png","Fremder","Nonmatching",0,614,"L1n",2,"d","k","Ass2"
29,93,"Kreis.png","Fremder","Nonmatching",1,519,"L1n",2,"k","k","Ass2"
29,94,"Dreieck.png","Fremder","Matching",1,692,"L1m",1,"d","d","Ass2"
29,95,"Dreieck.png","Ich","Nonmatching",1,683,"L2n",3,"k","k","Ass2"
29,96,"Kreis.png","Ich","Matching",1,797,"L2m",4,"d","d","Ass2"
29,97,"Dreieck.png","Ich","Nonmatching",1,839,"L2n",3,"k","k","Ass2"
29,98,"Kreis.png","Fremder","Nonmatching",1,521,"L1n",2,"k","k","Ass2"
29,99,"Dreieck.png","Fremder","Matching",1,580,"L1m",1,"d","d","Ass2"
29,100,"Kreis.png","Ich","Matching",1,559,"L2m",4,"d","d","Ass2"
29,101,"Dreieck.png","Ich","Nonmatching",1,553,"L2n",3,"k","k","Ass2"
29,102,"Kreis.png","Ich","Matching",1,437,"L2m",4,"d","d","Ass2"
29,103,"Dreieck.png","Fremder","Matching",1,670,"L1m",1,"d","d","Ass2"
29,104,"Kreis.png","Fremder","Nonmatching",0,340,"L1n",2,"d","k","Ass2"
29,105,"Dreieck.png","Fremder","Matching",1,559,"L1m",1,"d","d","Ass2"
29,106,"Kreis.png","Fremder","Nonmatching",1,507,"L1n",2,"k","k","Ass2"
29,107,"Kreis.png","Ich","Matching",1,807,"L2m",4,"d","d","Ass2"
29,108,"Dreieck.png","Ich","Nonmatching",1,515,"L2n",3,"k","k","Ass2"
29,109,"Dreieck.png","Ich","Nonmatching",1,690,"L2n",3,"k","k","Ass2"
29,110,"Kreis.png","Ich","Matching",1,519,"L2m",4,"d","d","Ass2"
29,111,"Kreis.png","Fremder","Nonmatching",1,519,"L1n",2,"k","k","Ass2"
29,112,"Dreieck.png","Fremder","Matching",0,493,"L1m",1,"k","d","Ass2"
29,113,"Kreis.png","Ich","Matching",1,488,"L2m",4,"d","d","Ass2"
29,114,"Dreieck.png","Fremder","Matching",1,516,"L1m",1,"d","d","Ass2"
29,115,"Dreieck.png","Ich","Nonmatching",1,534,"L2n",3,"k","k","Ass2"
29,116,"Kreis.png","Fremder","Nonmatching",1,466,"L1n",2,"k","k","Ass2"
29,117,"Dreieck.png","Ich","Nonmatching",0,589,"L2n",3,"d","k","Ass2"
29,118,"Dreieck.png","Fremder","Matching",1,557,"L1m",1,"d","d","Ass2"
29,119,"Kreis.png","Ich","Matching",1,570,"L2m",4,"d","d","Ass2"
29,120,"Kreis.png","Fremder","Nonmatching",1,1765,"L1n",2,"k","k","Ass2"
29,121,"Kreis.png","Fremder","Nonmatching",1,540,"L1n",2,"k","k","Ass2"
29,122,"Dreieck.png","Fremder","Matching",1,626,"L1m",1,"d","d","Ass2"
29,123,"Dreieck.png","Ich","Nonmatching",1,665,"L2n",3,"k","k","Ass2"
29,124,"Kreis.png","Ich","Matching",1,507,"L2m",4,"d","d","Ass2"
29,125,"Dreieck.png","Ich","Nonmatching",1,569,"L2n",3,"k","k","Ass2"
29,126,"Kreis.png","Ich","Matching",1,434,"L2m",4,"d","d","Ass2"
29,127,"Kreis.png","Fremder","Nonmatching",1,556,"L1n",2,"k","k","Ass2"
29,128,"Dreieck.png","Fremder","Matching",1,616,"L1m",1,"d","d","Ass2"
30,1,"Dreieck.png","Fremder","Matching",0,387,"L1m",1,"k","d","Ass2"
30,2,"Kreis.png","Fremder","Nonmatching",1,528,"L1n",2,"k","k","Ass2"
30,3,"Dreieck.png","Ich","Nonmatching",1,772,"L2n",3,"k","k","Ass2"
30,4,"Kreis.png","Ich","Matching",1,543,"L2m",4,"d","d","Ass2"
30,5,"Dreieck.png","Ich","Nonmatching",1,484,"L2n",3,"k","k","Ass2"
30,6,"Kreis.png","Ich","Matching",1,561,"L2m",4,"d","d","Ass2"
30,7,"Kreis.png","Fremder","Nonmatching",1,705,"L1n",2,"k","k","Ass2"
30,8,"Dreieck.png","Fremder","Matching",0,581,"L1m",1,"k","d","Ass2"
30,9,"Dreieck.png","Fremder","Matching",0,654,"L1m",1,"k","d","Ass2"
30,10,"Kreis.png","Ich","Matching",1,391,"L2m",4,"d","d","Ass2"
30,11,"Dreieck.png","Ich","Nonmatching",1,3128,"L2n",3,"k","k","Ass2"
30,12,"Kreis.png","Fremder","Nonmatching",1,754,"L1n",2,"k","k","Ass2"
30,13,"Kreis.png","Ich","Matching",1,534,"L2m",4,"d","d","Ass2"
30,14,"Dreieck.png","Fremder","Matching",0,446,"L1m",1,"k","d","Ass2"
30,15,"Kreis.png","Fremder","Nonmatching",1,934,"L1n",2,"k","k","Ass2"
30,16,"Dreieck.png","Ich","Nonmatching",1,900,"L2n",3,"k","k","Ass2"
30,17,"Dreieck.png","Ich","Nonmatching",1,699,"L2n",3,"k","k","Ass2"
30,18,"Dreieck.png","Fremder","Matching",1,444,"L1m",1,"d","d","Ass2"
30,19,"Kreis.png","Ich","Matching",1,427,"L2m",4,"d","d","Ass2"
30,20,"Kreis.png","Fremder","Nonmatching",1,765,"L1n",2,"k","k","Ass2"
30,21,"Dreieck.png","Fremder","Matching",0,810,"L1m",1,"k","d","Ass2"
30,22,"Kreis.png","Ich","Matching",1,488,"L2m",4,"d","d","Ass2"
30,23,"Kreis.png","Fremder","Nonmatching",1,832,"L1n",2,"k","k","Ass2"
30,24,"Dreieck.png","Ich","Nonmatching",1,700,"L2n",3,"k","k","Ass2"
30,25,"Kreis.png","Fremder","Nonmatching",1,1086,"L1n",2,"k","k","Ass2"
30,26,"Dreieck.png","Fremder","Matching",1,741,"L1m",1,"d","d","Ass2"
30,27,"Kreis.png","Ich","Matching",1,448,"L2m",4,"d","d","Ass2"
30,28,"Dreieck.png","Ich","Nonmatching",1,839,"L2n",3,"k","k","Ass2"
30,29,"Kreis.png","Ich","Matching",1,578,"L2m",4,"d","d","Ass2"
30,30,"Kreis.png","Fremder","Nonmatching",0,831,"L1n",2,"d","k","Ass2"
30,31,"Dreieck.png","Ich","Nonmatching",1,863,"L2n",3,"k","k","Ass2"
30,32,"Dreieck.png","Fremder","Matching",1,692,"L1m",1,"d","d","Ass2"
30,33,"Dreieck.png","Ich","Nonmatching",1,715,"L2n",3,"k","k","Ass2"
30,34,"Kreis.png","Fremder","Nonmatching",1,817,"L1n",2,"k","k","Ass2"
30,35,"Kreis.png","Ich","Matching",1,613,"L2m",4,"d","d","Ass2"
30,36,"Dreieck.png","Fremder","Matching",1,815,"L1m",1,"d","d","Ass2"
30,37,"Kreis.png","Fremder","Nonmatching",1,544,"L1n",2,"k","k","Ass2"
30,38,"Kreis.png","Ich","Matching",1,384,"L2m",4,"d","d","Ass2"
30,39,"Dreieck.png","Ich","Nonmatching",1,746,"L2n",3,"k","k","Ass2"
30,40,"Dreieck.png","Fremder","Matching",1,550,"L1m",1,"d","d","Ass2"
30,41,"Dreieck.png","Ich","Nonmatching",1,556,"L2n",3,"k","k","Ass2"
30,42,"Dreieck.png","Fremder","Matching",1,638,"L1m",1,"d","d","Ass2"
30,43,"Kreis.png","Fremder","Nonmatching",1,699,"L1n",2,"k","k","Ass2"
30,44,"Kreis.png","Ich","Matching",1,342,"L2m",4,"d","d","Ass2"
30,45,"Dreieck.png","Ich","Nonmatching",1,380,"L2n",3,"k","k","Ass2"
30,46,"Kreis.png","Ich","Matching",1,408,"L2m",4,"d","d","Ass2"
30,47,"Dreieck.png","Fremder","Matching",1,687,"L1m",1,"d","d","Ass2"
30,48,"Kreis.png","Fremder","Nonmatching",1,537,"L1n",2,"k","k","Ass2"
30,49,"Dreieck.png","Fremder","Matching",1,604,"L1m",1,"d","d","Ass2"
30,50,"Kreis.png","Ich","Matching",1,494,"L2m",4,"d","d","Ass2"
30,51,"Dreieck.png","Ich","Nonmatching",1,739,"L2n",3,"k","k","Ass2"
30,52,"Kreis.png","Fremder","Nonmatching",1,834,"L1n",2,"k","k","Ass2"
30,53,"Kreis.png","Fremder","Nonmatching",1,696,"L1n",2,"k","k","Ass2"
30,54,"Kreis.png","Ich","Matching",1,517,"L2m",4,"d","d","Ass2"
30,55,"Dreieck.png","Fremder","Matching",1,647,"L1m",1,"d","d","Ass2"
30,56,"Dreieck.png","Ich","Nonmatching",1,584,"L2n",3,"k","k","Ass2"
30,57,"Kreis.png","Ich","Matching",0,532,"L2m",4,"k","d","Ass2"
30,58,"Kreis.png","Fremder","Nonmatching",1,841,"L1n",2,"k","k","Ass2"
30,59,"Dreieck.png","Ich","Nonmatching",0,625,"L2n",3,"d","k","Ass2"
30,60,"Dreieck.png","Fremder","Matching",1,916,"L1m",1,"d","d","Ass2"
30,61,"Dreieck.png","Ich","Nonmatching",1,2122,"L2n",3,"k","k","Ass2"
30,62,"Dreieck.png","Fremder","Matching",1,666,"L1m",1,"d","d","Ass2"
30,63,"Kreis.png","Fremder","Nonmatching",1,707,"L1n",2,"k","k","Ass2"
30,64,"Kreis.png","Ich","Matching",1,576,"L2m",4,"d","d","Ass2"
30,65,"Dreieck.png","Fremder","Matching",1,602,"L1m",1,"d","d","Ass2"
30,66,"Dreieck.png","Ich","Nonmatching",1,820,"L2n",3,"k","k","Ass2"
30,67,"Kreis.png","Ich","Matching",1,442,"L2m",4,"d","d","Ass2"
30,68,"Kreis.png","Fremder","Nonmatching",1,876,"L1n",2,"k","k","Ass2"
30,69,"Kreis.png","Ich","Matching",1,551,"L2m",4,"d","d","Ass2"
30,70,"Kreis.png","Fremder","Nonmatching",1,582,"L1n",2,"k","k","Ass2"
30,71,"Dreieck.png","Fremder","Matching",1,709,"L1m",1,"d","d","Ass2"
30,72,"Dreieck.png","Ich","Nonmatching",0,752,"L2n",3,"d","k","Ass2"
30,73,"Kreis.png","Fremder","Nonmatching",1,618,"L1n",2,"k","k","Ass2"
30,74,"Dreieck.png","Fremder","Matching",1,631,"L1m",1,"d","d","Ass2"
30,75,"Kreis.png","Ich","Matching",1,580,"L2m",4,"d","d","Ass2"
30,76,"Dreieck.png","Ich","Nonmatching",1,666,"L2n",3,"k","k","Ass2"
30,77,"Kreis.png","Ich","Matching",1,586,"L2m",4,"d","d","Ass2"
30,78,"Kreis.png","Fremder","Nonmatching",0,608,"L1n",2,"d","k","Ass2"
30,79,"Dreieck.png","Ich","Nonmatching",1,880,"L2n",3,"k","k","Ass2"
30,80,"Dreieck.png","Fremder","Matching",0,725,"L1m",1,"k","d","Ass2"
30,81,"Dreieck.png","Fremder","Matching",1,616,"L1m",1,"d","d","Ass2"
30,82,"Dreieck.png","Ich","Nonmatching",1,666,"L2n",3,"k","k","Ass2"
30,83,"Kreis.png","Ich","Matching",1,689,"L2m",4,"d","d","Ass2"
30,84,"Kreis.png","Fremder","Nonmatching",1,835,"L1n",2,"k","k","Ass2"
30,85,"Dreieck.png","Ich","Nonmatching",1,593,"L2n",3,"k","k","Ass2"
30,86,"Dreieck.png","Fremder","Matching",1,673,"L1m",1,"d","d","Ass2"
30,87,"Kreis.png","Fremder","Nonmatching",1,611,"L1n",2,"k","k","Ass2"
30,88,"Kreis.png","Ich","Matching",1,489,"L2m",4,"d","d","Ass2"
30,89,"Dreieck.png","Fremder","Matching",1,620,"L1m",1,"d","d","Ass2"
30,90,"Dreieck.png","Ich","Nonmatching",1,685,"L2n",3,"k","k","Ass2"
30,91,"Kreis.png","Fremder","Nonmatching",1,641,"L1n",2,"k","k","Ass2"
30,92,"Kreis.png","Ich","Matching",1,392,"L2m",4,"d","d","Ass2"
30,93,"Kreis.png","Ich","Matching",0,539,"L2m",4,"k","d","Ass2"
30,94,"Dreieck.png","Ich","Nonmatching",1,614,"L2n",3,"k","k","Ass2"
30,95,"Dreieck.png","Fremder","Matching",1,657,"L1m",1,"d","d","Ass2"
30,96,"Kreis.png","Fremder","Nonmatching",1,636,"L1n",2,"k","k","Ass2"
30,97,"Dreieck.png","Ich","Nonmatching",1,1280,"L2n",3,"k","k","Ass2"
30,98,"Kreis.png","Ich","Matching",1,536,"L2m",4,"d","d","Ass2"
30,99,"Dreieck.png","Fremder","Matching",1,1031,"L1m",1,"d","d","Ass2"
30,100,"Kreis.png","Fremder","Nonmatching",1,832,"L1n",2,"k","k","Ass2"
30,101,"Kreis.png","Fremder","Nonmatching",1,660,"L1n",2,"k","k","Ass2"
30,102,"Dreieck.png","Fremder","Matching",1,851,"L1m",1,"d","d","Ass2"
30,103,"Kreis.png","Ich","Matching",1,584,"L2m",4,"d","d","Ass2"
30,104,"Dreieck.png","Ich","Nonmatching",0,888,"L2n",3,"d","k","Ass2"
30,105,"Dreieck.png","Ich","Nonmatching",1,879,"L2n",3,"k","k","Ass2"
30,106,"Kreis.png","Fremder","Nonmatching",0,1015,"L1n",2,"d","k","Ass2"
30,107,"Dreieck.png","Fremder","Matching",1,592,"L1m",1,"d","d","Ass2"
30,108,"Kreis.png","Ich","Matching",1,373,"L2m",4,"d","d","Ass2"
30,109,"Kreis.png","Ich","Matching",1,644,"L2m",4,"d","d","Ass2"
30,110,"Kreis.png","Fremder","Nonmatching",1,832,"L1n",2,"k","k","Ass2"
30,111,"Dreieck.png","Fremder","Matching",1,739,"L1m",1,"d","d","Ass2"
30,112,"Dreieck.png","Ich","Nonmatching",1,924,"L2n",3,"k","k","Ass2"
30,113,"Dreieck.png","Ich","Nonmatching",1,593,"L2n",3,"k","k","Ass2"
30,114,"Kreis.png","Ich","Matching",1,587,"L2m",4,"d","d","Ass2"
30,115,"Dreieck.png","Fremder","Matching",1,1181,"L1m",1,"d","d","Ass2"
30,116,"Kreis.png","Fremder","Nonmatching",1,722,"L1n",2,"k","k","Ass2"
30,117,"Kreis.png","Ich","Matching",1,490,"L2m",4,"d","d","Ass2"
30,118,"Dreieck.png","Fremder","Matching",1,561,"L1m",1,"d","d","Ass2"
30,119,"Kreis.png","Fremder","Nonmatching",1,647,"L1n",2,"k","k","Ass2"
30,120,"Dreieck.png","Ich","Nonmatching",1,743,"L2n",3,"k","k","Ass2"
30,121,"Dreieck.png","Ich","Nonmatching",1,740,"L2n",3,"k","k","Ass2"
30,122,"Kreis.png","Fremder","Nonmatching",1,1078,"L1n",2,"k","k","Ass2"
30,123,"Kreis.png","Ich","Matching",1,608,"L2m",4,"d","d","Ass2"
30,124,"Dreieck.png","Fremder","Matching",1,921,"L1m",1,"d","d","Ass2"
30,125,"Dreieck.png","Ich","Nonmatching",1,559,"L2n",3,"k","k","Ass2"
30,126,"Kreis.png","Ich","Matching",1,536,"L2m",4,"d","d","Ass2"
30,127,"Kreis.png","Fremder","Nonmatching",1,687,"L1n",2,"k","k","Ass2"
30,128,"Dreieck.png","Fremder","Matching",1,670,"L1m",1,"d","d","Ass2"
31,1,"Kreis.png","Fremder","Nonmatching",1,996,"L1n",2,"k","k","Ass2"
31,2,"Dreieck.png","Fremder","Matching",1,1215,"L1m",1,"d","d","Ass2"
31,3,"Dreieck.png","Ich","Nonmatching",1,1278,"L2n",3,"k","k","Ass2"
31,4,"Kreis.png","Ich","Matching",1,746,"L2m",4,"d","d","Ass2"
31,5,"Kreis.png","Ich","Matching",1,784,"L2m",4,"d","d","Ass2"
31,6,"Kreis.png","Fremder","Nonmatching",1,873,"L1n",2,"k","k","Ass2"
31,7,"Dreieck.png","Ich","Nonmatching",1,1252,"L2n",3,"k","k","Ass2"
31,8,"Dreieck.png","Fremder","Matching",1,1361,"L1m",1,"d","d","Ass2"
31,9,"Kreis.png","Fremder","Nonmatching",1,1333,"L1n",2,"k","k","Ass2"
31,10,"Dreieck.png","Ich","Nonmatching",1,833,"L2n",3,"k","k","Ass2"
31,11,"Dreieck.png","Fremder","Matching",1,1220,"L1m",1,"d","d","Ass2"
31,12,"Kreis.png","Ich","Matching",1,792,"L2m",4,"d","d","Ass2"
31,13,"Kreis.png","Ich","Matching",1,843,"L2m",4,"d","d","Ass2"
31,14,"Dreieck.png","Ich","Nonmatching",1,787,"L2n",3,"k","k","Ass2"
31,15,"Dreieck.png","Fremder","Matching",0,480,"L1m",1,"k","d","Ass2"
31,16,"Kreis.png","Fremder","Nonmatching",1,1567,"L1n",2,"k","k","Ass2"
31,17,"Kreis.png","Fremder","Nonmatching",1,1142,"L1n",2,"k","k","Ass2"
31,18,"Dreieck.png","Ich","Nonmatching",1,732,"L2n",3,"k","k","Ass2"
31,19,"Dreieck.png","Fremder","Matching",1,961,"L1m",1,"d","d","Ass2"
31,20,"Kreis.png","Ich","Matching",1,419,"L2m",4,"d","d","Ass2"
31,21,"Kreis.png","Fremder","Nonmatching",1,1149,"L1n",2,"k","k","Ass2"
31,22,"Dreieck.png","Fremder","Matching",1,955,"L1m",1,"d","d","Ass2"
31,23,"Dreieck.png","Ich","Nonmatching",1,920,"L2n",3,"k","k","Ass2"
31,24,"Kreis.png","Ich","Matching",1,691,"L2m",4,"d","d","Ass2"
31,25,"Kreis.png","Ich","Matching",1,445,"L2m",4,"d","d","Ass2"
31,26,"Dreieck.png","Ich","Nonmatching",1,867,"L2n",3,"k","k","Ass2"
31,27,"Kreis.png","Fremder","Nonmatching",1,782,"L1n",2,"k","k","Ass2"
31,28,"Dreieck.png","Fremder","Matching",1,975,"L1m",1,"d","d","Ass2"
31,29,"Dreieck.png","Ich","Nonmatching",1,1244,"L2n",3,"k","k","Ass2"
31,30,"Kreis.png","Fremder","Nonmatching",1,689,"L1n",2,"k","k","Ass2"
31,31,"Kreis.png","Ich","Matching",1,456,"L2m",4,"d","d","Ass2"
31,32,"Dreieck.png","Fremder","Matching",1,892,"L1m",1,"d","d","Ass2"
31,33,"Kreis.png","Ich","Matching",1,403,"L2m",4,"d","d","Ass2"
31,34,"Dreieck.png","Ich","Nonmatching",1,878,"L2n",3,"k","k","Ass2"
31,35,"Dreieck.png","Fremder","Matching",1,1029,"L1m",1,"d","d","Ass2"
31,36,"Kreis.png","Fremder","Nonmatching",1,865,"L1n",2,"k","k","Ass2"
31,37,"Kreis.png","Fremder","Nonmatching",1,704,"L1n",2,"k","k","Ass2"
31,38,"Dreieck.png","Fremder","Matching",1,754,"L1m",1,"d","d","Ass2"
31,39,"Kreis.png","Ich","Matching",1,387,"L2m",4,"d","d","Ass2"
31,40,"Dreieck.png","Ich","Nonmatching",1,929,"L2n",3,"k","k","Ass2"
31,41,"Kreis.png","Ich","Matching",1,515,"L2m",4,"d","d","Ass2"
31,42,"Dreieck.png","Ich","Nonmatching",1,833,"L2n",3,"k","k","Ass2"
31,43,"Dreieck.png","Fremder","Matching",1,396,"L1m",1,"d","d","Ass2"
31,44,"Kreis.png","Fremder","Nonmatching",1,664,"L1n",2,"k","k","Ass2"
31,45,"Dreieck.png","Fremder","Matching",1,626,"L1m",1,"d","d","Ass2"
31,46,"Kreis.png","Ich","Matching",1,372,"L2m",4,"d","d","Ass2"
31,47,"Dreieck.png","Ich","Nonmatching",1,711,"L2n",3,"k","k","Ass2"
31,48,"Kreis.png","Fremder","Nonmatching",1,794,"L1n",2,"k","k","Ass2"
31,49,"Kreis.png","Ich","Matching",1,406,"L2m",4,"d","d","Ass2"
31,50,"Kreis.png","Fremder","Nonmatching",1,690,"L1n",2,"k","k","Ass2"
31,51,"Dreieck.png","Ich","Nonmatching",0,470,"L2n",3,"d","k","Ass2"
31,52,"Dreieck.png","Fremder","Matching",1,784,"L1m",1,"d","d","Ass2"
31,53,"Dreieck.png","Ich","Nonmatching",1,756,"L2n",3,"k","k","Ass2"
31,54,"Kreis.png","Fremder","Nonmatching",1,1140,"L1n",2,"k","k","Ass2"
31,55,"Kreis.png","Ich","Matching",1,614,"L2m",4,"d","d","Ass2"
31,56,"Dreieck.png","Fremder","Matching",1,806,"L1m",1,"d","d","Ass2"
31,57,"Kreis.png","Ich","Matching",1,610,"L2m",4,"d","d","Ass2"
31,58,"Dreieck.png","Ich","Nonmatching",1,825,"L2n",3,"k","k","Ass2"
31,59,"Kreis.png","Fremder","Nonmatching",1,660,"L1n",2,"k","k","Ass2"
31,60,"Dreieck.png","Fremder","Matching",1,626,"L1m",1,"d","d","Ass2"
31,61,"Kreis.png","Ich","Matching",1,674,"L2m",4,"d","d","Ass2"
31,62,"Dreieck.png","Ich","Nonmatching",1,672,"L2n",3,"k","k","Ass2"
31,63,"Kreis.png","Fremder","Nonmatching",1,940,"L1n",2,"k","k","Ass2"
31,64,"Dreieck.png","Fremder","Matching",1,447,"L1m",1,"d","d","Ass2"
31,65,"Dreieck.png","Ich","Nonmatching",1,669,"L2n",3,"k","k","Ass2"
31,66,"Kreis.png","Ich","Matching",1,448,"L2m",4,"d","d","Ass2"
31,67,"Kreis.png","Fremder","Nonmatching",1,743,"L1n",2,"k","k","Ass2"
31,68,"Dreieck.png","Fremder","Matching",1,640,"L1m",1,"d","d","Ass2"
31,69,"Dreieck.png","Fremder","Matching",1,496,"L1m",1,"d","d","Ass2"
31,70,"Kreis.png","Ich","Matching",1,502,"L2m",4,"d","d","Ass2"
31,71,"Kreis.png","Fremder","Nonmatching",0,543,"L1n",2,"d","k","Ass2"
31,72,"Dreieck.png","Ich","Nonmatching",0,641,"L2n",3,"d","k","Ass2"
31,73,"Kreis.png","Ich","Matching",1,619,"L2m",4,"d","d","Ass2"
31,74,"Dreieck.png","Fremder","Matching",1,519,"L1m",1,"d","d","Ass2"
31,75,"Dreieck.png","Ich","Nonmatching",1,551,"L2n",3,"k","k","Ass2"
31,76,"Kreis.png","Fremder","Nonmatching",1,921,"L1n",2,"k","k","Ass2"
31,77,"Kreis.png","Fremder","Nonmatching",1,849,"L1n",2,"k","k","Ass2"
31,78,"Dreieck.png","Ich","Nonmatching",1,750,"L2n",3,"k","k","Ass2"
31,79,"Dreieck.png","Fremder","Matching",1,1130,"L1m",1,"d","d","Ass2"
31,80,"Kreis.png","Ich","Matching",1,401,"L2m",4,"d","d","Ass2"
31,81,"Kreis.png","Fremder","Nonmatching",1,889,"L1n",2,"k","k","Ass2"
31,82,"Dreieck.png","Fremder","Matching",1,600,"L1m",1,"d","d","Ass2"
31,83,"Dreieck.png","Ich","Nonmatching",1,876,"L2n",3,"k","k","Ass2"
31,84,"Kreis.png","Ich","Matching",1,1222,"L2m",4,"d","d","Ass2"
31,85,"Kreis.png","Ich","Matching",1,449,"L2m",4,"d","d","Ass2"
31,86,"Dreieck.png","Fremder","Matching",1,663,"L1m",1,"d","d","Ass2"
31,87,"Dreieck.png","Ich","Nonmatching",1,783,"L2n",3,"k","k","Ass2"
31,88,"Kreis.png","Fremder","Nonmatching",1,1017,"L1n",2,"k","k","Ass2"
31,89,"Kreis.png","Fremder","Nonmatching",1,735,"L1n",2,"k","k","Ass2"
31,90,"Dreieck.png","Ich","Nonmatching",1,883,"L2n",3,"k","k","Ass2"
31,91,"Kreis.png","Ich","Matching",1,482,"L2m",4,"d","d","Ass2"
31,92,"Dreieck.png","Fremder","Matching",1,650,"L1m",1,"d","d","Ass2"
31,93,"Kreis.png","Fremder","Nonmatching",1,790,"L1n",2,"k","k","Ass2"
31,94,"Dreieck.png","Ich","Nonmatching",1,854,"L2n",3,"k","k","Ass2"
31,95,"Kreis.png","Ich","Matching",1,581,"L2m",4,"d","d","Ass2"
31,96,"Dreieck.png","Fremder","Matching",0,689,"L1m",1,"k","d","Ass2"
31,97,"Dreieck.png","Ich","Nonmatching",1,754,"L2n",3,"k","k","Ass2"
31,98,"Kreis.png","Ich","Matching",1,497,"L2m",4,"d","d","Ass2"
31,99,"Dreieck.png","Fremder","Matching",1,658,"L1m",1,"d","d","Ass2"
31,100,"Kreis.png","Fremder","Nonmatching",1,707,"L1n",2,"k","k","Ass2"
31,101,"Dreieck.png","Fremder","Matching",1,738,"L1m",1,"d","d","Ass2"
31,102,"Dreieck.png","Ich","Nonmatching",1,712,"L2n",3,"k","k","Ass2"
31,103,"Kreis.png","Fremder","Nonmatching",1,1110,"L1n",2,"k","k","Ass2"
31,104,"Kreis.png","Ich","Matching",1,796,"L2m",4,"d","d","Ass2"
31,105,"Kreis.png","Fremder","Nonmatching",1,718,"L1n",2,"k","k","Ass2"
31,106,"Dreieck.png","Ich","Nonmatching",1,941,"L2n",3,"k","k","Ass2"
31,107,"Dreieck.png","Fremder","Matching",1,738,"L1m",1,"d","d","Ass2"
31,108,"Kreis.png","Ich","Matching",1,620,"L2m",4,"d","d","Ass2"
31,109,"Dreieck.png","Ich","Nonmatching",1,710,"L2n",3,"k","k","Ass2"
31,110,"Kreis.png","Ich","Matching",1,551,"L2m",4,"d","d","Ass2"
31,111,"Dreieck.png","Fremder","Matching",1,665,"L1m",1,"d","d","Ass2"
31,112,"Kreis.png","Fremder","Nonmatching",1,651,"L1n",2,"k","k","Ass2"
31,113,"Dreieck.png","Ich","Nonmatching",1,606,"L2n",3,"k","k","Ass2"
31,114,"Kreis.png","Fremder","Nonmatching",1,706,"L1n",2,"k","k","Ass2"
31,115,"Dreieck.png","Fremder","Matching",1,812,"L1m",1,"d","d","Ass2"
31,116,"Kreis.png","Ich","Matching",1,778,"L2m",4,"d","d","Ass2"
31,117,"Kreis.png","Fremder","Nonmatching",1,779,"L1n",2,"k","k","Ass2"
31,118,"Kreis.png","Ich","Matching",1,563,"L2m",4,"d","d","Ass2"
31,119,"Dreieck.png","Fremder","Matching",1,650,"L1m",1,"d","d","Ass2"
31,120,"Dreieck.png","Ich","Nonmatching",1,800,"L2n",3,"k","k","Ass2"
31,121,"Dreieck.png","Fremder","Matching",1,636,"L1m",1,"d","d","Ass2"
31,122,"Kreis.png","Fremder","Nonmatching",1,780,"L1n",2,"k","k","Ass2"
31,123,"Dreieck.png","Ich","Nonmatching",1,728,"L2n",3,"k","k","Ass2"
31,124,"Kreis.png","Ich","Matching",1,653,"L2m",4,"d","d","Ass2"
31,125,"Dreieck.png","Fremder","Matching",1,580,"L1m",1,"d","d","Ass2"
31,126,"Kreis.png","Fremder","Nonmatching",1,753,"L1n",2,"k","k","Ass2"
31,127,"Kreis.png","Ich","Matching",1,604,"L2m",4,"d","d","Ass2"
31,128,"Dreieck.png","Ich","Nonmatching",1,719,"L2n",3,"k","k","Ass2"
34,1,"Kreis.png","Fremder","Matching",1,1510,"L2m",4,"d","d","Ass1"
34,2,"Dreieck.png","Fremder","Nonmatching",1,5302,"L2n",3,"k","k","Ass1"
34,3,"Dreieck.png","Ich","Matching",1,780,"L1m",1,"d","d","Ass1"
34,4,"Kreis.png","Ich","Nonmatching",0,631,"L1n",2,"d","k","Ass1"
34,5,"Dreieck.png","Fremder","Nonmatching",1,1922,"L2n",3,"k","k","Ass1"
34,6,"Kreis.png","Fremder","Matching",1,893,"L2m",4,"d","d","Ass1"
34,7,"Kreis.png","Ich","Nonmatching",1,1659,"L1n",2,"k","k","Ass1"
34,8,"Dreieck.png","Ich","Matching",1,712,"L1m",1,"d","d","Ass1"
34,9,"Dreieck.png","Fremder","Nonmatching",1,1306,"L2n",3,"k","k","Ass1"
34,10,"Dreieck.png","Ich","Matching",1,1125,"L1m",1,"d","d","Ass1"
34,11,"Kreis.png","Ich","Nonmatching",1,848,"L1n",2,"k","k","Ass1"
34,12,"Kreis.png","Fremder","Matching",1,1273,"L2m",4,"d","d","Ass1"
34,13,"Dreieck.png","Ich","Matching",1,1171,"L1m",1,"d","d","Ass1"
34,14,"Kreis.png","Ich","Nonmatching",1,801,"L1n",2,"k","k","Ass1"
34,15,"Kreis.png","Fremder","Matching",1,977,"L2m",4,"d","d","Ass1"
34,16,"Dreieck.png","Fremder","Nonmatching",1,1901,"L2n",3,"k","k","Ass1"
34,17,"Dreieck.png","Ich","Matching",1,629,"L1m",1,"d","d","Ass1"
34,18,"Kreis.png","Fremder","Matching",0,1020,"L2m",4,"k","d","Ass1"
34,19,"Dreieck.png","Fremder","Nonmatching",1,1171,"L2n",3,"k","k","Ass1"
34,20,"Kreis.png","Ich","Nonmatching",1,827,"L1n",2,"k","k","Ass1"
34,21,"Dreieck.png","Fremder","Nonmatching",1,1548,"L2n",3,"k","k","Ass1"
34,22,"Kreis.png","Fremder","Matching",1,907,"L2m",4,"d","d","Ass1"
34,23,"Kreis.png","Ich","Nonmatching",1,966,"L1n",2,"k","k","Ass1"
34,24,"Dreieck.png","Ich","Matching",1,584,"L1m",1,"d","d","Ass1"
34,25,"Kreis.png","Ich","Nonmatching",1,693,"L1n",2,"k","k","Ass1"
34,26,"Dreieck.png","Ich","Matching",1,712,"L1m",1,"d","d","Ass1"
34,27,"Dreieck.png","Fremder","Nonmatching",1,844,"L2n",3,"k","k","Ass1"
34,28,"Kreis.png","Fremder","Matching",1,843,"L2m",4,"d","d","Ass1"
34,29,"Kreis.png","Fremder","Matching",1,904,"L2m",4,"d","d","Ass1"
34,30,"Dreieck.png","Fremder","Nonmatching",1,800,"L2n",3,"k","k","Ass1"
34,31,"Kreis.png","Ich","Nonmatching",1,1084,"L1n",2,"k","k","Ass1"
34,32,"Dreieck.png","Ich","Matching",1,594,"L1m",1,"d","d","Ass1"
34,33,"Dreieck.png","Fremder","Nonmatching",1,901,"L2n",3,"k","k","Ass1"
34,34,"Dreieck.png","Ich","Matching",1,646,"L1m",1,"d","d","Ass1"
34,35,"Kreis.png","Ich","Nonmatching",1,1980,"L1n",2,"k","k","Ass1"
34,36,"Kreis.png","Fremder","Matching",1,693,"L2m",4,"d","d","Ass1"
34,37,"Kreis.png","Fremder","Matching",1,754,"L2m",4,"d","d","Ass1"
34,38,"Dreieck.png","Ich","Matching",1,567,"L1m",1,"d","d","Ass1"
34,39,"Kreis.png","Ich","Nonmatching",1,720,"L1n",2,"k","k","Ass1"
34,40,"Dreieck.png","Fremder","Nonmatching",1,1005,"L2n",3,"k","k","Ass1"
34,41,"Dreieck.png","Fremder","Nonmatching",1,897,"L2n",3,"k","k","Ass1"
34,42,"Kreis.png","Ich","Nonmatching",1,782,"L1n",2,"k","k","Ass1"
34,43,"Kreis.png","Fremder","Matching",1,841,"L2m",4,"d","d","Ass1"
34,44,"Dreieck.png","Ich","Matching",1,605,"L1m",1,"d","d","Ass1"
34,45,"Kreis.png","Ich","Nonmatching",1,639,"L1n",2,"k","k","Ass1"
34,46,"Dreieck.png","Ich","Matching",1,699,"L1m",1,"d","d","Ass1"
34,47,"Dreieck.png","Fremder","Nonmatching",1,1554,"L2n",3,"k","k","Ass1"
34,48,"Kreis.png","Fremder","Matching",1,1344,"L2m",4,"d","d","Ass1"
34,49,"Dreieck.png","Ich","Matching",1,695,"L1m",1,"d","d","Ass1"
34,50,"Kreis.png","Fremder","Matching",1,1151,"L2m",4,"d","d","Ass1"
34,51,"Dreieck.png","Fremder","Nonmatching",1,1667,"L2n",3,"k","k","Ass1"
34,52,"Kreis.png","Ich","Nonmatching",1,745,"L1n",2,"k","k","Ass1"
34,53,"Kreis.png","Fremder","Matching",1,741,"L2m",4,"d","d","Ass1"
34,54,"Dreieck.png","Fremder","Nonmatching",1,715,"L2n",3,"k","k","Ass1"
34,55,"Kreis.png","Ich","Nonmatching",1,1033,"L1n",2,"k","k","Ass1"
34,56,"Dreieck.png","Ich","Matching",1,610,"L1m",1,"d","d","Ass1"
34,57,"Kreis.png","Fremder","Matching",1,699,"L2m",4,"d","d","Ass1"
34,58,"Kreis.png","Ich","Nonmatching",1,702,"L1n",2,"k","k","Ass1"
34,59,"Dreieck.png","Ich","Matching",1,694,"L1m",1,"d","d","Ass1"
34,60,"Dreieck.png","Fremder","Nonmatching",1,626,"L2n",3,"k","k","Ass1"
34,61,"Dreieck.png","Ich","Matching",1,596,"L1m",1,"d","d","Ass1"
34,62,"Kreis.png","Ich","Nonmatching",1,953,"L1n",2,"k","k","Ass1"
34,63,"Kreis.png","Fremder","Matching",1,647,"L2m",4,"d","d","Ass1"
34,64,"Dreieck.png","Fremder","Nonmatching",1,711,"L2n",3,"k","k","Ass1"
34,65,"Kreis.png","Ich","Nonmatching",1,996,"L1n",2,"k","k","Ass1"
34,66,"Kreis.png","Fremder","Matching",1,740,"L2m",4,"d","d","Ass1"
34,67,"Dreieck.png","Ich","Matching",1,748,"L1m",1,"d","d","Ass1"
34,68,"Dreieck.png","Fremder","Nonmatching",1,768,"L2n",3,"k","k","Ass1"
34,69,"Kreis.png","Fremder","Matching",1,866,"L2m",4,"d","d","Ass1"
34,70,"Dreieck.png","Fremder","Nonmatching",1,741,"L2n",3,"k","k","Ass1"
34,71,"Kreis.png","Ich","Nonmatching",1,1009,"L1n",2,"k","k","Ass1"
34,72,"Dreieck.png","Ich","Matching",1,450,"L1m",1,"d","d","Ass1"
34,73,"Kreis.png","Ich","Nonmatching",1,758,"L1n",2,"k","k","Ass1"
34,74,"Dreieck.png","Fremder","Nonmatching",1,891,"L2n",3,"k","k","Ass1"
34,75,"Kreis.png","Fremder","Matching",1,1028,"L2m",4,"d","d","Ass1"
34,76,"Dreieck.png","Ich","Matching",1,558,"L1m",1,"d","d","Ass1"
34,77,"Kreis.png","Fremder","Matching",1,1142,"L2m",4,"d","d","Ass1"
34,78,"Dreieck.png","Ich","Matching",1,700,"L1m",1,"d","d","Ass1"
34,79,"Dreieck.png","Fremder","Nonmatching",1,973,"L2n",3,"k","k","Ass1"
34,80,"Kreis.png","Ich","Nonmatching",1,638,"L1n",2,"k","k","Ass1"
34,81,"Kreis.png","Ich","Nonmatching",1,1107,"L1n",2,"k","k","Ass1"
34,82,"Dreieck.png","Fremder","Nonmatching",1,719,"L2n",3,"k","k","Ass1"
34,83,"Dreieck.png","Ich","Matching",1,1065,"L1m",1,"d","d","Ass1"
34,84,"Kreis.png","Fremder","Matching",1,672,"L2m",4,"d","d","Ass1"
34,85,"Kreis.png","Ich","Nonmatching",1,946,"L1n",2,"k","k","Ass1"
34,86,"Dreieck.png","Ich","Matching",1,649,"L1m",1,"d","d","Ass1"
34,87,"Dreieck.png","Fremder","Nonmatching",1,711,"L2n",3,"k","k","Ass1"
34,88,"Kreis.png","Fremder","Matching",1,824,"L2m",4,"d","d","Ass1"
34,89,"Dreieck.png","Ich","Matching",1,593,"L1m",1,"d","d","Ass1"
34,90,"Dreieck.png","Fremder","Nonmatching",1,708,"L2n",3,"k","k","Ass1"
34,91,"Kreis.png","Fremder","Matching",1,1088,"L2m",4,"d","d","Ass1"
34,92,"Kreis.png","Ich","Nonmatching",1,753,"L1n",2,"k","k","Ass1"
34,93,"Kreis.png","Ich","Nonmatching",1,1020,"L1n",2,"k","k","Ass1"
34,94,"Kreis.png","Fremder","Matching",1,1062,"L2m",4,"d","d","Ass1"
34,95,"Dreieck.png","Ich","Matching",1,648,"L1m",1,"d","d","Ass1"
34,96,"Dreieck.png","Fremder","Nonmatching",1,811,"L2n",3,"k","k","Ass1"
34,97,"Kreis.png","Fremder","Matching",1,771,"L2m",4,"d","d","Ass1"
34,98,"Dreieck.png","Ich","Matching",1,841,"L1m",1,"d","d","Ass1"
34,99,"Dreieck.png","Fremder","Nonmatching",1,1061,"L2n",3,"k","k","Ass1"
34,100,"Kreis.png","Ich","Nonmatching",1,844,"L1n",2,"k","k","Ass1"
34,101,"Kreis.png","Ich","Nonmatching",1,846,"L1n",2,"k","k","Ass1"
34,102,"Kreis.png","Fremder","Matching",1,1639,"L2m",4,"d","d","Ass1"
34,103,"Dreieck.png","Fremder","Nonmatching",1,723,"L2n",3,"k","k","Ass1"
34,104,"Dreieck.png","Ich","Matching",1,627,"L1m",1,"d","d","Ass1"
34,105,"Kreis.png","Ich","Nonmatching",1,669,"L1n",2,"k","k","Ass1"
34,106,"Dreieck.png","Ich","Matching",1,691,"L1m",1,"d","d","Ass1"
34,107,"Dreieck.png","Fremder","Nonmatching",1,1015,"L2n",3,"k","k","Ass1"
34,108,"Kreis.png","Fremder","Matching",1,987,"L2m",4,"d","d","Ass1"
34,109,"Kreis.png","Ich","Nonmatching",1,667,"L1n",2,"k","k","Ass1"
34,110,"Dreieck.png","Ich","Matching",1,692,"L1m",1,"d","d","Ass1"
34,111,"Kreis.png","Fremder","Matching",1,1048,"L2m",4,"d","d","Ass1"
34,112,"Dreieck.png","Fremder","Nonmatching",1,682,"L2n",3,"k","k","Ass1"
34,113,"Dreieck.png","Ich","Matching",1,863,"L1m",1,"d","d","Ass1"
34,114,"Dreieck.png","Fremder","Nonmatching",1,718,"L2n",3,"k","k","Ass1"
34,115,"Kreis.png","Ich","Nonmatching",1,970,"L1n",2,"k","k","Ass1"
34,116,"Kreis.png","Fremder","Matching",1,747,"L2m",4,"d","d","Ass1"
34,117,"Dreieck.png","Fremder","Nonmatching",1,1075,"L2n",3,"k","k","Ass1"
34,118,"Dreieck.png","Ich","Matching",1,717,"L1m",1,"d","d","Ass1"
34,119,"Kreis.png","Fremder","Matching",1,843,"L2m",4,"d","d","Ass1"
34,120,"Kreis.png","Ich","Nonmatching",1,807,"L1n",2,"k","k","Ass1"
34,121,"Kreis.png","Ich","Nonmatching",1,849,"L1n",2,"k","k","Ass1"
34,122,"Dreieck.png","Ich","Matching",1,685,"L1m",1,"d","d","Ass1"
34,123,"Kreis.png","Fremder","Matching",1,1003,"L2m",4,"d","d","Ass1"
34,124,"Dreieck.png","Fremder","Nonmatching",1,646,"L2n",3,"k","k","Ass1"
34,125,"Dreieck.png","Ich","Matching",1,891,"L1m",1,"d","d","Ass1"
34,126,"Dreieck.png","Fremder","Nonmatching",0,1468,"L2n",3,"d","k","Ass1"
34,127,"Kreis.png","Fremder","Matching",1,868,"L2m",4,"d","d","Ass1"
34,128,"Kreis.png","Ich","Nonmatching",1,891,"L1n",2,"k","k","Ass1"
1,1,"Kreis.png","Fremder","Matching",0,2298,"L2m",4,"k","d","Ass1"
1,2,"Dreieck.png","Fremder","Nonmatching",1,3343,"L2n",3,"k","k","Ass1"
1,3,"Dreieck.png","Ich","Matching",1,916,"L1m",1,"d","d","Ass1"
1,4,"Kreis.png","Ich","Nonmatching",1,1222,"L1n",2,"k","k","Ass1"
1,5,"Kreis.png","Fremder","Matching",1,1219,"L2m",4,"d","d","Ass1"
1,6,"Kreis.png","Ich","Nonmatching",1,1185,"L1n",2,"k","k","Ass1"
1,7,"Dreieck.png","Fremder","Nonmatching",1,1115,"L2n",3,"k","k","Ass1"
1,8,"Dreieck.png","Ich","Matching",1,781,"L1m",1,"d","d","Ass1"
1,9,"Kreis.png","Fremder","Matching",1,1718,"L2m",4,"d","d","Ass1"
1,10,"Kreis.png","Ich","Nonmatching",1,1469,"L1n",2,"k","k","Ass1"
1,11,"Dreieck.png","Ich","Matching",1,903,"L1m",1,"d","d","Ass1"
1,12,"Dreieck.png","Fremder","Nonmatching",1,1918,"L2n",3,"k","k","Ass1"
1,13,"Dreieck.png","Ich","Matching",1,739,"L1m",1,"d","d","Ass1"
1,14,"Dreieck.png","Fremder","Nonmatching",1,1478,"L2n",3,"k","k","Ass1"
1,15,"Kreis.png","Ich","Nonmatching",1,929,"L1n",2,"k","k","Ass1"
1,16,"Kreis.png","Fremder","Matching",1,1252,"L2m",4,"d","d","Ass1"
1,17,"Dreieck.png","Ich","Matching",1,958,"L1m",1,"d","d","Ass1"
1,18,"Kreis.png","Ich","Nonmatching",1,816,"L1n",2,"k","k","Ass1"
1,19,"Kreis.png","Fremder","Matching",1,1297,"L2m",4,"d","d","Ass1"
1,20,"Dreieck.png","Fremder","Nonmatching",1,1834,"L2n",3,"k","k","Ass1"
1,21,"Kreis.png","Fremder","Matching",1,1212,"L2m",4,"d","d","Ass1"
1,22,"Dreieck.png","Ich","Matching",1,756,"L1m",1,"d","d","Ass1"
1,23,"Kreis.png","Ich","Nonmatching",1,984,"L1n",2,"k","k","Ass1"
1,24,"Dreieck.png","Fremder","Nonmatching",1,630,"L2n",3,"k","k","Ass1"
1,25,"Kreis.png","Fremder","Matching",1,1316,"L2m",4,"d","d","Ass1"
1,26,"Dreieck.png","Fremder","Nonmatching",0,1088,"L2n",3,"d","k","Ass1"
1,27,"Kreis.png","Ich","Nonmatching",1,1060,"L1n",2,"k","k","Ass1"
1,28,"Dreieck.png","Ich","Matching",1,787,"L1m",1,"d","d","Ass1"
1,29,"Kreis.png","Fremder","Matching",1,1166,"L2m",4,"d","d","Ass1"
1,30,"Kreis.png","Ich","Nonmatching",1,1726,"L1n",2,"k","k","Ass1"
1,31,"Dreieck.png","Ich","Matching",1,754,"L1m",1,"d","d","Ass1"
1,32,"Dreieck.png","Fremder","Nonmatching",1,639,"L2n",3,"k","k","Ass1"
1,33,"Dreieck.png","Fremder","Nonmatching",1,1149,"L2n",3,"k","k","Ass1"
1,34,"Kreis.png","Fremder","Matching",1,1236,"L2m",4,"d","d","Ass1"
1,35,"Kreis.png","Ich","Nonmatching",1,966,"L1n",2,"k","k","Ass1"
1,36,"Dreieck.png","Ich","Matching",1,606,"L1m",1,"d","d","Ass1"
1,37,"Dreieck.png","Fremder","Nonmatching",1,1233,"L2n",3,"k","k","Ass1"
1,38,"Kreis.png","Ich","Nonmatching",1,846,"L1n",2,"k","k","Ass1"
1,39,"Kreis.png","Fremder","Matching",1,1102,"L2m",4,"d","d","Ass1"
1,40,"Dreieck.png","Ich","Matching",1,919,"L1m",1,"d","d","Ass1"
1,41,"Kreis.png","Fremder","Matching",1,1177,"L2m",4,"d","d","Ass1"
1,42,"Dreieck.png","Ich","Matching",1,897,"L1m",1,"d","d","Ass1"
1,43,"Kreis.png","Ich","Nonmatching",1,866,"L1n",2,"k","k","Ass1"
1,44,"Dreieck.png","Fremder","Nonmatching",1,1090,"L2n",3,"k","k","Ass1"
1,45,"Dreieck.png","Ich","Matching",1,644,"L1m",1,"d","d","Ass1"
1,46,"Kreis.png","Fremder","Matching",1,1002,"L2m",4,"d","d","Ass1"
1,47,"Kreis.png","Ich","Nonmatching",1,859,"L1n",2,"k","k","Ass1"
1,48,"Dreieck.png","Fremder","Nonmatching",1,1237,"L2n",3,"k","k","Ass1"
1,49,"Dreieck.png","Ich","Matching",1,1043,"L1m",1,"d","d","Ass1"
1,50,"Dreieck.png","Fremder","Nonmatching",1,651,"L2n",3,"k","k","Ass1"
1,51,"Kreis.png","Ich","Nonmatching",1,727,"L1n",2,"k","k","Ass1"
1,52,"Kreis.png","Fremder","Matching",0,953,"L2m",4,"k","d","Ass1"
1,53,"Kreis.png","Ich","Nonmatching",1,735,"L1n",2,"k","k","Ass1"
1,54,"Kreis.png","Fremder","Matching",1,1303,"L2m",4,"d","d","Ass1"
1,55,"Dreieck.png","Fremder","Nonmatching",1,1822,"L2n",3,"k","k","Ass1"
1,56,"Dreieck.png","Ich","Matching",1,881,"L1m",1,"d","d","Ass1"
1,57,"Kreis.png","Fremder","Matching",1,985,"L2m",4,"d","d","Ass1"
1,58,"Kreis.png","Ich","Nonmatching",1,936,"L1n",2,"k","k","Ass1"
1,59,"Dreieck.png","Fremder","Nonmatching",1,1221,"L2n",3,"k","k","Ass1"
1,60,"Dreieck.png","Ich","Matching",1,743,"L1m",1,"d","d","Ass1"
1,61,"Kreis.png","Fremder","Matching",1,986,"L2m",4,"d","d","Ass1"
1,62,"Dreieck.png","Ich","Matching",1,676,"L1m",1,"d","d","Ass1"
1,63,"Kreis.png","Ich","Nonmatching",1,714,"L1n",2,"k","k","Ass1"
1,64,"Dreieck.png","Fremder","Nonmatching",1,1250,"L2n",3,"k","k","Ass1"
1,65,"Kreis.png","Fremder","Matching",1,1158,"L2m",4,"d","d","Ass1"
1,66,"Kreis.png","Ich","Nonmatching",1,933,"L1n",2,"k","k","Ass1"
1,67,"Dreieck.png","Ich","Matching",1,551,"L1m",1,"d","d","Ass1"
1,68,"Dreieck.png","Fremder","Nonmatching",0,1076,"L2n",3,"d","k","Ass1"
1,69,"Dreieck.png","Fremder","Nonmatching",0,1034,"L2n",3,"d","k","Ass1"
1,70,"Kreis.png","Ich","Nonmatching",1,775,"L1n",2,"k","k","Ass1"
1,71,"Kreis.png","Fremder","Matching",1,1036,"L2m",4,"d","d","Ass1"
1,72,"Dreieck.png","Ich","Matching",1,873,"L1m",1,"d","d","Ass1"
1,73,"Kreis.png","Fremder","Matching",1,1099,"L2m",4,"d","d","Ass1"
1,74,"Dreieck.png","Fremder","Nonmatching",1,983,"L2n",3,"k","k","Ass1"
1,75,"Dreieck.png","Ich","Matching",1,547,"L1m",1,"d","d","Ass1"
1,76,"Kreis.png","Ich","Nonmatching",1,782,"L1n",2,"k","k","Ass1"
1,77,"Dreieck.png","Fremder","Nonmatching",1,959,"L2n",3,"k","k","Ass1"
1,78,"Kreis.png","Ich","Nonmatching",1,772,"L1n",2,"k","k","Ass1"
1,79,"Dreieck.png","Ich","Matching",1,570,"L1m",1,"d","d","Ass1"
1,80,"Kreis.png","Fremder","Matching",1,1088,"L2m",4,"d","d","Ass1"
1,81,"Kreis.png","Ich","Nonmatching",1,702,"L1n",2,"k","k","Ass1"
1,82,"Dreieck.png","Fremder","Nonmatching",1,995,"L2n",3,"k","k","Ass1"
1,83,"Kreis.png","Fremder","Matching",1,1056,"L2m",4,"d","d","Ass1"
1,84,"Dreieck.png","Ich","Matching",1,618,"L1m",1,"d","d","Ass1"
1,85,"Dreieck.png","Fremder","Nonmatching",0,824,"L2n",3,"d","k","Ass1"
1,86,"Kreis.png","Fremder","Matching",1,1022,"L2m",4,"d","d","Ass1"
1,87,"Dreieck.png","Ich","Matching",1,664,"L1m",1,"d","d","Ass1"
1,88,"Kreis.png","Ich","Nonmatching",1,733,"L1n",2,"k","k","Ass1"
1,89,"Dreieck.png","Fremder","Nonmatching",1,828,"L2n",3,"k","k","Ass1"
1,90,"Kreis.png","Fremder","Matching",1,1081,"L2m",4,"d","d","Ass1"
1,91,"Kreis.png","Ich","Nonmatching",1,706,"L1n",2,"k","k","Ass1"
1,92,"Dreieck.png","Ich","Matching",1,1340,"L1m",1,"d","d","Ass1"
1,93,"Dreieck.png","Fremder","Nonmatching",1,929,"L2n",3,"k","k","Ass1"
1,94,"Kreis.png","Fremder","Matching",1,818,"L2m",4,"d","d","Ass1"
1,95,"Kreis.png","Ich","Nonmatching",1,729,"L1n",2,"k","k","Ass1"
1,96,"Dreieck.png","Ich","Matching",1,583,"L1m",1,"d","d","Ass1"
1,97,"Kreis.png","Ich","Nonmatching",1,591,"L1n",2,"k","k","Ass1"
1,98,"Kreis.png","Fremder","Matching",1,1313,"L2m",4,"d","d","Ass1"
1,99,"Dreieck.png","Ich","Matching",1,561,"L1m",1,"d","d","Ass1"
1,100,"Dreieck.png","Fremder","Nonmatching",1,708,"L2n",3,"k","k","Ass1"
1,101,"Kreis.png","Fremder","Matching",1,688,"L2m",4,"d","d","Ass1"
1,102,"Dreieck.png","Ich","Matching",1,622,"L1m",1,"d","d","Ass1"
1,103,"Dreieck.png","Fremder","Nonmatching",1,686,"L2n",3,"k","k","Ass1"
1,104,"Kreis.png","Ich","Nonmatching",1,681,"L1n",2,"k","k","Ass1"
1,105,"Dreieck.png","Ich","Matching",1,655,"L1m",1,"d","d","Ass1"
1,106,"Kreis.png","Ich","Nonmatching",1,787,"L1n",2,"k","k","Ass1"
1,107,"Dreieck.png","Fremder","Nonmatching",1,690,"L2n",3,"k","k","Ass1"
1,108,"Kreis.png","Fremder","Matching",0,654,"L2m",4,"k","d","Ass1"
1,109,"Dreieck.png","Fremder","Nonmatching",1,1145,"L2n",3,"k","k","Ass1"
1,110,"Dreieck.png","Ich","Matching",1,556,"L1m",1,"d","d","Ass1"
1,111,"Kreis.png","Fremder","Matching",1,942,"L2m",4,"d","d","Ass1"
1,112,"Kreis.png","Ich","Nonmatching",1,638,"L1n",2,"k","k","Ass1"
1,113,"Dreieck.png","Fremder","Nonmatching",1,1034,"L2n",3,"k","k","Ass1"
1,114,"Dreieck.png","Ich","Matching",1,614,"L1m",1,"d","d","Ass1"
1,115,"Kreis.png","Ich","Nonmatching",1,695,"L1n",2,"k","k","Ass1"
1,116,"Kreis.png","Fremder","Matching",1,1251,"L2m",4,"d","d","Ass1"
1,117,"Kreis.png","Ich","Nonmatching",1,1019,"L1n",2,"k","k","Ass1"
1,118,"Dreieck.png","Fremder","Nonmatching",1,1091,"L2n",3,"k","k","Ass1"
1,119,"Kreis.png","Fremder","Matching",1,739,"L2m",4,"d","d","Ass1"
1,120,"Dreieck.png","Ich","Matching",1,667,"L1m",1,"d","d","Ass1"
1,121,"Kreis.png","Fremder","Matching",0,1114,"L2m",4,"k","d","Ass1"
1,122,"Dreieck.png","Ich","Matching",1,537,"L1m",1,"d","d","Ass1"
1,123,"Kreis.png","Ich","Nonmatching",1,726,"L1n",2,"k","k","Ass1"
1,124,"Dreieck.png","Fremder","Nonmatching",1,2023,"L2n",3,"k","k","Ass1"
1,125,"Kreis.png","Ich","Nonmatching",1,616,"L1n",2,"k","k","Ass1"
1,126,"Dreieck.png","Fremder","Nonmatching",1,642,"L2n",3,"k","k","Ass1"
1,127,"Kreis.png","Fremder","Matching",1,1132,"L2m",4,"d","d","Ass1"
1,128,"Dreieck.png","Ich","Matching",1,896,"L1m",1,"d","d","Ass1"
3,1,"Dreieck.png","Fremder","Nonmatching",0,1031,"L2n",3,"d","k","Ass1"
3,2,"Kreis.png","Fremder","Matching",0,576,"L2m",4,"k","d","Ass1"
3,3,"Kreis.png","Ich","Nonmatching",1,1126,"L1n",2,"k","k","Ass1"
3,4,"Dreieck.png","Ich","Matching",1,856,"L1m",1,"d","d","Ass1"
3,5,"Kreis.png","Ich","Nonmatching",1,1152,"L1n",2,"k","k","Ass1"
3,6,"Dreieck.png","Fremder","Nonmatching",1,795,"L2n",3,"k","k","Ass1"
3,7,"Dreieck.png","Ich","Matching",0,886,"L1m",1,"k","d","Ass1"
3,8,"Kreis.png","Fremder","Matching",0,1300,"L2m",4,"k","d","Ass1"
3,9,"Kreis.png","Ich","Nonmatching",0,764,"L1n",2,"d","k","Ass1"
3,10,"Kreis.png","Fremder","Matching",1,1119,"L2m",4,"d","d","Ass1"
3,11,"Dreieck.png","Fremder","Nonmatching",1,1089,"L2n",3,"k","k","Ass1"
3,12,"Dreieck.png","Ich","Matching",1,630,"L1m",1,"d","d","Ass1"
3,13,"Dreieck.png","Ich","Matching",1,936,"L1m",1,"d","d","Ass1"
3,14,"Kreis.png","Ich","Nonmatching",1,746,"L1n",2,"k","k","Ass1"
3,15,"Dreieck.png","Fremder","Nonmatching",1,835,"L2n",3,"k","k","Ass1"
3,16,"Kreis.png","Fremder","Matching",1,792,"L2m",4,"d","d","Ass1"
3,17,"Dreieck.png","Fremder","Nonmatching",1,731,"L2n",3,"k","k","Ass1"
3,18,"Dreieck.png","Ich","Matching",1,627,"L1m",1,"d","d","Ass1"
3,19,"Kreis.png","Fremder","Matching",1,1171,"L2m",4,"d","d","Ass1"
3,20,"Kreis.png","Ich","Nonmatching",1,847,"L1n",2,"k","k","Ass1"
3,21,"Dreieck.png","Fremder","Nonmatching",0,1083,"L2n",3,"d","k","Ass1"
3,22,"Dreieck.png","Ich","Matching",1,642,"L1m",1,"d","d","Ass1"
3,23,"Kreis.png","Ich","Nonmatching",1,682,"L1n",2,"k","k","Ass1"
3,24,"Kreis.png","Fremder","Matching",1,1496,"L2m",4,"d","d","Ass1"
3,25,"Kreis.png","Ich","Nonmatching",1,1080,"L1n",2,"k","k","Ass1"
3,26,"Kreis.png","Fremder","Matching",1,1346,"L2m",4,"d","d","Ass1"
3,27,"Dreieck.png","Ich","Matching",1,663,"L1m",1,"d","d","Ass1"
3,28,"Dreieck.png","Fremder","Nonmatching",1,827,"L2n",3,"k","k","Ass1"
3,29,"Dreieck.png","Ich","Matching",1,616,"L1m",1,"d","d","Ass1"
3,30,"Kreis.png","Ich","Nonmatching",1,852,"L1n",2,"k","k","Ass1"
3,31,"Dreieck.png","Fremder","Nonmatching",1,1193,"L2n",3,"k","k","Ass1"
3,32,"Kreis.png","Fremder","Matching",1,1107,"L2m",4,"d","d","Ass1"
3,33,"Kreis.png","Fremder","Matching",1,1492,"L2m",4,"d","d","Ass1"
3,34,"Dreieck.png","Ich","Matching",0,505,"L1m",1,"k","d","Ass1"
3,35,"Dreieck.png","Fremder","Nonmatching",1,815,"L2n",3,"k","k","Ass1"
3,36,"Kreis.png","Ich","Nonmatching",1,869,"L1n",2,"k","k","Ass1"
3,37,"Dreieck.png","Fremder","Nonmatching",1,1267,"L2n",3,"k","k","Ass1"
3,38,"Kreis.png","Ich","Nonmatching",1,596,"L1n",2,"k","k","Ass1"
3,39,"Dreieck.png","Ich","Matching",1,671,"L1m",1,"d","d","Ass1"
3,40,"Kreis.png","Fremder","Matching",1,521,"L2m",4,"d","d","Ass1"
3,41,"Dreieck.png","Ich","Matching",1,592,"L1m",1,"d","d","Ass1"
3,42,"Kreis.png","Fremder","Matching",0,923,"L2m",4,"k","d","Ass1"
3,43,"Kreis.png","Ich","Nonmatching",1,801,"L1n",2,"k","k","Ass1"
3,44,"Dreieck.png","Fremder","Nonmatching",1,950,"L2n",3,"k","k","Ass1"
3,45,"Kreis.png","Fremder","Matching",0,656,"L2m",4,"k","d","Ass1"
3,46,"Kreis.png","Ich","Nonmatching",1,934,"L1n",2,"k","k","Ass1"
3,47,"Dreieck.png","Fremder","Nonmatching",0,817,"L2n",3,"d","k","Ass1"
3,48,"Dreieck.png","Ich","Matching",1,734,"L1m",1,"d","d","Ass1"
3,49,"Dreieck.png","Ich","Matching",1,750,"L1m",1,"d","d","Ass1"
3,50,"Dreieck.png","Fremder","Nonmatching",1,639,"L2n",3,"k","k","Ass1"
3,51,"Kreis.png","Fremder","Matching",1,1207,"L2m",4,"d","d","Ass1"
3,52,"Kreis.png","Ich","Nonmatching",1,943,"L1n",2,"k","k","Ass1"
3,53,"Dreieck.png","Fremder","Nonmatching",1,1460,"L2n",3,"k","k","Ass1"
3,54,"Kreis.png","Fremder","Matching",1,1179,"L2m",4,"d","d","Ass1"
3,55,"Kreis.png","Ich","Nonmatching",1,728,"L1n",2,"k","k","Ass1"
3,56,"Dreieck.png","Ich","Matching",1,933,"L1m",1,"d","d","Ass1"
3,57,"Kreis.png","Ich","Nonmatching",1,888,"L1n",2,"k","k","Ass1"
3,58,"Dreieck.png","Ich","Matching",1,939,"L1m",1,"d","d","Ass1"
3,59,"Dreieck.png","Fremder","Nonmatching",0,910,"L2n",3,"d","k","Ass1"
3,60,"Kreis.png","Fremder","Matching",1,778,"L2m",4,"d","d","Ass1"
3,61,"Dreieck.png","Fremder","Nonmatching",1,632,"L2n",3,"k","k","Ass1"
3,62,"Kreis.png","Fremder","Matching",1,769,"L2m",4,"d","d","Ass1"
3,63,"Kreis.png","Ich","Nonmatching",1,963,"L1n",2,"k","k","Ass1"
3,64,"Dreieck.png","Ich","Matching",1,668,"L1m",1,"d","d","Ass1"
3,65,"Dreieck.png","Fremder","Nonmatching",1,673,"L2n",3,"k","k","Ass1"
3,66,"Kreis.png","Ich","Nonmatching",1,875,"L1n",2,"k","k","Ass1"
3,67,"Kreis.png","Fremder","Matching",1,557,"L2m",4,"d","d","Ass1"
3,68,"Dreieck.png","Ich","Matching",1,1697,"L1m",1,"d","d","Ass1"
3,69,"Dreieck.png","Ich","Matching",1,822,"L1m",1,"d","d","Ass1"
3,70,"Kreis.png","Ich","Nonmatching",0,685,"L1n",2,"d","k","Ass1"
3,71,"Dreieck.png","Fremder","Nonmatching",1,827,"L2n",3,"k","k","Ass1"
3,72,"Kreis.png","Fremder","Matching",1,965,"L2m",4,"d","d","Ass1"
3,73,"Dreieck.png","Ich","Matching",1,622,"L1m",1,"d","d","Ass1"
3,74,"Kreis.png","Fremder","Matching",1,965,"L2m",4,"d","d","Ass1"
3,75,"Kreis.png","Ich","Nonmatching",1,973,"L1n",2,"k","k","Ass1"
3,76,"Dreieck.png","Fremder","Nonmatching",1,1184,"L2n",3,"k","k","Ass1"
3,77,"Kreis.png","Ich","Nonmatching",1,1457,"L1n",2,"k","k","Ass1"
3,78,"Dreieck.png","Fremder","Nonmatching",1,1386,"L2n",3,"k","k","Ass1"
3,79,"Dreieck.png","Ich","Matching",1,849,"L1m",1,"d","d","Ass1"
3,80,"Kreis.png","Fremder","Matching",1,2837,"L2m",4,"d","d","Ass1"
3,81,"Kreis.png","Ich","Nonmatching",1,769,"L1n",2,"k","k","Ass1"
3,82,"Kreis.png","Fremder","Matching",1,710,"L2m",4,"d","d","Ass1"
3,83,"Dreieck.png","Ich","Matching",1,1047,"L1m",1,"d","d","Ass1"
3,84,"Dreieck.png","Fremder","Nonmatching",1,1223,"L2n",3,"k","k","Ass1"
3,85,"Dreieck.png","Ich","Matching",1,611,"L1m",1,"d","d","Ass1"
3,86,"Dreieck.png","Fremder","Nonmatching",1,816,"L2n",3,"k","k","Ass1"
3,87,"Kreis.png","Fremder","Matching",1,927,"L2m",4,"d","d","Ass1"
3,88,"Kreis.png","Ich","Nonmatching",1,746,"L1n",2,"k","k","Ass1"
3,89,"Kreis.png","Fremder","Matching",1,816,"L2m",4,"d","d","Ass1"
3,90,"Kreis.png","Ich","Nonmatching",0,920,"L1n",2,"d","k","Ass1"
3,91,"Dreieck.png","Fremder","Nonmatching",1,708,"L2n",3,"k","k","Ass1"
3,92,"Dreieck.png","Ich","Matching",1,764,"L1m",1,"d","d","Ass1"
3,93,"Dreieck.png","Fremder","Nonmatching",1,1117,"L2n",3,"k","k","Ass1"
3,94,"Kreis.png","Ich","Nonmatching",0,792,"L1n",2,"d","k","Ass1"
3,95,"Dreieck.png","Ich","Matching",1,868,"L1m",1,"d","d","Ass1"
3,96,"Kreis.png","Fremder","Matching",1,1065,"L2m",4,"d","d","Ass1"
3,97,"Kreis.png","Fremder","Matching",1,768,"L2m",4,"d","d","Ass1"
3,98,"Dreieck.png","Ich","Matching",1,755,"L1m",1,"d","d","Ass1"
3,99,"Dreieck.png","Fremder","Nonmatching",1,1380,"L2n",3,"k","k","Ass1"
3,100,"Kreis.png","Ich","Nonmatching",1,1120,"L1n",2,"k","k","Ass1"
3,101,"Dreieck.png","Fremder","Nonmatching",0,599,"L2n",3,"d","k","Ass1"
3,102,"Kreis.png","Ich","Nonmatching",1,935,"L1n",2,"k","k","Ass1"
3,103,"Kreis.png","Fremder","Matching",0,1452,"L2m",4,"k","d","Ass1"
3,104,"Dreieck.png","Ich","Matching",1,679,"L1m",1,"d","d","Ass1"
3,105,"Kreis.png","Ich","Nonmatching",1,863,"L1n",2,"k","k","Ass1"
3,106,"Kreis.png","Fremder","Matching",1,1038,"L2m",4,"d","d","Ass1"
3,107,"Dreieck.png","Ich","Matching",1,751,"L1m",1,"d","d","Ass1"
3,108,"Dreieck.png","Fremder","Nonmatching",1,924,"L2n",3,"k","k","Ass1"
3,109,"Dreieck.png","Fremder","Nonmatching",1,970,"L2n",3,"k","k","Ass1"
3,110,"Kreis.png","Ich","Nonmatching",0,982,"L1n",2,"d","k","Ass1"
3,111,"Kreis.png","Fremder","Matching",1,909,"L2m",4,"d","d","Ass1"
3,112,"Dreieck.png","Ich","Matching",1,1326,"L1m",1,"d","d","Ass1"
3,113,"Dreieck.png","Fremder","Nonmatching",1,919,"L2n",3,"k","k","Ass1"
3,114,"Dreieck.png","Ich","Matching",1,914,"L1m",1,"d","d","Ass1"
3,115,"Kreis.png","Ich","Nonmatching",1,1376,"L1n",2,"k","k","Ass1"
3,116,"Kreis.png","Fremder","Matching",1,2526,"L2m",4,"d","d","Ass1"
3,117,"Dreieck.png","Fremder","Nonmatching",1,1258,"L2n",3,"k","k","Ass1"
3,118,"Dreieck.png","Ich","Matching",1,1140,"L1m",1,"d","d","Ass1"
3,119,"Kreis.png","Fremder","Matching",0,889,"L2m",4,"k","d","Ass1"
3,120,"Kreis.png","Ich","Nonmatching",1,989,"L1n",2,"k","k","Ass1"
3,121,"Kreis.png","Ich","Nonmatching",1,1123,"L1n",2,"k","k","Ass1"
3,122,"Dreieck.png","Fremder","Nonmatching",0,1115,"L2n",3,"d","k","Ass1"
3,123,"Kreis.png","Fremder","Matching",1,1491,"L2m",4,"d","d","Ass1"
3,124,"Dreieck.png","Ich","Matching",1,561,"L1m",1,"d","d","Ass1"
3,125,"Dreieck.png","Fremder","Nonmatching",1,1502,"L2n",3,"k","k","Ass1"
3,126,"Kreis.png","Fremder","Matching",1,1048,"L2m",4,"d","d","Ass1"
3,127,"Dreieck.png","Ich","Matching",1,928,"L1m",1,"d","d","Ass1"
3,128,"Kreis.png","Ich","Nonmatching",0,846,"L1n",2,"d","k","Ass1"
4,1,"Kreis.png","Ich","Nonmatching",1,1523,"L1n",2,"k","k","Ass1"
4,2,"Kreis.png","Fremder","Matching",1,1529,"L2m",4,"d","d","Ass1"
4,3,"Dreieck.png","Ich","Matching",1,600,"L1m",1,"d","d","Ass1"
4,4,"Dreieck.png","Fremder","Nonmatching",1,814,"L2n",3,"k","k","Ass1"
4,5,"Kreis.png","Fremder","Matching",1,1451,"L2m",4,"d","d","Ass1"
4,6,"Kreis.png","Ich","Nonmatching",1,1053,"L1n",2,"k","k","Ass1"
4,7,"Dreieck.png","Ich","Matching",1,915,"L1m",1,"d","d","Ass1"
4,8,"Dreieck.png","Fremder","Nonmatching",1,1399,"L2n",3,"k","k","Ass1"
4,9,"Kreis.png","Ich","Nonmatching",1,1748,"L1n",2,"k","k","Ass1"
4,10,"Dreieck.png","Fremder","Nonmatching",1,1704,"L2n",3,"k","k","Ass1"
4,11,"Kreis.png","Fremder","Matching",1,1525,"L2m",4,"d","d","Ass1"
4,12,"Dreieck.png","Ich","Matching",1,1252,"L1m",1,"d","d","Ass1"
4,13,"Dreieck.png","Ich","Matching",1,1058,"L1m",1,"d","d","Ass1"
4,14,"Dreieck.png","Fremder","Nonmatching",1,861,"L2n",3,"k","k","Ass1"
4,15,"Kreis.png","Fremder","Matching",1,1089,"L2m",4,"d","d","Ass1"
4,16,"Kreis.png","Ich","Nonmatching",1,1666,"L1n",2,"k","k","Ass1"
4,17,"Kreis.png","Ich","Nonmatching",1,1132,"L1n",2,"k","k","Ass1"
4,18,"Dreieck.png","Fremder","Nonmatching",1,1058,"L2n",3,"k","k","Ass1"
4,19,"Dreieck.png","Ich","Matching",1,695,"L1m",1,"d","d","Ass1"
4,20,"Kreis.png","Fremder","Matching",1,1158,"L2m",4,"d","d","Ass1"
4,21,"Dreieck.png","Ich","Matching",1,839,"L1m",1,"d","d","Ass1"
4,22,"Kreis.png","Ich","Nonmatching",1,1198,"L1n",2,"k","k","Ass1"
4,23,"Dreieck.png","Fremder","Nonmatching",1,1849,"L2n",3,"k","k","Ass1"
4,24,"Kreis.png","Fremder","Matching",0,1884,"L2m",4,"k","d","Ass1"
4,25,"Kreis.png","Fremder","Matching",1,2160,"L2m",4,"d","d","Ass1"
4,26,"Dreieck.png","Ich","Matching",1,2215,"L1m",1,"d","d","Ass1"
4,27,"Dreieck.png","Fremder","Nonmatching",1,1645,"L2n",3,"k","k","Ass1"
4,28,"Kreis.png","Ich","Nonmatching",1,1105,"L1n",2,"k","k","Ass1"
4,29,"Kreis.png","Ich","Nonmatching",1,1238,"L1n",2,"k","k","Ass1"
4,30,"Dreieck.png","Fremder","Nonmatching",1,1761,"L2n",3,"k","k","Ass1"
4,31,"Kreis.png","Fremder","Matching",1,1544,"L2m",4,"d","d","Ass1"
4,32,"Dreieck.png","Ich","Matching",1,2256,"L1m",1,"d","d","Ass1"
4,33,"Kreis.png","Ich","Nonmatching",1,1346,"L1n",2,"k","k","Ass1"
4,34,"Kreis.png","Fremder","Matching",1,4384,"L2m",4,"d","d","Ass1"
4,35,"Dreieck.png","Ich","Matching",1,1192,"L1m",1,"d","d","Ass1"
4,36,"Dreieck.png","Fremder","Nonmatching",1,1535,"L2n",3,"k","k","Ass1"
4,37,"Kreis.png","Ich","Nonmatching",1,1541,"L1n",2,"k","k","Ass1"
4,38,"Dreieck.png","Ich","Matching",1,771,"L1m",1,"d","d","Ass1"
4,39,"Kreis.png","Fremder","Matching",1,1011,"L2m",4,"d","d","Ass1"
4,40,"Dreieck.png","Fremder","Nonmatching",1,868,"L2n",3,"k","k","Ass1"
4,41,"Dreieck.png","Fremder","Nonmatching",1,910,"L2n",3,"k","k","Ass1"
4,42,"Dreieck.png","Ich","Matching",1,688,"L1m",1,"d","d","Ass1"
4,43,"Kreis.png","Fremder","Matching",1,1620,"L2m",4,"d","d","Ass1"
4,44,"Kreis.png","Ich","Nonmatching",1,1771,"L1n",2,"k","k","Ass1"
4,45,"Dreieck.png","Ich","Matching",1,585,"L1m",1,"d","d","Ass1"
4,46,"Kreis.png","Fremder","Matching",1,1579,"L2m",4,"d","d","Ass1"
4,47,"Dreieck.png","Fremder","Nonmatching",1,1502,"L2n",3,"k","k","Ass1"
4,48,"Kreis.png","Ich","Nonmatching",1,1070,"L1n",2,"k","k","Ass1"
4,49,"Dreieck.png","Ich","Matching",1,913,"L1m",1,"d","d","Ass1"
4,50,"Dreieck.png","Fremder","Nonmatching",1,1788,"L2n",3,"k","k","Ass1"
4,51,"Kreis.png","Ich","Nonmatching",1,872,"L1n",2,"k","k","Ass1"
4,52,"Kreis.png","Fremder","Matching",0,773,"L2m",4,"k","d","Ass1"
4,53,"Dreieck.png","Fremder","Nonmatching",1,799,"L2n",3,"k","k","Ass1"
4,54,"Dreieck.png","Ich","Matching",1,687,"L1m",1,"d","d","Ass1"
4,55,"Kreis.png","Ich","Nonmatching",1,972,"L1n",2,"k","k","Ass1"
4,56,"Kreis.png","Fremder","Matching",1,1375,"L2m",4,"d","d","Ass1"
4,57,"Kreis.png","Ich","Nonmatching",1,1119,"L1n",2,"k","k","Ass1"
4,58,"Dreieck.png","Ich","Matching",1,989,"L1m",1,"d","d","Ass1"
4,59,"Kreis.png","Fremder","Matching",1,1547,"L2m",4,"d","d","Ass1"
4,60,"Dreieck.png","Fremder","Nonmatching",1,1435,"L2n",3,"k","k","Ass1"
4,61,"Dreieck.png","Fremder","Nonmatching",1,1134,"L2n",3,"k","k","Ass1"
4,62,"Kreis.png","Fremder","Matching",1,2187,"L2m",4,"d","d","Ass1"
4,63,"Kreis.png","Ich","Nonmatching",1,895,"L1n",2,"k","k","Ass1"
4,64,"Dreieck.png","Ich","Matching",1,825,"L1m",1,"d","d","Ass1"
4,65,"Dreieck.png","Fremder","Nonmatching",1,590,"L2n",3,"k","k","Ass1"
4,66,"Kreis.png","Ich","Nonmatching",1,963,"L1n",2,"k","k","Ass1"
4,67,"Dreieck.png","Ich","Matching",1,720,"L1m",1,"d","d","Ass1"
4,68,"Kreis.png","Fremder","Matching",0,1020,"L2m",4,"k","d","Ass1"
4,69,"Kreis.png","Ich","Nonmatching",0,1424,"L1n",2,"l","k","Ass1"
4,70,"Dreieck.png","Fremder","Nonmatching",1,1588,"L2n",3,"k","k","Ass1"
4,71,"Kreis.png","Fremder","Matching",1,1808,"L2m",4,"d","d","Ass1"
4,72,"Dreieck.png","Ich","Matching",1,989,"L1m",1,"d","d","Ass1"
4,73,"Kreis.png","Fremder","Matching",1,1223,"L2m",4,"d","d","Ass1"
4,74,"Kreis.png","Ich","Nonmatching",1,1277,"L1n",2,"k","k","Ass1"
4,75,"Dreieck.png","Fremder","Nonmatching",1,1008,"L2n",3,"k","k","Ass1"
4,76,"Dreieck.png","Ich","Matching",1,787,"L1m",1,"d","d","Ass1"
4,77,"Dreieck.png","Ich","Matching",1,1391,"L1m",1,"d","d","Ass1"
4,78,"Dreieck.png","Fremder","Nonmatching",1,824,"L2n",3,"k","k","Ass1"
4,79,"Kreis.png","Ich","Nonmatching",1,1255,"L1n",2,"k","k","Ass1"
4,80,"Kreis.png","Fremder","Matching",1,1034,"L2m",4,"d","d","Ass1"
4,81,"Dreieck.png","Fremder","Nonmatching",1,1288,"L2n",3,"k","k","Ass1"
4,82,"Kreis.png","Fremder","Matching",1,1107,"L2m",4,"d","d","Ass1"
4,83,"Dreieck.png","Ich","Matching",1,672,"L1m",1,"d","d","Ass1"
4,84,"Kreis.png","Ich","Nonmatching",1,796,"L1n",2,"k","k","Ass1"
4,85,"Dreieck.png","Fremder","Nonmatching",1,1117,"L2n",3,"k","k","Ass1"
4,86,"Kreis.png","Ich","Nonmatching",1,989,"L1n",2,"k","k","Ass1"
4,87,"Dreieck.png","Ich","Matching",1,538,"L1m",1,"d","d","Ass1"
4,88,"Kreis.png","Fremder","Matching",1,1571,"L2m",4,"d","d","Ass1"
4,89,"Kreis.png","Ich","Nonmatching",1,1533,"L1n",2,"k","k","Ass1"
4,90,"Kreis.png","Fremder","Matching",1,1385,"L2m",4,"d","d","Ass1"
4,91,"Dreieck.png","Ich","Matching",1,678,"L1m",1,"d","d","Ass1"
4,92,"Dreieck.png","Fremder","Nonmatching",1,818,"L2n",3,"k","k","Ass1"
4,93,"Kreis.png","Ich","Nonmatching",1,1283,"L1n",2,"k","k","Ass1"
4,94,"Dreieck.png","Fremder","Nonmatching",1,936,"L2n",3,"k","k","Ass1"
4,95,"Dreieck.png","Ich","Matching",1,989,"L1m",1,"d","d","Ass1"
4,96,"Kreis.png","Fremder","Matching",1,1118,"L2m",4,"d","d","Ass1"
4,97,"Kreis.png","Fremder","Matching",1,953,"L2m",4,"d","d","Ass1"
4,98,"Dreieck.png","Ich","Matching",1,1347,"L1m",1,"d","d","Ass1"
4,99,"Kreis.png","Ich","Nonmatching",1,1230,"L1n",2,"k","k","Ass1"
4,100,"Dreieck.png","Fremder","Nonmatching",1,857,"L2n",3,"k","k","Ass1"
4,101,"Dreieck.png","Fremder","Nonmatching",1,807,"L2n",3,"k","k","Ass1"
4,102,"Kreis.png","Fremder","Matching",1,1122,"L2m",4,"d","d","Ass1"
4,103,"Kreis.png","Ich","Nonmatching",1,1045,"L1n",2,"k","k","Ass1"
4,104,"Dreieck.png","Ich","Matching",1,1521,"L1m",1,"d","d","Ass1"
4,105,"Kreis.png","Fremder","Matching",1,2416,"L2m",4,"d","d","Ass1"
4,106,"Kreis.png","Ich","Nonmatching",1,867,"L1n",2,"k","k","Ass1"
4,107,"Dreieck.png","Fremder","Nonmatching",1,834,"L2n",3,"k","k","Ass1"
4,108,"Dreieck.png","Ich","Matching",1,1005,"L1m",1,"d","d","Ass1"
4,109,"Kreis.png","Ich","Nonmatching",1,1933,"L1n",2,"k","k","Ass1"
4,110,"Dreieck.png","Fremder","Nonmatching",1,985,"L2n",3,"k","k","Ass1"
4,111,"Dreieck.png","Ich","Matching",1,508,"L1m",1,"d","d","Ass1"
4,112,"Kreis.png","Fremder","Matching",0,979,"L2m",4,"k","d","Ass1"
4,113,"Kreis.png","Ich","Nonmatching",1,872,"L1n",2,"k","k","Ass1"
4,114,"Dreieck.png","Ich","Matching",1,757,"L1m",1,"d","d","Ass1"
4,115,"Kreis.png","Fremder","Matching",1,1163,"L2m",4,"d","d","Ass1"
4,116,"Dreieck.png","Fremder","Nonmatching",1,1017,"L2n",3,"k","k","Ass1"
4,117,"Kreis.png","Ich","Nonmatching",1,885,"L1n",2,"k","k","Ass1"
4,118,"Dreieck.png","Fremder","Nonmatching",1,832,"L2n",3,"k","k","Ass1"
4,119,"Kreis.png","Fremder","Matching",1,1582,"L2m",4,"d","d","Ass1"
4,120,"Dreieck.png","Ich","Matching",1,629,"L1m",1,"d","d","Ass1"
4,121,"Dreieck.png","Fremder","Nonmatching",1,868,"L2n",3,"k","k","Ass1"
4,122,"Kreis.png","Ich","Nonmatching",1,1298,"L1n",2,"k","k","Ass1"
4,123,"Dreieck.png","Ich","Matching",1,642,"L1m",1,"d","d","Ass1"
4,124,"Kreis.png","Fremder","Matching",1,3093,"L2m",4,"d","d","Ass1"
4,125,"Dreieck.png","Fremder","Nonmatching",1,943,"L2n",3,"k","k","Ass1"
4,126,"Dreieck.png","Ich","Matching",1,1027,"L1m",1,"d","d","Ass1"
4,127,"Kreis.png","Ich","Nonmatching",1,854,"L1n",2,"k","k","Ass1"
4,128,"Kreis.png","Fremder","Matching",1,779,"L2m",4,"d","d","Ass1"
8,1,"Dreieck.png","Fremder","Matching",1,761,"L1m",1,"d","d","Ass2"
8,2,"Kreis.png","Ich","Matching",1,2342,"L2m",4,"d","d","Ass2"
8,3,"Dreieck.png","Ich","Nonmatching",1,1249,"L2n",3,"k","k","Ass2"
8,4,"Kreis.png","Fremder","Nonmatching",1,848,"L1n",2,"k","k","Ass2"
8,5,"Kreis.png","Ich","Matching",1,955,"L2m",4,"d","d","Ass2"
8,6,"Dreieck.png","Fremder","Matching",1,1231,"L1m",1,"d","d","Ass2"
8,7,"Dreieck.png","Ich","Nonmatching",1,900,"L2n",3,"k","k","Ass2"
8,8,"Kreis.png","Fremder","Nonmatching",1,1258,"L1n",2,"k","k","Ass2"
8,9,"Dreieck.png","Fremder","Matching",1,901,"L1m",1,"d","d","Ass2"
8,10,"Dreieck.png","Ich","Nonmatching",1,1289,"L2n",3,"k","k","Ass2"
8,11,"Kreis.png","Fremder","Nonmatching",1,1642,"L1n",2,"k","k","Ass2"
8,12,"Kreis.png","Ich","Matching",1,861,"L2m",4,"d","d","Ass2"
8,13,"Kreis.png","Ich","Matching",1,1042,"L2m",4,"d","d","Ass2"
8,14,"Kreis.png","Fremder","Nonmatching",1,1242,"L1n",2,"k","k","Ass2"
8,15,"Dreieck.png","Fremder","Matching",1,900,"L1m",1,"d","d","Ass2"
8,16,"Dreieck.png","Ich","Nonmatching",1,1021,"L2n",3,"k","k","Ass2"
8,17,"Kreis.png","Fremder","Nonmatching",1,943,"L1n",2,"k","k","Ass2"
8,18,"Dreieck.png","Ich","Nonmatching",1,1173,"L2n",3,"k","k","Ass2"
8,19,"Dreieck.png","Fremder","Matching",1,948,"L1m",1,"d","d","Ass2"
8,20,"Kreis.png","Ich","Matching",1,899,"L2m",4,"d","d","Ass2"
8,21,"Kreis.png","Ich","Matching",1,913,"L2m",4,"d","d","Ass2"
8,22,"Dreieck.png","Ich","Nonmatching",1,705,"L2n",3,"k","k","Ass2"
8,23,"Kreis.png","Fremder","Nonmatching",1,936,"L1n",2,"k","k","Ass2"
8,24,"Dreieck.png","Fremder","Matching",1,1151,"L1m",1,"d","d","Ass2"
8,25,"Dreieck.png","Ich","Nonmatching",1,729,"L2n",3,"k","k","Ass2"
8,26,"Dreieck.png","Fremder","Matching",1,1133,"L1m",1,"d","d","Ass2"
8,27,"Kreis.png","Ich","Matching",1,1336,"L2m",4,"d","d","Ass2"
8,28,"Kreis.png","Fremder","Nonmatching",1,1088,"L1n",2,"k","k","Ass2"
8,29,"Dreieck.png","Ich","Nonmatching",1,975,"L2n",3,"k","k","Ass2"
8,30,"Kreis.png","Ich","Matching",1,453,"L2m",4,"d","d","Ass2"
8,31,"Dreieck.png","Fremder","Matching",1,630,"L1m",1,"d","d","Ass2"
8,32,"Kreis.png","Fremder","Nonmatching",1,1049,"L1n",2,"k","k","Ass2"
8,33,"Kreis.png","Fremder","Nonmatching",1,1199,"L1n",2,"k","k","Ass2"
8,34,"Dreieck.png","Ich","Nonmatching",1,1033,"L2n",3,"k","k","Ass2"
8,35,"Kreis.png","Ich","Matching",1,912,"L2m",4,"d","d","Ass2"
8,36,"Dreieck.png","Fremder","Matching",1,1294,"L1m",1,"d","d","Ass2"
8,37,"Dreieck.png","Ich","Nonmatching",1,891,"L2n",3,"k","k","Ass2"
8,38,"Kreis.png","Ich","Matching",1,978,"L2m",4,"d","d","Ass2"
8,39,"Kreis.png","Fremder","Nonmatching",1,750,"L1n",2,"k","k","Ass2"
8,40,"Dreieck.png","Fremder","Matching",1,1222,"L1m",1,"d","d","Ass2"
8,41,"Dreieck.png","Ich","Nonmatching",1,1048,"L2n",3,"k","k","Ass2"
8,42,"Dreieck.png","Fremder","Matching",1,1178,"L1m",1,"d","d","Ass2"
8,43,"Kreis.png","Fremder","Nonmatching",1,869,"L1n",2,"k","k","Ass2"
8,44,"Kreis.png","Ich","Matching",1,840,"L2m",4,"d","d","Ass2"
8,45,"Kreis.png","Fremder","Nonmatching",1,1259,"L1n",2,"k","k","Ass2"
8,46,"Dreieck.png","Ich","Nonmatching",1,1059,"L2n",3,"k","k","Ass2"
8,47,"Dreieck.png","Fremder","Matching",1,1054,"L1m",1,"d","d","Ass2"
8,48,"Kreis.png","Ich","Matching",1,801,"L2m",4,"d","d","Ass2"
8,49,"Dreieck.png","Fremder","Matching",1,887,"L1m",1,"d","d","Ass2"
8,50,"Kreis.png","Ich","Matching",1,1277,"L2m",4,"d","d","Ass2"
8,51,"Kreis.png","Fremder","Nonmatching",1,1000,"L1n",2,"k","k","Ass2"
8,52,"Dreieck.png","Ich","Nonmatching",1,1191,"L2n",3,"k","k","Ass2"
8,53,"Kreis.png","Fremder","Nonmatching",1,1262,"L1n",2,"k","k","Ass2"
8,54,"Dreieck.png","Fremder","Matching",1,905,"L1m",1,"d","d","Ass2"
8,55,"Kreis.png","Ich","Matching",1,1061,"L2m",4,"d","d","Ass2"
8,56,"Dreieck.png","Ich","Nonmatching",1,718,"L2n",3,"k","k","Ass2"
8,57,"Kreis.png","Ich","Matching",1,907,"L2m",4,"d","d","Ass2"
8,58,"Kreis.png","Fremder","Nonmatching",1,627,"L1n",2,"k","k","Ass2"
8,59,"Dreieck.png","Ich","Nonmatching",1,1123,"L2n",3,"k","k","Ass2"
8,60,"Dreieck.png","Fremder","Matching",1,1681,"L1m",1,"d","d","Ass2"
8,61,"Dreieck.png","Fremder","Matching",0,1107,"L1m",1,"k","d","Ass2"
8,62,"Kreis.png","Ich","Matching",1,963,"L2m",4,"d","d","Ass2"
8,63,"Dreieck.png","Ich","Nonmatching",1,1368,"L2n",3,"k","k","Ass2"
8,64,"Kreis.png","Fremder","Nonmatching",1,941,"L1n",2,"k","k","Ass2"
8,65,"Kreis.png","Ich","Matching",1,747,"L2m",4,"d","d","Ass2"
8,66,"Kreis.png","Fremder","Nonmatching",1,934,"L1n",2,"k","k","Ass2"
8,67,"Dreieck.png","Fremder","Matching",1,1258,"L1m",1,"d","d","Ass2"
8,68,"Dreieck.png","Ich","Nonmatching",1,995,"L2n",3,"k","k","Ass2"
8,69,"Dreieck.png","Ich","Nonmatching",1,1334,"L2n",3,"k","k","Ass2"
8,70,"Dreieck.png","Fremder","Matching",1,1964,"L1m",1,"d","d","Ass2"
8,71,"Kreis.png","Ich","Matching",1,609,"L2m",4,"d","d","Ass2"
8,72,"Kreis.png","Fremder","Nonmatching",1,852,"L1n",2,"k","k","Ass2"
8,73,"Kreis.png","Ich","Matching",1,657,"L2m",4,"d","d","Ass2"
8,74,"Dreieck.png","Ich","Nonmatching",1,656,"L2n",3,"k","k","Ass2"
8,75,"Dreieck.png","Fremder","Matching",1,909,"L1m",1,"d","d","Ass2"
8,76,"Kreis.png","Fremder","Nonmatching",1,894,"L1n",2,"k","k","Ass2"
8,77,"Dreieck.png","Ich","Nonmatching",1,1493,"L2n",3,"k","k","Ass2"
8,78,"Kreis.png","Ich","Matching",1,407,"L2m",4,"d","d","Ass2"
8,79,"Kreis.png","Fremder","Nonmatching",1,839,"L1n",2,"k","k","Ass2"
8,80,"Dreieck.png","Fremder","Matching",1,1421,"L1m",1,"d","d","Ass2"
8,81,"Dreieck.png","Fremder","Matching",1,1835,"L1m",1,"d","d","Ass2"
8,82,"Dreieck.png","Ich","Nonmatching",1,1381,"L2n",3,"k","k","Ass2"
8,83,"Kreis.png","Fremder","Nonmatching",1,1034,"L1n",2,"k","k","Ass2"
8,84,"Kreis.png","Ich","Matching",1,1037,"L2m",4,"d","d","Ass2"
8,85,"Dreieck.png","Fremder","Matching",1,1036,"L1m",1,"d","d","Ass2"
8,86,"Kreis.png","Fremder","Nonmatching",1,903,"L1n",2,"k","k","Ass2"
8,87,"Kreis.png","Ich","Matching",1,1506,"L2m",4,"d","d","Ass2"
8,88,"Dreieck.png","Ich","Nonmatching",1,1017,"L2n",3,"k","k","Ass2"
8,89,"Kreis.png","Fremder","Nonmatching",1,684,"L1n",2,"k","k","Ass2"
8,90,"Dreieck.png","Ich","Nonmatching",1,886,"L2n",3,"k","k","Ass2"
8,91,"Kreis.png","Ich","Matching",1,868,"L2m",4,"d","d","Ass2"
8,92,"Dreieck.png","Fremder","Matching",1,1308,"L1m",1,"d","d","Ass2"
8,93,"Dreieck.png","Ich","Nonmatching",1,702,"L2n",3,"k","k","Ass2"
8,94,"Kreis.png","Ich","Matching",1,720,"L2m",4,"d","d","Ass2"
8,95,"Kreis.png","Fremder","Nonmatching",1,1014,"L1n",2,"k","k","Ass2"
8,96,"Dreieck.png","Fremder","Matching",1,1581,"L1m",1,"d","d","Ass2"
8,97,"Dreieck.png","Fremder","Matching",1,963,"L1m",1,"d","d","Ass2"
8,98,"Dreieck.png","Ich","Nonmatching",1,1019,"L2n",3,"k","k","Ass2"
8,99,"Kreis.png","Fremder","Nonmatching",1,1040,"L1n",2,"k","k","Ass2"
8,100,"Kreis.png","Ich","Matching",1,684,"L2m",4,"d","d","Ass2"
8,101,"Dreieck.png","Fremder","Matching",1,1112,"L1m",1,"d","d","Ass2"
8,102,"Kreis.png","Ich","Matching",1,864,"L2m",4,"d","d","Ass2"
8,103,"Kreis.png","Fremder","Nonmatching",1,1522,"L1n",2,"k","k","Ass2"
8,104,"Dreieck.png","Ich","Nonmatching",1,1092,"L2n",3,"k","k","Ass2"
8,105,"Dreieck.png","Fremder","Matching",1,2651,"L1m",1,"d","d","Ass2"
8,106,"Dreieck.png","Ich","Nonmatching",1,671,"L2n",3,"k","k","Ass2"
8,107,"Kreis.png","Ich","Matching",1,730,"L2m",4,"d","d","Ass2"
8,108,"Kreis.png","Fremder","Nonmatching",1,1459,"L1n",2,"k","k","Ass2"
8,109,"Dreieck.png","Ich","Nonmatching",1,963,"L2n",3,"k","k","Ass2"
8,110,"Kreis.png","Fremder","Nonmatching",1,885,"L1n",2,"k","k","Ass2"
8,111,"Dreieck.png","Fremder","Matching",1,1339,"L1m",1,"d","d","Ass2"
8,112,"Kreis.png","Ich","Matching",1,545,"L2m",4,"d","d","Ass2"
8,113,"Dreieck.png","Ich","Nonmatching",1,660,"L2n",3,"k","k","Ass2"
8,114,"Dreieck.png","Fremder","Matching",1,1071,"L1m",1,"d","d","Ass2"
8,115,"Kreis.png","Ich","Matching",1,861,"L2m",4,"d","d","Ass2"
8,116,"Kreis.png","Fremder","Nonmatching",1,808,"L1n",2,"k","k","Ass2"
8,117,"Kreis.png","Fremder","Nonmatching",1,1188,"L1n",2,"k","k","Ass2"
8,118,"Dreieck.png","Ich","Nonmatching",1,975,"L2n",3,"k","k","Ass2"
8,119,"Dreieck.png","Fremder","Matching",1,1114,"L1m",1,"d","d","Ass2"
8,120,"Kreis.png","Ich","Matching",1,609,"L2m",4,"d","d","Ass2"
8,121,"Dreieck.png","Ich","Nonmatching",1,880,"L2n",3,"k","k","Ass2"
8,122,"Dreieck.png","Fremder","Matching",1,775,"L1m",1,"d","d","Ass2"
8,123,"Kreis.png","Ich","Matching",1,638,"L2m",4,"d","d","Ass2"
8,124,"Kreis.png","Fremder","Nonmatching",1,673,"L1n",2,"k","k","Ass2"
8,125,"Dreieck.png","Fremder","Matching",1,808,"L1m",1,"d","d","Ass2"
8,126,"Kreis.png","Ich","Matching",1,1058,"L2m",4,"d","d","Ass2"
8,127,"Kreis.png","Fremder","Nonmatching",1,906,"L1n",2,"k","k","Ass2"
8,128,"Dreieck.png","Ich","Nonmatching",1,943,"L2n",3,"k","k","Ass2"
9,1,"Dreieck.png","Fremder","Nonmatching",0,1037,"L2n",3,"d","k","Ass1"
9,2,"Dreieck.png","Ich","Matching",1,641,"L1m",1,"d","d","Ass1"
9,3,"Kreis.png","Fremder","Matching",0,806,"L2m",4,"k","d","Ass1"
9,4,"Kreis.png","Ich","Nonmatching",1,1020,"L1n",2,"k","k","Ass1"
9,5,"Kreis.png","Fremder","Matching",1,940,"L2m",4,"d","d","Ass1"
9,6,"Dreieck.png","Fremder","Nonmatching",1,699,"L2n",3,"k","k","Ass1"
9,7,"Dreieck.png","Ich","Matching",1,615,"L1m",1,"d","d","Ass1"
9,8,"Kreis.png","Ich","Nonmatching",1,826,"L1n",2,"k","k","Ass1"
9,9,"Kreis.png","Ich","Nonmatching",1,850,"L1n",2,"k","k","Ass1"
9,10,"Dreieck.png","Fremder","Nonmatching",1,895,"L2n",3,"k","k","Ass1"
9,11,"Dreieck.png","Ich","Matching",1,569,"L1m",1,"d","d","Ass1"
9,12,"Kreis.png","Fremder","Matching",0,868,"L2m",4,"k","d","Ass1"
9,13,"Dreieck.png","Fremder","Nonmatching",1,788,"L2n",3,"k","k","Ass1"
9,14,"Dreieck.png","Ich","Matching",1,646,"L1m",1,"d","d","Ass1"
9,15,"Kreis.png","Ich","Nonmatching",1,1083,"L1n",2,"k","k","Ass1"
9,16,"Kreis.png","Fremder","Matching",0,1340,"L2m",4,"k","d","Ass1"
9,17,"Dreieck.png","Fremder","Nonmatching",1,905,"L2n",3,"k","k","Ass1"
9,18,"Dreieck.png","Ich","Matching",1,813,"L1m",1,"d","d","Ass1"
9,19,"Kreis.png","Fremder","Matching",1,942,"L2m",4,"d","d","Ass1"
9,20,"Kreis.png","Ich","Nonmatching",1,811,"L1n",2,"k","k","Ass1"
9,21,"Dreieck.png","Ich","Matching",1,794,"L1m",1,"d","d","Ass1"
9,22,"Dreieck.png","Fremder","Nonmatching",1,1115,"L2n",3,"k","k","Ass1"
9,23,"Kreis.png","Fremder","Matching",1,749,"L2m",4,"d","d","Ass1"
9,24,"Kreis.png","Ich","Nonmatching",1,657,"L1n",2,"k","k","Ass1"
9,25,"Dreieck.png","Fremder","Nonmatching",1,1056,"L2n",3,"k","k","Ass1"
9,26,"Kreis.png","Ich","Nonmatching",1,799,"L1n",2,"k","k","Ass1"
9,27,"Kreis.png","Fremder","Matching",1,755,"L2m",4,"d","d","Ass1"
9,28,"Dreieck.png","Ich","Matching",1,553,"L1m",1,"d","d","Ass1"
9,29,"Kreis.png","Fremder","Matching",1,602,"L2m",4,"d","d","Ass1"
9,30,"Kreis.png","Ich","Nonmatching",1,777,"L1n",2,"k","k","Ass1"
9,31,"Dreieck.png","Fremder","Nonmatching",1,1003,"L2n",3,"k","k","Ass1"
9,32,"Dreieck.png","Ich","Matching",1,592,"L1m",1,"d","d","Ass1"
9,33,"Kreis.png","Fremder","Matching",1,524,"L2m",4,"d","d","Ass1"
9,34,"Dreieck.png","Ich","Matching",1,651,"L1m",1,"d","d","Ass1"
9,35,"Kreis.png","Ich","Nonmatching",1,816,"L1n",2,"k","k","Ass1"
9,36,"Dreieck.png","Fremder","Nonmatching",1,795,"L2n",3,"k","k","Ass1"
9,37,"Kreis.png","Fremder","Matching",1,730,"L2m",4,"d","d","Ass1"
9,38,"Dreieck.png","Ich","Matching",1,441,"L1m",1,"d","d","Ass1"
9,39,"Dreieck.png","Fremder","Nonmatching",0,1226,"L2n",3,"d","k","Ass1"
9,40,"Kreis.png","Ich","Nonmatching",1,1051,"L1n",2,"k","k","Ass1"
9,41,"Kreis.png","Ich","Nonmatching",1,672,"L1n",2,"k","k","Ass1"
9,42,"Dreieck.png","Ich","Matching",1,657,"L1m",1,"d","d","Ass1"
9,43,"Dreieck.png","Fremder","Nonmatching",1,840,"L2n",3,"k","k","Ass1"
9,44,"Kreis.png","Fremder","Matching",1,696,"L2m",4,"d","d","Ass1"
9,45,"Dreieck.png","Ich","Matching",1,525,"L1m",1,"d","d","Ass1"
9,46,"Kreis.png","Fremder","Matching",1,652,"L2m",4,"d","d","Ass1"
9,47,"Kreis.png","Ich","Nonmatching",1,540,"L1n",2,"k","k","Ass1"
9,48,"Dreieck.png","Fremder","Nonmatching",1,798,"L2n",3,"k","k","Ass1"
9,49,"Kreis.png","Fremder","Matching",1,623,"L2m",4,"d","d","Ass1"
9,50,"Kreis.png","Ich","Nonmatching",1,494,"L1n",2,"k","k","Ass1"
9,51,"Dreieck.png","Ich","Matching",1,453,"L1m",1,"d","d","Ass1"
9,52,"Dreieck.png","Fremder","Nonmatching",1,603,"L2n",3,"k","k","Ass1"
9,53,"Dreieck.png","Fremder","Nonmatching",1,882,"L2n",3,"k","k","Ass1"
9,54,"Kreis.png","Fremder","Matching",0,674,"L2m",4,"k","d","Ass1"
9,55,"Kreis.png","Ich","Nonmatching",1,696,"L1n",2,"k","k","Ass1"
9,56,"Dreieck.png","Ich","Matching",1,391,"L1m",1,"d","d","Ass1"
9,57,"Kreis.png","Ich","Nonmatching",1,704,"L1n",2,"k","k","Ass1"
9,58,"Kreis.png","Fremder","Matching",1,772,"L2m",4,"d","d","Ass1"
9,59,"Dreieck.png","Ich","Matching",1,448,"L1m",1,"d","d","Ass1"
9,60,"Dreieck.png","Fremder","Nonmatching",1,687,"L2n",3,"k","k","Ass1"
9,61,"Kreis.png","Fremder","Matching",1,429,"L2m",4,"d","d","Ass1"
9,62,"Kreis.png","Ich","Nonmatching",1,647,"L1n",2,"k","k","Ass1"
9,63,"Dreieck.png","Ich","Matching",1,543,"L1m",1,"d","d","Ass1"
9,64,"Dreieck.png","Fremder","Nonmatching",1,667,"L2n",3,"k","k","Ass1"
9,65,"Dreieck.png","Ich","Matching",1,475,"L1m",1,"d","d","Ass1"
9,66,"Kreis.png","Fremder","Matching",1,773,"L2m",4,"d","d","Ass1"
9,67,"Dreieck.png","Fremder","Nonmatching",1,970,"L2n",3,"k","k","Ass1"
9,68,"Kreis.png","Ich","Nonmatching",1,688,"L1n",2,"k","k","Ass1"
9,69,"Dreieck.png","Ich","Matching",1,358,"L1m",1,"d","d","Ass1"
9,70,"Dreieck.png","Fremder","Nonmatching",1,785,"L2n",3,"k","k","Ass1"
9,71,"Kreis.png","Fremder","Matching",1,653,"L2m",4,"d","d","Ass1"
9,72,"Kreis.png","Ich","Nonmatching",1,563,"L1n",2,"k","k","Ass1"
9,73,"Dreieck.png","Fremder","Nonmatching",1,891,"L2n",3,"k","k","Ass1"
9,74,"Dreieck.png","Ich","Matching",1,516,"L1m",1,"d","d","Ass1"
9,75,"Kreis.png","Ich","Nonmatching",1,718,"L1n",2,"k","k","Ass1"
9,76,"Kreis.png","Fremder","Matching",1,678,"L2m",4,"d","d","Ass1"
9,77,"Kreis.png","Fremder","Matching",1,450,"L2m",4,"d","d","Ass1"
9,78,"Dreieck.png","Ich","Matching",1,636,"L1m",1,"d","d","Ass1"
9,79,"Dreieck.png","Fremder","Nonmatching",1,777,"L2n",3,"k","k","Ass1"
9,80,"Kreis.png","Ich","Nonmatching",0,657,"L1n",2,"d","k","Ass1"
9,81,"Kreis.png","Ich","Nonmatching",1,551,"L1n",2,"k","k","Ass1"
9,82,"Dreieck.png","Ich","Matching",1,616,"L1m",1,"d","d","Ass1"
9,83,"Kreis.png","Fremder","Matching",1,769,"L2m",4,"d","d","Ass1"
9,84,"Dreieck.png","Fremder","Nonmatching",1,627,"L2n",3,"k","k","Ass1"
9,85,"Kreis.png","Ich","Nonmatching",1,567,"L1n",2,"k","k","Ass1"
9,86,"Kreis.png","Fremder","Matching",1,679,"L2m",4,"d","d","Ass1"
9,87,"Dreieck.png","Ich","Matching",1,464,"L1m",1,"d","d","Ass1"
9,88,"Dreieck.png","Fremder","Nonmatching",1,697,"L2n",3,"k","k","Ass1"
9,89,"Kreis.png","Fremder","Matching",1,837,"L2m",4,"d","d","Ass1"
9,90,"Kreis.png","Ich","Nonmatching",1,607,"L1n",2,"k","k","Ass1"
9,91,"Dreieck.png","Ich","Matching",1,693,"L1m",1,"d","d","Ass1"
9,92,"Dreieck.png","Fremder","Nonmatching",1,617,"L2n",3,"k","k","Ass1"
9,93,"Kreis.png","Ich","Nonmatching",1,658,"L1n",2,"k","k","Ass1"
9,94,"Dreieck.png","Ich","Matching",1,531,"L1m",1,"d","d","Ass1"
9,95,"Kreis.png","Fremder","Matching",1,803,"L2m",4,"d","d","Ass1"
9,96,"Dreieck.png","Fremder","Nonmatching",1,650,"L2n",3,"k","k","Ass1"
9,97,"Kreis.png","Fremder","Matching",1,642,"L2m",4,"d","d","Ass1"
9,98,"Dreieck.png","Ich","Matching",1,357,"L1m",1,"d","d","Ass1"
9,99,"Kreis.png","Ich","Nonmatching",1,737,"L1n",2,"k","k","Ass1"
9,100,"Dreieck.png","Fremder","Nonmatching",1,815,"L2n",3,"k","k","Ass1"
9,101,"Kreis.png","Fremder","Matching",1,641,"L2m",4,"d","d","Ass1"
9,102,"Dreieck.png","Fremder","Nonmatching",1,887,"L2n",3,"k","k","Ass1"
9,103,"Kreis.png","Ich","Nonmatching",1,642,"L1n",2,"k","k","Ass1"
9,104,"Dreieck.png","Ich","Matching",1,430,"L1m",1,"d","d","Ass1"
9,105,"Dreieck.png","Fremder","Nonmatching",1,494,"L2n",3,"k","k","Ass1"
9,106,"Dreieck.png","Ich","Matching",1,621,"L1m",1,"d","d","Ass1"
9,107,"Kreis.png","Fremder","Matching",1,560,"L2m",4,"d","d","Ass1"
9,108,"Kreis.png","Ich","Nonmatching",1,744,"L1n",2,"k","k","Ass1"
9,109,"Kreis.png","Fremder","Matching",1,686,"L2m",4,"d","d","Ass1"
9,110,"Dreieck.png","Fremder","Nonmatching",1,827,"L2n",3,"k","k","Ass1"
9,111,"Dreieck.png","Ich","Matching",1,307,"L1m",1,"d","d","Ass1"
9,112,"Kreis.png","Ich","Nonmatching",1,693,"L1n",2,"k","k","Ass1"
9,113,"Dreieck.png","Fremder","Nonmatching",1,806,"L2n",3,"k","k","Ass1"
9,114,"Kreis.png","Fremder","Matching",1,723,"L2m",4,"d","d","Ass1"
9,115,"Kreis.png","Ich","Nonmatching",1,701,"L1n",2,"k","k","Ass1"
9,116,"Dreieck.png","Ich","Matching",1,388,"L1m",1,"d","d","Ass1"
9,117,"Kreis.png","Ich","Nonmatching",1,691,"L1n",2,"k","k","Ass1"
9,118,"Kreis.png","Fremder","Matching",0,726,"L2m",4,"k","d","Ass1"
9,119,"Dreieck.png","Fremder","Nonmatching",1,734,"L2n",3,"k","k","Ass1"
9,120,"Dreieck.png","Ich","Matching",1,462,"L1m",1,"d","d","Ass1"
9,121,"Kreis.png","Ich","Nonmatching",1,622,"L1n",2,"k","k","Ass1"
9,122,"Kreis.png","Fremder","Matching",1,731,"L2m",4,"d","d","Ass1"
9,123,"Dreieck.png","Fremder","Nonmatching",1,616,"L2n",3,"k","k","Ass1"
9,124,"Dreieck.png","Ich","Matching",1,577,"L1m",1,"d","d","Ass1"
9,125,"Dreieck.png","Fremder","Nonmatching",1,572,"L2n",3,"k","k","Ass1"
9,126,"Kreis.png","Fremder","Matching",1,719,"L2m",4,"d","d","Ass1"
9,127,"Kreis.png","Ich","Nonmatching",1,620,"L1n",2,"k","k","Ass1"
9,128,"Dreieck.png","Ich","Matching",1,608,"L1m",1,"d","d","Ass1"
12,1,"Dreieck.png","Fremder","Nonmatching",1,1106,"L2n",3,"k","k","Ass1"
12,2,"Kreis.png","Ich","Nonmatching",1,718,"L1n",2,"k","k","Ass1"
12,3,"Kreis.png","Fremder","Matching",1,883,"L2m",4,"d","d","Ass1"
12,4,"Dreieck.png","Ich","Matching",1,581,"L1m",1,"d","d","Ass1"
12,5,"Kreis.png","Fremder","Matching",1,1124,"L2m",4,"d","d","Ass1"
12,6,"Kreis.png","Ich","Nonmatching",1,676,"L1n",2,"k","k","Ass1"
12,7,"Dreieck.png","Ich","Matching",1,545,"L1m",1,"d","d","Ass1"
12,8,"Dreieck.png","Fremder","Nonmatching",1,776,"L2n",3,"k","k","Ass1"
12,9,"Dreieck.png","Ich","Matching",1,673,"L1m",1,"d","d","Ass1"
12,10,"Kreis.png","Ich","Nonmatching",1,725,"L1n",2,"k","k","Ass1"
12,11,"Kreis.png","Fremder","Matching",1,384,"L2m",4,"d","d","Ass1"
12,12,"Dreieck.png","Fremder","Nonmatching",1,632,"L2n",3,"k","k","Ass1"
12,13,"Kreis.png","Ich","Nonmatching",1,598,"L1n",2,"k","k","Ass1"
12,14,"Dreieck.png","Fremder","Nonmatching",1,605,"L2n",3,"k","k","Ass1"
12,15,"Dreieck.png","Ich","Matching",1,514,"L1m",1,"d","d","Ass1"
12,16,"Kreis.png","Fremder","Matching",1,628,"L2m",4,"d","d","Ass1"
12,17,"Kreis.png","Fremder","Matching",1,1374,"L2m",4,"d","d","Ass1"
12,18,"Dreieck.png","Fremder","Nonmatching",1,648,"L2n",3,"k","k","Ass1"
12,19,"Kreis.png","Ich","Nonmatching",1,766,"L1n",2,"k","k","Ass1"
12,20,"Dreieck.png","Ich","Matching",1,616,"L1m",1,"d","d","Ass1"
12,21,"Dreieck.png","Ich","Matching",0,572,"L1m",1,"k","d","Ass1"
12,22,"Kreis.png","Fremder","Matching",1,905,"L2m",4,"d","d","Ass1"
12,23,"Dreieck.png","Fremder","Nonmatching",1,578,"L2n",3,"k","k","Ass1"
12,24,"Kreis.png","Ich","Nonmatching",1,1084,"L1n",2,"k","k","Ass1"
12,25,"Dreieck.png","Ich","Matching",1,505,"L1m",1,"d","d","Ass1"
12,26,"Dreieck.png","Fremder","Nonmatching",1,633,"L2n",3,"k","k","Ass1"
12,27,"Kreis.png","Ich","Nonmatching",1,581,"L1n",2,"k","k","Ass1"
12,28,"Kreis.png","Fremder","Matching",1,655,"L2m",4,"d","d","Ass1"
12,29,"Dreieck.png","Ich","Matching",1,384,"L1m",1,"d","d","Ass1"
12,30,"Kreis.png","Fremder","Matching",1,671,"L2m",4,"d","d","Ass1"
12,31,"Kreis.png","Ich","Nonmatching",1,627,"L1n",2,"k","k","Ass1"
12,32,"Dreieck.png","Fremder","Nonmatching",0,475,"L2n",3,"d","k","Ass1"
12,33,"Dreieck.png","Ich","Matching",1,629,"L1m",1,"d","d","Ass1"
12,34,"Kreis.png","Ich","Nonmatching",1,611,"L1n",2,"k","k","Ass1"
12,35,"Kreis.png","Fremder","Matching",1,633,"L2m",4,"d","d","Ass1"
12,36,"Dreieck.png","Fremder","Nonmatching",1,603,"L2n",3,"k","k","Ass1"
12,37,"Dreieck.png","Fremder","Nonmatching",1,578,"L2n",3,"k","k","Ass1"
12,38,"Dreieck.png","Ich","Matching",1,822,"L1m",1,"d","d","Ass1"
12,39,"Kreis.png","Fremder","Matching",1,833,"L2m",4,"d","d","Ass1"
12,40,"Kreis.png","Ich","Nonmatching",1,1012,"L1n",2,"k","k","Ass1"
12,41,"Kreis.png","Fremder","Matching",1,634,"L2m",4,"d","d","Ass1"
12,42,"Dreieck.png","Fremder","Nonmatching",1,497,"L2n",3,"k","k","Ass1"
12,43,"Kreis.png","Ich","Nonmatching",1,629,"L1n",2,"k","k","Ass1"
12,44,"Dreieck.png","Ich","Matching",1,377,"L1m",1,"d","d","Ass1"
12,45,"Kreis.png","Fremder","Matching",1,651,"L2m",4,"d","d","Ass1"
12,46,"Kreis.png","Ich","Nonmatching",1,752,"L1n",2,"k","k","Ass1"
12,47,"Dreieck.png","Fremder","Nonmatching",1,511,"L2n",3,"k","k","Ass1"
12,48,"Dreieck.png","Ich","Matching",1,495,"L1m",1,"d","d","Ass1"
12,49,"Dreieck.png","Ich","Matching",0,571,"L1m",1,"k","d","Ass1"
12,50,"Kreis.png","Ich","Nonmatching",1,574,"L1n",2,"k","k","Ass1"
12,51,"Kreis.png","Fremder","Matching",1,597,"L2m",4,"d","d","Ass1"
12,52,"Dreieck.png","Fremder","Nonmatching",1,599,"L2n",3,"k","k","Ass1"
12,53,"Dreieck.png","Ich","Matching",1,514,"L1m",1,"d","d","Ass1"
12,54,"Kreis.png","Fremder","Matching",0,691,"L2m",4,"k","d","Ass1"
12,55,"Dreieck.png","Fremder","Nonmatching",1,559,"L2n",3,"k","k","Ass1"
12,56,"Kreis.png","Ich","Nonmatching",1,571,"L1n",2,"k","k","Ass1"
12,57,"Kreis.png","Fremder","Matching",1,573,"L2m",4,"d","d","Ass1"
12,58,"Dreieck.png","Ich","Matching",1,455,"L1m",1,"d","d","Ass1"
12,59,"Dreieck.png","Fremder","Nonmatching",1,778,"L2n",3,"k","k","Ass1"
12,60,"Kreis.png","Ich","Nonmatching",1,852,"L1n",2,"k","k","Ass1"
12,61,"Dreieck.png","Fremder","Nonmatching",1,565,"L2n",3,"k","k","Ass1"
12,62,"Kreis.png","Ich","Nonmatching",1,519,"L1n",2,"k","k","Ass1"
12,63,"Dreieck.png","Ich","Matching",1,545,"L1m",1,"d","d","Ass1"
12,64,"Kreis.png","Fremder","Matching",1,528,"L2m",4,"d","d","Ass1"
12,65,"Kreis.png","Ich","Nonmatching",1,591,"L1n",2,"k","k","Ass1"
12,66,"Dreieck.png","Ich","Matching",1,537,"L1m",1,"d","d","Ass1"
12,67,"Dreieck.png","Fremder","Nonmatching",1,528,"L2n",3,"k","k","Ass1"
12,68,"Kreis.png","Fremder","Matching",1,632,"L2m",4,"d","d","Ass1"
12,69,"Kreis.png","Ich","Nonmatching",1,998,"L1n",2,"k","k","Ass1"
12,70,"Dreieck.png","Fremder","Nonmatching",1,910,"L2n",3,"k","k","Ass1"
12,71,"Kreis.png","Fremder","Matching",1,820,"L2m",4,"d","d","Ass1"
12,72,"Dreieck.png","Ich","Matching",1,620,"L1m",1,"d","d","Ass1"
12,73,"Dreieck.png","Ich","Matching",1,544,"L1m",1,"d","d","Ass1"
12,74,"Kreis.png","Fremder","Matching",1,578,"L2m",4,"d","d","Ass1"
12,75,"Kreis.png","Ich","Nonmatching",1,413,"L1n",2,"k","k","Ass1"
12,76,"Dreieck.png","Fremder","Nonmatching",1,432,"L2n",3,"k","k","Ass1"
12,77,"Kreis.png","Fremder","Matching",1,613,"L2m",4,"d","d","Ass1"
12,78,"Kreis.png","Ich","Nonmatching",1,468,"L1n",2,"k","k","Ass1"
12,79,"Dreieck.png","Fremder","Nonmatching",1,912,"L2n",3,"k","k","Ass1"
12,80,"Dreieck.png","Ich","Matching",1,623,"L1m",1,"d","d","Ass1"
12,81,"Kreis.png","Fremder","Matching",1,659,"L2m",4,"d","d","Ass1"
12,82,"Dreieck.png","Fremder","Nonmatching",1,617,"L2n",3,"k","k","Ass1"
12,83,"Dreieck.png","Ich","Matching",1,685,"L1m",1,"d","d","Ass1"
12,84,"Kreis.png","Ich","Nonmatching",1,577,"L1n",2,"k","k","Ass1"
12,85,"Dreieck.png","Fremder","Nonmatching",0,544,"L2n",3,"d","k","Ass1"
12,86,"Kreis.png","Ich","Nonmatching",1,531,"L1n",2,"k","k","Ass1"
12,87,"Kreis.png","Fremder","Matching",0,550,"L2m",4,"k","d","Ass1"
12,88,"Dreieck.png","Ich","Matching",1,567,"L1m",1,"d","d","Ass1"
12,89,"Kreis.png","Fremder","Matching",1,554,"L2m",4,"d","d","Ass1"
12,90,"Kreis.png","Ich","Nonmatching",1,791,"L1n",2,"k","k","Ass1"
12,91,"Dreieck.png","Ich","Matching",1,585,"L1m",1,"d","d","Ass1"
12,92,"Dreieck.png","Fremder","Nonmatching",1,487,"L2n",3,"k","k","Ass1"
12,93,"Dreieck.png","Ich","Matching",1,470,"L1m",1,"d","d","Ass1"
12,94,"Dreieck.png","Fremder","Nonmatching",1,727,"L2n",3,"k","k","Ass1"
12,95,"Kreis.png","Ich","Nonmatching",1,849,"L1n",2,"k","k","Ass1"
12,96,"Kreis.png","Fremder","Matching",1,566,"L2m",4,"d","d","Ass1"
12,97,"Dreieck.png","Ich","Matching",1,727,"L1m",1,"d","d","Ass1"
12,98,"Dreieck.png","Fremder","Nonmatching",1,1266,"L2n",3,"k","k","Ass1"
12,99,"Kreis.png","Ich","Nonmatching",1,757,"L1n",2,"k","k","Ass1"
12,100,"Kreis.png","Fremder","Matching",0,743,"L2m",4,"k","d","Ass1"
12,101,"Kreis.png","Fremder","Matching",1,476,"L2m",4,"d","d","Ass1"
12,102,"Dreieck.png","Fremder","Nonmatching",1,578,"L2n",3,"k","k","Ass1"
12,103,"Kreis.png","Ich","Nonmatching",1,610,"L1n",2,"k","k","Ass1"
12,104,"Dreieck.png","Ich","Matching",1,596,"L1m",1,"d","d","Ass1"
12,105,"Kreis.png","Fremder","Matching",1,584,"L2m",4,"d","d","Ass1"
12,106,"Dreieck.png","Fremder","Nonmatching",1,519,"L2n",3,"k","k","Ass1"
12,107,"Kreis.png","Ich","Nonmatching",1,595,"L1n",2,"k","k","Ass1"
12,108,"Dreieck.png","Ich","Matching",1,496,"L1m",1,"d","d","Ass1"
12,109,"Kreis.png","Fremder","Matching",1,775,"L2m",4,"d","d","Ass1"
12,110,"Dreieck.png","Fremder","Nonmatching",1,811,"L2n",3,"k","k","Ass1"
12,111,"Dreieck.png","Ich","Matching",1,562,"L1m",1,"d","d","Ass1"
12,112,"Kreis.png","Ich","Nonmatching",1,476,"L1n",2,"k","k","Ass1"
12,113,"Kreis.png","Fremder","Matching",0,503,"L2m",4,"k","d","Ass1"
12,114,"Dreieck.png","Fremder","Nonmatching",1,688,"L2n",3,"k","k","Ass1"
12,115,"Dreieck.png","Ich","Matching",1,498,"L1m",1,"d","d","Ass1"
12,116,"Kreis.png","Ich","Nonmatching",1,468,"L1n",2,"k","k","Ass1"
12,117,"Dreieck.png","Ich","Matching",1,571,"L1m",1,"d","d","Ass1"
12,118,"Kreis.png","Ich","Nonmatching",1,489,"L1n",2,"k","k","Ass1"
12,119,"Kreis.png","Fremder","Matching",1,600,"L2m",4,"d","d","Ass1"
12,120,"Dreieck.png","Fremder","Nonmatching",1,391,"L2n",3,"k","k","Ass1"
12,121,"Dreieck.png","Ich","Matching",1,590,"L1m",1,"d","d","Ass1"
12,122,"Dreieck.png","Fremder","Nonmatching",1,769,"L2n",3,"k","k","Ass1"
12,123,"Kreis.png","Fremder","Matching",1,566,"L2m",4,"d","d","Ass1"
12,124,"Kreis.png","Ich","Nonmatching",1,962,"L1n",2,"k","k","Ass1"
12,125,"Dreieck.png","Ich","Matching",1,643,"L1m",1,"d","d","Ass1"
12,126,"Dreieck.png","Fremder","Nonmatching",1,548,"L2n",3,"k","k","Ass1"
12,127,"Kreis.png","Fremder","Matching",1,542,"L2m",4,"d","d","Ass1"
12,128,"Kreis.png","Ich","Nonmatching",1,606,"L1n",2,"k","k","Ass1"
16,1,"Dreieck.png","Ich","Nonmatching",0,497,"L2n",3,"d","k","Ass2"
16,2,"Kreis.png","Fremder","Nonmatching",1,1184,"L1n",2,"k","k","Ass2"
16,3,"Dreieck.png","Fremder","Matching",0,637,"L1m",1,"k","d","Ass2"
16,4,"Kreis.png","Ich","Matching",1,547,"L2m",4,"d","d","Ass2"
16,5,"Dreieck.png","Ich","Nonmatching",0,569,"L2n",3,"d","k","Ass2"
16,6,"Kreis.png","Fremder","Nonmatching",1,830,"L1n",2,"k","k","Ass2"
16,7,"Kreis.png","Ich","Matching",1,646,"L2m",4,"d","d","Ass2"
16,8,"Dreieck.png","Fremder","Matching",0,639,"L1m",1,"k","d","Ass2"
16,9,"Kreis.png","Fremder","Nonmatching",1,1213,"L1n",2,"k","k","Ass2"
16,10,"Dreieck.png","Fremder","Matching",1,930,"L1m",1,"d","d","Ass2"
16,11,"Kreis.png","Ich","Matching",1,629,"L2m",4,"d","d","Ass2"
16,12,"Dreieck.png","Ich","Nonmatching",1,1079,"L2n",3,"k","k","Ass2"
16,13,"Kreis.png","Ich","Matching",1,689,"L2m",4,"d","d","Ass2"
16,14,"Dreieck.png","Ich","Nonmatching",1,809,"L2n",3,"k","k","Ass2"
16,15,"Dreieck.png","Fremder","Matching",1,835,"L1m",1,"d","d","Ass2"
16,16,"Kreis.png","Fremder","Nonmatching",1,1146,"L1n",2,"k","k","Ass2"
16,17,"Dreieck.png","Fremder","Matching",0,630,"L1m",1,"k","d","Ass2"
16,18,"Dreieck.png","Ich","Nonmatching",0,632,"L2n",3,"d","k","Ass2"
16,19,"Kreis.png","Ich","Matching",1,656,"L2m",4,"d","d","Ass2"
16,20,"Kreis.png","Fremder","Nonmatching",1,587,"L1n",2,"k","k","Ass2"
16,21,"Dreieck.png","Ich","Nonmatching",1,743,"L2n",3,"k","k","Ass2"
16,22,"Kreis.png","Ich","Matching",1,860,"L2m",4,"d","d","Ass2"
16,23,"Dreieck.png","Fremder","Matching",1,699,"L1m",1,"d","d","Ass2"
16,24,"Kreis.png","Fremder","Nonmatching",1,1069,"L1n",2,"k","k","Ass2"
16,25,"Dreieck.png","Fremder","Matching",1,707,"L1m",1,"d","d","Ass2"
16,26,"Dreieck.png","Ich","Nonmatching",1,795,"L2n",3,"k","k","Ass2"
16,27,"Kreis.png","Ich","Matching",1,691,"L2m",4,"d","d","Ass2"
16,28,"Kreis.png","Fremder","Nonmatching",1,755,"L1n",2,"k","k","Ass2"
16,29,"Dreieck.png","Ich","Nonmatching",1,889,"L2n",3,"k","k","Ass2"
16,30,"Kreis.png","Fremder","Nonmatching",1,1070,"L1n",2,"k","k","Ass2"
16,31,"Dreieck.png","Fremder","Matching",1,657,"L1m",1,"d","d","Ass2"
16,32,"Kreis.png","Ich","Matching",1,646,"L2m",4,"d","d","Ass2"
16,33,"Dreieck.png","Fremder","Matching",1,915,"L1m",1,"d","d","Ass2"
16,34,"Kreis.png","Ich","Matching",1,674,"L2m",4,"d","d","Ass2"
16,35,"Kreis.png","Fremder","Nonmatching",1,574,"L1n",2,"k","k","Ass2"
16,36,"Dreieck.png","Ich","Nonmatching",1,617,"L2n",3,"k","k","Ass2"
16,37,"Dreieck.png","Ich","Nonmatching",1,932,"L2n",3,"k","k","Ass2"
16,38,"Kreis.png","Fremder","Nonmatching",0,839,"L1n",2,"d","k","Ass2"
16,39,"Kreis.png","Ich","Matching",1,853,"L2m",4,"d","d","Ass2"
16,40,"Dreieck.png","Fremder","Matching",1,877,"L1m",1,"d","d","Ass2"
16,41,"Kreis.png","Fremder","Nonmatching",1,869,"L1n",2,"k","k","Ass2"
16,42,"Kreis.png","Ich","Matching",1,650,"L2m",4,"d","d","Ass2"
16,43,"Dreieck.png","Fremder","Matching",1,732,"L1m",1,"d","d","Ass2"
16,44,"Dreieck.png","Ich","Nonmatching",1,625,"L2n",3,"k","k","Ass2"
16,45,"Dreieck.png","Ich","Nonmatching",1,808,"L2n",3,"k","k","Ass2"
16,46,"Kreis.png","Fremder","Nonmatching",0,907,"L1n",2,"d","k","Ass2"
16,47,"Dreieck.png","Fremder","Matching",1,827,"L1m",1,"d","d","Ass2"
16,48,"Kreis.png","Ich","Matching",1,1006,"L2m",4,"d","d","Ass2"
16,49,"Kreis.png","Fremder","Nonmatching",1,542,"L1n",2,"k","k","Ass2"
16,50,"Dreieck.png","Ich","Nonmatching",1,941,"L2n",3,"k","k","Ass2"
16,51,"Dreieck.png","Fremder","Matching",1,644,"L1m",1,"d","d","Ass2"
16,52,"Kreis.png","Ich","Matching",1,361,"L2m",4,"d","d","Ass2"
16,53,"Kreis.png","Ich","Matching",1,559,"L2m",4,"d","d","Ass2"
16,54,"Dreieck.png","Ich","Nonmatching",1,951,"L2n",3,"k","k","Ass2"
16,55,"Dreieck.png","Fremder","Matching",1,677,"L1m",1,"d","d","Ass2"
16,56,"Kreis.png","Fremder","Nonmatching",1,727,"L1n",2,"k","k","Ass2"
16,57,"Dreieck.png","Fremder","Matching",0,677,"L1m",1,"k","d","Ass2"
16,58,"Dreieck.png","Ich","Nonmatching",1,697,"L2n",3,"k","k","Ass2"
16,59,"Kreis.png","Fremder","Nonmatching",1,1405,"L1n",2,"k","k","Ass2"
16,60,"Kreis.png","Ich","Matching",1,646,"L2m",4,"d","d","Ass2"
16,61,"Kreis.png","Ich","Matching",1,550,"L2m",4,"d","d","Ass2"
16,62,"Dreieck.png","Fremder","Matching",1,1118,"L1m",1,"d","d","Ass2"
16,63,"Dreieck.png","Ich","Nonmatching",1,1167,"L2n",3,"k","k","Ass2"
16,64,"Kreis.png","Fremder","Nonmatching",1,1019,"L1n",2,"k","k","Ass2"
16,65,"Dreieck.png","Fremder","Matching",1,1408,"L1m",1,"d","d","Ass2"
16,66,"Dreieck.png","Ich","Nonmatching",1,598,"L2n",3,"k","k","Ass2"
16,67,"Kreis.png","Fremder","Nonmatching",1,921,"L1n",2,"k","k","Ass2"
16,68,"Kreis.png","Ich","Matching",1,497,"L2m",4,"d","d","Ass2"
16,69,"Dreieck.png","Fremder","Matching",0,559,"L1m",1,"k","d","Ass2"
16,70,"Kreis.png","Ich","Matching",1,833,"L2m",4,"d","d","Ass2"
16,71,"Dreieck.png","Ich","Nonmatching",1,876,"L2n",3,"k","k","Ass2"
16,72,"Kreis.png","Fremder","Nonmatching",1,887,"L1n",2,"k","k","Ass2"
16,73,"Dreieck.png","Ich","Nonmatching",1,933,"L2n",3,"k","k","Ass2"
16,74,"Kreis.png","Fremder","Nonmatching",1,1072,"L1n",2,"k","k","Ass2"
16,75,"Kreis.png","Ich","Matching",1,590,"L2m",4,"d","d","Ass2"
16,76,"Dreieck.png","Fremder","Matching",1,1327,"L1m",1,"d","d","Ass2"
16,77,"Dreieck.png","Fremder","Matching",0,741,"L1m",1,"k","d","Ass2"
16,78,"Kreis.png","Fremder","Nonmatching",1,831,"L1n",2,"k","k","Ass2"
16,79,"Dreieck.png","Ich","Nonmatching",1,735,"L2n",3,"k","k","Ass2"
16,80,"Kreis.png","Ich","Matching",1,630,"L2m",4,"d","d","Ass2"
16,81,"Kreis.png","Fremder","Nonmatching",1,971,"L1n",2,"k","k","Ass2"
16,82,"Dreieck.png","Fremder","Matching",1,1314,"L1m",1,"d","d","Ass2"
16,83,"Dreieck.png","Ich","Nonmatching",1,791,"L2n",3,"k","k","Ass2"
16,84,"Kreis.png","Ich","Matching",1,634,"L2m",4,"d","d","Ass2"
16,85,"Kreis.png","Ich","Matching",1,457,"L2m",4,"d","d","Ass2"
16,86,"Dreieck.png","Fremder","Matching",0,740,"L1m",1,"k","d","Ass2"
16,87,"Kreis.png","Fremder","Nonmatching",1,973,"L1n",2,"k","k","Ass2"
16,88,"Dreieck.png","Ich","Nonmatching",1,767,"L2n",3,"k","k","Ass2"
16,89,"Dreieck.png","Ich","Nonmatching",1,498,"L2n",3,"k","k","Ass2"
16,90,"Kreis.png","Ich","Matching",1,606,"L2m",4,"d","d","Ass2"
16,91,"Dreieck.png","Fremder","Matching",1,1167,"L1m",1,"d","d","Ass2"
16,92,"Kreis.png","Fremder","Nonmatching",1,579,"L1n",2,"k","k","Ass2"
16,93,"Kreis.png","Ich","Matching",1,332,"L2m",4,"d","d","Ass2"
16,94,"Dreieck.png","Ich","Nonmatching",1,937,"L2n",3,"k","k","Ass2"
16,95,"Dreieck.png","Fremder","Matching",1,592,"L1m",1,"d","d","Ass2"
16,96,"Kreis.png","Fremder","Nonmatching",1,577,"L1n",2,"k","k","Ass2"
16,97,"Kreis.png","Fremder","Nonmatching",1,846,"L1n",2,"k","k","Ass2"
16,98,"Dreieck.png","Ich","Nonmatching",0,509,"L2n",3,"d","k","Ass2"
16,99,"Dreieck.png","Fremder","Matching",1,1174,"L1m",1,"d","d","Ass2"
16,100,"Kreis.png","Ich","Matching",1,875,"L2m",4,"d","d","Ass2"
16,101,"Dreieck.png","Ich","Nonmatching",1,663,"L2n",3,"k","k","Ass2"
16,102,"Kreis.png","Ich","Matching",1,573,"L2m",4,"d","d","Ass2"
16,103,"Dreieck.png","Fremder","Matching",0,737,"L1m",1,"k","d","Ass2"
16,104,"Kreis.png","Fremder","Nonmatching",1,821,"L1n",2,"k","k","Ass2"
16,105,"Dreieck.png","Fremder","Matching",0,853,"L1m",1,"k","d","Ass2"
16,106,"Kreis.png","Fremder","Nonmatching",1,1634,"L1n",2,"k","k","Ass2"
16,107,"Kreis.png","Ich","Matching",1,891,"L2m",4,"d","d","Ass2"
16,108,"Dreieck.png","Ich","Nonmatching",1,1001,"L2n",3,"k","k","Ass2"
16,109,"Kreis.png","Fremder","Nonmatching",1,1149,"L1n",2,"k","k","Ass2"
16,110,"Dreieck.png","Ich","Nonmatching",1,687,"L2n",3,"k","k","Ass2"
16,111,"Kreis.png","Ich","Matching",1,1248,"L2m",4,"d","d","Ass2"
16,112,"Dreieck.png","Fremder","Matching",0,1351,"L1m",1,"k","d","Ass2"
16,113,"Dreieck.png","Fremder","Matching",1,826,"L1m",1,"d","d","Ass2"
16,114,"Dreieck.png","Ich","Nonmatching",1,690,"L2n",3,"k","k","Ass2"
16,115,"Kreis.png","Fremder","Nonmatching",1,1307,"L1n",2,"k","k","Ass2"
16,116,"Kreis.png","Ich","Matching",1,972,"L2m",4,"d","d","Ass2"
16,117,"Kreis.png","Ich","Matching",1,692,"L2m",4,"d","d","Ass2"
16,118,"Kreis.png","Fremder","Nonmatching",1,825,"L1n",2,"k","k","Ass2"
16,119,"Dreieck.png","Ich","Nonmatching",1,540,"L2n",3,"k","k","Ass2"
16,120,"Dreieck.png","Fremder","Matching",0,501,"L1m",1,"k","d","Ass2"
16,121,"Kreis.png","Ich","Matching",1,608,"L2m",4,"d","d","Ass2"
16,122,"Dreieck.png","Ich","Nonmatching",1,746,"L2n",3,"k","k","Ass2"
16,123,"Kreis.png","Fremder","Nonmatching",1,1379,"L1n",2,"k","k","Ass2"
16,124,"Dreieck.png","Fremder","Matching",0,802,"L1m",1,"k","d","Ass2"
16,125,"Dreieck.png","Fremder","Matching",1,1144,"L1m",1,"d","d","Ass2"
16,126,"Dreieck.png","Ich","Nonmatching",1,927,"L2n",3,"k","k","Ass2"
16,127,"Kreis.png","Fremder","Nonmatching",1,1063,"L1n",2,"k","k","Ass2"
16,128,"Kreis.png","Ich","Matching",1,574,"L2m",4,"d","d","Ass2"
17,1,"Dreieck.png","Ich","Nonmatching",1,692,"L2n",3,"k","k","Ass2"
17,2,"Dreieck.png","Fremder","Matching",1,1150,"L1m",1,"d","d","Ass2"
17,3,"Kreis.png","Fremder","Nonmatching",1,1101,"L1n",2,"k","k","Ass2"
17,4,"Kreis.png","Ich","Matching",1,796,"L2m",4,"d","d","Ass2"
17,5,"Dreieck.png","Fremder","Matching",0,1339,"L1m",1,"k","d","Ass2"
17,6,"Kreis.png","Fremder","Nonmatching",1,1019,"L1n",2,"k","k","Ass2"
17,7,"Dreieck.png","Ich","Nonmatching",1,784,"L2n",3,"k","k","Ass2"
17,8,"Kreis.png","Ich","Matching",1,675,"L2m",4,"d","d","Ass2"
17,9,"Dreieck.png","Ich","Nonmatching",1,911,"L2n",3,"k","k","Ass2"
17,10,"Kreis.png","Fremder","Nonmatching",1,1311,"L1n",2,"k","k","Ass2"
17,11,"Kreis.png","Ich","Matching",1,632,"L2m",4,"d","d","Ass2"
17,12,"Dreieck.png","Fremder","Matching",1,1091,"L1m",1,"d","d","Ass2"
17,13,"Dreieck.png","Fremder","Matching",0,1025,"L1m",1,"k","d","Ass2"
17,14,"Dreieck.png","Ich","Nonmatching",1,862,"L2n",3,"k","k","Ass2"
17,15,"Kreis.png","Fremder","Nonmatching",1,828,"L1n",2,"k","k","Ass2"
17,16,"Kreis.png","Ich","Matching",1,863,"L2m",4,"d","d","Ass2"
17,17,"Kreis.png","Fremder","Nonmatching",1,727,"L1n",2,"k","k","Ass2"
17,18,"Kreis.png","Ich","Matching",1,737,"L2m",4,"d","d","Ass2"
17,19,"Dreieck.png","Fremder","Matching",1,1279,"L1m",1,"d","d","Ass2"
17,20,"Dreieck.png","Ich","Nonmatching",1,1136,"L2n",3,"k","k","Ass2"
17,21,"Dreieck.png","Fremder","Matching",1,1199,"L1m",1,"d","d","Ass2"
17,22,"Kreis.png","Fremder","Nonmatching",1,1550,"L1n",2,"k","k","Ass2"
17,23,"Kreis.png","Ich","Matching",1,718,"L2m",4,"d","d","Ass2"
17,24,"Dreieck.png","Ich","Nonmatching",1,1034,"L2n",3,"k","k","Ass2"
17,25,"Kreis.png","Fremder","Nonmatching",1,1225,"L1n",2,"k","k","Ass2"
17,26,"Dreieck.png","Ich","Nonmatching",1,978,"L2n",3,"k","k","Ass2"
17,27,"Dreieck.png","Fremder","Matching",1,999,"L1m",1,"d","d","Ass2"
17,28,"Kreis.png","Ich","Matching",1,908,"L2m",4,"d","d","Ass2"
17,29,"Dreieck.png","Fremder","Matching",1,1110,"L1m",1,"d","d","Ass2"
17,30,"Dreieck.png","Ich","Nonmatching",1,992,"L2n",3,"k","k","Ass2"
17,31,"Kreis.png","Ich","Matching",1,811,"L2m",4,"d","d","Ass2"
17,32,"Kreis.png","Fremder","Nonmatching",1,922,"L1n",2,"k","k","Ass2"
17,33,"Kreis.png","Ich","Matching",1,760,"L2m",4,"d","d","Ass2"
17,34,"Dreieck.png","Fremder","Matching",1,1023,"L1m",1,"d","d","Ass2"
17,35,"Kreis.png","Fremder","Nonmatching",1,737,"L1n",2,"k","k","Ass2"
17,36,"Dreieck.png","Ich","Nonmatching",1,1360,"L2n",3,"k","k","Ass2"
17,37,"Dreieck.png","Ich","Nonmatching",1,783,"L2n",3,"k","k","Ass2"
17,38,"Kreis.png","Fremder","Nonmatching",1,1009,"L1n",2,"k","k","Ass2"
17,39,"Dreieck.png","Fremder","Matching",1,1022,"L1m",1,"d","d","Ass2"
17,40,"Kreis.png","Ich","Matching",1,656,"L2m",4,"d","d","Ass2"
17,41,"Dreieck.png","Fremder","Matching",1,1156,"L1m",1,"d","d","Ass2"
17,42,"Kreis.png","Fremder","Nonmatching",1,867,"L1n",2,"k","k","Ass2"
17,43,"Dreieck.png","Ich","Nonmatching",1,1182,"L2n",3,"k","k","Ass2"
17,44,"Kreis.png","Ich","Matching",1,793,"L2m",4,"d","d","Ass2"
17,45,"Dreieck.png","Ich","Nonmatching",1,1050,"L2n",3,"k","k","Ass2"
17,46,"Kreis.png","Ich","Matching",1,756,"L2m",4,"d","d","Ass2"
17,47,"Kreis.png","Fremder","Nonmatching",1,1408,"L1n",2,"k","k","Ass2"
17,48,"Dreieck.png","Fremder","Matching",1,1581,"L1m",1,"d","d","Ass2"
17,49,"Kreis.png","Fremder","Nonmatching",1,1001,"L1n",2,"k","k","Ass2"
17,50,"Dreieck.png","Fremder","Matching",1,695,"L1m",1,"d","d","Ass2"
17,51,"Dreieck.png","Ich","Nonmatching",1,907,"L2n",3,"k","k","Ass2"
17,52,"Kreis.png","Ich","Matching",1,684,"L2m",4,"d","d","Ass2"
17,53,"Kreis.png","Ich","Matching",1,661,"L2m",4,"d","d","Ass2"
17,54,"Kreis.png","Fremder","Nonmatching",1,835,"L1n",2,"k","k","Ass2"
17,55,"Dreieck.png","Ich","Nonmatching",1,863,"L2n",3,"k","k","Ass2"
17,56,"Dreieck.png","Fremder","Matching",1,705,"L1m",1,"d","d","Ass2"
17,57,"Kreis.png","Fremder","Nonmatching",1,709,"L1n",2,"k","k","Ass2"
17,58,"Dreieck.png","Ich","Nonmatching",1,766,"L2n",3,"k","k","Ass2"
17,59,"Kreis.png","Ich","Matching",1,714,"L2m",4,"d","d","Ass2"
17,60,"Dreieck.png","Fremder","Matching",0,1324,"L1m",1,"k","d","Ass2"
17,61,"Kreis.png","Ich","Matching",1,610,"L2m",4,"d","d","Ass2"
17,62,"Dreieck.png","Fremder","Matching",1,1348,"L1m",1,"d","d","Ass2"
17,63,"Kreis.png","Fremder","Nonmatching",1,708,"L1n",2,"k","k","Ass2"
17,64,"Dreieck.png","Ich","Nonmatching",1,780,"L2n",3,"k","k","Ass2"
17,65,"Kreis.png","Ich","Matching",1,546,"L2m",4,"d","d","Ass2"
17,66,"Dreieck.png","Fremder","Matching",1,1104,"L1m",1,"d","d","Ass2"
17,67,"Kreis.png","Fremder","Nonmatching",1,738,"L1n",2,"k","k","Ass2"
17,68,"Dreieck.png","Ich","Nonmatching",1,790,"L2n",3,"k","k","Ass2"
17,69,"Kreis.png","Fremder","Nonmatching",1,739,"L1n",2,"k","k","Ass2"
17,70,"Kreis.png","Ich","Matching",1,611,"L2m",4,"d","d","Ass2"
17,71,"Dreieck.png","Fremder","Matching",1,986,"L1m",1,"d","d","Ass2"
17,72,"Dreieck.png","Ich","Nonmatching",1,622,"L2n",3,"k","k","Ass2"
17,73,"Kreis.png","Fremder","Nonmatching",1,610,"L1n",2,"k","k","Ass2"
17,74,"Dreieck.png","Ich","Nonmatching",1,1018,"L2n",3,"k","k","Ass2"
17,75,"Dreieck.png","Fremder","Matching",1,893,"L1m",1,"d","d","Ass2"
17,76,"Kreis.png","Ich","Matching",1,724,"L2m",4,"d","d","Ass2"
17,77,"Dreieck.png","Fremder","Matching",1,699,"L1m",1,"d","d","Ass2"
17,78,"Kreis.png","Ich","Matching",1,627,"L2m",4,"d","d","Ass2"
17,79,"Kreis.png","Fremder","Nonmatching",1,755,"L1n",2,"k","k","Ass2"
17,80,"Dreieck.png","Ich","Nonmatching",1,728,"L2n",3,"k","k","Ass2"
17,81,"Dreieck.png","Fremder","Matching",1,1023,"L1m",1,"d","d","Ass2"
17,82,"Dreieck.png","Ich","Nonmatching",1,704,"L2n",3,"k","k","Ass2"
17,83,"Kreis.png","Fremder","Nonmatching",1,1010,"L1n",2,"k","k","Ass2"
17,84,"Kreis.png","Ich","Matching",1,847,"L2m",4,"d","d","Ass2"
17,85,"Kreis.png","Ich","Matching",1,576,"L2m",4,"d","d","Ass2"
17,86,"Dreieck.png","Fremder","Matching",0,660,"L1m",1,"k","d","Ass2"
17,87,"Kreis.png","Fremder","Nonmatching",1,1299,"L1n",2,"k","k","Ass2"
17,88,"Dreieck.png","Ich","Nonmatching",1,796,"L2n",3,"k","k","Ass2"
17,89,"Kreis.png","Fremder","Nonmatching",1,641,"L1n",2,"k","k","Ass2"
17,90,"Dreieck.png","Ich","Nonmatching",1,887,"L2n",3,"k","k","Ass2"
17,91,"Kreis.png","Ich","Matching",1,688,"L2m",4,"d","d","Ass2"
17,92,"Dreieck.png","Fremder","Matching",1,757,"L1m",1,"d","d","Ass2"
17,93,"Dreieck.png","Ich","Nonmatching",1,926,"L2n",3,"k","k","Ass2"
17,94,"Kreis.png","Fremder","Nonmatching",1,684,"L1n",2,"k","k","Ass2"
17,95,"Kreis.png","Ich","Matching",1,604,"L2m",4,"d","d","Ass2"
17,96,"Dreieck.png","Fremder","Matching",1,928,"L1m",1,"d","d","Ass2"
17,97,"Kreis.png","Fremder","Nonmatching",1,1037,"L1n",2,"k","k","Ass2"
17,98,"Dreieck.png","Ich","Nonmatching",1,778,"L2n",3,"k","k","Ass2"
17,99,"Dreieck.png","Fremder","Matching",1,783,"L1m",1,"d","d","Ass2"
17,100,"Kreis.png","Ich","Matching",1,508,"L2m",4,"d","d","Ass2"
17,101,"Dreieck.png","Ich","Nonmatching",1,1077,"L2n",3,"k","k","Ass2"
17,102,"Kreis.png","Ich","Matching",1,668,"L2m",4,"d","d","Ass2"
17,103,"Dreieck.png","Fremder","Matching",1,810,"L1m",1,"d","d","Ass2"
17,104,"Kreis.png","Fremder","Nonmatching",1,969,"L1n",2,"k","k","Ass2"
17,105,"Dreieck.png","Ich","Nonmatching",1,858,"L2n",3,"k","k","Ass2"
17,106,"Kreis.png","Ich","Matching",1,642,"L2m",4,"d","d","Ass2"
17,107,"Kreis.png","Fremder","Nonmatching",1,711,"L1n",2,"k","k","Ass2"
17,108,"Dreieck.png","Fremder","Matching",1,1177,"L1m",1,"d","d","Ass2"
17,109,"Dreieck.png","Fremder","Matching",1,1209,"L1m",1,"d","d","Ass2"
17,110,"Kreis.png","Fremder","Nonmatching",1,647,"L1n",2,"k","k","Ass2"
17,111,"Dreieck.png","Ich","Nonmatching",1,800,"L2n",3,"k","k","Ass2"
17,112,"Kreis.png","Ich","Matching",0,1432,"L2m",4,"k","d","Ass2"
17,113,"Kreis.png","Ich","Matching",1,626,"L2m",4,"d","d","Ass2"
17,114,"Dreieck.png","Ich","Nonmatching",1,551,"L2n",3,"k","k","Ass2"
17,115,"Kreis.png","Fremder","Nonmatching",1,886,"L1n",2,"k","k","Ass2"
17,116,"Dreieck.png","Fremder","Matching",1,874,"L1m",1,"d","d","Ass2"
17,117,"Kreis.png","Ich","Matching",1,642,"L2m",4,"d","d","Ass2"
17,118,"Dreieck.png","Fremder","Matching",1,736,"L1m",1,"d","d","Ass2"
17,119,"Kreis.png","Fremder","Nonmatching",1,706,"L1n",2,"k","k","Ass2"
17,120,"Dreieck.png","Ich","Nonmatching",1,763,"L2n",3,"k","k","Ass2"
17,121,"Dreieck.png","Fremder","Matching",1,903,"L1m",1,"d","d","Ass2"
17,122,"Kreis.png","Ich","Matching",1,575,"L2m",4,"d","d","Ass2"
17,123,"Kreis.png","Fremder","Nonmatching",1,1028,"L1n",2,"k","k","Ass2"
17,124,"Dreieck.png","Ich","Nonmatching",1,786,"L2n",3,"k","k","Ass2"
17,125,"Kreis.png","Fremder","Nonmatching",1,869,"L1n",2,"k","k","Ass2"
17,126,"Dreieck.png","Ich","Nonmatching",1,1048,"L2n",3,"k","k","Ass2"
17,127,"Kreis.png","Ich","Matching",1,768,"L2m",4,"d","d","Ass2"
17,128,"Dreieck.png","Fremder","Matching",1,724,"L1m",1,"d","d","Ass2"
18,1,"Kreis.png","Ich","Nonmatching",1,841,"L1n",2,"k","k","Ass1"
18,2,"Dreieck.png","Fremder","Nonmatching",1,1429,"L2n",3,"k","k","Ass1"
18,3,"Dreieck.png","Ich","Matching",1,701,"L1m",1,"d","d","Ass1"
18,4,"Kreis.png","Fremder","Matching",0,477,"L2m",4,"k","d","Ass1"
18,5,"Kreis.png","Fremder","Matching",1,1663,"L2m",4,"d","d","Ass1"
18,6,"Dreieck.png","Fremder","Nonmatching",1,670,"L2n",3,"k","k","Ass1"
18,7,"Dreieck.png","Ich","Matching",1,436,"L1m",1,"d","d","Ass1"
18,8,"Kreis.png","Ich","Nonmatching",1,718,"L1n",2,"k","k","Ass1"
18,9,"Kreis.png","Fremder","Matching",1,1279,"L2m",4,"d","d","Ass1"
18,10,"Dreieck.png","Ich","Matching",1,560,"L1m",1,"d","d","Ass1"
18,11,"Kreis.png","Ich","Nonmatching",1,935,"L1n",2,"k","k","Ass1"
18,12,"Dreieck.png","Fremder","Nonmatching",1,1511,"L2n",3,"k","k","Ass1"
18,13,"Dreieck.png","Fremder","Nonmatching",1,674,"L2n",3,"k","k","Ass1"
18,14,"Kreis.png","Fremder","Matching",0,755,"L2m",4,"k","d","Ass1"
18,15,"Dreieck.png","Ich","Matching",1,975,"L1m",1,"d","d","Ass1"
18,16,"Kreis.png","Ich","Nonmatching",1,1050,"L1n",2,"k","k","Ass1"
18,17,"Kreis.png","Fremder","Matching",1,898,"L2m",4,"d","d","Ass1"
18,18,"Dreieck.png","Ich","Matching",1,421,"L1m",1,"d","d","Ass1"
18,19,"Kreis.png","Ich","Nonmatching",1,786,"L1n",2,"k","k","Ass1"
18,20,"Dreieck.png","Fremder","Nonmatching",1,831,"L2n",3,"k","k","Ass1"
18,21,"Kreis.png","Fremder","Matching",1,834,"L2m",4,"d","d","Ass1"
18,22,"Dreieck.png","Ich","Matching",1,773,"L1m",1,"d","d","Ass1"
18,23,"Dreieck.png","Fremder","Nonmatching",1,678,"L2n",3,"k","k","Ass1"
18,24,"Kreis.png","Ich","Nonmatching",1,1425,"L1n",2,"k","k","Ass1"
18,25,"Dreieck.png","Ich","Matching",1,658,"L1m",1,"d","d","Ass1"
18,26,"Kreis.png","Fremder","Matching",1,1265,"L2m",4,"d","d","Ass1"
18,27,"Dreieck.png","Fremder","Nonmatching",1,1047,"L2n",3,"k","k","Ass1"
18,28,"Kreis.png","Ich","Nonmatching",1,1023,"L1n",2,"k","k","Ass1"
18,29,"Dreieck.png","Fremder","Nonmatching",1,758,"L2n",3,"k","k","Ass1"
18,30,"Kreis.png","Fremder","Matching",0,690,"L2m",4,"k","d","Ass1"
18,31,"Dreieck.png","Ich","Matching",1,764,"L1m",1,"d","d","Ass1"
18,32,"Kreis.png","Ich","Nonmatching",1,716,"L1n",2,"k","k","Ass1"
18,33,"Kreis.png","Fremder","Matching",1,1502,"L2m",4,"d","d","Ass1"
18,34,"Dreieck.png","Ich","Matching",1,548,"L1m",1,"d","d","Ass1"
18,35,"Kreis.png","Ich","Nonmatching",1,933,"L1n",2,"k","k","Ass1"
18,36,"Dreieck.png","Fremder","Nonmatching",1,1222,"L2n",3,"k","k","Ass1"
18,37,"Dreieck.png","Ich","Matching",1,587,"L1m",1,"d","d","Ass1"
18,38,"Kreis.png","Ich","Nonmatching",1,711,"L1n",2,"k","k","Ass1"
18,39,"Dreieck.png","Fremder","Nonmatching",1,790,"L2n",3,"k","k","Ass1"
18,40,"Kreis.png","Fremder","Matching",1,1350,"L2m",4,"d","d","Ass1"
18,41,"Kreis.png","Fremder","Matching",1,1162,"L2m",4,"d","d","Ass1"
18,42,"Kreis.png","Ich","Nonmatching",1,960,"L1n",2,"k","k","Ass1"
18,43,"Dreieck.png","Ich","Matching",1,481,"L1m",1,"d","d","Ass1"
18,44,"Dreieck.png","Fremder","Nonmatching",1,907,"L2n",3,"k","k","Ass1"
18,45,"Kreis.png","Ich","Nonmatching",1,615,"L1n",2,"k","k","Ass1"
18,46,"Kreis.png","Fremder","Matching",1,1023,"L2m",4,"d","d","Ass1"
18,47,"Dreieck.png","Ich","Matching",1,357,"L1m",1,"d","d","Ass1"
18,48,"Dreieck.png","Fremder","Nonmatching",1,956,"L2n",3,"k","k","Ass1"
18,49,"Dreieck.png","Fremder","Nonmatching",1,688,"L2n",3,"k","k","Ass1"
18,50,"Kreis.png","Fremder","Matching",1,986,"L2m",4,"d","d","Ass1"
18,51,"Dreieck.png","Ich","Matching",1,512,"L1m",1,"d","d","Ass1"
18,52,"Kreis.png","Ich","Nonmatching",1,889,"L1n",2,"k","k","Ass1"
18,53,"Dreieck.png","Ich","Matching",1,483,"L1m",1,"d","d","Ass1"
18,54,"Kreis.png","Fremder","Matching",1,745,"L2m",4,"d","d","Ass1"
18,55,"Dreieck.png","Fremder","Nonmatching",1,865,"L2n",3,"k","k","Ass1"
18,56,"Kreis.png","Ich","Nonmatching",1,1594,"L1n",2,"k","k","Ass1"
18,57,"Kreis.png","Ich","Nonmatching",1,626,"L1n",2,"k","k","Ass1"
18,58,"Kreis.png","Fremder","Matching",1,958,"L2m",4,"d","d","Ass1"
18,59,"Dreieck.png","Fremder","Nonmatching",1,624,"L2n",3,"k","k","Ass1"
18,60,"Dreieck.png","Ich","Matching",1,526,"L1m",1,"d","d","Ass1"
18,61,"Dreieck.png","Fremder","Nonmatching",1,839,"L2n",3,"k","k","Ass1"
18,62,"Kreis.png","Fremder","Matching",1,871,"L2m",4,"d","d","Ass1"
18,63,"Kreis.png","Ich","Nonmatching",1,1276,"L1n",2,"k","k","Ass1"
18,64,"Dreieck.png","Ich","Matching",1,426,"L1m",1,"d","d","Ass1"
18,65,"Dreieck.png","Ich","Matching",1,468,"L1m",1,"d","d","Ass1"
18,66,"Kreis.png","Ich","Nonmatching",1,818,"L1n",2,"k","k","Ass1"
18,67,"Kreis.png","Fremder","Matching",1,380,"L2m",4,"d","d","Ass1"
18,68,"Dreieck.png","Fremder","Nonmatching",1,930,"L2n",3,"k","k","Ass1"
18,69,"Dreieck.png","Ich","Matching",1,507,"L1m",1,"d","d","Ass1"
18,70,"Kreis.png","Fremder","Matching",1,1301,"L2m",4,"d","d","Ass1"
18,71,"Dreieck.png","Fremder","Nonmatching",1,800,"L2n",3,"k","k","Ass1"
18,72,"Kreis.png","Ich","Nonmatching",1,704,"L1n",2,"k","k","Ass1"
18,73,"Dreieck.png","Fremder","Nonmatching",1,878,"L2n",3,"k","k","Ass1"
18,74,"Kreis.png","Fremder","Matching",0,790,"L2m",4,"k","d","Ass1"
18,75,"Kreis.png","Ich","Nonmatching",1,810,"L1n",2,"k","k","Ass1"
18,76,"Dreieck.png","Ich","Matching",1,641,"L1m",1,"d","d","Ass1"
18,77,"Dreieck.png","Ich","Matching",1,577,"L1m",1,"d","d","Ass1"
18,78,"Kreis.png","Ich","Nonmatching",1,776,"L1n",2,"k","k","Ass1"
18,79,"Dreieck.png","Fremder","Nonmatching",1,679,"L2n",3,"k","k","Ass1"
18,80,"Kreis.png","Fremder","Matching",1,1014,"L2m",4,"d","d","Ass1"
18,81,"Kreis.png","Ich","Nonmatching",1,784,"L1n",2,"k","k","Ass1"
18,82,"Kreis.png","Fremder","Matching",1,739,"L2m",4,"d","d","Ass1"
18,83,"Dreieck.png","Ich","Matching",1,531,"L1m",1,"d","d","Ass1"
18,84,"Dreieck.png","Fremder","Nonmatching",1,672,"L2n",3,"k","k","Ass1"
18,85,"Dreieck.png","Ich","Matching",1,594,"L1m",1,"d","d","Ass1"
18,86,"Kreis.png","Ich","Nonmatching",1,695,"L1n",2,"k","k","Ass1"
18,87,"Dreieck.png","Fremder","Nonmatching",1,789,"L2n",3,"k","k","Ass1"
18,88,"Kreis.png","Fremder","Matching",1,679,"L2m",4,"d","d","Ass1"
18,89,"Dreieck.png","Fremder","Nonmatching",1,552,"L2n",3,"k","k","Ass1"
18,90,"Dreieck.png","Ich","Matching",1,416,"L1m",1,"d","d","Ass1"
18,91,"Kreis.png","Fremder","Matching",1,791,"L2m",4,"d","d","Ass1"
18,92,"Kreis.png","Ich","Nonmatching",1,601,"L1n",2,"k","k","Ass1"
18,93,"Kreis.png","Ich","Nonmatching",1,675,"L1n",2,"k","k","Ass1"
18,94,"Dreieck.png","Ich","Matching",1,622,"L1m",1,"d","d","Ass1"
18,95,"Kreis.png","Fremder","Matching",1,850,"L2m",4,"d","d","Ass1"
18,96,"Dreieck.png","Fremder","Nonmatching",1,616,"L2n",3,"k","k","Ass1"
18,97,"Dreieck.png","Fremder","Nonmatching",1,629,"L2n",3,"k","k","Ass1"
18,98,"Kreis.png","Fremder","Matching",0,774,"L2m",4,"k","d","Ass1"
18,99,"Dreieck.png","Ich","Matching",1,362,"L1m",1,"d","d","Ass1"
18,100,"Kreis.png","Ich","Nonmatching",1,1204,"L1n",2,"k","k","Ass1"
18,101,"Kreis.png","Ich","Nonmatching",1,621,"L1n",2,"k","k","Ass1"
18,102,"Dreieck.png","Ich","Matching",1,608,"L1m",1,"d","d","Ass1"
18,103,"Dreieck.png","Fremder","Nonmatching",1,599,"L2n",3,"k","k","Ass1"
18,104,"Kreis.png","Fremder","Matching",1,545,"L2m",4,"d","d","Ass1"
18,105,"Dreieck.png","Fremder","Nonmatching",1,704,"L2n",3,"k","k","Ass1"
18,106,"Kreis.png","Fremder","Matching",1,967,"L2m",4,"d","d","Ass1"
18,107,"Kreis.png","Ich","Nonmatching",1,538,"L1n",2,"k","k","Ass1"
18,108,"Dreieck.png","Ich","Matching",1,375,"L1m",1,"d","d","Ass1"
18,109,"Kreis.png","Ich","Nonmatching",1,564,"L1n",2,"k","k","Ass1"
18,110,"Dreieck.png","Ich","Matching",1,513,"L1m",1,"d","d","Ass1"
18,111,"Dreieck.png","Fremder","Nonmatching",1,626,"L2n",3,"k","k","Ass1"
18,112,"Kreis.png","Fremder","Matching",0,474,"L2m",4,"k","d","Ass1"
18,113,"Dreieck.png","Ich","Matching",1,435,"L1m",1,"d","d","Ass1"
18,114,"Kreis.png","Fremder","Matching",1,407,"L2m",4,"d","d","Ass1"
18,115,"Kreis.png","Ich","Nonmatching",1,766,"L1n",2,"k","k","Ass1"
18,116,"Dreieck.png","Fremder","Nonmatching",1,716,"L2n",3,"k","k","Ass1"
18,117,"Dreieck.png","Ich","Matching",1,586,"L1m",1,"d","d","Ass1"
18,118,"Kreis.png","Fremder","Matching",1,661,"L2m",4,"d","d","Ass1"
18,119,"Kreis.png","Ich","Nonmatching",1,595,"L1n",2,"k","k","Ass1"
18,120,"Dreieck.png","Fremder","Nonmatching",1,796,"L2n",3,"k","k","Ass1"
18,121,"Kreis.png","Fremder","Matching",1,665,"L2m",4,"d","d","Ass1"
18,122,"Dreieck.png","Ich","Matching",1,418,"L1m",1,"d","d","Ass1"
18,123,"Dreieck.png","Fremder","Nonmatching",1,824,"L2n",3,"k","k","Ass1"
18,124,"Kreis.png","Ich","Nonmatching",1,571,"L1n",2,"k","k","Ass1"
18,125,"Dreieck.png","Ich","Matching",1,571,"L1m",1,"d","d","Ass1"
18,126,"Kreis.png","Fremder","Matching",1,847,"L2m",4,"d","d","Ass1"
18,127,"Dreieck.png","Fremder","Nonmatching",1,836,"L2n",3,"k","k","Ass1"
18,128,"Kreis.png","Ich","Nonmatching",1,653,"L1n",2,"k","k","Ass1"
19,1,"Dreieck.png","Fremder","Nonmatching",1,3988,"L2n",3,"k","k","Ass1"
19,2,"Dreieck.png","Ich","Matching",0,3163,"L1m",1,"k","d","Ass1"
19,3,"Kreis.png","Ich","Nonmatching",1,891,"L1n",2,"k","k","Ass1"
19,4,"Kreis.png","Fremder","Matching",0,799,"L2m",4,"k","d","Ass1"
19,5,"Kreis.png","Fremder","Matching",1,779,"L2m",4,"d","d","Ass1"
19,6,"Dreieck.png","Ich","Matching",1,1204,"L1m",1,"d","d","Ass1"
19,7,"Kreis.png","Ich","Nonmatching",1,766,"L1n",2,"k","k","Ass1"
19,8,"Dreieck.png","Fremder","Nonmatching",1,1593,"L2n",3,"k","k","Ass1"
19,9,"Kreis.png","Ich","Nonmatching",1,1196,"L1n",2,"k","k","Ass1"
19,10,"Dreieck.png","Ich","Matching",1,664,"L1m",1,"d","d","Ass1"
19,11,"Kreis.png","Fremder","Matching",1,1305,"L2m",4,"d","d","Ass1"
19,12,"Dreieck.png","Fremder","Nonmatching",1,847,"L2n",3,"k","k","Ass1"
19,13,"Dreieck.png","Ich","Matching",0,729,"L1m",1,"k","d","Ass1"
19,14,"Kreis.png","Fremder","Matching",1,1649,"L2m",4,"d","d","Ass1"
19,15,"Dreieck.png","Fremder","Nonmatching",1,844,"L2n",3,"k","k","Ass1"
19,16,"Kreis.png","Ich","Nonmatching",1,743,"L1n",2,"k","k","Ass1"
19,17,"Dreieck.png","Fremder","Nonmatching",1,726,"L2n",3,"k","k","Ass1"
19,18,"Kreis.png","Ich","Nonmatching",0,630,"L1n",2,"d","k","Ass1"
19,19,"Kreis.png","Fremder","Matching",1,1397,"L2m",4,"d","d","Ass1"
19,20,"Dreieck.png","Ich","Matching",1,769,"L1m",1,"d","d","Ass1"
19,21,"Dreieck.png","Ich","Matching",1,534,"L1m",1,"d","d","Ass1"
19,22,"Dreieck.png","Fremder","Nonmatching",1,935,"L2n",3,"k","k","Ass1"
19,23,"Kreis.png","Fremder","Matching",1,868,"L2m",4,"d","d","Ass1"
19,24,"Kreis.png","Ich","Nonmatching",1,1036,"L1n",2,"k","k","Ass1"
19,25,"Kreis.png","Fremder","Matching",1,958,"L2m",4,"d","d","Ass1"
19,26,"Dreieck.png","Fremder","Nonmatching",1,719,"L2n",3,"k","k","Ass1"
19,27,"Dreieck.png","Ich","Matching",1,416,"L1m",1,"d","d","Ass1"
19,28,"Kreis.png","Ich","Nonmatching",1,714,"L1n",2,"k","k","Ass1"
19,29,"Kreis.png","Ich","Nonmatching",1,1061,"L1n",2,"k","k","Ass1"
19,30,"Dreieck.png","Ich","Matching",1,676,"L1m",1,"d","d","Ass1"
19,31,"Dreieck.png","Fremder","Nonmatching",1,875,"L2n",3,"k","k","Ass1"
19,32,"Kreis.png","Fremder","Matching",1,551,"L2m",4,"d","d","Ass1"
19,33,"Kreis.png","Fremder","Matching",1,996,"L2m",4,"d","d","Ass1"
19,34,"Kreis.png","Ich","Nonmatching",1,1189,"L1n",2,"k","k","Ass1"
19,35,"Dreieck.png","Fremder","Nonmatching",1,610,"L2n",3,"k","k","Ass1"
19,36,"Dreieck.png","Ich","Matching",1,752,"L1m",1,"d","d","Ass1"
19,37,"Dreieck.png","Ich","Matching",1,645,"L1m",1,"d","d","Ass1"
19,38,"Kreis.png","Ich","Nonmatching",1,680,"L1n",2,"k","k","Ass1"
19,39,"Kreis.png","Fremder","Matching",1,1092,"L2m",4,"d","d","Ass1"
19,40,"Dreieck.png","Fremder","Nonmatching",1,692,"L2n",3,"k","k","Ass1"
19,41,"Kreis.png","Fremder","Matching",1,1120,"L2m",4,"d","d","Ass1"
19,42,"Dreieck.png","Ich","Matching",1,726,"L1m",1,"d","d","Ass1"
19,43,"Dreieck.png","Fremder","Nonmatching",1,1289,"L2n",3,"k","k","Ass1"
19,44,"Kreis.png","Ich","Nonmatching",1,815,"L1n",2,"k","k","Ass1"
19,45,"Kreis.png","Fremder","Matching",1,1051,"L2m",4,"d","d","Ass1"
19,46,"Dreieck.png","Fremder","Nonmatching",1,754,"L2n",3,"k","k","Ass1"
19,47,"Kreis.png","Ich","Nonmatching",1,814,"L1n",2,"k","k","Ass1"
19,48,"Dreieck.png","Ich","Matching",1,760,"L1m",1,"d","d","Ass1"
19,49,"Kreis.png","Ich","Nonmatching",1,797,"L1n",2,"k","k","Ass1"
19,50,"Dreieck.png","Fremder","Nonmatching",1,711,"L2n",3,"k","k","Ass1"
19,51,"Dreieck.png","Ich","Matching",1,573,"L1m",1,"d","d","Ass1"
19,52,"Kreis.png","Fremder","Matching",0,601,"L2m",4,"k","d","Ass1"
19,53,"Kreis.png","Fremder","Matching",1,637,"L2m",4,"d","d","Ass1"
19,54,"Dreieck.png","Fremder","Nonmatching",1,662,"L2n",3,"k","k","Ass1"
19,55,"Kreis.png","Ich","Nonmatching",1,746,"L1n",2,"k","k","Ass1"
19,56,"Dreieck.png","Ich","Matching",1,559,"L1m",1,"d","d","Ass1"
19,57,"Dreieck.png","Fremder","Nonmatching",1,531,"L2n",3,"k","k","Ass1"
19,58,"Kreis.png","Ich","Nonmatching",1,667,"L1n",2,"k","k","Ass1"
19,59,"Kreis.png","Fremder","Matching",1,732,"L2m",4,"d","d","Ass1"
19,60,"Dreieck.png","Ich","Matching",1,566,"L1m",1,"d","d","Ass1"
19,61,"Dreieck.png","Ich","Matching",1,547,"L1m",1,"d","d","Ass1"
19,62,"Kreis.png","Ich","Nonmatching",1,732,"L1n",2,"k","k","Ass1"
19,63,"Dreieck.png","Fremder","Nonmatching",1,991,"L2n",3,"k","k","Ass1"
19,64,"Kreis.png","Fremder","Matching",1,691,"L2m",4,"d","d","Ass1"
19,65,"Dreieck.png","Ich","Matching",1,686,"L1m",1,"d","d","Ass1"
19,66,"Dreieck.png","Fremder","Nonmatching",1,758,"L2n",3,"k","k","Ass1"
19,67,"Kreis.png","Fremder","Matching",1,1428,"L2m",4,"d","d","Ass1"
19,68,"Kreis.png","Ich","Nonmatching",1,955,"L1n",2,"k","k","Ass1"
19,69,"Dreieck.png","Fremder","Nonmatching",1,1015,"L2n",3,"k","k","Ass1"
19,70,"Kreis.png","Fremder","Matching",1,1017,"L2m",4,"d","d","Ass1"
19,71,"Kreis.png","Ich","Nonmatching",1,652,"L1n",2,"k","k","Ass1"
19,72,"Dreieck.png","Ich","Matching",1,1435,"L1m",1,"d","d","Ass1"
19,73,"Dreieck.png","Fremder","Nonmatching",1,938,"L2n",3,"k","k","Ass1"
19,74,"Dreieck.png","Ich","Matching",1,837,"L1m",1,"d","d","Ass1"
19,75,"Kreis.png","Ich","Nonmatching",1,779,"L1n",2,"k","k","Ass1"
19,76,"Kreis.png","Fremder","Matching",1,949,"L2m",4,"d","d","Ass1"
19,77,"Dreieck.png","Ich","Matching",1,927,"L1m",1,"d","d","Ass1"
19,78,"Kreis.png","Ich","Nonmatching",0,687,"L1n",2,"d","k","Ass1"
19,79,"Dreieck.png","Fremder","Nonmatching",1,879,"L2n",3,"k","k","Ass1"
19,80,"Kreis.png","Fremder","Matching",1,756,"L2m",4,"d","d","Ass1"
19,81,"Kreis.png","Fremder","Matching",1,744,"L2m",4,"d","d","Ass1"
19,82,"Dreieck.png","Ich","Matching",1,709,"L1m",1,"d","d","Ass1"
19,83,"Dreieck.png","Fremder","Nonmatching",1,676,"L2n",3,"k","k","Ass1"
19,84,"Kreis.png","Ich","Nonmatching",1,827,"L1n",2,"k","k","Ass1"
19,85,"Kreis.png","Fremder","Matching",1,994,"L2m",4,"d","d","Ass1"
19,86,"Dreieck.png","Ich","Matching",1,766,"L1m",1,"d","d","Ass1"
19,87,"Dreieck.png","Fremder","Nonmatching",1,638,"L2n",3,"k","k","Ass1"
19,88,"Kreis.png","Ich","Nonmatching",1,997,"L1n",2,"k","k","Ass1"
19,89,"Dreieck.png","Ich","Matching",1,685,"L1m",1,"d","d","Ass1"
19,90,"Dreieck.png","Fremder","Nonmatching",1,516,"L2n",3,"k","k","Ass1"
19,91,"Kreis.png","Fremder","Matching",1,553,"L2m",4,"d","d","Ass1"
19,92,"Kreis.png","Ich","Nonmatching",1,680,"L1n",2,"k","k","Ass1"
19,93,"Dreieck.png","Fremder","Nonmatching",1,849,"L2n",3,"k","k","Ass1"
19,94,"Kreis.png","Ich","Nonmatching",1,710,"L1n",2,"k","k","Ass1"
19,95,"Dreieck.png","Ich","Matching",1,612,"L1m",1,"d","d","Ass1"
19,96,"Kreis.png","Fremder","Matching",1,696,"L2m",4,"d","d","Ass1"
19,97,"Dreieck.png","Fremder","Nonmatching",1,919,"L2n",3,"k","k","Ass1"
19,98,"Kreis.png","Fremder","Matching",1,820,"L2m",4,"d","d","Ass1"
19,99,"Dreieck.png","Ich","Matching",1,763,"L1m",1,"d","d","Ass1"
19,100,"Kreis.png","Ich","Nonmatching",1,702,"L1n",2,"k","k","Ass1"
19,101,"Kreis.png","Ich","Nonmatching",1,681,"L1n",2,"k","k","Ass1"
19,102,"Dreieck.png","Fremder","Nonmatching",1,760,"L2n",3,"k","k","Ass1"
19,103,"Dreieck.png","Ich","Matching",1,818,"L1m",1,"d","d","Ass1"
19,104,"Kreis.png","Fremder","Matching",1,595,"L2m",4,"d","d","Ass1"
19,105,"Dreieck.png","Ich","Matching",1,743,"L1m",1,"d","d","Ass1"
19,106,"Kreis.png","Ich","Nonmatching",1,626,"L1n",2,"k","k","Ass1"
19,107,"Kreis.png","Fremder","Matching",1,841,"L2m",4,"d","d","Ass1"
19,108,"Dreieck.png","Fremder","Nonmatching",1,603,"L2n",3,"k","k","Ass1"
19,109,"Kreis.png","Fremder","Matching",1,581,"L2m",4,"d","d","Ass1"
19,110,"Kreis.png","Ich","Nonmatching",0,578,"L1n",2,"d","k","Ass1"
19,111,"Dreieck.png","Ich","Matching",1,717,"L1m",1,"d","d","Ass1"
19,112,"Dreieck.png","Fremder","Nonmatching",1,626,"L2n",3,"k","k","Ass1"
19,113,"Kreis.png","Fremder","Matching",1,619,"L2m",4,"d","d","Ass1"
19,114,"Dreieck.png","Fremder","Nonmatching",1,586,"L2n",3,"k","k","Ass1"
19,115,"Kreis.png","Ich","Nonmatching",1,598,"L1n",2,"k","k","Ass1"
19,116,"Dreieck.png","Ich","Matching",1,481,"L1m",1,"d","d","Ass1"
19,117,"Kreis.png","Fremder","Matching",1,617,"L2m",4,"d","d","Ass1"
19,118,"Kreis.png","Ich","Nonmatching",1,715,"L1n",2,"k","k","Ass1"
19,119,"Dreieck.png","Ich","Matching",1,652,"L1m",1,"d","d","Ass1"
19,120,"Dreieck.png","Fremder","Nonmatching",1,653,"L2n",3,"k","k","Ass1"
19,121,"Kreis.png","Ich","Nonmatching",1,661,"L1n",2,"k","k","Ass1"
19,122,"Dreieck.png","Ich","Matching",1,618,"L1m",1,"d","d","Ass1"
19,123,"Kreis.png","Fremder","Matching",1,760,"L2m",4,"d","d","Ass1"
19,124,"Dreieck.png","Fremder","Nonmatching",1,632,"L2n",3,"k","k","Ass1"
19,125,"Dreieck.png","Ich","Matching",1,615,"L1m",1,"d","d","Ass1"
19,126,"Kreis.png","Ich","Nonmatching",1,640,"L1n",2,"k","k","Ass1"
19,127,"Dreieck.png","Fremder","Nonmatching",1,602,"L2n",3,"k","k","Ass1"
19,128,"Kreis.png","Fremder","Matching",1,600,"L2m",4,"d","d","Ass1"
20,1,"Dreieck.png","Fremder","Matching",1,1058,"L1m",1,"d","d","Ass2"
20,2,"Kreis.png","Fremder","Nonmatching",1,969,"L1n",2,"k","k","Ass2"
20,3,"Kreis.png","Ich","Matching",1,1015,"L2m",4,"d","d","Ass2"
20,4,"Dreieck.png","Ich","Nonmatching",1,796,"L2n",3,"k","k","Ass2"
20,5,"Kreis.png","Fremder","Nonmatching",1,746,"L1n",2,"k","k","Ass2"
20,6,"Kreis.png","Ich","Matching",1,863,"L2m",4,"d","d","Ass2"
20,7,"Dreieck.png","Fremder","Matching",0,1276,"L1m",1,"k","d","Ass2"
20,8,"Dreieck.png","Ich","Nonmatching",1,693,"L2n",3,"k","k","Ass2"
20,9,"Kreis.png","Ich","Matching",1,945,"L2m",4,"d","d","Ass2"
20,10,"Dreieck.png","Fremder","Matching",1,930,"L1m",1,"d","d","Ass2"
20,11,"Dreieck.png","Ich","Nonmatching",1,1048,"L2n",3,"k","k","Ass2"
20,12,"Kreis.png","Fremder","Nonmatching",1,903,"L1n",2,"k","k","Ass2"
20,13,"Kreis.png","Fremder","Nonmatching",1,752,"L1n",2,"k","k","Ass2"
20,14,"Kreis.png","Ich","Matching",1,945,"L2m",4,"d","d","Ass2"
20,15,"Dreieck.png","Ich","Nonmatching",1,1051,"L2n",3,"k","k","Ass2"
20,16,"Dreieck.png","Fremder","Matching",1,1575,"L1m",1,"d","d","Ass2"
20,17,"Dreieck.png","Fremder","Matching",1,2347,"L1m",1,"d","d","Ass2"
20,18,"Dreieck.png","Ich","Nonmatching",1,1132,"L2n",3,"k","k","Ass2"
20,19,"Kreis.png","Ich","Matching",1,1013,"L2m",4,"d","d","Ass2"
20,20,"Kreis.png","Fremder","Nonmatching",1,1196,"L1n",2,"k","k","Ass2"
20,21,"Dreieck.png","Ich","Nonmatching",1,1651,"L2n",3,"k","k","Ass2"
20,22,"Dreieck.png","Fremder","Matching",0,1427,"L1m",1,"k","d","Ass2"
20,23,"Kreis.png","Ich","Matching",1,822,"L2m",4,"d","d","Ass2"
20,24,"Kreis.png","Fremder","Nonmatching",1,1427,"L1n",2,"k","k","Ass2"
20,25,"Kreis.png","Fremder","Nonmatching",1,1039,"L1n",2,"k","k","Ass2"
20,26,"Dreieck.png","Ich","Nonmatching",1,1192,"L2n",3,"k","k","Ass2"
20,27,"Dreieck.png","Fremder","Matching",1,1042,"L1m",1,"d","d","Ass2"
20,28,"Kreis.png","Ich","Matching",1,546,"L2m",4,"d","d","Ass2"
20,29,"Kreis.png","Fremder","Nonmatching",1,1014,"L1n",2,"k","k","Ass2"
20,30,"Dreieck.png","Ich","Nonmatching",1,1031,"L2n",3,"k","k","Ass2"
20,31,"Kreis.png","Ich","Matching",1,866,"L2m",4,"d","d","Ass2"
20,32,"Dreieck.png","Fremder","Matching",1,1067,"L1m",1,"d","d","Ass2"
20,33,"Kreis.png","Fremder","Nonmatching",1,1347,"L1n",2,"k","k","Ass2"
20,34,"Dreieck.png","Ich","Nonmatching",1,1238,"L2n",3,"k","k","Ass2"
20,35,"Kreis.png","Ich","Matching",1,1034,"L2m",4,"d","d","Ass2"
20,36,"Dreieck.png","Fremder","Matching",1,1086,"L1m",1,"d","d","Ass2"
20,37,"Dreieck.png","Fremder","Matching",1,1125,"L1m",1,"d","d","Ass2"
20,38,"Dreieck.png","Ich","Nonmatching",1,1026,"L2n",3,"k","k","Ass2"
20,39,"Kreis.png","Fremder","Nonmatching",1,1191,"L1n",2,"k","k","Ass2"
20,40,"Kreis.png","Ich","Matching",1,900,"L2m",4,"d","d","Ass2"
20,41,"Kreis.png","Ich","Matching",1,899,"L2m",4,"d","d","Ass2"
20,42,"Dreieck.png","Ich","Nonmatching",1,1095,"L2n",3,"k","k","Ass2"
20,43,"Dreieck.png","Fremder","Matching",1,1584,"L1m",1,"d","d","Ass2"
20,44,"Kreis.png","Fremder","Nonmatching",1,1190,"L1n",2,"k","k","Ass2"
20,45,"Kreis.png","Ich","Matching",1,1014,"L2m",4,"d","d","Ass2"
20,46,"Kreis.png","Fremder","Nonmatching",1,660,"L1n",2,"k","k","Ass2"
20,47,"Dreieck.png","Ich","Nonmatching",1,1367,"L2n",3,"k","k","Ass2"
20,48,"Dreieck.png","Fremder","Matching",1,1072,"L1m",1,"d","d","Ass2"
20,49,"Dreieck.png","Ich","Nonmatching",1,765,"L2n",3,"k","k","Ass2"
20,50,"Kreis.png","Fremder","Nonmatching",1,867,"L1n",2,"k","k","Ass2"
20,51,"Dreieck.png","Fremder","Matching",1,1031,"L1m",1,"d","d","Ass2"
20,52,"Kreis.png","Ich","Matching",1,1289,"L2m",4,"d","d","Ass2"
20,53,"Dreieck.png","Ich","Nonmatching",1,1078,"L2n",3,"k","k","Ass2"
20,54,"Dreieck.png","Fremder","Matching",1,1637,"L1m",1,"d","d","Ass2"
20,55,"Kreis.png","Fremder","Nonmatching",1,1182,"L1n",2,"k","k","Ass2"
20,56,"Kreis.png","Ich","Matching",1,1002,"L2m",4,"d","d","Ass2"
20,57,"Dreieck.png","Ich","Nonmatching",1,1334,"L2n",3,"k","k","Ass2"
20,58,"Dreieck.png","Fremder","Matching",1,1924,"L1m",1,"d","d","Ass2"
20,59,"Kreis.png","Ich","Matching",1,514,"L2m",4,"d","d","Ass2"
20,60,"Kreis.png","Fremder","Nonmatching",1,765,"L1n",2,"k","k","Ass2"
20,61,"Dreieck.png","Ich","Nonmatching",1,931,"L2n",3,"k","k","Ass2"
20,62,"Kreis.png","Fremder","Nonmatching",1,762,"L1n",2,"k","k","Ass2"
20,63,"Dreieck.png","Fremder","Matching",1,1490,"L1m",1,"d","d","Ass2"
20,64,"Kreis.png","Ich","Matching",1,668,"L2m",4,"d","d","Ass2"
20,65,"Kreis.png","Ich","Matching",1,1184,"L2m",4,"d","d","Ass2"
20,66,"Kreis.png","Fremder","Nonmatching",1,1278,"L1n",2,"k","k","Ass2"
20,67,"Dreieck.png","Ich","Nonmatching",1,1773,"L2n",3,"k","k","Ass2"
20,68,"Dreieck.png","Fremder","Matching",1,893,"L1m",1,"d","d","Ass2"
20,69,"Kreis.png","Ich","Matching",1,922,"L2m",4,"d","d","Ass2"
20,70,"Dreieck.png","Fremder","Matching",1,861,"L1m",1,"d","d","Ass2"
20,71,"Dreieck.png","Ich","Nonmatching",1,881,"L2n",3,"k","k","Ass2"
20,72,"Kreis.png","Fremder","Nonmatching",1,1122,"L1n",2,"k","k","Ass2"
20,73,"Kreis.png","Ich","Matching",1,790,"L2m",4,"d","d","Ass2"
20,74,"Dreieck.png","Fremder","Matching",1,894,"L1m",1,"d","d","Ass2"
20,75,"Dreieck.png","Ich","Nonmatching",1,1021,"L2n",3,"k","k","Ass2"
20,76,"Kreis.png","Fremder","Nonmatching",1,1201,"L1n",2,"k","k","Ass2"
20,77,"Kreis.png","Fremder","Nonmatching",1,770,"L1n",2,"k","k","Ass2"
20,78,"Dreieck.png","Ich","Nonmatching",1,1159,"L2n",3,"k","k","Ass2"
20,79,"Dreieck.png","Fremder","Matching",1,1565,"L1m",1,"d","d","Ass2"
20,80,"Kreis.png","Ich","Matching",1,915,"L2m",4,"d","d","Ass2"
20,81,"Kreis.png","Fremder","Nonmatching",1,735,"L1n",2,"k","k","Ass2"
20,82,"Dreieck.png","Fremder","Matching",1,839,"L1m",1,"d","d","Ass2"
20,83,"Kreis.png","Ich","Matching",1,658,"L2m",4,"d","d","Ass2"
20,84,"Dreieck.png","Ich","Nonmatching",1,1317,"L2n",3,"k","k","Ass2"
20,85,"Dreieck.png","Ich","Nonmatching",1,2181,"L2n",3,"k","k","Ass2"
20,86,"Dreieck.png","Fremder","Matching",1,738,"L1m",1,"d","d","Ass2"
20,87,"Kreis.png","Ich","Matching",1,622,"L2m",4,"d","d","Ass2"
20,88,"Kreis.png","Fremder","Nonmatching",1,637,"L1n",2,"k","k","Ass2"
20,89,"Dreieck.png","Ich","Nonmatching",1,1080,"L2n",3,"k","k","Ass2"
20,90,"Dreieck.png","Fremder","Matching",1,739,"L1m",1,"d","d","Ass2"
20,91,"Kreis.png","Ich","Matching",1,715,"L2m",4,"d","d","Ass2"
20,92,"Kreis.png","Fremder","Nonmatching",1,1038,"L1n",2,"k","k","Ass2"
20,93,"Kreis.png","Ich","Matching",1,643,"L2m",4,"d","d","Ass2"
20,94,"Dreieck.png","Fremder","Matching",1,1279,"L1m",1,"d","d","Ass2"
20,95,"Dreieck.png","Ich","Nonmatching",1,982,"L2n",3,"k","k","Ass2"
20,96,"Kreis.png","Fremder","Nonmatching",1,592,"L1n",2,"k","k","Ass2"
20,97,"Dreieck.png","Ich","Nonmatching",1,694,"L2n",3,"k","k","Ass2"
20,98,"Kreis.png","Ich","Matching",1,658,"L2m",4,"d","d","Ass2"
20,99,"Kreis.png","Fremder","Nonmatching",1,1440,"L1n",2,"k","k","Ass2"
20,100,"Dreieck.png","Fremder","Matching",1,436,"L1m",1,"d","d","Ass2"
20,101,"Dreieck.png","Fremder","Matching",1,830,"L1m",1,"d","d","Ass2"
20,102,"Kreis.png","Fremder","Nonmatching",1,868,"L1n",2,"k","k","Ass2"
20,103,"Dreieck.png","Ich","Nonmatching",1,1020,"L2n",3,"k","k","Ass2"
20,104,"Kreis.png","Ich","Matching",1,1041,"L2m",4,"d","d","Ass2"
20,105,"Kreis.png","Fremder","Nonmatching",1,591,"L1n",2,"k","k","Ass2"
20,106,"Dreieck.png","Ich","Nonmatching",1,1579,"L2n",3,"k","k","Ass2"
20,107,"Kreis.png","Ich","Matching",1,563,"L2m",4,"d","d","Ass2"
20,108,"Dreieck.png","Fremder","Matching",1,1117,"L1m",1,"d","d","Ass2"
20,109,"Dreieck.png","Fremder","Matching",1,740,"L1m",1,"d","d","Ass2"
20,110,"Kreis.png","Ich","Matching",1,558,"L2m",4,"d","d","Ass2"
20,111,"Kreis.png","Fremder","Nonmatching",1,668,"L1n",2,"k","k","Ass2"
20,112,"Dreieck.png","Ich","Nonmatching",1,1011,"L2n",3,"k","k","Ass2"
20,113,"Dreieck.png","Ich","Nonmatching",1,712,"L2n",3,"k","k","Ass2"
20,114,"Kreis.png","Ich","Matching",1,628,"L2m",4,"d","d","Ass2"
20,115,"Dreieck.png","Fremder","Matching",1,1028,"L1m",1,"d","d","Ass2"
20,116,"Kreis.png","Fremder","Nonmatching",1,826,"L1n",2,"k","k","Ass2"
20,117,"Dreieck.png","Fremder","Matching",1,1163,"L1m",1,"d","d","Ass2"
20,118,"Kreis.png","Ich","Matching",1,537,"L2m",4,"d","d","Ass2"
20,119,"Dreieck.png","Ich","Nonmatching",1,1119,"L2n",3,"k","k","Ass2"
20,120,"Kreis.png","Fremder","Nonmatching",1,714,"L1n",2,"k","k","Ass2"
20,121,"Dreieck.png","Fremder","Matching",1,1087,"L1m",1,"d","d","Ass2"
20,122,"Kreis.png","Fremder","Nonmatching",1,1564,"L1n",2,"k","k","Ass2"
20,123,"Dreieck.png","Ich","Nonmatching",1,1999,"L2n",3,"k","k","Ass2"
20,124,"Kreis.png","Ich","Matching",1,642,"L2m",4,"d","d","Ass2"
20,125,"Kreis.png","Ich","Matching",1,940,"L2m",4,"d","d","Ass2"
20,126,"Kreis.png","Fremder","Nonmatching",1,557,"L1n",2,"k","k","Ass2"
20,127,"Dreieck.png","Ich","Nonmatching",1,1057,"L2n",3,"k","k","Ass2"
20,128,"Dreieck.png","Fremder","Matching",1,884,"L1m",1,"d","d","Ass2"
22,1,"Kreis.png","Ich","Nonmatching",1,1208,"L1n",2,"k","k","Ass1"
22,2,"Dreieck.png","Ich","Matching",1,702,"L1m",1,"d","d","Ass1"
22,3,"Kreis.png","Fremder","Matching",1,2054,"L2m",4,"d","d","Ass1"
22,4,"Dreieck.png","Fremder","Nonmatching",1,1305,"L2n",3,"k","k","Ass1"
22,5,"Kreis.png","Ich","Nonmatching",0,687,"L1n",2,"d","k","Ass1"
22,6,"Kreis.png","Fremder","Matching",1,2392,"L2m",4,"d","d","Ass1"
22,7,"Dreieck.png","Fremder","Nonmatching",0,2368,"L2n",3,"d","k","Ass1"
22,8,"Dreieck.png","Ich","Matching",1,607,"L1m",1,"d","d","Ass1"
22,9,"Kreis.png","Ich","Nonmatching",1,781,"L1n",2,"k","k","Ass1"
22,10,"Dreieck.png","Ich","Matching",1,1017,"L1m",1,"d","d","Ass1"
22,11,"Dreieck.png","Fremder","Nonmatching",1,822,"L2n",3,"k","k","Ass1"
22,12,"Kreis.png","Fremder","Matching",1,1141,"L2m",4,"d","d","Ass1"
22,13,"Dreieck.png","Fremder","Nonmatching",1,2272,"L2n",3,"k","k","Ass1"
22,14,"Dreieck.png","Ich","Matching",1,658,"L1m",1,"d","d","Ass1"
22,15,"Kreis.png","Ich","Nonmatching",1,1442,"L1n",2,"k","k","Ass1"
22,16,"Kreis.png","Fremder","Matching",1,1037,"L2m",4,"d","d","Ass1"
22,17,"Dreieck.png","Fremder","Nonmatching",1,1073,"L2n",3,"k","k","Ass1"
22,18,"Dreieck.png","Ich","Matching",1,402,"L1m",1,"d","d","Ass1"
22,19,"Kreis.png","Fremder","Matching",1,1944,"L2m",4,"d","d","Ass1"
22,20,"Kreis.png","Ich","Nonmatching",1,953,"L1n",2,"k","k","Ass1"
22,21,"Kreis.png","Fremder","Matching",1,1301,"L2m",4,"d","d","Ass1"
22,22,"Dreieck.png","Fremder","Nonmatching",1,1252,"L2n",3,"k","k","Ass1"
22,23,"Kreis.png","Ich","Nonmatching",1,1799,"L1n",2,"k","k","Ass1"
22,24,"Dreieck.png","Ich","Matching",1,587,"L1m",1,"d","d","Ass1"
22,25,"Dreieck.png","Ich","Matching",1,1160,"L1m",1,"d","d","Ass1"
22,26,"Kreis.png","Ich","Nonmatching",1,604,"L1n",2,"k","k","Ass1"
22,27,"Dreieck.png","Fremder","Nonmatching",1,1999,"L2n",3,"k","k","Ass1"
22,28,"Kreis.png","Fremder","Matching",1,1461,"L2m",4,"d","d","Ass1"
22,29,"Dreieck.png","Ich","Matching",1,632,"L1m",1,"d","d","Ass1"
22,30,"Dreieck.png","Fremder","Nonmatching",1,1566,"L2n",3,"k","k","Ass1"
22,31,"Kreis.png","Ich","Nonmatching",1,1077,"L1n",2,"k","k","Ass1"
22,32,"Kreis.png","Fremder","Matching",1,969,"L2m",4,"d","d","Ass1"
22,33,"Kreis.png","Ich","Nonmatching",1,1032,"L1n",2,"k","k","Ass1"
22,34,"Dreieck.png","Fremder","Nonmatching",1,1558,"L2n",3,"k","k","Ass1"
22,35,"Kreis.png","Fremder","Matching",1,1313,"L2m",4,"d","d","Ass1"
22,36,"Dreieck.png","Ich","Matching",1,862,"L1m",1,"d","d","Ass1"
22,37,"Dreieck.png","Fremder","Nonmatching",1,953,"L2n",3,"k","k","Ass1"
22,38,"Kreis.png","Fremder","Matching",1,765,"L2m",4,"d","d","Ass1"
22,39,"Dreieck.png","Ich","Matching",1,839,"L1m",1,"d","d","Ass1"
22,40,"Kreis.png","Ich","Nonmatching",1,1020,"L1n",2,"k","k","Ass1"
22,41,"Kreis.png","Ich","Nonmatching",1,1126,"L1n",2,"k","k","Ass1"
22,42,"Kreis.png","Fremder","Matching",1,1802,"L2m",4,"d","d","Ass1"
22,43,"Dreieck.png","Fremder","Nonmatching",1,618,"L2n",3,"k","k","Ass1"
22,44,"Dreieck.png","Ich","Matching",1,826,"L1m",1,"d","d","Ass1"
22,45,"Dreieck.png","Ich","Matching",1,1580,"L1m",1,"d","d","Ass1"
22,46,"Dreieck.png","Fremder","Nonmatching",1,1668,"L2n",3,"k","k","Ass1"
22,47,"Kreis.png","Ich","Nonmatching",0,782,"L1n",2,"d","k","Ass1"
22,48,"Kreis.png","Fremder","Matching",0,862,"L2m",4,"k","d","Ass1"
22,49,"Dreieck.png","Ich","Matching",1,508,"L1m",1,"d","d","Ass1"
22,50,"Kreis.png","Ich","Nonmatching",1,771,"L1n",2,"k","k","Ass1"
22,51,"Dreieck.png","Fremder","Nonmatching",1,862,"L2n",3,"k","k","Ass1"
22,52,"Kreis.png","Fremder","Matching",1,360,"L2m",4,"d","d","Ass1"
22,53,"Dreieck.png","Ich","Matching",1,945,"L1m",1,"d","d","Ass1"
22,54,"Kreis.png","Ich","Nonmatching",1,601,"L1n",2,"k","k","Ass1"
22,55,"Dreieck.png","Fremder","Nonmatching",1,753,"L2n",3,"k","k","Ass1"
22,56,"Kreis.png","Fremder","Matching",1,294,"L2m",4,"d","d","Ass1"
22,57,"Dreieck.png","Ich","Matching",1,782,"L1m",1,"d","d","Ass1"
22,58,"Kreis.png","Ich","Nonmatching",1,368,"L1n",2,"k","k","Ass1"
22,59,"Dreieck.png","Fremder","Nonmatching",1,326,"L2n",3,"k","k","Ass1"
22,60,"Kreis.png","Fremder","Matching",1,283,"L2m",4,"d","d","Ass1"
22,61,"Dreieck.png","Fremder","Nonmatching",1,2588,"L2n",3,"k","k","Ass1"
22,62,"Kreis.png","Ich","Nonmatching",1,690,"L1n",2,"k","k","Ass1"
22,63,"Dreieck.png","Ich","Matching",1,761,"L1m",1,"d","d","Ass1"
22,64,"Kreis.png","Fremder","Matching",1,976,"L2m",4,"d","d","Ass1"
22,65,"Kreis.png","Ich","Nonmatching",1,1586,"L1n",2,"k","k","Ass1"
22,66,"Kreis.png","Fremder","Matching",1,1143,"L2m",4,"d","d","Ass1"
22,67,"Dreieck.png","Fremder","Nonmatching",1,1264,"L2n",3,"k","k","Ass1"
22,68,"Dreieck.png","Ich","Matching",1,752,"L1m",1,"d","d","Ass1"
22,69,"Kreis.png","Fremder","Matching",1,1780,"L2m",4,"d","d","Ass1"
22,70,"Dreieck.png","Fremder","Nonmatching",1,916,"L2n",3,"k","k","Ass1"
22,71,"Dreieck.png","Ich","Matching",1,1032,"L1m",1,"d","d","Ass1"
22,72,"Kreis.png","Ich","Nonmatching",1,942,"L1n",2,"k","k","Ass1"
22,73,"Dreieck.png","Fremder","Nonmatching",0,1228,"L2n",3,"d","k","Ass1"
22,74,"Dreieck.png","Ich","Matching",1,671,"L1m",1,"d","d","Ass1"
22,75,"Kreis.png","Ich","Nonmatching",1,288,"L1n",2,"k","k","Ass1"
22,76,"Kreis.png","Fremder","Matching",1,562,"L2m",4,"d","d","Ass1"
22,77,"Dreieck.png","Fremder","Nonmatching",1,476,"L2n",3,"k","k","Ass1"
22,78,"Dreieck.png","Ich","Matching",1,364,"L1m",1,"d","d","Ass1"
22,79,"Kreis.png","Fremder","Matching",0,322,"L2m",4,"k","d","Ass1"
22,80,"Kreis.png","Ich","Nonmatching",1,674,"L1n",2,"k","k","Ass1"
22,81,"Dreieck.png","Ich","Matching",1,1032,"L1m",1,"d","d","Ass1"
22,82,"Kreis.png","Fremder","Matching",1,1216,"L2m",4,"d","d","Ass1"
22,83,"Kreis.png","Ich","Nonmatching",1,1606,"L1n",2,"k","k","Ass1"
22,84,"Dreieck.png","Fremder","Nonmatching",0,1143,"L2n",3,"d","k","Ass1"
22,85,"Dreieck.png","Fremder","Nonmatching",0,1279,"L2n",3,"d","k","Ass1"
22,86,"Kreis.png","Ich","Nonmatching",1,633,"L1n",2,"k","k","Ass1"
22,87,"Dreieck.png","Ich","Matching",1,1015,"L1m",1,"d","d","Ass1"
22,88,"Kreis.png","Fremder","Matching",0,1243,"L2m",4,"k","d","Ass1"
22,89,"Kreis.png","Ich","Nonmatching",1,1132,"L1n",2,"k","k","Ass1"
22,90,"Dreieck.png","Ich","Matching",1,1037,"L1m",1,"d","d","Ass1"
22,91,"Dreieck.png","Fremder","Nonmatching",1,1264,"L2n",3,"k","k","Ass1"
22,92,"Kreis.png","Fremder","Matching",1,818,"L2m",4,"d","d","Ass1"
22,93,"Dreieck.png","Ich","Matching",1,710,"L1m",1,"d","d","Ass1"
22,94,"Kreis.png","Fremder","Matching",1,1301,"L2m",4,"d","d","Ass1"
22,95,"Kreis.png","Ich","Nonmatching",1,805,"L1n",2,"k","k","Ass1"
22,96,"Dreieck.png","Fremder","Nonmatching",1,1029,"L2n",3,"k","k","Ass1"
22,97,"Dreieck.png","Ich","Matching",0,1176,"L1m",1,"k","d","Ass1"
22,98,"Dreieck.png","Fremder","Nonmatching",1,935,"L2n",3,"k","k","Ass1"
22,99,"Kreis.png","Fremder","Matching",1,864,"L2m",4,"d","d","Ass1"
22,100,"Kreis.png","Ich","Nonmatching",1,832,"L1n",2,"k","k","Ass1"
22,101,"Kreis.png","Fremder","Matching",1,1644,"L2m",4,"d","d","Ass1"
22,102,"Dreieck.png","Fremder","Nonmatching",1,1249,"L2n",3,"k","k","Ass1"
22,103,"Dreieck.png","Ich","Matching",0,680,"L1m",1,"k","d","Ass1"
22,104,"Kreis.png","Ich","Nonmatching",1,961,"L1n",2,"k","k","Ass1"
22,105,"Dreieck.png","Fremder","Nonmatching",1,1305,"L2n",3,"k","k","Ass1"
22,106,"Kreis.png","Fremder","Matching",1,1424,"L2m",4,"d","d","Ass1"
22,107,"Kreis.png","Ich","Nonmatching",1,785,"L1n",2,"k","k","Ass1"
22,108,"Dreieck.png","Ich","Matching",1,879,"L1m",1,"d","d","Ass1"
22,109,"Dreieck.png","Fremder","Nonmatching",1,1158,"L2n",3,"k","k","Ass1"
22,110,"Kreis.png","Ich","Nonmatching",1,814,"L1n",2,"k","k","Ass1"
22,111,"Dreieck.png","Ich","Matching",1,791,"L1m",1,"d","d","Ass1"
22,112,"Kreis.png","Fremder","Matching",1,1003,"L2m",4,"d","d","Ass1"
22,113,"Dreieck.png","Ich","Matching",1,1169,"L1m",1,"d","d","Ass1"
22,114,"Kreis.png","Fremder","Matching",1,844,"L2m",4,"d","d","Ass1"
22,115,"Dreieck.png","Fremder","Nonmatching",1,759,"L2n",3,"k","k","Ass1"
22,116,"Kreis.png","Ich","Nonmatching",1,793,"L1n",2,"k","k","Ass1"
22,117,"Dreieck.png","Fremder","Nonmatching",0,1241,"L2n",3,"d","k","Ass1"
22,118,"Kreis.png","Fremder","Matching",1,808,"L2m",4,"d","d","Ass1"
22,119,"Kreis.png","Ich","Nonmatching",1,790,"L1n",2,"k","k","Ass1"
22,120,"Dreieck.png","Ich","Matching",1,544,"L1m",1,"d","d","Ass1"
22,121,"Kreis.png","Fremder","Matching",0,511,"L2m",4,"k","d","Ass1"
22,122,"Kreis.png","Ich","Nonmatching",1,663,"L1n",2,"k","k","Ass1"
22,123,"Dreieck.png","Fremder","Nonmatching",0,747,"L2n",3,"d","k","Ass1"
22,124,"Dreieck.png","Ich","Matching",1,772,"L1m",1,"d","d","Ass1"
22,125,"Dreieck.png","Ich","Matching",1,692,"L1m",1,"d","d","Ass1"
22,126,"Kreis.png","Fremder","Matching",1,1301,"L2m",4,"d","d","Ass1"
22,127,"Dreieck.png","Fremder","Nonmatching",1,1182,"L2n",3,"k","k","Ass1"
22,128,"Kreis.png","Ich","Nonmatching",1,846,"L1n",2,"k","k","Ass1"
23,1,"Kreis.png","Ich","Matching",1,649,"L2m",4,"d","d","Ass2"
23,2,"Kreis.png","Fremder","Nonmatching",1,1362,"L1n",2,"k","k","Ass2"
23,3,"Dreieck.png","Fremder","Matching",1,1068,"L1m",1,"d","d","Ass2"
23,4,"Dreieck.png","Ich","Nonmatching",1,803,"L2n",3,"k","k","Ass2"
23,5,"Dreieck.png","Fremder","Matching",1,1292,"L1m",1,"d","d","Ass2"
23,6,"Kreis.png","Ich","Matching",1,680,"L2m",4,"d","d","Ass2"
23,7,"Kreis.png","Fremder","Nonmatching",1,913,"L1n",2,"k","k","Ass2"
23,8,"Dreieck.png","Ich","Nonmatching",1,768,"L2n",3,"k","k","Ass2"
23,9,"Dreieck.png","Fremder","Matching",1,899,"L1m",1,"d","d","Ass2"
23,10,"Dreieck.png","Ich","Nonmatching",1,1516,"L2n",3,"k","k","Ass2"
23,11,"Kreis.png","Ich","Matching",1,562,"L2m",4,"d","d","Ass2"
23,12,"Kreis.png","Fremder","Nonmatching",1,924,"L1n",2,"k","k","Ass2"
23,13,"Dreieck.png","Fremder","Matching",1,919,"L1m",1,"d","d","Ass2"
23,14,"Kreis.png","Fremder","Nonmatching",1,1216,"L1n",2,"k","k","Ass2"
23,15,"Kreis.png","Ich","Matching",1,587,"L2m",4,"d","d","Ass2"
23,16,"Dreieck.png","Ich","Nonmatching",1,699,"L2n",3,"k","k","Ass2"
23,17,"Kreis.png","Ich","Matching",1,577,"L2m",4,"d","d","Ass2"
23,18,"Dreieck.png","Fremder","Matching",1,912,"L1m",1,"d","d","Ass2"
23,19,"Dreieck.png","Ich","Nonmatching",1,698,"L2n",3,"k","k","Ass2"
23,20,"Kreis.png","Fremder","Nonmatching",1,1286,"L1n",2,"k","k","Ass2"
23,21,"Kreis.png","Fremder","Nonmatching",1,1510,"L1n",2,"k","k","Ass2"
23,22,"Dreieck.png","Ich","Nonmatching",1,624,"L2n",3,"k","k","Ass2"
23,23,"Kreis.png","Ich","Matching",1,429,"L2m",4,"d","d","Ass2"
23,24,"Dreieck.png","Fremder","Matching",1,796,"L1m",1,"d","d","Ass2"
23,25,"Dreieck.png","Ich","Nonmatching",1,669,"L2n",3,"k","k","Ass2"
23,26,"Kreis.png","Fremder","Nonmatching",1,697,"L1n",2,"k","k","Ass2"
23,27,"Kreis.png","Ich","Matching",1,601,"L2m",4,"d","d","Ass2"
23,28,"Dreieck.png","Fremder","Matching",1,933,"L1m",1,"d","d","Ass2"
23,29,"Dreieck.png","Fremder","Matching",1,1121,"L1m",1,"d","d","Ass2"
23,30,"Dreieck.png","Ich","Nonmatching",1,668,"L2n",3,"k","k","Ass2"
23,31,"Kreis.png","Fremder","Nonmatching",1,1024,"L1n",2,"k","k","Ass2"
23,32,"Kreis.png","Ich","Matching",1,515,"L2m",4,"d","d","Ass2"
23,33,"Dreieck.png","Ich","Nonmatching",1,912,"L2n",3,"k","k","Ass2"
23,34,"Dreieck.png","Fremder","Matching",1,635,"L1m",1,"d","d","Ass2"
23,35,"Kreis.png","Fremder","Nonmatching",1,634,"L1n",2,"k","k","Ass2"
23,36,"Kreis.png","Ich","Matching",1,525,"L2m",4,"d","d","Ass2"
23,37,"Dreieck.png","Fremder","Matching",1,709,"L1m",1,"d","d","Ass2"
23,38,"Dreieck.png","Ich","Nonmatching",1,729,"L2n",3,"k","k","Ass2"
23,39,"Kreis.png","Ich","Matching",1,640,"L2m",4,"d","d","Ass2"
23,40,"Kreis.png","Fremder","Nonmatching",1,856,"L1n",2,"k","k","Ass2"
23,41,"Dreieck.png","Ich","Nonmatching",1,725,"L2n",3,"k","k","Ass2"
23,42,"Kreis.png","Fremder","Nonmatching",1,899,"L1n",2,"k","k","Ass2"
23,43,"Kreis.png","Ich","Matching",1,462,"L2m",4,"d","d","Ass2"
23,44,"Dreieck.png","Fremder","Matching",1,994,"L1m",1,"d","d","Ass2"
23,45,"Kreis.png","Fremder","Nonmatching",1,819,"L1n",2,"k","k","Ass2"
23,46,"Kreis.png","Ich","Matching",1,722,"L2m",4,"d","d","Ass2"
23,47,"Dreieck.png","Fremder","Matching",1,740,"L1m",1,"d","d","Ass2"
23,48,"Dreieck.png","Ich","Nonmatching",1,745,"L2n",3,"k","k","Ass2"
23,49,"Kreis.png","Ich","Matching",1,522,"L2m",4,"d","d","Ass2"
23,50,"Dreieck.png","Fremder","Matching",1,801,"L1m",1,"d","d","Ass2"
23,51,"Dreieck.png","Ich","Nonmatching",1,750,"L2n",3,"k","k","Ass2"
23,52,"Kreis.png","Fremder","Nonmatching",1,765,"L1n",2,"k","k","Ass2"
23,53,"Kreis.png","Fremder","Nonmatching",1,911,"L1n",2,"k","k","Ass2"
23,54,"Dreieck.png","Fremder","Matching",1,850,"L1m",1,"d","d","Ass2"
23,55,"Kreis.png","Ich","Matching",1,647,"L2m",4,"d","d","Ass2"
23,56,"Dreieck.png","Ich","Nonmatching",1,826,"L2n",3,"k","k","Ass2"
23,57,"Kreis.png","Fremder","Nonmatching",1,917,"L1n",2,"k","k","Ass2"
23,58,"Dreieck.png","Ich","Nonmatching",1,797,"L2n",3,"k","k","Ass2"
23,59,"Kreis.png","Ich","Matching",1,416,"L2m",4,"d","d","Ass2"
23,60,"Dreieck.png","Fremder","Matching",1,771,"L1m",1,"d","d","Ass2"
23,61,"Dreieck.png","Fremder","Matching",1,792,"L1m",1,"d","d","Ass2"
23,62,"Kreis.png","Fremder","Nonmatching",1,808,"L1n",2,"k","k","Ass2"
23,63,"Kreis.png","Ich","Matching",1,831,"L2m",4,"d","d","Ass2"
23,64,"Dreieck.png","Ich","Nonmatching",1,834,"L2n",3,"k","k","Ass2"
23,65,"Kreis.png","Ich","Matching",1,543,"L2m",4,"d","d","Ass2"
23,66,"Dreieck.png","Ich","Nonmatching",1,634,"L2n",3,"k","k","Ass2"
23,67,"Dreieck.png","Fremder","Matching",1,598,"L1m",1,"d","d","Ass2"
23,68,"Kreis.png","Fremder","Nonmatching",1,852,"L1n",2,"k","k","Ass2"
23,69,"Dreieck.png","Fremder","Matching",1,742,"L1m",1,"d","d","Ass2"
23,70,"Dreieck.png","Ich","Nonmatching",1,841,"L2n",3,"k","k","Ass2"
23,71,"Kreis.png","Ich","Matching",1,522,"L2m",4,"d","d","Ass2"
23,72,"Kreis.png","Fremder","Nonmatching",1,578,"L1n",2,"k","k","Ass2"
23,73,"Kreis.png","Ich","Matching",1,543,"L2m",4,"d","d","Ass2"
23,74,"Dreieck.png","Fremder","Matching",0,583,"L1m",1,"k","d","Ass2"
23,75,"Dreieck.png","Ich","Nonmatching",1,698,"L2n",3,"k","k","Ass2"
23,76,"Kreis.png","Fremder","Nonmatching",1,903,"L1n",2,"k","k","Ass2"
23,77,"Kreis.png","Fremder","Nonmatching",1,762,"L1n",2,"k","k","Ass2"
23,78,"Dreieck.png","Fremder","Matching",1,725,"L1m",1,"d","d","Ass2"
23,79,"Dreieck.png","Ich","Nonmatching",1,667,"L2n",3,"k","k","Ass2"
23,80,"Kreis.png","Ich","Matching",1,668,"L2m",4,"d","d","Ass2"
23,81,"Kreis.png","Fremder","Nonmatching",1,745,"L1n",2,"k","k","Ass2"
23,82,"Kreis.png","Ich","Matching",1,616,"L2m",4,"d","d","Ass2"
23,83,"Dreieck.png","Ich","Nonmatching",1,597,"L2n",3,"k","k","Ass2"
23,84,"Dreieck.png","Fremder","Matching",1,705,"L1m",1,"d","d","Ass2"
23,85,"Kreis.png","Ich","Matching",1,632,"L2m",4,"d","d","Ass2"
23,86,"Dreieck.png","Ich","Nonmatching",1,710,"L2n",3,"k","k","Ass2"
23,87,"Dreieck.png","Fremder","Matching",1,877,"L1m",1,"d","d","Ass2"
23,88,"Kreis.png","Fremder","Nonmatching",1,705,"L1n",2,"k","k","Ass2"
23,89,"Kreis.png","Ich","Matching",1,564,"L2m",4,"d","d","Ass2"
23,90,"Dreieck.png","Ich","Nonmatching",1,655,"L2n",3,"k","k","Ass2"
23,91,"Kreis.png","Fremder","Nonmatching",1,893,"L1n",2,"k","k","Ass2"
23,92,"Dreieck.png","Fremder","Matching",1,633,"L1m",1,"d","d","Ass2"
23,93,"Dreieck.png","Ich","Nonmatching",1,725,"L2n",3,"k","k","Ass2"
23,94,"Dreieck.png","Fremder","Matching",1,733,"L1m",1,"d","d","Ass2"
23,95,"Kreis.png","Fremder","Nonmatching",1,775,"L1n",2,"k","k","Ass2"
23,96,"Kreis.png","Ich","Matching",1,513,"L2m",4,"d","d","Ass2"
23,97,"Kreis.png","Ich","Matching",1,805,"L2m",4,"d","d","Ass2"
23,98,"Dreieck.png","Ich","Nonmatching",1,981,"L2n",3,"k","k","Ass2"
23,99,"Kreis.png","Fremder","Nonmatching",1,1050,"L1n",2,"k","k","Ass2"
23,100,"Dreieck.png","Fremder","Matching",1,798,"L1m",1,"d","d","Ass2"
23,101,"Kreis.png","Ich","Matching",1,486,"L2m",4,"d","d","Ass2"
23,102,"Dreieck.png","Fremder","Matching",0,538,"L1m",1,"k","d","Ass2"
23,103,"Kreis.png","Fremder","Nonmatching",1,792,"L1n",2,"k","k","Ass2"
23,104,"Dreieck.png","Ich","Nonmatching",0,568,"L2n",3,"d","k","Ass2"
23,105,"Kreis.png","Fremder","Nonmatching",1,822,"L1n",2,"k","k","Ass2"
23,106,"Kreis.png","Ich","Matching",1,674,"L2m",4,"d","d","Ass2"
23,107,"Dreieck.png","Ich","Nonmatching",1,878,"L2n",3,"k","k","Ass2"
23,108,"Dreieck.png","Fremder","Matching",1,852,"L1m",1,"d","d","Ass2"
23,109,"Kreis.png","Ich","Matching",1,703,"L2m",4,"d","d","Ass2"
23,110,"Dreieck.png","Fremder","Matching",1,740,"L1m",1,"d","d","Ass2"
23,111,"Dreieck.png","Ich","Nonmatching",1,1006,"L2n",3,"k","k","Ass2"
23,112,"Kreis.png","Fremder","Nonmatching",1,772,"L1n",2,"k","k","Ass2"
23,113,"Kreis.png","Ich","Matching",1,701,"L2m",4,"d","d","Ass2"
23,114,"Dreieck.png","Ich","Nonmatching",1,718,"L2n",3,"k","k","Ass2"
23,115,"Dreieck.png","Fremder","Matching",1,803,"L1m",1,"d","d","Ass2"
23,116,"Kreis.png","Fremder","Nonmatching",1,740,"L1n",2,"k","k","Ass2"
23,117,"Dreieck.png","Fremder","Matching",1,809,"L1m",1,"d","d","Ass2"
23,118,"Kreis.png","Fremder","Nonmatching",1,655,"L1n",2,"k","k","Ass2"
23,119,"Dreieck.png","Ich","Nonmatching",1,746,"L2n",3,"k","k","Ass2"
23,120,"Kreis.png","Ich","Matching",1,565,"L2m",4,"d","d","Ass2"
23,121,"Kreis.png","Ich","Matching",1,682,"L2m",4,"d","d","Ass2"
23,122,"Kreis.png","Fremder","Nonmatching",1,932,"L1n",2,"k","k","Ass2"
23,123,"Dreieck.png","Ich","Nonmatching",1,1276,"L2n",3,"k","k","Ass2"
23,124,"Dreieck.png","Fremder","Matching",1,698,"L1m",1,"d","d","Ass2"
23,125,"Kreis.png","Fremder","Nonmatching",1,754,"L1n",2,"k","k","Ass2"
23,126,"Kreis.png","Ich","Matching",1,638,"L2m",4,"d","d","Ass2"
23,127,"Dreieck.png","Fremder","Matching",1,815,"L1m",1,"d","d","Ass2"
23,128,"Dreieck.png","Ich","Nonmatching",1,713,"L2n",3,"k","k","Ass2"
27,1,"Dreieck.png","Fremder","Matching",0,1009,"L1m",1,"k","d","Ass2"
27,2,"Kreis.png","Ich","Matching",1,1064,"L2m",4,"d","d","Ass2"
27,3,"Dreieck.png","Ich","Nonmatching",1,887,"L2n",3,"k","k","Ass2"
27,4,"Kreis.png","Fremder","Nonmatching",1,1394,"L1n",2,"k","k","Ass2"
27,5,"Dreieck.png","Fremder","Matching",1,1237,"L1m",1,"d","d","Ass2"
27,6,"Dreieck.png","Ich","Nonmatching",1,2404,"L2n",3,"k","k","Ass2"
27,7,"Kreis.png","Fremder","Nonmatching",1,1040,"L1n",2,"k","k","Ass2"
27,8,"Kreis.png","Ich","Matching",1,430,"L2m",4,"d","d","Ass2"
27,9,"Kreis.png","Ich","Matching",1,1269,"L2m",4,"d","d","Ass2"
27,10,"Dreieck.png","Fremder","Matching",1,979,"L1m",1,"d","d","Ass2"
27,11,"Dreieck.png","Ich","Nonmatching",1,1172,"L2n",3,"k","k","Ass2"
27,12,"Kreis.png","Fremder","Nonmatching",1,1147,"L1n",2,"k","k","Ass2"
27,13,"Kreis.png","Fremder","Nonmatching",0,709,"L1n",2,"d","k","Ass2"
27,14,"Kreis.png","Ich","Matching",1,1333,"L2m",4,"d","d","Ass2"
27,15,"Dreieck.png","Fremder","Matching",1,933,"L1m",1,"d","d","Ass2"
27,16,"Dreieck.png","Ich","Nonmatching",1,759,"L2n",3,"k","k","Ass2"
27,17,"Dreieck.png","Fremder","Matching",1,1168,"L1m",1,"d","d","Ass2"
27,18,"Kreis.png","Ich","Matching",1,972,"L2m",4,"d","d","Ass2"
27,19,"Dreieck.png","Ich","Nonmatching",1,1050,"L2n",3,"k","k","Ass2"
27,20,"Kreis.png","Fremder","Nonmatching",1,1051,"L1n",2,"k","k","Ass2"
27,21,"Dreieck.png","Fremder","Matching",1,916,"L1m",1,"d","d","Ass2"
27,22,"Kreis.png","Fremder","Nonmatching",1,1045,"L1n",2,"k","k","Ass2"
27,23,"Kreis.png","Ich","Matching",1,1071,"L2m",4,"d","d","Ass2"
27,24,"Dreieck.png","Ich","Nonmatching",1,1186,"L2n",3,"k","k","Ass2"
27,25,"Kreis.png","Fremder","Nonmatching",1,1022,"L1n",2,"k","k","Ass2"
27,26,"Dreieck.png","Fremder","Matching",1,559,"L1m",1,"d","d","Ass2"
27,27,"Dreieck.png","Ich","Nonmatching",1,1642,"L2n",3,"k","k","Ass2"
27,28,"Kreis.png","Ich","Matching",1,1118,"L2m",4,"d","d","Ass2"
27,29,"Kreis.png","Ich","Matching",1,883,"L2m",4,"d","d","Ass2"
27,30,"Dreieck.png","Ich","Nonmatching",1,862,"L2n",3,"k","k","Ass2"
27,31,"Kreis.png","Fremder","Nonmatching",1,1296,"L1n",2,"k","k","Ass2"
27,32,"Dreieck.png","Fremder","Matching",1,772,"L1m",1,"d","d","Ass2"
27,33,"Dreieck.png","Fremder","Matching",1,1794,"L1m",1,"d","d","Ass2"
27,34,"Dreieck.png","Ich","Nonmatching",1,851,"L2n",3,"k","k","Ass2"
27,35,"Kreis.png","Ich","Matching",1,791,"L2m",4,"d","d","Ass2"
27,36,"Kreis.png","Fremder","Nonmatching",1,840,"L1n",2,"k","k","Ass2"
27,37,"Dreieck.png","Ich","Nonmatching",1,1085,"L2n",3,"k","k","Ass2"
27,38,"Dreieck.png","Fremder","Matching",1,1248,"L1m",1,"d","d","Ass2"
27,39,"Kreis.png","Fremder","Nonmatching",1,1047,"L1n",2,"k","k","Ass2"
27,40,"Kreis.png","Ich","Matching",1,666,"L2m",4,"d","d","Ass2"
27,41,"Dreieck.png","Ich","Nonmatching",1,1150,"L2n",3,"k","k","Ass2"
27,42,"Dreieck.png","Fremder","Matching",1,994,"L1m",1,"d","d","Ass2"
27,43,"Kreis.png","Fremder","Nonmatching",1,980,"L1n",2,"k","k","Ass2"
27,44,"Kreis.png","Ich","Matching",1,1188,"L2m",4,"d","d","Ass2"
27,45,"Dreieck.png","Fremder","Matching",1,1313,"L1m",1,"d","d","Ass2"
27,46,"Kreis.png","Ich","Matching",1,752,"L2m",4,"d","d","Ass2"
27,47,"Dreieck.png","Ich","Nonmatching",1,847,"L2n",3,"k","k","Ass2"
27,48,"Kreis.png","Fremder","Nonmatching",1,1117,"L1n",2,"k","k","Ass2"
27,49,"Kreis.png","Fremder","Nonmatching",1,1686,"L1n",2,"k","k","Ass2"
27,50,"Kreis.png","Ich","Matching",1,694,"L2m",4,"d","d","Ass2"
27,51,"Dreieck.png","Fremder","Matching",1,775,"L1m",1,"d","d","Ass2"
27,52,"Dreieck.png","Ich","Nonmatching",1,1691,"L2n",3,"k","k","Ass2"
27,53,"Dreieck.png","Ich","Nonmatching",1,2697,"L2n",3,"k","k","Ass2"
27,54,"Dreieck.png","Fremder","Matching",1,1166,"L1m",1,"d","d","Ass2"
27,55,"Kreis.png","Fremder","Nonmatching",1,867,"L1n",2,"k","k","Ass2"
27,56,"Kreis.png","Ich","Matching",1,796,"L2m",4,"d","d","Ass2"
27,57,"Kreis.png","Fremder","Nonmatching",1,829,"L1n",2,"k","k","Ass2"
27,58,"Kreis.png","Ich","Matching",1,725,"L2m",4,"d","d","Ass2"
27,59,"Dreieck.png","Fremder","Matching",1,1083,"L1m",1,"d","d","Ass2"
27,60,"Dreieck.png","Ich","Nonmatching",1,1170,"L2n",3,"k","k","Ass2"
27,61,"Dreieck.png","Ich","Nonmatching",1,950,"L2n",3,"k","k","Ass2"
27,62,"Dreieck.png","Fremder","Matching",1,965,"L1m",1,"d","d","Ass2"
27,63,"Kreis.png","Fremder","Nonmatching",1,765,"L1n",2,"k","k","Ass2"
27,64,"Kreis.png","Ich","Matching",1,716,"L2m",4,"d","d","Ass2"
27,65,"Dreieck.png","Fremder","Matching",1,1434,"L1m",1,"d","d","Ass2"
27,66,"Dreieck.png","Ich","Nonmatching",1,967,"L2n",3,"k","k","Ass2"
27,67,"Kreis.png","Ich","Matching",1,833,"L2m",4,"d","d","Ass2"
27,68,"Kreis.png","Fremder","Nonmatching",1,814,"L1n",2,"k","k","Ass2"
27,69,"Dreieck.png","Ich","Nonmatching",1,1021,"L2n",3,"k","k","Ass2"
27,70,"Dreieck.png","Fremder","Matching",1,1430,"L1m",1,"d","d","Ass2"
27,71,"Kreis.png","Ich","Matching",1,668,"L2m",4,"d","d","Ass2"
27,72,"Kreis.png","Fremder","Nonmatching",1,681,"L1n",2,"k","k","Ass2"
27,73,"Kreis.png","Ich","Matching",1,468,"L2m",4,"d","d","Ass2"
27,74,"Kreis.png","Fremder","Nonmatching",1,895,"L1n",2,"k","k","Ass2"
27,75,"Dreieck.png","Fremder","Matching",1,968,"L1m",1,"d","d","Ass2"
27,76,"Dreieck.png","Ich","Nonmatching",1,816,"L2n",3,"k","k","Ass2"
27,77,"Kreis.png","Ich","Matching",1,626,"L2m",4,"d","d","Ass2"
27,78,"Dreieck.png","Ich","Nonmatching",1,1050,"L2n",3,"k","k","Ass2"
27,79,"Kreis.png","Fremder","Nonmatching",1,698,"L1n",2,"k","k","Ass2"
27,80,"Dreieck.png","Fremder","Matching",1,1793,"L1m",1,"d","d","Ass2"
27,81,"Kreis.png","Fremder","Nonmatching",1,721,"L1n",2,"k","k","Ass2"
27,82,"Dreieck.png","Ich","Nonmatching",1,1065,"L2n",3,"k","k","Ass2"
27,83,"Dreieck.png","Fremder","Matching",1,711,"L1m",1,"d","d","Ass2"
27,84,"Kreis.png","Ich","Matching",1,820,"L2m",4,"d","d","Ass2"
27,85,"Dreieck.png","Ich","Nonmatching",1,1049,"L2n",3,"k","k","Ass2"
27,86,"Kreis.png","Ich","Matching",1,826,"L2m",4,"d","d","Ass2"
27,87,"Dreieck.png","Fremder","Matching",0,701,"L1m",1,"k","d","Ass2"
27,88,"Kreis.png","Fremder","Nonmatching",1,1015,"L1n",2,"k","k","Ass2"
27,89,"Kreis.png","Fremder","Nonmatching",1,999,"L1n",2,"k","k","Ass2"
27,90,"Dreieck.png","Fremder","Matching",1,1904,"L1m",1,"d","d","Ass2"
27,91,"Dreieck.png","Ich","Nonmatching",1,970,"L2n",3,"k","k","Ass2"
27,92,"Kreis.png","Ich","Matching",1,638,"L2m",4,"d","d","Ass2"
27,93,"Dreieck.png","Ich","Nonmatching",1,968,"L2n",3,"k","k","Ass2"
27,94,"Dreieck.png","Fremder","Matching",1,932,"L1m",1,"d","d","Ass2"
27,95,"Kreis.png","Fremder","Nonmatching",1,1160,"L1n",2,"k","k","Ass2"
27,96,"Kreis.png","Ich","Matching",1,492,"L2m",4,"d","d","Ass2"
27,97,"Kreis.png","Fremder","Nonmatching",1,789,"L1n",2,"k","k","Ass2"
27,98,"Dreieck.png","Fremder","Matching",1,930,"L1m",1,"d","d","Ass2"
27,99,"Kreis.png","Ich","Matching",1,742,"L2m",4,"d","d","Ass2"
27,100,"Dreieck.png","Ich","Nonmatching",1,746,"L2n",3,"k","k","Ass2"
27,101,"Dreieck.png","Ich","Nonmatching",1,904,"L2n",3,"k","k","Ass2"
27,102,"Dreieck.png","Fremder","Matching",1,953,"L1m",1,"d","d","Ass2"
27,103,"Kreis.png","Fremder","Nonmatching",1,1214,"L1n",2,"k","k","Ass2"
27,104,"Kreis.png","Ich","Matching",1,730,"L2m",4,"d","d","Ass2"
27,105,"Dreieck.png","Ich","Nonmatching",1,2394,"L2n",3,"k","k","Ass2"
27,106,"Dreieck.png","Fremder","Matching",1,894,"L1m",1,"d","d","Ass2"
27,107,"Kreis.png","Fremder","Nonmatching",1,820,"L1n",2,"k","k","Ass2"
27,108,"Kreis.png","Ich","Matching",1,695,"L2m",4,"d","d","Ass2"
27,109,"Kreis.png","Fremder","Nonmatching",1,854,"L1n",2,"k","k","Ass2"
27,110,"Dreieck.png","Ich","Nonmatching",1,848,"L2n",3,"k","k","Ass2"
27,111,"Kreis.png","Ich","Matching",1,591,"L2m",4,"d","d","Ass2"
27,112,"Dreieck.png","Fremder","Matching",1,1009,"L1m",1,"d","d","Ass2"
27,113,"Dreieck.png","Ich","Nonmatching",1,787,"L2n",3,"k","k","Ass2"
27,114,"Kreis.png","Fremder","Nonmatching",1,866,"L1n",2,"k","k","Ass2"
27,115,"Dreieck.png","Fremder","Matching",1,1482,"L1m",1,"d","d","Ass2"
27,116,"Kreis.png","Ich","Matching",1,753,"L2m",4,"d","d","Ass2"
27,117,"Dreieck.png","Fremder","Matching",1,1252,"L1m",1,"d","d","Ass2"
27,118,"Dreieck.png","Ich","Nonmatching",1,914,"L2n",3,"k","k","Ass2"
27,119,"Kreis.png","Fremder","Nonmatching",1,985,"L1n",2,"k","k","Ass2"
27,120,"Kreis.png","Ich","Matching",1,508,"L2m",4,"d","d","Ass2"
27,121,"Dreieck.png","Ich","Nonmatching",1,799,"L2n",3,"k","k","Ass2"
27,122,"Kreis.png","Ich","Matching",1,591,"L2m",4,"d","d","Ass2"
27,123,"Dreieck.png","Fremder","Matching",1,948,"L1m",1,"d","d","Ass2"
27,124,"Kreis.png","Fremder","Nonmatching",1,821,"L1n",2,"k","k","Ass2"
27,125,"Dreieck.png","Fremder","Matching",1,922,"L1m",1,"d","d","Ass2"
27,126,"Kreis.png","Fremder","Nonmatching",1,1035,"L1n",2,"k","k","Ass2"
27,127,"Kreis.png","Ich","Matching",1,1128,"L2m",4,"d","d","Ass2"
27,128,"Dreieck.png","Ich","Nonmatching",0,793,"L2n",3,"d","k","Ass2"
28,1,"Kreis.png","Fremder","Matching",1,844,"L2m",4,"d","d","Ass1"
28,2,"Kreis.png","Ich","Nonmatching",1,1093,"L1n",2,"k","k","Ass1"
28,3,"Dreieck.png","Fremder","Nonmatching",1,1293,"L2n",3,"k","k","Ass1"
28,4,"Dreieck.png","Ich","Matching",1,1271,"L1m",1,"d","d","Ass1"
28,5,"Kreis.png","Ich","Nonmatching",1,670,"L1n",2,"k","k","Ass1"
28,6,"Dreieck.png","Fremder","Nonmatching",1,650,"L2n",3,"k","k","Ass1"
28,7,"Kreis.png","Fremder","Matching",1,1151,"L2m",4,"d","d","Ass1"
28,8,"Dreieck.png","Ich","Matching",1,926,"L1m",1,"d","d","Ass1"
28,9,"Dreieck.png","Fremder","Nonmatching",1,891,"L2n",3,"k","k","Ass1"
28,10,"Kreis.png","Fremder","Matching",1,918,"L2m",4,"d","d","Ass1"
28,11,"Kreis.png","Ich","Nonmatching",1,660,"L1n",2,"k","k","Ass1"
28,12,"Dreieck.png","Ich","Matching",1,941,"L1m",1,"d","d","Ass1"
28,13,"Dreieck.png","Fremder","Nonmatching",1,894,"L2n",3,"k","k","Ass1"
28,14,"Kreis.png","Fremder","Matching",1,740,"L2m",4,"d","d","Ass1"
28,15,"Kreis.png","Ich","Nonmatching",1,837,"L1n",2,"k","k","Ass1"
28,16,"Dreieck.png","Ich","Matching",1,862,"L1m",1,"d","d","Ass1"
28,17,"Kreis.png","Ich","Nonmatching",1,655,"L1n",2,"k","k","Ass1"
28,18,"Kreis.png","Fremder","Matching",0,664,"L2m",4,"k","d","Ass1"
28,19,"Dreieck.png","Ich","Matching",1,1329,"L1m",1,"d","d","Ass1"
28,20,"Dreieck.png","Fremder","Nonmatching",1,824,"L2n",3,"k","k","Ass1"
28,21,"Kreis.png","Ich","Nonmatching",1,744,"L1n",2,"k","k","Ass1"
28,22,"Kreis.png","Fremder","Matching",1,872,"L2m",4,"d","d","Ass1"
28,23,"Dreieck.png","Fremder","Nonmatching",1,890,"L2n",3,"k","k","Ass1"
28,24,"Dreieck.png","Ich","Matching",1,817,"L1m",1,"d","d","Ass1"
28,25,"Kreis.png","Fremder","Matching",1,762,"L2m",4,"d","d","Ass1"
28,26,"Dreieck.png","Ich","Matching",1,914,"L1m",1,"d","d","Ass1"
28,27,"Kreis.png","Ich","Nonmatching",1,805,"L1n",2,"k","k","Ass1"
28,28,"Dreieck.png","Fremder","Nonmatching",1,1161,"L2n",3,"k","k","Ass1"
28,29,"Kreis.png","Fremder","Matching",1,573,"L2m",4,"d","d","Ass1"
28,30,"Dreieck.png","Ich","Matching",0,584,"L1m",1,"k","d","Ass1"
28,31,"Kreis.png","Ich","Nonmatching",1,812,"L1n",2,"k","k","Ass1"
28,32,"Dreieck.png","Fremder","Nonmatching",1,855,"L2n",3,"k","k","Ass1"
28,33,"Dreieck.png","Fremder","Nonmatching",1,619,"L2n",3,"k","k","Ass1"
28,34,"Kreis.png","Ich","Nonmatching",1,609,"L1n",2,"k","k","Ass1"
28,35,"Kreis.png","Fremder","Matching",1,793,"L2m",4,"d","d","Ass1"
28,36,"Dreieck.png","Ich","Matching",1,778,"L1m",1,"d","d","Ass1"
28,37,"Kreis.png","Fremder","Matching",1,902,"L2m",4,"d","d","Ass1"
28,38,"Dreieck.png","Fremder","Nonmatching",1,1292,"L2n",3,"k","k","Ass1"
28,39,"Dreieck.png","Ich","Matching",1,802,"L1m",1,"d","d","Ass1"
28,40,"Kreis.png","Ich","Nonmatching",1,1559,"L1n",2,"k","k","Ass1"
28,41,"Dreieck.png","Ich","Matching",1,1267,"L1m",1,"d","d","Ass1"
28,42,"Kreis.png","Ich","Nonmatching",1,750,"L1n",2,"k","k","Ass1"
28,43,"Dreieck.png","Fremder","Nonmatching",1,1475,"L2n",3,"k","k","Ass1"
28,44,"Kreis.png","Fremder","Matching",1,1386,"L2m",4,"d","d","Ass1"
28,45,"Dreieck.png","Ich","Matching",1,1296,"L1m",1,"d","d","Ass1"
28,46,"Kreis.png","Ich","Nonmatching",1,772,"L1n",2,"k","k","Ass1"
28,47,"Kreis.png","Fremder","Matching",1,752,"L2m",4,"d","d","Ass1"
28,48,"Dreieck.png","Fremder","Nonmatching",1,640,"L2n",3,"k","k","Ass1"
28,49,"Kreis.png","Ich","Nonmatching",1,750,"L1n",2,"k","k","Ass1"
28,50,"Dreieck.png","Ich","Matching",1,719,"L1m",1,"d","d","Ass1"
28,51,"Kreis.png","Fremder","Matching",1,1023,"L2m",4,"d","d","Ass1"
28,52,"Dreieck.png","Fremder","Nonmatching",1,853,"L2n",3,"k","k","Ass1"
28,53,"Dreieck.png","Ich","Matching",1,704,"L1m",1,"d","d","Ass1"
28,54,"Kreis.png","Ich","Nonmatching",1,758,"L1n",2,"k","k","Ass1"
28,55,"Kreis.png","Fremder","Matching",1,619,"L2m",4,"d","d","Ass1"
28,56,"Dreieck.png","Fremder","Nonmatching",1,772,"L2n",3,"k","k","Ass1"
28,57,"Kreis.png","Ich","Nonmatching",0,513,"L1n",2,"d","k","Ass1"
28,58,"Dreieck.png","Fremder","Nonmatching",1,930,"L2n",3,"k","k","Ass1"
28,59,"Kreis.png","Fremder","Matching",1,905,"L2m",4,"d","d","Ass1"
28,60,"Dreieck.png","Ich","Matching",1,883,"L1m",1,"d","d","Ass1"
28,61,"Kreis.png","Fremder","Matching",1,701,"L2m",4,"d","d","Ass1"
28,62,"Kreis.png","Ich","Nonmatching",1,682,"L1n",2,"k","k","Ass1"
28,63,"Dreieck.png","Ich","Matching",1,973,"L1m",1,"d","d","Ass1"
28,64,"Dreieck.png","Fremder","Nonmatching",1,793,"L2n",3,"k","k","Ass1"
28,65,"Kreis.png","Fremder","Matching",1,1044,"L2m",4,"d","d","Ass1"
28,66,"Dreieck.png","Ich","Matching",1,965,"L1m",1,"d","d","Ass1"
28,67,"Dreieck.png","Fremder","Nonmatching",1,678,"L2n",3,"k","k","Ass1"
28,68,"Kreis.png","Ich","Nonmatching",1,904,"L1n",2,"k","k","Ass1"
28,69,"Kreis.png","Fremder","Matching",1,1080,"L2m",4,"d","d","Ass1"
28,70,"Dreieck.png","Fremder","Nonmatching",1,889,"L2n",3,"k","k","Ass1"
28,71,"Kreis.png","Ich","Nonmatching",1,892,"L1n",2,"k","k","Ass1"
28,72,"Dreieck.png","Ich","Matching",1,757,"L1m",1,"d","d","Ass1"
28,73,"Dreieck.png","Fremder","Nonmatching",1,1038,"L2n",3,"k","k","Ass1"
28,74,"Kreis.png","Ich","Nonmatching",1,795,"L1n",2,"k","k","Ass1"
28,75,"Dreieck.png","Ich","Matching",1,792,"L1m",1,"d","d","Ass1"
28,76,"Kreis.png","Fremder","Matching",0,673,"L2m",4,"k","d","Ass1"
28,77,"Kreis.png","Ich","Nonmatching",1,773,"L1n",2,"k","k","Ass1"
28,78,"Dreieck.png","Ich","Matching",1,792,"L1m",1,"d","d","Ass1"
28,79,"Dreieck.png","Fremder","Nonmatching",1,1458,"L2n",3,"k","k","Ass1"
28,80,"Kreis.png","Fremder","Matching",1,1065,"L2m",4,"d","d","Ass1"
28,81,"Kreis.png","Ich","Nonmatching",1,796,"L1n",2,"k","k","Ass1"
28,82,"Dreieck.png","Ich","Matching",1,913,"L1m",1,"d","d","Ass1"
28,83,"Dreieck.png","Fremder","Nonmatching",1,732,"L2n",3,"k","k","Ass1"
28,84,"Kreis.png","Fremder","Matching",1,823,"L2m",4,"d","d","Ass1"
28,85,"Dreieck.png","Ich","Matching",1,738,"L1m",1,"d","d","Ass1"
28,86,"Kreis.png","Ich","Nonmatching",1,615,"L1n",2,"k","k","Ass1"
28,87,"Kreis.png","Fremder","Matching",1,735,"L2m",4,"d","d","Ass1"
28,88,"Dreieck.png","Fremder","Nonmatching",0,718,"L2n",3,"d","k","Ass1"
28,89,"Dreieck.png","Ich","Matching",1,954,"L1m",1,"d","d","Ass1"
28,90,"Dreieck.png","Fremder","Nonmatching",1,1117,"L2n",3,"k","k","Ass1"
28,91,"Kreis.png","Ich","Nonmatching",1,830,"L1n",2,"k","k","Ass1"
28,92,"Kreis.png","Fremder","Matching",1,1118,"L2m",4,"d","d","Ass1"
28,93,"Dreieck.png","Fremder","Nonmatching",1,1627,"L2n",3,"k","k","Ass1"
28,94,"Kreis.png","Ich","Nonmatching",1,1297,"L1n",2,"k","k","Ass1"
28,95,"Kreis.png","Fremder","Matching",1,1429,"L2m",4,"d","d","Ass1"
28,96,"Dreieck.png","Ich","Matching",1,907,"L1m",1,"d","d","Ass1"
28,97,"Kreis.png","Ich","Nonmatching",1,820,"L1n",2,"k","k","Ass1"
28,98,"Dreieck.png","Ich","Matching",1,969,"L1m",1,"d","d","Ass1"
28,99,"Kreis.png","Fremder","Matching",1,870,"L2m",4,"d","d","Ass1"
28,100,"Dreieck.png","Fremder","Nonmatching",1,993,"L2n",3,"k","k","Ass1"
28,101,"Dreieck.png","Fremder","Nonmatching",1,1194,"L2n",3,"k","k","Ass1"
28,102,"Dreieck.png","Ich","Matching",1,577,"L1m",1,"d","d","Ass1"
28,103,"Kreis.png","Fremder","Matching",1,949,"L2m",4,"d","d","Ass1"
28,104,"Kreis.png","Ich","Nonmatching",1,880,"L1n",2,"k","k","Ass1"
28,105,"Dreieck.png","Fremder","Nonmatching",0,879,"L2n",3,"d","k","Ass1"
28,106,"Dreieck.png","Ich","Matching",1,1021,"L1m",1,"d","d","Ass1"
28,107,"Kreis.png","Fremder","Matching",1,915,"L2m",4,"d","d","Ass1"
28,108,"Kreis.png","Ich","Nonmatching",1,871,"L1n",2,"k","k","Ass1"
28,109,"Dreieck.png","Fremder","Nonmatching",1,861,"L2n",3,"k","k","Ass1"
28,110,"Dreieck.png","Ich","Matching",1,1167,"L1m",1,"d","d","Ass1"
28,111,"Kreis.png","Fremder","Matching",1,1316,"L2m",4,"d","d","Ass1"
28,112,"Kreis.png","Ich","Nonmatching",1,758,"L1n",2,"k","k","Ass1"
28,113,"Dreieck.png","Ich","Matching",1,883,"L1m",1,"d","d","Ass1"
28,114,"Kreis.png","Fremder","Matching",1,719,"L2m",4,"d","d","Ass1"
28,115,"Kreis.png","Ich","Nonmatching",1,664,"L1n",2,"k","k","Ass1"
28,116,"Dreieck.png","Fremder","Nonmatching",1,987,"L2n",3,"k","k","Ass1"
28,117,"Dreieck.png","Ich","Matching",1,812,"L1m",1,"d","d","Ass1"
28,118,"Kreis.png","Fremder","Matching",1,767,"L2m",4,"d","d","Ass1"
28,119,"Dreieck.png","Fremder","Nonmatching",1,718,"L2n",3,"k","k","Ass1"
28,120,"Kreis.png","Ich","Nonmatching",1,832,"L1n",2,"k","k","Ass1"
28,121,"Dreieck.png","Ich","Matching",1,910,"L1m",1,"d","d","Ass1"
28,122,"Kreis.png","Fremder","Matching",1,859,"L2m",4,"d","d","Ass1"
28,123,"Kreis.png","Ich","Nonmatching",1,1489,"L1n",2,"k","k","Ass1"
28,124,"Dreieck.png","Fremder","Nonmatching",1,1069,"L2n",3,"k","k","Ass1"
28,125,"Dreieck.png","Fremder","Nonmatching",1,1267,"L2n",3,"k","k","Ass1"
28,126,"Kreis.png","Fremder","Matching",1,1367,"L2m",4,"d","d","Ass1"
28,127,"Dreieck.png","Ich","Matching",1,1145,"L1m",1,"d","d","Ass1"
28,128,"Kreis.png","Ich","Nonmatching",1,922,"L1n",2,"k","k","Ass1"
32,1,"Dreieck.png","Ich","Nonmatching",0,2006,"L2n",3,"d","k","Ass2"
32,2,"Kreis.png","Ich","Matching",1,710,"L2m",4,"d","d","Ass2"
32,3,"Dreieck.png","Fremder","Matching",0,415,"L1m",1,"k","d","Ass2"
32,4,"Kreis.png","Fremder","Nonmatching",1,1660,"L1n",2,"k","k","Ass2"
32,5,"Dreieck.png","Ich","Nonmatching",0,1599,"L2n",3,"d","k","Ass2"
32,6,"Dreieck.png","Fremder","Matching",1,1087,"L1m",1,"d","d","Ass2"
32,7,"Kreis.png","Fremder","Nonmatching",1,1340,"L1n",2,"k","k","Ass2"
32,8,"Kreis.png","Ich","Matching",1,1793,"L2m",4,"d","d","Ass2"
32,9,"Dreieck.png","Ich","Nonmatching",1,1001,"L2n",3,"k","k","Ass2"
32,10,"Kreis.png","Ich","Matching",1,733,"L2m",4,"d","d","Ass2"
32,11,"Dreieck.png","Fremder","Matching",0,547,"L1m",1,"k","d","Ass2"
32,12,"Kreis.png","Fremder","Nonmatching",1,1619,"L1n",2,"k","k","Ass2"
32,13,"Kreis.png","Ich","Matching",1,639,"L2m",4,"d","d","Ass2"
32,14,"Dreieck.png","Ich","Nonmatching",1,772,"L2n",3,"k","k","Ass2"
32,15,"Dreieck.png","Fremder","Matching",0,611,"L1m",1,"k","d","Ass2"
32,16,"Kreis.png","Fremder","Nonmatching",1,1324,"L1n",2,"k","k","Ass2"
32,17,"Dreieck.png","Ich","Nonmatching",1,1838,"L2n",3,"k","k","Ass2"
32,18,"Kreis.png","Ich","Matching",1,755,"L2m",4,"d","d","Ass2"
32,19,"Kreis.png","Fremder","Nonmatching",1,1403,"L1n",2,"k","k","Ass2"
32,20,"Dreieck.png","Fremder","Matching",1,851,"L1m",1,"d","d","Ass2"
32,21,"Kreis.png","Ich","Matching",1,1489,"L2m",4,"d","d","Ass2"
32,22,"Dreieck.png","Ich","Nonmatching",1,1269,"L2n",3,"k","k","Ass2"
32,23,"Kreis.png","Fremder","Nonmatching",1,1196,"L1n",2,"k","k","Ass2"
32,24,"Dreieck.png","Fremder","Matching",1,842,"L1m",1,"d","d","Ass2"
32,25,"Kreis.png","Fremder","Nonmatching",1,863,"L1n",2,"k","k","Ass2"
32,26,"Kreis.png","Ich","Matching",1,367,"L2m",4,"d","d","Ass2"
32,27,"Dreieck.png","Ich","Nonmatching",1,831,"L2n",3,"k","k","Ass2"
32,28,"Dreieck.png","Fremder","Matching",1,730,"L1m",1,"d","d","Ass2"
32,29,"Dreieck.png","Fremder","Matching",1,871,"L1m",1,"d","d","Ass2"
32,30,"Dreieck.png","Ich","Nonmatching",1,721,"L2n",3,"k","k","Ass2"
32,31,"Kreis.png","Ich","Matching",1,630,"L2m",4,"d","d","Ass2"
32,32,"Kreis.png","Fremder","Nonmatching",1,812,"L1n",2,"k","k","Ass2"
32,33,"Kreis.png","Fremder","Nonmatching",1,675,"L1n",2,"k","k","Ass2"
32,34,"Dreieck.png","Ich","Nonmatching",1,522,"L2n",3,"k","k","Ass2"
32,35,"Dreieck.png","Fremder","Matching",1,980,"L1m",1,"d","d","Ass2"
32,36,"Kreis.png","Ich","Matching",1,914,"L2m",4,"d","d","Ass2"
32,37,"Kreis.png","Fremder","Nonmatching",1,513,"L1n",2,"k","k","Ass2"
32,38,"Kreis.png","Ich","Matching",1,465,"L2m",4,"d","d","Ass2"
32,39,"Dreieck.png","Fremder","Matching",0,506,"L1m",1,"k","d","Ass2"
32,40,"Dreieck.png","Ich","Nonmatching",1,1047,"L2n",3,"k","k","Ass2"
32,41,"Dreieck.png","Fremder","Matching",1,741,"L1m",1,"d","d","Ass2"
32,42,"Kreis.png","Fremder","Nonmatching",1,3206,"L1n",2,"k","k","Ass2"
32,43,"Dreieck.png","Ich","Nonmatching",1,921,"L2n",3,"k","k","Ass2"
32,44,"Kreis.png","Ich","Matching",1,358,"L2m",4,"d","d","Ass2"
32,45,"Dreieck.png","Fremder","Matching",1,404,"L1m",1,"d","d","Ass2"
32,46,"Dreieck.png","Ich","Nonmatching",0,652,"L2n",3,"d","k","Ass2"
32,47,"Kreis.png","Ich","Matching",1,525,"L2m",4,"d","d","Ass2"
32,48,"Kreis.png","Fremder","Nonmatching",1,491,"L1n",2,"k","k","Ass2"
32,49,"Dreieck.png","Ich","Nonmatching",1,1580,"L2n",3,"k","k","Ass2"
32,50,"Dreieck.png","Fremder","Matching",0,876,"L1m",1,"k","d","Ass2"
32,51,"Kreis.png","Ich","Matching",1,466,"L2m",4,"d","d","Ass2"
32,52,"Kreis.png","Fremder","Nonmatching",1,554,"L1n",2,"k","k","Ass2"
32,53,"Kreis.png","Ich","Matching",1,588,"L2m",4,"d","d","Ass2"
32,54,"Dreieck.png","Fremder","Matching",1,922,"L1m",1,"d","d","Ass2"
32,55,"Dreieck.png","Ich","Nonmatching",1,914,"L2n",3,"k","k","Ass2"
32,56,"Kreis.png","Fremder","Nonmatching",0,600,"L1n",2,"d","k","Ass2"
32,57,"Dreieck.png","Fremder","Matching",1,2186,"L1m",1,"d","d","Ass2"
32,58,"Kreis.png","Ich","Matching",1,484,"L2m",4,"d","d","Ass2"
32,59,"Kreis.png","Fremder","Nonmatching",0,985,"L1n",2,"d","k","Ass2"
32,60,"Dreieck.png","Ich","Nonmatching",0,453,"L2n",3,"d","k","Ass2"
32,61,"Kreis.png","Fremder","Nonmatching",0,910,"L1n",2,"d","k","Ass2"
32,62,"Dreieck.png","Ich","Nonmatching",1,1390,"L2n",3,"k","k","Ass2"
32,63,"Kreis.png","Ich","Matching",1,571,"L2m",4,"d","d","Ass2"
32,64,"Dreieck.png","Fremder","Matching",1,888,"L1m",1,"d","d","Ass2"
32,65,"Kreis.png","Fremder","Nonmatching",1,932,"L1n",2,"k","k","Ass2"
32,66,"Dreieck.png","Ich","Nonmatching",1,682,"L2n",3,"k","k","Ass2"
32,67,"Dreieck.png","Fremder","Matching",1,1939,"L1m",1,"d","d","Ass2"
32,68,"Kreis.png","Ich","Matching",1,332,"L2m",4,"d","d","Ass2"
32,69,"Kreis.png","Ich","Matching",1,503,"L2m",4,"d","d","Ass2"
32,70,"Kreis.png","Fremder","Nonmatching",1,695,"L1n",2,"k","k","Ass2"
32,71,"Dreieck.png","Fremder","Matching",0,555,"L1m",1,"k","d","Ass2"
32,72,"Dreieck.png","Ich","Nonmatching",0,545,"L2n",3,"d","k","Ass2"
32,73,"Dreieck.png","Fremder","Matching",1,1094,"L1m",1,"d","d","Ass2"
32,74,"Dreieck.png","Ich","Nonmatching",1,886,"L2n",3,"k","k","Ass2"
32,75,"Kreis.png","Fremder","Nonmatching",1,1627,"L1n",2,"k","k","Ass2"
32,76,"Kreis.png","Ich","Matching",1,629,"L2m",4,"d","d","Ass2"
32,77,"Kreis.png","Fremder","Nonmatching",1,763,"L1n",2,"k","k","Ass2"
32,78,"Dreieck.png","Ich","Nonmatching",0,542,"L2n",3,"d","k","Ass2"
32,79,"Kreis.png","Ich","Matching",1,754,"L2m",4,"d","d","Ass2"
32,80,"Dreieck.png","Fremder","Matching",1,1104,"L1m",1,"d","d","Ass2"
32,81,"Dreieck.png","Fremder","Matching",0,836,"L1m",1,"k","d","Ass2"
32,82,"Kreis.png","Fremder","Nonmatching",1,4620,"L1n",2,"k","k","Ass2"
32,83,"Kreis.png","Ich","Matching",1,499,"L2m",4,"d","d","Ass2"
32,84,"Dreieck.png","Ich","Nonmatching",1,738,"L2n",3,"k","k","Ass2"
32,85,"Dreieck.png","Fremder","Matching",0,630,"L1m",1,"k","d","Ass2"
32,86,"Kreis.png","Ich","Matching",1,330,"L2m",4,"d","d","Ass2"
32,87,"Dreieck.png","Ich","Nonmatching",1,769,"L2n",3,"k","k","Ass2"
32,88,"Kreis.png","Fremder","Nonmatching",1,1396,"L1n",2,"k","k","Ass2"
32,89,"Dreieck.png","Fremder","Matching",1,687,"L1m",1,"d","d","Ass2"
32,90,"Dreieck.png","Ich","Nonmatching",1,988,"L2n",3,"k","k","Ass2"
32,91,"Kreis.png","Ich","Matching",1,411,"L2m",4,"d","d","Ass2"
32,92,"Kreis.png","Fremder","Nonmatching",1,724,"L1n",2,"k","k","Ass2"
32,93,"Dreieck.png","Fremder","Matching",1,2493,"L1m",1,"d","d","Ass2"
32,94,"Dreieck.png","Ich","Nonmatching",1,750,"L2n",3,"k","k","Ass2"
32,95,"Kreis.png","Fremder","Nonmatching",1,1290,"L1n",2,"k","k","Ass2"
32,96,"Kreis.png","Ich","Matching",1,380,"L2m",4,"d","d","Ass2"
32,97,"Kreis.png","Fremder","Nonmatching",1,498,"L1n",2,"k","k","Ass2"
32,98,"Kreis.png","Ich","Matching",1,352,"L2m",4,"d","d","Ass2"
32,99,"Dreieck.png","Ich","Nonmatching",1,708,"L2n",3,"k","k","Ass2"
32,100,"Dreieck.png","Fremder","Matching",0,535,"L1m",1,"k","d","Ass2"
32,101,"Kreis.png","Ich","Matching",1,441,"L2m",4,"d","d","Ass2"
32,102,"Dreieck.png","Ich","Nonmatching",1,829,"L2n",3,"k","k","Ass2"
32,103,"Kreis.png","Fremder","Nonmatching",1,1039,"L1n",2,"k","k","Ass2"
32,104,"Dreieck.png","Fremder","Matching",1,443,"L1m",1,"d","d","Ass2"
32,105,"Kreis.png","Ich","Matching",1,342,"L2m",4,"d","d","Ass2"
32,106,"Dreieck.png","Fremder","Matching",1,900,"L1m",1,"d","d","Ass2"
32,107,"Dreieck.png","Ich","Nonmatching",1,797,"L2n",3,"k","k","Ass2"
32,108,"Kreis.png","Fremder","Nonmatching",1,624,"L1n",2,"k","k","Ass2"
32,109,"Dreieck.png","Ich","Nonmatching",0,236,"L2n",3,"d","k","Ass2"
32,110,"Dreieck.png","Fremder","Matching",1,861,"L1m",1,"d","d","Ass2"
32,111,"Kreis.png","Fremder","Nonmatching",1,1314,"L1n",2,"k","k","Ass2"
32,112,"Kreis.png","Ich","Matching",1,561,"L2m",4,"d","d","Ass2"
32,113,"Dreieck.png","Ich","Nonmatching",1,716,"L2n",3,"k","k","Ass2"
32,114,"Dreieck.png","Fremder","Matching",1,844,"L1m",1,"d","d","Ass2"
32,115,"Kreis.png","Fremder","Nonmatching",1,1308,"L1n",2,"k","k","Ass2"
32,116,"Kreis.png","Ich","Matching",1,399,"L2m",4,"d","d","Ass2"
32,117,"Dreieck.png","Ich","Nonmatching",1,662,"L2n",3,"k","k","Ass2"
32,118,"Kreis.png","Ich","Matching",1,477,"L2m",4,"d","d","Ass2"
32,119,"Dreieck.png","Fremder","Matching",0,510,"L1m",1,"k","d","Ass2"
32,120,"Kreis.png","Fremder","Nonmatching",1,569,"L1n",2,"k","k","Ass2"
32,121,"Kreis.png","Fremder","Nonmatching",1,994,"L1n",2,"k","k","Ass2"
32,122,"Kreis.png","Ich","Matching",1,545,"L2m",4,"d","d","Ass2"
32,123,"Dreieck.png","Ich","Nonmatching",1,662,"L2n",3,"k","k","Ass2"
32,124,"Dreieck.png","Fremder","Matching",1,759,"L1m",1,"d","d","Ass2"
32,125,"Kreis.png","Ich","Matching",1,392,"L2m",4,"d","d","Ass2"
32,126,"Dreieck.png","Fremder","Matching",1,611,"L1m",1,"d","d","Ass2"
32,127,"Kreis.png","Fremder","Nonmatching",1,1240,"L1n",2,"k","k","Ass2"
32,128,"Dreieck.png","Ich","Nonmatching",1,674,"L2n",3,"k","k","Ass2"
33,1,"Kreis.png","Ich","Matching",1,506,"L2m",4,"d","d","Ass2"
33,2,"Kreis.png","Fremder","Nonmatching",0,432,"L1n",2,"d","k","Ass2"
33,3,"Dreieck.png","Fremder","Matching",0,877,"L1m",1,"k","d","Ass2"
33,4,"Dreieck.png","Ich","Nonmatching",1,802,"L2n",3,"k","k","Ass2"
33,5,"Dreieck.png","Fremder","Matching",1,658,"L1m",1,"d","d","Ass2"
33,6,"Dreieck.png","Ich","Nonmatching",1,898,"L2n",3,"k","k","Ass2"
33,7,"Kreis.png","Ich","Matching",1,571,"L2m",4,"d","d","Ass2"
33,8,"Kreis.png","Fremder","Nonmatching",1,733,"L1n",2,"k","k","Ass2"
33,9,"Kreis.png","Ich","Matching",1,602,"L2m",4,"d","d","Ass2"
33,10,"Kreis.png","Fremder","Nonmatching",1,1807,"L1n",2,"k","k","Ass2"
33,11,"Dreieck.png","Ich","Nonmatching",0,547,"L2n",3,"d","k","Ass2"
33,12,"Dreieck.png","Fremder","Matching",1,665,"L1m",1,"d","d","Ass2"
33,13,"Dreieck.png","Ich","Nonmatching",1,607,"L2n",3,"k","k","Ass2"
33,14,"Kreis.png","Fremder","Nonmatching",1,681,"L1n",2,"k","k","Ass2"
33,15,"Kreis.png","Ich","Matching",0,604,"L2m",4,"k","d","Ass2"
33,16,"Dreieck.png","Fremder","Matching",1,475,"L1m",1,"d","d","Ass2"
33,17,"Kreis.png","Ich","Matching",0,802,"L2m",4,"k","d","Ass2"
33,18,"Dreieck.png","Fremder","Matching",1,1179,"L1m",1,"d","d","Ass2"
33,19,"Kreis.png","Fremder","Nonmatching",1,724,"L1n",2,"k","k","Ass2"
33,20,"Dreieck.png","Ich","Nonmatching",1,899,"L2n",3,"k","k","Ass2"
33,21,"Dreieck.png","Ich","Nonmatching",1,1314,"L2n",3,"k","k","Ass2"
33,22,"Kreis.png","Ich","Matching",1,620,"L2m",4,"d","d","Ass2"
33,23,"Kreis.png","Fremder","Nonmatching",1,738,"L1n",2,"k","k","Ass2"
33,24,"Dreieck.png","Fremder","Matching",1,1137,"L1m",1,"d","d","Ass2"
33,25,"Kreis.png","Fremder","Nonmatching",1,719,"L1n",2,"k","k","Ass2"
33,26,"Dreieck.png","Ich","Nonmatching",1,922,"L2n",3,"k","k","Ass2"
33,27,"Kreis.png","Ich","Matching",1,665,"L2m",4,"d","d","Ass2"
33,28,"Dreieck.png","Fremder","Matching",1,965,"L1m",1,"d","d","Ass2"
33,29,"Dreieck.png","Ich","Nonmatching",1,739,"L2n",3,"k","k","Ass2"
33,30,"Dreieck.png","Fremder","Matching",0,597,"L1m",1,"k","d","Ass2"
33,31,"Kreis.png","Ich","Matching",1,452,"L2m",4,"d","d","Ass2"
33,32,"Kreis.png","Fremder","Nonmatching",1,749,"L1n",2,"k","k","Ass2"
33,33,"Dreieck.png","Ich","Nonmatching",1,658,"L2n",3,"k","k","Ass2"
33,34,"Dreieck.png","Fremder","Matching",1,694,"L1m",1,"d","d","Ass2"
33,35,"Kreis.png","Fremder","Nonmatching",0,501,"L1n",2,"d","k","Ass2"
33,36,"Kreis.png","Ich","Matching",1,681,"L2m",4,"d","d","Ass2"
33,37,"Kreis.png","Ich","Matching",1,586,"L2m",4,"d","d","Ass2"
33,38,"Dreieck.png","Ich","Nonmatching",1,790,"L2n",3,"k","k","Ass2"
33,39,"Dreieck.png","Fremder","Matching",1,689,"L1m",1,"d","d","Ass2"
33,40,"Kreis.png","Fremder","Nonmatching",1,676,"L1n",2,"k","k","Ass2"
33,41,"Dreieck.png","Ich","Nonmatching",1,809,"L2n",3,"k","k","Ass2"
33,42,"Kreis.png","Ich","Matching",1,680,"L2m",4,"d","d","Ass2"
33,43,"Kreis.png","Fremder","Nonmatching",1,789,"L1n",2,"k","k","Ass2"
33,44,"Dreieck.png","Fremder","Matching",1,1287,"L1m",1,"d","d","Ass2"
33,45,"Kreis.png","Ich","Matching",0,708,"L2m",4,"k","d","Ass2"
33,46,"Dreieck.png","Fremder","Matching",1,803,"L1m",1,"d","d","Ass2"
33,47,"Kreis.png","Fremder","Nonmatching",1,565,"L1n",2,"k","k","Ass2"
33,48,"Dreieck.png","Ich","Nonmatching",0,533,"L2n",3,"d","k","Ass2"
33,49,"Kreis.png","Ich","Matching",1,685,"L2m",4,"d","d","Ass2"
33,50,"Dreieck.png","Fremder","Matching",0,665,"L1m",1,"k","d","Ass2"
33,51,"Kreis.png","Fremder","Nonmatching",1,641,"L1n",2,"k","k","Ass2"
33,52,"Dreieck.png","Ich","Nonmatching",0,667,"L2n",3,"d","k","Ass2"
33,53,"Dreieck.png","Fremder","Matching",1,882,"L1m",1,"d","d","Ass2"
33,54,"Kreis.png","Ich","Matching",1,602,"L2m",4,"d","d","Ass2"
33,55,"Kreis.png","Fremder","Nonmatching",1,689,"L1n",2,"k","k","Ass2"
33,56,"Dreieck.png","Ich","Nonmatching",0,646,"L2n",3,"d","k","Ass2"
33,57,"Dreieck.png","Ich","Nonmatching",1,716,"L2n",3,"k","k","Ass2"
33,58,"Kreis.png","Ich","Matching",1,622,"L2m",4,"d","d","Ass2"
33,59,"Kreis.png","Fremder","Nonmatching",1,758,"L1n",2,"k","k","Ass2"
33,60,"Dreieck.png","Fremder","Matching",1,773,"L1m",1,"d","d","Ass2"
33,61,"Kreis.png","Ich","Matching",1,949,"L2m",4,"d","d","Ass2"
33,62,"Kreis.png","Fremder","Nonmatching",1,650,"L1n",2,"k","k","Ass2"
33,63,"Dreieck.png","Fremder","Matching",1,728,"L1m",1,"d","d","Ass2"
33,64,"Dreieck.png","Ich","Nonmatching",1,596,"L2n",3,"k","k","Ass2"
33,65,"Kreis.png","Ich","Matching",1,456,"L2m",4,"d","d","Ass2"
33,66,"Dreieck.png","Ich","Nonmatching",1,890,"L2n",3,"k","k","Ass2"
33,67,"Kreis.png","Fremder","Nonmatching",1,1103,"L1n",2,"k","k","Ass2"
33,68,"Dreieck.png","Fremder","Matching",0,628,"L1m",1,"k","d","Ass2"
33,69,"Kreis.png","Fremder","Nonmatching",1,795,"L1n",2,"k","k","Ass2"
33,70,"Kreis.png","Ich","Matching",1,817,"L2m",4,"d","d","Ass2"
33,71,"Dreieck.png","Ich","Nonmatching",1,1128,"L2n",3,"k","k","Ass2"
33,72,"Dreieck.png","Fremder","Matching",1,830,"L1m",1,"d","d","Ass2"
33,73,"Dreieck.png","Fremder","Matching",1,1152,"L1m",1,"d","d","Ass2"
33,74,"Kreis.png","Fremder","Nonmatching",1,616,"L1n",2,"k","k","Ass2"
33,75,"Kreis.png","Ich","Matching",1,665,"L2m",4,"d","d","Ass2"
33,76,"Dreieck.png","Ich","Nonmatching",1,788,"L2n",3,"k","k","Ass2"
33,77,"Dreieck.png","Fremder","Matching",1,878,"L1m",1,"d","d","Ass2"
33,78,"Dreieck.png","Ich","Nonmatching",1,1323,"L2n",3,"k","k","Ass2"
33,79,"Kreis.png","Ich","Matching",1,832,"L2m",4,"d","d","Ass2"
33,80,"Kreis.png","Fremder","Nonmatching",1,737,"L1n",2,"k","k","Ass2"
33,81,"Kreis.png","Ich","Matching",1,638,"L2m",4,"d","d","Ass2"
33,82,"Dreieck.png","Fremder","Matching",1,682,"L1m",1,"d","d","Ass2"
33,83,"Dreieck.png","Ich","Nonmatching",1,1036,"L2n",3,"k","k","Ass2"
33,84,"Kreis.png","Fremder","Nonmatching",1,815,"L1n",2,"k","k","Ass2"
33,85,"Kreis.png","Ich","Matching",1,661,"L2m",4,"d","d","Ass2"
33,86,"Dreieck.png","Fremder","Matching",1,892,"L1m",1,"d","d","Ass2"
33,87,"Dreieck.png","Ich","Nonmatching",0,1100,"L2n",3,"d","k","Ass2"
33,88,"Kreis.png","Fremder","Nonmatching",1,650,"L1n",2,"k","k","Ass2"
33,89,"Dreieck.png","Fremder","Matching",1,819,"L1m",1,"d","d","Ass2"
33,90,"Dreieck.png","Ich","Nonmatching",1,756,"L2n",3,"k","k","Ass2"
33,91,"Kreis.png","Fremder","Nonmatching",1,1011,"L1n",2,"k","k","Ass2"
33,92,"Kreis.png","Ich","Matching",1,864,"L2m",4,"d","d","Ass2"
33,93,"Kreis.png","Ich","Matching",1,650,"L2m",4,"d","d","Ass2"
33,94,"Dreieck.png","Fremder","Matching",1,598,"L1m",1,"d","d","Ass2"
33,95,"Kreis.png","Fremder","Nonmatching",1,1251,"L1n",2,"k","k","Ass2"
33,96,"Dreieck.png","Ich","Nonmatching",1,726,"L2n",3,"k","k","Ass2"
33,97,"Dreieck.png","Ich","Nonmatching",1,657,"L2n",3,"k","k","Ass2"
33,98,"Kreis.png","Fremder","Nonmatching",1,792,"L1n",2,"k","k","Ass2"
33,99,"Kreis.png","Ich","Matching",1,729,"L2m",4,"d","d","Ass2"
33,100,"Dreieck.png","Fremder","Matching",1,1129,"L1m",1,"d","d","Ass2"
33,101,"Kreis.png","Ich","Matching",1,741,"L2m",4,"d","d","Ass2"
33,102,"Dreieck.png","Fremder","Matching",1,699,"L1m",1,"d","d","Ass2"
33,103,"Kreis.png","Fremder","Nonmatching",1,715,"L1n",2,"k","k","Ass2"
33,104,"Dreieck.png","Ich","Nonmatching",0,828,"L2n",3,"d","k","Ass2"
33,105,"Dreieck.png","Ich","Nonmatching",1,627,"L2n",3,"k","k","Ass2"
33,106,"Kreis.png","Ich","Matching",1,649,"L2m",4,"d","d","Ass2"
33,107,"Dreieck.png","Fremder","Matching",0,503,"L1m",1,"k","d","Ass2"
33,108,"Kreis.png","Fremder","Nonmatching",1,792,"L1n",2,"k","k","Ass2"
33,109,"Kreis.png","Fremder","Nonmatching",1,650,"L1n",2,"k","k","Ass2"
33,110,"Dreieck.png","Ich","Nonmatching",0,653,"L2n",3,"d","k","Ass2"
33,111,"Dreieck.png","Fremder","Matching",1,712,"L1m",1,"d","d","Ass2"
33,112,"Kreis.png","Ich","Matching",1,665,"L2m",4,"d","d","Ass2"
33,113,"Kreis.png","Fremder","Nonmatching",1,732,"L1n",2,"k","k","Ass2"
33,114,"Kreis.png","Ich","Matching",1,854,"L2m",4,"d","d","Ass2"
33,115,"Dreieck.png","Ich","Nonmatching",1,717,"L2n",3,"k","k","Ass2"
33,116,"Dreieck.png","Fremder","Matching",1,643,"L1m",1,"d","d","Ass2"
33,117,"Dreieck.png","Ich","Nonmatching",1,796,"L2n",3,"k","k","Ass2"
33,118,"Kreis.png","Fremder","Nonmatching",1,1082,"L1n",2,"k","k","Ass2"
33,119,"Dreieck.png","Fremder","Matching",1,996,"L1m",1,"d","d","Ass2"
33,120,"Kreis.png","Ich","Matching",1,560,"L2m",4,"d","d","Ass2"
33,121,"Dreieck.png","Ich","Nonmatching",1,862,"L2n",3,"k","k","Ass2"
33,122,"Dreieck.png","Fremder","Matching",1,1205,"L1m",1,"d","d","Ass2"
33,123,"Kreis.png","Ich","Matching",1,964,"L2m",4,"d","d","Ass2"
33,124,"Kreis.png","Fremder","Nonmatching",1,747,"L1n",2,"k","k","Ass2"
33,125,"Kreis.png","Ich","Matching",1,1277,"L2m",4,"d","d","Ass2"
33,126,"Kreis.png","Fremder","Nonmatching",1,748,"L1n",2,"k","k","Ass2"
33,127,"Dreieck.png","Fremder","Matching",1,688,"L1m",1,"d","d","Ass2"
33,128,"Dreieck.png","Ich","Nonmatching",1,1306,"L2n",3,"k","k","Ass2"
