"subNo","hand","phaselabel","trial","resp","objnumber","objname","permutation","slot_identity1","slot_identity2","slot_identity3","version","self_pseudoword","objtype","ac","rt_ms"
"3001","1","test","1","m","3","shape3.jpg","1","You","Julia","<none>","3","Miru","1","0","1144"
"3001","1","test","2","z","4","shape1.jpg","1","You","Julia","<none>","3","Miru","2","0","979"
"3001","1","test","3","m","3","shape3.jpg","1","You","Julia","<none>","3","Miru","1","0","703"
"3001","1","test","4","z","6","shape3.jpg","1","You","Julia","<none>","3","Miru","2","0","742"
"3001","1","test","5","z","5","shape2.jpg","1","You","Julia","<none>","3","Miru","2","0","1293"
"3001","1","test","6","m","3","shape3.jpg","1","You","Julia","<none>","3","Miru","1","0","907"
"3001","1","test","7","z","3","shape3.jpg","1","You","Julia","<none>","3","Miru","1","1","552"
"3001","1","test","8","z","6","shape3.jpg","1","You","Julia","<none>","3","Miru","2","0","760"
"3001","1","test","9","m","5","shape2.jpg","1","You","Julia","<none>","3","Miru","2","1","1020"
"3001","1","test","10","z","2","shape2.jpg","1","You","Julia","<none>","3","Miru","1","1","1125"
"3001","1","test","11","m","5","shape2.jpg","1","You","Julia","<none>","3","Miru","2","1","1131"
"3001","1","test","12","m","9","shape3.jpg","1","You","Julia","<none>","3","Miru","2","1","1049"
"3001","1","test","13","m","8","shape2.jpg","1","You","Julia","<none>","3","Miru","2","1","1104"
"3001","1","test","14","m","9","shape3.jpg","1","You","Julia","<none>","3","Miru","2","1","990"
"3001","1","test","15","m","4","shape1.jpg","1","You","Julia","<none>","3","Miru","2","1","1130"
"3001","1","test","16","z","2","shape2.jpg","1","You","Julia","<none>","3","Miru","1","1","1045"
"3001","1","test","17","z","4","shape1.jpg","1","You","Julia","<none>","3","Miru","2","0","1328"
"3001","1","test","18","z","3","shape3.jpg","1","You","Julia","<none>","3","Miru","1","1","1030"
"3001","1","test","19","z","5","shape2.jpg","1","You","Julia","<none>","3","Miru","2","0","894"
"3001","1","test","20","z","2","shape2.jpg","1","You","Julia","<none>","3","Miru","1","1","1244"
"3001","1","test","21","z","4","shape1.jpg","1","You","Julia","<none>","3","Miru","2","0","1366"
"3001","1","test","22","z","2","shape2.jpg","1","You","Julia","<none>","3","Miru","1","1","1161"
"3001","1","test","23","z","5","shape2.jpg","1","You","Julia","<none>","3","Miru","2","0","1261"
"3001","1","test","24","z","1","shape1.jpg","1","You","Julia","<none>","3","Miru","1","1","630"
"3001","1","test","25","z","1","shape1.jpg","1","You","Julia","<none>","3","Miru","1","1","641"
"3001","1","test","26","m","6","shape3.jpg","1","You","Julia","<none>","3","Miru","2","1","778"
"3001","1","test","27","z","1","shape1.jpg","1","You","Julia","<none>","3","Miru","1","1","1318"
"3001","1","test","28","z","2","shape2.jpg","1","You","Julia","<none>","3","Miru","1","1","972"
"3001","1","test","29","m","1","shape1.jpg","1","You","Julia","<none>","3","Miru","1","0","959"
"3001","1","test","30","x","5","shape2.jpg","1","You","Julia","<none>","3","Miru","2","0","1499"
"3001","1","test","31","z","3","shape3.jpg","1","You","Julia","<none>","3","Miru","1","1","782"
"3001","1","test","32","z","2","shape2.jpg","1","You","Julia","<none>","3","Miru","1","1","1267"
"3001","1","test","33","m","7","shape1.jpg","1","You","Julia","<none>","3","Miru","2","1","946"
"3001","1","test","34","m","8","shape2.jpg","1","You","Julia","<none>","3","Miru","2","1","792"
"3001","1","test","35","m","4","shape1.jpg","1","You","Julia","<none>","3","Miru","2","1","714"
"3001","1","test","36","z","3","shape3.jpg","1","You","Julia","<none>","3","Miru","1","1","936"
"3001","1","test","37","m","6","shape3.jpg","1","You","Julia","<none>","3","Miru","2","1","991"
"3001","1","test","38","z","5","shape2.jpg","1","You","Julia","<none>","3","Miru","2","0","649"
"3001","1","test","39","m","3","shape3.jpg","1","You","Julia","<none>","3","Miru","1","0","700"
"3001","1","test","40","m","8","shape2.jpg","1","You","Julia","<none>","3","Miru","2","1","1019"
"3001","1","test","41","z","1","shape1.jpg","1","You","Julia","<none>","3","Miru","1","1","748"
"3001","1","test","42","m","9","shape3.jpg","1","You","Julia","<none>","3","Miru","2","1","617"
"3001","1","test","43","z","7","shape1.jpg","1","You","Julia","<none>","3","Miru","2","0","1172"
"3001","1","test","44","z","3","shape3.jpg","1","You","Julia","<none>","3","Miru","1","1","1159"
"3001","1","test","45","m","5","shape2.jpg","1","You","Julia","<none>","3","Miru","2","1","915"
"3001","1","test","46","x","2","shape2.jpg","1","You","Julia","<none>","3","Miru","1","0","1498"
"3001","1","test","47","m","3","shape3.jpg","1","You","Julia","<none>","3","Miru","1","0","966"
"3001","1","test","48","z","1","shape1.jpg","1","You","Julia","<none>","3","Miru","1","1","618"
"3001","1","test","49","m","3","shape3.jpg","1","You","Julia","<none>","3","Miru","1","0","691"
"3001","1","test","50","z","1","shape1.jpg","1","You","Julia","<none>","3","Miru","1","1","763"
"3001","1","test","51","m","4","shape1.jpg","1","You","Julia","<none>","3","Miru","2","1","906"
"3001","1","test","52","z","8","shape2.jpg","1","You","Julia","<none>","3","Miru","2","0","1135"
"3001","1","test","53","m","1","shape1.jpg","1","You","Julia","<none>","3","Miru","1","0","621"
"3001","1","test","54","z","9","shape3.jpg","1","You","Julia","<none>","3","Miru","2","0","888"
"3001","1","test","55","z","7","shape1.jpg","1","You","Julia","<none>","3","Miru","2","0","838"
"3001","1","test","56","m","2","shape2.jpg","1","You","Julia","<none>","3","Miru","1","0","1280"
"3001","1","test","57","z","2","shape2.jpg","1","You","Julia","<none>","3","Miru","1","1","926"
"3001","1","test","58","m","9","shape3.jpg","1","You","Julia","<none>","3","Miru","2","1","894"
"3001","1","test","59","m","9","shape3.jpg","1","You","Julia","<none>","3","Miru","2","1","988"
"3001","1","test","60","m","3","shape3.jpg","1","You","Julia","<none>","3","Miru","1","0","1022"
"3001","1","test","61","z","2","shape2.jpg","1","You","Julia","<none>","3","Miru","1","1","992"
"3001","1","test","62","z","2","shape2.jpg","1","You","Julia","<none>","3","Miru","1","1","748"
"3001","1","test","63","m","7","shape1.jpg","1","You","Julia","<none>","3","Miru","2","1","809"
"3001","1","test","64","z","2","shape2.jpg","1","You","Julia","<none>","3","Miru","1","1","957"
"3001","1","test","65","m","1","shape1.jpg","1","You","Julia","<none>","3","Miru","1","0","1064"
"3001","1","test","66","z","3","shape3.jpg","1","You","Julia","<none>","3","Miru","1","1","992"
"3001","1","test","67","z","3","shape3.jpg","1","You","Julia","<none>","3","Miru","1","1","972"
"3001","1","test","68","m","4","shape1.jpg","1","You","Julia","<none>","3","Miru","2","1","1031"
"3001","1","test","69","z","2","shape2.jpg","1","You","Julia","<none>","3","Miru","1","1","994"
"3001","1","test","70","z","1","shape1.jpg","1","You","Julia","<none>","3","Miru","1","1","828"
"3001","1","test","71","m","8","shape2.jpg","1","You","Julia","<none>","3","Miru","2","1","775"
"3001","1","test","72","z","6","shape3.jpg","1","You","Julia","<none>","3","Miru","2","0","883"
"3001","1","test","73","m","3","shape3.jpg","1","You","Julia","<none>","3","Miru","1","0","1330"
"3001","1","test","74","z","9","shape3.jpg","1","You","Julia","<none>","3","Miru","2","0","1096"
"3001","1","test","75","x","8","shape2.jpg","1","You","Julia","<none>","3","Miru","2","0","1500"
"3001","1","test","76","z","2","shape2.jpg","1","You","Julia","<none>","3","Miru","1","1","658"
"3001","1","test","77","z","1","shape1.jpg","1","You","Julia","<none>","3","Miru","1","1","675"
"3001","1","test","78","m","9","shape3.jpg","1","You","Julia","<none>","3","Miru","2","1","684"
"3001","1","test","79","m","5","shape2.jpg","1","You","Julia","<none>","3","Miru","2","1","763"
"3001","1","test","80","z","3","shape3.jpg","1","You","Julia","<none>","3","Miru","1","1","1258"
"3001","1","test","81","m","7","shape1.jpg","1","You","Julia","<none>","3","Miru","2","1","617"
"3001","1","test","82","z","9","shape3.jpg","1","You","Julia","<none>","3","Miru","2","0","691"
"3001","1","test","83","m","1","shape1.jpg","1","You","Julia","<none>","3","Miru","1","0","619"
"3001","1","test","84","z","1","shape1.jpg","1","You","Julia","<none>","3","Miru","1","1","486"
"3001","1","test","85","m","3","shape3.jpg","1","You","Julia","<none>","3","Miru","1","0","496"
"3001","1","test","86","z","9","shape3.jpg","1","You","Julia","<none>","3","Miru","2","0","472"
"3001","1","test","87","m","6","shape3.jpg","1","You","Julia","<none>","3","Miru","2","1","682"
"3001","1","test","88","m","6","shape3.jpg","1","You","Julia","<none>","3","Miru","2","1","729"
"3001","1","test","89","z","2","shape2.jpg","1","You","Julia","<none>","3","Miru","1","1","736"
"3001","1","test","90","m","1","shape1.jpg","1","You","Julia","<none>","3","Miru","1","0","1086"
"3001","1","test","91","m","6","shape3.jpg","1","You","Julia","<none>","3","Miru","2","1","684"
"3001","1","test","92","m","3","shape3.jpg","1","You","Julia","<none>","3","Miru","1","0","836"
"3001","1","test","93","m","8","shape2.jpg","1","You","Julia","<none>","3","Miru","2","1","1332"
"3001","1","test","94","z","3","shape3.jpg","1","You","Julia","<none>","3","Miru","1","1","874"
"3001","1","test","95","z","9","shape3.jpg","1","You","Julia","<none>","3","Miru","2","0","514"
"3001","1","test","96","m","3","shape3.jpg","1","You","Julia","<none>","3","Miru","1","0","649"
"3001","1","test","97","z","1","shape1.jpg","1","You","Julia","<none>","3","Miru","1","1","626"
"3001","1","test","98","z","7","shape1.jpg","1","You","Julia","<none>","3","Miru","2","0","525"
"3001","1","test","99","m","4","shape1.jpg","1","You","Julia","<none>","3","Miru","2","1","972"
"3001","1","test","100","m","6","shape3.jpg","1","You","Julia","<none>","3","Miru","2","1","816"
"3001","1","test","101","m","6","shape3.jpg","1","You","Julia","<none>","3","Miru","2","1","1091"
"3001","1","test","102","m","3","shape3.jpg","1","You","Julia","<none>","3","Miru","1","0","785"
"3001","1","test","103","z","8","shape2.jpg","1","You","Julia","<none>","3","Miru","2","0","1188"
"3001","1","test","104","m","3","shape3.jpg","1","You","Julia","<none>","3","Miru","1","0","767"
"3001","1","test","105","z","2","shape2.jpg","1","You","Julia","<none>","3","Miru","1","1","700"
"3001","1","test","106","m","2","shape2.jpg","1","You","Julia","<none>","3","Miru","1","0","996"
"3001","1","test","107","z","1","shape1.jpg","1","You","Julia","<none>","3","Miru","1","1","773"
"3001","1","test","108","m","2","shape2.jpg","1","You","Julia","<none>","3","Miru","1","0","1106"
"3001","1","test","109","m","9","shape3.jpg","1","You","Julia","<none>","3","Miru","2","1","1081"
"3001","1","test","110","m","3","shape3.jpg","1","You","Julia","<none>","3","Miru","1","0","952"
"3001","1","test","111","m","7","shape1.jpg","1","You","Julia","<none>","3","Miru","2","1","869"
"3001","1","test","112","m","3","shape3.jpg","1","You","Julia","<none>","3","Miru","1","0","804"
"3001","1","test","113","m","9","shape3.jpg","1","You","Julia","<none>","3","Miru","2","1","1135"
"3001","1","test","114","m","5","shape2.jpg","1","You","Julia","<none>","3","Miru","2","1","1236"
"3001","1","test","115","z","1","shape1.jpg","1","You","Julia","<none>","3","Miru","1","1","686"
"3001","1","test","116","z","1","shape1.jpg","1","You","Julia","<none>","3","Miru","1","1","868"
"3001","1","test","117","m","2","shape2.jpg","1","You","Julia","<none>","3","Miru","1","0","813"
"3001","1","test","118","m","6","shape3.jpg","1","You","Julia","<none>","3","Miru","2","1","655"
"3001","1","test","119","z","1","shape1.jpg","1","You","Julia","<none>","3","Miru","1","1","1274"
"3001","1","test","120","z","1","shape1.jpg","1","You","Julia","<none>","3","Miru","1","1","1175"
"3001","1","test","121","z","1","shape1.jpg","1","You","Julia","<none>","3","Miru","1","1","783"
"3001","1","test","122","z","1","shape1.jpg","1","You","Julia","<none>","3","Miru","1","1","498"
"3001","1","test","123","m","6","shape3.jpg","1","You","Julia","<none>","3","Miru","2","1","938"
"3001","1","test","124","m","3","shape3.jpg","1","You","Julia","<none>","3","Miru","1","0","656"
"3001","1","test","125","z","9","shape3.jpg","1","You","Julia","<none>","3","Miru","2","0","944"
"3001","1","test","126","z","1","shape1.jpg","1","You","Julia","<none>","3","Miru","1","1","590"
"3001","1","test","127","m","3","shape3.jpg","1","You","Julia","<none>","3","Miru","1","0","722"
"3001","1","test","128","m","5","shape2.jpg","1","You","Julia","<none>","3","Miru","2","1","874"
"3001","1","test","129","m","4","shape1.jpg","1","You","Julia","<none>","3","Miru","2","1","1034"
"3001","1","test","130","z","7","shape1.jpg","1","You","Julia","<none>","3","Miru","2","0","1075"
"3001","1","test","131","m","3","shape3.jpg","1","You","Julia","<none>","3","Miru","1","0","793"
"3001","1","test","132","m","6","shape3.jpg","1","You","Julia","<none>","3","Miru","2","1","884"
"3001","1","test","133","z","1","shape1.jpg","1","You","Julia","<none>","3","Miru","1","1","869"
"3001","1","test","134","m","6","shape3.jpg","1","You","Julia","<none>","3","Miru","2","1","685"
"3001","1","test","135","z","8","shape2.jpg","1","You","Julia","<none>","3","Miru","2","0","1022"
"3001","1","test","136","z","4","shape1.jpg","1","You","Julia","<none>","3","Miru","2","0","1446"
"3001","1","test","137","m","8","shape2.jpg","1","You","Julia","<none>","3","Miru","2","1","1181"
"3001","1","test","138","z","6","shape3.jpg","1","You","Julia","<none>","3","Miru","2","0","1330"
"3001","1","test","139","m","8","shape2.jpg","1","You","Julia","<none>","3","Miru","2","1","957"
"3001","1","test","140","m","4","shape1.jpg","1","You","Julia","<none>","3","Miru","2","1","875"
"3001","1","test","141","z","2","shape2.jpg","1","You","Julia","<none>","3","Miru","1","1","1258"
"3001","1","test","142","z","1","shape1.jpg","1","You","Julia","<none>","3","Miru","1","1","747"
"3001","1","test","143","m","5","shape2.jpg","1","You","Julia","<none>","3","Miru","2","1","719"
"3001","1","test","144","m","6","shape3.jpg","1","You","Julia","<none>","3","Miru","2","1","879"
"3001","1","test","145","z","4","shape1.jpg","1","You","Julia","<none>","3","Miru","2","0","1303"
"3001","1","test","146","z","1","shape1.jpg","1","You","Julia","<none>","3","Miru","1","1","1236"
"3001","1","test","147","m","3","shape3.jpg","1","You","Julia","<none>","3","Miru","1","0","820"
"3001","1","test","148","z","1","shape1.jpg","1","You","Julia","<none>","3","Miru","1","1","830"
"3001","1","test","149","z","1","shape1.jpg","1","You","Julia","<none>","3","Miru","1","1","682"
"3001","1","test","150","m","5","shape2.jpg","1","You","Julia","<none>","3","Miru","2","1","768"
"3001","1","test","151","z","1","shape1.jpg","1","You","Julia","<none>","3","Miru","1","1","749"
"3001","1","test","152","z","6","shape3.jpg","1","You","Julia","<none>","3","Miru","2","0","1146"
"3001","1","test","153","z","1","shape1.jpg","1","You","Julia","<none>","3","Miru","1","1","840"
"3001","1","test","154","z","3","shape3.jpg","1","You","Julia","<none>","3","Miru","1","1","1024"
"3001","1","test","155","z","7","shape1.jpg","1","You","Julia","<none>","3","Miru","2","0","1114"
"3001","1","test","156","z","2","shape2.jpg","1","You","Julia","<none>","3","Miru","1","1","1079"
"3001","1","test","157","z","2","shape2.jpg","1","You","Julia","<none>","3","Miru","1","1","631"
"3001","1","test","158","z","2","shape2.jpg","1","You","Julia","<none>","3","Miru","1","1","618"
"3001","1","test","159","z","1","shape1.jpg","1","You","Julia","<none>","3","Miru","1","1","718"
"3001","1","test","160","m","8","shape2.jpg","1","You","Julia","<none>","3","Miru","2","1","1284"
"3001","1","test","161","z","2","shape2.jpg","1","You","Julia","<none>","3","Miru","1","1","1226"
"3001","1","test","162","m","7","shape1.jpg","1","You","Julia","<none>","3","Miru","2","1","898"
"3001","1","test","163","z","3","shape3.jpg","1","You","Julia","<none>","3","Miru","1","1","1010"
"3001","1","test","164","x","5","shape2.jpg","1","You","Julia","<none>","3","Miru","2","0","1500"
"3001","1","test","165","m","3","shape3.jpg","1","You","Julia","<none>","3","Miru","1","0","664"
"3001","1","test","166","z","3","shape3.jpg","1","You","Julia","<none>","3","Miru","1","1","818"
"3001","1","test","167","m","4","shape1.jpg","1","You","Julia","<none>","3","Miru","2","1","884"
"3001","1","test","168","z","1","shape1.jpg","1","You","Julia","<none>","3","Miru","1","1","747"
"3001","1","test","169","m","7","shape1.jpg","1","You","Julia","<none>","3","Miru","2","1","793"
"3001","1","test","170","z","3","shape3.jpg","1","You","Julia","<none>","3","Miru","1","1","893"
"3001","1","test","171","m","6","shape3.jpg","1","You","Julia","<none>","3","Miru","2","1","668"
"3001","1","test","172","m","9","shape3.jpg","1","You","Julia","<none>","3","Miru","2","1","988"
"3001","1","test","173","m","3","shape3.jpg","1","You","Julia","<none>","3","Miru","1","0","959"
"3001","1","test","174","z","6","shape3.jpg","1","You","Julia","<none>","3","Miru","2","0","1101"
"3001","1","test","175","m","8","shape2.jpg","1","You","Julia","<none>","3","Miru","2","1","1394"
"3001","1","test","176","z","4","shape1.jpg","1","You","Julia","<none>","3","Miru","2","0","1172"
"3001","1","test","177","m","9","shape3.jpg","1","You","Julia","<none>","3","Miru","2","1","1152"
"3001","1","test","178","z","3","shape3.jpg","1","You","Julia","<none>","3","Miru","1","1","939"
"3001","1","test","179","z","1","shape1.jpg","1","You","Julia","<none>","3","Miru","1","1","832"
"3001","1","test","180","z","4","shape1.jpg","1","You","Julia","<none>","3","Miru","2","0","1154"
"3001","1","test","181","m","2","shape2.jpg","1","You","Julia","<none>","3","Miru","1","0","1357"
"3001","1","test","182","z","4","shape1.jpg","1","You","Julia","<none>","3","Miru","2","0","617"
"3001","1","test","183","m","2","shape2.jpg","1","You","Julia","<none>","3","Miru","1","0","813"
"3001","1","test","184","z","2","shape2.jpg","1","You","Julia","<none>","3","Miru","1","1","574"
"3001","1","test","185","m","8","shape2.jpg","1","You","Julia","<none>","3","Miru","2","1","1156"
"3001","1","test","186","z","3","shape3.jpg","1","You","Julia","<none>","3","Miru","1","1","991"
"3001","1","test","187","z","2","shape2.jpg","1","You","Julia","<none>","3","Miru","1","1","1275"
"3001","1","test","188","z","8","shape2.jpg","1","You","Julia","<none>","3","Miru","2","0","960"
"3001","1","test","189","m","8","shape2.jpg","1","You","Julia","<none>","3","Miru","2","1","550"
"3001","1","test","190","z","2","shape2.jpg","1","You","Julia","<none>","3","Miru","1","1","787"
"3001","1","test","191","m","4","shape1.jpg","1","You","Julia","<none>","3","Miru","2","1","1096"
"3001","1","test","192","z","2","shape2.jpg","1","You","Julia","<none>","3","Miru","1","1","1079"
"3001","1","test","193","z","3","shape3.jpg","1","You","Julia","<none>","3","Miru","1","1","1229"
"3001","1","test","194","m","8","shape2.jpg","1","You","Julia","<none>","3","Miru","2","1","719"
"3001","1","test","195","x","7","shape1.jpg","1","You","Julia","<none>","3","Miru","2","0","1500"
"3001","1","test","196","z","1","shape1.jpg","1","You","Julia","<none>","3","Miru","1","1","817"
"3001","1","test","197","m","6","shape3.jpg","1","You","Julia","<none>","3","Miru","2","1","676"
"3001","1","test","198","m","7","shape1.jpg","1","You","Julia","<none>","3","Miru","2","1","1085"
"3001","1","test","199","m","5","shape2.jpg","1","You","Julia","<none>","3","Miru","2","1","1460"
"3001","1","test","200","z","2","shape2.jpg","1","You","Julia","<none>","3","Miru","1","1","970"
"3001","1","test","201","m","9","shape3.jpg","1","You","Julia","<none>","3","Miru","2","1","805"
"3001","1","test","202","z","6","shape3.jpg","1","You","Julia","<none>","3","Miru","2","0","944"
"3001","1","test","203","m","4","shape1.jpg","1","You","Julia","<none>","3","Miru","2","1","1077"
"3001","1","test","204","z","6","shape3.jpg","1","You","Julia","<none>","3","Miru","2","0","909"
"3001","1","test","205","z","1","shape1.jpg","1","You","Julia","<none>","3","Miru","1","1","940"
"3001","1","test","206","m","4","shape1.jpg","1","You","Julia","<none>","3","Miru","2","1","753"
"3001","1","test","207","z","2","shape2.jpg","1","You","Julia","<none>","3","Miru","1","1","750"
"3001","1","test","208","z","2","shape2.jpg","1","You","Julia","<none>","3","Miru","1","1","516"
"3001","1","test","209","z","2","shape2.jpg","1","You","Julia","<none>","3","Miru","1","1","532"
"3001","1","test","210","m","9","shape3.jpg","1","You","Julia","<none>","3","Miru","2","1","689"
"3001","1","test","211","z","8","shape2.jpg","1","You","Julia","<none>","3","Miru","2","0","1032"
"3001","1","test","212","z","5","shape2.jpg","1","You","Julia","<none>","3","Miru","2","0","1002"
"3001","1","test","213","m","3","shape3.jpg","1","You","Julia","<none>","3","Miru","1","0","860"
"3001","1","test","214","z","1","shape1.jpg","1","You","Julia","<none>","3","Miru","1","1","908"
"3001","1","test","215","m","6","shape3.jpg","1","You","Julia","<none>","3","Miru","2","1","740"
"3001","1","test","216","m","4","shape1.jpg","1","You","Julia","<none>","3","Miru","2","1","1217"
"3001","1","test","217","z","1","shape1.jpg","1","You","Julia","<none>","3","Miru","1","1","860"
"3001","1","test","218","z","1","shape1.jpg","1","You","Julia","<none>","3","Miru","1","1","564"
"3001","1","test","219","m","7","shape1.jpg","1","You","Julia","<none>","3","Miru","2","1","616"
"3001","1","test","220","m","7","shape1.jpg","1","You","Julia","<none>","3","Miru","2","1","947"
"3001","1","test","221","z","5","shape2.jpg","1","You","Julia","<none>","3","Miru","2","0","537"
"3001","1","test","222","z","1","shape1.jpg","1","You","Julia","<none>","3","Miru","1","1","775"
"3001","1","test","223","z","1","shape1.jpg","1","You","Julia","<none>","3","Miru","1","1","555"
"3001","1","test","224","m","3","shape3.jpg","1","You","Julia","<none>","3","Miru","1","0","714"
"3001","1","test","225","m","9","shape3.jpg","1","You","Julia","<none>","3","Miru","2","1","1009"
"3001","1","test","226","z","4","shape1.jpg","1","You","Julia","<none>","3","Miru","2","0","1299"
"3001","1","test","227","m","5","shape2.jpg","1","You","Julia","<none>","3","Miru","2","1","1049"
"3001","1","test","228","m","8","shape2.jpg","1","You","Julia","<none>","3","Miru","2","1","874"
"3001","1","test","229","m","9","shape3.jpg","1","You","Julia","<none>","3","Miru","2","1","825"
"3001","1","test","230","z","1","shape1.jpg","1","You","Julia","<none>","3","Miru","1","1","925"
"3001","1","test","231","m","4","shape1.jpg","1","You","Julia","<none>","3","Miru","2","1","818"
"3001","1","test","232","z","1","shape1.jpg","1","You","Julia","<none>","3","Miru","1","1","893"
"3001","1","test","233","m","2","shape2.jpg","1","You","Julia","<none>","3","Miru","1","0","787"
"3001","1","test","234","z","1","shape1.jpg","1","You","Julia","<none>","3","Miru","1","1","744"
"3001","1","test","235","m","3","shape3.jpg","1","You","Julia","<none>","3","Miru","1","0","670"
"3001","1","test","236","m","6","shape3.jpg","1","You","Julia","<none>","3","Miru","2","1","975"
"3001","1","test","237","m","2","shape2.jpg","1","You","Julia","<none>","3","Miru","1","0","690"
"3001","1","test","238","z","5","shape2.jpg","1","You","Julia","<none>","3","Miru","2","0","787"
"3001","1","test","239","m","2","shape2.jpg","1","You","Julia","<none>","3","Miru","1","0","703"
"3001","1","test","240","x","5","shape2.jpg","1","You","Julia","<none>","3","Miru","2","0","1500"
"3001","1","test","241","z","2","shape2.jpg","1","You","Julia","<none>","3","Miru","1","1","1070"
"3001","1","test","242","z","7","shape1.jpg","1","You","Julia","<none>","3","Miru","2","0","760"
"3001","1","test","243","m","7","shape1.jpg","1","You","Julia","<none>","3","Miru","2","1","685"
"3001","1","test","244","m","3","shape3.jpg","1","You","Julia","<none>","3","Miru","1","0","692"
"3001","1","test","245","z","2","shape2.jpg","1","You","Julia","<none>","3","Miru","1","1","868"
"3001","1","test","246","z","1","shape1.jpg","1","You","Julia","<none>","3","Miru","1","1","789"
"3001","1","test","247","m","3","shape3.jpg","1","You","Julia","<none>","3","Miru","1","0","680"
"3001","1","test","248","z","2","shape2.jpg","1","You","Julia","<none>","3","Miru","1","1","968"
"3001","1","test","249","m","5","shape2.jpg","1","You","Julia","<none>","3","Miru","2","1","1013"
"3001","1","test","250","z","4","shape1.jpg","1","You","Julia","<none>","3","Miru","2","0","959"
"3001","1","test","251","z","2","shape2.jpg","1","You","Julia","<none>","3","Miru","1","1","860"
"3001","1","test","252","z","1","shape1.jpg","1","You","Julia","<none>","3","Miru","1","1","684"
"3001","1","test","253","m","7","shape1.jpg","1","You","Julia","<none>","3","Miru","2","1","1141"
"3001","1","test","254","m","6","shape3.jpg","1","You","Julia","<none>","3","Miru","2","1","865"
"3001","1","test","255","z","2","shape2.jpg","1","You","Julia","<none>","3","Miru","1","1","672"
"3001","1","test","256","z","2","shape2.jpg","1","You","Julia","<none>","3","Miru","1","1","882"
"3001","1","test","257","z","3","shape3.jpg","1","You","Julia","<none>","3","Miru","1","1","1080"
"3001","1","test","258","m","4","shape1.jpg","1","You","Julia","<none>","3","Miru","2","1","1025"
"3001","1","test","259","z","3","shape3.jpg","1","You","Julia","<none>","3","Miru","1","1","858"
"3001","1","test","260","m","6","shape3.jpg","1","You","Julia","<none>","3","Miru","2","1","1188"
"3001","1","test","261","m","8","shape2.jpg","1","You","Julia","<none>","3","Miru","2","1","1141"
"3001","1","test","262","z","5","shape2.jpg","1","You","Julia","<none>","3","Miru","2","0","1034"
"3001","1","test","263","z","1","shape1.jpg","1","You","Julia","<none>","3","Miru","1","1","1131"
"3001","1","test","264","z","3","shape3.jpg","1","You","Julia","<none>","3","Miru","1","1","1160"
"3001","1","test","265","z","7","shape1.jpg","1","You","Julia","<none>","3","Miru","2","0","1421"
"3001","1","test","266","m","9","shape3.jpg","1","You","Julia","<none>","3","Miru","2","1","803"
"3001","1","test","267","z","2","shape2.jpg","1","You","Julia","<none>","3","Miru","1","1","1136"
"3001","1","test","268","m","3","shape3.jpg","1","You","Julia","<none>","3","Miru","1","0","805"
"3001","1","test","269","z","9","shape3.jpg","1","You","Julia","<none>","3","Miru","2","0","838"
"3001","1","test","270","m","8","shape2.jpg","1","You","Julia","<none>","3","Miru","2","1","1064"
"3001","1","test","271","z","1","shape1.jpg","1","You","Julia","<none>","3","Miru","1","1","730"
"3001","1","test","272","z","9","shape3.jpg","1","You","Julia","<none>","3","Miru","2","0","728"
"3001","1","test","273","z","1","shape1.jpg","1","You","Julia","<none>","3","Miru","1","1","726"
"3001","1","test","274","z","2","shape2.jpg","1","You","Julia","<none>","3","Miru","1","1","782"
"3001","1","test","275","m","1","shape1.jpg","1","You","Julia","<none>","3","Miru","1","0","888"
"3001","1","test","276","z","1","shape1.jpg","1","You","Julia","<none>","3","Miru","1","1","672"
"3001","1","test","277","m","7","shape1.jpg","1","You","Julia","<none>","3","Miru","2","1","1081"
"3001","1","test","278","m","2","shape2.jpg","1","You","Julia","<none>","3","Miru","1","0","984"
"3001","1","test","279","z","2","shape2.jpg","1","You","Julia","<none>","3","Miru","1","1","530"
"3001","1","test","280","z","3","shape3.jpg","1","You","Julia","<none>","3","Miru","1","1","849"
"3001","1","test","281","m","4","shape1.jpg","1","You","Julia","<none>","3","Miru","2","1","722"
"3001","1","test","282","z","3","shape3.jpg","1","You","Julia","<none>","3","Miru","1","1","682"
"3001","1","test","283","z","4","shape1.jpg","1","You","Julia","<none>","3","Miru","2","0","712"
"3001","1","test","284","z","9","shape3.jpg","1","You","Julia","<none>","3","Miru","2","0","920"
"3001","1","test","285","z","3","shape3.jpg","1","You","Julia","<none>","3","Miru","1","1","814"
"3001","1","test","286","m","1","shape1.jpg","1","You","Julia","<none>","3","Miru","1","0","1376"
"3001","1","test","287","z","4","shape1.jpg","1","You","Julia","<none>","3","Miru","2","0","636"
"3001","1","test","288","m","3","shape3.jpg","1","You","Julia","<none>","3","Miru","1","0","541"
"3001","1","test","289","z","5","shape2.jpg","1","You","Julia","<none>","3","Miru","2","0","629"
"3001","1","test","290","z","2","shape2.jpg","1","You","Julia","<none>","3","Miru","1","1","878"
"3001","1","test","291","m","8","shape2.jpg","1","You","Julia","<none>","3","Miru","2","1","894"
"3001","1","test","292","z","5","shape2.jpg","1","You","Julia","<none>","3","Miru","2","0","990"
"3001","1","test","293","z","3","shape3.jpg","1","You","Julia","<none>","3","Miru","1","1","905"
"3001","1","test","294","m","5","shape2.jpg","1","You","Julia","<none>","3","Miru","2","1","872"
"3001","1","test","295","z","7","shape1.jpg","1","You","Julia","<none>","3","Miru","2","0","760"
"3001","1","test","296","z","8","shape2.jpg","1","You","Julia","<none>","3","Miru","2","0","885"
"3001","1","test","297","m","6","shape3.jpg","1","You","Julia","<none>","3","Miru","2","1","1133"
"3001","1","test","298","z","2","shape2.jpg","1","You","Julia","<none>","3","Miru","1","1","953"
"3001","1","test","299","z","3","shape3.jpg","1","You","Julia","<none>","3","Miru","1","1","1278"
"3001","1","test","300","m","8","shape2.jpg","1","You","Julia","<none>","3","Miru","2","1","908"
"3001","1","test","301","z","9","shape3.jpg","1","You","Julia","<none>","3","Miru","2","0","1050"
"3001","1","test","302","z","3","shape3.jpg","1","You","Julia","<none>","3","Miru","1","1","763"
"3001","1","test","303","z","2","shape2.jpg","1","You","Julia","<none>","3","Miru","1","1","976"
"3001","1","test","304","m","5","shape2.jpg","1","You","Julia","<none>","3","Miru","2","1","1067"
"3001","1","test","305","m","5","shape2.jpg","1","You","Julia","<none>","3","Miru","2","1","699"
"3001","1","test","306","z","1","shape1.jpg","1","You","Julia","<none>","3","Miru","1","1","515"
"3001","1","test","307","m","3","shape3.jpg","1","You","Julia","<none>","3","Miru","1","0","666"
"3001","1","test","308","z","7","shape1.jpg","1","You","Julia","<none>","3","Miru","2","0","1010"
"3001","1","test","309","z","3","shape3.jpg","1","You","Julia","<none>","3","Miru","1","1","1030"
"3001","1","test","310","m","9","shape3.jpg","1","You","Julia","<none>","3","Miru","2","1","1134"
"3001","1","test","311","m","5","shape2.jpg","1","You","Julia","<none>","3","Miru","2","1","1396"
"3001","1","test","312","m","5","shape2.jpg","1","You","Julia","<none>","3","Miru","2","1","750"
"3001","1","test","313","m","4","shape1.jpg","1","You","Julia","<none>","3","Miru","2","1","929"
"3001","1","test","314","z","7","shape1.jpg","1","You","Julia","<none>","3","Miru","2","0","1368"
"3001","1","test","315","m","8","shape2.jpg","1","You","Julia","<none>","3","Miru","2","1","874"
"3001","1","test","316","z","2","shape2.jpg","1","You","Julia","<none>","3","Miru","1","1","747"
"3001","1","test","317","z","2","shape2.jpg","1","You","Julia","<none>","3","Miru","1","1","600"
"3001","1","test","318","m","6","shape3.jpg","1","You","Julia","<none>","3","Miru","2","1","757"
"3001","1","test","319","z","1","shape1.jpg","1","You","Julia","<none>","3","Miru","1","1","866"
"3001","1","test","320","m","3","shape3.jpg","1","You","Julia","<none>","3","Miru","1","0","649"
"3001","1","test","321","m","2","shape2.jpg","1","You","Julia","<none>","3","Miru","1","0","818"
"3001","1","test","322","z","1","shape1.jpg","1","You","Julia","<none>","3","Miru","1","1","790"
"3001","1","test","323","z","9","shape3.jpg","1","You","Julia","<none>","3","Miru","2","0","666"
"3001","1","test","324","m","4","shape1.jpg","1","You","Julia","<none>","3","Miru","2","1","881"
"3001","1","test","325","z","1","shape1.jpg","1","You","Julia","<none>","3","Miru","1","1","898"
"3001","1","test","326","z","3","shape3.jpg","1","You","Julia","<none>","3","Miru","1","1","825"
"3001","1","test","327","x","2","shape2.jpg","1","You","Julia","<none>","3","Miru","1","0","1499"
"3001","1","test","328","z","8","shape2.jpg","1","You","Julia","<none>","3","Miru","2","0","551"
"3001","1","test","329","m","9","shape3.jpg","1","You","Julia","<none>","3","Miru","2","1","717"
"3001","1","test","330","z","1","shape1.jpg","1","You","Julia","<none>","3","Miru","1","1","786"
"3001","1","test","331","z","2","shape2.jpg","1","You","Julia","<none>","3","Miru","1","1","1070"
"3001","1","test","332","m","8","shape2.jpg","1","You","Julia","<none>","3","Miru","2","1","751"
"3001","1","test","333","m","3","shape3.jpg","1","You","Julia","<none>","3","Miru","1","0","882"
"3001","1","test","334","z","7","shape1.jpg","1","You","Julia","<none>","3","Miru","2","0","1034"
"3001","1","test","335","z","7","shape1.jpg","1","You","Julia","<none>","3","Miru","2","0","419"
"3001","1","test","336","x","1","shape1.jpg","1","You","Julia","<none>","3","Miru","1","0","1498"
"3001","1","test","337","m","8","shape2.jpg","1","You","Julia","<none>","3","Miru","2","1","738"
"3001","1","test","338","z","6","shape3.jpg","1","You","Julia","<none>","3","Miru","2","0","368"
"3001","1","test","339","m","5","shape2.jpg","1","You","Julia","<none>","3","Miru","2","1","726"
"3001","1","test","340","z","1","shape1.jpg","1","You","Julia","<none>","3","Miru","1","1","564"
"3001","1","test","341","m","7","shape1.jpg","1","You","Julia","<none>","3","Miru","2","1","1042"
"3001","1","test","342","z","7","shape1.jpg","1","You","Julia","<none>","3","Miru","2","0","1122"
"3001","1","test","343","z","2","shape2.jpg","1","You","Julia","<none>","3","Miru","1","1","896"
"3001","1","test","344","m","3","shape3.jpg","1","You","Julia","<none>","3","Miru","1","0","735"
"3001","1","test","345","z","1","shape1.jpg","1","You","Julia","<none>","3","Miru","1","1","870"
"3001","1","test","346","m","4","shape1.jpg","1","You","Julia","<none>","3","Miru","2","1","972"
"3001","1","test","347","z","7","shape1.jpg","1","You","Julia","<none>","3","Miru","2","0","1185"
"3001","1","test","348","z","1","shape1.jpg","1","You","Julia","<none>","3","Miru","1","1","706"
"3001","1","test","349","m","2","shape2.jpg","1","You","Julia","<none>","3","Miru","1","0","755"
"3001","1","test","350","m","7","shape1.jpg","1","You","Julia","<none>","3","Miru","2","1","1240"
"3001","1","test","351","z","2","shape2.jpg","1","You","Julia","<none>","3","Miru","1","1","536"
"3001","1","test","352","m","9","shape3.jpg","1","You","Julia","<none>","3","Miru","2","1","655"
"3001","1","test","353","z","2","shape2.jpg","1","You","Julia","<none>","3","Miru","1","1","1225"
"3001","1","test","354","z","2","shape2.jpg","1","You","Julia","<none>","3","Miru","1","1","609"
"3001","1","test","355","m","8","shape2.jpg","1","You","Julia","<none>","3","Miru","2","1","821"
"3001","1","test","356","z","3","shape3.jpg","1","You","Julia","<none>","3","Miru","1","1","575"
"3001","1","test","357","z","9","shape3.jpg","1","You","Julia","<none>","3","Miru","2","0","1044"
"3001","1","test","358","m","6","shape3.jpg","1","You","Julia","<none>","3","Miru","2","1","1132"
"3001","1","test","359","z","8","shape2.jpg","1","You","Julia","<none>","3","Miru","2","0","1018"
"3001","1","test","360","z","7","shape1.jpg","1","You","Julia","<none>","3","Miru","2","0","788"
"3002","2","test","1","z","7","shape1.jpg","2","You","<none>","Gergo","3","Miru","2","1","1242"
"3002","2","test","2","z","9","shape3.jpg","2","You","<none>","Gergo","3","Miru","2","1","914"
"3002","2","test","3","z","7","shape1.jpg","2","You","<none>","Gergo","3","Miru","2","1","793"
"3002","2","test","4","z","8","shape2.jpg","2","You","<none>","Gergo","3","Miru","2","1","908"
"3002","2","test","5","m","2","shape2.jpg","2","You","<none>","Gergo","3","Miru","1","1","940"
"3002","2","test","6","m","1","shape1.jpg","2","You","<none>","Gergo","3","Miru","1","1","689"
"3002","2","test","7","z","6","shape3.jpg","2","You","<none>","Gergo","3","Miru","2","1","1208"
"3002","2","test","8","m","3","shape3.jpg","2","You","<none>","Gergo","3","Miru","1","1","779"
"3002","2","test","9","z","2","shape2.jpg","2","You","<none>","Gergo","3","Miru","1","0","1359"
"3002","2","test","10","m","1","shape1.jpg","2","You","<none>","Gergo","3","Miru","1","1","626"
"3002","2","test","11","m","3","shape3.jpg","2","You","<none>","Gergo","3","Miru","1","1","1149"
"3002","2","test","12","z","6","shape3.jpg","2","You","<none>","Gergo","3","Miru","2","1","1434"
"3002","2","test","13","m","1","shape1.jpg","2","You","<none>","Gergo","3","Miru","1","1","641"
"3002","2","test","14","z","7","shape1.jpg","2","You","<none>","Gergo","3","Miru","2","1","1340"
"3002","2","test","15","m","2","shape2.jpg","2","You","<none>","Gergo","3","Miru","1","1","1175"
"3002","2","test","16","m","3","shape3.jpg","2","You","<none>","Gergo","3","Miru","1","1","906"
"3002","2","test","17","m","3","shape3.jpg","2","You","<none>","Gergo","3","Miru","1","1","753"
"3002","2","test","18","m","3","shape3.jpg","2","You","<none>","Gergo","3","Miru","1","1","534"
"3002","2","test","19","x","5","shape2.jpg","2","You","<none>","Gergo","3","Miru","2","0","1500"
"3002","2","test","20","m","8","shape2.jpg","2","You","<none>","Gergo","3","Miru","2","0","559"
"3002","2","test","21","m","1","shape1.jpg","2","You","<none>","Gergo","3","Miru","1","1","805"
"3002","2","test","22","z","5","shape2.jpg","2","You","<none>","Gergo","3","Miru","2","1","882"
"3002","2","test","23","z","9","shape3.jpg","2","You","<none>","Gergo","3","Miru","2","1","1081"
"3002","2","test","24","m","3","shape3.jpg","2","You","<none>","Gergo","3","Miru","1","1","673"
"3002","2","test","25","x","5","shape2.jpg","2","You","<none>","Gergo","3","Miru","2","0","1499"
"3002","2","test","26","z","9","shape3.jpg","2","You","<none>","Gergo","3","Miru","2","1","1084"
"3002","2","test","27","m","1","shape1.jpg","2","You","<none>","Gergo","3","Miru","1","1","676"
"3002","2","test","28","z","6","shape3.jpg","2","You","<none>","Gergo","3","Miru","2","1","893"
"3002","2","test","29","z","4","shape1.jpg","2","You","<none>","Gergo","3","Miru","2","1","923"
"3002","2","test","30","m","2","shape2.jpg","2","You","<none>","Gergo","3","Miru","1","1","1040"
"3002","2","test","31","m","1","shape1.jpg","2","You","<none>","Gergo","3","Miru","1","1","634"
"3002","2","test","32","z","5","shape2.jpg","2","You","<none>","Gergo","3","Miru","2","1","1091"
"3002","2","test","33","z","5","shape2.jpg","2","You","<none>","Gergo","3","Miru","2","1","962"
"3002","2","test","34","z","5","shape2.jpg","2","You","<none>","Gergo","3","Miru","2","1","622"
"3002","2","test","35","m","1","shape1.jpg","2","You","<none>","Gergo","3","Miru","1","1","801"
"3002","2","test","36","m","2","shape2.jpg","2","You","<none>","Gergo","3","Miru","1","1","910"
"3002","2","test","37","m","1","shape1.jpg","2","You","<none>","Gergo","3","Miru","1","1","1340"
"3002","2","test","38","m","3","shape3.jpg","2","You","<none>","Gergo","3","Miru","1","1","671"
"3002","2","test","39","z","4","shape1.jpg","2","You","<none>","Gergo","3","Miru","2","1","1225"
"3002","2","test","40","z","8","shape2.jpg","2","You","<none>","Gergo","3","Miru","2","1","698"
"3002","2","test","41","z","4","shape1.jpg","2","You","<none>","Gergo","3","Miru","2","1","841"
"3002","2","test","42","z","8","shape2.jpg","2","You","<none>","Gergo","3","Miru","2","1","811"
"3002","2","test","43","z","2","shape2.jpg","2","You","<none>","Gergo","3","Miru","1","0","965"
"3002","2","test","44","m","3","shape3.jpg","2","You","<none>","Gergo","3","Miru","1","1","649"
"3002","2","test","45","m","2","shape2.jpg","2","You","<none>","Gergo","3","Miru","1","1","1017"
"3002","2","test","46","z","6","shape3.jpg","2","You","<none>","Gergo","3","Miru","2","1","724"
"3002","2","test","47","z","2","shape2.jpg","2","You","<none>","Gergo","3","Miru","1","0","780"
"3002","2","test","48","z","5","shape2.jpg","2","You","<none>","Gergo","3","Miru","2","1","775"
"3002","2","test","49","m","8","shape2.jpg","2","You","<none>","Gergo","3","Miru","2","0","828"
"3002","2","test","50","z","8","shape2.jpg","2","You","<none>","Gergo","3","Miru","2","1","702"
"3002","2","test","51","z","9","shape3.jpg","2","You","<none>","Gergo","3","Miru","2","1","1189"
"3002","2","test","52","z","6","shape3.jpg","2","You","<none>","Gergo","3","Miru","2","1","889"
"3002","2","test","53","z","2","shape2.jpg","2","You","<none>","Gergo","3","Miru","1","0","719"
"3002","2","test","54","z","1","shape1.jpg","2","You","<none>","Gergo","3","Miru","1","0","1150"
"3002","2","test","55","m","4","shape1.jpg","2","You","<none>","Gergo","3","Miru","2","0","736"
"3002","2","test","56","z","4","shape1.jpg","2","You","<none>","Gergo","3","Miru","2","1","911"
"3002","2","test","57","z","8","shape2.jpg","2","You","<none>","Gergo","3","Miru","2","1","1183"
"3002","2","test","58","m","1","shape1.jpg","2","You","<none>","Gergo","3","Miru","1","1","1104"
"3002","2","test","59","m","1","shape1.jpg","2","You","<none>","Gergo","3","Miru","1","1","1111"
"3002","2","test","60","z","5","shape2.jpg","2","You","<none>","Gergo","3","Miru","2","1","1204"
"3002","2","test","61","m","3","shape3.jpg","2","You","<none>","Gergo","3","Miru","1","1","615"
"3002","2","test","62","z","9","shape3.jpg","2","You","<none>","Gergo","3","Miru","2","1","938"
"3002","2","test","63","z","5","shape2.jpg","2","You","<none>","Gergo","3","Miru","2","1","1406"
"3002","2","test","64","m","3","shape3.jpg","2","You","<none>","Gergo","3","Miru","1","1","792"
"3002","2","test","65","z","4","shape1.jpg","2","You","<none>","Gergo","3","Miru","2","1","612"
"3002","2","test","66","m","1","shape1.jpg","2","You","<none>","Gergo","3","Miru","1","1","831"
"3002","2","test","67","z","4","shape1.jpg","2","You","<none>","Gergo","3","Miru","2","1","882"
"3002","2","test","68","m","3","shape3.jpg","2","You","<none>","Gergo","3","Miru","1","1","776"
"3002","2","test","69","z","7","shape1.jpg","2","You","<none>","Gergo","3","Miru","2","1","669"
"3002","2","test","70","z","6","shape3.jpg","2","You","<none>","Gergo","3","Miru","2","1","918"
"3002","2","test","71","z","6","shape3.jpg","2","You","<none>","Gergo","3","Miru","2","1","756"
"3002","2","test","72","z","7","shape1.jpg","2","You","<none>","Gergo","3","Miru","2","1","824"
"3002","2","test","73","z","4","shape1.jpg","2","You","<none>","Gergo","3","Miru","2","1","987"
"3002","2","test","74","m","2","shape2.jpg","2","You","<none>","Gergo","3","Miru","1","1","703"
"3002","2","test","75","z","5","shape2.jpg","2","You","<none>","Gergo","3","Miru","2","1","877"
"3002","2","test","76","z","8","shape2.jpg","2","You","<none>","Gergo","3","Miru","2","1","908"
"3002","2","test","77","z","1","shape1.jpg","2","You","<none>","Gergo","3","Miru","1","0","1268"
"3002","2","test","78","z","8","shape2.jpg","2","You","<none>","Gergo","3","Miru","2","1","827"
"3002","2","test","79","m","3","shape3.jpg","2","You","<none>","Gergo","3","Miru","1","1","885"
"3002","2","test","80","z","7","shape1.jpg","2","You","<none>","Gergo","3","Miru","2","1","917"
"3002","2","test","81","z","7","shape1.jpg","2","You","<none>","Gergo","3","Miru","2","1","986"
"3002","2","test","82","m","2","shape2.jpg","2","You","<none>","Gergo","3","Miru","1","1","885"
"3002","2","test","83","z","8","shape2.jpg","2","You","<none>","Gergo","3","Miru","2","1","844"
"3002","2","test","84","m","1","shape1.jpg","2","You","<none>","Gergo","3","Miru","1","1","1005"
"3002","2","test","85","m","1","shape1.jpg","2","You","<none>","Gergo","3","Miru","1","1","705"
"3002","2","test","86","m","2","shape2.jpg","2","You","<none>","Gergo","3","Miru","1","1","639"
"3002","2","test","87","z","7","shape1.jpg","2","You","<none>","Gergo","3","Miru","2","1","1121"
"3002","2","test","88","m","2","shape2.jpg","2","You","<none>","Gergo","3","Miru","1","1","1135"
"3002","2","test","89","z","6","shape3.jpg","2","You","<none>","Gergo","3","Miru","2","1","925"
"3002","2","test","90","z","9","shape3.jpg","2","You","<none>","Gergo","3","Miru","2","1","1226"
"3002","2","test","91","z","4","shape1.jpg","2","You","<none>","Gergo","3","Miru","2","1","834"
"3002","2","test","92","m","3","shape3.jpg","2","You","<none>","Gergo","3","Miru","1","1","1083"
"3002","2","test","93","z","8","shape2.jpg","2","You","<none>","Gergo","3","Miru","2","1","1074"
"3002","2","test","94","z","9","shape3.jpg","2","You","<none>","Gergo","3","Miru","2","1","1434"
"3002","2","test","95","z","5","shape2.jpg","2","You","<none>","Gergo","3","Miru","2","1","827"
"3002","2","test","96","m","1","shape1.jpg","2","You","<none>","Gergo","3","Miru","1","1","548"
"3002","2","test","97","m","3","shape3.jpg","2","You","<none>","Gergo","3","Miru","1","1","763"
"3002","2","test","98","m","2","shape2.jpg","2","You","<none>","Gergo","3","Miru","1","1","680"
"3002","2","test","99","z","8","shape2.jpg","2","You","<none>","Gergo","3","Miru","2","1","831"
"3002","2","test","100","m","2","shape2.jpg","2","You","<none>","Gergo","3","Miru","1","1","1473"
"3002","2","test","101","z","7","shape1.jpg","2","You","<none>","Gergo","3","Miru","2","1","737"
"3002","2","test","102","m","2","shape2.jpg","2","You","<none>","Gergo","3","Miru","1","1","823"
"3002","2","test","103","z","5","shape2.jpg","2","You","<none>","Gergo","3","Miru","2","1","960"
"3002","2","test","104","m","1","shape1.jpg","2","You","<none>","Gergo","3","Miru","1","1","661"
"3002","2","test","105","m","2","shape2.jpg","2","You","<none>","Gergo","3","Miru","1","1","950"
"3002","2","test","106","z","9","shape3.jpg","2","You","<none>","Gergo","3","Miru","2","1","1178"
"3002","2","test","107","m","1","shape1.jpg","2","You","<none>","Gergo","3","Miru","1","1","685"
"3002","2","test","108","m","3","shape3.jpg","2","You","<none>","Gergo","3","Miru","1","1","1358"
"3002","2","test","109","z","7","shape1.jpg","2","You","<none>","Gergo","3","Miru","2","1","858"
"3002","2","test","110","z","4","shape1.jpg","2","You","<none>","Gergo","3","Miru","2","1","1393"
"3002","2","test","111","x","5","shape2.jpg","2","You","<none>","Gergo","3","Miru","2","0","1500"
"3002","2","test","112","m","2","shape2.jpg","2","You","<none>","Gergo","3","Miru","1","1","1200"
"3002","2","test","113","m","2","shape2.jpg","2","You","<none>","Gergo","3","Miru","1","1","1193"
"3002","2","test","114","x","1","shape1.jpg","2","You","<none>","Gergo","3","Miru","1","0","1498"
"3002","2","test","115","z","5","shape2.jpg","2","You","<none>","Gergo","3","Miru","2","1","945"
"3002","2","test","116","z","7","shape1.jpg","2","You","<none>","Gergo","3","Miru","2","1","846"
"3002","2","test","117","m","2","shape2.jpg","2","You","<none>","Gergo","3","Miru","1","1","1031"
"3002","2","test","118","m","3","shape3.jpg","2","You","<none>","Gergo","3","Miru","1","1","664"
"3002","2","test","119","z","7","shape1.jpg","2","You","<none>","Gergo","3","Miru","2","1","889"
"3002","2","test","120","m","1","shape1.jpg","2","You","<none>","Gergo","3","Miru","1","1","761"
"3002","2","test","121","z","7","shape1.jpg","2","You","<none>","Gergo","3","Miru","2","1","795"
"3002","2","test","122","m","2","shape2.jpg","2","You","<none>","Gergo","3","Miru","1","1","816"
"3002","2","test","123","z","4","shape1.jpg","2","You","<none>","Gergo","3","Miru","2","1","658"
"3002","2","test","124","z","8","shape2.jpg","2","You","<none>","Gergo","3","Miru","2","1","660"
"3002","2","test","125","m","1","shape1.jpg","2","You","<none>","Gergo","3","Miru","1","1","860"
"3002","2","test","126","z","9","shape3.jpg","2","You","<none>","Gergo","3","Miru","2","1","677"
"3002","2","test","127","m","3","shape3.jpg","2","You","<none>","Gergo","3","Miru","1","1","638"
"3002","2","test","128","m","4","shape1.jpg","2","You","<none>","Gergo","3","Miru","2","0","593"
"3002","2","test","129","z","6","shape3.jpg","2","You","<none>","Gergo","3","Miru","2","1","118"
"3002","2","test","130","z","7","shape1.jpg","2","You","<none>","Gergo","3","Miru","2","1","814"
"3002","2","test","131","m","1","shape1.jpg","2","You","<none>","Gergo","3","Miru","1","1","527"
"3002","2","test","132","z","6","shape3.jpg","2","You","<none>","Gergo","3","Miru","2","1","759"
"3002","2","test","133","z","6","shape3.jpg","2","You","<none>","Gergo","3","Miru","2","1","902"
"3002","2","test","134","z","9","shape3.jpg","2","You","<none>","Gergo","3","Miru","2","1","940"
"3002","2","test","135","z","6","shape3.jpg","2","You","<none>","Gergo","3","Miru","2","1","712"
"3002","2","test","136","z","9","shape3.jpg","2","You","<none>","Gergo","3","Miru","2","1","720"
"3002","2","test","137","z","9","shape3.jpg","2","You","<none>","Gergo","3","Miru","2","1","605"
"3002","2","test","138","z","9","shape3.jpg","2","You","<none>","Gergo","3","Miru","2","1","458"
"3002","2","test","139","z","4","shape1.jpg","2","You","<none>","Gergo","3","Miru","2","1","883"
"3002","2","test","140","m","2","shape2.jpg","2","You","<none>","Gergo","3","Miru","1","1","1043"
"3002","2","test","141","m","2","shape2.jpg","2","You","<none>","Gergo","3","Miru","1","1","788"
"3002","2","test","142","m","1","shape1.jpg","2","You","<none>","Gergo","3","Miru","1","1","679"
"3002","2","test","143","m","3","shape3.jpg","2","You","<none>","Gergo","3","Miru","1","1","785"
"3002","2","test","144","z","1","shape1.jpg","2","You","<none>","Gergo","3","Miru","1","0","813"
"3002","2","test","145","z","7","shape1.jpg","2","You","<none>","Gergo","3","Miru","2","1","880"
"3002","2","test","146","z","5","shape2.jpg","2","You","<none>","Gergo","3","Miru","2","1","992"
"3002","2","test","147","m","3","shape3.jpg","2","You","<none>","Gergo","3","Miru","1","1","651"
"3002","2","test","148","m","3","shape3.jpg","2","You","<none>","Gergo","3","Miru","1","1","763"
"3002","2","test","149","x","6","shape3.jpg","2","You","<none>","Gergo","3","Miru","2","0","1500"
"3002","2","test","150","x","1","shape1.jpg","2","You","<none>","Gergo","3","Miru","1","0","1499"
"3002","2","test","151","m","2","shape2.jpg","2","You","<none>","Gergo","3","Miru","1","1","897"
"3002","2","test","152","z","6","shape3.jpg","2","You","<none>","Gergo","3","Miru","2","1","608"
"3002","2","test","153","z","7","shape1.jpg","2","You","<none>","Gergo","3","Miru","2","1","779"
"3002","2","test","154","m","3","shape3.jpg","2","You","<none>","Gergo","3","Miru","1","1","664"
"3002","2","test","155","z","4","shape1.jpg","2","You","<none>","Gergo","3","Miru","2","1","904"
"3002","2","test","156","m","2","shape2.jpg","2","You","<none>","Gergo","3","Miru","1","1","719"
"3002","2","test","157","m","2","shape2.jpg","2","You","<none>","Gergo","3","Miru","1","1","757"
"3002","2","test","158","m","2","shape2.jpg","2","You","<none>","Gergo","3","Miru","1","1","474"
"3002","2","test","159","m","3","shape3.jpg","2","You","<none>","Gergo","3","Miru","1","1","861"
"3002","2","test","160","m","3","shape3.jpg","2","You","<none>","Gergo","3","Miru","1","1","1148"
"3002","2","test","161","m","2","shape2.jpg","2","You","<none>","Gergo","3","Miru","1","1","697"
"3002","2","test","162","m","8","shape2.jpg","2","You","<none>","Gergo","3","Miru","2","0","674"
"3002","2","test","163","z","2","shape2.jpg","2","You","<none>","Gergo","3","Miru","1","0","698"
"3002","2","test","164","m","2","shape2.jpg","2","You","<none>","Gergo","3","Miru","1","1","650"
"3002","2","test","165","x","9","shape3.jpg","2","You","<none>","Gergo","3","Miru","2","0","1500"
"3002","2","test","166","x","5","shape2.jpg","2","You","<none>","Gergo","3","Miru","2","0","1498"
"3002","2","test","167","z","8","shape2.jpg","2","You","<none>","Gergo","3","Miru","2","1","995"
"3002","2","test","168","m","1","shape1.jpg","2","You","<none>","Gergo","3","Miru","1","1","885"
"3002","2","test","169","m","3","shape3.jpg","2","You","<none>","Gergo","3","Miru","1","1","652"
"3002","2","test","170","m","3","shape3.jpg","2","You","<none>","Gergo","3","Miru","1","1","774"
"3002","2","test","171","z","6","shape3.jpg","2","You","<none>","Gergo","3","Miru","2","1","827"
"3002","2","test","172","m","3","shape3.jpg","2","You","<none>","Gergo","3","Miru","1","1","780"
"3002","2","test","173","m","3","shape3.jpg","2","You","<none>","Gergo","3","Miru","1","1","706"
"3002","2","test","174","z","7","shape1.jpg","2","You","<none>","Gergo","3","Miru","2","1","824"
"3002","2","test","175","m","3","shape3.jpg","2","You","<none>","Gergo","3","Miru","1","1","555"
"3002","2","test","176","z","5","shape2.jpg","2","You","<none>","Gergo","3","Miru","2","1","897"
"3002","2","test","177","m","3","shape3.jpg","2","You","<none>","Gergo","3","Miru","1","1","648"
"3002","2","test","178","z","8","shape2.jpg","2","You","<none>","Gergo","3","Miru","2","1","802"
"3002","2","test","179","m","1","shape1.jpg","2","You","<none>","Gergo","3","Miru","1","1","891"
"3002","2","test","180","m","1","shape1.jpg","2","You","<none>","Gergo","3","Miru","1","1","699"
"3002","2","test","181","m","1","shape1.jpg","2","You","<none>","Gergo","3","Miru","1","1","506"
"3002","2","test","182","m","2","shape2.jpg","2","You","<none>","Gergo","3","Miru","1","1","931"
"3002","2","test","183","z","4","shape1.jpg","2","You","<none>","Gergo","3","Miru","2","1","1064"
"3002","2","test","184","m","3","shape3.jpg","2","You","<none>","Gergo","3","Miru","1","1","688"
"3002","2","test","185","z","8","shape2.jpg","2","You","<none>","Gergo","3","Miru","2","1","1136"
"3002","2","test","186","z","5","shape2.jpg","2","You","<none>","Gergo","3","Miru","2","1","1037"
"3002","2","test","187","z","7","shape1.jpg","2","You","<none>","Gergo","3","Miru","2","1","790"
"3002","2","test","188","z","8","shape2.jpg","2","You","<none>","Gergo","3","Miru","2","1","834"
"3002","2","test","189","m","3","shape3.jpg","2","You","<none>","Gergo","3","Miru","1","1","1091"
"3002","2","test","190","z","8","shape2.jpg","2","You","<none>","Gergo","3","Miru","2","1","601"
"3002","2","test","191","z","4","shape1.jpg","2","You","<none>","Gergo","3","Miru","2","1","662"
"3002","2","test","192","z","9","shape3.jpg","2","You","<none>","Gergo","3","Miru","2","1","968"
"3002","2","test","193","z","9","shape3.jpg","2","You","<none>","Gergo","3","Miru","2","1","651"
"3002","2","test","194","m","2","shape2.jpg","2","You","<none>","Gergo","3","Miru","1","1","883"
"3002","2","test","195","z","9","shape3.jpg","2","You","<none>","Gergo","3","Miru","2","1","819"
"3002","2","test","196","m","3","shape3.jpg","2","You","<none>","Gergo","3","Miru","1","1","1046"
"3002","2","test","197","z","5","shape2.jpg","2","You","<none>","Gergo","3","Miru","2","1","856"
"3002","2","test","198","z","8","shape2.jpg","2","You","<none>","Gergo","3","Miru","2","1","743"
"3002","2","test","199","m","2","shape2.jpg","2","You","<none>","Gergo","3","Miru","1","1","829"
"3002","2","test","200","m","2","shape2.jpg","2","You","<none>","Gergo","3","Miru","1","1","680"
"3002","2","test","201","m","3","shape3.jpg","2","You","<none>","Gergo","3","Miru","1","1","641"
"3002","2","test","202","m","3","shape3.jpg","2","You","<none>","Gergo","3","Miru","1","1","658"
"3002","2","test","203","z","7","shape1.jpg","2","You","<none>","Gergo","3","Miru","2","1","924"
"3002","2","test","204","z","1","shape1.jpg","2","You","<none>","Gergo","3","Miru","1","0","1114"
"3002","2","test","205","m","3","shape3.jpg","2","You","<none>","Gergo","3","Miru","1","1","711"
"3002","2","test","206","z","1","shape1.jpg","2","You","<none>","Gergo","3","Miru","1","0","727"
"3002","2","test","207","m","8","shape2.jpg","2","You","<none>","Gergo","3","Miru","2","0","246"
"3002","2","test","208","z","3","shape3.jpg","2","You","<none>","Gergo","3","Miru","1","0","118"
"3002","2","test","209","z","4","shape1.jpg","2","You","<none>","Gergo","3","Miru","2","1","673"
"3002","2","test","210","m","1","shape1.jpg","2","You","<none>","Gergo","3","Miru","1","1","825"
"3002","2","test","211","z","2","shape2.jpg","2","You","<none>","Gergo","3","Miru","1","0","900"
"3002","2","test","212","m","2","shape2.jpg","2","You","<none>","Gergo","3","Miru","1","1","570"
"3002","2","test","213","m","2","shape2.jpg","2","You","<none>","Gergo","3","Miru","1","1","624"
"3002","2","test","214","z","6","shape3.jpg","2","You","<none>","Gergo","3","Miru","2","1","531"
"3002","2","test","215","m","2","shape2.jpg","2","You","<none>","Gergo","3","Miru","1","1","777"
"3002","2","test","216","m","2","shape2.jpg","2","You","<none>","Gergo","3","Miru","1","1","525"
"3002","2","test","217","z","5","shape2.jpg","2","You","<none>","Gergo","3","Miru","2","1","764"
"3002","2","test","218","m","3","shape3.jpg","2","You","<none>","Gergo","3","Miru","1","1","1242"
"3002","2","test","219","m","3","shape3.jpg","2","You","<none>","Gergo","3","Miru","1","1","563"
"3002","2","test","220","m","1","shape1.jpg","2","You","<none>","Gergo","3","Miru","1","1","744"
"3002","2","test","221","z","5","shape2.jpg","2","You","<none>","Gergo","3","Miru","2","1","862"
"3002","2","test","222","z","4","shape1.jpg","2","You","<none>","Gergo","3","Miru","2","1","838"
"3002","2","test","223","m","5","shape2.jpg","2","You","<none>","Gergo","3","Miru","2","0","848"
"3002","2","test","224","m","2","shape2.jpg","2","You","<none>","Gergo","3","Miru","1","1","505"
"3002","2","test","225","m","2","shape2.jpg","2","You","<none>","Gergo","3","Miru","1","1","464"
"3002","2","test","226","z","1","shape1.jpg","2","You","<none>","Gergo","3","Miru","1","0","945"
"3002","2","test","227","m","6","shape3.jpg","2","You","<none>","Gergo","3","Miru","2","0","793"
"3002","2","test","228","m","2","shape2.jpg","2","You","<none>","Gergo","3","Miru","1","1","643"
"3002","2","test","229","z","7","shape1.jpg","2","You","<none>","Gergo","3","Miru","2","1","821"
"3002","2","test","230","m","2","shape2.jpg","2","You","<none>","Gergo","3","Miru","1","1","648"
"3002","2","test","231","m","2","shape2.jpg","2","You","<none>","Gergo","3","Miru","1","1","432"
"3002","2","test","232","m","3","shape3.jpg","2","You","<none>","Gergo","3","Miru","1","1","636"
"3002","2","test","233","m","1","shape1.jpg","2","You","<none>","Gergo","3","Miru","1","1","1038"
"3002","2","test","234","z","9","shape3.jpg","2","You","<none>","Gergo","3","Miru","2","1","631"
"3002","2","test","235","m","3","shape3.jpg","2","You","<none>","Gergo","3","Miru","1","1","539"
"3002","2","test","236","m","2","shape2.jpg","2","You","<none>","Gergo","3","Miru","1","1","601"
"3002","2","test","237","z","9","shape3.jpg","2","You","<none>","Gergo","3","Miru","2","1","692"
"3002","2","test","238","m","3","shape3.jpg","2","You","<none>","Gergo","3","Miru","1","1","900"
"3002","2","test","239","m","2","shape2.jpg","2","You","<none>","Gergo","3","Miru","1","1","811"
"3002","2","test","240","m","3","shape3.jpg","2","You","<none>","Gergo","3","Miru","1","1","581"
"3002","2","test","241","m","1","shape1.jpg","2","You","<none>","Gergo","3","Miru","1","1","781"
"3002","2","test","242","z","9","shape3.jpg","2","You","<none>","Gergo","3","Miru","2","1","712"
"3002","2","test","243","m","3","shape3.jpg","2","You","<none>","Gergo","3","Miru","1","1","833"
"3002","2","test","244","z","9","shape3.jpg","2","You","<none>","Gergo","3","Miru","2","1","746"
"3002","2","test","245","z","6","shape3.jpg","2","You","<none>","Gergo","3","Miru","2","1","913"
"3002","2","test","246","z","6","shape3.jpg","2","You","<none>","Gergo","3","Miru","2","1","655"
"3002","2","test","247","m","3","shape3.jpg","2","You","<none>","Gergo","3","Miru","1","1","680"
"3002","2","test","248","m","1","shape1.jpg","2","You","<none>","Gergo","3","Miru","1","1","882"
"3002","2","test","249","m","3","shape3.jpg","2","You","<none>","Gergo","3","Miru","1","1","633"
"3002","2","test","250","m","1","shape1.jpg","2","You","<none>","Gergo","3","Miru","1","1","851"
"3002","2","test","251","m","3","shape3.jpg","2","You","<none>","Gergo","3","Miru","1","1","659"
"3002","2","test","252","m","3","shape3.jpg","2","You","<none>","Gergo","3","Miru","1","1","606"
"3002","2","test","253","z","4","shape1.jpg","2","You","<none>","Gergo","3","Miru","2","1","1057"
"3002","2","test","254","z","4","shape1.jpg","2","You","<none>","Gergo","3","Miru","2","1","768"
"3002","2","test","255","m","1","shape1.jpg","2","You","<none>","Gergo","3","Miru","1","1","869"
"3002","2","test","256","z","4","shape1.jpg","2","You","<none>","Gergo","3","Miru","2","1","813"
"3002","2","test","257","m","1","shape1.jpg","2","You","<none>","Gergo","3","Miru","1","1","944"
"3002","2","test","258","m","1","shape1.jpg","2","You","<none>","Gergo","3","Miru","1","1","669"
"3002","2","test","259","z","6","shape3.jpg","2","You","<none>","Gergo","3","Miru","2","1","838"
"3002","2","test","260","z","8","shape2.jpg","2","You","<none>","Gergo","3","Miru","2","1","728"
"3002","2","test","261","m","2","shape2.jpg","2","You","<none>","Gergo","3","Miru","1","1","622"
"3002","2","test","262","m","1","shape1.jpg","2","You","<none>","Gergo","3","Miru","1","1","729"
"3002","2","test","263","m","3","shape3.jpg","2","You","<none>","Gergo","3","Miru","1","1","728"
"3002","2","test","264","m","1","shape1.jpg","2","You","<none>","Gergo","3","Miru","1","1","853"
"3002","2","test","265","z","5","shape2.jpg","2","You","<none>","Gergo","3","Miru","2","1","991"
"3002","2","test","266","m","3","shape3.jpg","2","You","<none>","Gergo","3","Miru","1","1","755"
"3002","2","test","267","z","7","shape1.jpg","2","You","<none>","Gergo","3","Miru","2","1","1015"
"3002","2","test","268","z","8","shape2.jpg","2","You","<none>","Gergo","3","Miru","2","1","921"
"3002","2","test","269","m","1","shape1.jpg","2","You","<none>","Gergo","3","Miru","1","1","733"
"3002","2","test","270","m","2","shape2.jpg","2","You","<none>","Gergo","3","Miru","1","1","812"
"3002","2","test","271","z","6","shape3.jpg","2","You","<none>","Gergo","3","Miru","2","1","784"
"3002","2","test","272","z","4","shape1.jpg","2","You","<none>","Gergo","3","Miru","2","1","827"
"3002","2","test","273","z","9","shape3.jpg","2","You","<none>","Gergo","3","Miru","2","1","717"
"3002","2","test","274","z","7","shape1.jpg","2","You","<none>","Gergo","3","Miru","2","1","915"
"3002","2","test","275","z","6","shape3.jpg","2","You","<none>","Gergo","3","Miru","2","1","641"
"3002","2","test","276","z","8","shape2.jpg","2","You","<none>","Gergo","3","Miru","2","1","748"
"3002","2","test","277","z","7","shape1.jpg","2","You","<none>","Gergo","3","Miru","2","1","705"
"3002","2","test","278","m","1","shape1.jpg","2","You","<none>","Gergo","3","Miru","1","1","682"
"3002","2","test","279","z","4","shape1.jpg","2","You","<none>","Gergo","3","Miru","2","1","650"
"3002","2","test","280","z","8","shape2.jpg","2","You","<none>","Gergo","3","Miru","2","1","1049"
"3002","2","test","281","m","9","shape3.jpg","2","You","<none>","Gergo","3","Miru","2","0","658"
"3002","2","test","282","z","3","shape3.jpg","2","You","<none>","Gergo","3","Miru","1","0","357"
"3002","2","test","283","m","1","shape1.jpg","2","You","<none>","Gergo","3","Miru","1","1","122"
"3002","2","test","284","m","6","shape3.jpg","2","You","<none>","Gergo","3","Miru","2","0","412"
"3002","2","test","285","z","5","shape2.jpg","2","You","<none>","Gergo","3","Miru","2","1","118"
"3002","2","test","286","m","5","shape2.jpg","2","You","<none>","Gergo","3","Miru","2","0","473"
"3002","2","test","287","z","6","shape3.jpg","2","You","<none>","Gergo","3","Miru","2","1","523"
"3002","2","test","288","m","8","shape2.jpg","2","You","<none>","Gergo","3","Miru","2","0","649"
"3002","2","test","289","z","3","shape3.jpg","2","You","<none>","Gergo","3","Miru","1","0","118"
"3002","2","test","290","x","5","shape2.jpg","2","You","<none>","Gergo","3","Miru","2","0","1500"
"3002","2","test","291","z","8","shape2.jpg","2","You","<none>","Gergo","3","Miru","2","1","631"
"3002","2","test","292","z","6","shape3.jpg","2","You","<none>","Gergo","3","Miru","2","1","809"
"3002","2","test","293","m","2","shape2.jpg","2","You","<none>","Gergo","3","Miru","1","1","677"
"3002","2","test","294","z","7","shape1.jpg","2","You","<none>","Gergo","3","Miru","2","1","630"
"3002","2","test","295","m","3","shape3.jpg","2","You","<none>","Gergo","3","Miru","1","1","664"
"3002","2","test","296","z","5","shape2.jpg","2","You","<none>","Gergo","3","Miru","2","1","698"
"3002","2","test","297","m","6","shape3.jpg","2","You","<none>","Gergo","3","Miru","2","0","569"
"3002","2","test","298","z","1","shape1.jpg","2","You","<none>","Gergo","3","Miru","1","0","718"
"3002","2","test","299","z","8","shape2.jpg","2","You","<none>","Gergo","3","Miru","2","1","612"
"3002","2","test","300","m","2","shape2.jpg","2","You","<none>","Gergo","3","Miru","1","1","841"
"3002","2","test","301","m","1","shape1.jpg","2","You","<none>","Gergo","3","Miru","1","1","1065"
"3002","2","test","302","m","3","shape3.jpg","2","You","<none>","Gergo","3","Miru","1","1","865"
"3002","2","test","303","m","2","shape2.jpg","2","You","<none>","Gergo","3","Miru","1","1","610"
"3002","2","test","304","z","4","shape1.jpg","2","You","<none>","Gergo","3","Miru","2","1","629"
"3002","2","test","305","m","6","shape3.jpg","2","You","<none>","Gergo","3","Miru","2","0","552"
"3002","2","test","306","m","2","shape2.jpg","2","You","<none>","Gergo","3","Miru","1","1","437"
"3002","2","test","307","m","8","shape2.jpg","2","You","<none>","Gergo","3","Miru","2","0","337"
"3002","2","test","308","m","9","shape3.jpg","2","You","<none>","Gergo","3","Miru","2","0","1392"
"3002","2","test","309","m","3","shape3.jpg","2","You","<none>","Gergo","3","Miru","1","1","425"
"3002","2","test","310","m","1","shape1.jpg","2","You","<none>","Gergo","3","Miru","1","1","605"
"3002","2","test","311","m","1","shape1.jpg","2","You","<none>","Gergo","3","Miru","1","1","969"
"3002","2","test","312","z","4","shape1.jpg","2","You","<none>","Gergo","3","Miru","2","1","596"
"3002","2","test","313","m","1","shape1.jpg","2","You","<none>","Gergo","3","Miru","1","1","673"
"3002","2","test","314","m","3","shape3.jpg","2","You","<none>","Gergo","3","Miru","1","1","537"
"3002","2","test","315","z","4","shape1.jpg","2","You","<none>","Gergo","3","Miru","2","1","1071"
"3002","2","test","316","z","7","shape1.jpg","2","You","<none>","Gergo","3","Miru","2","1","799"
"3002","2","test","317","z","9","shape3.jpg","2","You","<none>","Gergo","3","Miru","2","1","674"
"3002","2","test","318","z","4","shape1.jpg","2","You","<none>","Gergo","3","Miru","2","1","851"
"3002","2","test","319","m","1","shape1.jpg","2","You","<none>","Gergo","3","Miru","1","1","827"
"3002","2","test","320","m","1","shape1.jpg","2","You","<none>","Gergo","3","Miru","1","1","543"
"3002","2","test","321","z","3","shape3.jpg","2","You","<none>","Gergo","3","Miru","1","0","861"
"3002","2","test","322","m","1","shape1.jpg","2","You","<none>","Gergo","3","Miru","1","1","524"
"3002","2","test","323","z","9","shape3.jpg","2","You","<none>","Gergo","3","Miru","2","1","892"
"3002","2","test","324","m","2","shape2.jpg","2","You","<none>","Gergo","3","Miru","1","1","491"
"3002","2","test","325","z","4","shape1.jpg","2","You","<none>","Gergo","3","Miru","2","1","861"
"3002","2","test","326","m","6","shape3.jpg","2","You","<none>","Gergo","3","Miru","2","0","510"
"3002","2","test","327","z","9","shape3.jpg","2","You","<none>","Gergo","3","Miru","2","1","190"
"3002","2","test","328","m","7","shape1.jpg","2","You","<none>","Gergo","3","Miru","2","0","411"
"3002","2","test","329","z","6","shape3.jpg","2","You","<none>","Gergo","3","Miru","2","1","230"
"3002","2","test","330","m","1","shape1.jpg","2","You","<none>","Gergo","3","Miru","1","1","545"
"3002","2","test","331","z","9","shape3.jpg","2","You","<none>","Gergo","3","Miru","2","1","729"
"3002","2","test","332","z","5","shape2.jpg","2","You","<none>","Gergo","3","Miru","2","1","743"
"3002","2","test","333","z","1","shape1.jpg","2","You","<none>","Gergo","3","Miru","1","0","1013"
"3002","2","test","334","m","3","shape3.jpg","2","You","<none>","Gergo","3","Miru","1","1","559"
"3002","2","test","335","z","5","shape2.jpg","2","You","<none>","Gergo","3","Miru","2","1","644"
"3002","2","test","336","z","7","shape1.jpg","2","You","<none>","Gergo","3","Miru","2","1","974"
"3002","2","test","337","z","7","shape1.jpg","2","You","<none>","Gergo","3","Miru","2","1","643"
"3002","2","test","338","m","2","shape2.jpg","2","You","<none>","Gergo","3","Miru","1","1","605"
"3002","2","test","339","z","9","shape3.jpg","2","You","<none>","Gergo","3","Miru","2","1","528"
"3002","2","test","340","z","5","shape2.jpg","2","You","<none>","Gergo","3","Miru","2","1","1015"
"3002","2","test","341","m","1","shape1.jpg","2","You","<none>","Gergo","3","Miru","1","1","641"
"3002","2","test","342","m","2","shape2.jpg","2","You","<none>","Gergo","3","Miru","1","1","588"
"3002","2","test","343","z","7","shape1.jpg","2","You","<none>","Gergo","3","Miru","2","1","593"
"3002","2","test","344","m","3","shape3.jpg","2","You","<none>","Gergo","3","Miru","1","1","804"
"3002","2","test","345","m","1","shape1.jpg","2","You","<none>","Gergo","3","Miru","1","1","734"
"3002","2","test","346","m","3","shape3.jpg","2","You","<none>","Gergo","3","Miru","1","1","645"
"3002","2","test","347","m","2","shape2.jpg","2","You","<none>","Gergo","3","Miru","1","1","678"
"3002","2","test","348","m","2","shape2.jpg","2","You","<none>","Gergo","3","Miru","1","1","497"
"3002","2","test","349","z","4","shape1.jpg","2","You","<none>","Gergo","3","Miru","2","1","993"
"3002","2","test","350","m","3","shape3.jpg","2","You","<none>","Gergo","3","Miru","1","1","804"
"3002","2","test","351","z","6","shape3.jpg","2","You","<none>","Gergo","3","Miru","2","1","758"
"3002","2","test","352","z","4","shape1.jpg","2","You","<none>","Gergo","3","Miru","2","1","796"
"3002","2","test","353","z","7","shape1.jpg","2","You","<none>","Gergo","3","Miru","2","1","1064"
"3002","2","test","354","z","9","shape3.jpg","2","You","<none>","Gergo","3","Miru","2","1","887"
"3002","2","test","355","m","2","shape2.jpg","2","You","<none>","Gergo","3","Miru","1","1","800"
"3002","2","test","356","m","2","shape2.jpg","2","You","<none>","Gergo","3","Miru","1","1","762"
"3002","2","test","357","m","1","shape1.jpg","2","You","<none>","Gergo","3","Miru","1","1","871"
"3002","2","test","358","m","1","shape1.jpg","2","You","<none>","Gergo","3","Miru","1","1","502"
"3002","2","test","359","z","8","shape2.jpg","2","You","<none>","Gergo","3","Miru","2","1","1127"
"3002","2","test","360","m","2","shape2.jpg","2","You","<none>","Gergo","3","Miru","1","1","724"
"3003","1","test","1","x","7","shape1.jpg","3","Arsen","You","<none>","3","Waru","2","0","1500"
"3003","1","test","2","m","2","shape2.jpg","3","Arsen","You","<none>","3","Waru","1","0","1114"
"3003","1","test","3","m","9","shape3.jpg","3","Arsen","You","<none>","3","Waru","2","1","705"
"3003","1","test","4","z","3","shape3.jpg","3","Arsen","You","<none>","3","Waru","1","1","1000"
"3003","1","test","5","m","7","shape1.jpg","3","Arsen","You","<none>","3","Waru","2","1","1492"
"3003","1","test","6","m","9","shape3.jpg","3","Arsen","You","<none>","3","Waru","2","1","791"
"3003","1","test","7","z","2","shape2.jpg","3","Arsen","You","<none>","3","Waru","1","1","676"
"3003","1","test","8","m","2","shape2.jpg","3","Arsen","You","<none>","3","Waru","1","0","709"
"3003","1","test","9","m","3","shape3.jpg","3","Arsen","You","<none>","3","Waru","1","0","572"
"3003","1","test","10","z","2","shape2.jpg","3","Arsen","You","<none>","3","Waru","1","1","921"
"3003","1","test","11","m","9","shape3.jpg","3","Arsen","You","<none>","3","Waru","2","1","718"
"3003","1","test","12","z","1","shape1.jpg","3","Arsen","You","<none>","3","Waru","1","1","734"
"3003","1","test","13","m","1","shape1.jpg","3","Arsen","You","<none>","3","Waru","1","0","915"
"3003","1","test","14","m","9","shape3.jpg","3","Arsen","You","<none>","3","Waru","2","1","691"
"3003","1","test","15","z","7","shape1.jpg","3","Arsen","You","<none>","3","Waru","2","0","761"
"3003","1","test","16","z","1","shape1.jpg","3","Arsen","You","<none>","3","Waru","1","1","904"
"3003","1","test","17","m","2","shape2.jpg","3","Arsen","You","<none>","3","Waru","1","0","1198"
"3003","1","test","18","z","4","shape1.jpg","3","Arsen","You","<none>","3","Waru","2","0","679"
"3003","1","test","19","m","2","shape2.jpg","3","Arsen","You","<none>","3","Waru","1","0","537"
"3003","1","test","20","z","2","shape2.jpg","3","Arsen","You","<none>","3","Waru","1","1","1063"
"3003","1","test","21","z","4","shape1.jpg","3","Arsen","You","<none>","3","Waru","2","0","1415"
"3003","1","test","22","x","2","shape2.jpg","3","Arsen","You","<none>","3","Waru","1","0","1499"
"3003","1","test","23","z","9","shape3.jpg","3","Arsen","You","<none>","3","Waru","2","0","1074"
"3003","1","test","24","m","8","shape2.jpg","3","Arsen","You","<none>","3","Waru","2","1","1074"
"3003","1","test","25","z","7","shape1.jpg","3","Arsen","You","<none>","3","Waru","2","0","658"
"3003","1","test","26","m","2","shape2.jpg","3","Arsen","You","<none>","3","Waru","1","0","860"
"3003","1","test","27","m","3","shape3.jpg","3","Arsen","You","<none>","3","Waru","1","0","749"
"3003","1","test","28","m","1","shape1.jpg","3","Arsen","You","<none>","3","Waru","1","0","907"
"3003","1","test","29","m","8","shape2.jpg","3","Arsen","You","<none>","3","Waru","2","1","818"
"3003","1","test","30","m","2","shape2.jpg","3","Arsen","You","<none>","3","Waru","1","0","858"
"3003","1","test","31","m","9","shape3.jpg","3","Arsen","You","<none>","3","Waru","2","1","756"
"3003","1","test","32","z","1","shape1.jpg","3","Arsen","You","<none>","3","Waru","1","1","856"
"3003","1","test","33","z","2","shape2.jpg","3","Arsen","You","<none>","3","Waru","1","1","906"
"3003","1","test","34","m","2","shape2.jpg","3","Arsen","You","<none>","3","Waru","1","0","1248"
"3003","1","test","35","z","1","shape1.jpg","3","Arsen","You","<none>","3","Waru","1","1","1354"
"3003","1","test","36","z","5","shape2.jpg","3","Arsen","You","<none>","3","Waru","2","0","1021"
"3003","1","test","37","m","4","shape1.jpg","3","Arsen","You","<none>","3","Waru","2","1","781"
"3003","1","test","38","z","2","shape2.jpg","3","Arsen","You","<none>","3","Waru","1","1","690"
"3003","1","test","39","m","2","shape2.jpg","3","Arsen","You","<none>","3","Waru","1","0","794"
"3003","1","test","40","m","1","shape1.jpg","3","Arsen","You","<none>","3","Waru","1","0","651"
"3003","1","test","41","m","4","shape1.jpg","3","Arsen","You","<none>","3","Waru","2","1","991"
"3003","1","test","42","z","7","shape1.jpg","3","Arsen","You","<none>","3","Waru","2","0","673"
"3003","1","test","43","m","1","shape1.jpg","3","Arsen","You","<none>","3","Waru","1","0","514"
"3003","1","test","44","z","2","shape2.jpg","3","Arsen","You","<none>","3","Waru","1","1","665"
"3003","1","test","45","z","2","shape2.jpg","3","Arsen","You","<none>","3","Waru","1","1","739"
"3003","1","test","46","z","3","shape3.jpg","3","Arsen","You","<none>","3","Waru","1","1","895"
"3003","1","test","47","z","3","shape3.jpg","3","Arsen","You","<none>","3","Waru","1","1","695"
"3003","1","test","48","z","6","shape3.jpg","3","Arsen","You","<none>","3","Waru","2","0","680"
"3003","1","test","49","m","4","shape1.jpg","3","Arsen","You","<none>","3","Waru","2","1","713"
"3003","1","test","50","z","5","shape2.jpg","3","Arsen","You","<none>","3","Waru","2","0","959"
"3003","1","test","51","m","1","shape1.jpg","3","Arsen","You","<none>","3","Waru","1","0","644"
"3003","1","test","52","m","9","shape3.jpg","3","Arsen","You","<none>","3","Waru","2","1","782"
"3003","1","test","53","m","8","shape2.jpg","3","Arsen","You","<none>","3","Waru","2","1","874"
"3003","1","test","54","z","2","shape2.jpg","3","Arsen","You","<none>","3","Waru","1","1","992"
"3003","1","test","55","m","1","shape1.jpg","3","Arsen","You","<none>","3","Waru","1","0","741"
"3003","1","test","56","m","3","shape3.jpg","3","Arsen","You","<none>","3","Waru","1","0","715"
"3003","1","test","57","z","6","shape3.jpg","3","Arsen","You","<none>","3","Waru","2","0","753"
"3003","1","test","58","z","8","shape2.jpg","3","Arsen","You","<none>","3","Waru","2","0","775"
"3003","1","test","59","z","3","shape3.jpg","3","Arsen","You","<none>","3","Waru","1","1","876"
"3003","1","test","60","z","3","shape3.jpg","3","Arsen","You","<none>","3","Waru","1","1","747"
"3003","1","test","61","m","6","shape3.jpg","3","Arsen","You","<none>","3","Waru","2","1","761"
"3003","1","test","62","m","9","shape3.jpg","3","Arsen","You","<none>","3","Waru","2","1","606"
"3003","1","test","63","z","7","shape1.jpg","3","Arsen","You","<none>","3","Waru","2","0","1129"
"3003","1","test","64","z","2","shape2.jpg","3","Arsen","You","<none>","3","Waru","1","1","806"
"3003","1","test","65","z","5","shape2.jpg","3","Arsen","You","<none>","3","Waru","2","0","1025"
"3003","1","test","66","z","4","shape1.jpg","3","Arsen","You","<none>","3","Waru","2","0","611"
"3003","1","test","67","m","9","shape3.jpg","3","Arsen","You","<none>","3","Waru","2","1","647"
"3003","1","test","68","m","9","shape3.jpg","3","Arsen","You","<none>","3","Waru","2","1","553"
"3003","1","test","69","m","8","shape2.jpg","3","Arsen","You","<none>","3","Waru","2","1","798"
"3003","1","test","70","m","1","shape1.jpg","3","Arsen","You","<none>","3","Waru","1","0","1050"
"3003","1","test","71","z","1","shape1.jpg","3","Arsen","You","<none>","3","Waru","1","1","762"
"3003","1","test","72","z","3","shape3.jpg","3","Arsen","You","<none>","3","Waru","1","1","950"
"3003","1","test","73","m","3","shape3.jpg","3","Arsen","You","<none>","3","Waru","1","0","852"
"3003","1","test","74","m","8","shape2.jpg","3","Arsen","You","<none>","3","Waru","2","1","891"
"3003","1","test","75","z","1","shape1.jpg","3","Arsen","You","<none>","3","Waru","1","1","596"
"3003","1","test","76","m","6","shape3.jpg","3","Arsen","You","<none>","3","Waru","2","1","625"
"3003","1","test","77","z","4","shape1.jpg","3","Arsen","You","<none>","3","Waru","2","0","626"
"3003","1","test","78","m","1","shape1.jpg","3","Arsen","You","<none>","3","Waru","1","0","262"
"3003","1","test","79","z","7","shape1.jpg","3","Arsen","You","<none>","3","Waru","2","0","200"
"3003","1","test","80","x","2","shape2.jpg","3","Arsen","You","<none>","3","Waru","1","0","1499"
"3003","1","test","81","z","3","shape3.jpg","3","Arsen","You","<none>","3","Waru","1","1","117"
"3003","1","test","82","z","7","shape1.jpg","3","Arsen","You","<none>","3","Waru","2","0","707"
"3003","1","test","83","z","1","shape1.jpg","3","Arsen","You","<none>","3","Waru","1","1","873"
"3003","1","test","84","m","9","shape3.jpg","3","Arsen","You","<none>","3","Waru","2","1","849"
"3003","1","test","85","m","6","shape3.jpg","3","Arsen","You","<none>","3","Waru","2","1","771"
"3003","1","test","86","z","2","shape2.jpg","3","Arsen","You","<none>","3","Waru","1","1","567"
"3003","1","test","87","z","1","shape1.jpg","3","Arsen","You","<none>","3","Waru","1","1","882"
"3003","1","test","88","m","2","shape2.jpg","3","Arsen","You","<none>","3","Waru","1","0","466"
"3003","1","test","89","z","7","shape1.jpg","3","Arsen","You","<none>","3","Waru","2","0","789"
"3003","1","test","90","z","5","shape2.jpg","3","Arsen","You","<none>","3","Waru","2","0","527"
"3003","1","test","91","z","3","shape3.jpg","3","Arsen","You","<none>","3","Waru","1","1","888"
"3003","1","test","92","m","4","shape1.jpg","3","Arsen","You","<none>","3","Waru","2","1","895"
"3003","1","test","93","z","3","shape3.jpg","3","Arsen","You","<none>","3","Waru","1","1","781"
"3003","1","test","94","z","5","shape2.jpg","3","Arsen","You","<none>","3","Waru","2","0","922"
"3003","1","test","95","m","6","shape3.jpg","3","Arsen","You","<none>","3","Waru","2","1","736"
"3003","1","test","96","z","5","shape2.jpg","3","Arsen","You","<none>","3","Waru","2","0","885"
"3003","1","test","97","z","3","shape3.jpg","3","Arsen","You","<none>","3","Waru","1","1","740"
"3003","1","test","98","z","7","shape1.jpg","3","Arsen","You","<none>","3","Waru","2","0","794"
"3003","1","test","99","z","7","shape1.jpg","3","Arsen","You","<none>","3","Waru","2","0","574"
"3003","1","test","100","z","3","shape3.jpg","3","Arsen","You","<none>","3","Waru","1","1","987"
"3003","1","test","101","z","4","shape1.jpg","3","Arsen","You","<none>","3","Waru","2","0","1006"
"3003","1","test","102","m","9","shape3.jpg","3","Arsen","You","<none>","3","Waru","2","1","616"
"3003","1","test","103","z","2","shape2.jpg","3","Arsen","You","<none>","3","Waru","1","1","716"
"3003","1","test","104","z","1","shape1.jpg","3","Arsen","You","<none>","3","Waru","1","1","761"
"3003","1","test","105","m","5","shape2.jpg","3","Arsen","You","<none>","3","Waru","2","1","856"
"3003","1","test","106","z","3","shape3.jpg","3","Arsen","You","<none>","3","Waru","1","1","800"
"3003","1","test","107","z","2","shape2.jpg","3","Arsen","You","<none>","3","Waru","1","1","1042"
"3003","1","test","108","m","5","shape2.jpg","3","Arsen","You","<none>","3","Waru","2","1","884"
"3003","1","test","109","z","2","shape2.jpg","3","Arsen","You","<none>","3","Waru","1","1","1018"
"3003","1","test","110","z","1","shape1.jpg","3","Arsen","You","<none>","3","Waru","1","1","1117"
"3003","1","test","111","m","2","shape2.jpg","3","Arsen","You","<none>","3","Waru","1","0","891"
"3003","1","test","112","z","3","shape3.jpg","3","Arsen","You","<none>","3","Waru","1","1","659"
"3003","1","test","113","z","3","shape3.jpg","3","Arsen","You","<none>","3","Waru","1","1","980"
"3003","1","test","114","m","1","shape1.jpg","3","Arsen","You","<none>","3","Waru","1","0","1023"
"3003","1","test","115","m","6","shape3.jpg","3","Arsen","You","<none>","3","Waru","2","1","785"
"3003","1","test","116","z","5","shape2.jpg","3","Arsen","You","<none>","3","Waru","2","0","740"
"3003","1","test","117","m","6","shape3.jpg","3","Arsen","You","<none>","3","Waru","2","1","858"
"3003","1","test","118","z","3","shape3.jpg","3","Arsen","You","<none>","3","Waru","1","1","731"
"3003","1","test","119","m","6","shape3.jpg","3","Arsen","You","<none>","3","Waru","2","1","672"
"3003","1","test","120","z","1","shape1.jpg","3","Arsen","You","<none>","3","Waru","1","1","707"
"3003","1","test","121","z","5","shape2.jpg","3","Arsen","You","<none>","3","Waru","2","0","952"
"3003","1","test","122","m","3","shape3.jpg","3","Arsen","You","<none>","3","Waru","1","0","725"
"3003","1","test","123","z","1","shape1.jpg","3","Arsen","You","<none>","3","Waru","1","1","772"
"3003","1","test","124","z","2","shape2.jpg","3","Arsen","You","<none>","3","Waru","1","1","767"
"3003","1","test","125","z","1","shape1.jpg","3","Arsen","You","<none>","3","Waru","1","1","804"
"3003","1","test","126","m","4","shape1.jpg","3","Arsen","You","<none>","3","Waru","2","1","359"
"3003","1","test","127","z","4","shape1.jpg","3","Arsen","You","<none>","3","Waru","2","0","462"
"3003","1","test","128","m","2","shape2.jpg","3","Arsen","You","<none>","3","Waru","1","0","727"
"3003","1","test","129","m","6","shape3.jpg","3","Arsen","You","<none>","3","Waru","2","1","717"
"3003","1","test","130","z","3","shape3.jpg","3","Arsen","You","<none>","3","Waru","1","1","869"
"3003","1","test","131","z","7","shape1.jpg","3","Arsen","You","<none>","3","Waru","2","0","1228"
"3003","1","test","132","m","3","shape3.jpg","3","Arsen","You","<none>","3","Waru","1","0","582"
"3003","1","test","133","z","2","shape2.jpg","3","Arsen","You","<none>","3","Waru","1","1","649"
"3003","1","test","134","m","8","shape2.jpg","3","Arsen","You","<none>","3","Waru","2","1","675"
"3003","1","test","135","m","7","shape1.jpg","3","Arsen","You","<none>","3","Waru","2","1","852"
"3003","1","test","136","z","1","shape1.jpg","3","Arsen","You","<none>","3","Waru","1","1","765"
"3003","1","test","137","m","7","shape1.jpg","3","Arsen","You","<none>","3","Waru","2","1","761"
"3003","1","test","138","m","6","shape3.jpg","3","Arsen","You","<none>","3","Waru","2","1","767"
"3003","1","test","139","m","9","shape3.jpg","3","Arsen","You","<none>","3","Waru","2","1","874"
"3003","1","test","140","z","2","shape2.jpg","3","Arsen","You","<none>","3","Waru","1","1","1457"
"3003","1","test","141","z","1","shape1.jpg","3","Arsen","You","<none>","3","Waru","1","1","897"
"3003","1","test","142","m","5","shape2.jpg","3","Arsen","You","<none>","3","Waru","2","1","905"
"3003","1","test","143","m","7","shape1.jpg","3","Arsen","You","<none>","3","Waru","2","1","936"
"3003","1","test","144","m","6","shape3.jpg","3","Arsen","You","<none>","3","Waru","2","1","646"
"3003","1","test","145","z","1","shape1.jpg","3","Arsen","You","<none>","3","Waru","1","1","886"
"3003","1","test","146","m","3","shape3.jpg","3","Arsen","You","<none>","3","Waru","1","0","815"
"3003","1","test","147","z","8","shape2.jpg","3","Arsen","You","<none>","3","Waru","2","0","840"
"3003","1","test","148","z","3","shape3.jpg","3","Arsen","You","<none>","3","Waru","1","1","818"
"3003","1","test","149","m","9","shape3.jpg","3","Arsen","You","<none>","3","Waru","2","1","726"
"3003","1","test","150","z","3","shape3.jpg","3","Arsen","You","<none>","3","Waru","1","1","699"
"3003","1","test","151","z","2","shape2.jpg","3","Arsen","You","<none>","3","Waru","1","1","690"
"3003","1","test","152","m","3","shape3.jpg","3","Arsen","You","<none>","3","Waru","1","0","506"
"3003","1","test","153","z","3","shape3.jpg","3","Arsen","You","<none>","3","Waru","1","1","874"
"3003","1","test","154","m","7","shape1.jpg","3","Arsen","You","<none>","3","Waru","2","1","802"
"3003","1","test","155","z","3","shape3.jpg","3","Arsen","You","<none>","3","Waru","1","1","718"
"3003","1","test","156","m","1","shape1.jpg","3","Arsen","You","<none>","3","Waru","1","0","725"
"3003","1","test","157","z","6","shape3.jpg","3","Arsen","You","<none>","3","Waru","2","0","626"
"3003","1","test","158","m","8","shape2.jpg","3","Arsen","You","<none>","3","Waru","2","1","333"
"3003","1","test","159","z","2","shape2.jpg","3","Arsen","You","<none>","3","Waru","1","1","659"
"3003","1","test","160","z","1","shape1.jpg","3","Arsen","You","<none>","3","Waru","1","1","646"
"3003","1","test","161","m","1","shape1.jpg","3","Arsen","You","<none>","3","Waru","1","0","744"
"3003","1","test","162","z","3","shape3.jpg","3","Arsen","You","<none>","3","Waru","1","1","782"
"3003","1","test","163","z","7","shape1.jpg","3","Arsen","You","<none>","3","Waru","2","0","713"
"3003","1","test","164","m","9","shape3.jpg","3","Arsen","You","<none>","3","Waru","2","1","801"
"3003","1","test","165","z","3","shape3.jpg","3","Arsen","You","<none>","3","Waru","1","1","788"
"3003","1","test","166","z","3","shape3.jpg","3","Arsen","You","<none>","3","Waru","1","1","705"
"3003","1","test","167","m","8","shape2.jpg","3","Arsen","You","<none>","3","Waru","2","1","686"
"3003","1","test","168","z","1","shape1.jpg","3","Arsen","You","<none>","3","Waru","1","1","767"
"3003","1","test","169","z","1","shape1.jpg","3","Arsen","You","<none>","3","Waru","1","1","578"
"3003","1","test","170","z","3","shape3.jpg","3","Arsen","You","<none>","3","Waru","1","1","871"
"3003","1","test","171","m","8","shape2.jpg","3","Arsen","You","<none>","3","Waru","2","1","672"
"3003","1","test","172","z","3","shape3.jpg","3","Arsen","You","<none>","3","Waru","1","1","720"
"3003","1","test","173","m","8","shape2.jpg","3","Arsen","You","<none>","3","Waru","2","1","568"
"3003","1","test","174","z","8","shape2.jpg","3","Arsen","You","<none>","3","Waru","2","0","741"
"3003","1","test","175","m","6","shape3.jpg","3","Arsen","You","<none>","3","Waru","2","1","955"
"3003","1","test","176","m","9","shape3.jpg","3","Arsen","You","<none>","3","Waru","2","1","630"
"3003","1","test","177","z","3","shape3.jpg","3","Arsen","You","<none>","3","Waru","1","1","762"
"3003","1","test","178","z","7","shape1.jpg","3","Arsen","You","<none>","3","Waru","2","0","878"
"3003","1","test","179","z","5","shape2.jpg","3","Arsen","You","<none>","3","Waru","2","0","679"
"3003","1","test","180","z","2","shape2.jpg","3","Arsen","You","<none>","3","Waru","1","1","624"
"3003","1","test","181","z","2","shape2.jpg","3","Arsen","You","<none>","3","Waru","1","1","618"
"3003","1","test","182","z","2","shape2.jpg","3","Arsen","You","<none>","3","Waru","1","1","533"
"3003","1","test","183","m","1","shape1.jpg","3","Arsen","You","<none>","3","Waru","1","0","692"
"3003","1","test","184","z","4","shape1.jpg","3","Arsen","You","<none>","3","Waru","2","0","507"
"3003","1","test","185","m","6","shape3.jpg","3","Arsen","You","<none>","3","Waru","2","1","835"
"3003","1","test","186","m","4","shape1.jpg","3","Arsen","You","<none>","3","Waru","2","1","941"
"3003","1","test","187","m","4","shape1.jpg","3","Arsen","You","<none>","3","Waru","2","1","619"
"3003","1","test","188","z","1","shape1.jpg","3","Arsen","You","<none>","3","Waru","1","1","733"
"3003","1","test","189","z","2","shape2.jpg","3","Arsen","You","<none>","3","Waru","1","1","700"
"3003","1","test","190","m","5","shape2.jpg","3","Arsen","You","<none>","3","Waru","2","1","578"
"3003","1","test","191","m","8","shape2.jpg","3","Arsen","You","<none>","3","Waru","2","1","744"
"3003","1","test","192","z","2","shape2.jpg","3","Arsen","You","<none>","3","Waru","1","1","685"
"3003","1","test","193","m","8","shape2.jpg","3","Arsen","You","<none>","3","Waru","2","1","701"
"3003","1","test","194","z","2","shape2.jpg","3","Arsen","You","<none>","3","Waru","1","1","908"
"3003","1","test","195","m","8","shape2.jpg","3","Arsen","You","<none>","3","Waru","2","1","835"
"3003","1","test","196","z","4","shape1.jpg","3","Arsen","You","<none>","3","Waru","2","0","844"
"3003","1","test","197","m","5","shape2.jpg","3","Arsen","You","<none>","3","Waru","2","1","613"
"3003","1","test","198","z","4","shape1.jpg","3","Arsen","You","<none>","3","Waru","2","0","803"
"3003","1","test","199","m","3","shape3.jpg","3","Arsen","You","<none>","3","Waru","1","0","477"
"3003","1","test","200","m","5","shape2.jpg","3","Arsen","You","<none>","3","Waru","2","1","702"
"3003","1","test","201","z","1","shape1.jpg","3","Arsen","You","<none>","3","Waru","1","1","814"
"3003","1","test","202","m","1","shape1.jpg","3","Arsen","You","<none>","3","Waru","1","0","728"
"3003","1","test","203","z","2","shape2.jpg","3","Arsen","You","<none>","3","Waru","1","1","631"
"3003","1","test","204","m","1","shape1.jpg","3","Arsen","You","<none>","3","Waru","1","0","1073"
"3003","1","test","205","z","3","shape3.jpg","3","Arsen","You","<none>","3","Waru","1","1","296"
"3003","1","test","206","z","3","shape3.jpg","3","Arsen","You","<none>","3","Waru","1","1","466"
"3003","1","test","207","m","6","shape3.jpg","3","Arsen","You","<none>","3","Waru","2","1","852"
"3003","1","test","208","z","9","shape3.jpg","3","Arsen","You","<none>","3","Waru","2","0","868"
"3003","1","test","209","z","9","shape3.jpg","3","Arsen","You","<none>","3","Waru","2","0","730"
"3003","1","test","210","z","3","shape3.jpg","3","Arsen","You","<none>","3","Waru","1","1","827"
"3003","1","test","211","m","4","shape1.jpg","3","Arsen","You","<none>","3","Waru","2","1","788"
"3003","1","test","212","z","2","shape2.jpg","3","Arsen","You","<none>","3","Waru","1","1","703"
"3003","1","test","213","m","4","shape1.jpg","3","Arsen","You","<none>","3","Waru","2","1","694"
"3003","1","test","214","z","1","shape1.jpg","3","Arsen","You","<none>","3","Waru","1","1","664"
"3003","1","test","215","m","9","shape3.jpg","3","Arsen","You","<none>","3","Waru","2","1","600"
"3003","1","test","216","z","3","shape3.jpg","3","Arsen","You","<none>","3","Waru","1","1","884"
"3003","1","test","217","m","4","shape1.jpg","3","Arsen","You","<none>","3","Waru","2","1","755"
"3003","1","test","218","m","8","shape2.jpg","3","Arsen","You","<none>","3","Waru","2","1","793"
"3003","1","test","219","z","6","shape3.jpg","3","Arsen","You","<none>","3","Waru","2","0","684"
"3003","1","test","220","m","9","shape3.jpg","3","Arsen","You","<none>","3","Waru","2","1","709"
"3003","1","test","221","z","2","shape2.jpg","3","Arsen","You","<none>","3","Waru","1","1","636"
"3003","1","test","222","m","1","shape1.jpg","3","Arsen","You","<none>","3","Waru","1","0","639"
"3003","1","test","223","z","3","shape3.jpg","3","Arsen","You","<none>","3","Waru","1","1","721"
"3003","1","test","224","z","4","shape1.jpg","3","Arsen","You","<none>","3","Waru","2","0","926"
"3003","1","test","225","z","1","shape1.jpg","3","Arsen","You","<none>","3","Waru","1","1","852"
"3003","1","test","226","m","8","shape2.jpg","3","Arsen","You","<none>","3","Waru","2","1","710"
"3003","1","test","227","z","2","shape2.jpg","3","Arsen","You","<none>","3","Waru","1","1","613"
"3003","1","test","228","z","9","shape3.jpg","3","Arsen","You","<none>","3","Waru","2","0","617"
"3003","1","test","229","m","1","shape1.jpg","3","Arsen","You","<none>","3","Waru","1","0","451"
"3003","1","test","230","m","8","shape2.jpg","3","Arsen","You","<none>","3","Waru","2","1","766"
"3003","1","test","231","z","6","shape3.jpg","3","Arsen","You","<none>","3","Waru","2","0","585"
"3003","1","test","232","z","5","shape2.jpg","3","Arsen","You","<none>","3","Waru","2","0","790"
"3003","1","test","233","z","7","shape1.jpg","3","Arsen","You","<none>","3","Waru","2","0","602"
"3003","1","test","234","m","2","shape2.jpg","3","Arsen","You","<none>","3","Waru","1","0","574"
"3003","1","test","235","z","2","shape2.jpg","3","Arsen","You","<none>","3","Waru","1","1","458"
"3003","1","test","236","z","3","shape3.jpg","3","Arsen","You","<none>","3","Waru","1","1","1189"
"3003","1","test","237","z","2","shape2.jpg","3","Arsen","You","<none>","3","Waru","1","1","662"
"3003","1","test","238","m","8","shape2.jpg","3","Arsen","You","<none>","3","Waru","2","1","672"
"3003","1","test","239","m","4","shape1.jpg","3","Arsen","You","<none>","3","Waru","2","1","625"
"3003","1","test","240","z","9","shape3.jpg","3","Arsen","You","<none>","3","Waru","2","0","691"
"3003","1","test","241","z","3","shape3.jpg","3","Arsen","You","<none>","3","Waru","1","1","861"
"3003","1","test","242","m","6","shape3.jpg","3","Arsen","You","<none>","3","Waru","2","1","670"
"3003","1","test","243","z","4","shape1.jpg","3","Arsen","You","<none>","3","Waru","2","0","768"
"3003","1","test","244","m","4","shape1.jpg","3","Arsen","You","<none>","3","Waru","2","1","580"
"3003","1","test","245","z","7","shape1.jpg","3","Arsen","You","<none>","3","Waru","2","0","584"
"3003","1","test","246","m","7","shape1.jpg","3","Arsen","You","<none>","3","Waru","2","1","597"
"3003","1","test","247","z","5","shape2.jpg","3","Arsen","You","<none>","3","Waru","2","0","497"
"3003","1","test","248","m","1","shape1.jpg","3","Arsen","You","<none>","3","Waru","1","0","913"
"3003","1","test","249","z","1","shape1.jpg","3","Arsen","You","<none>","3","Waru","1","1","863"
"3003","1","test","250","m","9","shape3.jpg","3","Arsen","You","<none>","3","Waru","2","1","776"
"3003","1","test","251","z","7","shape1.jpg","3","Arsen","You","<none>","3","Waru","2","0","629"
"3003","1","test","252","m","1","shape1.jpg","3","Arsen","You","<none>","3","Waru","1","0","495"
"3003","1","test","253","m","3","shape3.jpg","3","Arsen","You","<none>","3","Waru","1","0","801"
"3003","1","test","254","z","3","shape3.jpg","3","Arsen","You","<none>","3","Waru","1","1","594"
"3003","1","test","255","m","6","shape3.jpg","3","Arsen","You","<none>","3","Waru","2","1","655"
"3003","1","test","256","z","3","shape3.jpg","3","Arsen","You","<none>","3","Waru","1","1","786"
"3003","1","test","257","m","6","shape3.jpg","3","Arsen","You","<none>","3","Waru","2","1","741"
"3003","1","test","258","z","1","shape1.jpg","3","Arsen","You","<none>","3","Waru","1","1","402"
"3003","1","test","259","m","2","shape2.jpg","3","Arsen","You","<none>","3","Waru","1","0","471"
"3003","1","test","260","z","6","shape3.jpg","3","Arsen","You","<none>","3","Waru","2","0","648"
"3003","1","test","261","m","1","shape1.jpg","3","Arsen","You","<none>","3","Waru","1","0","466"
"3003","1","test","262","x","5","shape2.jpg","3","Arsen","You","<none>","3","Waru","2","0","1498"
"3003","1","test","263","m","5","shape2.jpg","3","Arsen","You","<none>","3","Waru","2","1","831"
"3003","1","test","264","m","4","shape1.jpg","3","Arsen","You","<none>","3","Waru","2","1","680"
"3003","1","test","265","m","7","shape1.jpg","3","Arsen","You","<none>","3","Waru","2","1","817"
"3003","1","test","266","z","2","shape2.jpg","3","Arsen","You","<none>","3","Waru","1","1","1101"
"3003","1","test","267","z","3","shape3.jpg","3","Arsen","You","<none>","3","Waru","1","1","866"
"3003","1","test","268","m","9","shape3.jpg","3","Arsen","You","<none>","3","Waru","2","1","859"
"3003","1","test","269","z","2","shape2.jpg","3","Arsen","You","<none>","3","Waru","1","1","714"
"3003","1","test","270","z","3","shape3.jpg","3","Arsen","You","<none>","3","Waru","1","1","786"
"3003","1","test","271","z","9","shape3.jpg","3","Arsen","You","<none>","3","Waru","2","0","548"
"3003","1","test","272","z","1","shape1.jpg","3","Arsen","You","<none>","3","Waru","1","1","698"
"3003","1","test","273","m","7","shape1.jpg","3","Arsen","You","<none>","3","Waru","2","1","689"
"3003","1","test","274","z","2","shape2.jpg","3","Arsen","You","<none>","3","Waru","1","1","537"
"3003","1","test","275","z","3","shape3.jpg","3","Arsen","You","<none>","3","Waru","1","1","544"
"3003","1","test","276","z","6","shape3.jpg","3","Arsen","You","<none>","3","Waru","2","0","550"
"3003","1","test","277","m","5","shape2.jpg","3","Arsen","You","<none>","3","Waru","2","1","460"
"3003","1","test","278","z","3","shape3.jpg","3","Arsen","You","<none>","3","Waru","1","1","455"
"3003","1","test","279","m","1","shape1.jpg","3","Arsen","You","<none>","3","Waru","1","0","441"
"3003","1","test","280","z","8","shape2.jpg","3","Arsen","You","<none>","3","Waru","2","0","138"
"3003","1","test","281","m","9","shape3.jpg","3","Arsen","You","<none>","3","Waru","2","1","117"
"3003","1","test","282","z","5","shape2.jpg","3","Arsen","You","<none>","3","Waru","2","0","355"
"3003","1","test","283","m","8","shape2.jpg","3","Arsen","You","<none>","3","Waru","2","1","305"
"3003","1","test","284","z","3","shape3.jpg","3","Arsen","You","<none>","3","Waru","1","1","618"
"3003","1","test","285","z","1","shape1.jpg","3","Arsen","You","<none>","3","Waru","1","1","540"
"3003","1","test","286","z","8","shape2.jpg","3","Arsen","You","<none>","3","Waru","2","0","572"
"3003","1","test","287","m","2","shape2.jpg","3","Arsen","You","<none>","3","Waru","1","0","265"
"3003","1","test","288","x","5","shape2.jpg","3","Arsen","You","<none>","3","Waru","2","0","1499"
"3003","1","test","289","z","4","shape1.jpg","3","Arsen","You","<none>","3","Waru","2","0","495"
"3003","1","test","290","m","2","shape2.jpg","3","Arsen","You","<none>","3","Waru","1","0","423"
"3003","1","test","291","z","6","shape3.jpg","3","Arsen","You","<none>","3","Waru","2","0","371"
"3003","1","test","292","z","8","shape2.jpg","3","Arsen","You","<none>","3","Waru","2","0","625"
"3003","1","test","293","z","1","shape1.jpg","3","Arsen","You","<none>","3","Waru","1","1","483"
"3003","1","test","294","z","4","shape1.jpg","3","Arsen","You","<none>","3","Waru","2","0","469"
"3003","1","test","295","m","4","shape1.jpg","3","Arsen","You","<none>","3","Waru","2","1","470"
"3003","1","test","296","z","6","shape3.jpg","3","Arsen","You","<none>","3","Waru","2","0","310"
"3003","1","test","297","m","9","shape3.jpg","3","Arsen","You","<none>","3","Waru","2","1","327"
"3003","1","test","298","m","7","shape1.jpg","3","Arsen","You","<none>","3","Waru","2","1","471"
"3003","1","test","299","m","1","shape1.jpg","3","Arsen","You","<none>","3","Waru","1","0","407"
"3003","1","test","300","z","1","shape1.jpg","3","Arsen","You","<none>","3","Waru","1","1","348"
"3003","1","test","301","z","7","shape1.jpg","3","Arsen","You","<none>","3","Waru","2","0","441"
"3003","1","test","302","m","2","shape2.jpg","3","Arsen","You","<none>","3","Waru","1","0","221"
"3003","1","test","303","x","4","shape1.jpg","3","Arsen","You","<none>","3","Waru","2","0","1500"
"3003","1","test","304","z","7","shape1.jpg","3","Arsen","You","<none>","3","Waru","2","0","796"
"3003","1","test","305","z","2","shape2.jpg","3","Arsen","You","<none>","3","Waru","1","1","617"
"3003","1","test","306","z","2","shape2.jpg","3","Arsen","You","<none>","3","Waru","1","1","667"
"3003","1","test","307","z","5","shape2.jpg","3","Arsen","You","<none>","3","Waru","2","0","652"
"3003","1","test","308","m","8","shape2.jpg","3","Arsen","You","<none>","3","Waru","2","1","869"
"3003","1","test","309","m","1","shape1.jpg","3","Arsen","You","<none>","3","Waru","1","0","702"
"3003","1","test","310","m","2","shape2.jpg","3","Arsen","You","<none>","3","Waru","1","0","677"
"3003","1","test","311","m","4","shape1.jpg","3","Arsen","You","<none>","3","Waru","2","1","765"
"3003","1","test","312","z","5","shape2.jpg","3","Arsen","You","<none>","3","Waru","2","0","730"
"3003","1","test","313","m","5","shape2.jpg","3","Arsen","You","<none>","3","Waru","2","1","497"
"3003","1","test","314","m","3","shape3.jpg","3","Arsen","You","<none>","3","Waru","1","0","688"
"3003","1","test","315","m","9","shape3.jpg","3","Arsen","You","<none>","3","Waru","2","1","760"
"3003","1","test","316","m","2","shape2.jpg","3","Arsen","You","<none>","3","Waru","1","0","598"
"3003","1","test","317","m","1","shape1.jpg","3","Arsen","You","<none>","3","Waru","1","0","297"
"3003","1","test","318","m","6","shape3.jpg","3","Arsen","You","<none>","3","Waru","2","1","128"
"3003","1","test","319","z","6","shape3.jpg","3","Arsen","You","<none>","3","Waru","2","0","242"
"3003","1","test","320","m","1","shape1.jpg","3","Arsen","You","<none>","3","Waru","1","0","252"
"3003","1","test","321","z","7","shape1.jpg","3","Arsen","You","<none>","3","Waru","2","0","655"
"3003","1","test","322","z","3","shape3.jpg","3","Arsen","You","<none>","3","Waru","1","1","1017"
"3003","1","test","323","z","1","shape1.jpg","3","Arsen","You","<none>","3","Waru","1","1","603"
"3003","1","test","324","z","7","shape1.jpg","3","Arsen","You","<none>","3","Waru","2","0","479"
"3003","1","test","325","m","2","shape2.jpg","3","Arsen","You","<none>","3","Waru","1","0","463"
"3003","1","test","326","z","3","shape3.jpg","3","Arsen","You","<none>","3","Waru","1","1","224"
"3003","1","test","327","z","9","shape3.jpg","3","Arsen","You","<none>","3","Waru","2","0","549"
"3003","1","test","328","m","5","shape2.jpg","3","Arsen","You","<none>","3","Waru","2","1","436"
"3003","1","test","329","z","8","shape2.jpg","3","Arsen","You","<none>","3","Waru","2","0","501"
"3003","1","test","330","m","5","shape2.jpg","3","Arsen","You","<none>","3","Waru","2","1","334"
"3003","1","test","331","z","7","shape1.jpg","3","Arsen","You","<none>","3","Waru","2","0","268"
"3003","1","test","332","m","1","shape1.jpg","3","Arsen","You","<none>","3","Waru","1","0","247"
"3003","1","test","333","z","3","shape3.jpg","3","Arsen","You","<none>","3","Waru","1","1","329"
"3003","1","test","334","z","3","shape3.jpg","3","Arsen","You","<none>","3","Waru","1","1","432"
"3003","1","test","335","z","3","shape3.jpg","3","Arsen","You","<none>","3","Waru","1","1","339"
"3003","1","test","336","m","5","shape2.jpg","3","Arsen","You","<none>","3","Waru","2","1","459"
"3003","1","test","337","z","8","shape2.jpg","3","Arsen","You","<none>","3","Waru","2","0","596"
"3003","1","test","338","m","8","shape2.jpg","3","Arsen","You","<none>","3","Waru","2","1","265"
"3003","1","test","339","m","6","shape3.jpg","3","Arsen","You","<none>","3","Waru","2","1","475"
"3003","1","test","340","m","1","shape1.jpg","3","Arsen","You","<none>","3","Waru","1","0","556"
"3003","1","test","341","m","2","shape2.jpg","3","Arsen","You","<none>","3","Waru","1","0","545"
"3003","1","test","342","m","8","shape2.jpg","3","Arsen","You","<none>","3","Waru","2","1","456"
"3003","1","test","343","z","3","shape3.jpg","3","Arsen","You","<none>","3","Waru","1","1","522"
"3003","1","test","344","z","3","shape3.jpg","3","Arsen","You","<none>","3","Waru","1","1","554"
"3003","1","test","345","m","8","shape2.jpg","3","Arsen","You","<none>","3","Waru","2","1","568"
"3003","1","test","346","z","9","shape3.jpg","3","Arsen","You","<none>","3","Waru","2","0","524"
"3003","1","test","347","z","2","shape2.jpg","3","Arsen","You","<none>","3","Waru","1","1","530"
"3003","1","test","348","z","3","shape3.jpg","3","Arsen","You","<none>","3","Waru","1","1","906"
"3003","1","test","349","m","1","shape1.jpg","3","Arsen","You","<none>","3","Waru","1","0","697"
"3003","1","test","350","z","1","shape1.jpg","3","Arsen","You","<none>","3","Waru","1","1","546"
"3003","1","test","351","z","2","shape2.jpg","3","Arsen","You","<none>","3","Waru","1","1","551"
"3003","1","test","352","z","1","shape1.jpg","3","Arsen","You","<none>","3","Waru","1","1","348"
"3003","1","test","353","z","2","shape2.jpg","3","Arsen","You","<none>","3","Waru","1","1","363"
"3003","1","test","354","x","5","shape2.jpg","3","Arsen","You","<none>","3","Waru","2","0","1500"
"3003","1","test","355","z","5","shape2.jpg","3","Arsen","You","<none>","3","Waru","2","0","637"
"3003","1","test","356","m","3","shape3.jpg","3","Arsen","You","<none>","3","Waru","1","0","118"
"3003","1","test","357","z","4","shape1.jpg","3","Arsen","You","<none>","3","Waru","2","0","240"
"3003","1","test","358","x","1","shape1.jpg","3","Arsen","You","<none>","3","Waru","1","0","1499"
"3003","1","test","359","z","6","shape3.jpg","3","Arsen","You","<none>","3","Waru","2","0","832"
"3003","1","test","360","z","6","shape3.jpg","3","Arsen","You","<none>","3","Waru","2","0","610"
"3004","2","test","1","m","2","shape2.jpg","4","Daniel","<none>","You","3","Nenu","1","1","1125"
"3004","2","test","2","z","5","shape2.jpg","4","Daniel","<none>","You","3","Nenu","2","1","1209"
"3004","2","test","3","z","7","shape1.jpg","4","Daniel","<none>","You","3","Nenu","2","1","901"
"3004","2","test","4","m","1","shape1.jpg","4","Daniel","<none>","You","3","Nenu","1","1","939"
"3004","2","test","5","z","7","shape1.jpg","4","Daniel","<none>","You","3","Nenu","2","1","1320"
"3004","2","test","6","m","3","shape3.jpg","4","Daniel","<none>","You","3","Nenu","1","1","1333"
"3004","2","test","7","x","6","shape3.jpg","4","Daniel","<none>","You","3","Nenu","2","0","1499"
"3004","2","test","8","m","4","shape1.jpg","4","Daniel","<none>","You","3","Nenu","2","0","916"
"3004","2","test","9","x","3","shape3.jpg","4","Daniel","<none>","You","3","Nenu","1","0","1499"
"3004","2","test","10","z","5","shape2.jpg","4","Daniel","<none>","You","3","Nenu","2","1","1214"
"3004","2","test","11","z","1","shape1.jpg","4","Daniel","<none>","You","3","Nenu","1","0","1103"
"3004","2","test","12","m","1","shape1.jpg","4","Daniel","<none>","You","3","Nenu","1","1","862"
"3004","2","test","13","m","2","shape2.jpg","4","Daniel","<none>","You","3","Nenu","1","1","1015"
"3004","2","test","14","m","2","shape2.jpg","4","Daniel","<none>","You","3","Nenu","1","1","841"
"3004","2","test","15","z","9","shape3.jpg","4","Daniel","<none>","You","3","Nenu","2","1","667"
"3004","2","test","16","m","3","shape3.jpg","4","Daniel","<none>","You","3","Nenu","1","1","739"
"3004","2","test","17","z","9","shape3.jpg","4","Daniel","<none>","You","3","Nenu","2","1","890"
"3004","2","test","18","z","4","shape1.jpg","4","Daniel","<none>","You","3","Nenu","2","1","1370"
"3004","2","test","19","z","9","shape3.jpg","4","Daniel","<none>","You","3","Nenu","2","1","860"
"3004","2","test","20","m","2","shape2.jpg","4","Daniel","<none>","You","3","Nenu","1","1","748"
"3004","2","test","21","m","2","shape2.jpg","4","Daniel","<none>","You","3","Nenu","1","1","809"
"3004","2","test","22","m","2","shape2.jpg","4","Daniel","<none>","You","3","Nenu","1","1","620"
"3004","2","test","23","z","6","shape3.jpg","4","Daniel","<none>","You","3","Nenu","2","1","782"
"3004","2","test","24","m","1","shape1.jpg","4","Daniel","<none>","You","3","Nenu","1","1","778"
"3004","2","test","25","z","9","shape3.jpg","4","Daniel","<none>","You","3","Nenu","2","1","648"
"3004","2","test","26","z","3","shape3.jpg","4","Daniel","<none>","You","3","Nenu","1","0","800"
"3004","2","test","27","z","8","shape2.jpg","4","Daniel","<none>","You","3","Nenu","2","1","852"
"3004","2","test","28","z","7","shape1.jpg","4","Daniel","<none>","You","3","Nenu","2","1","718"
"3004","2","test","29","m","3","shape3.jpg","4","Daniel","<none>","You","3","Nenu","1","1","844"
"3004","2","test","30","m","1","shape1.jpg","4","Daniel","<none>","You","3","Nenu","1","1","1140"
"3004","2","test","31","m","1","shape1.jpg","4","Daniel","<none>","You","3","Nenu","1","1","730"
"3004","2","test","32","z","8","shape2.jpg","4","Daniel","<none>","You","3","Nenu","2","1","750"
"3004","2","test","33","z","5","shape2.jpg","4","Daniel","<none>","You","3","Nenu","2","1","830"
"3004","2","test","34","z","6","shape3.jpg","4","Daniel","<none>","You","3","Nenu","2","1","1079"
"3004","2","test","35","z","9","shape3.jpg","4","Daniel","<none>","You","3","Nenu","2","1","719"
"3004","2","test","36","m","2","shape2.jpg","4","Daniel","<none>","You","3","Nenu","1","1","717"
"3004","2","test","37","z","5","shape2.jpg","4","Daniel","<none>","You","3","Nenu","2","1","964"
"3004","2","test","38","z","4","shape1.jpg","4","Daniel","<none>","You","3","Nenu","2","1","801"
"3004","2","test","39","m","2","shape2.jpg","4","Daniel","<none>","You","3","Nenu","1","1","819"
"3004","2","test","40","z","7","shape1.jpg","4","Daniel","<none>","You","3","Nenu","2","1","822"
"3004","2","test","41","m","1","shape1.jpg","4","Daniel","<none>","You","3","Nenu","1","1","759"
"3004","2","test","42","z","6","shape3.jpg","4","Daniel","<none>","You","3","Nenu","2","1","853"
"3004","2","test","43","z","3","shape3.jpg","4","Daniel","<none>","You","3","Nenu","1","0","751"
"3004","2","test","44","z","9","shape3.jpg","4","Daniel","<none>","You","3","Nenu","2","1","883"
"3004","2","test","45","z","4","shape1.jpg","4","Daniel","<none>","You","3","Nenu","2","1","1186"
"3004","2","test","46","z","4","shape1.jpg","4","Daniel","<none>","You","3","Nenu","2","1","1022"
"3004","2","test","47","z","7","shape1.jpg","4","Daniel","<none>","You","3","Nenu","2","1","614"
"3004","2","test","48","z","7","shape1.jpg","4","Daniel","<none>","You","3","Nenu","2","1","651"
"3004","2","test","49","z","9","shape3.jpg","4","Daniel","<none>","You","3","Nenu","2","1","707"
"3004","2","test","50","z","6","shape3.jpg","4","Daniel","<none>","You","3","Nenu","2","1","667"
"3004","2","test","51","z","7","shape1.jpg","4","Daniel","<none>","You","3","Nenu","2","1","699"
"3004","2","test","52","z","4","shape1.jpg","4","Daniel","<none>","You","3","Nenu","2","1","699"
"3004","2","test","53","z","6","shape3.jpg","4","Daniel","<none>","You","3","Nenu","2","1","577"
"3004","2","test","54","m","1","shape1.jpg","4","Daniel","<none>","You","3","Nenu","1","1","679"
"3004","2","test","55","m","3","shape3.jpg","4","Daniel","<none>","You","3","Nenu","1","1","719"
"3004","2","test","56","z","7","shape1.jpg","4","Daniel","<none>","You","3","Nenu","2","1","750"
"3004","2","test","57","z","5","shape2.jpg","4","Daniel","<none>","You","3","Nenu","2","1","819"
"3004","2","test","58","z","3","shape3.jpg","4","Daniel","<none>","You","3","Nenu","1","0","661"
"3004","2","test","59","z","2","shape2.jpg","4","Daniel","<none>","You","3","Nenu","1","0","799"
"3004","2","test","60","m","4","shape1.jpg","4","Daniel","<none>","You","3","Nenu","2","0","770"
"3004","2","test","61","z","2","shape2.jpg","4","Daniel","<none>","You","3","Nenu","1","0","758"
"3004","2","test","62","z","6","shape3.jpg","4","Daniel","<none>","You","3","Nenu","2","1","1131"
"3004","2","test","63","z","9","shape3.jpg","4","Daniel","<none>","You","3","Nenu","2","1","833"
"3004","2","test","64","m","3","shape3.jpg","4","Daniel","<none>","You","3","Nenu","1","1","978"
"3004","2","test","65","z","3","shape3.jpg","4","Daniel","<none>","You","3","Nenu","1","0","757"
"3004","2","test","66","z","6","shape3.jpg","4","Daniel","<none>","You","3","Nenu","2","1","730"
"3004","2","test","67","m","1","shape1.jpg","4","Daniel","<none>","You","3","Nenu","1","1","1426"
"3004","2","test","68","m","2","shape2.jpg","4","Daniel","<none>","You","3","Nenu","1","1","786"
"3004","2","test","69","z","1","shape1.jpg","4","Daniel","<none>","You","3","Nenu","1","0","622"
"3004","2","test","70","m","1","shape1.jpg","4","Daniel","<none>","You","3","Nenu","1","1","521"
"3004","2","test","71","m","2","shape2.jpg","4","Daniel","<none>","You","3","Nenu","1","1","696"
"3004","2","test","72","m","1","shape1.jpg","4","Daniel","<none>","You","3","Nenu","1","1","967"
"3004","2","test","73","m","1","shape1.jpg","4","Daniel","<none>","You","3","Nenu","1","1","732"
"3004","2","test","74","z","8","shape2.jpg","4","Daniel","<none>","You","3","Nenu","2","1","1081"
"3004","2","test","75","m","1","shape1.jpg","4","Daniel","<none>","You","3","Nenu","1","1","999"
"3004","2","test","76","z","4","shape1.jpg","4","Daniel","<none>","You","3","Nenu","2","1","826"
"3004","2","test","77","m","3","shape3.jpg","4","Daniel","<none>","You","3","Nenu","1","1","750"
"3004","2","test","78","m","1","shape1.jpg","4","Daniel","<none>","You","3","Nenu","1","1","1002"
"3004","2","test","79","z","4","shape1.jpg","4","Daniel","<none>","You","3","Nenu","2","1","725"
"3004","2","test","80","m","1","shape1.jpg","4","Daniel","<none>","You","3","Nenu","1","1","731"
"3004","2","test","81","m","3","shape3.jpg","4","Daniel","<none>","You","3","Nenu","1","1","786"
"3004","2","test","82","z","9","shape3.jpg","4","Daniel","<none>","You","3","Nenu","2","1","740"
"3004","2","test","83","z","6","shape3.jpg","4","Daniel","<none>","You","3","Nenu","2","1","682"
"3004","2","test","84","z","8","shape2.jpg","4","Daniel","<none>","You","3","Nenu","2","1","827"
"3004","2","test","85","z","6","shape3.jpg","4","Daniel","<none>","You","3","Nenu","2","1","573"
"3004","2","test","86","m","1","shape1.jpg","4","Daniel","<none>","You","3","Nenu","1","1","586"
"3004","2","test","87","z","2","shape2.jpg","4","Daniel","<none>","You","3","Nenu","1","0","590"
"3004","2","test","88","m","1","shape1.jpg","4","Daniel","<none>","You","3","Nenu","1","1","730"
"3004","2","test","89","z","7","shape1.jpg","4","Daniel","<none>","You","3","Nenu","2","1","753"
"3004","2","test","90","z","5","shape2.jpg","4","Daniel","<none>","You","3","Nenu","2","1","1174"
"3004","2","test","91","m","3","shape3.jpg","4","Daniel","<none>","You","3","Nenu","1","1","665"
"3004","2","test","92","m","3","shape3.jpg","4","Daniel","<none>","You","3","Nenu","1","1","778"
"3004","2","test","93","z","4","shape1.jpg","4","Daniel","<none>","You","3","Nenu","2","1","678"
"3004","2","test","94","z","8","shape2.jpg","4","Daniel","<none>","You","3","Nenu","2","1","710"
"3004","2","test","95","m","2","shape2.jpg","4","Daniel","<none>","You","3","Nenu","1","1","662"
"3004","2","test","96","z","3","shape3.jpg","4","Daniel","<none>","You","3","Nenu","1","0","639"
"3004","2","test","97","z","2","shape2.jpg","4","Daniel","<none>","You","3","Nenu","1","0","714"
"3004","2","test","98","z","9","shape3.jpg","4","Daniel","<none>","You","3","Nenu","2","1","672"
"3004","2","test","99","z","5","shape2.jpg","4","Daniel","<none>","You","3","Nenu","2","1","881"
"3004","2","test","100","z","9","shape3.jpg","4","Daniel","<none>","You","3","Nenu","2","1","906"
"3004","2","test","101","z","8","shape2.jpg","4","Daniel","<none>","You","3","Nenu","2","1","1096"
"3004","2","test","102","z","4","shape1.jpg","4","Daniel","<none>","You","3","Nenu","2","1","830"
"3004","2","test","103","m","2","shape2.jpg","4","Daniel","<none>","You","3","Nenu","1","1","1010"
"3004","2","test","104","m","3","shape3.jpg","4","Daniel","<none>","You","3","Nenu","1","1","1004"
"3004","2","test","105","z","1","shape1.jpg","4","Daniel","<none>","You","3","Nenu","1","0","1406"
"3004","2","test","106","z","4","shape1.jpg","4","Daniel","<none>","You","3","Nenu","2","1","1407"
"3004","2","test","107","z","9","shape3.jpg","4","Daniel","<none>","You","3","Nenu","2","1","1481"
"3004","2","test","108","z","9","shape3.jpg","4","Daniel","<none>","You","3","Nenu","2","1","1350"
"3004","2","test","109","m","2","shape2.jpg","4","Daniel","<none>","You","3","Nenu","1","1","585"
"3004","2","test","110","m","7","shape1.jpg","4","Daniel","<none>","You","3","Nenu","2","0","949"
"3004","2","test","111","z","3","shape3.jpg","4","Daniel","<none>","You","3","Nenu","1","0","1010"
"3004","2","test","112","m","1","shape1.jpg","4","Daniel","<none>","You","3","Nenu","1","1","957"
"3004","2","test","113","z","2","shape2.jpg","4","Daniel","<none>","You","3","Nenu","1","0","1008"
"3004","2","test","114","z","8","shape2.jpg","4","Daniel","<none>","You","3","Nenu","2","1","755"
"3004","2","test","115","z","9","shape3.jpg","4","Daniel","<none>","You","3","Nenu","2","1","1032"
"3004","2","test","116","z","6","shape3.jpg","4","Daniel","<none>","You","3","Nenu","2","1","731"
"3004","2","test","117","z","9","shape3.jpg","4","Daniel","<none>","You","3","Nenu","2","1","1280"
"3004","2","test","118","m","7","shape1.jpg","4","Daniel","<none>","You","3","Nenu","2","0","743"
"3004","2","test","119","m","9","shape3.jpg","4","Daniel","<none>","You","3","Nenu","2","0","709"
"3004","2","test","120","m","2","shape2.jpg","4","Daniel","<none>","You","3","Nenu","1","1","1252"
"3004","2","test","121","x","5","shape2.jpg","4","Daniel","<none>","You","3","Nenu","2","0","1500"
"3004","2","test","122","m","8","shape2.jpg","4","Daniel","<none>","You","3","Nenu","2","0","1472"
"3004","2","test","123","z","7","shape1.jpg","4","Daniel","<none>","You","3","Nenu","2","1","878"
"3004","2","test","124","z","7","shape1.jpg","4","Daniel","<none>","You","3","Nenu","2","1","870"
"3004","2","test","125","z","1","shape1.jpg","4","Daniel","<none>","You","3","Nenu","1","0","941"
"3004","2","test","126","z","7","shape1.jpg","4","Daniel","<none>","You","3","Nenu","2","1","859"
"3004","2","test","127","z","8","shape2.jpg","4","Daniel","<none>","You","3","Nenu","2","1","1420"
"3004","2","test","128","z","1","shape1.jpg","4","Daniel","<none>","You","3","Nenu","1","0","821"
"3004","2","test","129","m","1","shape1.jpg","4","Daniel","<none>","You","3","Nenu","1","1","830"
"3004","2","test","130","m","2","shape2.jpg","4","Daniel","<none>","You","3","Nenu","1","1","840"
"3004","2","test","131","z","2","shape2.jpg","4","Daniel","<none>","You","3","Nenu","1","0","851"
"3004","2","test","132","z","7","shape1.jpg","4","Daniel","<none>","You","3","Nenu","2","1","1395"
"3004","2","test","133","z","6","shape3.jpg","4","Daniel","<none>","You","3","Nenu","2","1","821"
"3004","2","test","134","z","6","shape3.jpg","4","Daniel","<none>","You","3","Nenu","2","1","616"
"3004","2","test","135","z","6","shape3.jpg","4","Daniel","<none>","You","3","Nenu","2","1","489"
"3004","2","test","136","m","3","shape3.jpg","4","Daniel","<none>","You","3","Nenu","1","1","746"
"3004","2","test","137","z","8","shape2.jpg","4","Daniel","<none>","You","3","Nenu","2","1","761"
"3004","2","test","138","m","6","shape3.jpg","4","Daniel","<none>","You","3","Nenu","2","0","1214"
"3004","2","test","139","m","2","shape2.jpg","4","Daniel","<none>","You","3","Nenu","1","1","695"
"3004","2","test","140","m","3","shape3.jpg","4","Daniel","<none>","You","3","Nenu","1","1","871"
"3004","2","test","141","z","9","shape3.jpg","4","Daniel","<none>","You","3","Nenu","2","1","848"
"3004","2","test","142","z","6","shape3.jpg","4","Daniel","<none>","You","3","Nenu","2","1","905"
"3004","2","test","143","z","2","shape2.jpg","4","Daniel","<none>","You","3","Nenu","1","0","751"
"3004","2","test","144","z","8","shape2.jpg","4","Daniel","<none>","You","3","Nenu","2","1","836"
"3004","2","test","145","z","7","shape1.jpg","4","Daniel","<none>","You","3","Nenu","2","1","997"
"3004","2","test","146","m","3","shape3.jpg","4","Daniel","<none>","You","3","Nenu","1","1","728"
"3004","2","test","147","m","2","shape2.jpg","4","Daniel","<none>","You","3","Nenu","1","1","744"
"3004","2","test","148","z","3","shape3.jpg","4","Daniel","<none>","You","3","Nenu","1","0","990"
"3004","2","test","149","x","1","shape1.jpg","4","Daniel","<none>","You","3","Nenu","1","0","1498"
"3004","2","test","150","m","3","shape3.jpg","4","Daniel","<none>","You","3","Nenu","1","1","796"
"3004","2","test","151","z","4","shape1.jpg","4","Daniel","<none>","You","3","Nenu","2","1","958"
"3004","2","test","152","m","1","shape1.jpg","4","Daniel","<none>","You","3","Nenu","1","1","811"
"3004","2","test","153","m","1","shape1.jpg","4","Daniel","<none>","You","3","Nenu","1","1","815"
"3004","2","test","154","z","9","shape3.jpg","4","Daniel","<none>","You","3","Nenu","2","1","761"
"3004","2","test","155","m","1","shape1.jpg","4","Daniel","<none>","You","3","Nenu","1","1","655"
"3004","2","test","156","z","6","shape3.jpg","4","Daniel","<none>","You","3","Nenu","2","1","695"
"3004","2","test","157","x","4","shape1.jpg","4","Daniel","<none>","You","3","Nenu","2","0","1498"
"3004","2","test","158","m","2","shape2.jpg","4","Daniel","<none>","You","3","Nenu","1","1","868"
"3004","2","test","159","m","2","shape2.jpg","4","Daniel","<none>","You","3","Nenu","1","1","851"
"3004","2","test","160","z","5","shape2.jpg","4","Daniel","<none>","You","3","Nenu","2","1","700"
"3004","2","test","161","m","3","shape3.jpg","4","Daniel","<none>","You","3","Nenu","1","1","677"
"3004","2","test","162","m","2","shape2.jpg","4","Daniel","<none>","You","3","Nenu","1","1","940"
"3004","2","test","163","z","2","shape2.jpg","4","Daniel","<none>","You","3","Nenu","1","0","762"
"3004","2","test","164","m","3","shape3.jpg","4","Daniel","<none>","You","3","Nenu","1","1","695"
"3004","2","test","165","z","7","shape1.jpg","4","Daniel","<none>","You","3","Nenu","2","1","775"
"3004","2","test","166","z","2","shape2.jpg","4","Daniel","<none>","You","3","Nenu","1","0","803"
"3004","2","test","167","z","2","shape2.jpg","4","Daniel","<none>","You","3","Nenu","1","0","638"
"3004","2","test","168","z","6","shape3.jpg","4","Daniel","<none>","You","3","Nenu","2","1","1104"
"3004","2","test","169","z","6","shape3.jpg","4","Daniel","<none>","You","3","Nenu","2","1","1455"
"3004","2","test","170","m","1","shape1.jpg","4","Daniel","<none>","You","3","Nenu","1","1","941"
"3004","2","test","171","m","1","shape1.jpg","4","Daniel","<none>","You","3","Nenu","1","1","883"
"3004","2","test","172","z","7","shape1.jpg","4","Daniel","<none>","You","3","Nenu","2","1","906"
"3004","2","test","173","m","3","shape3.jpg","4","Daniel","<none>","You","3","Nenu","1","1","697"
"3004","2","test","174","m","2","shape2.jpg","4","Daniel","<none>","You","3","Nenu","1","1","895"
"3004","2","test","175","z","7","shape1.jpg","4","Daniel","<none>","You","3","Nenu","2","1","815"
"3004","2","test","176","m","2","shape2.jpg","4","Daniel","<none>","You","3","Nenu","1","1","770"
"3004","2","test","177","z","5","shape2.jpg","4","Daniel","<none>","You","3","Nenu","2","1","863"
"3004","2","test","178","m","2","shape2.jpg","4","Daniel","<none>","You","3","Nenu","1","1","799"
"3004","2","test","179","m","3","shape3.jpg","4","Daniel","<none>","You","3","Nenu","1","1","722"
"3004","2","test","180","m","9","shape3.jpg","4","Daniel","<none>","You","3","Nenu","2","0","728"
"3004","2","test","181","z","6","shape3.jpg","4","Daniel","<none>","You","3","Nenu","2","1","816"
"3004","2","test","182","m","7","shape1.jpg","4","Daniel","<none>","You","3","Nenu","2","0","1090"
"3004","2","test","183","z","6","shape3.jpg","4","Daniel","<none>","You","3","Nenu","2","1","1313"
"3004","2","test","184","m","1","shape1.jpg","4","Daniel","<none>","You","3","Nenu","1","1","709"
"3004","2","test","185","z","7","shape1.jpg","4","Daniel","<none>","You","3","Nenu","2","1","830"
"3004","2","test","186","z","9","shape3.jpg","4","Daniel","<none>","You","3","Nenu","2","1","1208"
"3004","2","test","187","z","7","shape1.jpg","4","Daniel","<none>","You","3","Nenu","2","1","842"
"3004","2","test","188","m","1","shape1.jpg","4","Daniel","<none>","You","3","Nenu","1","1","763"
"3004","2","test","189","z","4","shape1.jpg","4","Daniel","<none>","You","3","Nenu","2","1","1008"
"3004","2","test","190","z","5","shape2.jpg","4","Daniel","<none>","You","3","Nenu","2","1","1330"
"3004","2","test","191","m","3","shape3.jpg","4","Daniel","<none>","You","3","Nenu","1","1","872"
"3004","2","test","192","z","3","shape3.jpg","4","Daniel","<none>","You","3","Nenu","1","0","1215"
"3004","2","test","193","x","1","shape1.jpg","4","Daniel","<none>","You","3","Nenu","1","0","1498"
"3004","2","test","194","z","8","shape2.jpg","4","Daniel","<none>","You","3","Nenu","2","1","1413"
"3004","2","test","195","z","3","shape3.jpg","4","Daniel","<none>","You","3","Nenu","1","0","742"
"3004","2","test","196","x","6","shape3.jpg","4","Daniel","<none>","You","3","Nenu","2","0","1500"
"3004","2","test","197","m","9","shape3.jpg","4","Daniel","<none>","You","3","Nenu","2","0","1143"
"3004","2","test","198","m","3","shape3.jpg","4","Daniel","<none>","You","3","Nenu","1","1","747"
"3004","2","test","199","z","2","shape2.jpg","4","Daniel","<none>","You","3","Nenu","1","0","946"
"3004","2","test","200","z","8","shape2.jpg","4","Daniel","<none>","You","3","Nenu","2","1","911"
"3004","2","test","201","m","2","shape2.jpg","4","Daniel","<none>","You","3","Nenu","1","1","990"
"3004","2","test","202","m","1","shape1.jpg","4","Daniel","<none>","You","3","Nenu","1","1","728"
"3004","2","test","203","z","6","shape3.jpg","4","Daniel","<none>","You","3","Nenu","2","1","727"
"3004","2","test","204","z","8","shape2.jpg","4","Daniel","<none>","You","3","Nenu","2","1","813"
"3004","2","test","205","m","2","shape2.jpg","4","Daniel","<none>","You","3","Nenu","1","1","809"
"3004","2","test","206","z","9","shape3.jpg","4","Daniel","<none>","You","3","Nenu","2","1","724"
"3004","2","test","207","m","3","shape3.jpg","4","Daniel","<none>","You","3","Nenu","1","1","729"
"3004","2","test","208","z","5","shape2.jpg","4","Daniel","<none>","You","3","Nenu","2","1","1024"
"3004","2","test","209","m","2","shape2.jpg","4","Daniel","<none>","You","3","Nenu","1","1","546"
"3004","2","test","210","m","3","shape3.jpg","4","Daniel","<none>","You","3","Nenu","1","1","729"
"3004","2","test","211","z","3","shape3.jpg","4","Daniel","<none>","You","3","Nenu","1","0","631"
"3004","2","test","212","m","2","shape2.jpg","4","Daniel","<none>","You","3","Nenu","1","1","714"
"3004","2","test","213","m","3","shape3.jpg","4","Daniel","<none>","You","3","Nenu","1","1","696"
"3004","2","test","214","z","8","shape2.jpg","4","Daniel","<none>","You","3","Nenu","2","1","865"
"3004","2","test","215","m","9","shape3.jpg","4","Daniel","<none>","You","3","Nenu","2","0","1009"
"3004","2","test","216","x","4","shape1.jpg","4","Daniel","<none>","You","3","Nenu","2","0","1499"
"3004","2","test","217","m","2","shape2.jpg","4","Daniel","<none>","You","3","Nenu","1","1","631"
"3004","2","test","218","z","8","shape2.jpg","4","Daniel","<none>","You","3","Nenu","2","1","666"
"3004","2","test","219","z","8","shape2.jpg","4","Daniel","<none>","You","3","Nenu","2","1","811"
"3004","2","test","220","z","4","shape1.jpg","4","Daniel","<none>","You","3","Nenu","2","1","829"
"3004","2","test","221","x","8","shape2.jpg","4","Daniel","<none>","You","3","Nenu","2","0","1499"
"3004","2","test","222","m","2","shape2.jpg","4","Daniel","<none>","You","3","Nenu","1","1","844"
"3004","2","test","223","m","2","shape2.jpg","4","Daniel","<none>","You","3","Nenu","1","1","573"
"3004","2","test","224","z","3","shape3.jpg","4","Daniel","<none>","You","3","Nenu","1","0","642"
"3004","2","test","225","m","2","shape2.jpg","4","Daniel","<none>","You","3","Nenu","1","1","795"
"3004","2","test","226","m","9","shape3.jpg","4","Daniel","<none>","You","3","Nenu","2","0","752"
"3004","2","test","227","z","4","shape1.jpg","4","Daniel","<none>","You","3","Nenu","2","1","852"
"3004","2","test","228","m","2","shape2.jpg","4","Daniel","<none>","You","3","Nenu","1","1","958"
"3004","2","test","229","z","6","shape3.jpg","4","Daniel","<none>","You","3","Nenu","2","1","865"
"3004","2","test","230","z","7","shape1.jpg","4","Daniel","<none>","You","3","Nenu","2","1","915"
"3004","2","test","231","z","7","shape1.jpg","4","Daniel","<none>","You","3","Nenu","2","1","504"
"3004","2","test","232","z","8","shape2.jpg","4","Daniel","<none>","You","3","Nenu","2","1","583"
"3004","2","test","233","z","4","shape1.jpg","4","Daniel","<none>","You","3","Nenu","2","1","730"
"3004","2","test","234","z","2","shape2.jpg","4","Daniel","<none>","You","3","Nenu","1","0","571"
"3004","2","test","235","z","6","shape3.jpg","4","Daniel","<none>","You","3","Nenu","2","1","783"
"3004","2","test","236","z","4","shape1.jpg","4","Daniel","<none>","You","3","Nenu","2","1","779"
"3004","2","test","237","z","3","shape3.jpg","4","Daniel","<none>","You","3","Nenu","1","0","600"
"3004","2","test","238","z","5","shape2.jpg","4","Daniel","<none>","You","3","Nenu","2","1","762"
"3004","2","test","239","m","1","shape1.jpg","4","Daniel","<none>","You","3","Nenu","1","1","616"
"3004","2","test","240","z","5","shape2.jpg","4","Daniel","<none>","You","3","Nenu","2","1","642"
"3004","2","test","241","x","1","shape1.jpg","4","Daniel","<none>","You","3","Nenu","1","0","1498"
"3004","2","test","242","m","1","shape1.jpg","4","Daniel","<none>","You","3","Nenu","1","1","493"
"3004","2","test","243","z","7","shape1.jpg","4","Daniel","<none>","You","3","Nenu","2","1","662"
"3004","2","test","244","m","2","shape2.jpg","4","Daniel","<none>","You","3","Nenu","1","1","1071"
"3004","2","test","245","z","8","shape2.jpg","4","Daniel","<none>","You","3","Nenu","2","1","711"
"3004","2","test","246","z","4","shape1.jpg","4","Daniel","<none>","You","3","Nenu","2","1","686"
"3004","2","test","247","m","3","shape3.jpg","4","Daniel","<none>","You","3","Nenu","1","1","605"
"3004","2","test","248","z","7","shape1.jpg","4","Daniel","<none>","You","3","Nenu","2","1","601"
"3004","2","test","249","m","1","shape1.jpg","4","Daniel","<none>","You","3","Nenu","1","1","678"
"3004","2","test","250","m","3","shape3.jpg","4","Daniel","<none>","You","3","Nenu","1","1","718"
"3004","2","test","251","z","9","shape3.jpg","4","Daniel","<none>","You","3","Nenu","2","1","836"
"3004","2","test","252","m","1","shape1.jpg","4","Daniel","<none>","You","3","Nenu","1","1","686"
"3004","2","test","253","z","9","shape3.jpg","4","Daniel","<none>","You","3","Nenu","2","1","677"
"3004","2","test","254","m","3","shape3.jpg","4","Daniel","<none>","You","3","Nenu","1","1","839"
"3004","2","test","255","z","7","shape1.jpg","4","Daniel","<none>","You","3","Nenu","2","1","521"
"3004","2","test","256","z","9","shape3.jpg","4","Daniel","<none>","You","3","Nenu","2","1","719"
"3004","2","test","257","z","7","shape1.jpg","4","Daniel","<none>","You","3","Nenu","2","1","652"
"3004","2","test","258","z","8","shape2.jpg","4","Daniel","<none>","You","3","Nenu","2","1","640"
"3004","2","test","259","m","2","shape2.jpg","4","Daniel","<none>","You","3","Nenu","1","1","601"
"3004","2","test","260","z","8","shape2.jpg","4","Daniel","<none>","You","3","Nenu","2","1","732"
"3004","2","test","261","z","5","shape2.jpg","4","Daniel","<none>","You","3","Nenu","2","1","970"
"3004","2","test","262","m","3","shape3.jpg","4","Daniel","<none>","You","3","Nenu","1","1","766"
"3004","2","test","263","z","4","shape1.jpg","4","Daniel","<none>","You","3","Nenu","2","1","811"
"3004","2","test","264","m","3","shape3.jpg","4","Daniel","<none>","You","3","Nenu","1","1","718"
"3004","2","test","265","m","3","shape3.jpg","4","Daniel","<none>","You","3","Nenu","1","1","709"
"3004","2","test","266","z","8","shape2.jpg","4","Daniel","<none>","You","3","Nenu","2","1","691"
"3004","2","test","267","m","1","shape1.jpg","4","Daniel","<none>","You","3","Nenu","1","1","868"
"3004","2","test","268","z","5","shape2.jpg","4","Daniel","<none>","You","3","Nenu","2","1","732"
"3004","2","test","269","m","1","shape1.jpg","4","Daniel","<none>","You","3","Nenu","1","1","698"
"3004","2","test","270","m","1","shape1.jpg","4","Daniel","<none>","You","3","Nenu","1","1","504"
"3004","2","test","271","m","1","shape1.jpg","4","Daniel","<none>","You","3","Nenu","1","1","489"
"3004","2","test","272","z","5","shape2.jpg","4","Daniel","<none>","You","3","Nenu","2","1","466"
"3004","2","test","273","z","6","shape3.jpg","4","Daniel","<none>","You","3","Nenu","2","1","690"
"3004","2","test","274","z","4","shape1.jpg","4","Daniel","<none>","You","3","Nenu","2","1","890"
"3004","2","test","275","z","5","shape2.jpg","4","Daniel","<none>","You","3","Nenu","2","1","761"
"3004","2","test","276","z","8","shape2.jpg","4","Daniel","<none>","You","3","Nenu","2","1","703"
"3004","2","test","277","m","1","shape1.jpg","4","Daniel","<none>","You","3","Nenu","1","1","590"
"3004","2","test","278","z","8","shape2.jpg","4","Daniel","<none>","You","3","Nenu","2","1","554"
"3004","2","test","279","z","4","shape1.jpg","4","Daniel","<none>","You","3","Nenu","2","1","656"
"3004","2","test","280","m","6","shape3.jpg","4","Daniel","<none>","You","3","Nenu","2","0","881"
"3004","2","test","281","m","2","shape2.jpg","4","Daniel","<none>","You","3","Nenu","1","1","650"
"3004","2","test","282","z","5","shape2.jpg","4","Daniel","<none>","You","3","Nenu","2","1","739"
"3004","2","test","283","z","3","shape3.jpg","4","Daniel","<none>","You","3","Nenu","1","0","601"
"3004","2","test","284","m","3","shape3.jpg","4","Daniel","<none>","You","3","Nenu","1","1","532"
"3004","2","test","285","z","5","shape2.jpg","4","Daniel","<none>","You","3","Nenu","2","1","882"
"3004","2","test","286","m","1","shape1.jpg","4","Daniel","<none>","You","3","Nenu","1","1","729"
"3004","2","test","287","z","5","shape2.jpg","4","Daniel","<none>","You","3","Nenu","2","1","681"
"3004","2","test","288","m","3","shape3.jpg","4","Daniel","<none>","You","3","Nenu","1","1","705"
"3004","2","test","289","z","8","shape2.jpg","4","Daniel","<none>","You","3","Nenu","2","1","600"
"3004","2","test","290","m","3","shape3.jpg","4","Daniel","<none>","You","3","Nenu","1","1","748"
"3004","2","test","291","m","1","shape1.jpg","4","Daniel","<none>","You","3","Nenu","1","1","689"
"3004","2","test","292","m","1","shape1.jpg","4","Daniel","<none>","You","3","Nenu","1","1","626"
"3004","2","test","293","m","3","shape3.jpg","4","Daniel","<none>","You","3","Nenu","1","1","917"
"3004","2","test","294","z","1","shape1.jpg","4","Daniel","<none>","You","3","Nenu","1","0","833"
"3004","2","test","295","z","5","shape2.jpg","4","Daniel","<none>","You","3","Nenu","2","1","644"
"3004","2","test","296","z","5","shape2.jpg","4","Daniel","<none>","You","3","Nenu","2","1","709"
"3004","2","test","297","z","4","shape1.jpg","4","Daniel","<none>","You","3","Nenu","2","1","700"
"3004","2","test","298","m","1","shape1.jpg","4","Daniel","<none>","You","3","Nenu","1","1","725"
"3004","2","test","299","z","2","shape2.jpg","4","Daniel","<none>","You","3","Nenu","1","0","563"
"3004","2","test","300","m","2","shape2.jpg","4","Daniel","<none>","You","3","Nenu","1","1","505"
"3004","2","test","301","m","5","shape2.jpg","4","Daniel","<none>","You","3","Nenu","2","0","456"
"3004","2","test","302","m","2","shape2.jpg","4","Daniel","<none>","You","3","Nenu","1","1","570"
"3004","2","test","303","m","2","shape2.jpg","4","Daniel","<none>","You","3","Nenu","1","1","567"
"3004","2","test","304","m","2","shape2.jpg","4","Daniel","<none>","You","3","Nenu","1","1","467"
"3004","2","test","305","z","1","shape1.jpg","4","Daniel","<none>","You","3","Nenu","1","0","573"
"3004","2","test","306","z","5","shape2.jpg","4","Daniel","<none>","You","3","Nenu","2","1","1018"
"3004","2","test","307","z","5","shape2.jpg","4","Daniel","<none>","You","3","Nenu","2","1","740"
"3004","2","test","308","z","8","shape2.jpg","4","Daniel","<none>","You","3","Nenu","2","1","745"
"3004","2","test","309","m","3","shape3.jpg","4","Daniel","<none>","You","3","Nenu","1","1","632"
"3004","2","test","310","m","1","shape1.jpg","4","Daniel","<none>","You","3","Nenu","1","1","673"
"3004","2","test","311","m","3","shape3.jpg","4","Daniel","<none>","You","3","Nenu","1","1","707"
"3004","2","test","312","m","1","shape1.jpg","4","Daniel","<none>","You","3","Nenu","1","1","866"
"3004","2","test","313","m","2","shape2.jpg","4","Daniel","<none>","You","3","Nenu","1","1","746"
"3004","2","test","314","z","1","shape1.jpg","4","Daniel","<none>","You","3","Nenu","1","0","838"
"3004","2","test","315","z","6","shape3.jpg","4","Daniel","<none>","You","3","Nenu","2","1","729"
"3004","2","test","316","z","8","shape2.jpg","4","Daniel","<none>","You","3","Nenu","2","1","863"
"3004","2","test","317","m","2","shape2.jpg","4","Daniel","<none>","You","3","Nenu","1","1","745"
"3004","2","test","318","m","1","shape1.jpg","4","Daniel","<none>","You","3","Nenu","1","1","846"
"3004","2","test","319","m","8","shape2.jpg","4","Daniel","<none>","You","3","Nenu","2","0","888"
"3004","2","test","320","m","3","shape3.jpg","4","Daniel","<none>","You","3","Nenu","1","1","679"
"3004","2","test","321","z","4","shape1.jpg","4","Daniel","<none>","You","3","Nenu","2","1","777"
"3004","2","test","322","m","5","shape2.jpg","4","Daniel","<none>","You","3","Nenu","2","0","844"
"3004","2","test","323","m","2","shape2.jpg","4","Daniel","<none>","You","3","Nenu","1","1","926"
"3004","2","test","324","m","2","shape2.jpg","4","Daniel","<none>","You","3","Nenu","1","1","612"
"3004","2","test","325","m","1","shape1.jpg","4","Daniel","<none>","You","3","Nenu","1","1","615"
"3004","2","test","326","m","3","shape3.jpg","4","Daniel","<none>","You","3","Nenu","1","1","682"
"3004","2","test","327","z","8","shape2.jpg","4","Daniel","<none>","You","3","Nenu","2","1","745"
"3004","2","test","328","m","1","shape1.jpg","4","Daniel","<none>","You","3","Nenu","1","1","768"
"3004","2","test","329","m","3","shape3.jpg","4","Daniel","<none>","You","3","Nenu","1","1","572"
"3004","2","test","330","m","3","shape3.jpg","4","Daniel","<none>","You","3","Nenu","1","1","626"
"3004","2","test","331","z","6","shape3.jpg","4","Daniel","<none>","You","3","Nenu","2","1","652"
"3004","2","test","332","m","3","shape3.jpg","4","Daniel","<none>","You","3","Nenu","1","1","628"
"3004","2","test","333","m","3","shape3.jpg","4","Daniel","<none>","You","3","Nenu","1","1","537"
"3004","2","test","334","z","9","shape3.jpg","4","Daniel","<none>","You","3","Nenu","2","1","760"
"3004","2","test","335","m","3","shape3.jpg","4","Daniel","<none>","You","3","Nenu","1","1","642"
"3004","2","test","336","m","1","shape1.jpg","4","Daniel","<none>","You","3","Nenu","1","1","774"
"3004","2","test","337","m","2","shape2.jpg","4","Daniel","<none>","You","3","Nenu","1","1","555"
"3004","2","test","338","z","5","shape2.jpg","4","Daniel","<none>","You","3","Nenu","2","1","583"
"3004","2","test","339","m","1","shape1.jpg","4","Daniel","<none>","You","3","Nenu","1","1","772"
"3004","2","test","340","z","5","shape2.jpg","4","Daniel","<none>","You","3","Nenu","2","1","1033"
"3004","2","test","341","z","6","shape3.jpg","4","Daniel","<none>","You","3","Nenu","2","1","617"
"3004","2","test","342","z","7","shape1.jpg","4","Daniel","<none>","You","3","Nenu","2","1","836"
"3004","2","test","343","m","1","shape1.jpg","4","Daniel","<none>","You","3","Nenu","1","1","639"
"3004","2","test","344","z","4","shape1.jpg","4","Daniel","<none>","You","3","Nenu","2","1","695"
"3004","2","test","345","z","4","shape1.jpg","4","Daniel","<none>","You","3","Nenu","2","1","616"
"3004","2","test","346","z","4","shape1.jpg","4","Daniel","<none>","You","3","Nenu","2","1","562"
"3004","2","test","347","m","2","shape2.jpg","4","Daniel","<none>","You","3","Nenu","1","1","736"
"3004","2","test","348","z","9","shape3.jpg","4","Daniel","<none>","You","3","Nenu","2","1","567"
"3004","2","test","349","z","2","shape2.jpg","4","Daniel","<none>","You","3","Nenu","1","0","819"
"3004","2","test","350","m","3","shape3.jpg","4","Daniel","<none>","You","3","Nenu","1","1","670"
"3004","2","test","351","z","7","shape1.jpg","4","Daniel","<none>","You","3","Nenu","2","1","869"
"3004","2","test","352","z","4","shape1.jpg","4","Daniel","<none>","You","3","Nenu","2","1","871"
"3004","2","test","353","m","2","shape2.jpg","4","Daniel","<none>","You","3","Nenu","1","1","566"
"3004","2","test","354","z","5","shape2.jpg","4","Daniel","<none>","You","3","Nenu","2","1","691"
"3004","2","test","355","m","3","shape3.jpg","4","Daniel","<none>","You","3","Nenu","1","1","748"
"3004","2","test","356","m","1","shape1.jpg","4","Daniel","<none>","You","3","Nenu","1","1","745"
"3004","2","test","357","m","9","shape3.jpg","4","Daniel","<none>","You","3","Nenu","2","0","542"
"3004","2","test","358","m","3","shape3.jpg","4","Daniel","<none>","You","3","Nenu","1","1","733"
"3004","2","test","359","z","1","shape1.jpg","4","Daniel","<none>","You","3","Nenu","1","0","732"
"3004","2","test","360","m","3","shape3.jpg","4","Daniel","<none>","You","3","Nenu","1","1","688"
"3005","1","test","1","z","6","shape3.jpg","5","<none>","You","Edina","3","Waru","2","0","1201"
"3005","1","test","2","z","1","shape1.jpg","5","<none>","You","Edina","3","Waru","1","1","1010"
"3005","1","test","3","m","3","shape3.jpg","5","<none>","You","Edina","3","Waru","1","0","900"
"3005","1","test","4","m","2","shape2.jpg","5","<none>","You","Edina","3","Waru","1","0","651"
"3005","1","test","5","m","4","shape1.jpg","5","<none>","You","Edina","3","Waru","2","1","1133"
"3005","1","test","6","z","2","shape2.jpg","5","<none>","You","Edina","3","Waru","1","1","962"
"3005","1","test","7","z","2","shape2.jpg","5","<none>","You","Edina","3","Waru","1","1","614"
"3005","1","test","8","z","1","shape1.jpg","5","<none>","You","Edina","3","Waru","1","1","954"
"3005","1","test","9","m","7","shape1.jpg","5","<none>","You","Edina","3","Waru","2","1","1103"
"3005","1","test","10","z","3","shape3.jpg","5","<none>","You","Edina","3","Waru","1","1","1060"
"3005","1","test","11","z","2","shape2.jpg","5","<none>","You","Edina","3","Waru","1","1","660"
"3005","1","test","12","z","1","shape1.jpg","5","<none>","You","Edina","3","Waru","1","1","966"
"3005","1","test","13","z","1","shape1.jpg","5","<none>","You","Edina","3","Waru","1","1","785"
"3005","1","test","14","z","2","shape2.jpg","5","<none>","You","Edina","3","Waru","1","1","743"
"3005","1","test","15","m","9","shape3.jpg","5","<none>","You","Edina","3","Waru","2","1","899"
"3005","1","test","16","z","1","shape1.jpg","5","<none>","You","Edina","3","Waru","1","1","994"
"3005","1","test","17","z","1","shape1.jpg","5","<none>","You","Edina","3","Waru","1","1","653"
"3005","1","test","18","z","1","shape1.jpg","5","<none>","You","Edina","3","Waru","1","1","638"
"3005","1","test","19","z","2","shape2.jpg","5","<none>","You","Edina","3","Waru","1","1","737"
"3005","1","test","20","m","4","shape1.jpg","5","<none>","You","Edina","3","Waru","2","1","1255"
"3005","1","test","21","m","7","shape1.jpg","5","<none>","You","Edina","3","Waru","2","1","870"
"3005","1","test","22","z","1","shape1.jpg","5","<none>","You","Edina","3","Waru","1","1","759"
"3005","1","test","23","z","1","shape1.jpg","5","<none>","You","Edina","3","Waru","1","1","731"
"3005","1","test","24","z","2","shape2.jpg","5","<none>","You","Edina","3","Waru","1","1","705"
"3005","1","test","25","z","1","shape1.jpg","5","<none>","You","Edina","3","Waru","1","1","833"
"3005","1","test","26","z","1","shape1.jpg","5","<none>","You","Edina","3","Waru","1","1","715"
"3005","1","test","27","m","7","shape1.jpg","5","<none>","You","Edina","3","Waru","2","1","657"
"3005","1","test","28","m","7","shape1.jpg","5","<none>","You","Edina","3","Waru","2","1","907"
"3005","1","test","29","m","5","shape2.jpg","5","<none>","You","Edina","3","Waru","2","1","802"
"3005","1","test","30","m","6","shape3.jpg","5","<none>","You","Edina","3","Waru","2","1","789"
"3005","1","test","31","z","3","shape3.jpg","5","<none>","You","Edina","3","Waru","1","1","1048"
"3005","1","test","32","m","7","shape1.jpg","5","<none>","You","Edina","3","Waru","2","1","760"
"3005","1","test","33","m","9","shape3.jpg","5","<none>","You","Edina","3","Waru","2","1","775"
"3005","1","test","34","z","3","shape3.jpg","5","<none>","You","Edina","3","Waru","1","1","652"
"3005","1","test","35","m","6","shape3.jpg","5","<none>","You","Edina","3","Waru","2","1","667"
"3005","1","test","36","z","3","shape3.jpg","5","<none>","You","Edina","3","Waru","1","1","645"
"3005","1","test","37","z","2","shape2.jpg","5","<none>","You","Edina","3","Waru","1","1","752"
"3005","1","test","38","m","7","shape1.jpg","5","<none>","You","Edina","3","Waru","2","1","588"
"3005","1","test","39","m","5","shape2.jpg","5","<none>","You","Edina","3","Waru","2","1","824"
"3005","1","test","40","m","4","shape1.jpg","5","<none>","You","Edina","3","Waru","2","1","707"
"3005","1","test","41","z","2","shape2.jpg","5","<none>","You","Edina","3","Waru","1","1","690"
"3005","1","test","42","m","5","shape2.jpg","5","<none>","You","Edina","3","Waru","2","1","730"
"3005","1","test","43","m","4","shape1.jpg","5","<none>","You","Edina","3","Waru","2","1","768"
"3005","1","test","44","m","6","shape3.jpg","5","<none>","You","Edina","3","Waru","2","1","700"
"3005","1","test","45","z","2","shape2.jpg","5","<none>","You","Edina","3","Waru","1","1","755"
"3005","1","test","46","m","5","shape2.jpg","5","<none>","You","Edina","3","Waru","2","1","769"
"3005","1","test","47","m","1","shape1.jpg","5","<none>","You","Edina","3","Waru","1","0","973"
"3005","1","test","48","z","3","shape3.jpg","5","<none>","You","Edina","3","Waru","1","1","610"
"3005","1","test","49","m","3","shape3.jpg","5","<none>","You","Edina","3","Waru","1","0","508"
"3005","1","test","50","z","1","shape1.jpg","5","<none>","You","Edina","3","Waru","1","1","621"
"3005","1","test","51","z","3","shape3.jpg","5","<none>","You","Edina","3","Waru","1","1","591"
"3005","1","test","52","z","1","shape1.jpg","5","<none>","You","Edina","3","Waru","1","1","651"
"3005","1","test","53","m","9","shape3.jpg","5","<none>","You","Edina","3","Waru","2","1","622"
"3005","1","test","54","m","9","shape3.jpg","5","<none>","You","Edina","3","Waru","2","1","798"
"3005","1","test","55","m","8","shape2.jpg","5","<none>","You","Edina","3","Waru","2","1","610"
"3005","1","test","56","m","3","shape3.jpg","5","<none>","You","Edina","3","Waru","1","0","454"
"3005","1","test","57","m","6","shape3.jpg","5","<none>","You","Edina","3","Waru","2","1","577"
"3005","1","test","58","z","3","shape3.jpg","5","<none>","You","Edina","3","Waru","1","1","486"
"3005","1","test","59","m","4","shape1.jpg","5","<none>","You","Edina","3","Waru","2","1","526"
"3005","1","test","60","z","3","shape3.jpg","5","<none>","You","Edina","3","Waru","1","1","541"
"3005","1","test","61","m","4","shape1.jpg","5","<none>","You","Edina","3","Waru","2","1","611"
"3005","1","test","62","m","8","shape2.jpg","5","<none>","You","Edina","3","Waru","2","1","631"
"3005","1","test","63","z","2","shape2.jpg","5","<none>","You","Edina","3","Waru","1","1","626"
"3005","1","test","64","z","3","shape3.jpg","5","<none>","You","Edina","3","Waru","1","1","997"
"3005","1","test","65","z","1","shape1.jpg","5","<none>","You","Edina","3","Waru","1","1","599"
"3005","1","test","66","z","1","shape1.jpg","5","<none>","You","Edina","3","Waru","1","1","875"
"3005","1","test","67","m","7","shape1.jpg","5","<none>","You","Edina","3","Waru","2","1","658"
"3005","1","test","68","m","8","shape2.jpg","5","<none>","You","Edina","3","Waru","2","1","622"
"3005","1","test","69","z","1","shape1.jpg","5","<none>","You","Edina","3","Waru","1","1","640"
"3005","1","test","70","z","2","shape2.jpg","5","<none>","You","Edina","3","Waru","1","1","937"
"3005","1","test","71","m","7","shape1.jpg","5","<none>","You","Edina","3","Waru","2","1","735"
"3005","1","test","72","z","3","shape3.jpg","5","<none>","You","Edina","3","Waru","1","1","708"
"3005","1","test","73","z","3","shape3.jpg","5","<none>","You","Edina","3","Waru","1","1","805"
"3005","1","test","74","z","5","shape2.jpg","5","<none>","You","Edina","3","Waru","2","0","687"
"3005","1","test","75","m","6","shape3.jpg","5","<none>","You","Edina","3","Waru","2","1","671"
"3005","1","test","76","m","5","shape2.jpg","5","<none>","You","Edina","3","Waru","2","1","1087"
"3005","1","test","77","z","2","shape2.jpg","5","<none>","You","Edina","3","Waru","1","1","630"
"3005","1","test","78","z","1","shape1.jpg","5","<none>","You","Edina","3","Waru","1","1","816"
"3005","1","test","79","z","2","shape2.jpg","5","<none>","You","Edina","3","Waru","1","1","828"
"3005","1","test","80","z","2","shape2.jpg","5","<none>","You","Edina","3","Waru","1","1","613"
"3005","1","test","81","m","6","shape3.jpg","5","<none>","You","Edina","3","Waru","2","1","881"
"3005","1","test","82","z","2","shape2.jpg","5","<none>","You","Edina","3","Waru","1","1","625"
"3005","1","test","83","z","1","shape1.jpg","5","<none>","You","Edina","3","Waru","1","1","597"
"3005","1","test","84","z","2","shape2.jpg","5","<none>","You","Edina","3","Waru","1","1","608"
"3005","1","test","85","z","3","shape3.jpg","5","<none>","You","Edina","3","Waru","1","1","715"
"3005","1","test","86","z","1","shape1.jpg","5","<none>","You","Edina","3","Waru","1","1","586"
"3005","1","test","87","z","3","shape3.jpg","5","<none>","You","Edina","3","Waru","1","1","615"
"3005","1","test","88","m","8","shape2.jpg","5","<none>","You","Edina","3","Waru","2","1","577"
"3005","1","test","89","m","9","shape3.jpg","5","<none>","You","Edina","3","Waru","2","1","631"
"3005","1","test","90","z","1","shape1.jpg","5","<none>","You","Edina","3","Waru","1","1","633"
"3005","1","test","91","m","8","shape2.jpg","5","<none>","You","Edina","3","Waru","2","1","716"
"3005","1","test","92","m","8","shape2.jpg","5","<none>","You","Edina","3","Waru","2","1","522"
"3005","1","test","93","m","3","shape3.jpg","5","<none>","You","Edina","3","Waru","1","0","546"
"3005","1","test","94","m","8","shape2.jpg","5","<none>","You","Edina","3","Waru","2","1","535"
"3005","1","test","95","m","4","shape1.jpg","5","<none>","You","Edina","3","Waru","2","1","494"
"3005","1","test","96","z","2","shape2.jpg","5","<none>","You","Edina","3","Waru","1","1","670"
"3005","1","test","97","z","3","shape3.jpg","5","<none>","You","Edina","3","Waru","1","1","536"
"3005","1","test","98","z","1","shape1.jpg","5","<none>","You","Edina","3","Waru","1","1","1054"
"3005","1","test","99","z","1","shape1.jpg","5","<none>","You","Edina","3","Waru","1","1","846"
"3005","1","test","100","m","9","shape3.jpg","5","<none>","You","Edina","3","Waru","2","1","695"
"3005","1","test","101","m","9","shape3.jpg","5","<none>","You","Edina","3","Waru","2","1","640"
"3005","1","test","102","m","4","shape1.jpg","5","<none>","You","Edina","3","Waru","2","1","626"
"3005","1","test","103","m","7","shape1.jpg","5","<none>","You","Edina","3","Waru","2","1","653"
"3005","1","test","104","z","1","shape1.jpg","5","<none>","You","Edina","3","Waru","1","1","557"
"3005","1","test","105","m","8","shape2.jpg","5","<none>","You","Edina","3","Waru","2","1","613"
"3005","1","test","106","z","3","shape3.jpg","5","<none>","You","Edina","3","Waru","1","1","552"
"3005","1","test","107","m","7","shape1.jpg","5","<none>","You","Edina","3","Waru","2","1","694"
"3005","1","test","108","z","1","shape1.jpg","5","<none>","You","Edina","3","Waru","1","1","573"
"3005","1","test","109","m","4","shape1.jpg","5","<none>","You","Edina","3","Waru","2","1","577"
"3005","1","test","110","z","2","shape2.jpg","5","<none>","You","Edina","3","Waru","1","1","544"
"3005","1","test","111","m","7","shape1.jpg","5","<none>","You","Edina","3","Waru","2","1","645"
"3005","1","test","112","z","1","shape1.jpg","5","<none>","You","Edina","3","Waru","1","1","608"
"3005","1","test","113","z","1","shape1.jpg","5","<none>","You","Edina","3","Waru","1","1","603"
"3005","1","test","114","m","6","shape3.jpg","5","<none>","You","Edina","3","Waru","2","1","711"
"3005","1","test","115","m","7","shape1.jpg","5","<none>","You","Edina","3","Waru","2","1","695"
"3005","1","test","116","m","6","shape3.jpg","5","<none>","You","Edina","3","Waru","2","1","455"
"3005","1","test","117","m","2","shape2.jpg","5","<none>","You","Edina","3","Waru","1","0","505"
"3005","1","test","118","z","2","shape2.jpg","5","<none>","You","Edina","3","Waru","1","1","537"
"3005","1","test","119","m","8","shape2.jpg","5","<none>","You","Edina","3","Waru","2","1","614"
"3005","1","test","120","z","2","shape2.jpg","5","<none>","You","Edina","3","Waru","1","1","523"
"3005","1","test","121","m","3","shape3.jpg","5","<none>","You","Edina","3","Waru","1","0","765"
"3005","1","test","122","z","3","shape3.jpg","5","<none>","You","Edina","3","Waru","1","1","473"
"3005","1","test","123","m","4","shape1.jpg","5","<none>","You","Edina","3","Waru","2","1","516"
"3005","1","test","124","m","6","shape3.jpg","5","<none>","You","Edina","3","Waru","2","1","611"
"3005","1","test","125","z","3","shape3.jpg","5","<none>","You","Edina","3","Waru","1","1","487"
"3005","1","test","126","m","5","shape2.jpg","5","<none>","You","Edina","3","Waru","2","1","550"
"3005","1","test","127","m","8","shape2.jpg","5","<none>","You","Edina","3","Waru","2","1","532"
"3005","1","test","128","m","4","shape1.jpg","5","<none>","You","Edina","3","Waru","2","1","666"
"3005","1","test","129","m","3","shape3.jpg","5","<none>","You","Edina","3","Waru","1","0","627"
"3005","1","test","130","z","2","shape2.jpg","5","<none>","You","Edina","3","Waru","1","1","615"
"3005","1","test","131","z","2","shape2.jpg","5","<none>","You","Edina","3","Waru","1","1","697"
"3005","1","test","132","m","8","shape2.jpg","5","<none>","You","Edina","3","Waru","2","1","808"
"3005","1","test","133","z","1","shape1.jpg","5","<none>","You","Edina","3","Waru","1","1","675"
"3005","1","test","134","m","7","shape1.jpg","5","<none>","You","Edina","3","Waru","2","1","1221"
"3005","1","test","135","z","2","shape2.jpg","5","<none>","You","Edina","3","Waru","1","1","524"
"3005","1","test","136","m","7","shape1.jpg","5","<none>","You","Edina","3","Waru","2","1","620"
"3005","1","test","137","z","2","shape2.jpg","5","<none>","You","Edina","3","Waru","1","1","616"
"3005","1","test","138","z","3","shape3.jpg","5","<none>","You","Edina","3","Waru","1","1","666"
"3005","1","test","139","m","6","shape3.jpg","5","<none>","You","Edina","3","Waru","2","1","683"
"3005","1","test","140","m","7","shape1.jpg","5","<none>","You","Edina","3","Waru","2","1","898"
"3005","1","test","141","m","9","shape3.jpg","5","<none>","You","Edina","3","Waru","2","1","770"
"3005","1","test","142","m","9","shape3.jpg","5","<none>","You","Edina","3","Waru","2","1","494"
"3005","1","test","143","m","6","shape3.jpg","5","<none>","You","Edina","3","Waru","2","1","848"
"3005","1","test","144","m","4","shape1.jpg","5","<none>","You","Edina","3","Waru","2","1","599"
"3005","1","test","145","z","2","shape2.jpg","5","<none>","You","Edina","3","Waru","1","1","565"
"3005","1","test","146","m","6","shape3.jpg","5","<none>","You","Edina","3","Waru","2","1","793"
"3005","1","test","147","m","4","shape1.jpg","5","<none>","You","Edina","3","Waru","2","1","589"
"3005","1","test","148","z","3","shape3.jpg","5","<none>","You","Edina","3","Waru","1","1","1329"
"3005","1","test","149","m","8","shape2.jpg","5","<none>","You","Edina","3","Waru","2","1","661"
"3005","1","test","150","z","2","shape2.jpg","5","<none>","You","Edina","3","Waru","1","1","912"
"3005","1","test","151","z","2","shape2.jpg","5","<none>","You","Edina","3","Waru","1","1","653"
"3005","1","test","152","m","9","shape3.jpg","5","<none>","You","Edina","3","Waru","2","1","639"
"3005","1","test","153","z","5","shape2.jpg","5","<none>","You","Edina","3","Waru","2","0","617"
"3005","1","test","154","m","4","shape1.jpg","5","<none>","You","Edina","3","Waru","2","1","595"
"3005","1","test","155","m","9","shape3.jpg","5","<none>","You","Edina","3","Waru","2","1","705"
"3005","1","test","156","m","6","shape3.jpg","5","<none>","You","Edina","3","Waru","2","1","631"
"3005","1","test","157","m","1","shape1.jpg","5","<none>","You","Edina","3","Waru","1","0","641"
"3005","1","test","158","z","3","shape3.jpg","5","<none>","You","Edina","3","Waru","1","1","668"
"3005","1","test","159","m","3","shape3.jpg","5","<none>","You","Edina","3","Waru","1","0","557"
"3005","1","test","160","m","4","shape1.jpg","5","<none>","You","Edina","3","Waru","2","1","675"
"3005","1","test","161","m","6","shape3.jpg","5","<none>","You","Edina","3","Waru","2","1","714"
"3005","1","test","162","z","1","shape1.jpg","5","<none>","You","Edina","3","Waru","1","1","722"
"3005","1","test","163","z","2","shape2.jpg","5","<none>","You","Edina","3","Waru","1","1","592"
"3005","1","test","164","m","6","shape3.jpg","5","<none>","You","Edina","3","Waru","2","1","588"
"3005","1","test","165","m","4","shape1.jpg","5","<none>","You","Edina","3","Waru","2","1","657"
"3005","1","test","166","z","1","shape1.jpg","5","<none>","You","Edina","3","Waru","1","1","673"
"3005","1","test","167","m","5","shape2.jpg","5","<none>","You","Edina","3","Waru","2","1","683"
"3005","1","test","168","z","3","shape3.jpg","5","<none>","You","Edina","3","Waru","1","1","1339"
"3005","1","test","169","z","1","shape1.jpg","5","<none>","You","Edina","3","Waru","1","1","686"
"3005","1","test","170","m","7","shape1.jpg","5","<none>","You","Edina","3","Waru","2","1","646"
"3005","1","test","171","m","5","shape2.jpg","5","<none>","You","Edina","3","Waru","2","1","697"
"3005","1","test","172","m","9","shape3.jpg","5","<none>","You","Edina","3","Waru","2","1","698"
"3005","1","test","173","z","1","shape1.jpg","5","<none>","You","Edina","3","Waru","1","1","816"
"3005","1","test","174","z","3","shape3.jpg","5","<none>","You","Edina","3","Waru","1","1","730"
"3005","1","test","175","z","2","shape2.jpg","5","<none>","You","Edina","3","Waru","1","1","689"
"3005","1","test","176","z","3","shape3.jpg","5","<none>","You","Edina","3","Waru","1","1","744"
"3005","1","test","177","z","2","shape2.jpg","5","<none>","You","Edina","3","Waru","1","1","600"
"3005","1","test","178","m","5","shape2.jpg","5","<none>","You","Edina","3","Waru","2","1","1035"
"3005","1","test","179","m","9","shape3.jpg","5","<none>","You","Edina","3","Waru","2","1","778"
"3005","1","test","180","m","8","shape2.jpg","5","<none>","You","Edina","3","Waru","2","1","641"
"3005","1","test","181","z","2","shape2.jpg","5","<none>","You","Edina","3","Waru","1","1","731"
"3005","1","test","182","m","5","shape2.jpg","5","<none>","You","Edina","3","Waru","2","1","705"
"3005","1","test","183","m","5","shape2.jpg","5","<none>","You","Edina","3","Waru","2","1","560"
"3005","1","test","184","m","4","shape1.jpg","5","<none>","You","Edina","3","Waru","2","1","622"
"3005","1","test","185","z","1","shape1.jpg","5","<none>","You","Edina","3","Waru","1","1","657"
"3005","1","test","186","m","3","shape3.jpg","5","<none>","You","Edina","3","Waru","1","0","633"
"3005","1","test","187","m","9","shape3.jpg","5","<none>","You","Edina","3","Waru","2","1","668"
"3005","1","test","188","z","1","shape1.jpg","5","<none>","You","Edina","3","Waru","1","1","950"
"3005","1","test","189","z","2","shape2.jpg","5","<none>","You","Edina","3","Waru","1","1","561"
"3005","1","test","190","m","4","shape1.jpg","5","<none>","You","Edina","3","Waru","2","1","622"
"3005","1","test","191","z","2","shape2.jpg","5","<none>","You","Edina","3","Waru","1","1","642"
"3005","1","test","192","z","2","shape2.jpg","5","<none>","You","Edina","3","Waru","1","1","540"
"3005","1","test","193","m","7","shape1.jpg","5","<none>","You","Edina","3","Waru","2","1","1306"
"3005","1","test","194","m","8","shape2.jpg","5","<none>","You","Edina","3","Waru","2","1","625"
"3005","1","test","195","z","1","shape1.jpg","5","<none>","You","Edina","3","Waru","1","1","650"
"3005","1","test","196","z","2","shape2.jpg","5","<none>","You","Edina","3","Waru","1","1","525"
"3005","1","test","197","z","1","shape1.jpg","5","<none>","You","Edina","3","Waru","1","1","611"
"3005","1","test","198","z","2","shape2.jpg","5","<none>","You","Edina","3","Waru","1","1","591"
"3005","1","test","199","z","1","shape1.jpg","5","<none>","You","Edina","3","Waru","1","1","539"
"3005","1","test","200","m","8","shape2.jpg","5","<none>","You","Edina","3","Waru","2","1","673"
"3005","1","test","201","m","5","shape2.jpg","5","<none>","You","Edina","3","Waru","2","1","690"
"3005","1","test","202","m","2","shape2.jpg","5","<none>","You","Edina","3","Waru","1","0","634"
"3005","1","test","203","z","2","shape2.jpg","5","<none>","You","Edina","3","Waru","1","1","596"
"3005","1","test","204","z","2","shape2.jpg","5","<none>","You","Edina","3","Waru","1","1","433"
"3005","1","test","205","z","2","shape2.jpg","5","<none>","You","Edina","3","Waru","1","1","467"
"3005","1","test","206","m","9","shape3.jpg","5","<none>","You","Edina","3","Waru","2","1","636"
"3005","1","test","207","z","2","shape2.jpg","5","<none>","You","Edina","3","Waru","1","1","559"
"3005","1","test","208","m","3","shape3.jpg","5","<none>","You","Edina","3","Waru","1","0","644"
"3005","1","test","209","m","4","shape1.jpg","5","<none>","You","Edina","3","Waru","2","1","734"
"3005","1","test","210","m","8","shape2.jpg","5","<none>","You","Edina","3","Waru","2","1","878"
"3005","1","test","211","z","1","shape1.jpg","5","<none>","You","Edina","3","Waru","1","1","692"
"3005","1","test","212","z","3","shape3.jpg","5","<none>","You","Edina","3","Waru","1","1","628"
"3005","1","test","213","m","9","shape3.jpg","5","<none>","You","Edina","3","Waru","2","1","807"
"3005","1","test","214","m","4","shape1.jpg","5","<none>","You","Edina","3","Waru","2","1","827"
"3005","1","test","215","m","8","shape2.jpg","5","<none>","You","Edina","3","Waru","2","1","854"
"3005","1","test","216","z","2","shape2.jpg","5","<none>","You","Edina","3","Waru","1","1","549"
"3005","1","test","217","z","3","shape3.jpg","5","<none>","You","Edina","3","Waru","1","1","707"
"3005","1","test","218","m","4","shape1.jpg","5","<none>","You","Edina","3","Waru","2","1","571"
"3005","1","test","219","z","2","shape2.jpg","5","<none>","You","Edina","3","Waru","1","1","616"
"3005","1","test","220","m","7","shape1.jpg","5","<none>","You","Edina","3","Waru","2","1","690"
"3005","1","test","221","z","1","shape1.jpg","5","<none>","You","Edina","3","Waru","1","1","707"
"3005","1","test","222","z","1","shape1.jpg","5","<none>","You","Edina","3","Waru","1","1","561"
"3005","1","test","223","z","1","shape1.jpg","5","<none>","You","Edina","3","Waru","1","1","655"
"3005","1","test","224","m","9","shape3.jpg","5","<none>","You","Edina","3","Waru","2","1","577"
"3005","1","test","225","m","9","shape3.jpg","5","<none>","You","Edina","3","Waru","2","1","654"
"3005","1","test","226","m","3","shape3.jpg","5","<none>","You","Edina","3","Waru","1","0","766"
"3005","1","test","227","z","2","shape2.jpg","5","<none>","You","Edina","3","Waru","1","1","667"
"3005","1","test","228","m","4","shape1.jpg","5","<none>","You","Edina","3","Waru","2","1","661"
"3005","1","test","229","z","3","shape3.jpg","5","<none>","You","Edina","3","Waru","1","1","525"
"3005","1","test","230","m","5","shape2.jpg","5","<none>","You","Edina","3","Waru","2","1","644"
"3005","1","test","231","m","5","shape2.jpg","5","<none>","You","Edina","3","Waru","2","1","751"
"3005","1","test","232","m","7","shape1.jpg","5","<none>","You","Edina","3","Waru","2","1","684"
"3005","1","test","233","z","3","shape3.jpg","5","<none>","You","Edina","3","Waru","1","1","652"
"3005","1","test","234","m","8","shape2.jpg","5","<none>","You","Edina","3","Waru","2","1","581"
"3005","1","test","235","m","3","shape3.jpg","5","<none>","You","Edina","3","Waru","1","0","528"
"3005","1","test","236","m","6","shape3.jpg","5","<none>","You","Edina","3","Waru","2","1","736"
"3005","1","test","237","z","1","shape1.jpg","5","<none>","You","Edina","3","Waru","1","1","727"
"3005","1","test","238","m","7","shape1.jpg","5","<none>","You","Edina","3","Waru","2","1","701"
"3005","1","test","239","z","1","shape1.jpg","5","<none>","You","Edina","3","Waru","1","1","772"
"3005","1","test","240","m","6","shape3.jpg","5","<none>","You","Edina","3","Waru","2","1","809"
"3005","1","test","241","m","5","shape2.jpg","5","<none>","You","Edina","3","Waru","2","1","760"
"3005","1","test","242","m","5","shape2.jpg","5","<none>","You","Edina","3","Waru","2","1","564"
"3005","1","test","243","m","7","shape1.jpg","5","<none>","You","Edina","3","Waru","2","1","779"
"3005","1","test","244","z","3","shape3.jpg","5","<none>","You","Edina","3","Waru","1","1","615"
"3005","1","test","245","m","5","shape2.jpg","5","<none>","You","Edina","3","Waru","2","1","793"
"3005","1","test","246","z","2","shape2.jpg","5","<none>","You","Edina","3","Waru","1","1","708"
"3005","1","test","247","m","5","shape2.jpg","5","<none>","You","Edina","3","Waru","2","1","652"
"3005","1","test","248","z","2","shape2.jpg","5","<none>","You","Edina","3","Waru","1","1","533"
"3005","1","test","249","m","8","shape2.jpg","5","<none>","You","Edina","3","Waru","2","1","580"
"3005","1","test","250","z","1","shape1.jpg","5","<none>","You","Edina","3","Waru","1","1","625"
"3005","1","test","251","z","5","shape2.jpg","5","<none>","You","Edina","3","Waru","2","0","571"
"3005","1","test","252","z","1","shape1.jpg","5","<none>","You","Edina","3","Waru","1","1","633"
"3005","1","test","253","m","7","shape1.jpg","5","<none>","You","Edina","3","Waru","2","1","682"
"3005","1","test","254","m","6","shape3.jpg","5","<none>","You","Edina","3","Waru","2","1","618"
"3005","1","test","255","z","1","shape1.jpg","5","<none>","You","Edina","3","Waru","1","1","758"
"3005","1","test","256","z","1","shape1.jpg","5","<none>","You","Edina","3","Waru","1","1","610"
"3005","1","test","257","m","8","shape2.jpg","5","<none>","You","Edina","3","Waru","2","1","566"
"3005","1","test","258","m","4","shape1.jpg","5","<none>","You","Edina","3","Waru","2","1","691"
"3005","1","test","259","z","3","shape3.jpg","5","<none>","You","Edina","3","Waru","1","1","451"
"3005","1","test","260","z","1","shape1.jpg","5","<none>","You","Edina","3","Waru","1","1","636"
"3005","1","test","261","m","6","shape3.jpg","5","<none>","You","Edina","3","Waru","2","1","742"
"3005","1","test","262","m","8","shape2.jpg","5","<none>","You","Edina","3","Waru","2","1","773"
"3005","1","test","263","z","3","shape3.jpg","5","<none>","You","Edina","3","Waru","1","1","649"
"3005","1","test","264","m","4","shape1.jpg","5","<none>","You","Edina","3","Waru","2","1","780"
"3005","1","test","265","m","5","shape2.jpg","5","<none>","You","Edina","3","Waru","2","1","792"
"3005","1","test","266","m","6","shape3.jpg","5","<none>","You","Edina","3","Waru","2","1","955"
"3005","1","test","267","m","9","shape3.jpg","5","<none>","You","Edina","3","Waru","2","1","720"
"3005","1","test","268","m","9","shape3.jpg","5","<none>","You","Edina","3","Waru","2","1","535"
"3005","1","test","269","m","9","shape3.jpg","5","<none>","You","Edina","3","Waru","2","1","491"
"3005","1","test","270","z","3","shape3.jpg","5","<none>","You","Edina","3","Waru","1","1","541"
"3005","1","test","271","m","7","shape1.jpg","5","<none>","You","Edina","3","Waru","2","1","635"
"3005","1","test","272","z","2","shape2.jpg","5","<none>","You","Edina","3","Waru","1","1","621"
"3005","1","test","273","m","4","shape1.jpg","5","<none>","You","Edina","3","Waru","2","1","560"
"3005","1","test","274","z","1","shape1.jpg","5","<none>","You","Edina","3","Waru","1","1","645"
"3005","1","test","275","m","9","shape3.jpg","5","<none>","You","Edina","3","Waru","2","1","680"
"3005","1","test","276","m","7","shape1.jpg","5","<none>","You","Edina","3","Waru","2","1","585"
"3005","1","test","277","m","6","shape3.jpg","5","<none>","You","Edina","3","Waru","2","1","533"
"3005","1","test","278","z","3","shape3.jpg","5","<none>","You","Edina","3","Waru","1","1","605"
"3005","1","test","279","z","2","shape2.jpg","5","<none>","You","Edina","3","Waru","1","1","607"
"3005","1","test","280","m","6","shape3.jpg","5","<none>","You","Edina","3","Waru","2","1","554"
"3005","1","test","281","m","5","shape2.jpg","5","<none>","You","Edina","3","Waru","2","1","577"
"3005","1","test","282","m","8","shape2.jpg","5","<none>","You","Edina","3","Waru","2","1","679"
"3005","1","test","283","m","5","shape2.jpg","5","<none>","You","Edina","3","Waru","2","1","607"
"3005","1","test","284","z","3","shape3.jpg","5","<none>","You","Edina","3","Waru","1","1","594"
"3005","1","test","285","m","4","shape1.jpg","5","<none>","You","Edina","3","Waru","2","1","614"
"3005","1","test","286","z","2","shape2.jpg","5","<none>","You","Edina","3","Waru","1","1","538"
"3005","1","test","287","z","2","shape2.jpg","5","<none>","You","Edina","3","Waru","1","1","800"
"3005","1","test","288","z","1","shape1.jpg","5","<none>","You","Edina","3","Waru","1","1","651"
"3005","1","test","289","m","9","shape3.jpg","5","<none>","You","Edina","3","Waru","2","1","685"
"3005","1","test","290","z","1","shape1.jpg","5","<none>","You","Edina","3","Waru","1","1","715"
"3005","1","test","291","z","3","shape3.jpg","5","<none>","You","Edina","3","Waru","1","1","594"
"3005","1","test","292","m","4","shape1.jpg","5","<none>","You","Edina","3","Waru","2","1","598"
"3005","1","test","293","z","3","shape3.jpg","5","<none>","You","Edina","3","Waru","1","1","531"
"3005","1","test","294","z","3","shape3.jpg","5","<none>","You","Edina","3","Waru","1","1","425"
"3005","1","test","295","z","2","shape2.jpg","5","<none>","You","Edina","3","Waru","1","1","628"
"3005","1","test","296","m","3","shape3.jpg","5","<none>","You","Edina","3","Waru","1","0","711"
"3005","1","test","297","m","7","shape1.jpg","5","<none>","You","Edina","3","Waru","2","1","640"
"3005","1","test","298","z","3","shape3.jpg","5","<none>","You","Edina","3","Waru","1","1","529"
"3005","1","test","299","z","1","shape1.jpg","5","<none>","You","Edina","3","Waru","1","1","608"
"3005","1","test","300","m","8","shape2.jpg","5","<none>","You","Edina","3","Waru","2","1","709"
"3005","1","test","301","z","3","shape3.jpg","5","<none>","You","Edina","3","Waru","1","1","489"
"3005","1","test","302","z","2","shape2.jpg","5","<none>","You","Edina","3","Waru","1","1","588"
"3005","1","test","303","z","3","shape3.jpg","5","<none>","You","Edina","3","Waru","1","1","512"
"3005","1","test","304","m","8","shape2.jpg","5","<none>","You","Edina","3","Waru","2","1","584"
"3005","1","test","305","m","6","shape3.jpg","5","<none>","You","Edina","3","Waru","2","1","684"
"3005","1","test","306","m","8","shape2.jpg","5","<none>","You","Edina","3","Waru","2","1","636"
"3005","1","test","307","m","5","shape2.jpg","5","<none>","You","Edina","3","Waru","2","1","750"
"3005","1","test","308","m","7","shape1.jpg","5","<none>","You","Edina","3","Waru","2","1","683"
"3005","1","test","309","m","9","shape3.jpg","5","<none>","You","Edina","3","Waru","2","1","618"
"3005","1","test","310","z","3","shape3.jpg","5","<none>","You","Edina","3","Waru","1","1","718"
"3005","1","test","311","m","8","shape2.jpg","5","<none>","You","Edina","3","Waru","2","1","638"
"3005","1","test","312","m","4","shape1.jpg","5","<none>","You","Edina","3","Waru","2","1","640"
"3005","1","test","313","m","6","shape3.jpg","5","<none>","You","Edina","3","Waru","2","1","658"
"3005","1","test","314","m","9","shape3.jpg","5","<none>","You","Edina","3","Waru","2","1","490"
"3005","1","test","315","z","3","shape3.jpg","5","<none>","You","Edina","3","Waru","1","1","611"
"3005","1","test","316","m","6","shape3.jpg","5","<none>","You","Edina","3","Waru","2","1","518"
"3005","1","test","317","m","5","shape2.jpg","5","<none>","You","Edina","3","Waru","2","1","550"
"3005","1","test","318","z","3","shape3.jpg","5","<none>","You","Edina","3","Waru","1","1","516"
"3005","1","test","319","m","7","shape1.jpg","5","<none>","You","Edina","3","Waru","2","1","562"
"3005","1","test","320","z","1","shape1.jpg","5","<none>","You","Edina","3","Waru","1","1","632"
"3005","1","test","321","m","6","shape3.jpg","5","<none>","You","Edina","3","Waru","2","1","522"
"3005","1","test","322","m","2","shape2.jpg","5","<none>","You","Edina","3","Waru","1","0","634"
"3005","1","test","323","m","9","shape3.jpg","5","<none>","You","Edina","3","Waru","2","1","644"
"3005","1","test","324","z","6","shape3.jpg","5","<none>","You","Edina","3","Waru","2","0","589"
"3005","1","test","325","m","8","shape2.jpg","5","<none>","You","Edina","3","Waru","2","1","778"
"3005","1","test","326","z","1","shape1.jpg","5","<none>","You","Edina","3","Waru","1","1","766"
"3005","1","test","327","z","1","shape1.jpg","5","<none>","You","Edina","3","Waru","1","1","1130"
"3005","1","test","328","m","3","shape3.jpg","5","<none>","You","Edina","3","Waru","1","0","592"
"3005","1","test","329","z","3","shape3.jpg","5","<none>","You","Edina","3","Waru","1","1","612"
"3005","1","test","330","m","4","shape1.jpg","5","<none>","You","Edina","3","Waru","2","1","655"
"3005","1","test","331","z","1","shape1.jpg","5","<none>","You","Edina","3","Waru","1","1","962"
"3005","1","test","332","z","2","shape2.jpg","5","<none>","You","Edina","3","Waru","1","1","669"
"3005","1","test","333","z","3","shape3.jpg","5","<none>","You","Edina","3","Waru","1","1","646"
"3005","1","test","334","m","5","shape2.jpg","5","<none>","You","Edina","3","Waru","2","1","969"
"3005","1","test","335","m","9","shape3.jpg","5","<none>","You","Edina","3","Waru","2","1","636"
"3005","1","test","336","z","1","shape1.jpg","5","<none>","You","Edina","3","Waru","1","1","663"
"3005","1","test","337","m","9","shape3.jpg","5","<none>","You","Edina","3","Waru","2","1","673"
"3005","1","test","338","m","7","shape1.jpg","5","<none>","You","Edina","3","Waru","2","1","792"
"3005","1","test","339","z","1","shape1.jpg","5","<none>","You","Edina","3","Waru","1","1","604"
"3005","1","test","340","m","4","shape1.jpg","5","<none>","You","Edina","3","Waru","2","1","721"
"3005","1","test","341","m","5","shape2.jpg","5","<none>","You","Edina","3","Waru","2","1","744"
"3005","1","test","342","m","5","shape2.jpg","5","<none>","You","Edina","3","Waru","2","1","596"
"3005","1","test","343","z","2","shape2.jpg","5","<none>","You","Edina","3","Waru","1","1","809"
"3005","1","test","344","m","6","shape3.jpg","5","<none>","You","Edina","3","Waru","2","1","740"
"3005","1","test","345","z","3","shape3.jpg","5","<none>","You","Edina","3","Waru","1","1","584"
"3005","1","test","346","m","8","shape2.jpg","5","<none>","You","Edina","3","Waru","2","1","590"
"3005","1","test","347","z","3","shape3.jpg","5","<none>","You","Edina","3","Waru","1","1","595"
"3005","1","test","348","z","2","shape2.jpg","5","<none>","You","Edina","3","Waru","1","1","656"
"3005","1","test","349","z","2","shape2.jpg","5","<none>","You","Edina","3","Waru","1","1","577"
"3005","1","test","350","m","7","shape1.jpg","5","<none>","You","Edina","3","Waru","2","1","581"
"3005","1","test","351","z","9","shape3.jpg","5","<none>","You","Edina","3","Waru","2","0","553"
"3005","1","test","352","m","6","shape3.jpg","5","<none>","You","Edina","3","Waru","2","1","574"
"3005","1","test","353","z","1","shape1.jpg","5","<none>","You","Edina","3","Waru","1","1","644"
"3005","1","test","354","z","3","shape3.jpg","5","<none>","You","Edina","3","Waru","1","1","598"
"3005","1","test","355","m","9","shape3.jpg","5","<none>","You","Edina","3","Waru","2","1","665"
"3005","1","test","356","m","5","shape2.jpg","5","<none>","You","Edina","3","Waru","2","1","1082"
"3005","1","test","357","z","2","shape2.jpg","5","<none>","You","Edina","3","Waru","1","1","585"
"3005","1","test","358","m","7","shape1.jpg","5","<none>","You","Edina","3","Waru","2","1","766"
"3005","1","test","359","m","8","shape2.jpg","5","<none>","You","Edina","3","Waru","2","1","1162"
"3005","1","test","360","m","8","shape2.jpg","5","<none>","You","Edina","3","Waru","2","1","573"
"3006","2","test","1","z","6","shape3.jpg","6","<none>","Shuang","You","3","Nenu","2","1","1148"
"3006","2","test","2","m","1","shape1.jpg","6","<none>","Shuang","You","3","Nenu","1","1","1394"
"3006","2","test","3","z","7","shape1.jpg","6","<none>","Shuang","You","3","Nenu","2","1","1131"
"3006","2","test","4","z","7","shape1.jpg","6","<none>","Shuang","You","3","Nenu","2","1","1106"
"3006","2","test","5","z","3","shape3.jpg","6","<none>","Shuang","You","3","Nenu","1","0","1495"
"3006","2","test","6","m","2","shape2.jpg","6","<none>","Shuang","You","3","Nenu","1","1","1012"
"3006","2","test","7","x","1","shape1.jpg","6","<none>","Shuang","You","3","Nenu","1","0","1499"
"3006","2","test","8","m","2","shape2.jpg","6","<none>","Shuang","You","3","Nenu","1","1","850"
"3006","2","test","9","m","2","shape2.jpg","6","<none>","Shuang","You","3","Nenu","1","1","1084"
"3006","2","test","10","m","1","shape1.jpg","6","<none>","Shuang","You","3","Nenu","1","1","922"
"3006","2","test","11","m","5","shape2.jpg","6","<none>","Shuang","You","3","Nenu","2","0","1033"
"3006","2","test","12","z","1","shape1.jpg","6","<none>","Shuang","You","3","Nenu","1","0","1234"
"3006","2","test","13","m","6","shape3.jpg","6","<none>","Shuang","You","3","Nenu","2","0","1490"
"3006","2","test","14","x","4","shape1.jpg","6","<none>","Shuang","You","3","Nenu","2","0","1499"
"3006","2","test","15","x","9","shape3.jpg","6","<none>","Shuang","You","3","Nenu","2","0","1498"
"3006","2","test","16","z","1","shape1.jpg","6","<none>","Shuang","You","3","Nenu","1","0","1182"
"3006","2","test","17","z","1","shape1.jpg","6","<none>","Shuang","You","3","Nenu","1","0","786"
"3006","2","test","18","z","6","shape3.jpg","6","<none>","Shuang","You","3","Nenu","2","1","989"
"3006","2","test","19","x","6","shape3.jpg","6","<none>","Shuang","You","3","Nenu","2","0","1499"
"3006","2","test","20","m","5","shape2.jpg","6","<none>","Shuang","You","3","Nenu","2","0","1037"
"3006","2","test","21","z","8","shape2.jpg","6","<none>","Shuang","You","3","Nenu","2","1","1326"
"3006","2","test","22","m","2","shape2.jpg","6","<none>","Shuang","You","3","Nenu","1","1","1043"
"3006","2","test","23","m","2","shape2.jpg","6","<none>","Shuang","You","3","Nenu","1","1","1060"
"3006","2","test","24","x","4","shape1.jpg","6","<none>","Shuang","You","3","Nenu","2","0","1498"
"3006","2","test","25","m","3","shape3.jpg","6","<none>","Shuang","You","3","Nenu","1","1","1102"
"3006","2","test","26","z","7","shape1.jpg","6","<none>","Shuang","You","3","Nenu","2","1","965"
"3006","2","test","27","z","7","shape1.jpg","6","<none>","Shuang","You","3","Nenu","2","1","954"
"3006","2","test","28","z","1","shape1.jpg","6","<none>","Shuang","You","3","Nenu","1","0","982"
"3006","2","test","29","z","7","shape1.jpg","6","<none>","Shuang","You","3","Nenu","2","1","954"
"3006","2","test","30","z","9","shape3.jpg","6","<none>","Shuang","You","3","Nenu","2","1","1094"
"3006","2","test","31","m","3","shape3.jpg","6","<none>","Shuang","You","3","Nenu","1","1","1237"
"3006","2","test","32","m","1","shape1.jpg","6","<none>","Shuang","You","3","Nenu","1","1","1076"
"3006","2","test","33","m","3","shape3.jpg","6","<none>","Shuang","You","3","Nenu","1","1","1172"
"3006","2","test","34","m","3","shape3.jpg","6","<none>","Shuang","You","3","Nenu","1","1","599"
"3006","2","test","35","m","1","shape1.jpg","6","<none>","Shuang","You","3","Nenu","1","1","940"
"3006","2","test","36","m","2","shape2.jpg","6","<none>","Shuang","You","3","Nenu","1","1","689"
"3006","2","test","37","m","2","shape2.jpg","6","<none>","Shuang","You","3","Nenu","1","1","560"
"3006","2","test","38","z","5","shape2.jpg","6","<none>","Shuang","You","3","Nenu","2","1","1054"
"3006","2","test","39","z","6","shape3.jpg","6","<none>","Shuang","You","3","Nenu","2","1","887"
"3006","2","test","40","m","2","shape2.jpg","6","<none>","Shuang","You","3","Nenu","1","1","1021"
"3006","2","test","41","z","8","shape2.jpg","6","<none>","Shuang","You","3","Nenu","2","1","1031"
"3006","2","test","42","m","1","shape1.jpg","6","<none>","Shuang","You","3","Nenu","1","1","1097"
"3006","2","test","43","z","9","shape3.jpg","6","<none>","Shuang","You","3","Nenu","2","1","992"
"3006","2","test","44","m","2","shape2.jpg","6","<none>","Shuang","You","3","Nenu","1","1","994"
"3006","2","test","45","m","2","shape2.jpg","6","<none>","Shuang","You","3","Nenu","1","1","686"
"3006","2","test","46","m","2","shape2.jpg","6","<none>","Shuang","You","3","Nenu","1","1","622"
"3006","2","test","47","m","3","shape3.jpg","6","<none>","Shuang","You","3","Nenu","1","1","793"
"3006","2","test","48","z","5","shape2.jpg","6","<none>","Shuang","You","3","Nenu","2","1","829"
"3006","2","test","49","z","5","shape2.jpg","6","<none>","Shuang","You","3","Nenu","2","1","848"
"3006","2","test","50","m","7","shape1.jpg","6","<none>","Shuang","You","3","Nenu","2","0","1033"
"3006","2","test","51","m","2","shape2.jpg","6","<none>","Shuang","You","3","Nenu","1","1","537"
"3006","2","test","52","z","8","shape2.jpg","6","<none>","Shuang","You","3","Nenu","2","1","1198"
"3006","2","test","53","m","2","shape2.jpg","6","<none>","Shuang","You","3","Nenu","1","1","858"
"3006","2","test","54","m","2","shape2.jpg","6","<none>","Shuang","You","3","Nenu","1","1","756"
"3006","2","test","55","z","9","shape3.jpg","6","<none>","Shuang","You","3","Nenu","2","1","864"
"3006","2","test","56","m","3","shape3.jpg","6","<none>","Shuang","You","3","Nenu","1","1","449"
"3006","2","test","57","z","1","shape1.jpg","6","<none>","Shuang","You","3","Nenu","1","0","1011"
"3006","2","test","58","z","7","shape1.jpg","6","<none>","Shuang","You","3","Nenu","2","1","813"
"3006","2","test","59","z","9","shape3.jpg","6","<none>","Shuang","You","3","Nenu","2","1","896"
"3006","2","test","60","m","1","shape1.jpg","6","<none>","Shuang","You","3","Nenu","1","1","1080"
"3006","2","test","61","m","2","shape2.jpg","6","<none>","Shuang","You","3","Nenu","1","1","822"
"3006","2","test","62","z","1","shape1.jpg","6","<none>","Shuang","You","3","Nenu","1","0","1120"
"3006","2","test","63","m","3","shape3.jpg","6","<none>","Shuang","You","3","Nenu","1","1","878"
"3006","2","test","64","m","2","shape2.jpg","6","<none>","Shuang","You","3","Nenu","1","1","639"
"3006","2","test","65","m","8","shape2.jpg","6","<none>","Shuang","You","3","Nenu","2","0","704"
"3006","2","test","66","m","3","shape3.jpg","6","<none>","Shuang","You","3","Nenu","1","1","689"
"3006","2","test","67","m","3","shape3.jpg","6","<none>","Shuang","You","3","Nenu","1","1","664"
"3006","2","test","68","z","7","shape1.jpg","6","<none>","Shuang","You","3","Nenu","2","1","985"
"3006","2","test","69","z","9","shape3.jpg","6","<none>","Shuang","You","3","Nenu","2","1","1220"
"3006","2","test","70","m","2","shape2.jpg","6","<none>","Shuang","You","3","Nenu","1","1","694"
"3006","2","test","71","z","1","shape1.jpg","6","<none>","Shuang","You","3","Nenu","1","0","1173"
"3006","2","test","72","m","3","shape3.jpg","6","<none>","Shuang","You","3","Nenu","1","1","975"
"3006","2","test","73","m","1","shape1.jpg","6","<none>","Shuang","You","3","Nenu","1","1","844"
"3006","2","test","74","m","1","shape1.jpg","6","<none>","Shuang","You","3","Nenu","1","1","670"
"3006","2","test","75","m","2","shape2.jpg","6","<none>","Shuang","You","3","Nenu","1","1","654"
"3006","2","test","76","m","2","shape2.jpg","6","<none>","Shuang","You","3","Nenu","1","1","656"
"3006","2","test","77","z","4","shape1.jpg","6","<none>","Shuang","You","3","Nenu","2","1","1224"
"3006","2","test","78","m","2","shape2.jpg","6","<none>","Shuang","You","3","Nenu","1","1","699"
"3006","2","test","79","m","3","shape3.jpg","6","<none>","Shuang","You","3","Nenu","1","1","890"
"3006","2","test","80","m","6","shape3.jpg","6","<none>","Shuang","You","3","Nenu","2","0","849"
"3006","2","test","81","m","3","shape3.jpg","6","<none>","Shuang","You","3","Nenu","1","1","859"
"3006","2","test","82","z","7","shape1.jpg","6","<none>","Shuang","You","3","Nenu","2","1","947"
"3006","2","test","83","z","6","shape3.jpg","6","<none>","Shuang","You","3","Nenu","2","1","975"
"3006","2","test","84","z","7","shape1.jpg","6","<none>","Shuang","You","3","Nenu","2","1","1131"
"3006","2","test","85","z","8","shape2.jpg","6","<none>","Shuang","You","3","Nenu","2","1","985"
"3006","2","test","86","m","2","shape2.jpg","6","<none>","Shuang","You","3","Nenu","1","1","1058"
"3006","2","test","87","z","6","shape3.jpg","6","<none>","Shuang","You","3","Nenu","2","1","1044"
"3006","2","test","88","z","6","shape3.jpg","6","<none>","Shuang","You","3","Nenu","2","1","781"
"3006","2","test","89","m","1","shape1.jpg","6","<none>","Shuang","You","3","Nenu","1","1","1040"
"3006","2","test","90","m","2","shape2.jpg","6","<none>","Shuang","You","3","Nenu","1","1","730"
"3006","2","test","91","m","3","shape3.jpg","6","<none>","Shuang","You","3","Nenu","1","1","1145"
"3006","2","test","92","z","9","shape3.jpg","6","<none>","Shuang","You","3","Nenu","2","1","1069"
"3006","2","test","93","m","3","shape3.jpg","6","<none>","Shuang","You","3","Nenu","1","1","884"
"3006","2","test","94","m","1","shape1.jpg","6","<none>","Shuang","You","3","Nenu","1","1","1188"
"3006","2","test","95","z","6","shape3.jpg","6","<none>","Shuang","You","3","Nenu","2","1","903"
"3006","2","test","96","z","5","shape2.jpg","6","<none>","Shuang","You","3","Nenu","2","1","933"
"3006","2","test","97","m","1","shape1.jpg","6","<none>","Shuang","You","3","Nenu","1","1","914"
"3006","2","test","98","m","2","shape2.jpg","6","<none>","Shuang","You","3","Nenu","1","1","873"
"3006","2","test","99","z","6","shape3.jpg","6","<none>","Shuang","You","3","Nenu","2","1","896"
"3006","2","test","100","m","1","shape1.jpg","6","<none>","Shuang","You","3","Nenu","1","1","1185"
"3006","2","test","101","m","3","shape3.jpg","6","<none>","Shuang","You","3","Nenu","1","1","666"
"3006","2","test","102","m","3","shape3.jpg","6","<none>","Shuang","You","3","Nenu","1","1","643"
"3006","2","test","103","m","3","shape3.jpg","6","<none>","Shuang","You","3","Nenu","1","1","542"
"3006","2","test","104","m","8","shape2.jpg","6","<none>","Shuang","You","3","Nenu","2","0","571"
"3006","2","test","105","z","9","shape3.jpg","6","<none>","Shuang","You","3","Nenu","2","1","1081"
"3006","2","test","106","z","5","shape2.jpg","6","<none>","Shuang","You","3","Nenu","2","1","1048"
"3006","2","test","107","z","9","shape3.jpg","6","<none>","Shuang","You","3","Nenu","2","1","969"
"3006","2","test","108","m","1","shape1.jpg","6","<none>","Shuang","You","3","Nenu","1","1","774"
"3006","2","test","109","m","4","shape1.jpg","6","<none>","Shuang","You","3","Nenu","2","0","1115"
"3006","2","test","110","m","1","shape1.jpg","6","<none>","Shuang","You","3","Nenu","1","1","1008"
"3006","2","test","111","m","1","shape1.jpg","6","<none>","Shuang","You","3","Nenu","1","1","618"
"3006","2","test","112","m","3","shape3.jpg","6","<none>","Shuang","You","3","Nenu","1","1","1269"
"3006","2","test","113","z","9","shape3.jpg","6","<none>","Shuang","You","3","Nenu","2","1","1107"
"3006","2","test","114","z","9","shape3.jpg","6","<none>","Shuang","You","3","Nenu","2","1","1050"
"3006","2","test","115","z","4","shape1.jpg","6","<none>","Shuang","You","3","Nenu","2","1","1138"
"3006","2","test","116","z","7","shape1.jpg","6","<none>","Shuang","You","3","Nenu","2","1","1262"
"3006","2","test","117","z","6","shape3.jpg","6","<none>","Shuang","You","3","Nenu","2","1","1039"
"3006","2","test","118","m","3","shape3.jpg","6","<none>","Shuang","You","3","Nenu","1","1","776"
"3006","2","test","119","z","7","shape1.jpg","6","<none>","Shuang","You","3","Nenu","2","1","804"
"3006","2","test","120","z","1","shape1.jpg","6","<none>","Shuang","You","3","Nenu","1","0","880"
"3006","2","test","121","z","7","shape1.jpg","6","<none>","Shuang","You","3","Nenu","2","1","1309"
"3006","2","test","122","z","8","shape2.jpg","6","<none>","Shuang","You","3","Nenu","2","1","1170"
"3006","2","test","123","m","1","shape1.jpg","6","<none>","Shuang","You","3","Nenu","1","1","1053"
"3006","2","test","124","m","2","shape2.jpg","6","<none>","Shuang","You","3","Nenu","1","1","798"
"3006","2","test","125","z","5","shape2.jpg","6","<none>","Shuang","You","3","Nenu","2","1","913"
"3006","2","test","126","z","9","shape3.jpg","6","<none>","Shuang","You","3","Nenu","2","1","984"
"3006","2","test","127","m","3","shape3.jpg","6","<none>","Shuang","You","3","Nenu","1","1","779"
"3006","2","test","128","z","6","shape3.jpg","6","<none>","Shuang","You","3","Nenu","2","1","1064"
"3006","2","test","129","m","3","shape3.jpg","6","<none>","Shuang","You","3","Nenu","1","1","736"
"3006","2","test","130","z","1","shape1.jpg","6","<none>","Shuang","You","3","Nenu","1","0","1164"
"3006","2","test","131","m","2","shape2.jpg","6","<none>","Shuang","You","3","Nenu","1","1","698"
"3006","2","test","132","z","6","shape3.jpg","6","<none>","Shuang","You","3","Nenu","2","1","1074"
"3006","2","test","133","m","3","shape3.jpg","6","<none>","Shuang","You","3","Nenu","1","1","785"
"3006","2","test","134","m","2","shape2.jpg","6","<none>","Shuang","You","3","Nenu","1","1","692"
"3006","2","test","135","z","4","shape1.jpg","6","<none>","Shuang","You","3","Nenu","2","1","1436"
"3006","2","test","136","z","9","shape3.jpg","6","<none>","Shuang","You","3","Nenu","2","1","828"
"3006","2","test","137","m","1","shape1.jpg","6","<none>","Shuang","You","3","Nenu","1","1","1366"
"3006","2","test","138","z","6","shape3.jpg","6","<none>","Shuang","You","3","Nenu","2","1","945"
"3006","2","test","139","m","1","shape1.jpg","6","<none>","Shuang","You","3","Nenu","1","1","902"
"3006","2","test","140","m","1","shape1.jpg","6","<none>","Shuang","You","3","Nenu","1","1","605"
"3006","2","test","141","z","5","shape2.jpg","6","<none>","Shuang","You","3","Nenu","2","1","1017"
"3006","2","test","142","m","8","shape2.jpg","6","<none>","Shuang","You","3","Nenu","2","0","689"
"3006","2","test","143","z","9","shape3.jpg","6","<none>","Shuang","You","3","Nenu","2","1","1066"
"3006","2","test","144","z","7","shape1.jpg","6","<none>","Shuang","You","3","Nenu","2","1","787"
"3006","2","test","145","z","8","shape2.jpg","6","<none>","Shuang","You","3","Nenu","2","1","1334"
"3006","2","test","146","m","3","shape3.jpg","6","<none>","Shuang","You","3","Nenu","1","1","818"
"3006","2","test","147","z","5","shape2.jpg","6","<none>","Shuang","You","3","Nenu","2","1","701"
"3006","2","test","148","m","3","shape3.jpg","6","<none>","Shuang","You","3","Nenu","1","1","1235"
"3006","2","test","149","m","1","shape1.jpg","6","<none>","Shuang","You","3","Nenu","1","1","779"
"3006","2","test","150","m","1","shape1.jpg","6","<none>","Shuang","You","3","Nenu","1","1","815"
"3006","2","test","151","z","8","shape2.jpg","6","<none>","Shuang","You","3","Nenu","2","1","818"
"3006","2","test","152","z","6","shape3.jpg","6","<none>","Shuang","You","3","Nenu","2","1","884"
"3006","2","test","153","z","5","shape2.jpg","6","<none>","Shuang","You","3","Nenu","2","1","916"
"3006","2","test","154","z","4","shape1.jpg","6","<none>","Shuang","You","3","Nenu","2","1","1130"
"3006","2","test","155","m","2","shape2.jpg","6","<none>","Shuang","You","3","Nenu","1","1","695"
"3006","2","test","156","m","3","shape3.jpg","6","<none>","Shuang","You","3","Nenu","1","1","735"
"3006","2","test","157","m","3","shape3.jpg","6","<none>","Shuang","You","3","Nenu","1","1","629"
"3006","2","test","158","m","8","shape2.jpg","6","<none>","Shuang","You","3","Nenu","2","0","545"
"3006","2","test","159","z","7","shape1.jpg","6","<none>","Shuang","You","3","Nenu","2","1","878"
"3006","2","test","160","m","2","shape2.jpg","6","<none>","Shuang","You","3","Nenu","1","1","661"
"3006","2","test","161","z","9","shape3.jpg","6","<none>","Shuang","You","3","Nenu","2","1","871"
"3006","2","test","162","z","1","shape1.jpg","6","<none>","Shuang","You","3","Nenu","1","0","1185"
"3006","2","test","163","m","3","shape3.jpg","6","<none>","Shuang","You","3","Nenu","1","1","665"
"3006","2","test","164","z","4","shape1.jpg","6","<none>","Shuang","You","3","Nenu","2","1","1298"
"3006","2","test","165","m","1","shape1.jpg","6","<none>","Shuang","You","3","Nenu","1","1","817"
"3006","2","test","166","z","9","shape3.jpg","6","<none>","Shuang","You","3","Nenu","2","1","787"
"3006","2","test","167","z","9","shape3.jpg","6","<none>","Shuang","You","3","Nenu","2","1","711"
"3006","2","test","168","m","2","shape2.jpg","6","<none>","Shuang","You","3","Nenu","1","1","830"
"3006","2","test","169","m","2","shape2.jpg","6","<none>","Shuang","You","3","Nenu","1","1","641"
"3006","2","test","170","m","1","shape1.jpg","6","<none>","Shuang","You","3","Nenu","1","1","874"
"3006","2","test","171","z","5","shape2.jpg","6","<none>","Shuang","You","3","Nenu","2","1","1179"
"3006","2","test","172","m","4","shape1.jpg","6","<none>","Shuang","You","3","Nenu","2","0","742"
"3006","2","test","173","m","8","shape2.jpg","6","<none>","Shuang","You","3","Nenu","2","0","1011"
"3006","2","test","174","z","6","shape3.jpg","6","<none>","Shuang","You","3","Nenu","2","1","926"
"3006","2","test","175","z","9","shape3.jpg","6","<none>","Shuang","You","3","Nenu","2","1","1069"
"3006","2","test","176","m","1","shape1.jpg","6","<none>","Shuang","You","3","Nenu","1","1","717"
"3006","2","test","177","m","3","shape3.jpg","6","<none>","Shuang","You","3","Nenu","1","1","738"
"3006","2","test","178","z","6","shape3.jpg","6","<none>","Shuang","You","3","Nenu","2","1","848"
"3006","2","test","179","z","6","shape3.jpg","6","<none>","Shuang","You","3","Nenu","2","1","961"
"3006","2","test","180","z","8","shape2.jpg","6","<none>","Shuang","You","3","Nenu","2","1","1029"
"3006","2","test","181","m","2","shape2.jpg","6","<none>","Shuang","You","3","Nenu","1","1","937"
"3006","2","test","182","m","2","shape2.jpg","6","<none>","Shuang","You","3","Nenu","1","1","1125"
"3006","2","test","183","z","8","shape2.jpg","6","<none>","Shuang","You","3","Nenu","2","1","1058"
"3006","2","test","184","z","8","shape2.jpg","6","<none>","Shuang","You","3","Nenu","2","1","697"
"3006","2","test","185","m","3","shape3.jpg","6","<none>","Shuang","You","3","Nenu","1","1","937"
"3006","2","test","186","z","8","shape2.jpg","6","<none>","Shuang","You","3","Nenu","2","1","678"
"3006","2","test","187","z","5","shape2.jpg","6","<none>","Shuang","You","3","Nenu","2","1","1049"
"3006","2","test","188","m","2","shape2.jpg","6","<none>","Shuang","You","3","Nenu","1","1","825"
"3006","2","test","189","m","2","shape2.jpg","6","<none>","Shuang","You","3","Nenu","1","1","1147"
"3006","2","test","190","m","3","shape3.jpg","6","<none>","Shuang","You","3","Nenu","1","1","808"
"3006","2","test","191","m","1","shape1.jpg","6","<none>","Shuang","You","3","Nenu","1","1","643"
"3006","2","test","192","m","1","shape1.jpg","6","<none>","Shuang","You","3","Nenu","1","1","676"
"3006","2","test","193","m","1","shape1.jpg","6","<none>","Shuang","You","3","Nenu","1","1","614"
"3006","2","test","194","z","7","shape1.jpg","6","<none>","Shuang","You","3","Nenu","2","1","968"
"3006","2","test","195","z","5","shape2.jpg","6","<none>","Shuang","You","3","Nenu","2","1","826"
"3006","2","test","196","m","3","shape3.jpg","6","<none>","Shuang","You","3","Nenu","1","1","751"
"3006","2","test","197","z","4","shape1.jpg","6","<none>","Shuang","You","3","Nenu","2","1","907"
"3006","2","test","198","z","8","shape2.jpg","6","<none>","Shuang","You","3","Nenu","2","1","1011"
"3006","2","test","199","m","3","shape3.jpg","6","<none>","Shuang","You","3","Nenu","1","1","764"
"3006","2","test","200","z","8","shape2.jpg","6","<none>","Shuang","You","3","Nenu","2","1","920"
"3006","2","test","201","m","1","shape1.jpg","6","<none>","Shuang","You","3","Nenu","1","1","744"
"3006","2","test","202","m","1","shape1.jpg","6","<none>","Shuang","You","3","Nenu","1","1","1461"
"3006","2","test","203","m","2","shape2.jpg","6","<none>","Shuang","You","3","Nenu","1","1","811"
"3006","2","test","204","m","3","shape3.jpg","6","<none>","Shuang","You","3","Nenu","1","1","598"
"3006","2","test","205","z","8","shape2.jpg","6","<none>","Shuang","You","3","Nenu","2","1","771"
"3006","2","test","206","z","5","shape2.jpg","6","<none>","Shuang","You","3","Nenu","2","1","775"
"3006","2","test","207","z","9","shape3.jpg","6","<none>","Shuang","You","3","Nenu","2","1","1139"
"3006","2","test","208","z","5","shape2.jpg","6","<none>","Shuang","You","3","Nenu","2","1","760"
"3006","2","test","209","z","5","shape2.jpg","6","<none>","Shuang","You","3","Nenu","2","1","703"
"3006","2","test","210","z","5","shape2.jpg","6","<none>","Shuang","You","3","Nenu","2","1","749"
"3006","2","test","211","m","3","shape3.jpg","6","<none>","Shuang","You","3","Nenu","1","1","777"
"3006","2","test","212","m","2","shape2.jpg","6","<none>","Shuang","You","3","Nenu","1","1","687"
"3006","2","test","213","z","4","shape1.jpg","6","<none>","Shuang","You","3","Nenu","2","1","1423"
"3006","2","test","214","m","2","shape2.jpg","6","<none>","Shuang","You","3","Nenu","1","1","743"
"3006","2","test","215","m","5","shape2.jpg","6","<none>","Shuang","You","3","Nenu","2","0","118"
"3006","2","test","216","m","1","shape1.jpg","6","<none>","Shuang","You","3","Nenu","1","1","1046"
"3006","2","test","217","m","1","shape1.jpg","6","<none>","Shuang","You","3","Nenu","1","1","583"
"3006","2","test","218","m","2","shape2.jpg","6","<none>","Shuang","You","3","Nenu","1","1","979"
"3006","2","test","219","z","1","shape1.jpg","6","<none>","Shuang","You","3","Nenu","1","0","631"
"3006","2","test","220","m","3","shape3.jpg","6","<none>","Shuang","You","3","Nenu","1","1","641"
"3006","2","test","221","z","8","shape2.jpg","6","<none>","Shuang","You","3","Nenu","2","1","890"
"3006","2","test","222","z","7","shape1.jpg","6","<none>","Shuang","You","3","Nenu","2","1","962"
"3006","2","test","223","m","1","shape1.jpg","6","<none>","Shuang","You","3","Nenu","1","1","1039"
"3006","2","test","224","m","5","shape2.jpg","6","<none>","Shuang","You","3","Nenu","2","0","822"
"3006","2","test","225","m","2","shape2.jpg","6","<none>","Shuang","You","3","Nenu","1","1","667"
"3006","2","test","226","m","1","shape1.jpg","6","<none>","Shuang","You","3","Nenu","1","1","811"
"3006","2","test","227","m","3","shape3.jpg","6","<none>","Shuang","You","3","Nenu","1","1","1054"
"3006","2","test","228","z","6","shape3.jpg","6","<none>","Shuang","You","3","Nenu","2","1","775"
"3006","2","test","229","m","2","shape2.jpg","6","<none>","Shuang","You","3","Nenu","1","1","778"
"3006","2","test","230","z","4","shape1.jpg","6","<none>","Shuang","You","3","Nenu","2","1","1223"
"3006","2","test","231","m","2","shape2.jpg","6","<none>","Shuang","You","3","Nenu","1","1","696"
"3006","2","test","232","z","7","shape1.jpg","6","<none>","Shuang","You","3","Nenu","2","1","1024"
"3006","2","test","233","z","1","shape1.jpg","6","<none>","Shuang","You","3","Nenu","1","0","817"
"3006","2","test","234","m","1","shape1.jpg","6","<none>","Shuang","You","3","Nenu","1","1","483"
"3006","2","test","235","z","7","shape1.jpg","6","<none>","Shuang","You","3","Nenu","2","1","749"
"3006","2","test","236","z","7","shape1.jpg","6","<none>","Shuang","You","3","Nenu","2","1","618"
"3006","2","test","237","z","9","shape3.jpg","6","<none>","Shuang","You","3","Nenu","2","1","891"
"3006","2","test","238","m","2","shape2.jpg","6","<none>","Shuang","You","3","Nenu","1","1","635"
"3006","2","test","239","z","6","shape3.jpg","6","<none>","Shuang","You","3","Nenu","2","1","742"
"3006","2","test","240","m","2","shape2.jpg","6","<none>","Shuang","You","3","Nenu","1","1","772"
"3006","2","test","241","m","3","shape3.jpg","6","<none>","Shuang","You","3","Nenu","1","1","1034"
"3006","2","test","242","m","2","shape2.jpg","6","<none>","Shuang","You","3","Nenu","1","1","963"
"3006","2","test","243","m","2","shape2.jpg","6","<none>","Shuang","You","3","Nenu","1","1","767"
"3006","2","test","244","m","1","shape1.jpg","6","<none>","Shuang","You","3","Nenu","1","1","1196"
"3006","2","test","245","m","1","shape1.jpg","6","<none>","Shuang","You","3","Nenu","1","1","543"
"3006","2","test","246","z","4","shape1.jpg","6","<none>","Shuang","You","3","Nenu","2","1","933"
"3006","2","test","247","z","4","shape1.jpg","6","<none>","Shuang","You","3","Nenu","2","1","1202"
"3006","2","test","248","m","3","shape3.jpg","6","<none>","Shuang","You","3","Nenu","1","1","788"
"3006","2","test","249","z","4","shape1.jpg","6","<none>","Shuang","You","3","Nenu","2","1","1088"
"3006","2","test","250","z","4","shape1.jpg","6","<none>","Shuang","You","3","Nenu","2","1","822"
"3006","2","test","251","z","8","shape2.jpg","6","<none>","Shuang","You","3","Nenu","2","1","607"
"3006","2","test","252","m","2","shape2.jpg","6","<none>","Shuang","You","3","Nenu","1","1","716"
"3006","2","test","253","m","1","shape1.jpg","6","<none>","Shuang","You","3","Nenu","1","1","650"
"3006","2","test","254","m","1","shape1.jpg","6","<none>","Shuang","You","3","Nenu","1","1","532"
"3006","2","test","255","m","2","shape2.jpg","6","<none>","Shuang","You","3","Nenu","1","1","740"
"3006","2","test","256","m","2","shape2.jpg","6","<none>","Shuang","You","3","Nenu","1","1","777"
"3006","2","test","257","m","1","shape1.jpg","6","<none>","Shuang","You","3","Nenu","1","1","676"
"3006","2","test","258","m","5","shape2.jpg","6","<none>","Shuang","You","3","Nenu","2","0","821"
"3006","2","test","259","m","3","shape3.jpg","6","<none>","Shuang","You","3","Nenu","1","1","696"
"3006","2","test","260","z","6","shape3.jpg","6","<none>","Shuang","You","3","Nenu","2","1","880"
"3006","2","test","261","z","7","shape1.jpg","6","<none>","Shuang","You","3","Nenu","2","1","976"
"3006","2","test","262","z","4","shape1.jpg","6","<none>","Shuang","You","3","Nenu","2","1","939"
"3006","2","test","263","m","1","shape1.jpg","6","<none>","Shuang","You","3","Nenu","1","1","544"
"3006","2","test","264","z","7","shape1.jpg","6","<none>","Shuang","You","3","Nenu","2","1","856"
"3006","2","test","265","z","8","shape2.jpg","6","<none>","Shuang","You","3","Nenu","2","1","1216"
"3006","2","test","266","m","3","shape3.jpg","6","<none>","Shuang","You","3","Nenu","1","1","610"
"3006","2","test","267","m","2","shape2.jpg","6","<none>","Shuang","You","3","Nenu","1","1","780"
"3006","2","test","268","z","8","shape2.jpg","6","<none>","Shuang","You","3","Nenu","2","1","905"
"3006","2","test","269","z","7","shape1.jpg","6","<none>","Shuang","You","3","Nenu","2","1","865"
"3006","2","test","270","z","4","shape1.jpg","6","<none>","Shuang","You","3","Nenu","2","1","889"
"3006","2","test","271","z","7","shape1.jpg","6","<none>","Shuang","You","3","Nenu","2","1","888"
"3006","2","test","272","m","2","shape2.jpg","6","<none>","Shuang","You","3","Nenu","1","1","774"
"3006","2","test","273","m","2","shape2.jpg","6","<none>","Shuang","You","3","Nenu","1","1","795"
"3006","2","test","274","z","9","shape3.jpg","6","<none>","Shuang","You","3","Nenu","2","1","926"
"3006","2","test","275","z","6","shape3.jpg","6","<none>","Shuang","You","3","Nenu","2","1","756"
"3006","2","test","276","m","1","shape1.jpg","6","<none>","Shuang","You","3","Nenu","1","1","1122"
"3006","2","test","277","z","5","shape2.jpg","6","<none>","Shuang","You","3","Nenu","2","1","743"
"3006","2","test","278","z","5","shape2.jpg","6","<none>","Shuang","You","3","Nenu","2","1","1094"
"3006","2","test","279","m","1","shape1.jpg","6","<none>","Shuang","You","3","Nenu","1","1","725"
"3006","2","test","280","z","3","shape3.jpg","6","<none>","Shuang","You","3","Nenu","1","0","1074"
"3006","2","test","281","z","4","shape1.jpg","6","<none>","Shuang","You","3","Nenu","2","1","929"
"3006","2","test","282","z","9","shape3.jpg","6","<none>","Shuang","You","3","Nenu","2","1","864"
"3006","2","test","283","z","6","shape3.jpg","6","<none>","Shuang","You","3","Nenu","2","1","778"
"3006","2","test","284","z","7","shape1.jpg","6","<none>","Shuang","You","3","Nenu","2","1","1037"
"3006","2","test","285","z","6","shape3.jpg","6","<none>","Shuang","You","3","Nenu","2","1","622"
"3006","2","test","286","m","3","shape3.jpg","6","<none>","Shuang","You","3","Nenu","1","1","705"
"3006","2","test","287","z","9","shape3.jpg","6","<none>","Shuang","You","3","Nenu","2","1","969"
"3006","2","test","288","z","4","shape1.jpg","6","<none>","Shuang","You","3","Nenu","2","1","852"
"3006","2","test","289","z","4","shape1.jpg","6","<none>","Shuang","You","3","Nenu","2","1","964"
"3006","2","test","290","m","2","shape2.jpg","6","<none>","Shuang","You","3","Nenu","1","1","722"
"3006","2","test","291","m","1","shape1.jpg","6","<none>","Shuang","You","3","Nenu","1","1","961"
"3006","2","test","292","z","6","shape3.jpg","6","<none>","Shuang","You","3","Nenu","2","1","845"
"3006","2","test","293","m","3","shape3.jpg","6","<none>","Shuang","You","3","Nenu","1","1","823"
"3006","2","test","294","z","8","shape2.jpg","6","<none>","Shuang","You","3","Nenu","2","1","1024"
"3006","2","test","295","z","9","shape3.jpg","6","<none>","Shuang","You","3","Nenu","2","1","1026"
"3006","2","test","296","m","2","shape2.jpg","6","<none>","Shuang","You","3","Nenu","1","1","764"
"3006","2","test","297","m","3","shape3.jpg","6","<none>","Shuang","You","3","Nenu","1","1","1113"
"3006","2","test","298","z","2","shape2.jpg","6","<none>","Shuang","You","3","Nenu","1","0","943"
"3006","2","test","299","z","4","shape1.jpg","6","<none>","Shuang","You","3","Nenu","2","1","1309"
"3006","2","test","300","z","5","shape2.jpg","6","<none>","Shuang","You","3","Nenu","2","1","938"
"3006","2","test","301","z","9","shape3.jpg","6","<none>","Shuang","You","3","Nenu","2","1","904"
"3006","2","test","302","z","4","shape1.jpg","6","<none>","Shuang","You","3","Nenu","2","1","1405"
"3006","2","test","303","z","9","shape3.jpg","6","<none>","Shuang","You","3","Nenu","2","1","862"
"3006","2","test","304","m","1","shape1.jpg","6","<none>","Shuang","You","3","Nenu","1","1","944"
"3006","2","test","305","z","7","shape1.jpg","6","<none>","Shuang","You","3","Nenu","2","1","965"
"3006","2","test","306","z","8","shape2.jpg","6","<none>","Shuang","You","3","Nenu","2","1","961"
"3006","2","test","307","z","7","shape1.jpg","6","<none>","Shuang","You","3","Nenu","2","1","911"
"3006","2","test","308","m","2","shape2.jpg","6","<none>","Shuang","You","3","Nenu","1","1","685"
"3006","2","test","309","m","3","shape3.jpg","6","<none>","Shuang","You","3","Nenu","1","1","869"
"3006","2","test","310","m","3","shape3.jpg","6","<none>","Shuang","You","3","Nenu","1","1","645"
"3006","2","test","311","z","5","shape2.jpg","6","<none>","Shuang","You","3","Nenu","2","1","967"
"3006","2","test","312","m","3","shape3.jpg","6","<none>","Shuang","You","3","Nenu","1","1","682"
"3006","2","test","313","m","2","shape2.jpg","6","<none>","Shuang","You","3","Nenu","1","1","763"
"3006","2","test","314","m","3","shape3.jpg","6","<none>","Shuang","You","3","Nenu","1","1","744"
"3006","2","test","315","z","8","shape2.jpg","6","<none>","Shuang","You","3","Nenu","2","1","781"
"3006","2","test","316","z","4","shape1.jpg","6","<none>","Shuang","You","3","Nenu","2","1","1154"
"3006","2","test","317","z","5","shape2.jpg","6","<none>","Shuang","You","3","Nenu","2","1","749"
"3006","2","test","318","z","9","shape3.jpg","6","<none>","Shuang","You","3","Nenu","2","1","779"
"3006","2","test","319","m","3","shape3.jpg","6","<none>","Shuang","You","3","Nenu","1","1","813"
"3006","2","test","320","m","3","shape3.jpg","6","<none>","Shuang","You","3","Nenu","1","1","633"
"3006","2","test","321","m","3","shape3.jpg","6","<none>","Shuang","You","3","Nenu","1","1","517"
"3006","2","test","322","z","6","shape3.jpg","6","<none>","Shuang","You","3","Nenu","2","1","659"
"3006","2","test","323","m","3","shape3.jpg","6","<none>","Shuang","You","3","Nenu","1","1","1483"
"3006","2","test","324","z","7","shape1.jpg","6","<none>","Shuang","You","3","Nenu","2","1","674"
"3006","2","test","325","m","3","shape3.jpg","6","<none>","Shuang","You","3","Nenu","1","1","588"
"3006","2","test","326","z","4","shape1.jpg","6","<none>","Shuang","You","3","Nenu","2","1","727"
"3006","2","test","327","z","8","shape2.jpg","6","<none>","Shuang","You","3","Nenu","2","1","702"
"3006","2","test","328","z","4","shape1.jpg","6","<none>","Shuang","You","3","Nenu","2","1","1134"
"3006","2","test","329","m","4","shape1.jpg","6","<none>","Shuang","You","3","Nenu","2","0","737"
"3006","2","test","330","z","9","shape3.jpg","6","<none>","Shuang","You","3","Nenu","2","1","848"
"3006","2","test","331","z","6","shape3.jpg","6","<none>","Shuang","You","3","Nenu","2","1","913"
"3006","2","test","332","z","6","shape3.jpg","6","<none>","Shuang","You","3","Nenu","2","1","1047"
"3006","2","test","333","z","3","shape3.jpg","6","<none>","Shuang","You","3","Nenu","1","0","1161"
"3006","2","test","334","m","3","shape3.jpg","6","<none>","Shuang","You","3","Nenu","1","1","517"
"3006","2","test","335","m","1","shape1.jpg","6","<none>","Shuang","You","3","Nenu","1","1","979"
"3006","2","test","336","z","3","shape3.jpg","6","<none>","Shuang","You","3","Nenu","1","0","807"
"3006","2","test","337","m","3","shape3.jpg","6","<none>","Shuang","You","3","Nenu","1","1","466"
"3006","2","test","338","z","5","shape2.jpg","6","<none>","Shuang","You","3","Nenu","2","1","891"
"3006","2","test","339","z","8","shape2.jpg","6","<none>","Shuang","You","3","Nenu","2","1","1065"
"3006","2","test","340","z","9","shape3.jpg","6","<none>","Shuang","You","3","Nenu","2","1","850"
"3006","2","test","341","z","1","shape1.jpg","6","<none>","Shuang","You","3","Nenu","1","0","842"
"3006","2","test","342","z","5","shape2.jpg","6","<none>","Shuang","You","3","Nenu","2","1","964"
"3006","2","test","343","z","7","shape1.jpg","6","<none>","Shuang","You","3","Nenu","2","1","1073"
"3006","2","test","344","m","2","shape2.jpg","6","<none>","Shuang","You","3","Nenu","1","1","1113"
"3006","2","test","345","m","2","shape2.jpg","6","<none>","Shuang","You","3","Nenu","1","1","718"
"3006","2","test","346","z","5","shape2.jpg","6","<none>","Shuang","You","3","Nenu","2","1","790"
"3006","2","test","347","z","6","shape3.jpg","6","<none>","Shuang","You","3","Nenu","2","1","1353"
"3006","2","test","348","m","2","shape2.jpg","6","<none>","Shuang","You","3","Nenu","1","1","693"
"3006","2","test","349","z","4","shape1.jpg","6","<none>","Shuang","You","3","Nenu","2","1","1013"
"3006","2","test","350","m","1","shape1.jpg","6","<none>","Shuang","You","3","Nenu","1","1","782"
"3006","2","test","351","z","9","shape3.jpg","6","<none>","Shuang","You","3","Nenu","2","1","1491"
"3006","2","test","352","m","2","shape2.jpg","6","<none>","Shuang","You","3","Nenu","1","1","704"
"3006","2","test","353","z","7","shape1.jpg","6","<none>","Shuang","You","3","Nenu","2","1","1087"
"3006","2","test","354","z","4","shape1.jpg","6","<none>","Shuang","You","3","Nenu","2","1","1029"
"3006","2","test","355","m","3","shape3.jpg","6","<none>","Shuang","You","3","Nenu","1","1","648"
"3006","2","test","356","z","5","shape2.jpg","6","<none>","Shuang","You","3","Nenu","2","1","794"
"3006","2","test","357","z","8","shape2.jpg","6","<none>","Shuang","You","3","Nenu","2","1","1036"
"3006","2","test","358","z","4","shape1.jpg","6","<none>","Shuang","You","3","Nenu","2","1","1245"
"3006","2","test","359","z","8","shape2.jpg","6","<none>","Shuang","You","3","Nenu","2","1","830"
"3006","2","test","360","m","3","shape3.jpg","6","<none>","Shuang","You","3","Nenu","1","1","584"
"3007","1","test","1","m","6","shape3.jpg","1","You","Natasa","<none>","1","Nenu","2","1","990"
"3007","1","test","2","z","7","shape1.jpg","1","You","Natasa","<none>","1","Nenu","2","0","587"
"3007","1","test","3","m","7","shape1.jpg","1","You","Natasa","<none>","1","Nenu","2","1","638"
"3007","1","test","4","z","2","shape2.jpg","1","You","Natasa","<none>","1","Nenu","1","1","488"
"3007","1","test","5","z","3","shape3.jpg","1","You","Natasa","<none>","1","Nenu","1","1","688"
"3007","1","test","6","z","1","shape1.jpg","1","You","Natasa","<none>","1","Nenu","1","1","815"
"3007","1","test","7","m","7","shape1.jpg","1","You","Natasa","<none>","1","Nenu","2","1","612"
"3007","1","test","8","z","2","shape2.jpg","1","You","Natasa","<none>","1","Nenu","1","1","607"
"3007","1","test","9","m","4","shape1.jpg","1","You","Natasa","<none>","1","Nenu","2","1","874"
"3007","1","test","10","z","1","shape1.jpg","1","You","Natasa","<none>","1","Nenu","1","1","762"
"3007","1","test","11","z","1","shape1.jpg","1","You","Natasa","<none>","1","Nenu","1","1","558"
"3007","1","test","12","m","6","shape3.jpg","1","You","Natasa","<none>","1","Nenu","2","1","645"
"3007","1","test","13","m","2","shape2.jpg","1","You","Natasa","<none>","1","Nenu","1","0","487"
"3007","1","test","14","z","1","shape1.jpg","1","You","Natasa","<none>","1","Nenu","1","1","671"
"3007","1","test","15","m","4","shape1.jpg","1","You","Natasa","<none>","1","Nenu","2","1","721"
"3007","1","test","16","m","7","shape1.jpg","1","You","Natasa","<none>","1","Nenu","2","1","792"
"3007","1","test","17","z","3","shape3.jpg","1","You","Natasa","<none>","1","Nenu","1","1","898"
"3007","1","test","18","z","5","shape2.jpg","1","You","Natasa","<none>","1","Nenu","2","0","578"
"3007","1","test","19","z","4","shape1.jpg","1","You","Natasa","<none>","1","Nenu","2","0","735"
"3007","1","test","20","z","2","shape2.jpg","1","You","Natasa","<none>","1","Nenu","1","1","813"
"3007","1","test","21","z","3","shape3.jpg","1","You","Natasa","<none>","1","Nenu","1","1","814"
"3007","1","test","22","z","2","shape2.jpg","1","You","Natasa","<none>","1","Nenu","1","1","801"
"3007","1","test","23","m","6","shape3.jpg","1","You","Natasa","<none>","1","Nenu","2","1","844"
"3007","1","test","24","z","3","shape3.jpg","1","You","Natasa","<none>","1","Nenu","1","1","718"
"3007","1","test","25","m","4","shape1.jpg","1","You","Natasa","<none>","1","Nenu","2","1","933"
"3007","1","test","26","m","4","shape1.jpg","1","You","Natasa","<none>","1","Nenu","2","1","1082"
"3007","1","test","27","m","9","shape3.jpg","1","You","Natasa","<none>","1","Nenu","2","1","506"
"3007","1","test","28","m","6","shape3.jpg","1","You","Natasa","<none>","1","Nenu","2","1","586"
"3007","1","test","29","m","9","shape3.jpg","1","You","Natasa","<none>","1","Nenu","2","1","686"
"3007","1","test","30","m","3","shape3.jpg","1","You","Natasa","<none>","1","Nenu","1","0","638"
"3007","1","test","31","m","6","shape3.jpg","1","You","Natasa","<none>","1","Nenu","2","1","704"
"3007","1","test","32","m","8","shape2.jpg","1","You","Natasa","<none>","1","Nenu","2","1","591"
"3007","1","test","33","z","1","shape1.jpg","1","You","Natasa","<none>","1","Nenu","1","1","570"
"3007","1","test","34","m","4","shape1.jpg","1","You","Natasa","<none>","1","Nenu","2","1","536"
"3007","1","test","35","m","6","shape3.jpg","1","You","Natasa","<none>","1","Nenu","2","1","518"
"3007","1","test","36","z","2","shape2.jpg","1","You","Natasa","<none>","1","Nenu","1","1","422"
"3007","1","test","37","z","3","shape3.jpg","1","You","Natasa","<none>","1","Nenu","1","1","561"
"3007","1","test","38","m","7","shape1.jpg","1","You","Natasa","<none>","1","Nenu","2","1","638"
"3007","1","test","39","z","2","shape2.jpg","1","You","Natasa","<none>","1","Nenu","1","1","666"
"3007","1","test","40","z","9","shape3.jpg","1","You","Natasa","<none>","1","Nenu","2","0","625"
"3007","1","test","41","z","3","shape3.jpg","1","You","Natasa","<none>","1","Nenu","1","1","772"
"3007","1","test","42","m","7","shape1.jpg","1","You","Natasa","<none>","1","Nenu","2","1","865"
"3007","1","test","43","m","5","shape2.jpg","1","You","Natasa","<none>","1","Nenu","2","1","801"
"3007","1","test","44","m","9","shape3.jpg","1","You","Natasa","<none>","1","Nenu","2","1","532"
"3007","1","test","45","z","3","shape3.jpg","1","You","Natasa","<none>","1","Nenu","1","1","675"
"3007","1","test","46","z","1","shape1.jpg","1","You","Natasa","<none>","1","Nenu","1","1","676"
"3007","1","test","47","m","3","shape3.jpg","1","You","Natasa","<none>","1","Nenu","1","0","723"
"3007","1","test","48","m","9","shape3.jpg","1","You","Natasa","<none>","1","Nenu","2","1","579"
"3007","1","test","49","z","8","shape2.jpg","1","You","Natasa","<none>","1","Nenu","2","0","559"
"3007","1","test","50","z","2","shape2.jpg","1","You","Natasa","<none>","1","Nenu","1","1","765"
"3007","1","test","51","z","2","shape2.jpg","1","You","Natasa","<none>","1","Nenu","1","1","672"
"3007","1","test","52","z","1","shape1.jpg","1","You","Natasa","<none>","1","Nenu","1","1","642"
"3007","1","test","53","m","5","shape2.jpg","1","You","Natasa","<none>","1","Nenu","2","1","820"
"3007","1","test","54","z","2","shape2.jpg","1","You","Natasa","<none>","1","Nenu","1","1","695"
"3007","1","test","55","z","5","shape2.jpg","1","You","Natasa","<none>","1","Nenu","2","0","679"
"3007","1","test","56","z","2","shape2.jpg","1","You","Natasa","<none>","1","Nenu","1","1","702"
"3007","1","test","57","z","3","shape3.jpg","1","You","Natasa","<none>","1","Nenu","1","1","823"
"3007","1","test","58","z","1","shape1.jpg","1","You","Natasa","<none>","1","Nenu","1","1","744"
"3007","1","test","59","m","5","shape2.jpg","1","You","Natasa","<none>","1","Nenu","2","1","710"
"3007","1","test","60","m","8","shape2.jpg","1","You","Natasa","<none>","1","Nenu","2","1","654"
"3007","1","test","61","m","6","shape3.jpg","1","You","Natasa","<none>","1","Nenu","2","1","599"
"3007","1","test","62","m","9","shape3.jpg","1","You","Natasa","<none>","1","Nenu","2","1","635"
"3007","1","test","63","z","8","shape2.jpg","1","You","Natasa","<none>","1","Nenu","2","0","685"
"3007","1","test","64","z","1","shape1.jpg","1","You","Natasa","<none>","1","Nenu","1","1","613"
"3007","1","test","65","m","1","shape1.jpg","1","You","Natasa","<none>","1","Nenu","1","0","593"
"3007","1","test","66","z","3","shape3.jpg","1","You","Natasa","<none>","1","Nenu","1","1","701"
"3007","1","test","67","z","2","shape2.jpg","1","You","Natasa","<none>","1","Nenu","1","1","811"
"3007","1","test","68","z","3","shape3.jpg","1","You","Natasa","<none>","1","Nenu","1","1","606"
"3007","1","test","69","m","5","shape2.jpg","1","You","Natasa","<none>","1","Nenu","2","1","889"
"3007","1","test","70","m","6","shape3.jpg","1","You","Natasa","<none>","1","Nenu","2","1","882"
"3007","1","test","71","z","1","shape1.jpg","1","You","Natasa","<none>","1","Nenu","1","1","625"
"3007","1","test","72","z","1","shape1.jpg","1","You","Natasa","<none>","1","Nenu","1","1","811"
"3007","1","test","73","m","8","shape2.jpg","1","You","Natasa","<none>","1","Nenu","2","1","759"
"3007","1","test","74","m","9","shape3.jpg","1","You","Natasa","<none>","1","Nenu","2","1","797"
"3007","1","test","75","m","6","shape3.jpg","1","You","Natasa","<none>","1","Nenu","2","1","680"
"3007","1","test","76","z","3","shape3.jpg","1","You","Natasa","<none>","1","Nenu","1","1","608"
"3007","1","test","77","m","6","shape3.jpg","1","You","Natasa","<none>","1","Nenu","2","1","795"
"3007","1","test","78","z","2","shape2.jpg","1","You","Natasa","<none>","1","Nenu","1","1","862"
"3007","1","test","79","m","9","shape3.jpg","1","You","Natasa","<none>","1","Nenu","2","1","663"
"3007","1","test","80","m","8","shape2.jpg","1","You","Natasa","<none>","1","Nenu","2","1","841"
"3007","1","test","81","z","1","shape1.jpg","1","You","Natasa","<none>","1","Nenu","1","1","714"
"3007","1","test","82","z","2","shape2.jpg","1","You","Natasa","<none>","1","Nenu","1","1","753"
"3007","1","test","83","m","6","shape3.jpg","1","You","Natasa","<none>","1","Nenu","2","1","638"
"3007","1","test","84","m","5","shape2.jpg","1","You","Natasa","<none>","1","Nenu","2","1","737"
"3007","1","test","85","m","4","shape1.jpg","1","You","Natasa","<none>","1","Nenu","2","1","678"
"3007","1","test","86","m","4","shape1.jpg","1","You","Natasa","<none>","1","Nenu","2","1","567"
"3007","1","test","87","m","8","shape2.jpg","1","You","Natasa","<none>","1","Nenu","2","1","621"
"3007","1","test","88","m","7","shape1.jpg","1","You","Natasa","<none>","1","Nenu","2","1","688"
"3007","1","test","89","z","1","shape1.jpg","1","You","Natasa","<none>","1","Nenu","1","1","495"
"3007","1","test","90","z","1","shape1.jpg","1","You","Natasa","<none>","1","Nenu","1","1","511"
"3007","1","test","91","m","3","shape3.jpg","1","You","Natasa","<none>","1","Nenu","1","0","615"
"3007","1","test","92","z","2","shape2.jpg","1","You","Natasa","<none>","1","Nenu","1","1","603"
"3007","1","test","93","m","8","shape2.jpg","1","You","Natasa","<none>","1","Nenu","2","1","630"
"3007","1","test","94","m","9","shape3.jpg","1","You","Natasa","<none>","1","Nenu","2","1","623"
"3007","1","test","95","m","7","shape1.jpg","1","You","Natasa","<none>","1","Nenu","2","1","564"
"3007","1","test","96","m","5","shape2.jpg","1","You","Natasa","<none>","1","Nenu","2","1","664"
"3007","1","test","97","z","9","shape3.jpg","1","You","Natasa","<none>","1","Nenu","2","0","650"
"3007","1","test","98","m","6","shape3.jpg","1","You","Natasa","<none>","1","Nenu","2","1","572"
"3007","1","test","99","m","7","shape1.jpg","1","You","Natasa","<none>","1","Nenu","2","1","560"
"3007","1","test","100","z","2","shape2.jpg","1","You","Natasa","<none>","1","Nenu","1","1","734"
"3007","1","test","101","m","2","shape2.jpg","1","You","Natasa","<none>","1","Nenu","1","0","547"
"3007","1","test","102","z","1","shape1.jpg","1","You","Natasa","<none>","1","Nenu","1","1","594"
"3007","1","test","103","z","3","shape3.jpg","1","You","Natasa","<none>","1","Nenu","1","1","749"
"3007","1","test","104","m","5","shape2.jpg","1","You","Natasa","<none>","1","Nenu","2","1","884"
"3007","1","test","105","z","2","shape2.jpg","1","You","Natasa","<none>","1","Nenu","1","1","826"
"3007","1","test","106","z","3","shape3.jpg","1","You","Natasa","<none>","1","Nenu","1","1","565"
"3007","1","test","107","m","1","shape1.jpg","1","You","Natasa","<none>","1","Nenu","1","0","690"
"3007","1","test","108","z","1","shape1.jpg","1","You","Natasa","<none>","1","Nenu","1","1","512"
"3007","1","test","109","m","9","shape3.jpg","1","You","Natasa","<none>","1","Nenu","2","1","586"
"3007","1","test","110","m","4","shape1.jpg","1","You","Natasa","<none>","1","Nenu","2","1","621"
"3007","1","test","111","z","1","shape1.jpg","1","You","Natasa","<none>","1","Nenu","1","1","680"
"3007","1","test","112","m","9","shape3.jpg","1","You","Natasa","<none>","1","Nenu","2","1","897"
"3007","1","test","113","z","3","shape3.jpg","1","You","Natasa","<none>","1","Nenu","1","1","457"
"3007","1","test","114","z","2","shape2.jpg","1","You","Natasa","<none>","1","Nenu","1","1","547"
"3007","1","test","115","z","1","shape1.jpg","1","You","Natasa","<none>","1","Nenu","1","1","544"
"3007","1","test","116","m","3","shape3.jpg","1","You","Natasa","<none>","1","Nenu","1","0","575"
"3007","1","test","117","m","5","shape2.jpg","1","You","Natasa","<none>","1","Nenu","2","1","764"
"3007","1","test","118","z","2","shape2.jpg","1","You","Natasa","<none>","1","Nenu","1","1","618"
"3007","1","test","119","z","6","shape3.jpg","1","You","Natasa","<none>","1","Nenu","2","0","620"
"3007","1","test","120","m","2","shape2.jpg","1","You","Natasa","<none>","1","Nenu","1","0","679"
"3007","1","test","121","z","5","shape2.jpg","1","You","Natasa","<none>","1","Nenu","2","0","748"
"3007","1","test","122","z","3","shape3.jpg","1","You","Natasa","<none>","1","Nenu","1","1","592"
"3007","1","test","123","z","2","shape2.jpg","1","You","Natasa","<none>","1","Nenu","1","1","734"
"3007","1","test","124","z","3","shape3.jpg","1","You","Natasa","<none>","1","Nenu","1","1","986"
"3007","1","test","125","z","1","shape1.jpg","1","You","Natasa","<none>","1","Nenu","1","1","653"
"3007","1","test","126","z","2","shape2.jpg","1","You","Natasa","<none>","1","Nenu","1","1","519"
"3007","1","test","127","z","2","shape2.jpg","1","You","Natasa","<none>","1","Nenu","1","1","574"
"3007","1","test","128","m","8","shape2.jpg","1","You","Natasa","<none>","1","Nenu","2","1","611"
"3007","1","test","129","m","4","shape1.jpg","1","You","Natasa","<none>","1","Nenu","2","1","687"
"3007","1","test","130","m","6","shape3.jpg","1","You","Natasa","<none>","1","Nenu","2","1","639"
"3007","1","test","131","z","3","shape3.jpg","1","You","Natasa","<none>","1","Nenu","1","1","545"
"3007","1","test","132","z","3","shape3.jpg","1","You","Natasa","<none>","1","Nenu","1","1","631"
"3007","1","test","133","z","2","shape2.jpg","1","You","Natasa","<none>","1","Nenu","1","1","738"
"3007","1","test","134","z","3","shape3.jpg","1","You","Natasa","<none>","1","Nenu","1","1","767"
"3007","1","test","135","m","6","shape3.jpg","1","You","Natasa","<none>","1","Nenu","2","1","723"
"3007","1","test","136","m","6","shape3.jpg","1","You","Natasa","<none>","1","Nenu","2","1","826"
"3007","1","test","137","m","5","shape2.jpg","1","You","Natasa","<none>","1","Nenu","2","1","652"
"3007","1","test","138","z","1","shape1.jpg","1","You","Natasa","<none>","1","Nenu","1","1","470"
"3007","1","test","139","z","1","shape1.jpg","1","You","Natasa","<none>","1","Nenu","1","1","535"
"3007","1","test","140","m","7","shape1.jpg","1","You","Natasa","<none>","1","Nenu","2","1","549"
"3007","1","test","141","z","2","shape2.jpg","1","You","Natasa","<none>","1","Nenu","1","1","772"
"3007","1","test","142","m","5","shape2.jpg","1","You","Natasa","<none>","1","Nenu","2","1","704"
"3007","1","test","143","z","1","shape1.jpg","1","You","Natasa","<none>","1","Nenu","1","1","710"
"3007","1","test","144","z","3","shape3.jpg","1","You","Natasa","<none>","1","Nenu","1","1","607"
"3007","1","test","145","m","7","shape1.jpg","1","You","Natasa","<none>","1","Nenu","2","1","585"
"3007","1","test","146","m","6","shape3.jpg","1","You","Natasa","<none>","1","Nenu","2","1","734"
"3007","1","test","147","z","2","shape2.jpg","1","You","Natasa","<none>","1","Nenu","1","1","812"
"3007","1","test","148","m","5","shape2.jpg","1","You","Natasa","<none>","1","Nenu","2","1","550"
"3007","1","test","149","z","1","shape1.jpg","1","You","Natasa","<none>","1","Nenu","1","1","668"
"3007","1","test","150","z","3","shape3.jpg","1","You","Natasa","<none>","1","Nenu","1","1","550"
"3007","1","test","151","m","1","shape1.jpg","1","You","Natasa","<none>","1","Nenu","1","0","538"
"3007","1","test","152","m","4","shape1.jpg","1","You","Natasa","<none>","1","Nenu","2","1","706"
"3007","1","test","153","m","6","shape3.jpg","1","You","Natasa","<none>","1","Nenu","2","1","544"
"3007","1","test","154","m","4","shape1.jpg","1","You","Natasa","<none>","1","Nenu","2","1","599"
"3007","1","test","155","m","7","shape1.jpg","1","You","Natasa","<none>","1","Nenu","2","1","635"
"3007","1","test","156","z","1","shape1.jpg","1","You","Natasa","<none>","1","Nenu","1","1","428"
"3007","1","test","157","m","8","shape2.jpg","1","You","Natasa","<none>","1","Nenu","2","1","1080"
"3007","1","test","158","m","9","shape3.jpg","1","You","Natasa","<none>","1","Nenu","2","1","671"
"3007","1","test","159","m","4","shape1.jpg","1","You","Natasa","<none>","1","Nenu","2","1","553"
"3007","1","test","160","m","8","shape2.jpg","1","You","Natasa","<none>","1","Nenu","2","1","581"
"3007","1","test","161","m","5","shape2.jpg","1","You","Natasa","<none>","1","Nenu","2","1","938"
"3007","1","test","162","m","7","shape1.jpg","1","You","Natasa","<none>","1","Nenu","2","1","559"
"3007","1","test","163","m","8","shape2.jpg","1","You","Natasa","<none>","1","Nenu","2","1","798"
"3007","1","test","164","m","9","shape3.jpg","1","You","Natasa","<none>","1","Nenu","2","1","664"
"3007","1","test","165","m","8","shape2.jpg","1","You","Natasa","<none>","1","Nenu","2","1","562"
"3007","1","test","166","z","2","shape2.jpg","1","You","Natasa","<none>","1","Nenu","1","1","815"
"3007","1","test","167","z","7","shape1.jpg","1","You","Natasa","<none>","1","Nenu","2","0","610"
"3007","1","test","168","z","3","shape3.jpg","1","You","Natasa","<none>","1","Nenu","1","1","726"
"3007","1","test","169","m","7","shape1.jpg","1","You","Natasa","<none>","1","Nenu","2","1","581"
"3007","1","test","170","z","1","shape1.jpg","1","You","Natasa","<none>","1","Nenu","1","1","849"
"3007","1","test","171","z","1","shape1.jpg","1","You","Natasa","<none>","1","Nenu","1","1","650"
"3007","1","test","172","z","1","shape1.jpg","1","You","Natasa","<none>","1","Nenu","1","1","579"
"3007","1","test","173","m","7","shape1.jpg","1","You","Natasa","<none>","1","Nenu","2","1","495"
"3007","1","test","174","m","4","shape1.jpg","1","You","Natasa","<none>","1","Nenu","2","1","736"
"3007","1","test","175","m","1","shape1.jpg","1","You","Natasa","<none>","1","Nenu","1","0","566"
"3007","1","test","176","m","7","shape1.jpg","1","You","Natasa","<none>","1","Nenu","2","1","587"
"3007","1","test","177","m","8","shape2.jpg","1","You","Natasa","<none>","1","Nenu","2","1","968"
"3007","1","test","178","z","3","shape3.jpg","1","You","Natasa","<none>","1","Nenu","1","1","610"
"3007","1","test","179","z","2","shape2.jpg","1","You","Natasa","<none>","1","Nenu","1","1","670"
"3007","1","test","180","z","2","shape2.jpg","1","You","Natasa","<none>","1","Nenu","1","1","511"
"3007","1","test","181","m","6","shape3.jpg","1","You","Natasa","<none>","1","Nenu","2","1","511"
"3007","1","test","182","m","8","shape2.jpg","1","You","Natasa","<none>","1","Nenu","2","1","680"
"3007","1","test","183","z","3","shape3.jpg","1","You","Natasa","<none>","1","Nenu","1","1","503"
"3007","1","test","184","z","1","shape1.jpg","1","You","Natasa","<none>","1","Nenu","1","1","584"
"3007","1","test","185","m","9","shape3.jpg","1","You","Natasa","<none>","1","Nenu","2","1","755"
"3007","1","test","186","z","5","shape2.jpg","1","You","Natasa","<none>","1","Nenu","2","0","577"
"3007","1","test","187","z","2","shape2.jpg","1","You","Natasa","<none>","1","Nenu","1","1","741"
"3007","1","test","188","m","5","shape2.jpg","1","You","Natasa","<none>","1","Nenu","2","1","709"
"3007","1","test","189","m","8","shape2.jpg","1","You","Natasa","<none>","1","Nenu","2","1","692"
"3007","1","test","190","m","6","shape3.jpg","1","You","Natasa","<none>","1","Nenu","2","1","626"
"3007","1","test","191","z","3","shape3.jpg","1","You","Natasa","<none>","1","Nenu","1","1","702"
"3007","1","test","192","m","5","shape2.jpg","1","You","Natasa","<none>","1","Nenu","2","1","829"
"3007","1","test","193","m","1","shape1.jpg","1","You","Natasa","<none>","1","Nenu","1","0","967"
"3007","1","test","194","z","2","shape2.jpg","1","You","Natasa","<none>","1","Nenu","1","1","859"
"3007","1","test","195","m","9","shape3.jpg","1","You","Natasa","<none>","1","Nenu","2","1","565"
"3007","1","test","196","z","3","shape3.jpg","1","You","Natasa","<none>","1","Nenu","1","1","617"
"3007","1","test","197","m","6","shape3.jpg","1","You","Natasa","<none>","1","Nenu","2","1","571"
"3007","1","test","198","m","5","shape2.jpg","1","You","Natasa","<none>","1","Nenu","2","1","801"
"3007","1","test","199","z","2","shape2.jpg","1","You","Natasa","<none>","1","Nenu","1","1","692"
"3007","1","test","200","m","9","shape3.jpg","1","You","Natasa","<none>","1","Nenu","2","1","763"
"3007","1","test","201","z","1","shape1.jpg","1","You","Natasa","<none>","1","Nenu","1","1","456"
"3007","1","test","202","z","1","shape1.jpg","1","You","Natasa","<none>","1","Nenu","1","1","491"
"3007","1","test","203","z","2","shape2.jpg","1","You","Natasa","<none>","1","Nenu","1","1","659"
"3007","1","test","204","z","1","shape1.jpg","1","You","Natasa","<none>","1","Nenu","1","1","860"
"3007","1","test","205","m","6","shape3.jpg","1","You","Natasa","<none>","1","Nenu","2","1","541"
"3007","1","test","206","z","3","shape3.jpg","1","You","Natasa","<none>","1","Nenu","1","1","724"
"3007","1","test","207","z","2","shape2.jpg","1","You","Natasa","<none>","1","Nenu","1","1","667"
"3007","1","test","208","m","3","shape3.jpg","1","You","Natasa","<none>","1","Nenu","1","0","588"
"3007","1","test","209","z","1","shape1.jpg","1","You","Natasa","<none>","1","Nenu","1","1","584"
"3007","1","test","210","m","7","shape1.jpg","1","You","Natasa","<none>","1","Nenu","2","1","549"
"3007","1","test","211","m","7","shape1.jpg","1","You","Natasa","<none>","1","Nenu","2","1","873"
"3007","1","test","212","m","7","shape1.jpg","1","You","Natasa","<none>","1","Nenu","2","1","625"
"3007","1","test","213","z","6","shape3.jpg","1","You","Natasa","<none>","1","Nenu","2","0","660"
"3007","1","test","214","m","6","shape3.jpg","1","You","Natasa","<none>","1","Nenu","2","1","685"
"3007","1","test","215","m","7","shape1.jpg","1","You","Natasa","<none>","1","Nenu","2","1","733"
"3007","1","test","216","z","3","shape3.jpg","1","You","Natasa","<none>","1","Nenu","1","1","603"
"3007","1","test","217","z","3","shape3.jpg","1","You","Natasa","<none>","1","Nenu","1","1","679"
"3007","1","test","218","m","9","shape3.jpg","1","You","Natasa","<none>","1","Nenu","2","1","591"
"3007","1","test","219","m","6","shape3.jpg","1","You","Natasa","<none>","1","Nenu","2","1","605"
"3007","1","test","220","m","9","shape3.jpg","1","You","Natasa","<none>","1","Nenu","2","1","751"
"3007","1","test","221","z","8","shape2.jpg","1","You","Natasa","<none>","1","Nenu","2","0","645"
"3007","1","test","222","m","3","shape3.jpg","1","You","Natasa","<none>","1","Nenu","1","0","616"
"3007","1","test","223","z","1","shape1.jpg","1","You","Natasa","<none>","1","Nenu","1","1","722"
"3007","1","test","224","m","6","shape3.jpg","1","You","Natasa","<none>","1","Nenu","2","1","615"
"3007","1","test","225","m","2","shape2.jpg","1","You","Natasa","<none>","1","Nenu","1","0","755"
"3007","1","test","226","z","3","shape3.jpg","1","You","Natasa","<none>","1","Nenu","1","1","575"
"3007","1","test","227","z","3","shape3.jpg","1","You","Natasa","<none>","1","Nenu","1","1","509"
"3007","1","test","228","z","3","shape3.jpg","1","You","Natasa","<none>","1","Nenu","1","1","493"
"3007","1","test","229","z","2","shape2.jpg","1","You","Natasa","<none>","1","Nenu","1","1","477"
"3007","1","test","230","m","3","shape3.jpg","1","You","Natasa","<none>","1","Nenu","1","0","599"
"3007","1","test","231","z","1","shape1.jpg","1","You","Natasa","<none>","1","Nenu","1","1","747"
"3007","1","test","232","z","3","shape3.jpg","1","You","Natasa","<none>","1","Nenu","1","1","608"
"3007","1","test","233","z","2","shape2.jpg","1","You","Natasa","<none>","1","Nenu","1","1","548"
"3007","1","test","234","m","9","shape3.jpg","1","You","Natasa","<none>","1","Nenu","2","1","601"
"3007","1","test","235","m","8","shape2.jpg","1","You","Natasa","<none>","1","Nenu","2","1","780"
"3007","1","test","236","z","3","shape3.jpg","1","You","Natasa","<none>","1","Nenu","1","1","497"
"3007","1","test","237","z","1","shape1.jpg","1","You","Natasa","<none>","1","Nenu","1","1","672"
"3007","1","test","238","m","4","shape1.jpg","1","You","Natasa","<none>","1","Nenu","2","1","641"
"3007","1","test","239","m","9","shape3.jpg","1","You","Natasa","<none>","1","Nenu","2","1","595"
"3007","1","test","240","m","8","shape2.jpg","1","You","Natasa","<none>","1","Nenu","2","1","776"
"3007","1","test","241","m","9","shape3.jpg","1","You","Natasa","<none>","1","Nenu","2","1","872"
"3007","1","test","242","m","6","shape3.jpg","1","You","Natasa","<none>","1","Nenu","2","1","664"
"3007","1","test","243","m","4","shape1.jpg","1","You","Natasa","<none>","1","Nenu","2","1","657"
"3007","1","test","244","m","4","shape1.jpg","1","You","Natasa","<none>","1","Nenu","2","1","555"
"3007","1","test","245","z","2","shape2.jpg","1","You","Natasa","<none>","1","Nenu","1","1","817"
"3007","1","test","246","m","4","shape1.jpg","1","You","Natasa","<none>","1","Nenu","2","1","659"
"3007","1","test","247","z","3","shape3.jpg","1","You","Natasa","<none>","1","Nenu","1","1","732"
"3007","1","test","248","m","8","shape2.jpg","1","You","Natasa","<none>","1","Nenu","2","1","786"
"3007","1","test","249","z","3","shape3.jpg","1","You","Natasa","<none>","1","Nenu","1","1","814"
"3007","1","test","250","m","9","shape3.jpg","1","You","Natasa","<none>","1","Nenu","2","1","850"
"3007","1","test","251","z","2","shape2.jpg","1","You","Natasa","<none>","1","Nenu","1","1","665"
"3007","1","test","252","z","2","shape2.jpg","1","You","Natasa","<none>","1","Nenu","1","1","675"
"3007","1","test","253","m","5","shape2.jpg","1","You","Natasa","<none>","1","Nenu","2","1","691"
"3007","1","test","254","m","5","shape2.jpg","1","You","Natasa","<none>","1","Nenu","2","1","602"
"3007","1","test","255","z","2","shape2.jpg","1","You","Natasa","<none>","1","Nenu","1","1","790"
"3007","1","test","256","m","7","shape1.jpg","1","You","Natasa","<none>","1","Nenu","2","1","634"
"3007","1","test","257","z","9","shape3.jpg","1","You","Natasa","<none>","1","Nenu","2","0","645"
"3007","1","test","258","m","8","shape2.jpg","1","You","Natasa","<none>","1","Nenu","2","1","854"
"3007","1","test","259","m","8","shape2.jpg","1","You","Natasa","<none>","1","Nenu","2","1","598"
"3007","1","test","260","z","1","shape1.jpg","1","You","Natasa","<none>","1","Nenu","1","1","732"
"3007","1","test","261","m","4","shape1.jpg","1","You","Natasa","<none>","1","Nenu","2","1","513"
"3007","1","test","262","m","3","shape3.jpg","1","You","Natasa","<none>","1","Nenu","1","0","729"
"3007","1","test","263","m","4","shape1.jpg","1","You","Natasa","<none>","1","Nenu","2","1","631"
"3007","1","test","264","z","3","shape3.jpg","1","You","Natasa","<none>","1","Nenu","1","1","482"
"3007","1","test","265","z","1","shape1.jpg","1","You","Natasa","<none>","1","Nenu","1","1","698"
"3007","1","test","266","z","2","shape2.jpg","1","You","Natasa","<none>","1","Nenu","1","1","818"
"3007","1","test","267","m","4","shape1.jpg","1","You","Natasa","<none>","1","Nenu","2","1","683"
"3007","1","test","268","m","4","shape1.jpg","1","You","Natasa","<none>","1","Nenu","2","1","789"
"3007","1","test","269","m","8","shape2.jpg","1","You","Natasa","<none>","1","Nenu","2","1","911"
"3007","1","test","270","z","1","shape1.jpg","1","You","Natasa","<none>","1","Nenu","1","1","654"
"3007","1","test","271","m","7","shape1.jpg","1","You","Natasa","<none>","1","Nenu","2","1","606"
"3007","1","test","272","z","2","shape2.jpg","1","You","Natasa","<none>","1","Nenu","1","1","603"
"3007","1","test","273","m","7","shape1.jpg","1","You","Natasa","<none>","1","Nenu","2","1","639"
"3007","1","test","274","z","2","shape2.jpg","1","You","Natasa","<none>","1","Nenu","1","1","704"
"3007","1","test","275","z","3","shape3.jpg","1","You","Natasa","<none>","1","Nenu","1","1","608"
"3007","1","test","276","m","5","shape2.jpg","1","You","Natasa","<none>","1","Nenu","2","1","699"
"3007","1","test","277","m","7","shape1.jpg","1","You","Natasa","<none>","1","Nenu","2","1","498"
"3007","1","test","278","m","9","shape3.jpg","1","You","Natasa","<none>","1","Nenu","2","1","546"
"3007","1","test","279","m","7","shape1.jpg","1","You","Natasa","<none>","1","Nenu","2","1","521"
"3007","1","test","280","z","1","shape1.jpg","1","You","Natasa","<none>","1","Nenu","1","1","496"
"3007","1","test","281","m","4","shape1.jpg","1","You","Natasa","<none>","1","Nenu","2","1","553"
"3007","1","test","282","z","3","shape3.jpg","1","You","Natasa","<none>","1","Nenu","1","1","463"
"3007","1","test","283","m","6","shape3.jpg","1","You","Natasa","<none>","1","Nenu","2","1","496"
"3007","1","test","284","m","7","shape1.jpg","1","You","Natasa","<none>","1","Nenu","2","1","457"
"3007","1","test","285","z","2","shape2.jpg","1","You","Natasa","<none>","1","Nenu","1","1","498"
"3007","1","test","286","m","6","shape3.jpg","1","You","Natasa","<none>","1","Nenu","2","1","508"
"3007","1","test","287","m","1","shape1.jpg","1","You","Natasa","<none>","1","Nenu","1","0","522"
"3007","1","test","288","m","9","shape3.jpg","1","You","Natasa","<none>","1","Nenu","2","1","617"
"3007","1","test","289","z","1","shape1.jpg","1","You","Natasa","<none>","1","Nenu","1","1","469"
"3007","1","test","290","m","4","shape1.jpg","1","You","Natasa","<none>","1","Nenu","2","1","575"
"3007","1","test","291","z","2","shape2.jpg","1","You","Natasa","<none>","1","Nenu","1","1","827"
"3007","1","test","292","z","2","shape2.jpg","1","You","Natasa","<none>","1","Nenu","1","1","684"
"3007","1","test","293","z","1","shape1.jpg","1","You","Natasa","<none>","1","Nenu","1","1","886"
"3007","1","test","294","m","3","shape3.jpg","1","You","Natasa","<none>","1","Nenu","1","0","500"
"3007","1","test","295","z","3","shape3.jpg","1","You","Natasa","<none>","1","Nenu","1","1","476"
"3007","1","test","296","m","4","shape1.jpg","1","You","Natasa","<none>","1","Nenu","2","1","429"
"3007","1","test","297","m","5","shape2.jpg","1","You","Natasa","<none>","1","Nenu","2","1","752"
"3007","1","test","298","m","5","shape2.jpg","1","You","Natasa","<none>","1","Nenu","2","1","669"
"3007","1","test","299","z","3","shape3.jpg","1","You","Natasa","<none>","1","Nenu","1","1","662"
"3007","1","test","300","m","4","shape1.jpg","1","You","Natasa","<none>","1","Nenu","2","1","840"
"3007","1","test","301","z","2","shape2.jpg","1","You","Natasa","<none>","1","Nenu","1","1","594"
"3007","1","test","302","m","5","shape2.jpg","1","You","Natasa","<none>","1","Nenu","2","1","646"
"3007","1","test","303","m","7","shape1.jpg","1","You","Natasa","<none>","1","Nenu","2","1","583"
"3007","1","test","304","z","2","shape2.jpg","1","You","Natasa","<none>","1","Nenu","1","1","628"
"3007","1","test","305","m","8","shape2.jpg","1","You","Natasa","<none>","1","Nenu","2","1","702"
"3007","1","test","306","m","5","shape2.jpg","1","You","Natasa","<none>","1","Nenu","2","1","830"
"3007","1","test","307","m","4","shape1.jpg","1","You","Natasa","<none>","1","Nenu","2","1","649"
"3007","1","test","308","z","3","shape3.jpg","1","You","Natasa","<none>","1","Nenu","1","1","665"
"3007","1","test","309","z","1","shape1.jpg","1","You","Natasa","<none>","1","Nenu","1","1","563"
"3007","1","test","310","m","3","shape3.jpg","1","You","Natasa","<none>","1","Nenu","1","0","585"
"3007","1","test","311","m","8","shape2.jpg","1","You","Natasa","<none>","1","Nenu","2","1","756"
"3007","1","test","312","z","1","shape1.jpg","1","You","Natasa","<none>","1","Nenu","1","1","762"
"3007","1","test","313","m","5","shape2.jpg","1","You","Natasa","<none>","1","Nenu","2","1","574"
"3007","1","test","314","m","1","shape1.jpg","1","You","Natasa","<none>","1","Nenu","1","0","620"
"3007","1","test","315","z","2","shape2.jpg","1","You","Natasa","<none>","1","Nenu","1","1","686"
"3007","1","test","316","z","3","shape3.jpg","1","You","Natasa","<none>","1","Nenu","1","1","799"
"3007","1","test","317","z","3","shape3.jpg","1","You","Natasa","<none>","1","Nenu","1","1","713"
"3007","1","test","318","m","9","shape3.jpg","1","You","Natasa","<none>","1","Nenu","2","1","625"
"3007","1","test","319","m","7","shape1.jpg","1","You","Natasa","<none>","1","Nenu","2","1","579"
"3007","1","test","320","m","4","shape1.jpg","1","You","Natasa","<none>","1","Nenu","2","1","504"
"3007","1","test","321","z","3","shape3.jpg","1","You","Natasa","<none>","1","Nenu","1","1","809"
"3007","1","test","322","z","3","shape3.jpg","1","You","Natasa","<none>","1","Nenu","1","1","715"
"3007","1","test","323","m","8","shape2.jpg","1","You","Natasa","<none>","1","Nenu","2","1","706"
"3007","1","test","324","m","6","shape3.jpg","1","You","Natasa","<none>","1","Nenu","2","1","697"
"3007","1","test","325","z","1","shape1.jpg","1","You","Natasa","<none>","1","Nenu","1","1","608"
"3007","1","test","326","z","1","shape1.jpg","1","You","Natasa","<none>","1","Nenu","1","1","565"
"3007","1","test","327","z","3","shape3.jpg","1","You","Natasa","<none>","1","Nenu","1","1","585"
"3007","1","test","328","z","1","shape1.jpg","1","You","Natasa","<none>","1","Nenu","1","1","645"
"3007","1","test","329","z","2","shape2.jpg","1","You","Natasa","<none>","1","Nenu","1","1","671"
"3007","1","test","330","z","2","shape2.jpg","1","You","Natasa","<none>","1","Nenu","1","1","681"
"3007","1","test","331","m","3","shape3.jpg","1","You","Natasa","<none>","1","Nenu","1","0","528"
"3007","1","test","332","z","2","shape2.jpg","1","You","Natasa","<none>","1","Nenu","1","1","647"
"3007","1","test","333","z","2","shape2.jpg","1","You","Natasa","<none>","1","Nenu","1","1","514"
"3007","1","test","334","z","2","shape2.jpg","1","You","Natasa","<none>","1","Nenu","1","1","440"
"3007","1","test","335","z","1","shape1.jpg","1","You","Natasa","<none>","1","Nenu","1","1","539"
"3007","1","test","336","z","2","shape2.jpg","1","You","Natasa","<none>","1","Nenu","1","1","585"
"3007","1","test","337","m","8","shape2.jpg","1","You","Natasa","<none>","1","Nenu","2","1","855"
"3007","1","test","338","m","9","shape3.jpg","1","You","Natasa","<none>","1","Nenu","2","1","887"
"3007","1","test","339","m","8","shape2.jpg","1","You","Natasa","<none>","1","Nenu","2","1","821"
"3007","1","test","340","m","5","shape2.jpg","1","You","Natasa","<none>","1","Nenu","2","1","729"
"3007","1","test","341","m","7","shape1.jpg","1","You","Natasa","<none>","1","Nenu","2","1","574"
"3007","1","test","342","m","9","shape3.jpg","1","You","Natasa","<none>","1","Nenu","2","1","828"
"3007","1","test","343","m","4","shape1.jpg","1","You","Natasa","<none>","1","Nenu","2","1","606"
"3007","1","test","344","z","3","shape3.jpg","1","You","Natasa","<none>","1","Nenu","1","1","441"
"3007","1","test","345","m","9","shape3.jpg","1","You","Natasa","<none>","1","Nenu","2","1","548"
"3007","1","test","346","m","3","shape3.jpg","1","You","Natasa","<none>","1","Nenu","1","0","498"
"3007","1","test","347","z","2","shape2.jpg","1","You","Natasa","<none>","1","Nenu","1","1","577"
"3007","1","test","348","z","1","shape1.jpg","1","You","Natasa","<none>","1","Nenu","1","1","559"
"3007","1","test","349","m","5","shape2.jpg","1","You","Natasa","<none>","1","Nenu","2","1","733"
"3007","1","test","350","z","1","shape1.jpg","1","You","Natasa","<none>","1","Nenu","1","1","539"
"3007","1","test","351","z","1","shape1.jpg","1","You","Natasa","<none>","1","Nenu","1","1","497"
"3007","1","test","352","m","4","shape1.jpg","1","You","Natasa","<none>","1","Nenu","2","1","577"
"3007","1","test","353","m","1","shape1.jpg","1","You","Natasa","<none>","1","Nenu","1","0","414"
"3007","1","test","354","z","2","shape2.jpg","1","You","Natasa","<none>","1","Nenu","1","1","761"
"3007","1","test","355","z","2","shape2.jpg","1","You","Natasa","<none>","1","Nenu","1","1","638"
"3007","1","test","356","m","8","shape2.jpg","1","You","Natasa","<none>","1","Nenu","2","1","567"
"3007","1","test","357","m","8","shape2.jpg","1","You","Natasa","<none>","1","Nenu","2","1","893"
"3007","1","test","358","z","1","shape1.jpg","1","You","Natasa","<none>","1","Nenu","1","1","533"
"3007","1","test","359","z","1","shape1.jpg","1","You","Natasa","<none>","1","Nenu","1","1","483"
"3007","1","test","360","m","5","shape2.jpg","1","You","Natasa","<none>","1","Nenu","2","1","643"
"3008","2","test","1","m","2","shape2.jpg","2","You","<none>","Laci","1","Nenu","1","1","1038"
"3008","2","test","2","m","3","shape3.jpg","2","You","<none>","Laci","1","Nenu","1","1","832"
"3008","2","test","3","m","5","shape2.jpg","2","You","<none>","Laci","1","Nenu","2","0","1090"
"3008","2","test","4","m","2","shape2.jpg","2","You","<none>","Laci","1","Nenu","1","1","776"
"3008","2","test","5","m","2","shape2.jpg","2","You","<none>","Laci","1","Nenu","1","1","581"
"3008","2","test","6","m","8","shape2.jpg","2","You","<none>","Laci","1","Nenu","2","0","617"
"3008","2","test","7","m","3","shape3.jpg","2","You","<none>","Laci","1","Nenu","1","1","596"
"3008","2","test","8","m","2","shape2.jpg","2","You","<none>","Laci","1","Nenu","1","1","689"
"3008","2","test","9","z","5","shape2.jpg","2","You","<none>","Laci","1","Nenu","2","1","976"
"3008","2","test","10","m","2","shape2.jpg","2","You","<none>","Laci","1","Nenu","1","1","771"
"3008","2","test","11","m","2","shape2.jpg","2","You","<none>","Laci","1","Nenu","1","1","617"
"3008","2","test","12","m","3","shape3.jpg","2","You","<none>","Laci","1","Nenu","1","1","691"
"3008","2","test","13","m","9","shape3.jpg","2","You","<none>","Laci","1","Nenu","2","0","563"
"3008","2","test","14","m","1","shape1.jpg","2","You","<none>","Laci","1","Nenu","1","1","656"
"3008","2","test","15","m","3","shape3.jpg","2","You","<none>","Laci","1","Nenu","1","1","545"
"3008","2","test","16","m","7","shape1.jpg","2","You","<none>","Laci","1","Nenu","2","0","761"
"3008","2","test","17","m","1","shape1.jpg","2","You","<none>","Laci","1","Nenu","1","1","542"
"3008","2","test","18","z","6","shape3.jpg","2","You","<none>","Laci","1","Nenu","2","1","1293"
"3008","2","test","19","z","6","shape3.jpg","2","You","<none>","Laci","1","Nenu","2","1","1275"
"3008","2","test","20","z","5","shape2.jpg","2","You","<none>","Laci","1","Nenu","2","1","825"
"3008","2","test","21","m","1","shape1.jpg","2","You","<none>","Laci","1","Nenu","1","1","620"
"3008","2","test","22","m","2","shape2.jpg","2","You","<none>","Laci","1","Nenu","1","1","790"
"3008","2","test","23","m","1","shape1.jpg","2","You","<none>","Laci","1","Nenu","1","1","585"
"3008","2","test","24","z","4","shape1.jpg","2","You","<none>","Laci","1","Nenu","2","1","878"
"3008","2","test","25","m","3","shape3.jpg","2","You","<none>","Laci","1","Nenu","1","1","693"
"3008","2","test","26","z","5","shape2.jpg","2","You","<none>","Laci","1","Nenu","2","1","814"
"3008","2","test","27","m","1","shape1.jpg","2","You","<none>","Laci","1","Nenu","1","1","465"
"3008","2","test","28","m","1","shape1.jpg","2","You","<none>","Laci","1","Nenu","1","1","483"
"3008","2","test","29","m","4","shape1.jpg","2","You","<none>","Laci","1","Nenu","2","0","691"
"3008","2","test","30","m","3","shape3.jpg","2","You","<none>","Laci","1","Nenu","1","1","596"
"3008","2","test","31","z","4","shape1.jpg","2","You","<none>","Laci","1","Nenu","2","1","864"
"3008","2","test","32","m","6","shape3.jpg","2","You","<none>","Laci","1","Nenu","2","0","657"
"3008","2","test","33","z","8","shape2.jpg","2","You","<none>","Laci","1","Nenu","2","1","682"
"3008","2","test","34","m","1","shape1.jpg","2","You","<none>","Laci","1","Nenu","1","1","561"
"3008","2","test","35","z","8","shape2.jpg","2","You","<none>","Laci","1","Nenu","2","1","1312"
"3008","2","test","36","m","1","shape1.jpg","2","You","<none>","Laci","1","Nenu","1","1","781"
"3008","2","test","37","m","9","shape3.jpg","2","You","<none>","Laci","1","Nenu","2","0","1080"
"3008","2","test","38","m","2","shape2.jpg","2","You","<none>","Laci","1","Nenu","1","1","881"
"3008","2","test","39","m","2","shape2.jpg","2","You","<none>","Laci","1","Nenu","1","1","969"
"3008","2","test","40","z","4","shape1.jpg","2","You","<none>","Laci","1","Nenu","2","1","1085"
"3008","2","test","41","m","2","shape2.jpg","2","You","<none>","Laci","1","Nenu","1","1","652"
"3008","2","test","42","z","8","shape2.jpg","2","You","<none>","Laci","1","Nenu","2","1","892"
"3008","2","test","43","z","9","shape3.jpg","2","You","<none>","Laci","1","Nenu","2","1","980"
"3008","2","test","44","z","5","shape2.jpg","2","You","<none>","Laci","1","Nenu","2","1","801"
"3008","2","test","45","z","2","shape2.jpg","2","You","<none>","Laci","1","Nenu","1","0","875"
"3008","2","test","46","m","2","shape2.jpg","2","You","<none>","Laci","1","Nenu","1","1","587"
"3008","2","test","47","z","6","shape3.jpg","2","You","<none>","Laci","1","Nenu","2","1","680"
"3008","2","test","48","z","9","shape3.jpg","2","You","<none>","Laci","1","Nenu","2","1","768"
"3008","2","test","49","z","8","shape2.jpg","2","You","<none>","Laci","1","Nenu","2","1","837"
"3008","2","test","50","m","2","shape2.jpg","2","You","<none>","Laci","1","Nenu","1","1","1037"
"3008","2","test","51","m","3","shape3.jpg","2","You","<none>","Laci","1","Nenu","1","1","750"
"3008","2","test","52","m","1","shape1.jpg","2","You","<none>","Laci","1","Nenu","1","1","580"
"3008","2","test","53","m","3","shape3.jpg","2","You","<none>","Laci","1","Nenu","1","1","673"
"3008","2","test","54","m","5","shape2.jpg","2","You","<none>","Laci","1","Nenu","2","0","618"
"3008","2","test","55","z","7","shape1.jpg","2","You","<none>","Laci","1","Nenu","2","1","780"
"3008","2","test","56","z","6","shape3.jpg","2","You","<none>","Laci","1","Nenu","2","1","833"
"3008","2","test","57","m","1","shape1.jpg","2","You","<none>","Laci","1","Nenu","1","1","594"
"3008","2","test","58","m","1","shape1.jpg","2","You","<none>","Laci","1","Nenu","1","1","502"
"3008","2","test","59","m","1","shape1.jpg","2","You","<none>","Laci","1","Nenu","1","1","485"
"3008","2","test","60","z","4","shape1.jpg","2","You","<none>","Laci","1","Nenu","2","1","606"
"3008","2","test","61","m","1","shape1.jpg","2","You","<none>","Laci","1","Nenu","1","1","586"
"3008","2","test","62","z","9","shape3.jpg","2","You","<none>","Laci","1","Nenu","2","1","886"
"3008","2","test","63","z","5","shape2.jpg","2","You","<none>","Laci","1","Nenu","2","1","589"
"3008","2","test","64","m","8","shape2.jpg","2","You","<none>","Laci","1","Nenu","2","0","610"
"3008","2","test","65","z","5","shape2.jpg","2","You","<none>","Laci","1","Nenu","2","1","821"
"3008","2","test","66","z","4","shape1.jpg","2","You","<none>","Laci","1","Nenu","2","1","823"
"3008","2","test","67","z","9","shape3.jpg","2","You","<none>","Laci","1","Nenu","2","1","635"
"3008","2","test","68","z","7","shape1.jpg","2","You","<none>","Laci","1","Nenu","2","1","859"
"3008","2","test","69","m","8","shape2.jpg","2","You","<none>","Laci","1","Nenu","2","0","684"
"3008","2","test","70","z","5","shape2.jpg","2","You","<none>","Laci","1","Nenu","2","1","629"
"3008","2","test","71","z","5","shape2.jpg","2","You","<none>","Laci","1","Nenu","2","1","471"
"3008","2","test","72","z","2","shape2.jpg","2","You","<none>","Laci","1","Nenu","1","0","641"
"3008","2","test","73","z","5","shape2.jpg","2","You","<none>","Laci","1","Nenu","2","1","531"
"3008","2","test","74","m","2","shape2.jpg","2","You","<none>","Laci","1","Nenu","1","1","785"
"3008","2","test","75","z","9","shape3.jpg","2","You","<none>","Laci","1","Nenu","2","1","662"
"3008","2","test","76","z","9","shape3.jpg","2","You","<none>","Laci","1","Nenu","2","1","511"
"3008","2","test","77","z","6","shape3.jpg","2","You","<none>","Laci","1","Nenu","2","1","686"
"3008","2","test","78","m","3","shape3.jpg","2","You","<none>","Laci","1","Nenu","1","1","574"
"3008","2","test","79","z","5","shape2.jpg","2","You","<none>","Laci","1","Nenu","2","1","562"
"3008","2","test","80","z","7","shape1.jpg","2","You","<none>","Laci","1","Nenu","2","1","825"
"3008","2","test","81","m","3","shape3.jpg","2","You","<none>","Laci","1","Nenu","1","1","708"
"3008","2","test","82","z","5","shape2.jpg","2","You","<none>","Laci","1","Nenu","2","1","611"
"3008","2","test","83","m","3","shape3.jpg","2","You","<none>","Laci","1","Nenu","1","1","687"
"3008","2","test","84","z","4","shape1.jpg","2","You","<none>","Laci","1","Nenu","2","1","549"
"3008","2","test","85","z","2","shape2.jpg","2","You","<none>","Laci","1","Nenu","1","0","644"
"3008","2","test","86","m","2","shape2.jpg","2","You","<none>","Laci","1","Nenu","1","1","598"
"3008","2","test","87","z","4","shape1.jpg","2","You","<none>","Laci","1","Nenu","2","1","617"
"3008","2","test","88","m","2","shape2.jpg","2","You","<none>","Laci","1","Nenu","1","1","668"
"3008","2","test","89","m","3","shape3.jpg","2","You","<none>","Laci","1","Nenu","1","1","797"
"3008","2","test","90","z","2","shape2.jpg","2","You","<none>","Laci","1","Nenu","1","0","601"
"3008","2","test","91","m","3","shape3.jpg","2","You","<none>","Laci","1","Nenu","1","1","517"
"3008","2","test","92","m","4","shape1.jpg","2","You","<none>","Laci","1","Nenu","2","0","379"
"3008","2","test","93","z","4","shape1.jpg","2","You","<none>","Laci","1","Nenu","2","1","1202"
"3008","2","test","94","m","3","shape3.jpg","2","You","<none>","Laci","1","Nenu","1","1","683"
"3008","2","test","95","m","1","shape1.jpg","2","You","<none>","Laci","1","Nenu","1","1","603"
"3008","2","test","96","z","4","shape1.jpg","2","You","<none>","Laci","1","Nenu","2","1","551"
"3008","2","test","97","m","8","shape2.jpg","2","You","<none>","Laci","1","Nenu","2","0","827"
"3008","2","test","98","z","6","shape3.jpg","2","You","<none>","Laci","1","Nenu","2","1","887"
"3008","2","test","99","m","1","shape1.jpg","2","You","<none>","Laci","1","Nenu","1","1","597"
"3008","2","test","100","m","1","shape1.jpg","2","You","<none>","Laci","1","Nenu","1","1","475"
"3008","2","test","101","z","7","shape1.jpg","2","You","<none>","Laci","1","Nenu","2","1","499"
"3008","2","test","102","z","8","shape2.jpg","2","You","<none>","Laci","1","Nenu","2","1","827"
"3008","2","test","103","z","4","shape1.jpg","2","You","<none>","Laci","1","Nenu","2","1","662"
"3008","2","test","104","m","3","shape3.jpg","2","You","<none>","Laci","1","Nenu","1","1","631"
"3008","2","test","105","z","2","shape2.jpg","2","You","<none>","Laci","1","Nenu","1","0","601"
"3008","2","test","106","z","1","shape1.jpg","2","You","<none>","Laci","1","Nenu","1","0","469"
"3008","2","test","107","z","4","shape1.jpg","2","You","<none>","Laci","1","Nenu","2","1","518"
"3008","2","test","108","m","2","shape2.jpg","2","You","<none>","Laci","1","Nenu","1","1","694"
"3008","2","test","109","m","8","shape2.jpg","2","You","<none>","Laci","1","Nenu","2","0","366"
"3008","2","test","110","m","2","shape2.jpg","2","You","<none>","Laci","1","Nenu","1","1","715"
"3008","2","test","111","m","6","shape3.jpg","2","You","<none>","Laci","1","Nenu","2","0","401"
"3008","2","test","112","m","1","shape1.jpg","2","You","<none>","Laci","1","Nenu","1","1","526"
"3008","2","test","113","m","1","shape1.jpg","2","You","<none>","Laci","1","Nenu","1","1","636"
"3008","2","test","114","z","7","shape1.jpg","2","You","<none>","Laci","1","Nenu","2","1","383"
"3008","2","test","115","z","6","shape3.jpg","2","You","<none>","Laci","1","Nenu","2","1","995"
"3008","2","test","116","m","3","shape3.jpg","2","You","<none>","Laci","1","Nenu","1","1","631"
"3008","2","test","117","m","1","shape1.jpg","2","You","<none>","Laci","1","Nenu","1","1","730"
"3008","2","test","118","m","3","shape3.jpg","2","You","<none>","Laci","1","Nenu","1","1","567"
"3008","2","test","119","z","7","shape1.jpg","2","You","<none>","Laci","1","Nenu","2","1","452"
"3008","2","test","120","z","2","shape2.jpg","2","You","<none>","Laci","1","Nenu","1","0","582"
"3008","2","test","121","m","6","shape3.jpg","2","You","<none>","Laci","1","Nenu","2","0","745"
"3008","2","test","122","x","7","shape1.jpg","2","You","<none>","Laci","1","Nenu","2","0","1499"
"3008","2","test","123","m","9","shape3.jpg","2","You","<none>","Laci","1","Nenu","2","0","441"
"3008","2","test","124","z","5","shape2.jpg","2","You","<none>","Laci","1","Nenu","2","1","579"
"3008","2","test","125","m","4","shape1.jpg","2","You","<none>","Laci","1","Nenu","2","0","602"
"3008","2","test","126","z","7","shape1.jpg","2","You","<none>","Laci","1","Nenu","2","1","621"
"3008","2","test","127","z","2","shape2.jpg","2","You","<none>","Laci","1","Nenu","1","0","576"
"3008","2","test","128","z","7","shape1.jpg","2","You","<none>","Laci","1","Nenu","2","1","532"
"3008","2","test","129","m","3","shape3.jpg","2","You","<none>","Laci","1","Nenu","1","1","443"
"3008","2","test","130","z","4","shape1.jpg","2","You","<none>","Laci","1","Nenu","2","1","541"
"3008","2","test","131","z","5","shape2.jpg","2","You","<none>","Laci","1","Nenu","2","1","699"
"3008","2","test","132","z","6","shape3.jpg","2","You","<none>","Laci","1","Nenu","2","1","523"
"3008","2","test","133","z","1","shape1.jpg","2","You","<none>","Laci","1","Nenu","1","0","553"
"3008","2","test","134","m","7","shape1.jpg","2","You","<none>","Laci","1","Nenu","2","0","399"
"3008","2","test","135","z","1","shape1.jpg","2","You","<none>","Laci","1","Nenu","1","0","524"
"3008","2","test","136","z","3","shape3.jpg","2","You","<none>","Laci","1","Nenu","1","0","579"
"3008","2","test","137","m","2","shape2.jpg","2","You","<none>","Laci","1","Nenu","1","1","656"
"3008","2","test","138","m","4","shape1.jpg","2","You","<none>","Laci","1","Nenu","2","0","338"
"3008","2","test","139","m","3","shape3.jpg","2","You","<none>","Laci","1","Nenu","1","1","513"
"3008","2","test","140","m","7","shape1.jpg","2","You","<none>","Laci","1","Nenu","2","0","448"
"3008","2","test","141","z","9","shape3.jpg","2","You","<none>","Laci","1","Nenu","2","1","363"
"3008","2","test","142","m","3","shape3.jpg","2","You","<none>","Laci","1","Nenu","1","1","529"
"3008","2","test","143","m","8","shape2.jpg","2","You","<none>","Laci","1","Nenu","2","0","632"
"3008","2","test","144","m","9","shape3.jpg","2","You","<none>","Laci","1","Nenu","2","0","449"
"3008","2","test","145","m","3","shape3.jpg","2","You","<none>","Laci","1","Nenu","1","1","469"
"3008","2","test","146","z","7","shape1.jpg","2","You","<none>","Laci","1","Nenu","2","1","645"
"3008","2","test","147","m","7","shape1.jpg","2","You","<none>","Laci","1","Nenu","2","0","534"
"3008","2","test","148","z","5","shape2.jpg","2","You","<none>","Laci","1","Nenu","2","1","550"
"3008","2","test","149","z","5","shape2.jpg","2","You","<none>","Laci","1","Nenu","2","1","428"
"3008","2","test","150","m","8","shape2.jpg","2","You","<none>","Laci","1","Nenu","2","0","632"
"3008","2","test","151","z","2","shape2.jpg","2","You","<none>","Laci","1","Nenu","1","0","714"
"3008","2","test","152","m","9","shape3.jpg","2","You","<none>","Laci","1","Nenu","2","0","593"
"3008","2","test","153","z","9","shape3.jpg","2","You","<none>","Laci","1","Nenu","2","1","452"
"3008","2","test","154","z","3","shape3.jpg","2","You","<none>","Laci","1","Nenu","1","0","399"
"3008","2","test","155","z","4","shape1.jpg","2","You","<none>","Laci","1","Nenu","2","1","586"
"3008","2","test","156","z","3","shape3.jpg","2","You","<none>","Laci","1","Nenu","1","0","583"
"3008","2","test","157","z","5","shape2.jpg","2","You","<none>","Laci","1","Nenu","2","1","675"
"3008","2","test","158","z","8","shape2.jpg","2","You","<none>","Laci","1","Nenu","2","1","475"
"3008","2","test","159","z","7","shape1.jpg","2","You","<none>","Laci","1","Nenu","2","1","662"
"3008","2","test","160","m","1","shape1.jpg","2","You","<none>","Laci","1","Nenu","1","1","607"
"3008","2","test","161","z","6","shape3.jpg","2","You","<none>","Laci","1","Nenu","2","1","578"
"3008","2","test","162","z","8","shape2.jpg","2","You","<none>","Laci","1","Nenu","2","1","566"
"3008","2","test","163","z","5","shape2.jpg","2","You","<none>","Laci","1","Nenu","2","1","469"
"3008","2","test","164","z","2","shape2.jpg","2","You","<none>","Laci","1","Nenu","1","0","581"
"3008","2","test","165","m","3","shape3.jpg","2","You","<none>","Laci","1","Nenu","1","1","537"
"3008","2","test","166","m","8","shape2.jpg","2","You","<none>","Laci","1","Nenu","2","0","449"
"3008","2","test","167","m","1","shape1.jpg","2","You","<none>","Laci","1","Nenu","1","1","602"
"3008","2","test","168","m","1","shape1.jpg","2","You","<none>","Laci","1","Nenu","1","1","558"
"3008","2","test","169","m","5","shape2.jpg","2","You","<none>","Laci","1","Nenu","2","0","460"
"3008","2","test","170","m","1","shape1.jpg","2","You","<none>","Laci","1","Nenu","1","1","581"
"3008","2","test","171","z","8","shape2.jpg","2","You","<none>","Laci","1","Nenu","2","1","579"
"3008","2","test","172","z","3","shape3.jpg","2","You","<none>","Laci","1","Nenu","1","0","551"
"3008","2","test","173","m","5","shape2.jpg","2","You","<none>","Laci","1","Nenu","2","0","557"
"3008","2","test","174","m","6","shape3.jpg","2","You","<none>","Laci","1","Nenu","2","0","610"
"3008","2","test","175","z","2","shape2.jpg","2","You","<none>","Laci","1","Nenu","1","0","599"
"3008","2","test","176","m","3","shape3.jpg","2","You","<none>","Laci","1","Nenu","1","1","601"
"3008","2","test","177","m","1","shape1.jpg","2","You","<none>","Laci","1","Nenu","1","1","589"
"3008","2","test","178","m","3","shape3.jpg","2","You","<none>","Laci","1","Nenu","1","1","618"
"3008","2","test","179","m","2","shape2.jpg","2","You","<none>","Laci","1","Nenu","1","1","628"
"3008","2","test","180","m","3","shape3.jpg","2","You","<none>","Laci","1","Nenu","1","1","543"
"3008","2","test","181","m","7","shape1.jpg","2","You","<none>","Laci","1","Nenu","2","0","574"
"3008","2","test","182","m","3","shape3.jpg","2","You","<none>","Laci","1","Nenu","1","1","548"
"3008","2","test","183","m","9","shape3.jpg","2","You","<none>","Laci","1","Nenu","2","0","584"
"3008","2","test","184","m","1","shape1.jpg","2","You","<none>","Laci","1","Nenu","1","1","597"
"3008","2","test","185","m","1","shape1.jpg","2","You","<none>","Laci","1","Nenu","1","1","552"
"3008","2","test","186","z","9","shape3.jpg","2","You","<none>","Laci","1","Nenu","2","1","695"
"3008","2","test","187","m","4","shape1.jpg","2","You","<none>","Laci","1","Nenu","2","0","583"
"3008","2","test","188","z","5","shape2.jpg","2","You","<none>","Laci","1","Nenu","2","1","724"
"3008","2","test","189","m","9","shape3.jpg","2","You","<none>","Laci","1","Nenu","2","0","633"
"3008","2","test","190","z","3","shape3.jpg","2","You","<none>","Laci","1","Nenu","1","0","620"
"3008","2","test","191","m","1","shape1.jpg","2","You","<none>","Laci","1","Nenu","1","1","734"
"3008","2","test","192","m","1","shape1.jpg","2","You","<none>","Laci","1","Nenu","1","1","796"
"3008","2","test","193","z","9","shape3.jpg","2","You","<none>","Laci","1","Nenu","2","1","767"
"3008","2","test","194","m","2","shape2.jpg","2","You","<none>","Laci","1","Nenu","1","1","684"
"3008","2","test","195","m","6","shape3.jpg","2","You","<none>","Laci","1","Nenu","2","0","516"
"3008","2","test","196","z","2","shape2.jpg","2","You","<none>","Laci","1","Nenu","1","0","659"
"3008","2","test","197","m","1","shape1.jpg","2","You","<none>","Laci","1","Nenu","1","1","540"
"3008","2","test","198","m","4","shape1.jpg","2","You","<none>","Laci","1","Nenu","2","0","555"
"3008","2","test","199","m","2","shape2.jpg","2","You","<none>","Laci","1","Nenu","1","1","578"
"3008","2","test","200","m","9","shape3.jpg","2","You","<none>","Laci","1","Nenu","2","0","870"
"3008","2","test","201","m","3","shape3.jpg","2","You","<none>","Laci","1","Nenu","1","1","493"
"3008","2","test","202","m","9","shape3.jpg","2","You","<none>","Laci","1","Nenu","2","0","631"
"3008","2","test","203","m","8","shape2.jpg","2","You","<none>","Laci","1","Nenu","2","0","569"
"3008","2","test","204","m","1","shape1.jpg","2","You","<none>","Laci","1","Nenu","1","1","567"
"3008","2","test","205","z","3","shape3.jpg","2","You","<none>","Laci","1","Nenu","1","0","603"
"3008","2","test","206","m","3","shape3.jpg","2","You","<none>","Laci","1","Nenu","1","1","647"
"3008","2","test","207","m","3","shape3.jpg","2","You","<none>","Laci","1","Nenu","1","1","504"
"3008","2","test","208","z","5","shape2.jpg","2","You","<none>","Laci","1","Nenu","2","1","584"
"3008","2","test","209","m","3","shape3.jpg","2","You","<none>","Laci","1","Nenu","1","1","429"
"3008","2","test","210","m","1","shape1.jpg","2","You","<none>","Laci","1","Nenu","1","1","600"
"3008","2","test","211","m","1","shape1.jpg","2","You","<none>","Laci","1","Nenu","1","1","435"
"3008","2","test","212","m","1","shape1.jpg","2","You","<none>","Laci","1","Nenu","1","1","575"
"3008","2","test","213","m","1","shape1.jpg","2","You","<none>","Laci","1","Nenu","1","1","460"
"3008","2","test","214","m","5","shape2.jpg","2","You","<none>","Laci","1","Nenu","2","0","423"
"3008","2","test","215","m","3","shape3.jpg","2","You","<none>","Laci","1","Nenu","1","1","689"
"3008","2","test","216","m","6","shape3.jpg","2","You","<none>","Laci","1","Nenu","2","0","601"
"3008","2","test","217","m","4","shape1.jpg","2","You","<none>","Laci","1","Nenu","2","0","501"
"3008","2","test","218","z","4","shape1.jpg","2","You","<none>","Laci","1","Nenu","2","1","1100"
"3008","2","test","219","m","6","shape3.jpg","2","You","<none>","Laci","1","Nenu","2","0","563"
"3008","2","test","220","z","8","shape2.jpg","2","You","<none>","Laci","1","Nenu","2","1","1128"
"3008","2","test","221","m","3","shape3.jpg","2","You","<none>","Laci","1","Nenu","1","1","693"
"3008","2","test","222","m","3","shape3.jpg","2","You","<none>","Laci","1","Nenu","1","1","518"
"3008","2","test","223","z","7","shape1.jpg","2","You","<none>","Laci","1","Nenu","2","1","740"
"3008","2","test","224","m","1","shape1.jpg","2","You","<none>","Laci","1","Nenu","1","1","556"
"3008","2","test","225","m","1","shape1.jpg","2","You","<none>","Laci","1","Nenu","1","1","960"
"3008","2","test","226","m","6","shape3.jpg","2","You","<none>","Laci","1","Nenu","2","0","797"
"3008","2","test","227","m","1","shape1.jpg","2","You","<none>","Laci","1","Nenu","1","1","601"
"3008","2","test","228","m","2","shape2.jpg","2","You","<none>","Laci","1","Nenu","1","1","715"
"3008","2","test","229","m","8","shape2.jpg","2","You","<none>","Laci","1","Nenu","2","0","619"
"3008","2","test","230","m","6","shape3.jpg","2","You","<none>","Laci","1","Nenu","2","0","710"
"3008","2","test","231","m","5","shape2.jpg","2","You","<none>","Laci","1","Nenu","2","0","749"
"3008","2","test","232","z","2","shape2.jpg","2","You","<none>","Laci","1","Nenu","1","0","587"
"3008","2","test","233","m","3","shape3.jpg","2","You","<none>","Laci","1","Nenu","1","1","702"
"3008","2","test","234","z","9","shape3.jpg","2","You","<none>","Laci","1","Nenu","2","1","878"
"3008","2","test","235","z","9","shape3.jpg","2","You","<none>","Laci","1","Nenu","2","1","774"
"3008","2","test","236","z","7","shape1.jpg","2","You","<none>","Laci","1","Nenu","2","1","617"
"3008","2","test","237","z","2","shape2.jpg","2","You","<none>","Laci","1","Nenu","1","0","548"
"3008","2","test","238","z","2","shape2.jpg","2","You","<none>","Laci","1","Nenu","1","0","585"
"3008","2","test","239","z","7","shape1.jpg","2","You","<none>","Laci","1","Nenu","2","1","894"
"3008","2","test","240","z","9","shape3.jpg","2","You","<none>","Laci","1","Nenu","2","1","1005"
"3008","2","test","241","z","9","shape3.jpg","2","You","<none>","Laci","1","Nenu","2","1","932"
"3008","2","test","242","z","8","shape2.jpg","2","You","<none>","Laci","1","Nenu","2","1","635"
"3008","2","test","243","z","2","shape2.jpg","2","You","<none>","Laci","1","Nenu","1","0","740"
"3008","2","test","244","m","2","shape2.jpg","2","You","<none>","Laci","1","Nenu","1","1","522"
"3008","2","test","245","z","6","shape3.jpg","2","You","<none>","Laci","1","Nenu","2","1","914"
"3008","2","test","246","m","2","shape2.jpg","2","You","<none>","Laci","1","Nenu","1","1","720"
"3008","2","test","247","z","7","shape1.jpg","2","You","<none>","Laci","1","Nenu","2","1","743"
"3008","2","test","248","m","3","shape3.jpg","2","You","<none>","Laci","1","Nenu","1","1","644"
"3008","2","test","249","z","6","shape3.jpg","2","You","<none>","Laci","1","Nenu","2","1","1056"
"3008","2","test","250","m","1","shape1.jpg","2","You","<none>","Laci","1","Nenu","1","1","735"
"3008","2","test","251","z","8","shape2.jpg","2","You","<none>","Laci","1","Nenu","2","1","581"
"3008","2","test","252","z","8","shape2.jpg","2","You","<none>","Laci","1","Nenu","2","1","601"
"3008","2","test","253","z","2","shape2.jpg","2","You","<none>","Laci","1","Nenu","1","0","636"
"3008","2","test","254","z","8","shape2.jpg","2","You","<none>","Laci","1","Nenu","2","1","974"
"3008","2","test","255","m","6","shape3.jpg","2","You","<none>","Laci","1","Nenu","2","0","651"
"3008","2","test","256","z","6","shape3.jpg","2","You","<none>","Laci","1","Nenu","2","1","933"
"3008","2","test","257","m","1","shape1.jpg","2","You","<none>","Laci","1","Nenu","1","1","642"
"3008","2","test","258","m","2","shape2.jpg","2","You","<none>","Laci","1","Nenu","1","1","938"
"3008","2","test","259","z","5","shape2.jpg","2","You","<none>","Laci","1","Nenu","2","1","761"
"3008","2","test","260","z","7","shape1.jpg","2","You","<none>","Laci","1","Nenu","2","1","814"
"3008","2","test","261","m","2","shape2.jpg","2","You","<none>","Laci","1","Nenu","1","1","824"
"3008","2","test","262","z","6","shape3.jpg","2","You","<none>","Laci","1","Nenu","2","1","778"
"3008","2","test","263","m","1","shape1.jpg","2","You","<none>","Laci","1","Nenu","1","1","736"
"3008","2","test","264","z","4","shape1.jpg","2","You","<none>","Laci","1","Nenu","2","1","629"
"3008","2","test","265","z","4","shape1.jpg","2","You","<none>","Laci","1","Nenu","2","1","999"
"3008","2","test","266","z","7","shape1.jpg","2","You","<none>","Laci","1","Nenu","2","1","746"
"3008","2","test","267","m","3","shape3.jpg","2","You","<none>","Laci","1","Nenu","1","1","871"
"3008","2","test","268","z","5","shape2.jpg","2","You","<none>","Laci","1","Nenu","2","1","767"
"3008","2","test","269","m","1","shape1.jpg","2","You","<none>","Laci","1","Nenu","1","1","1125"
"3008","2","test","270","m","1","shape1.jpg","2","You","<none>","Laci","1","Nenu","1","1","793"
"3008","2","test","271","z","7","shape1.jpg","2","You","<none>","Laci","1","Nenu","2","1","646"
"3008","2","test","272","z","6","shape3.jpg","2","You","<none>","Laci","1","Nenu","2","1","888"
"3008","2","test","273","m","1","shape1.jpg","2","You","<none>","Laci","1","Nenu","1","1","767"
"3008","2","test","274","z","2","shape2.jpg","2","You","<none>","Laci","1","Nenu","1","0","579"
"3008","2","test","275","m","3","shape3.jpg","2","You","<none>","Laci","1","Nenu","1","1","680"
"3008","2","test","276","z","7","shape1.jpg","2","You","<none>","Laci","1","Nenu","2","1","777"
"3008","2","test","277","z","9","shape3.jpg","2","You","<none>","Laci","1","Nenu","2","1","813"
"3008","2","test","278","z","4","shape1.jpg","2","You","<none>","Laci","1","Nenu","2","1","734"
"3008","2","test","279","m","1","shape1.jpg","2","You","<none>","Laci","1","Nenu","1","1","694"
"3008","2","test","280","z","6","shape3.jpg","2","You","<none>","Laci","1","Nenu","2","1","949"
"3008","2","test","281","m","2","shape2.jpg","2","You","<none>","Laci","1","Nenu","1","1","763"
"3008","2","test","282","m","2","shape2.jpg","2","You","<none>","Laci","1","Nenu","1","1","639"
"3008","2","test","283","z","4","shape1.jpg","2","You","<none>","Laci","1","Nenu","2","1","690"
"3008","2","test","284","m","1","shape1.jpg","2","You","<none>","Laci","1","Nenu","1","1","665"
"3008","2","test","285","m","3","shape3.jpg","2","You","<none>","Laci","1","Nenu","1","1","921"
"3008","2","test","286","m","3","shape3.jpg","2","You","<none>","Laci","1","Nenu","1","1","616"
"3008","2","test","287","m","3","shape3.jpg","2","You","<none>","Laci","1","Nenu","1","1","571"
"3008","2","test","288","m","3","shape3.jpg","2","You","<none>","Laci","1","Nenu","1","1","647"
"3008","2","test","289","z","9","shape3.jpg","2","You","<none>","Laci","1","Nenu","2","1","715"
"3008","2","test","290","m","9","shape3.jpg","2","You","<none>","Laci","1","Nenu","2","0","608"
"3008","2","test","291","z","5","shape2.jpg","2","You","<none>","Laci","1","Nenu","2","1","556"
"3008","2","test","292","m","3","shape3.jpg","2","You","<none>","Laci","1","Nenu","1","1","682"
"3008","2","test","293","z","7","shape1.jpg","2","You","<none>","Laci","1","Nenu","2","1","610"
"3008","2","test","294","m","3","shape3.jpg","2","You","<none>","Laci","1","Nenu","1","1","645"
"3008","2","test","295","z","8","shape2.jpg","2","You","<none>","Laci","1","Nenu","2","1","615"
"3008","2","test","296","m","2","shape2.jpg","2","You","<none>","Laci","1","Nenu","1","1","570"
"3008","2","test","297","z","4","shape1.jpg","2","You","<none>","Laci","1","Nenu","2","1","631"
"3008","2","test","298","z","5","shape2.jpg","2","You","<none>","Laci","1","Nenu","2","1","851"
"3008","2","test","299","m","2","shape2.jpg","2","You","<none>","Laci","1","Nenu","1","1","778"
"3008","2","test","300","m","1","shape1.jpg","2","You","<none>","Laci","1","Nenu","1","1","952"
"3008","2","test","301","m","1","shape1.jpg","2","You","<none>","Laci","1","Nenu","1","1","508"
"3008","2","test","302","m","1","shape1.jpg","2","You","<none>","Laci","1","Nenu","1","1","468"
"3008","2","test","303","z","3","shape3.jpg","2","You","<none>","Laci","1","Nenu","1","0","533"
"3008","2","test","304","m","1","shape1.jpg","2","You","<none>","Laci","1","Nenu","1","1","612"
"3008","2","test","305","m","3","shape3.jpg","2","You","<none>","Laci","1","Nenu","1","1","630"
"3008","2","test","306","m","4","shape1.jpg","2","You","<none>","Laci","1","Nenu","2","0","449"
"3008","2","test","307","m","2","shape2.jpg","2","You","<none>","Laci","1","Nenu","1","1","699"
"3008","2","test","308","z","8","shape2.jpg","2","You","<none>","Laci","1","Nenu","2","1","899"
"3008","2","test","309","z","4","shape1.jpg","2","You","<none>","Laci","1","Nenu","2","1","761"
"3008","2","test","310","z","6","shape3.jpg","2","You","<none>","Laci","1","Nenu","2","1","1158"
"3008","2","test","311","z","7","shape1.jpg","2","You","<none>","Laci","1","Nenu","2","1","620"
"3008","2","test","312","z","6","shape3.jpg","2","You","<none>","Laci","1","Nenu","2","1","589"
"3008","2","test","313","m","1","shape1.jpg","2","You","<none>","Laci","1","Nenu","1","1","530"
"3008","2","test","314","m","3","shape3.jpg","2","You","<none>","Laci","1","Nenu","1","1","800"
"3008","2","test","315","m","3","shape3.jpg","2","You","<none>","Laci","1","Nenu","1","1","508"
"3008","2","test","316","m","4","shape1.jpg","2","You","<none>","Laci","1","Nenu","2","0","467"
"3008","2","test","317","z","2","shape2.jpg","2","You","<none>","Laci","1","Nenu","1","0","662"
"3008","2","test","318","z","9","shape3.jpg","2","You","<none>","Laci","1","Nenu","2","1","838"
"3008","2","test","319","z","3","shape3.jpg","2","You","<none>","Laci","1","Nenu","1","0","615"
"3008","2","test","320","z","7","shape1.jpg","2","You","<none>","Laci","1","Nenu","2","1","803"
"3008","2","test","321","m","3","shape3.jpg","2","You","<none>","Laci","1","Nenu","1","1","653"
"3008","2","test","322","z","2","shape2.jpg","2","You","<none>","Laci","1","Nenu","1","0","678"
"3008","2","test","323","m","8","shape2.jpg","2","You","<none>","Laci","1","Nenu","2","0","528"
"3008","2","test","324","m","6","shape3.jpg","2","You","<none>","Laci","1","Nenu","2","0","630"
"3008","2","test","325","z","8","shape2.jpg","2","You","<none>","Laci","1","Nenu","2","1","1065"
"3008","2","test","326","m","6","shape3.jpg","2","You","<none>","Laci","1","Nenu","2","0","552"
"3008","2","test","327","m","1","shape1.jpg","2","You","<none>","Laci","1","Nenu","1","1","512"
"3008","2","test","328","m","3","shape3.jpg","2","You","<none>","Laci","1","Nenu","1","1","943"
"3008","2","test","329","m","2","shape2.jpg","2","You","<none>","Laci","1","Nenu","1","1","804"
"3008","2","test","330","m","1","shape1.jpg","2","You","<none>","Laci","1","Nenu","1","1","534"
"3008","2","test","331","m","2","shape2.jpg","2","You","<none>","Laci","1","Nenu","1","1","829"
"3008","2","test","332","m","3","shape3.jpg","2","You","<none>","Laci","1","Nenu","1","1","504"
"3008","2","test","333","m","6","shape3.jpg","2","You","<none>","Laci","1","Nenu","2","0","431"
"3008","2","test","334","m","9","shape3.jpg","2","You","<none>","Laci","1","Nenu","2","0","571"
"3008","2","test","335","z","7","shape1.jpg","2","You","<none>","Laci","1","Nenu","2","1","824"
"3008","2","test","336","z","9","shape3.jpg","2","You","<none>","Laci","1","Nenu","2","1","865"
"3008","2","test","337","z","7","shape1.jpg","2","You","<none>","Laci","1","Nenu","2","1","674"
"3008","2","test","338","m","1","shape1.jpg","2","You","<none>","Laci","1","Nenu","1","1","562"
"3008","2","test","339","m","1","shape1.jpg","2","You","<none>","Laci","1","Nenu","1","1","552"
"3008","2","test","340","m","8","shape2.jpg","2","You","<none>","Laci","1","Nenu","2","0","765"
"3008","2","test","341","m","2","shape2.jpg","2","You","<none>","Laci","1","Nenu","1","1","522"
"3008","2","test","342","m","2","shape2.jpg","2","You","<none>","Laci","1","Nenu","1","1","466"
"3008","2","test","343","z","8","shape2.jpg","2","You","<none>","Laci","1","Nenu","2","1","810"
"3008","2","test","344","m","1","shape1.jpg","2","You","<none>","Laci","1","Nenu","1","1","485"
"3008","2","test","345","z","8","shape2.jpg","2","You","<none>","Laci","1","Nenu","2","1","918"
"3008","2","test","346","z","3","shape3.jpg","2","You","<none>","Laci","1","Nenu","1","0","684"
"3008","2","test","347","m","1","shape1.jpg","2","You","<none>","Laci","1","Nenu","1","1","500"
"3008","2","test","348","m","5","shape2.jpg","2","You","<none>","Laci","1","Nenu","2","0","580"
"3008","2","test","349","m","3","shape3.jpg","2","You","<none>","Laci","1","Nenu","1","1","746"
"3008","2","test","350","z","4","shape1.jpg","2","You","<none>","Laci","1","Nenu","2","1","664"
"3008","2","test","351","m","1","shape1.jpg","2","You","<none>","Laci","1","Nenu","1","1","568"
"3008","2","test","352","m","2","shape2.jpg","2","You","<none>","Laci","1","Nenu","1","1","934"
"3008","2","test","353","m","2","shape2.jpg","2","You","<none>","Laci","1","Nenu","1","1","482"
"3008","2","test","354","m","2","shape2.jpg","2","You","<none>","Laci","1","Nenu","1","1","572"
"3008","2","test","355","z","9","shape3.jpg","2","You","<none>","Laci","1","Nenu","2","1","897"
"3008","2","test","356","m","2","shape2.jpg","2","You","<none>","Laci","1","Nenu","1","1","543"
"3008","2","test","357","m","2","shape2.jpg","2","You","<none>","Laci","1","Nenu","1","1","462"
"3008","2","test","358","m","7","shape1.jpg","2","You","<none>","Laci","1","Nenu","2","0","415"
"3008","2","test","359","m","3","shape3.jpg","2","You","<none>","Laci","1","Nenu","1","1","675"
"3008","2","test","360","m","2","shape2.jpg","2","You","<none>","Laci","1","Nenu","1","1","555"
"3009","1","test","1","x","9","shape3.jpg","3","Nandi","You","<none>","1","Miru","2","0","1500"
"3009","1","test","2","z","1","shape1.jpg","3","Nandi","You","<none>","1","Miru","1","1","734"
"3009","1","test","3","m","8","shape2.jpg","3","Nandi","You","<none>","1","Miru","2","1","995"
"3009","1","test","4","z","2","shape2.jpg","3","Nandi","You","<none>","1","Miru","1","1","1062"
"3009","1","test","5","z","1","shape1.jpg","3","Nandi","You","<none>","1","Miru","1","1","1008"
"3009","1","test","6","m","8","shape2.jpg","3","Nandi","You","<none>","1","Miru","2","1","937"
"3009","1","test","7","z","2","shape2.jpg","3","Nandi","You","<none>","1","Miru","1","1","886"
"3009","1","test","8","m","7","shape1.jpg","3","Nandi","You","<none>","1","Miru","2","1","885"
"3009","1","test","9","m","4","shape1.jpg","3","Nandi","You","<none>","1","Miru","2","1","789"
"3009","1","test","10","z","2","shape2.jpg","3","Nandi","You","<none>","1","Miru","1","1","634"
"3009","1","test","11","z","1","shape1.jpg","3","Nandi","You","<none>","1","Miru","1","1","852"
"3009","1","test","12","m","4","shape1.jpg","3","Nandi","You","<none>","1","Miru","2","1","891"
"3009","1","test","13","z","2","shape2.jpg","3","Nandi","You","<none>","1","Miru","1","1","676"
"3009","1","test","14","z","1","shape1.jpg","3","Nandi","You","<none>","1","Miru","1","1","757"
"3009","1","test","15","z","2","shape2.jpg","3","Nandi","You","<none>","1","Miru","1","1","665"
"3009","1","test","16","m","8","shape2.jpg","3","Nandi","You","<none>","1","Miru","2","1","810"
"3009","1","test","17","m","8","shape2.jpg","3","Nandi","You","<none>","1","Miru","2","1","1333"
"3009","1","test","18","z","3","shape3.jpg","3","Nandi","You","<none>","1","Miru","1","1","872"
"3009","1","test","19","z","1","shape1.jpg","3","Nandi","You","<none>","1","Miru","1","1","913"
"3009","1","test","20","m","4","shape1.jpg","3","Nandi","You","<none>","1","Miru","2","1","840"
"3009","1","test","21","z","2","shape2.jpg","3","Nandi","You","<none>","1","Miru","1","1","544"
"3009","1","test","22","z","2","shape2.jpg","3","Nandi","You","<none>","1","Miru","1","1","830"
"3009","1","test","23","m","6","shape3.jpg","3","Nandi","You","<none>","1","Miru","2","1","811"
"3009","1","test","24","z","3","shape3.jpg","3","Nandi","You","<none>","1","Miru","1","1","692"
"3009","1","test","25","m","3","shape3.jpg","3","Nandi","You","<none>","1","Miru","1","0","940"
"3009","1","test","26","m","5","shape2.jpg","3","Nandi","You","<none>","1","Miru","2","1","1297"
"3009","1","test","27","m","6","shape3.jpg","3","Nandi","You","<none>","1","Miru","2","1","824"
"3009","1","test","28","m","7","shape1.jpg","3","Nandi","You","<none>","1","Miru","2","1","891"
"3009","1","test","29","z","3","shape3.jpg","3","Nandi","You","<none>","1","Miru","1","1","1186"
"3009","1","test","30","z","3","shape3.jpg","3","Nandi","You","<none>","1","Miru","1","1","1132"
"3009","1","test","31","z","2","shape2.jpg","3","Nandi","You","<none>","1","Miru","1","1","874"
"3009","1","test","32","m","5","shape2.jpg","3","Nandi","You","<none>","1","Miru","2","1","945"
"3009","1","test","33","m","7","shape1.jpg","3","Nandi","You","<none>","1","Miru","2","1","790"
"3009","1","test","34","m","6","shape3.jpg","3","Nandi","You","<none>","1","Miru","2","1","899"
"3009","1","test","35","z","1","shape1.jpg","3","Nandi","You","<none>","1","Miru","1","1","674"
"3009","1","test","36","m","7","shape1.jpg","3","Nandi","You","<none>","1","Miru","2","1","827"
"3009","1","test","37","m","5","shape2.jpg","3","Nandi","You","<none>","1","Miru","2","1","1180"
"3009","1","test","38","z","4","shape1.jpg","3","Nandi","You","<none>","1","Miru","2","0","752"
"3009","1","test","39","z","3","shape3.jpg","3","Nandi","You","<none>","1","Miru","1","1","629"
"3009","1","test","40","m","2","shape2.jpg","3","Nandi","You","<none>","1","Miru","1","0","775"
"3009","1","test","41","m","8","shape2.jpg","3","Nandi","You","<none>","1","Miru","2","1","916"
"3009","1","test","42","m","6","shape3.jpg","3","Nandi","You","<none>","1","Miru","2","1","857"
"3009","1","test","43","m","9","shape3.jpg","3","Nandi","You","<none>","1","Miru","2","1","788"
"3009","1","test","44","z","2","shape2.jpg","3","Nandi","You","<none>","1","Miru","1","1","727"
"3009","1","test","45","m","4","shape1.jpg","3","Nandi","You","<none>","1","Miru","2","1","892"
"3009","1","test","46","m","9","shape3.jpg","3","Nandi","You","<none>","1","Miru","2","1","941"
"3009","1","test","47","m","4","shape1.jpg","3","Nandi","You","<none>","1","Miru","2","1","801"
"3009","1","test","48","z","2","shape2.jpg","3","Nandi","You","<none>","1","Miru","1","1","836"
"3009","1","test","49","x","1","shape1.jpg","3","Nandi","You","<none>","1","Miru","1","0","1500"
"3009","1","test","50","m","7","shape1.jpg","3","Nandi","You","<none>","1","Miru","2","1","850"
"3009","1","test","51","z","1","shape1.jpg","3","Nandi","You","<none>","1","Miru","1","1","658"
"3009","1","test","52","m","5","shape2.jpg","3","Nandi","You","<none>","1","Miru","2","1","1132"
"3009","1","test","53","x","9","shape3.jpg","3","Nandi","You","<none>","1","Miru","2","0","1500"
"3009","1","test","54","x","4","shape1.jpg","3","Nandi","You","<none>","1","Miru","2","0","1499"
"3009","1","test","55","z","3","shape3.jpg","3","Nandi","You","<none>","1","Miru","1","1","793"
"3009","1","test","56","z","3","shape3.jpg","3","Nandi","You","<none>","1","Miru","1","1","860"
"3009","1","test","57","m","9","shape3.jpg","3","Nandi","You","<none>","1","Miru","2","1","886"
"3009","1","test","58","m","8","shape2.jpg","3","Nandi","You","<none>","1","Miru","2","1","1061"
"3009","1","test","59","m","8","shape2.jpg","3","Nandi","You","<none>","1","Miru","2","1","1396"
"3009","1","test","60","z","2","shape2.jpg","3","Nandi","You","<none>","1","Miru","1","1","703"
"3009","1","test","61","z","2","shape2.jpg","3","Nandi","You","<none>","1","Miru","1","1","615"
"3009","1","test","62","z","2","shape2.jpg","3","Nandi","You","<none>","1","Miru","1","1","497"
"3009","1","test","63","m","4","shape1.jpg","3","Nandi","You","<none>","1","Miru","2","1","906"
"3009","1","test","64","z","2","shape2.jpg","3","Nandi","You","<none>","1","Miru","1","1","688"
"3009","1","test","65","z","9","shape3.jpg","3","Nandi","You","<none>","1","Miru","2","0","929"
"3009","1","test","66","z","8","shape2.jpg","3","Nandi","You","<none>","1","Miru","2","0","670"
"3009","1","test","67","m","6","shape3.jpg","3","Nandi","You","<none>","1","Miru","2","1","991"
"3009","1","test","68","m","5","shape2.jpg","3","Nandi","You","<none>","1","Miru","2","1","1267"
"3009","1","test","69","z","1","shape1.jpg","3","Nandi","You","<none>","1","Miru","1","1","745"
"3009","1","test","70","m","4","shape1.jpg","3","Nandi","You","<none>","1","Miru","2","1","1111"
"3009","1","test","71","z","2","shape2.jpg","3","Nandi","You","<none>","1","Miru","1","1","1253"
"3009","1","test","72","x","3","shape3.jpg","3","Nandi","You","<none>","1","Miru","1","0","1499"
"3009","1","test","73","m","7","shape1.jpg","3","Nandi","You","<none>","1","Miru","2","1","992"
"3009","1","test","74","m","5","shape2.jpg","3","Nandi","You","<none>","1","Miru","2","1","868"
"3009","1","test","75","m","5","shape2.jpg","3","Nandi","You","<none>","1","Miru","2","1","708"
"3009","1","test","76","m","4","shape1.jpg","3","Nandi","You","<none>","1","Miru","2","1","730"
"3009","1","test","77","m","1","shape1.jpg","3","Nandi","You","<none>","1","Miru","1","0","810"
"3009","1","test","78","z","1","shape1.jpg","3","Nandi","You","<none>","1","Miru","1","1","563"
"3009","1","test","79","z","2","shape2.jpg","3","Nandi","You","<none>","1","Miru","1","1","592"
"3009","1","test","80","m","9","shape3.jpg","3","Nandi","You","<none>","1","Miru","2","1","766"
"3009","1","test","81","m","9","shape3.jpg","3","Nandi","You","<none>","1","Miru","2","1","723"
"3009","1","test","82","m","9","shape3.jpg","3","Nandi","You","<none>","1","Miru","2","1","577"
"3009","1","test","83","m","4","shape1.jpg","3","Nandi","You","<none>","1","Miru","2","1","863"
"3009","1","test","84","z","3","shape3.jpg","3","Nandi","You","<none>","1","Miru","1","1","694"
"3009","1","test","85","m","6","shape3.jpg","3","Nandi","You","<none>","1","Miru","2","1","765"
"3009","1","test","86","m","6","shape3.jpg","3","Nandi","You","<none>","1","Miru","2","1","476"
"3009","1","test","87","z","1","shape1.jpg","3","Nandi","You","<none>","1","Miru","1","1","732"
"3009","1","test","88","z","2","shape2.jpg","3","Nandi","You","<none>","1","Miru","1","1","601"
"3009","1","test","89","m","9","shape3.jpg","3","Nandi","You","<none>","1","Miru","2","1","1196"
"3009","1","test","90","z","7","shape1.jpg","3","Nandi","You","<none>","1","Miru","2","0","945"
"3009","1","test","91","z","1","shape1.jpg","3","Nandi","You","<none>","1","Miru","1","1","1054"
"3009","1","test","92","z","3","shape3.jpg","3","Nandi","You","<none>","1","Miru","1","1","701"
"3009","1","test","93","m","8","shape2.jpg","3","Nandi","You","<none>","1","Miru","2","1","1180"
"3009","1","test","94","m","4","shape1.jpg","3","Nandi","You","<none>","1","Miru","2","1","816"
"3009","1","test","95","z","3","shape3.jpg","3","Nandi","You","<none>","1","Miru","1","1","505"
"3009","1","test","96","m","5","shape2.jpg","3","Nandi","You","<none>","1","Miru","2","1","1073"
"3009","1","test","97","z","6","shape3.jpg","3","Nandi","You","<none>","1","Miru","2","0","865"
"3009","1","test","98","z","6","shape3.jpg","3","Nandi","You","<none>","1","Miru","2","0","769"
"3009","1","test","99","m","5","shape2.jpg","3","Nandi","You","<none>","1","Miru","2","1","1398"
"3009","1","test","100","x","7","shape1.jpg","3","Nandi","You","<none>","1","Miru","2","0","1499"
"3009","1","test","101","z","3","shape3.jpg","3","Nandi","You","<none>","1","Miru","1","1","756"
"3009","1","test","102","z","1","shape1.jpg","3","Nandi","You","<none>","1","Miru","1","1","728"
"3009","1","test","103","m","6","shape3.jpg","3","Nandi","You","<none>","1","Miru","2","1","1031"
"3009","1","test","104","z","7","shape1.jpg","3","Nandi","You","<none>","1","Miru","2","0","904"
"3009","1","test","105","z","3","shape3.jpg","3","Nandi","You","<none>","1","Miru","1","1","791"
"3009","1","test","106","z","1","shape1.jpg","3","Nandi","You","<none>","1","Miru","1","1","1059"
"3009","1","test","107","x","3","shape3.jpg","3","Nandi","You","<none>","1","Miru","1","0","1499"
"3009","1","test","108","z","2","shape2.jpg","3","Nandi","You","<none>","1","Miru","1","1","1344"
"3009","1","test","109","m","8","shape2.jpg","3","Nandi","You","<none>","1","Miru","2","1","972"
"3009","1","test","110","z","2","shape2.jpg","3","Nandi","You","<none>","1","Miru","1","1","1175"
"3009","1","test","111","z","2","shape2.jpg","3","Nandi","You","<none>","1","Miru","1","1","563"
"3009","1","test","112","m","4","shape1.jpg","3","Nandi","You","<none>","1","Miru","2","1","752"
"3009","1","test","113","m","8","shape2.jpg","3","Nandi","You","<none>","1","Miru","2","1","964"
"3009","1","test","114","z","3","shape3.jpg","3","Nandi","You","<none>","1","Miru","1","1","873"
"3009","1","test","115","z","3","shape3.jpg","3","Nandi","You","<none>","1","Miru","1","1","681"
"3009","1","test","116","z","1","shape1.jpg","3","Nandi","You","<none>","1","Miru","1","1","826"
"3009","1","test","117","z","2","shape2.jpg","3","Nandi","You","<none>","1","Miru","1","1","748"
"3009","1","test","118","z","1","shape1.jpg","3","Nandi","You","<none>","1","Miru","1","1","730"
"3009","1","test","119","x","5","shape2.jpg","3","Nandi","You","<none>","1","Miru","2","0","1499"
"3009","1","test","120","m","4","shape1.jpg","3","Nandi","You","<none>","1","Miru","2","1","1061"
"3009","1","test","121","z","3","shape3.jpg","3","Nandi","You","<none>","1","Miru","1","1","778"
"3009","1","test","122","m","4","shape1.jpg","3","Nandi","You","<none>","1","Miru","2","1","830"
"3009","1","test","123","z","2","shape2.jpg","3","Nandi","You","<none>","1","Miru","1","1","673"
"3009","1","test","124","m","5","shape2.jpg","3","Nandi","You","<none>","1","Miru","2","1","961"
"3009","1","test","125","z","3","shape3.jpg","3","Nandi","You","<none>","1","Miru","1","1","630"
"3009","1","test","126","z","3","shape3.jpg","3","Nandi","You","<none>","1","Miru","1","1","898"
"3009","1","test","127","z","2","shape2.jpg","3","Nandi","You","<none>","1","Miru","1","1","736"
"3009","1","test","128","m","7","shape1.jpg","3","Nandi","You","<none>","1","Miru","2","1","670"
"3009","1","test","129","z","2","shape2.jpg","3","Nandi","You","<none>","1","Miru","1","1","550"
"3009","1","test","130","m","3","shape3.jpg","3","Nandi","You","<none>","1","Miru","1","0","573"
"3009","1","test","131","z","1","shape1.jpg","3","Nandi","You","<none>","1","Miru","1","1","802"
"3009","1","test","132","m","5","shape2.jpg","3","Nandi","You","<none>","1","Miru","2","1","852"
"3009","1","test","133","m","6","shape3.jpg","3","Nandi","You","<none>","1","Miru","2","1","909"
"3009","1","test","134","m","6","shape3.jpg","3","Nandi","You","<none>","1","Miru","2","1","1252"
"3009","1","test","135","m","8","shape2.jpg","3","Nandi","You","<none>","1","Miru","2","1","916"
"3009","1","test","136","m","3","shape3.jpg","3","Nandi","You","<none>","1","Miru","1","0","1130"
"3009","1","test","137","m","9","shape3.jpg","3","Nandi","You","<none>","1","Miru","2","1","942"
"3009","1","test","138","z","2","shape2.jpg","3","Nandi","You","<none>","1","Miru","1","1","756"
"3009","1","test","139","z","3","shape3.jpg","3","Nandi","You","<none>","1","Miru","1","1","800"
"3009","1","test","140","z","2","shape2.jpg","3","Nandi","You","<none>","1","Miru","1","1","652"
"3009","1","test","141","m","8","shape2.jpg","3","Nandi","You","<none>","1","Miru","2","1","846"
"3009","1","test","142","z","3","shape3.jpg","3","Nandi","You","<none>","1","Miru","1","1","686"
"3009","1","test","143","x","6","shape3.jpg","3","Nandi","You","<none>","1","Miru","2","0","1499"
"3009","1","test","144","z","3","shape3.jpg","3","Nandi","You","<none>","1","Miru","1","1","683"
"3009","1","test","145","m","8","shape2.jpg","3","Nandi","You","<none>","1","Miru","2","1","907"
"3009","1","test","146","z","1","shape1.jpg","3","Nandi","You","<none>","1","Miru","1","1","761"
"3009","1","test","147","z","2","shape2.jpg","3","Nandi","You","<none>","1","Miru","1","1","951"
"3009","1","test","148","z","1","shape1.jpg","3","Nandi","You","<none>","1","Miru","1","1","643"
"3009","1","test","149","z","7","shape1.jpg","3","Nandi","You","<none>","1","Miru","2","0","701"
"3009","1","test","150","z","3","shape3.jpg","3","Nandi","You","<none>","1","Miru","1","1","653"
"3009","1","test","151","m","4","shape1.jpg","3","Nandi","You","<none>","1","Miru","2","1","1293"
"3009","1","test","152","x","6","shape3.jpg","3","Nandi","You","<none>","1","Miru","2","0","1499"
"3009","1","test","153","z","1","shape1.jpg","3","Nandi","You","<none>","1","Miru","1","1","1175"
"3009","1","test","154","x","3","shape3.jpg","3","Nandi","You","<none>","1","Miru","1","0","1500"
"3009","1","test","155","m","9","shape3.jpg","3","Nandi","You","<none>","1","Miru","2","1","918"
"3009","1","test","156","m","9","shape3.jpg","3","Nandi","You","<none>","1","Miru","2","1","805"
"3009","1","test","157","z","3","shape3.jpg","3","Nandi","You","<none>","1","Miru","1","1","968"
"3009","1","test","158","z","1","shape1.jpg","3","Nandi","You","<none>","1","Miru","1","1","659"
"3009","1","test","159","m","9","shape3.jpg","3","Nandi","You","<none>","1","Miru","2","1","798"
"3009","1","test","160","z","2","shape2.jpg","3","Nandi","You","<none>","1","Miru","1","1","682"
"3009","1","test","161","z","3","shape3.jpg","3","Nandi","You","<none>","1","Miru","1","1","705"
"3009","1","test","162","m","7","shape1.jpg","3","Nandi","You","<none>","1","Miru","2","1","1200"
"3009","1","test","163","z","3","shape3.jpg","3","Nandi","You","<none>","1","Miru","1","1","658"
"3009","1","test","164","z","6","shape3.jpg","3","Nandi","You","<none>","1","Miru","2","0","787"
"3009","1","test","165","z","2","shape2.jpg","3","Nandi","You","<none>","1","Miru","1","1","629"
"3009","1","test","166","z","3","shape3.jpg","3","Nandi","You","<none>","1","Miru","1","1","730"
"3009","1","test","167","m","5","shape2.jpg","3","Nandi","You","<none>","1","Miru","2","1","953"
"3009","1","test","168","m","7","shape1.jpg","3","Nandi","You","<none>","1","Miru","2","1","1141"
"3009","1","test","169","z","1","shape1.jpg","3","Nandi","You","<none>","1","Miru","1","1","617"
"3009","1","test","170","m","9","shape3.jpg","3","Nandi","You","<none>","1","Miru","2","1","997"
"3009","1","test","171","m","9","shape3.jpg","3","Nandi","You","<none>","1","Miru","2","1","695"
"3009","1","test","172","z","2","shape2.jpg","3","Nandi","You","<none>","1","Miru","1","1","752"
"3009","1","test","173","z","1","shape1.jpg","3","Nandi","You","<none>","1","Miru","1","1","628"
"3009","1","test","174","z","1","shape1.jpg","3","Nandi","You","<none>","1","Miru","1","1","686"
"3009","1","test","175","z","8","shape2.jpg","3","Nandi","You","<none>","1","Miru","2","0","1182"
"3009","1","test","176","z","2","shape2.jpg","3","Nandi","You","<none>","1","Miru","1","1","634"
"3009","1","test","177","z","1","shape1.jpg","3","Nandi","You","<none>","1","Miru","1","1","1092"
"3009","1","test","178","z","7","shape1.jpg","3","Nandi","You","<none>","1","Miru","2","0","1347"
"3009","1","test","179","m","4","shape1.jpg","3","Nandi","You","<none>","1","Miru","2","1","863"
"3009","1","test","180","z","1","shape1.jpg","3","Nandi","You","<none>","1","Miru","1","1","768"
"3009","1","test","181","z","7","shape1.jpg","3","Nandi","You","<none>","1","Miru","2","0","701"
"3009","1","test","182","m","4","shape1.jpg","3","Nandi","You","<none>","1","Miru","2","1","819"
"3009","1","test","183","m","5","shape2.jpg","3","Nandi","You","<none>","1","Miru","2","1","862"
"3009","1","test","184","z","2","shape2.jpg","3","Nandi","You","<none>","1","Miru","1","1","655"
"3009","1","test","185","m","4","shape1.jpg","3","Nandi","You","<none>","1","Miru","2","1","833"
"3009","1","test","186","m","5","shape2.jpg","3","Nandi","You","<none>","1","Miru","2","1","803"
"3009","1","test","187","z","6","shape3.jpg","3","Nandi","You","<none>","1","Miru","2","0","861"
"3009","1","test","188","m","9","shape3.jpg","3","Nandi","You","<none>","1","Miru","2","1","1100"
"3009","1","test","189","m","6","shape3.jpg","3","Nandi","You","<none>","1","Miru","2","1","603"
"3009","1","test","190","z","2","shape2.jpg","3","Nandi","You","<none>","1","Miru","1","1","744"
"3009","1","test","191","z","3","shape3.jpg","3","Nandi","You","<none>","1","Miru","1","1","686"
"3009","1","test","192","z","5","shape2.jpg","3","Nandi","You","<none>","1","Miru","2","0","1005"
"3009","1","test","193","m","8","shape2.jpg","3","Nandi","You","<none>","1","Miru","2","1","1263"
"3009","1","test","194","m","8","shape2.jpg","3","Nandi","You","<none>","1","Miru","2","1","727"
"3009","1","test","195","z","6","shape3.jpg","3","Nandi","You","<none>","1","Miru","2","0","725"
"3009","1","test","196","z","1","shape1.jpg","3","Nandi","You","<none>","1","Miru","1","1","877"
"3009","1","test","197","z","2","shape2.jpg","3","Nandi","You","<none>","1","Miru","1","1","636"
"3009","1","test","198","m","5","shape2.jpg","3","Nandi","You","<none>","1","Miru","2","1","678"
"3009","1","test","199","z","6","shape3.jpg","3","Nandi","You","<none>","1","Miru","2","0","720"
"3009","1","test","200","m","2","shape2.jpg","3","Nandi","You","<none>","1","Miru","1","0","1039"
"3009","1","test","201","m","9","shape3.jpg","3","Nandi","You","<none>","1","Miru","2","1","1174"
"3009","1","test","202","m","4","shape1.jpg","3","Nandi","You","<none>","1","Miru","2","1","755"
"3009","1","test","203","z","1","shape1.jpg","3","Nandi","You","<none>","1","Miru","1","1","1079"
"3009","1","test","204","m","9","shape3.jpg","3","Nandi","You","<none>","1","Miru","2","1","1006"
"3009","1","test","205","z","2","shape2.jpg","3","Nandi","You","<none>","1","Miru","1","1","832"
"3009","1","test","206","m","6","shape3.jpg","3","Nandi","You","<none>","1","Miru","2","1","572"
"3009","1","test","207","z","3","shape3.jpg","3","Nandi","You","<none>","1","Miru","1","1","560"
"3009","1","test","208","z","2","shape2.jpg","3","Nandi","You","<none>","1","Miru","1","1","629"
"3009","1","test","209","z","2","shape2.jpg","3","Nandi","You","<none>","1","Miru","1","1","553"
"3009","1","test","210","z","2","shape2.jpg","3","Nandi","You","<none>","1","Miru","1","1","607"
"3009","1","test","211","m","7","shape1.jpg","3","Nandi","You","<none>","1","Miru","2","1","722"
"3009","1","test","212","z","1","shape1.jpg","3","Nandi","You","<none>","1","Miru","1","1","583"
"3009","1","test","213","z","2","shape2.jpg","3","Nandi","You","<none>","1","Miru","1","1","621"
"3009","1","test","214","z","1","shape1.jpg","3","Nandi","You","<none>","1","Miru","1","1","767"
"3009","1","test","215","m","4","shape1.jpg","3","Nandi","You","<none>","1","Miru","2","1","604"
"3009","1","test","216","z","3","shape3.jpg","3","Nandi","You","<none>","1","Miru","1","1","664"
"3009","1","test","217","z","2","shape2.jpg","3","Nandi","You","<none>","1","Miru","1","1","528"
"3009","1","test","218","m","7","shape1.jpg","3","Nandi","You","<none>","1","Miru","2","1","983"
"3009","1","test","219","z","3","shape3.jpg","3","Nandi","You","<none>","1","Miru","1","1","682"
"3009","1","test","220","z","1","shape1.jpg","3","Nandi","You","<none>","1","Miru","1","1","203"
"3009","1","test","221","z","1","shape1.jpg","3","Nandi","You","<none>","1","Miru","1","1","647"
"3009","1","test","222","z","1","shape1.jpg","3","Nandi","You","<none>","1","Miru","1","1","552"
"3009","1","test","223","m","7","shape1.jpg","3","Nandi","You","<none>","1","Miru","2","1","815"
"3009","1","test","224","z","3","shape3.jpg","3","Nandi","You","<none>","1","Miru","1","1","585"
"3009","1","test","225","z","6","shape3.jpg","3","Nandi","You","<none>","1","Miru","2","0","749"
"3009","1","test","226","z","5","shape2.jpg","3","Nandi","You","<none>","1","Miru","2","0","650"
"3009","1","test","227","z","1","shape1.jpg","3","Nandi","You","<none>","1","Miru","1","1","684"
"3009","1","test","228","m","8","shape2.jpg","3","Nandi","You","<none>","1","Miru","2","1","1195"
"3009","1","test","229","m","4","shape1.jpg","3","Nandi","You","<none>","1","Miru","2","1","662"
"3009","1","test","230","m","8","shape2.jpg","3","Nandi","You","<none>","1","Miru","2","1","703"
"3009","1","test","231","m","8","shape2.jpg","3","Nandi","You","<none>","1","Miru","2","1","670"
"3009","1","test","232","m","6","shape3.jpg","3","Nandi","You","<none>","1","Miru","2","1","944"
"3009","1","test","233","m","5","shape2.jpg","3","Nandi","You","<none>","1","Miru","2","1","901"
"3009","1","test","234","z","1","shape1.jpg","3","Nandi","You","<none>","1","Miru","1","1","619"
"3009","1","test","235","z","6","shape3.jpg","3","Nandi","You","<none>","1","Miru","2","0","895"
"3009","1","test","236","z","2","shape2.jpg","3","Nandi","You","<none>","1","Miru","1","1","781"
"3009","1","test","237","z","1","shape1.jpg","3","Nandi","You","<none>","1","Miru","1","1","1153"
"3009","1","test","238","x","3","shape3.jpg","3","Nandi","You","<none>","1","Miru","1","0","1499"
"3009","1","test","239","m","4","shape1.jpg","3","Nandi","You","<none>","1","Miru","2","1","1096"
"3009","1","test","240","z","1","shape1.jpg","3","Nandi","You","<none>","1","Miru","1","1","1009"
"3009","1","test","241","m","7","shape1.jpg","3","Nandi","You","<none>","1","Miru","2","1","849"
"3009","1","test","242","z","3","shape3.jpg","3","Nandi","You","<none>","1","Miru","1","1","713"
"3009","1","test","243","z","1","shape1.jpg","3","Nandi","You","<none>","1","Miru","1","1","761"
"3009","1","test","244","z","8","shape2.jpg","3","Nandi","You","<none>","1","Miru","2","0","734"
"3009","1","test","245","z","2","shape2.jpg","3","Nandi","You","<none>","1","Miru","1","1","795"
"3009","1","test","246","z","3","shape3.jpg","3","Nandi","You","<none>","1","Miru","1","1","721"
"3009","1","test","247","m","9","shape3.jpg","3","Nandi","You","<none>","1","Miru","2","1","1086"
"3009","1","test","248","z","1","shape1.jpg","3","Nandi","You","<none>","1","Miru","1","1","685"
"3009","1","test","249","z","3","shape3.jpg","3","Nandi","You","<none>","1","Miru","1","1","957"
"3009","1","test","250","z","1","shape1.jpg","3","Nandi","You","<none>","1","Miru","1","1","800"
"3009","1","test","251","z","6","shape3.jpg","3","Nandi","You","<none>","1","Miru","2","0","677"
"3009","1","test","252","z","2","shape2.jpg","3","Nandi","You","<none>","1","Miru","1","1","1078"
"3009","1","test","253","m","9","shape3.jpg","3","Nandi","You","<none>","1","Miru","2","1","1301"
"3009","1","test","254","z","3","shape3.jpg","3","Nandi","You","<none>","1","Miru","1","1","819"
"3009","1","test","255","m","6","shape3.jpg","3","Nandi","You","<none>","1","Miru","2","1","980"
"3009","1","test","256","m","6","shape3.jpg","3","Nandi","You","<none>","1","Miru","2","1","544"
"3009","1","test","257","m","7","shape1.jpg","3","Nandi","You","<none>","1","Miru","2","1","711"
"3009","1","test","258","m","5","shape2.jpg","3","Nandi","You","<none>","1","Miru","2","1","901"
"3009","1","test","259","m","8","shape2.jpg","3","Nandi","You","<none>","1","Miru","2","1","1156"
"3009","1","test","260","z","3","shape3.jpg","3","Nandi","You","<none>","1","Miru","1","1","847"
"3009","1","test","261","m","7","shape1.jpg","3","Nandi","You","<none>","1","Miru","2","1","1040"
"3009","1","test","262","m","7","shape1.jpg","3","Nandi","You","<none>","1","Miru","2","1","579"
"3009","1","test","263","m","2","shape2.jpg","3","Nandi","You","<none>","1","Miru","1","0","584"
"3009","1","test","264","z","1","shape1.jpg","3","Nandi","You","<none>","1","Miru","1","1","781"
"3009","1","test","265","x","1","shape1.jpg","3","Nandi","You","<none>","1","Miru","1","0","1500"
"3009","1","test","266","m","5","shape2.jpg","3","Nandi","You","<none>","1","Miru","2","1","845"
"3009","1","test","267","z","2","shape2.jpg","3","Nandi","You","<none>","1","Miru","1","1","645"
"3009","1","test","268","z","3","shape3.jpg","3","Nandi","You","<none>","1","Miru","1","1","687"
"3009","1","test","269","m","9","shape3.jpg","3","Nandi","You","<none>","1","Miru","2","1","593"
"3009","1","test","270","z","5","shape2.jpg","3","Nandi","You","<none>","1","Miru","2","0","564"
"3009","1","test","271","z","2","shape2.jpg","3","Nandi","You","<none>","1","Miru","1","1","713"
"3009","1","test","272","z","6","shape3.jpg","3","Nandi","You","<none>","1","Miru","2","0","1271"
"3009","1","test","273","m","7","shape1.jpg","3","Nandi","You","<none>","1","Miru","2","1","864"
"3009","1","test","274","m","6","shape3.jpg","3","Nandi","You","<none>","1","Miru","2","1","905"
"3009","1","test","275","z","3","shape3.jpg","3","Nandi","You","<none>","1","Miru","1","1","622"
"3009","1","test","276","m","7","shape1.jpg","3","Nandi","You","<none>","1","Miru","2","1","898"
"3009","1","test","277","z","1","shape1.jpg","3","Nandi","You","<none>","1","Miru","1","1","777"
"3009","1","test","278","m","4","shape1.jpg","3","Nandi","You","<none>","1","Miru","2","1","637"
"3009","1","test","279","z","1","shape1.jpg","3","Nandi","You","<none>","1","Miru","1","1","936"
"3009","1","test","280","m","5","shape2.jpg","3","Nandi","You","<none>","1","Miru","2","1","845"
"3009","1","test","281","m","9","shape3.jpg","3","Nandi","You","<none>","1","Miru","2","1","695"
"3009","1","test","282","z","3","shape3.jpg","3","Nandi","You","<none>","1","Miru","1","1","686"
"3009","1","test","283","m","1","shape1.jpg","3","Nandi","You","<none>","1","Miru","1","0","566"
"3009","1","test","284","z","1","shape1.jpg","3","Nandi","You","<none>","1","Miru","1","1","555"
"3009","1","test","285","z","1","shape1.jpg","3","Nandi","You","<none>","1","Miru","1","1","442"
"3009","1","test","286","z","3","shape3.jpg","3","Nandi","You","<none>","1","Miru","1","1","860"
"3009","1","test","287","m","8","shape2.jpg","3","Nandi","You","<none>","1","Miru","2","1","764"
"3009","1","test","288","m","3","shape3.jpg","3","Nandi","You","<none>","1","Miru","1","0","578"
"3009","1","test","289","z","2","shape2.jpg","3","Nandi","You","<none>","1","Miru","1","1","696"
"3009","1","test","290","z","1","shape1.jpg","3","Nandi","You","<none>","1","Miru","1","1","759"
"3009","1","test","291","m","5","shape2.jpg","3","Nandi","You","<none>","1","Miru","2","1","917"
"3009","1","test","292","m","5","shape2.jpg","3","Nandi","You","<none>","1","Miru","2","1","577"
"3009","1","test","293","m","8","shape2.jpg","3","Nandi","You","<none>","1","Miru","2","1","759"
"3009","1","test","294","z","2","shape2.jpg","3","Nandi","You","<none>","1","Miru","1","1","573"
"3009","1","test","295","z","3","shape3.jpg","3","Nandi","You","<none>","1","Miru","1","1","865"
"3009","1","test","296","z","3","shape3.jpg","3","Nandi","You","<none>","1","Miru","1","1","730"
"3009","1","test","297","z","1","shape1.jpg","3","Nandi","You","<none>","1","Miru","1","1","689"
"3009","1","test","298","z","5","shape2.jpg","3","Nandi","You","<none>","1","Miru","2","0","729"
"3009","1","test","299","m","4","shape1.jpg","3","Nandi","You","<none>","1","Miru","2","1","1087"
"3009","1","test","300","z","3","shape3.jpg","3","Nandi","You","<none>","1","Miru","1","1","638"
"3009","1","test","301","m","9","shape3.jpg","3","Nandi","You","<none>","1","Miru","2","1","759"
"3009","1","test","302","z","3","shape3.jpg","3","Nandi","You","<none>","1","Miru","1","1","772"
"3009","1","test","303","m","5","shape2.jpg","3","Nandi","You","<none>","1","Miru","2","1","697"
"3009","1","test","304","z","1","shape1.jpg","3","Nandi","You","<none>","1","Miru","1","1","657"
"3009","1","test","305","z","3","shape3.jpg","3","Nandi","You","<none>","1","Miru","1","1","731"
"3009","1","test","306","m","5","shape2.jpg","3","Nandi","You","<none>","1","Miru","2","1","816"
"3009","1","test","307","m","9","shape3.jpg","3","Nandi","You","<none>","1","Miru","2","1","580"
"3009","1","test","308","m","1","shape1.jpg","3","Nandi","You","<none>","1","Miru","1","0","671"
"3009","1","test","309","m","9","shape3.jpg","3","Nandi","You","<none>","1","Miru","2","1","936"
"3009","1","test","310","z","2","shape2.jpg","3","Nandi","You","<none>","1","Miru","1","1","622"
"3009","1","test","311","z","2","shape2.jpg","3","Nandi","You","<none>","1","Miru","1","1","545"
"3009","1","test","312","z","1","shape1.jpg","3","Nandi","You","<none>","1","Miru","1","1","520"
"3009","1","test","313","m","8","shape2.jpg","3","Nandi","You","<none>","1","Miru","2","1","870"
"3009","1","test","314","z","6","shape3.jpg","3","Nandi","You","<none>","1","Miru","2","0","807"
"3009","1","test","315","m","5","shape2.jpg","3","Nandi","You","<none>","1","Miru","2","1","1170"
"3009","1","test","316","z","2","shape2.jpg","3","Nandi","You","<none>","1","Miru","1","1","764"
"3009","1","test","317","z","2","shape2.jpg","3","Nandi","You","<none>","1","Miru","1","1","529"
"3009","1","test","318","m","6","shape3.jpg","3","Nandi","You","<none>","1","Miru","2","1","577"
"3009","1","test","319","m","8","shape2.jpg","3","Nandi","You","<none>","1","Miru","2","1","1054"
"3009","1","test","320","z","2","shape2.jpg","3","Nandi","You","<none>","1","Miru","1","1","999"
"3009","1","test","321","z","2","shape2.jpg","3","Nandi","You","<none>","1","Miru","1","1","649"
"3009","1","test","322","z","3","shape3.jpg","3","Nandi","You","<none>","1","Miru","1","1","850"
"3009","1","test","323","m","8","shape2.jpg","3","Nandi","You","<none>","1","Miru","2","1","739"
"3009","1","test","324","m","7","shape1.jpg","3","Nandi","You","<none>","1","Miru","2","1","880"
"3009","1","test","325","z","1","shape1.jpg","3","Nandi","You","<none>","1","Miru","1","1","553"
"3009","1","test","326","z","3","shape3.jpg","3","Nandi","You","<none>","1","Miru","1","1","990"
"3009","1","test","327","z","3","shape3.jpg","3","Nandi","You","<none>","1","Miru","1","1","824"
"3009","1","test","328","m","9","shape3.jpg","3","Nandi","You","<none>","1","Miru","2","1","757"
"3009","1","test","329","z","3","shape3.jpg","3","Nandi","You","<none>","1","Miru","1","1","895"
"3009","1","test","330","m","8","shape2.jpg","3","Nandi","You","<none>","1","Miru","2","1","1463"
"3009","1","test","331","m","4","shape1.jpg","3","Nandi","You","<none>","1","Miru","2","1","790"
"3009","1","test","332","z","1","shape1.jpg","3","Nandi","You","<none>","1","Miru","1","1","882"
"3009","1","test","333","z","3","shape3.jpg","3","Nandi","You","<none>","1","Miru","1","1","1162"
"3009","1","test","334","z","1","shape1.jpg","3","Nandi","You","<none>","1","Miru","1","1","717"
"3009","1","test","335","z","4","shape1.jpg","3","Nandi","You","<none>","1","Miru","2","0","580"
"3009","1","test","336","z","1","shape1.jpg","3","Nandi","You","<none>","1","Miru","1","1","632"
"3009","1","test","337","m","7","shape1.jpg","3","Nandi","You","<none>","1","Miru","2","1","828"
"3009","1","test","338","z","3","shape3.jpg","3","Nandi","You","<none>","1","Miru","1","1","750"
"3009","1","test","339","z","1","shape1.jpg","3","Nandi","You","<none>","1","Miru","1","1","762"
"3009","1","test","340","m","7","shape1.jpg","3","Nandi","You","<none>","1","Miru","2","1","696"
"3009","1","test","341","m","8","shape2.jpg","3","Nandi","You","<none>","1","Miru","2","1","943"
"3009","1","test","342","m","7","shape1.jpg","3","Nandi","You","<none>","1","Miru","2","1","1077"
"3009","1","test","343","m","7","shape1.jpg","3","Nandi","You","<none>","1","Miru","2","1","572"
"3009","1","test","344","z","2","shape2.jpg","3","Nandi","You","<none>","1","Miru","1","1","634"
"3009","1","test","345","m","5","shape2.jpg","3","Nandi","You","<none>","1","Miru","2","1","659"
"3009","1","test","346","x","7","shape1.jpg","3","Nandi","You","<none>","1","Miru","2","0","1499"
"3009","1","test","347","z","9","shape3.jpg","3","Nandi","You","<none>","1","Miru","2","0","849"
"3009","1","test","348","z","3","shape3.jpg","3","Nandi","You","<none>","1","Miru","1","1","546"
"3009","1","test","349","m","4","shape1.jpg","3","Nandi","You","<none>","1","Miru","2","1","1017"
"3009","1","test","350","z","2","shape2.jpg","3","Nandi","You","<none>","1","Miru","1","1","666"
"3009","1","test","351","z","1","shape1.jpg","3","Nandi","You","<none>","1","Miru","1","1","1139"
"3009","1","test","352","m","9","shape3.jpg","3","Nandi","You","<none>","1","Miru","2","1","992"
"3009","1","test","353","z","2","shape2.jpg","3","Nandi","You","<none>","1","Miru","1","1","802"
"3009","1","test","354","m","8","shape2.jpg","3","Nandi","You","<none>","1","Miru","2","1","886"
"3009","1","test","355","z","2","shape2.jpg","3","Nandi","You","<none>","1","Miru","1","1","708"
"3009","1","test","356","z","3","shape3.jpg","3","Nandi","You","<none>","1","Miru","1","1","804"
"3009","1","test","357","m","4","shape1.jpg","3","Nandi","You","<none>","1","Miru","2","1","864"
"3009","1","test","358","z","1","shape1.jpg","3","Nandi","You","<none>","1","Miru","1","1","664"
"3009","1","test","359","m","4","shape1.jpg","3","Nandi","You","<none>","1","Miru","2","1","746"
"3009","1","test","360","m","9","shape3.jpg","3","Nandi","You","<none>","1","Miru","2","1","911"
"3012","2","test","1","m","1","shape1.jpg","6","<none>","Zoli","You","1","Waru","1","1","1062"
"3012","2","test","2","z","5","shape2.jpg","6","<none>","Zoli","You","1","Waru","2","1","1126"
"3012","2","test","3","z","7","shape1.jpg","6","<none>","Zoli","You","1","Waru","2","1","1340"
"3012","2","test","4","m","1","shape1.jpg","6","<none>","Zoli","You","1","Waru","1","1","887"
"3012","2","test","5","z","6","shape3.jpg","6","<none>","Zoli","You","1","Waru","2","1","1127"
"3012","2","test","6","m","2","shape2.jpg","6","<none>","Zoli","You","1","Waru","1","1","995"
"3012","2","test","7","z","6","shape3.jpg","6","<none>","Zoli","You","1","Waru","2","1","1094"
"3012","2","test","8","m","2","shape2.jpg","6","<none>","Zoli","You","1","Waru","1","1","966"
"3012","2","test","9","m","4","shape1.jpg","6","<none>","Zoli","You","1","Waru","2","0","762"
"3012","2","test","10","m","3","shape3.jpg","6","<none>","Zoli","You","1","Waru","1","1","686"
"3012","2","test","11","m","2","shape2.jpg","6","<none>","Zoli","You","1","Waru","1","1","839"
"3012","2","test","12","m","1","shape1.jpg","6","<none>","Zoli","You","1","Waru","1","1","695"
"3012","2","test","13","m","3","shape3.jpg","6","<none>","Zoli","You","1","Waru","1","1","760"
"3012","2","test","14","m","2","shape2.jpg","6","<none>","Zoli","You","1","Waru","1","1","830"
"3012","2","test","15","m","1","shape1.jpg","6","<none>","Zoli","You","1","Waru","1","1","799"
"3012","2","test","16","z","6","shape3.jpg","6","<none>","Zoli","You","1","Waru","2","1","715"
"3012","2","test","17","z","9","shape3.jpg","6","<none>","Zoli","You","1","Waru","2","1","976"
"3012","2","test","18","m","3","shape3.jpg","6","<none>","Zoli","You","1","Waru","1","1","828"
"3012","2","test","19","m","3","shape3.jpg","6","<none>","Zoli","You","1","Waru","1","1","607"
"3012","2","test","20","z","9","shape3.jpg","6","<none>","Zoli","You","1","Waru","2","1","1178"
"3012","2","test","21","z","5","shape2.jpg","6","<none>","Zoli","You","1","Waru","2","1","1286"
"3012","2","test","22","m","3","shape3.jpg","6","<none>","Zoli","You","1","Waru","1","1","1036"
"3012","2","test","23","m","2","shape2.jpg","6","<none>","Zoli","You","1","Waru","1","1","766"
"3012","2","test","24","m","5","shape2.jpg","6","<none>","Zoli","You","1","Waru","2","0","688"
"3012","2","test","25","m","2","shape2.jpg","6","<none>","Zoli","You","1","Waru","1","1","625"
"3012","2","test","26","z","9","shape3.jpg","6","<none>","Zoli","You","1","Waru","2","1","700"
"3012","2","test","27","m","3","shape3.jpg","6","<none>","Zoli","You","1","Waru","1","1","716"
"3012","2","test","28","m","2","shape2.jpg","6","<none>","Zoli","You","1","Waru","1","1","746"
"3012","2","test","29","m","9","shape3.jpg","6","<none>","Zoli","You","1","Waru","2","0","751"
"3012","2","test","30","m","1","shape1.jpg","6","<none>","Zoli","You","1","Waru","1","1","996"
"3012","2","test","31","m","2","shape2.jpg","6","<none>","Zoli","You","1","Waru","1","1","711"
"3012","2","test","32","m","2","shape2.jpg","6","<none>","Zoli","You","1","Waru","1","1","878"
"3012","2","test","33","z","7","shape1.jpg","6","<none>","Zoli","You","1","Waru","2","1","758"
"3012","2","test","34","m","1","shape1.jpg","6","<none>","Zoli","You","1","Waru","1","1","757"
"3012","2","test","35","m","1","shape1.jpg","6","<none>","Zoli","You","1","Waru","1","1","801"
"3012","2","test","36","z","6","shape3.jpg","6","<none>","Zoli","You","1","Waru","2","1","851"
"3012","2","test","37","z","8","shape2.jpg","6","<none>","Zoli","You","1","Waru","2","1","932"
"3012","2","test","38","m","2","shape2.jpg","6","<none>","Zoli","You","1","Waru","1","1","826"
"3012","2","test","39","z","6","shape3.jpg","6","<none>","Zoli","You","1","Waru","2","1","876"
"3012","2","test","40","m","2","shape2.jpg","6","<none>","Zoli","You","1","Waru","1","1","900"
"3012","2","test","41","z","8","shape2.jpg","6","<none>","Zoli","You","1","Waru","2","1","787"
"3012","2","test","42","m","1","shape1.jpg","6","<none>","Zoli","You","1","Waru","1","1","894"
"3012","2","test","43","z","4","shape1.jpg","6","<none>","Zoli","You","1","Waru","2","1","910"
"3012","2","test","44","z","9","shape3.jpg","6","<none>","Zoli","You","1","Waru","2","1","876"
"3012","2","test","45","z","9","shape3.jpg","6","<none>","Zoli","You","1","Waru","2","1","812"
"3012","2","test","46","z","5","shape2.jpg","6","<none>","Zoli","You","1","Waru","2","1","968"
"3012","2","test","47","z","5","shape2.jpg","6","<none>","Zoli","You","1","Waru","2","1","795"
"3012","2","test","48","m","2","shape2.jpg","6","<none>","Zoli","You","1","Waru","1","1","768"
"3012","2","test","49","m","2","shape2.jpg","6","<none>","Zoli","You","1","Waru","1","1","763"
"3012","2","test","50","m","1","shape1.jpg","6","<none>","Zoli","You","1","Waru","1","1","856"
"3012","2","test","51","z","4","shape1.jpg","6","<none>","Zoli","You","1","Waru","2","1","1098"
"3012","2","test","52","z","4","shape1.jpg","6","<none>","Zoli","You","1","Waru","2","1","888"
"3012","2","test","53","z","9","shape3.jpg","6","<none>","Zoli","You","1","Waru","2","1","1016"
"3012","2","test","54","m","2","shape2.jpg","6","<none>","Zoli","You","1","Waru","1","1","880"
"3012","2","test","55","z","6","shape3.jpg","6","<none>","Zoli","You","1","Waru","2","1","1074"
"3012","2","test","56","z","7","shape1.jpg","6","<none>","Zoli","You","1","Waru","2","1","1218"
"3012","2","test","57","m","3","shape3.jpg","6","<none>","Zoli","You","1","Waru","1","1","858"
"3012","2","test","58","z","4","shape1.jpg","6","<none>","Zoli","You","1","Waru","2","1","995"
"3012","2","test","59","z","5","shape2.jpg","6","<none>","Zoli","You","1","Waru","2","1","1006"
"3012","2","test","60","z","6","shape3.jpg","6","<none>","Zoli","You","1","Waru","2","1","864"
"3012","2","test","61","z","8","shape2.jpg","6","<none>","Zoli","You","1","Waru","2","1","817"
"3012","2","test","62","z","8","shape2.jpg","6","<none>","Zoli","You","1","Waru","2","1","876"
"3012","2","test","63","z","5","shape2.jpg","6","<none>","Zoli","You","1","Waru","2","1","867"
"3012","2","test","64","m","1","shape1.jpg","6","<none>","Zoli","You","1","Waru","1","1","1428"
"3012","2","test","65","z","4","shape1.jpg","6","<none>","Zoli","You","1","Waru","2","1","948"
"3012","2","test","66","z","9","shape3.jpg","6","<none>","Zoli","You","1","Waru","2","1","936"
"3012","2","test","67","z","8","shape2.jpg","6","<none>","Zoli","You","1","Waru","2","1","822"
"3012","2","test","68","m","2","shape2.jpg","6","<none>","Zoli","You","1","Waru","1","1","841"
"3012","2","test","69","z","5","shape2.jpg","6","<none>","Zoli","You","1","Waru","2","1","801"
"3012","2","test","70","m","1","shape1.jpg","6","<none>","Zoli","You","1","Waru","1","1","942"
"3012","2","test","71","m","2","shape2.jpg","6","<none>","Zoli","You","1","Waru","1","1","715"
"3012","2","test","72","m","2","shape2.jpg","6","<none>","Zoli","You","1","Waru","1","1","783"
"3012","2","test","73","m","2","shape2.jpg","6","<none>","Zoli","You","1","Waru","1","1","652"
"3012","2","test","74","m","1","shape1.jpg","6","<none>","Zoli","You","1","Waru","1","1","789"
"3012","2","test","75","z","5","shape2.jpg","6","<none>","Zoli","You","1","Waru","2","1","914"
"3012","2","test","76","m","4","shape1.jpg","6","<none>","Zoli","You","1","Waru","2","0","751"
"3012","2","test","77","m","2","shape2.jpg","6","<none>","Zoli","You","1","Waru","1","1","861"
"3012","2","test","78","z","7","shape1.jpg","6","<none>","Zoli","You","1","Waru","2","1","759"
"3012","2","test","79","z","9","shape3.jpg","6","<none>","Zoli","You","1","Waru","2","1","916"
"3012","2","test","80","m","3","shape3.jpg","6","<none>","Zoli","You","1","Waru","1","1","722"
"3012","2","test","81","m","3","shape3.jpg","6","<none>","Zoli","You","1","Waru","1","1","671"
"3012","2","test","82","z","8","shape2.jpg","6","<none>","Zoli","You","1","Waru","2","1","744"
"3012","2","test","83","m","2","shape2.jpg","6","<none>","Zoli","You","1","Waru","1","1","927"
"3012","2","test","84","z","8","shape2.jpg","6","<none>","Zoli","You","1","Waru","2","1","859"
"3012","2","test","85","z","8","shape2.jpg","6","<none>","Zoli","You","1","Waru","2","1","806"
"3012","2","test","86","m","2","shape2.jpg","6","<none>","Zoli","You","1","Waru","1","1","759"
"3012","2","test","87","z","5","shape2.jpg","6","<none>","Zoli","You","1","Waru","2","1","814"
"3012","2","test","88","z","9","shape3.jpg","6","<none>","Zoli","You","1","Waru","2","1","679"
"3012","2","test","89","m","3","shape3.jpg","6","<none>","Zoli","You","1","Waru","1","1","672"
"3012","2","test","90","z","6","shape3.jpg","6","<none>","Zoli","You","1","Waru","2","1","729"
"3012","2","test","91","m","1","shape1.jpg","6","<none>","Zoli","You","1","Waru","1","1","864"
"3012","2","test","92","z","2","shape2.jpg","6","<none>","Zoli","You","1","Waru","1","0","736"
"3012","2","test","93","z","9","shape3.jpg","6","<none>","Zoli","You","1","Waru","2","1","694"
"3012","2","test","94","m","3","shape3.jpg","6","<none>","Zoli","You","1","Waru","1","1","823"
"3012","2","test","95","m","1","shape1.jpg","6","<none>","Zoli","You","1","Waru","1","1","801"
"3012","2","test","96","m","3","shape3.jpg","6","<none>","Zoli","You","1","Waru","1","1","723"
"3012","2","test","97","m","3","shape3.jpg","6","<none>","Zoli","You","1","Waru","1","1","666"
"3012","2","test","98","z","8","shape2.jpg","6","<none>","Zoli","You","1","Waru","2","1","882"
"3012","2","test","99","m","1","shape1.jpg","6","<none>","Zoli","You","1","Waru","1","1","738"
"3012","2","test","100","z","9","shape3.jpg","6","<none>","Zoli","You","1","Waru","2","1","680"
"3012","2","test","101","z","5","shape2.jpg","6","<none>","Zoli","You","1","Waru","2","1","776"
"3012","2","test","102","z","6","shape3.jpg","6","<none>","Zoli","You","1","Waru","2","1","837"
"3012","2","test","103","m","1","shape1.jpg","6","<none>","Zoli","You","1","Waru","1","1","1006"
"3012","2","test","104","m","3","shape3.jpg","6","<none>","Zoli","You","1","Waru","1","1","978"
"3012","2","test","105","z","5","shape2.jpg","6","<none>","Zoli","You","1","Waru","2","1","764"
"3012","2","test","106","z","7","shape1.jpg","6","<none>","Zoli","You","1","Waru","2","1","955"
"3012","2","test","107","m","3","shape3.jpg","6","<none>","Zoli","You","1","Waru","1","1","1183"
"3012","2","test","108","z","6","shape3.jpg","6","<none>","Zoli","You","1","Waru","2","1","760"
"3012","2","test","109","m","3","shape3.jpg","6","<none>","Zoli","You","1","Waru","1","1","838"
"3012","2","test","110","m","3","shape3.jpg","6","<none>","Zoli","You","1","Waru","1","1","727"
"3012","2","test","111","z","7","shape1.jpg","6","<none>","Zoli","You","1","Waru","2","1","869"
"3012","2","test","112","m","3","shape3.jpg","6","<none>","Zoli","You","1","Waru","1","1","862"
"3012","2","test","113","z","6","shape3.jpg","6","<none>","Zoli","You","1","Waru","2","1","742"
"3012","2","test","114","m","9","shape3.jpg","6","<none>","Zoli","You","1","Waru","2","0","1006"
"3012","2","test","115","m","1","shape1.jpg","6","<none>","Zoli","You","1","Waru","1","1","742"
"3012","2","test","116","z","6","shape3.jpg","6","<none>","Zoli","You","1","Waru","2","1","708"
"3012","2","test","117","m","3","shape3.jpg","6","<none>","Zoli","You","1","Waru","1","1","780"
"3012","2","test","118","z","9","shape3.jpg","6","<none>","Zoli","You","1","Waru","2","1","872"
"3012","2","test","119","m","1","shape1.jpg","6","<none>","Zoli","You","1","Waru","1","1","696"
"3012","2","test","120","z","6","shape3.jpg","6","<none>","Zoli","You","1","Waru","2","1","760"
"3012","2","test","121","m","3","shape3.jpg","6","<none>","Zoli","You","1","Waru","1","1","1139"
"3012","2","test","122","m","3","shape3.jpg","6","<none>","Zoli","You","1","Waru","1","1","679"
"3012","2","test","123","m","3","shape3.jpg","6","<none>","Zoli","You","1","Waru","1","1","543"
"3012","2","test","124","z","8","shape2.jpg","6","<none>","Zoli","You","1","Waru","2","1","694"
"3012","2","test","125","z","6","shape3.jpg","6","<none>","Zoli","You","1","Waru","2","1","1029"
"3012","2","test","126","z","8","shape2.jpg","6","<none>","Zoli","You","1","Waru","2","1","911"
"3012","2","test","127","z","3","shape3.jpg","6","<none>","Zoli","You","1","Waru","1","0","1165"
"3012","2","test","128","z","6","shape3.jpg","6","<none>","Zoli","You","1","Waru","2","1","737"
"3012","2","test","129","z","7","shape1.jpg","6","<none>","Zoli","You","1","Waru","2","1","897"
"3012","2","test","130","m","3","shape3.jpg","6","<none>","Zoli","You","1","Waru","1","1","887"
"3012","2","test","131","m","1","shape1.jpg","6","<none>","Zoli","You","1","Waru","1","1","774"
"3012","2","test","132","m","1","shape1.jpg","6","<none>","Zoli","You","1","Waru","1","1","946"
"3012","2","test","133","z","4","shape1.jpg","6","<none>","Zoli","You","1","Waru","2","1","824"
"3012","2","test","134","z","7","shape1.jpg","6","<none>","Zoli","You","1","Waru","2","1","898"
"3012","2","test","135","m","1","shape1.jpg","6","<none>","Zoli","You","1","Waru","1","1","731"
"3012","2","test","136","m","2","shape2.jpg","6","<none>","Zoli","You","1","Waru","1","1","657"
"3012","2","test","137","m","3","shape3.jpg","6","<none>","Zoli","You","1","Waru","1","1","593"
"3012","2","test","138","m","3","shape3.jpg","6","<none>","Zoli","You","1","Waru","1","1","629"
"3012","2","test","139","m","3","shape3.jpg","6","<none>","Zoli","You","1","Waru","1","1","560"
"3012","2","test","140","m","2","shape2.jpg","6","<none>","Zoli","You","1","Waru","1","1","934"
"3012","2","test","141","z","5","shape2.jpg","6","<none>","Zoli","You","1","Waru","2","1","722"
"3012","2","test","142","m","3","shape3.jpg","6","<none>","Zoli","You","1","Waru","1","1","674"
"3012","2","test","143","z","7","shape1.jpg","6","<none>","Zoli","You","1","Waru","2","1","987"
"3012","2","test","144","z","7","shape1.jpg","6","<none>","Zoli","You","1","Waru","2","1","839"
"3012","2","test","145","z","4","shape1.jpg","6","<none>","Zoli","You","1","Waru","2","1","1104"
"3012","2","test","146","m","3","shape3.jpg","6","<none>","Zoli","You","1","Waru","1","1","806"
"3012","2","test","147","m","1","shape1.jpg","6","<none>","Zoli","You","1","Waru","1","1","1376"
"3012","2","test","148","m","3","shape3.jpg","6","<none>","Zoli","You","1","Waru","1","1","642"
"3012","2","test","149","m","1","shape1.jpg","6","<none>","Zoli","You","1","Waru","1","1","734"
"3012","2","test","150","m","4","shape1.jpg","6","<none>","Zoli","You","1","Waru","2","0","683"
"3012","2","test","151","z","7","shape1.jpg","6","<none>","Zoli","You","1","Waru","2","1","1218"
"3012","2","test","152","m","2","shape2.jpg","6","<none>","Zoli","You","1","Waru","1","1","844"
"3012","2","test","153","m","1","shape1.jpg","6","<none>","Zoli","You","1","Waru","1","1","741"
"3012","2","test","154","m","1","shape1.jpg","6","<none>","Zoli","You","1","Waru","1","1","730"
"3012","2","test","155","z","8","shape2.jpg","6","<none>","Zoli","You","1","Waru","2","1","745"
"3012","2","test","156","z","7","shape1.jpg","6","<none>","Zoli","You","1","Waru","2","1","928"
"3012","2","test","157","m","2","shape2.jpg","6","<none>","Zoli","You","1","Waru","1","1","637"
"3012","2","test","158","m","3","shape3.jpg","6","<none>","Zoli","You","1","Waru","1","1","663"
"3012","2","test","159","m","3","shape3.jpg","6","<none>","Zoli","You","1","Waru","1","1","904"
"3012","2","test","160","z","7","shape1.jpg","6","<none>","Zoli","You","1","Waru","2","1","847"
"3012","2","test","161","m","2","shape2.jpg","6","<none>","Zoli","You","1","Waru","1","1","738"
"3012","2","test","162","z","5","shape2.jpg","6","<none>","Zoli","You","1","Waru","2","1","863"
"3012","2","test","163","m","3","shape3.jpg","6","<none>","Zoli","You","1","Waru","1","1","735"
"3012","2","test","164","m","1","shape1.jpg","6","<none>","Zoli","You","1","Waru","1","1","773"
"3012","2","test","165","m","2","shape2.jpg","6","<none>","Zoli","You","1","Waru","1","1","626"
"3012","2","test","166","m","1","shape1.jpg","6","<none>","Zoli","You","1","Waru","1","1","910"
"3012","2","test","167","m","4","shape1.jpg","6","<none>","Zoli","You","1","Waru","2","0","612"
"3012","2","test","168","m","1","shape1.jpg","6","<none>","Zoli","You","1","Waru","1","1","775"
"3012","2","test","169","m","3","shape3.jpg","6","<none>","Zoli","You","1","Waru","1","1","643"
"3012","2","test","170","z","5","shape2.jpg","6","<none>","Zoli","You","1","Waru","2","1","837"
"3012","2","test","171","m","2","shape2.jpg","6","<none>","Zoli","You","1","Waru","1","1","999"
"3012","2","test","172","z","9","shape3.jpg","6","<none>","Zoli","You","1","Waru","2","1","722"
"3012","2","test","173","z","6","shape3.jpg","6","<none>","Zoli","You","1","Waru","2","1","784"
"3012","2","test","174","z","9","shape3.jpg","6","<none>","Zoli","You","1","Waru","2","1","691"
"3012","2","test","175","z","4","shape1.jpg","6","<none>","Zoli","You","1","Waru","2","1","900"
"3012","2","test","176","z","6","shape3.jpg","6","<none>","Zoli","You","1","Waru","2","1","762"
"3012","2","test","177","m","2","shape2.jpg","6","<none>","Zoli","You","1","Waru","1","1","608"
"3012","2","test","178","m","3","shape3.jpg","6","<none>","Zoli","You","1","Waru","1","1","763"
"3012","2","test","179","z","7","shape1.jpg","6","<none>","Zoli","You","1","Waru","2","1","983"
"3012","2","test","180","z","7","shape1.jpg","6","<none>","Zoli","You","1","Waru","2","1","700"
"3012","2","test","181","m","3","shape3.jpg","6","<none>","Zoli","You","1","Waru","1","1","859"
"3012","2","test","182","z","1","shape1.jpg","6","<none>","Zoli","You","1","Waru","1","0","795"
"3012","2","test","183","m","1","shape1.jpg","6","<none>","Zoli","You","1","Waru","1","1","911"
"3012","2","test","184","z","5","shape2.jpg","6","<none>","Zoli","You","1","Waru","2","1","693"
"3012","2","test","185","m","2","shape2.jpg","6","<none>","Zoli","You","1","Waru","1","1","653"
"3012","2","test","186","z","8","shape2.jpg","6","<none>","Zoli","You","1","Waru","2","1","871"
"3012","2","test","187","z","6","shape3.jpg","6","<none>","Zoli","You","1","Waru","2","1","734"
"3012","2","test","188","z","8","shape2.jpg","6","<none>","Zoli","You","1","Waru","2","1","773"
"3012","2","test","189","z","9","shape3.jpg","6","<none>","Zoli","You","1","Waru","2","1","809"
"3012","2","test","190","m","4","shape1.jpg","6","<none>","Zoli","You","1","Waru","2","0","860"
"3012","2","test","191","m","3","shape3.jpg","6","<none>","Zoli","You","1","Waru","1","1","886"
"3012","2","test","192","m","3","shape3.jpg","6","<none>","Zoli","You","1","Waru","1","1","603"
"3012","2","test","193","m","1","shape1.jpg","6","<none>","Zoli","You","1","Waru","1","1","832"
"3012","2","test","194","m","1","shape1.jpg","6","<none>","Zoli","You","1","Waru","1","1","1025"
"3012","2","test","195","z","9","shape3.jpg","6","<none>","Zoli","You","1","Waru","2","1","963"
"3012","2","test","196","m","2","shape2.jpg","6","<none>","Zoli","You","1","Waru","1","1","647"
"3012","2","test","197","m","2","shape2.jpg","6","<none>","Zoli","You","1","Waru","1","1","633"
"3012","2","test","198","z","6","shape3.jpg","6","<none>","Zoli","You","1","Waru","2","1","635"
"3012","2","test","199","m","2","shape2.jpg","6","<none>","Zoli","You","1","Waru","1","1","677"
"3012","2","test","200","m","2","shape2.jpg","6","<none>","Zoli","You","1","Waru","1","1","542"
"3012","2","test","201","m","2","shape2.jpg","6","<none>","Zoli","You","1","Waru","1","1","500"
"3012","2","test","202","z","5","shape2.jpg","6","<none>","Zoli","You","1","Waru","2","1","726"
"3012","2","test","203","z","4","shape1.jpg","6","<none>","Zoli","You","1","Waru","2","1","924"
"3012","2","test","204","z","4","shape1.jpg","6","<none>","Zoli","You","1","Waru","2","1","1065"
"3012","2","test","205","m","1","shape1.jpg","6","<none>","Zoli","You","1","Waru","1","1","1073"
"3012","2","test","206","m","3","shape3.jpg","6","<none>","Zoli","You","1","Waru","1","1","842"
"3012","2","test","207","m","1","shape1.jpg","6","<none>","Zoli","You","1","Waru","1","1","754"
"3012","2","test","208","z","4","shape1.jpg","6","<none>","Zoli","You","1","Waru","2","1","889"
"3012","2","test","209","z","5","shape2.jpg","6","<none>","Zoli","You","1","Waru","2","1","1159"
"3012","2","test","210","z","9","shape3.jpg","6","<none>","Zoli","You","1","Waru","2","1","915"
"3012","2","test","211","m","3","shape3.jpg","6","<none>","Zoli","You","1","Waru","1","1","809"
"3012","2","test","212","z","9","shape3.jpg","6","<none>","Zoli","You","1","Waru","2","1","652"
"3012","2","test","213","m","1","shape1.jpg","6","<none>","Zoli","You","1","Waru","1","1","950"
"3012","2","test","214","m","1","shape1.jpg","6","<none>","Zoli","You","1","Waru","1","1","778"
"3012","2","test","215","z","7","shape1.jpg","6","<none>","Zoli","You","1","Waru","2","1","823"
"3012","2","test","216","m","4","shape1.jpg","6","<none>","Zoli","You","1","Waru","2","0","1017"
"3012","2","test","217","z","5","shape2.jpg","6","<none>","Zoli","You","1","Waru","2","1","1346"
"3012","2","test","218","m","3","shape3.jpg","6","<none>","Zoli","You","1","Waru","1","1","709"
"3012","2","test","219","z","6","shape3.jpg","6","<none>","Zoli","You","1","Waru","2","1","862"
"3012","2","test","220","m","1","shape1.jpg","6","<none>","Zoli","You","1","Waru","1","1","727"
"3012","2","test","221","m","1","shape1.jpg","6","<none>","Zoli","You","1","Waru","1","1","733"
"3012","2","test","222","m","1","shape1.jpg","6","<none>","Zoli","You","1","Waru","1","1","603"
"3012","2","test","223","m","3","shape3.jpg","6","<none>","Zoli","You","1","Waru","1","1","743"
"3012","2","test","224","m","1","shape1.jpg","6","<none>","Zoli","You","1","Waru","1","1","997"
"3012","2","test","225","m","3","shape3.jpg","6","<none>","Zoli","You","1","Waru","1","1","696"
"3012","2","test","226","m","1","shape1.jpg","6","<none>","Zoli","You","1","Waru","1","1","704"
"3012","2","test","227","z","4","shape1.jpg","6","<none>","Zoli","You","1","Waru","2","1","927"
"3012","2","test","228","z","5","shape2.jpg","6","<none>","Zoli","You","1","Waru","2","1","1005"
"3012","2","test","229","x","8","shape2.jpg","6","<none>","Zoli","You","1","Waru","2","0","1500"
"3012","2","test","230","x","4","shape1.jpg","6","<none>","Zoli","You","1","Waru","2","0","1499"
"3012","2","test","231","z","9","shape3.jpg","6","<none>","Zoli","You","1","Waru","2","1","815"
"3012","2","test","232","m","2","shape2.jpg","6","<none>","Zoli","You","1","Waru","1","1","753"
"3012","2","test","233","m","2","shape2.jpg","6","<none>","Zoli","You","1","Waru","1","1","566"
"3012","2","test","234","z","9","shape3.jpg","6","<none>","Zoli","You","1","Waru","2","1","620"
"3012","2","test","235","m","2","shape2.jpg","6","<none>","Zoli","You","1","Waru","1","1","599"
"3012","2","test","236","m","3","shape3.jpg","6","<none>","Zoli","You","1","Waru","1","1","698"
"3012","2","test","237","m","4","shape1.jpg","6","<none>","Zoli","You","1","Waru","2","0","762"
"3012","2","test","238","m","1","shape1.jpg","6","<none>","Zoli","You","1","Waru","1","1","727"
"3012","2","test","239","m","3","shape3.jpg","6","<none>","Zoli","You","1","Waru","1","1","1102"
"3012","2","test","240","z","6","shape3.jpg","6","<none>","Zoli","You","1","Waru","2","1","842"
"3012","2","test","241","z","4","shape1.jpg","6","<none>","Zoli","You","1","Waru","2","1","1150"
"3012","2","test","242","m","2","shape2.jpg","6","<none>","Zoli","You","1","Waru","1","1","650"
"3012","2","test","243","z","5","shape2.jpg","6","<none>","Zoli","You","1","Waru","2","1","762"
"3012","2","test","244","m","2","shape2.jpg","6","<none>","Zoli","You","1","Waru","1","1","537"
"3012","2","test","245","z","7","shape1.jpg","6","<none>","Zoli","You","1","Waru","2","1","751"
"3012","2","test","246","m","1","shape1.jpg","6","<none>","Zoli","You","1","Waru","1","1","650"
"3012","2","test","247","z","7","shape1.jpg","6","<none>","Zoli","You","1","Waru","2","1","1253"
"3012","2","test","248","m","2","shape2.jpg","6","<none>","Zoli","You","1","Waru","1","1","669"
"3012","2","test","249","z","8","shape2.jpg","6","<none>","Zoli","You","1","Waru","2","1","694"
"3012","2","test","250","m","2","shape2.jpg","6","<none>","Zoli","You","1","Waru","1","1","654"
"3012","2","test","251","m","2","shape2.jpg","6","<none>","Zoli","You","1","Waru","1","1","725"
"3012","2","test","252","m","3","shape3.jpg","6","<none>","Zoli","You","1","Waru","1","1","700"
"3012","2","test","253","z","6","shape3.jpg","6","<none>","Zoli","You","1","Waru","2","1","829"
"3012","2","test","254","z","7","shape1.jpg","6","<none>","Zoli","You","1","Waru","2","1","727"
"3012","2","test","255","m","2","shape2.jpg","6","<none>","Zoli","You","1","Waru","1","1","668"
"3012","2","test","256","z","6","shape3.jpg","6","<none>","Zoli","You","1","Waru","2","1","758"
"3012","2","test","257","m","1","shape1.jpg","6","<none>","Zoli","You","1","Waru","1","1","1003"
"3012","2","test","258","m","1","shape1.jpg","6","<none>","Zoli","You","1","Waru","1","1","709"
"3012","2","test","259","m","2","shape2.jpg","6","<none>","Zoli","You","1","Waru","1","1","652"
"3012","2","test","260","z","4","shape1.jpg","6","<none>","Zoli","You","1","Waru","2","1","710"
"3012","2","test","261","m","2","shape2.jpg","6","<none>","Zoli","You","1","Waru","1","1","764"
"3012","2","test","262","m","2","shape2.jpg","6","<none>","Zoli","You","1","Waru","1","1","691"
"3012","2","test","263","m","3","shape3.jpg","6","<none>","Zoli","You","1","Waru","1","1","649"
"3012","2","test","264","z","8","shape2.jpg","6","<none>","Zoli","You","1","Waru","2","1","683"
"3012","2","test","265","m","1","shape1.jpg","6","<none>","Zoli","You","1","Waru","1","1","747"
"3012","2","test","266","m","8","shape2.jpg","6","<none>","Zoli","You","1","Waru","2","0","761"
"3012","2","test","267","z","6","shape3.jpg","6","<none>","Zoli","You","1","Waru","2","1","742"
"3012","2","test","268","z","5","shape2.jpg","6","<none>","Zoli","You","1","Waru","2","1","964"
"3012","2","test","269","z","8","shape2.jpg","6","<none>","Zoli","You","1","Waru","2","1","800"
"3012","2","test","270","z","3","shape3.jpg","6","<none>","Zoli","You","1","Waru","1","0","811"
"3012","2","test","271","z","6","shape3.jpg","6","<none>","Zoli","You","1","Waru","2","1","815"
"3012","2","test","272","z","8","shape2.jpg","6","<none>","Zoli","You","1","Waru","2","1","841"
"3012","2","test","273","m","1","shape1.jpg","6","<none>","Zoli","You","1","Waru","1","1","995"
"3012","2","test","274","m","1","shape1.jpg","6","<none>","Zoli","You","1","Waru","1","1","765"
"3012","2","test","275","z","6","shape3.jpg","6","<none>","Zoli","You","1","Waru","2","1","674"
"3012","2","test","276","z","7","shape1.jpg","6","<none>","Zoli","You","1","Waru","2","1","1274"
"3012","2","test","277","z","1","shape1.jpg","6","<none>","Zoli","You","1","Waru","1","0","889"
"3012","2","test","278","x","6","shape3.jpg","6","<none>","Zoli","You","1","Waru","2","0","1499"
"3012","2","test","279","z","4","shape1.jpg","6","<none>","Zoli","You","1","Waru","2","1","1284"
"3012","2","test","280","z","8","shape2.jpg","6","<none>","Zoli","You","1","Waru","2","1","858"
"3012","2","test","281","m","1","shape1.jpg","6","<none>","Zoli","You","1","Waru","1","1","771"
"3012","2","test","282","z","9","shape3.jpg","6","<none>","Zoli","You","1","Waru","2","1","783"
"3012","2","test","283","z","7","shape1.jpg","6","<none>","Zoli","You","1","Waru","2","1","1443"
"3012","2","test","284","m","3","shape3.jpg","6","<none>","Zoli","You","1","Waru","1","1","660"
"3012","2","test","285","z","7","shape1.jpg","6","<none>","Zoli","You","1","Waru","2","1","949"
"3012","2","test","286","m","1","shape1.jpg","6","<none>","Zoli","You","1","Waru","1","1","954"
"3012","2","test","287","m","2","shape2.jpg","6","<none>","Zoli","You","1","Waru","1","1","654"
"3012","2","test","288","m","9","shape3.jpg","6","<none>","Zoli","You","1","Waru","2","0","1025"
"3012","2","test","289","z","6","shape3.jpg","6","<none>","Zoli","You","1","Waru","2","1","794"
"3012","2","test","290","z","8","shape2.jpg","6","<none>","Zoli","You","1","Waru","2","1","790"
"3012","2","test","291","m","1","shape1.jpg","6","<none>","Zoli","You","1","Waru","1","1","936"
"3012","2","test","292","z","8","shape2.jpg","6","<none>","Zoli","You","1","Waru","2","1","1141"
"3012","2","test","293","z","9","shape3.jpg","6","<none>","Zoli","You","1","Waru","2","1","771"
"3012","2","test","294","z","3","shape3.jpg","6","<none>","Zoli","You","1","Waru","1","0","895"
"3012","2","test","295","z","7","shape1.jpg","6","<none>","Zoli","You","1","Waru","2","1","702"
"3012","2","test","296","m","2","shape2.jpg","6","<none>","Zoli","You","1","Waru","1","1","637"
"3012","2","test","297","m","1","shape1.jpg","6","<none>","Zoli","You","1","Waru","1","1","791"
"3012","2","test","298","z","5","shape2.jpg","6","<none>","Zoli","You","1","Waru","2","1","731"
"3012","2","test","299","z","5","shape2.jpg","6","<none>","Zoli","You","1","Waru","2","1","632"
"3012","2","test","300","m","5","shape2.jpg","6","<none>","Zoli","You","1","Waru","2","0","796"
"3012","2","test","301","m","1","shape1.jpg","6","<none>","Zoli","You","1","Waru","1","1","896"
"3012","2","test","302","z","7","shape1.jpg","6","<none>","Zoli","You","1","Waru","2","1","886"
"3012","2","test","303","m","3","shape3.jpg","6","<none>","Zoli","You","1","Waru","1","1","806"
"3012","2","test","304","z","8","shape2.jpg","6","<none>","Zoli","You","1","Waru","2","1","985"
"3012","2","test","305","m","2","shape2.jpg","6","<none>","Zoli","You","1","Waru","1","1","932"
"3012","2","test","306","z","6","shape3.jpg","6","<none>","Zoli","You","1","Waru","2","1","843"
"3012","2","test","307","m","4","shape1.jpg","6","<none>","Zoli","You","1","Waru","2","0","885"
"3012","2","test","308","m","2","shape2.jpg","6","<none>","Zoli","You","1","Waru","1","1","708"
"3012","2","test","309","m","2","shape2.jpg","6","<none>","Zoli","You","1","Waru","1","1","754"
"3012","2","test","310","z","7","shape1.jpg","6","<none>","Zoli","You","1","Waru","2","1","720"
"3012","2","test","311","m","2","shape2.jpg","6","<none>","Zoli","You","1","Waru","1","1","677"
"3012","2","test","312","m","3","shape3.jpg","6","<none>","Zoli","You","1","Waru","1","1","934"
"3012","2","test","313","z","9","shape3.jpg","6","<none>","Zoli","You","1","Waru","2","1","764"
"3012","2","test","314","z","8","shape2.jpg","6","<none>","Zoli","You","1","Waru","2","1","960"
"3012","2","test","315","z","5","shape2.jpg","6","<none>","Zoli","You","1","Waru","2","1","829"
"3012","2","test","316","z","4","shape1.jpg","6","<none>","Zoli","You","1","Waru","2","1","983"
"3012","2","test","317","m","2","shape2.jpg","6","<none>","Zoli","You","1","Waru","1","1","770"
"3012","2","test","318","m","2","shape2.jpg","6","<none>","Zoli","You","1","Waru","1","1","831"
"3012","2","test","319","z","7","shape1.jpg","6","<none>","Zoli","You","1","Waru","2","1","769"
"3012","2","test","320","z","9","shape3.jpg","6","<none>","Zoli","You","1","Waru","2","1","789"
"3012","2","test","321","z","8","shape2.jpg","6","<none>","Zoli","You","1","Waru","2","1","1145"
"3012","2","test","322","m","3","shape3.jpg","6","<none>","Zoli","You","1","Waru","1","1","1078"
"3012","2","test","323","z","9","shape3.jpg","6","<none>","Zoli","You","1","Waru","2","1","245"
"3012","2","test","324","m","4","shape1.jpg","6","<none>","Zoli","You","1","Waru","2","0","1056"
"3012","2","test","325","z","7","shape1.jpg","6","<none>","Zoli","You","1","Waru","2","1","858"
"3012","2","test","326","z","5","shape2.jpg","6","<none>","Zoli","You","1","Waru","2","1","794"
"3012","2","test","327","z","6","shape3.jpg","6","<none>","Zoli","You","1","Waru","2","1","758"
"3012","2","test","328","m","3","shape3.jpg","6","<none>","Zoli","You","1","Waru","1","1","659"
"3012","2","test","329","m","3","shape3.jpg","6","<none>","Zoli","You","1","Waru","1","1","573"
"3012","2","test","330","z","5","shape2.jpg","6","<none>","Zoli","You","1","Waru","2","1","705"
"3012","2","test","331","z","7","shape1.jpg","6","<none>","Zoli","You","1","Waru","2","1","705"
"3012","2","test","332","m","3","shape3.jpg","6","<none>","Zoli","You","1","Waru","1","1","809"
"3012","2","test","333","m","2","shape2.jpg","6","<none>","Zoli","You","1","Waru","1","1","755"
"3012","2","test","334","z","3","shape3.jpg","6","<none>","Zoli","You","1","Waru","1","0","159"
"3012","2","test","335","x","4","shape1.jpg","6","<none>","Zoli","You","1","Waru","2","0","1499"
"3012","2","test","336","m","1","shape1.jpg","6","<none>","Zoli","You","1","Waru","1","1","1091"
"3012","2","test","337","m","2","shape2.jpg","6","<none>","Zoli","You","1","Waru","1","1","609"
"3012","2","test","338","z","4","shape1.jpg","6","<none>","Zoli","You","1","Waru","2","1","796"
"3012","2","test","339","z","5","shape2.jpg","6","<none>","Zoli","You","1","Waru","2","1","825"
"3012","2","test","340","z","4","shape1.jpg","6","<none>","Zoli","You","1","Waru","2","1","890"
"3012","2","test","341","z","7","shape1.jpg","6","<none>","Zoli","You","1","Waru","2","1","802"
"3012","2","test","342","z","1","shape1.jpg","6","<none>","Zoli","You","1","Waru","1","0","988"
"3012","2","test","343","m","3","shape3.jpg","6","<none>","Zoli","You","1","Waru","1","1","944"
"3012","2","test","344","m","3","shape3.jpg","6","<none>","Zoli","You","1","Waru","1","1","725"
"3012","2","test","345","m","2","shape2.jpg","6","<none>","Zoli","You","1","Waru","1","1","771"
"3012","2","test","346","z","9","shape3.jpg","6","<none>","Zoli","You","1","Waru","2","1","816"
"3012","2","test","347","z","8","shape2.jpg","6","<none>","Zoli","You","1","Waru","2","1","1026"
"3012","2","test","348","z","4","shape1.jpg","6","<none>","Zoli","You","1","Waru","2","1","1020"
"3012","2","test","349","z","8","shape2.jpg","6","<none>","Zoli","You","1","Waru","2","1","1006"
"3012","2","test","350","m","1","shape1.jpg","6","<none>","Zoli","You","1","Waru","1","1","1360"
"3012","2","test","351","m","3","shape3.jpg","6","<none>","Zoli","You","1","Waru","1","1","899"
"3012","2","test","352","z","5","shape2.jpg","6","<none>","Zoli","You","1","Waru","2","1","1058"
"3012","2","test","353","z","7","shape1.jpg","6","<none>","Zoli","You","1","Waru","2","1","920"
"3012","2","test","354","z","8","shape2.jpg","6","<none>","Zoli","You","1","Waru","2","1","984"
"3012","2","test","355","z","8","shape2.jpg","6","<none>","Zoli","You","1","Waru","2","1","771"
"3012","2","test","356","m","1","shape1.jpg","6","<none>","Zoli","You","1","Waru","1","1","1103"
"3012","2","test","357","z","9","shape3.jpg","6","<none>","Zoli","You","1","Waru","2","1","911"
"3012","2","test","358","z","1","shape1.jpg","6","<none>","Zoli","You","1","Waru","1","0","852"
"3012","2","test","359","m","1","shape1.jpg","6","<none>","Zoli","You","1","Waru","1","1","837"
"3012","2","test","360","m","2","shape2.jpg","6","<none>","Zoli","You","1","Waru","1","1","614"
"3013","1","test","1","z","3","shape3.jpg","1","You","Balazs","<none>","2","Waru","1","1","1115"
"3013","1","test","2","z","1","shape1.jpg","1","You","Balazs","<none>","2","Waru","1","1","649"
"3013","1","test","3","z","2","shape2.jpg","1","You","Balazs","<none>","2","Waru","1","1","498"
"3013","1","test","4","m","9","shape3.jpg","1","You","Balazs","<none>","2","Waru","2","1","658"
"3013","1","test","5","m","5","shape2.jpg","1","You","Balazs","<none>","2","Waru","2","1","684"
"3013","1","test","6","z","3","shape3.jpg","1","You","Balazs","<none>","2","Waru","1","1","715"
"3013","1","test","7","m","9","shape3.jpg","1","You","Balazs","<none>","2","Waru","2","1","914"
"3013","1","test","8","z","3","shape3.jpg","1","You","Balazs","<none>","2","Waru","1","1","802"
"3013","1","test","9","m","9","shape3.jpg","1","You","Balazs","<none>","2","Waru","2","1","1036"
"3013","1","test","10","z","3","shape3.jpg","1","You","Balazs","<none>","2","Waru","1","1","870"
"3013","1","test","11","m","5","shape2.jpg","1","You","Balazs","<none>","2","Waru","2","1","1013"
"3013","1","test","12","m","9","shape3.jpg","1","You","Balazs","<none>","2","Waru","2","1","647"
"3013","1","test","13","z","6","shape3.jpg","1","You","Balazs","<none>","2","Waru","2","0","833"
"3013","1","test","14","m","5","shape2.jpg","1","You","Balazs","<none>","2","Waru","2","1","883"
"3013","1","test","15","m","6","shape3.jpg","1","You","Balazs","<none>","2","Waru","2","1","906"
"3013","1","test","16","z","4","shape1.jpg","1","You","Balazs","<none>","2","Waru","2","0","921"
"3013","1","test","17","z","3","shape3.jpg","1","You","Balazs","<none>","2","Waru","1","1","871"
"3013","1","test","18","m","8","shape2.jpg","1","You","Balazs","<none>","2","Waru","2","1","671"
"3013","1","test","19","m","9","shape3.jpg","1","You","Balazs","<none>","2","Waru","2","1","809"
"3013","1","test","20","m","6","shape3.jpg","1","You","Balazs","<none>","2","Waru","2","1","843"
"3013","1","test","21","z","4","shape1.jpg","1","You","Balazs","<none>","2","Waru","2","0","740"
"3013","1","test","22","z","3","shape3.jpg","1","You","Balazs","<none>","2","Waru","1","1","801"
"3013","1","test","23","m","6","shape3.jpg","1","You","Balazs","<none>","2","Waru","2","1","790"
"3013","1","test","24","m","2","shape2.jpg","1","You","Balazs","<none>","2","Waru","1","0","729"
"3013","1","test","25","m","8","shape2.jpg","1","You","Balazs","<none>","2","Waru","2","1","975"
"3013","1","test","26","m","9","shape3.jpg","1","You","Balazs","<none>","2","Waru","2","1","684"
"3013","1","test","27","z","1","shape1.jpg","1","You","Balazs","<none>","2","Waru","1","1","1251"
"3013","1","test","28","m","6","shape3.jpg","1","You","Balazs","<none>","2","Waru","2","1","739"
"3013","1","test","29","z","4","shape1.jpg","1","You","Balazs","<none>","2","Waru","2","0","641"
"3013","1","test","30","z","1","shape1.jpg","1","You","Balazs","<none>","2","Waru","1","1","1211"
"3013","1","test","31","m","6","shape3.jpg","1","You","Balazs","<none>","2","Waru","2","1","732"
"3013","1","test","32","m","5","shape2.jpg","1","You","Balazs","<none>","2","Waru","2","1","707"
"3013","1","test","33","m","8","shape2.jpg","1","You","Balazs","<none>","2","Waru","2","1","674"
"3013","1","test","34","z","1","shape1.jpg","1","You","Balazs","<none>","2","Waru","1","1","1139"
"3013","1","test","35","z","3","shape3.jpg","1","You","Balazs","<none>","2","Waru","1","1","719"
"3013","1","test","36","z","3","shape3.jpg","1","You","Balazs","<none>","2","Waru","1","1","598"
"3013","1","test","37","z","1","shape1.jpg","1","You","Balazs","<none>","2","Waru","1","1","514"
"3013","1","test","38","m","8","shape2.jpg","1","You","Balazs","<none>","2","Waru","2","1","665"
"3013","1","test","39","m","7","shape1.jpg","1","You","Balazs","<none>","2","Waru","2","1","761"
"3013","1","test","40","z","1","shape1.jpg","1","You","Balazs","<none>","2","Waru","1","1","591"
"3013","1","test","41","z","2","shape2.jpg","1","You","Balazs","<none>","2","Waru","1","1","731"
"3013","1","test","42","m","6","shape3.jpg","1","You","Balazs","<none>","2","Waru","2","1","657"
"3013","1","test","43","m","6","shape3.jpg","1","You","Balazs","<none>","2","Waru","2","1","636"
"3013","1","test","44","m","2","shape2.jpg","1","You","Balazs","<none>","2","Waru","1","0","533"
"3013","1","test","45","m","5","shape2.jpg","1","You","Balazs","<none>","2","Waru","2","1","723"
"3013","1","test","46","m","5","shape2.jpg","1","You","Balazs","<none>","2","Waru","2","1","930"
"3013","1","test","47","z","3","shape3.jpg","1","You","Balazs","<none>","2","Waru","1","1","736"
"3013","1","test","48","z","3","shape3.jpg","1","You","Balazs","<none>","2","Waru","1","1","1439"
"3013","1","test","49","m","4","shape1.jpg","1","You","Balazs","<none>","2","Waru","2","1","1142"
"3013","1","test","50","m","5","shape2.jpg","1","You","Balazs","<none>","2","Waru","2","1","634"
"3013","1","test","51","m","8","shape2.jpg","1","You","Balazs","<none>","2","Waru","2","1","981"
"3013","1","test","52","z","2","shape2.jpg","1","You","Balazs","<none>","2","Waru","1","1","929"
"3013","1","test","53","m","5","shape2.jpg","1","You","Balazs","<none>","2","Waru","2","1","1174"
"3013","1","test","54","m","4","shape1.jpg","1","You","Balazs","<none>","2","Waru","2","1","1226"
"3013","1","test","55","z","1","shape1.jpg","1","You","Balazs","<none>","2","Waru","1","1","787"
"3013","1","test","56","z","1","shape1.jpg","1","You","Balazs","<none>","2","Waru","1","1","797"
"3013","1","test","57","m","8","shape2.jpg","1","You","Balazs","<none>","2","Waru","2","1","682"
"3013","1","test","58","z","1","shape1.jpg","1","You","Balazs","<none>","2","Waru","1","1","642"
"3013","1","test","59","z","2","shape2.jpg","1","You","Balazs","<none>","2","Waru","1","1","707"
"3013","1","test","60","m","5","shape2.jpg","1","You","Balazs","<none>","2","Waru","2","1","1124"
"3013","1","test","61","z","3","shape3.jpg","1","You","Balazs","<none>","2","Waru","1","1","776"
"3013","1","test","62","z","1","shape1.jpg","1","You","Balazs","<none>","2","Waru","1","1","820"
"3013","1","test","63","z","7","shape1.jpg","1","You","Balazs","<none>","2","Waru","2","0","911"
"3013","1","test","64","z","3","shape3.jpg","1","You","Balazs","<none>","2","Waru","1","1","661"
"3013","1","test","65","m","7","shape1.jpg","1","You","Balazs","<none>","2","Waru","2","1","750"
"3013","1","test","66","z","3","shape3.jpg","1","You","Balazs","<none>","2","Waru","1","1","1125"
"3013","1","test","67","z","2","shape2.jpg","1","You","Balazs","<none>","2","Waru","1","1","890"
"3013","1","test","68","z","2","shape2.jpg","1","You","Balazs","<none>","2","Waru","1","1","1353"
"3013","1","test","69","m","4","shape1.jpg","1","You","Balazs","<none>","2","Waru","2","1","932"
"3013","1","test","70","m","9","shape3.jpg","1","You","Balazs","<none>","2","Waru","2","1","787"
"3013","1","test","71","x","3","shape3.jpg","1","You","Balazs","<none>","2","Waru","1","0","1498"
"3013","1","test","72","z","6","shape3.jpg","1","You","Balazs","<none>","2","Waru","2","0","1002"
"3013","1","test","73","z","1","shape1.jpg","1","You","Balazs","<none>","2","Waru","1","1","716"
"3013","1","test","74","z","3","shape3.jpg","1","You","Balazs","<none>","2","Waru","1","1","683"
"3013","1","test","75","x","8","shape2.jpg","1","You","Balazs","<none>","2","Waru","2","0","1499"
"3013","1","test","76","z","2","shape2.jpg","1","You","Balazs","<none>","2","Waru","1","1","757"
"3013","1","test","77","z","1","shape1.jpg","1","You","Balazs","<none>","2","Waru","1","1","603"
"3013","1","test","78","m","5","shape2.jpg","1","You","Balazs","<none>","2","Waru","2","1","918"
"3013","1","test","79","z","1","shape1.jpg","1","You","Balazs","<none>","2","Waru","1","1","878"
"3013","1","test","80","m","7","shape1.jpg","1","You","Balazs","<none>","2","Waru","2","1","709"
"3013","1","test","81","z","1","shape1.jpg","1","You","Balazs","<none>","2","Waru","1","1","715"
"3013","1","test","82","m","5","shape2.jpg","1","You","Balazs","<none>","2","Waru","2","1","812"
"3013","1","test","83","m","7","shape1.jpg","1","You","Balazs","<none>","2","Waru","2","1","718"
"3013","1","test","84","z","2","shape2.jpg","1","You","Balazs","<none>","2","Waru","1","1","972"
"3013","1","test","85","m","9","shape3.jpg","1","You","Balazs","<none>","2","Waru","2","1","663"
"3013","1","test","86","m","9","shape3.jpg","1","You","Balazs","<none>","2","Waru","2","1","681"
"3013","1","test","87","z","1","shape1.jpg","1","You","Balazs","<none>","2","Waru","1","1","729"
"3013","1","test","88","z","2","shape2.jpg","1","You","Balazs","<none>","2","Waru","1","1","736"
"3013","1","test","89","z","2","shape2.jpg","1","You","Balazs","<none>","2","Waru","1","1","751"
"3013","1","test","90","m","7","shape1.jpg","1","You","Balazs","<none>","2","Waru","2","1","683"
"3013","1","test","91","z","1","shape1.jpg","1","You","Balazs","<none>","2","Waru","1","1","684"
"3013","1","test","92","m","4","shape1.jpg","1","You","Balazs","<none>","2","Waru","2","1","859"
"3013","1","test","93","m","3","shape3.jpg","1","You","Balazs","<none>","2","Waru","1","0","1347"
"3013","1","test","94","z","1","shape1.jpg","1","You","Balazs","<none>","2","Waru","1","1","615"
"3013","1","test","95","m","8","shape2.jpg","1","You","Balazs","<none>","2","Waru","2","1","602"
"3013","1","test","96","z","1","shape1.jpg","1","You","Balazs","<none>","2","Waru","1","1","591"
"3013","1","test","97","z","3","shape3.jpg","1","You","Balazs","<none>","2","Waru","1","1","729"
"3013","1","test","98","m","7","shape1.jpg","1","You","Balazs","<none>","2","Waru","2","1","785"
"3013","1","test","99","z","2","shape2.jpg","1","You","Balazs","<none>","2","Waru","1","1","957"
"3013","1","test","100","m","7","shape1.jpg","1","You","Balazs","<none>","2","Waru","2","1","1418"
"3013","1","test","101","z","2","shape2.jpg","1","You","Balazs","<none>","2","Waru","1","1","1313"
"3013","1","test","102","z","2","shape2.jpg","1","You","Balazs","<none>","2","Waru","1","1","694"
"3013","1","test","103","z","1","shape1.jpg","1","You","Balazs","<none>","2","Waru","1","1","647"
"3013","1","test","104","z","2","shape2.jpg","1","You","Balazs","<none>","2","Waru","1","1","672"
"3013","1","test","105","m","5","shape2.jpg","1","You","Balazs","<none>","2","Waru","2","1","706"
"3013","1","test","106","m","8","shape2.jpg","1","You","Balazs","<none>","2","Waru","2","1","873"
"3013","1","test","107","m","6","shape3.jpg","1","You","Balazs","<none>","2","Waru","2","1","1064"
"3013","1","test","108","x","6","shape3.jpg","1","You","Balazs","<none>","2","Waru","2","0","1499"
"3013","1","test","109","m","5","shape2.jpg","1","You","Balazs","<none>","2","Waru","2","1","790"
"3013","1","test","110","m","2","shape2.jpg","1","You","Balazs","<none>","2","Waru","1","0","921"
"3013","1","test","111","z","3","shape3.jpg","1","You","Balazs","<none>","2","Waru","1","1","742"
"3013","1","test","112","m","9","shape3.jpg","1","You","Balazs","<none>","2","Waru","2","1","637"
"3013","1","test","113","m","7","shape1.jpg","1","You","Balazs","<none>","2","Waru","2","1","1135"
"3013","1","test","114","m","9","shape3.jpg","1","You","Balazs","<none>","2","Waru","2","1","971"
"3013","1","test","115","z","1","shape1.jpg","1","You","Balazs","<none>","2","Waru","1","1","832"
"3013","1","test","116","m","6","shape3.jpg","1","You","Balazs","<none>","2","Waru","2","1","769"
"3013","1","test","117","m","2","shape2.jpg","1","You","Balazs","<none>","2","Waru","1","0","773"
"3013","1","test","118","m","8","shape2.jpg","1","You","Balazs","<none>","2","Waru","2","1","1251"
"3013","1","test","119","z","2","shape2.jpg","1","You","Balazs","<none>","2","Waru","1","1","1169"
"3013","1","test","120","m","3","shape3.jpg","1","You","Balazs","<none>","2","Waru","1","0","1220"
"3013","1","test","121","m","7","shape1.jpg","1","You","Balazs","<none>","2","Waru","2","1","931"
"3013","1","test","122","z","2","shape2.jpg","1","You","Balazs","<none>","2","Waru","1","1","648"
"3013","1","test","123","m","7","shape1.jpg","1","You","Balazs","<none>","2","Waru","2","1","731"
"3013","1","test","124","m","7","shape1.jpg","1","You","Balazs","<none>","2","Waru","2","1","856"
"3013","1","test","125","z","2","shape2.jpg","1","You","Balazs","<none>","2","Waru","1","1","737"
"3013","1","test","126","m","7","shape1.jpg","1","You","Balazs","<none>","2","Waru","2","1","878"
"3013","1","test","127","m","8","shape2.jpg","1","You","Balazs","<none>","2","Waru","2","1","807"
"3013","1","test","128","z","1","shape1.jpg","1","You","Balazs","<none>","2","Waru","1","1","809"
"3013","1","test","129","z","3","shape3.jpg","1","You","Balazs","<none>","2","Waru","1","1","718"
"3013","1","test","130","m","4","shape1.jpg","1","You","Balazs","<none>","2","Waru","2","1","779"
"3013","1","test","131","z","2","shape2.jpg","1","You","Balazs","<none>","2","Waru","1","1","736"
"3013","1","test","132","z","2","shape2.jpg","1","You","Balazs","<none>","2","Waru","1","1","814"
"3013","1","test","133","z","5","shape2.jpg","1","You","Balazs","<none>","2","Waru","2","0","720"
"3013","1","test","134","m","5","shape2.jpg","1","You","Balazs","<none>","2","Waru","2","1","655"
"3013","1","test","135","z","1","shape1.jpg","1","You","Balazs","<none>","2","Waru","1","1","904"
"3013","1","test","136","z","2","shape2.jpg","1","You","Balazs","<none>","2","Waru","1","1","791"
"3013","1","test","137","z","3","shape3.jpg","1","You","Balazs","<none>","2","Waru","1","1","786"
"3013","1","test","138","m","5","shape2.jpg","1","You","Balazs","<none>","2","Waru","2","1","719"
"3013","1","test","139","z","2","shape2.jpg","1","You","Balazs","<none>","2","Waru","1","1","725"
"3013","1","test","140","z","3","shape3.jpg","1","You","Balazs","<none>","2","Waru","1","1","908"
"3013","1","test","141","z","2","shape2.jpg","1","You","Balazs","<none>","2","Waru","1","1","730"
"3013","1","test","142","m","2","shape2.jpg","1","You","Balazs","<none>","2","Waru","1","0","881"
"3013","1","test","143","z","1","shape1.jpg","1","You","Balazs","<none>","2","Waru","1","1","577"
"3013","1","test","144","z","2","shape2.jpg","1","You","Balazs","<none>","2","Waru","1","1","782"
"3013","1","test","145","m","9","shape3.jpg","1","You","Balazs","<none>","2","Waru","2","1","729"
"3013","1","test","146","m","9","shape3.jpg","1","You","Balazs","<none>","2","Waru","2","1","753"
"3013","1","test","147","m","9","shape3.jpg","1","You","Balazs","<none>","2","Waru","2","1","734"
"3013","1","test","148","z","1","shape1.jpg","1","You","Balazs","<none>","2","Waru","1","1","1052"
"3013","1","test","149","m","4","shape1.jpg","1","You","Balazs","<none>","2","Waru","2","1","1116"
"3013","1","test","150","m","4","shape1.jpg","1","You","Balazs","<none>","2","Waru","2","1","802"
"3013","1","test","151","m","7","shape1.jpg","1","You","Balazs","<none>","2","Waru","2","1","1044"
"3013","1","test","152","m","7","shape1.jpg","1","You","Balazs","<none>","2","Waru","2","1","630"
"3013","1","test","153","m","5","shape2.jpg","1","You","Balazs","<none>","2","Waru","2","1","657"
"3013","1","test","154","m","8","shape2.jpg","1","You","Balazs","<none>","2","Waru","2","1","513"
"3013","1","test","155","m","4","shape1.jpg","1","You","Balazs","<none>","2","Waru","2","1","800"
"3013","1","test","156","m","4","shape1.jpg","1","You","Balazs","<none>","2","Waru","2","1","516"
"3013","1","test","157","m","8","shape2.jpg","1","You","Balazs","<none>","2","Waru","2","1","612"
"3013","1","test","158","m","4","shape1.jpg","1","You","Balazs","<none>","2","Waru","2","1","678"
"3013","1","test","159","m","3","shape3.jpg","1","You","Balazs","<none>","2","Waru","1","0","543"
"3013","1","test","160","m","4","shape1.jpg","1","You","Balazs","<none>","2","Waru","2","1","726"
"3013","1","test","161","z","2","shape2.jpg","1","You","Balazs","<none>","2","Waru","1","1","684"
"3013","1","test","162","m","7","shape1.jpg","1","You","Balazs","<none>","2","Waru","2","1","851"
"3013","1","test","163","z","2","shape2.jpg","1","You","Balazs","<none>","2","Waru","1","1","940"
"3013","1","test","164","z","2","shape2.jpg","1","You","Balazs","<none>","2","Waru","1","1","890"
"3013","1","test","165","z","2","shape2.jpg","1","You","Balazs","<none>","2","Waru","1","1","826"
"3013","1","test","166","z","2","shape2.jpg","1","You","Balazs","<none>","2","Waru","1","1","869"
"3013","1","test","167","m","9","shape3.jpg","1","You","Balazs","<none>","2","Waru","2","1","748"
"3013","1","test","168","m","4","shape1.jpg","1","You","Balazs","<none>","2","Waru","2","1","841"
"3013","1","test","169","m","8","shape2.jpg","1","You","Balazs","<none>","2","Waru","2","1","571"
"3013","1","test","170","z","3","shape3.jpg","1","You","Balazs","<none>","2","Waru","1","1","776"
"3013","1","test","171","m","8","shape2.jpg","1","You","Balazs","<none>","2","Waru","2","1","717"
"3013","1","test","172","m","8","shape2.jpg","1","You","Balazs","<none>","2","Waru","2","1","1044"
"3013","1","test","173","z","3","shape3.jpg","1","You","Balazs","<none>","2","Waru","1","1","683"
"3013","1","test","174","m","4","shape1.jpg","1","You","Balazs","<none>","2","Waru","2","1","1221"
"3013","1","test","175","z","2","shape2.jpg","1","You","Balazs","<none>","2","Waru","1","1","741"
"3013","1","test","176","m","6","shape3.jpg","1","You","Balazs","<none>","2","Waru","2","1","939"
"3013","1","test","177","m","4","shape1.jpg","1","You","Balazs","<none>","2","Waru","2","1","985"
"3013","1","test","178","m","5","shape2.jpg","1","You","Balazs","<none>","2","Waru","2","1","787"
"3013","1","test","179","m","1","shape1.jpg","1","You","Balazs","<none>","2","Waru","1","0","662"
"3013","1","test","180","z","1","shape1.jpg","1","You","Balazs","<none>","2","Waru","1","1","527"
"3013","1","test","181","m","6","shape3.jpg","1","You","Balazs","<none>","2","Waru","2","1","967"
"3013","1","test","182","z","2","shape2.jpg","1","You","Balazs","<none>","2","Waru","1","1","956"
"3013","1","test","183","x","8","shape2.jpg","1","You","Balazs","<none>","2","Waru","2","0","1499"
"3013","1","test","184","m","8","shape2.jpg","1","You","Balazs","<none>","2","Waru","2","1","732"
"3013","1","test","185","m","3","shape3.jpg","1","You","Balazs","<none>","2","Waru","1","0","1106"
"3013","1","test","186","m","8","shape2.jpg","1","You","Balazs","<none>","2","Waru","2","1","958"
"3013","1","test","187","m","9","shape3.jpg","1","You","Balazs","<none>","2","Waru","2","1","1380"
"3013","1","test","188","z","1","shape1.jpg","1","You","Balazs","<none>","2","Waru","1","1","774"
"3013","1","test","189","m","9","shape3.jpg","1","You","Balazs","<none>","2","Waru","2","1","1315"
"3013","1","test","190","z","7","shape1.jpg","1","You","Balazs","<none>","2","Waru","2","0","1192"
"3013","1","test","191","m","4","shape1.jpg","1","You","Balazs","<none>","2","Waru","2","1","1089"
"3013","1","test","192","z","3","shape3.jpg","1","You","Balazs","<none>","2","Waru","1","1","690"
"3013","1","test","193","m","5","shape2.jpg","1","You","Balazs","<none>","2","Waru","2","1","697"
"3013","1","test","194","z","3","shape3.jpg","1","You","Balazs","<none>","2","Waru","1","1","769"
"3013","1","test","195","m","6","shape3.jpg","1","You","Balazs","<none>","2","Waru","2","1","1133"
"3013","1","test","196","z","2","shape2.jpg","1","You","Balazs","<none>","2","Waru","1","1","714"
"3013","1","test","197","z","2","shape2.jpg","1","You","Balazs","<none>","2","Waru","1","1","1154"
"3013","1","test","198","m","7","shape1.jpg","1","You","Balazs","<none>","2","Waru","2","1","742"
"3013","1","test","199","z","1","shape1.jpg","1","You","Balazs","<none>","2","Waru","1","1","1253"
"3013","1","test","200","z","2","shape2.jpg","1","You","Balazs","<none>","2","Waru","1","1","755"
"3013","1","test","201","m","5","shape2.jpg","1","You","Balazs","<none>","2","Waru","2","1","688"
"3013","1","test","202","m","6","shape3.jpg","1","You","Balazs","<none>","2","Waru","2","1","1184"
"3013","1","test","203","z","3","shape3.jpg","1","You","Balazs","<none>","2","Waru","1","1","676"
"3013","1","test","204","z","2","shape2.jpg","1","You","Balazs","<none>","2","Waru","1","1","707"
"3013","1","test","205","z","4","shape1.jpg","1","You","Balazs","<none>","2","Waru","2","0","634"
"3013","1","test","206","z","3","shape3.jpg","1","You","Balazs","<none>","2","Waru","1","1","637"
"3013","1","test","207","m","5","shape2.jpg","1","You","Balazs","<none>","2","Waru","2","1","696"
"3013","1","test","208","z","3","shape3.jpg","1","You","Balazs","<none>","2","Waru","1","1","567"
"3013","1","test","209","m","6","shape3.jpg","1","You","Balazs","<none>","2","Waru","2","1","732"
"3013","1","test","210","z","3","shape3.jpg","1","You","Balazs","<none>","2","Waru","1","1","1138"
"3013","1","test","211","m","4","shape1.jpg","1","You","Balazs","<none>","2","Waru","2","1","686"
"3013","1","test","212","z","2","shape2.jpg","1","You","Balazs","<none>","2","Waru","1","1","774"
"3013","1","test","213","m","9","shape3.jpg","1","You","Balazs","<none>","2","Waru","2","1","579"
"3013","1","test","214","m","8","shape2.jpg","1","You","Balazs","<none>","2","Waru","2","1","745"
"3013","1","test","215","m","8","shape2.jpg","1","You","Balazs","<none>","2","Waru","2","1","573"
"3013","1","test","216","m","6","shape3.jpg","1","You","Balazs","<none>","2","Waru","2","1","1020"
"3013","1","test","217","z","1","shape1.jpg","1","You","Balazs","<none>","2","Waru","1","1","908"
"3013","1","test","218","m","1","shape1.jpg","1","You","Balazs","<none>","2","Waru","1","0","795"
"3013","1","test","219","m","4","shape1.jpg","1","You","Balazs","<none>","2","Waru","2","1","646"
"3013","1","test","220","z","2","shape2.jpg","1","You","Balazs","<none>","2","Waru","1","1","641"
"3013","1","test","221","z","2","shape2.jpg","1","You","Balazs","<none>","2","Waru","1","1","627"
"3013","1","test","222","z","1","shape1.jpg","1","You","Balazs","<none>","2","Waru","1","1","686"
"3013","1","test","223","z","1","shape1.jpg","1","You","Balazs","<none>","2","Waru","1","1","966"
"3013","1","test","224","m","4","shape1.jpg","1","You","Balazs","<none>","2","Waru","2","1","865"
"3013","1","test","225","m","9","shape3.jpg","1","You","Balazs","<none>","2","Waru","2","1","699"
"3013","1","test","226","m","8","shape2.jpg","1","You","Balazs","<none>","2","Waru","2","1","945"
"3013","1","test","227","m","6","shape3.jpg","1","You","Balazs","<none>","2","Waru","2","1","880"
"3013","1","test","228","m","4","shape1.jpg","1","You","Balazs","<none>","2","Waru","2","1","871"
"3013","1","test","229","z","1","shape1.jpg","1","You","Balazs","<none>","2","Waru","1","1","591"
"3013","1","test","230","m","9","shape3.jpg","1","You","Balazs","<none>","2","Waru","2","1","683"
"3013","1","test","231","z","3","shape3.jpg","1","You","Balazs","<none>","2","Waru","1","1","650"
"3013","1","test","232","z","3","shape3.jpg","1","You","Balazs","<none>","2","Waru","1","1","822"
"3013","1","test","233","m","4","shape1.jpg","1","You","Balazs","<none>","2","Waru","2","1","615"
"3013","1","test","234","z","2","shape2.jpg","1","You","Balazs","<none>","2","Waru","1","1","610"
"3013","1","test","235","m","5","shape2.jpg","1","You","Balazs","<none>","2","Waru","2","1","918"
"3013","1","test","236","m","4","shape1.jpg","1","You","Balazs","<none>","2","Waru","2","1","700"
"3013","1","test","237","z","1","shape1.jpg","1","You","Balazs","<none>","2","Waru","1","1","883"
"3013","1","test","238","m","7","shape1.jpg","1","You","Balazs","<none>","2","Waru","2","1","738"
"3013","1","test","239","m","8","shape2.jpg","1","You","Balazs","<none>","2","Waru","2","1","703"
"3013","1","test","240","z","1","shape1.jpg","1","You","Balazs","<none>","2","Waru","1","1","752"
"3013","1","test","241","z","2","shape2.jpg","1","You","Balazs","<none>","2","Waru","1","1","794"
"3013","1","test","242","z","3","shape3.jpg","1","You","Balazs","<none>","2","Waru","1","1","621"
"3013","1","test","243","m","8","shape2.jpg","1","You","Balazs","<none>","2","Waru","2","1","553"
"3013","1","test","244","z","2","shape2.jpg","1","You","Balazs","<none>","2","Waru","1","1","558"
"3013","1","test","245","m","8","shape2.jpg","1","You","Balazs","<none>","2","Waru","2","1","963"
"3013","1","test","246","z","3","shape3.jpg","1","You","Balazs","<none>","2","Waru","1","1","1056"
"3013","1","test","247","z","1","shape1.jpg","1","You","Balazs","<none>","2","Waru","1","1","633"
"3013","1","test","248","m","8","shape2.jpg","1","You","Balazs","<none>","2","Waru","2","1","579"
"3013","1","test","249","m","4","shape1.jpg","1","You","Balazs","<none>","2","Waru","2","1","879"
"3013","1","test","250","z","2","shape2.jpg","1","You","Balazs","<none>","2","Waru","1","1","567"
"3013","1","test","251","z","1","shape1.jpg","1","You","Balazs","<none>","2","Waru","1","1","573"
"3013","1","test","252","z","1","shape1.jpg","1","You","Balazs","<none>","2","Waru","1","1","522"
"3013","1","test","253","m","5","shape2.jpg","1","You","Balazs","<none>","2","Waru","2","1","513"
"3013","1","test","254","m","9","shape3.jpg","1","You","Balazs","<none>","2","Waru","2","1","657"
"3013","1","test","255","z","2","shape2.jpg","1","You","Balazs","<none>","2","Waru","1","1","634"
"3013","1","test","256","z","1","shape1.jpg","1","You","Balazs","<none>","2","Waru","1","1","597"
"3013","1","test","257","m","9","shape3.jpg","1","You","Balazs","<none>","2","Waru","2","1","593"
"3013","1","test","258","z","6","shape3.jpg","1","You","Balazs","<none>","2","Waru","2","0","989"
"3013","1","test","259","m","3","shape3.jpg","1","You","Balazs","<none>","2","Waru","1","0","712"
"3013","1","test","260","m","7","shape1.jpg","1","You","Balazs","<none>","2","Waru","2","1","816"
"3013","1","test","261","z","1","shape1.jpg","1","You","Balazs","<none>","2","Waru","1","1","703"
"3013","1","test","262","m","3","shape3.jpg","1","You","Balazs","<none>","2","Waru","1","0","592"
"3013","1","test","263","m","9","shape3.jpg","1","You","Balazs","<none>","2","Waru","2","1","692"
"3013","1","test","264","z","7","shape1.jpg","1","You","Balazs","<none>","2","Waru","2","0","851"
"3013","1","test","265","z","3","shape3.jpg","1","You","Balazs","<none>","2","Waru","1","1","893"
"3013","1","test","266","m","5","shape2.jpg","1","You","Balazs","<none>","2","Waru","2","1","868"
"3013","1","test","267","z","1","shape1.jpg","1","You","Balazs","<none>","2","Waru","1","1","684"
"3013","1","test","268","m","8","shape2.jpg","1","You","Balazs","<none>","2","Waru","2","1","1214"
"3013","1","test","269","m","7","shape1.jpg","1","You","Balazs","<none>","2","Waru","2","1","863"
"3013","1","test","270","m","6","shape3.jpg","1","You","Balazs","<none>","2","Waru","2","1","913"
"3013","1","test","271","z","3","shape3.jpg","1","You","Balazs","<none>","2","Waru","1","1","791"
"3013","1","test","272","m","9","shape3.jpg","1","You","Balazs","<none>","2","Waru","2","1","681"
"3013","1","test","273","z","3","shape3.jpg","1","You","Balazs","<none>","2","Waru","1","1","1034"
"3013","1","test","274","m","4","shape1.jpg","1","You","Balazs","<none>","2","Waru","2","1","659"
"3013","1","test","275","m","6","shape3.jpg","1","You","Balazs","<none>","2","Waru","2","1","1260"
"3013","1","test","276","z","3","shape3.jpg","1","You","Balazs","<none>","2","Waru","1","1","957"
"3013","1","test","277","z","1","shape1.jpg","1","You","Balazs","<none>","2","Waru","1","1","824"
"3013","1","test","278","z","3","shape3.jpg","1","You","Balazs","<none>","2","Waru","1","1","659"
"3013","1","test","279","m","5","shape2.jpg","1","You","Balazs","<none>","2","Waru","2","1","1332"
"3013","1","test","280","m","7","shape1.jpg","1","You","Balazs","<none>","2","Waru","2","1","1338"
"3013","1","test","281","m","7","shape1.jpg","1","You","Balazs","<none>","2","Waru","2","1","598"
"3013","1","test","282","m","9","shape3.jpg","1","You","Balazs","<none>","2","Waru","2","1","857"
"3013","1","test","283","z","3","shape3.jpg","1","You","Balazs","<none>","2","Waru","1","1","746"
"3013","1","test","284","m","5","shape2.jpg","1","You","Balazs","<none>","2","Waru","2","1","623"
"3013","1","test","285","z","3","shape3.jpg","1","You","Balazs","<none>","2","Waru","1","1","698"
"3013","1","test","286","z","3","shape3.jpg","1","You","Balazs","<none>","2","Waru","1","1","681"
"3013","1","test","287","z","3","shape3.jpg","1","You","Balazs","<none>","2","Waru","1","1","474"
"3013","1","test","288","z","1","shape1.jpg","1","You","Balazs","<none>","2","Waru","1","1","692"
"3013","1","test","289","m","6","shape3.jpg","1","You","Balazs","<none>","2","Waru","2","1","627"
"3013","1","test","290","m","8","shape2.jpg","1","You","Balazs","<none>","2","Waru","2","1","685"
"3013","1","test","291","z","2","shape2.jpg","1","You","Balazs","<none>","2","Waru","1","1","1054"
"3013","1","test","292","z","2","shape2.jpg","1","You","Balazs","<none>","2","Waru","1","1","558"
"3013","1","test","293","z","3","shape3.jpg","1","You","Balazs","<none>","2","Waru","1","1","668"
"3013","1","test","294","z","1","shape1.jpg","1","You","Balazs","<none>","2","Waru","1","1","620"
"3013","1","test","295","z","3","shape3.jpg","1","You","Balazs","<none>","2","Waru","1","1","681"
"3013","1","test","296","m","8","shape2.jpg","1","You","Balazs","<none>","2","Waru","2","1","609"
"3013","1","test","297","z","1","shape1.jpg","1","You","Balazs","<none>","2","Waru","1","1","651"
"3013","1","test","298","z","2","shape2.jpg","1","You","Balazs","<none>","2","Waru","1","1","1308"
"3013","1","test","299","z","3","shape3.jpg","1","You","Balazs","<none>","2","Waru","1","1","699"
"3013","1","test","300","x","7","shape1.jpg","1","You","Balazs","<none>","2","Waru","2","0","1499"
"3013","1","test","301","z","3","shape3.jpg","1","You","Balazs","<none>","2","Waru","1","1","655"
"3013","1","test","302","m","5","shape2.jpg","1","You","Balazs","<none>","2","Waru","2","1","1016"
"3013","1","test","303","z","6","shape3.jpg","1","You","Balazs","<none>","2","Waru","2","0","1122"
"3013","1","test","304","z","3","shape3.jpg","1","You","Balazs","<none>","2","Waru","1","1","759"
"3013","1","test","305","m","8","shape2.jpg","1","You","Balazs","<none>","2","Waru","2","1","1244"
"3013","1","test","306","m","9","shape3.jpg","1","You","Balazs","<none>","2","Waru","2","1","829"
"3013","1","test","307","z","2","shape2.jpg","1","You","Balazs","<none>","2","Waru","1","1","774"
"3013","1","test","308","z","1","shape1.jpg","1","You","Balazs","<none>","2","Waru","1","1","1066"
"3013","1","test","309","z","1","shape1.jpg","1","You","Balazs","<none>","2","Waru","1","1","570"
"3013","1","test","310","m","5","shape2.jpg","1","You","Balazs","<none>","2","Waru","2","1","798"
"3013","1","test","311","m","4","shape1.jpg","1","You","Balazs","<none>","2","Waru","2","1","794"
"3013","1","test","312","z","1","shape1.jpg","1","You","Balazs","<none>","2","Waru","1","1","758"
"3013","1","test","313","m","6","shape3.jpg","1","You","Balazs","<none>","2","Waru","2","1","668"
"3013","1","test","314","m","9","shape3.jpg","1","You","Balazs","<none>","2","Waru","2","1","787"
"3013","1","test","315","z","3","shape3.jpg","1","You","Balazs","<none>","2","Waru","1","1","775"
"3013","1","test","316","m","5","shape2.jpg","1","You","Balazs","<none>","2","Waru","2","1","627"
"3013","1","test","317","z","1","shape1.jpg","1","You","Balazs","<none>","2","Waru","1","1","646"
"3013","1","test","318","z","1","shape1.jpg","1","You","Balazs","<none>","2","Waru","1","1","784"
"3013","1","test","319","m","9","shape3.jpg","1","You","Balazs","<none>","2","Waru","2","1","756"
"3013","1","test","320","m","1","shape1.jpg","1","You","Balazs","<none>","2","Waru","1","0","785"
"3013","1","test","321","m","7","shape1.jpg","1","You","Balazs","<none>","2","Waru","2","1","765"
"3013","1","test","322","z","3","shape3.jpg","1","You","Balazs","<none>","2","Waru","1","1","801"
"3013","1","test","323","m","6","shape3.jpg","1","You","Balazs","<none>","2","Waru","2","1","868"
"3013","1","test","324","m","2","shape2.jpg","1","You","Balazs","<none>","2","Waru","1","0","1093"
"3013","1","test","325","z","1","shape1.jpg","1","You","Balazs","<none>","2","Waru","1","1","715"
"3013","1","test","326","m","6","shape3.jpg","1","You","Balazs","<none>","2","Waru","2","1","1209"
"3013","1","test","327","m","9","shape3.jpg","1","You","Balazs","<none>","2","Waru","2","1","1420"
"3013","1","test","328","z","3","shape3.jpg","1","You","Balazs","<none>","2","Waru","1","1","716"
"3013","1","test","329","m","7","shape1.jpg","1","You","Balazs","<none>","2","Waru","2","1","1347"
"3013","1","test","330","z","1","shape1.jpg","1","You","Balazs","<none>","2","Waru","1","1","630"
"3013","1","test","331","z","1","shape1.jpg","1","You","Balazs","<none>","2","Waru","1","1","657"
"3013","1","test","332","z","2","shape2.jpg","1","You","Balazs","<none>","2","Waru","1","1","810"
"3013","1","test","333","z","1","shape1.jpg","1","You","Balazs","<none>","2","Waru","1","1","1332"
"3013","1","test","334","m","5","shape2.jpg","1","You","Balazs","<none>","2","Waru","2","1","690"
"3013","1","test","335","m","6","shape3.jpg","1","You","Balazs","<none>","2","Waru","2","1","1018"
"3013","1","test","336","m","7","shape1.jpg","1","You","Balazs","<none>","2","Waru","2","1","1051"
"3013","1","test","337","m","4","shape1.jpg","1","You","Balazs","<none>","2","Waru","2","1","741"
"3013","1","test","338","z","2","shape2.jpg","1","You","Balazs","<none>","2","Waru","1","1","857"
"3013","1","test","339","z","1","shape1.jpg","1","You","Balazs","<none>","2","Waru","1","1","762"
"3013","1","test","340","m","6","shape3.jpg","1","You","Balazs","<none>","2","Waru","2","1","784"
"3013","1","test","341","z","3","shape3.jpg","1","You","Balazs","<none>","2","Waru","1","1","674"
"3013","1","test","342","z","1","shape1.jpg","1","You","Balazs","<none>","2","Waru","1","1","699"
"3013","1","test","343","z","3","shape3.jpg","1","You","Balazs","<none>","2","Waru","1","1","683"
"3013","1","test","344","z","2","shape2.jpg","1","You","Balazs","<none>","2","Waru","1","1","731"
"3013","1","test","345","m","9","shape3.jpg","1","You","Balazs","<none>","2","Waru","2","1","802"
"3013","1","test","346","m","2","shape2.jpg","1","You","Balazs","<none>","2","Waru","1","0","1085"
"3013","1","test","347","z","1","shape1.jpg","1","You","Balazs","<none>","2","Waru","1","1","652"
"3013","1","test","348","z","1","shape1.jpg","1","You","Balazs","<none>","2","Waru","1","1","605"
"3013","1","test","349","z","2","shape2.jpg","1","You","Balazs","<none>","2","Waru","1","1","1176"
"3013","1","test","350","z","2","shape2.jpg","1","You","Balazs","<none>","2","Waru","1","1","557"
"3013","1","test","351","z","2","shape2.jpg","1","You","Balazs","<none>","2","Waru","1","1","514"
"3013","1","test","352","m","7","shape1.jpg","1","You","Balazs","<none>","2","Waru","2","1","1168"
"3013","1","test","353","m","6","shape3.jpg","1","You","Balazs","<none>","2","Waru","2","1","1123"
"3013","1","test","354","z","2","shape2.jpg","1","You","Balazs","<none>","2","Waru","1","1","906"
"3013","1","test","355","z","1","shape1.jpg","1","You","Balazs","<none>","2","Waru","1","1","639"
"3013","1","test","356","z","3","shape3.jpg","1","You","Balazs","<none>","2","Waru","1","1","1019"
"3013","1","test","357","z","3","shape3.jpg","1","You","Balazs","<none>","2","Waru","1","1","611"
"3013","1","test","358","m","4","shape1.jpg","1","You","Balazs","<none>","2","Waru","2","1","536"
"3013","1","test","359","m","7","shape1.jpg","1","You","Balazs","<none>","2","Waru","2","1","845"
"3013","1","test","360","z","3","shape3.jpg","1","You","Balazs","<none>","2","Waru","1","1","728"
"3014","2","test","1","m","1","shape1.jpg","2","You","<none>","Via","2","Waru","1","1","800"
"3014","2","test","2","m","3","shape3.jpg","2","You","<none>","Via","2","Waru","1","1","569"
"3014","2","test","3","z","7","shape1.jpg","2","You","<none>","Via","2","Waru","2","1","911"
"3014","2","test","4","m","2","shape2.jpg","2","You","<none>","Via","2","Waru","1","1","781"
"3014","2","test","5","m","2","shape2.jpg","2","You","<none>","Via","2","Waru","1","1","1137"
"3014","2","test","6","m","2","shape2.jpg","2","You","<none>","Via","2","Waru","1","1","750"
"3014","2","test","7","m","3","shape3.jpg","2","You","<none>","Via","2","Waru","1","1","660"
"3014","2","test","8","z","9","shape3.jpg","2","You","<none>","Via","2","Waru","2","1","1013"
"3014","2","test","9","m","3","shape3.jpg","2","You","<none>","Via","2","Waru","1","1","895"
"3014","2","test","10","m","3","shape3.jpg","2","You","<none>","Via","2","Waru","1","1","600"
"3014","2","test","11","z","7","shape1.jpg","2","You","<none>","Via","2","Waru","2","1","985"
"3014","2","test","12","m","2","shape2.jpg","2","You","<none>","Via","2","Waru","1","1","854"
"3014","2","test","13","m","2","shape2.jpg","2","You","<none>","Via","2","Waru","1","1","870"
"3014","2","test","14","z","6","shape3.jpg","2","You","<none>","Via","2","Waru","2","1","686"
"3014","2","test","15","m","2","shape2.jpg","2","You","<none>","Via","2","Waru","1","1","934"
"3014","2","test","16","z","4","shape1.jpg","2","You","<none>","Via","2","Waru","2","1","940"
"3014","2","test","17","z","7","shape1.jpg","2","You","<none>","Via","2","Waru","2","1","905"
"3014","2","test","18","m","2","shape2.jpg","2","You","<none>","Via","2","Waru","1","1","696"
"3014","2","test","19","z","9","shape3.jpg","2","You","<none>","Via","2","Waru","2","1","863"
"3014","2","test","20","m","3","shape3.jpg","2","You","<none>","Via","2","Waru","1","1","695"
"3014","2","test","21","m","3","shape3.jpg","2","You","<none>","Via","2","Waru","1","1","896"
"3014","2","test","22","z","7","shape1.jpg","2","You","<none>","Via","2","Waru","2","1","591"
"3014","2","test","23","z","2","shape2.jpg","2","You","<none>","Via","2","Waru","1","0","771"
"3014","2","test","24","z","4","shape1.jpg","2","You","<none>","Via","2","Waru","2","1","968"
"3014","2","test","25","z","4","shape1.jpg","2","You","<none>","Via","2","Waru","2","1","1108"
"3014","2","test","26","m","2","shape2.jpg","2","You","<none>","Via","2","Waru","1","1","817"
"3014","2","test","27","z","5","shape2.jpg","2","You","<none>","Via","2","Waru","2","1","685"
"3014","2","test","28","m","2","shape2.jpg","2","You","<none>","Via","2","Waru","1","1","845"
"3014","2","test","29","z","5","shape2.jpg","2","You","<none>","Via","2","Waru","2","1","637"
"3014","2","test","30","z","6","shape3.jpg","2","You","<none>","Via","2","Waru","2","1","1049"
"3014","2","test","31","m","3","shape3.jpg","2","You","<none>","Via","2","Waru","1","1","633"
"3014","2","test","32","z","9","shape3.jpg","2","You","<none>","Via","2","Waru","2","1","586"
"3014","2","test","33","z","9","shape3.jpg","2","You","<none>","Via","2","Waru","2","1","623"
"3014","2","test","34","m","3","shape3.jpg","2","You","<none>","Via","2","Waru","1","1","570"
"3014","2","test","35","m","1","shape1.jpg","2","You","<none>","Via","2","Waru","1","1","951"
"3014","2","test","36","m","1","shape1.jpg","2","You","<none>","Via","2","Waru","1","1","619"
"3014","2","test","37","m","1","shape1.jpg","2","You","<none>","Via","2","Waru","1","1","462"
"3014","2","test","38","m","1","shape1.jpg","2","You","<none>","Via","2","Waru","1","1","409"
"3014","2","test","39","z","5","shape2.jpg","2","You","<none>","Via","2","Waru","2","1","620"
"3014","2","test","40","m","9","shape3.jpg","2","You","<none>","Via","2","Waru","2","0","703"
"3014","2","test","41","z","6","shape3.jpg","2","You","<none>","Via","2","Waru","2","1","863"
"3014","2","test","42","m","4","shape1.jpg","2","You","<none>","Via","2","Waru","2","0","598"
"3014","2","test","43","m","3","shape3.jpg","2","You","<none>","Via","2","Waru","1","1","660"
"3014","2","test","44","z","6","shape3.jpg","2","You","<none>","Via","2","Waru","2","1","700"
"3014","2","test","45","z","7","shape1.jpg","2","You","<none>","Via","2","Waru","2","1","859"
"3014","2","test","46","z","7","shape1.jpg","2","You","<none>","Via","2","Waru","2","1","668"
"3014","2","test","47","z","7","shape1.jpg","2","You","<none>","Via","2","Waru","2","1","652"
"3014","2","test","48","m","4","shape1.jpg","2","You","<none>","Via","2","Waru","2","0","535"
"3014","2","test","49","m","2","shape2.jpg","2","You","<none>","Via","2","Waru","1","1","1126"
"3014","2","test","50","z","9","shape3.jpg","2","You","<none>","Via","2","Waru","2","1","699"
"3014","2","test","51","m","2","shape2.jpg","2","You","<none>","Via","2","Waru","1","1","826"
"3014","2","test","52","m","2","shape2.jpg","2","You","<none>","Via","2","Waru","1","1","875"
"3014","2","test","53","m","4","shape1.jpg","2","You","<none>","Via","2","Waru","2","0","715"
"3014","2","test","54","m","1","shape1.jpg","2","You","<none>","Via","2","Waru","1","1","530"
"3014","2","test","55","z","5","shape2.jpg","2","You","<none>","Via","2","Waru","2","1","657"
"3014","2","test","56","m","1","shape1.jpg","2","You","<none>","Via","2","Waru","1","1","634"
"3014","2","test","57","z","7","shape1.jpg","2","You","<none>","Via","2","Waru","2","1","677"
"3014","2","test","58","m","2","shape2.jpg","2","You","<none>","Via","2","Waru","1","1","717"
"3014","2","test","59","z","5","shape2.jpg","2","You","<none>","Via","2","Waru","2","1","804"
"3014","2","test","60","z","4","shape1.jpg","2","You","<none>","Via","2","Waru","2","1","760"
"3014","2","test","61","z","6","shape3.jpg","2","You","<none>","Via","2","Waru","2","1","557"
"3014","2","test","62","m","3","shape3.jpg","2","You","<none>","Via","2","Waru","1","1","610"
"3014","2","test","63","m","1","shape1.jpg","2","You","<none>","Via","2","Waru","1","1","629"
"3014","2","test","64","z","1","shape1.jpg","2","You","<none>","Via","2","Waru","1","0","673"
"3014","2","test","65","z","9","shape3.jpg","2","You","<none>","Via","2","Waru","2","1","1032"
"3014","2","test","66","m","3","shape3.jpg","2","You","<none>","Via","2","Waru","1","1","698"
"3014","2","test","67","m","1","shape1.jpg","2","You","<none>","Via","2","Waru","1","1","786"
"3014","2","test","68","z","6","shape3.jpg","2","You","<none>","Via","2","Waru","2","1","637"
"3014","2","test","69","m","4","shape1.jpg","2","You","<none>","Via","2","Waru","2","0","559"
"3014","2","test","70","z","8","shape2.jpg","2","You","<none>","Via","2","Waru","2","1","733"
"3014","2","test","71","m","3","shape3.jpg","2","You","<none>","Via","2","Waru","1","1","803"
"3014","2","test","72","z","6","shape3.jpg","2","You","<none>","Via","2","Waru","2","1","669"
"3014","2","test","73","m","1","shape1.jpg","2","You","<none>","Via","2","Waru","1","1","527"
"3014","2","test","74","z","7","shape1.jpg","2","You","<none>","Via","2","Waru","2","1","637"
"3014","2","test","75","z","2","shape2.jpg","2","You","<none>","Via","2","Waru","1","0","968"
"3014","2","test","76","z","7","shape1.jpg","2","You","<none>","Via","2","Waru","2","1","724"
"3014","2","test","77","z","7","shape1.jpg","2","You","<none>","Via","2","Waru","2","1","650"
"3014","2","test","78","m","3","shape3.jpg","2","You","<none>","Via","2","Waru","1","1","588"
"3014","2","test","79","m","4","shape1.jpg","2","You","<none>","Via","2","Waru","2","0","728"
"3014","2","test","80","z","5","shape2.jpg","2","You","<none>","Via","2","Waru","2","1","646"
"3014","2","test","81","m","3","shape3.jpg","2","You","<none>","Via","2","Waru","1","1","544"
"3014","2","test","82","z","2","shape2.jpg","2","You","<none>","Via","2","Waru","1","0","582"
"3014","2","test","83","z","5","shape2.jpg","2","You","<none>","Via","2","Waru","2","1","708"
"3014","2","test","84","m","2","shape2.jpg","2","You","<none>","Via","2","Waru","1","1","595"
"3014","2","test","85","m","4","shape1.jpg","2","You","<none>","Via","2","Waru","2","0","703"
"3014","2","test","86","m","1","shape1.jpg","2","You","<none>","Via","2","Waru","1","1","461"
"3014","2","test","87","m","2","shape2.jpg","2","You","<none>","Via","2","Waru","1","1","615"
"3014","2","test","88","z","5","shape2.jpg","2","You","<none>","Via","2","Waru","2","1","634"
"3014","2","test","89","z","6","shape3.jpg","2","You","<none>","Via","2","Waru","2","1","853"
"3014","2","test","90","m","8","shape2.jpg","2","You","<none>","Via","2","Waru","2","0","695"
"3014","2","test","91","z","9","shape3.jpg","2","You","<none>","Via","2","Waru","2","1","750"
"3014","2","test","92","z","9","shape3.jpg","2","You","<none>","Via","2","Waru","2","1","538"
"3014","2","test","93","z","2","shape2.jpg","2","You","<none>","Via","2","Waru","1","0","642"
"3014","2","test","94","z","3","shape3.jpg","2","You","<none>","Via","2","Waru","1","0","701"
"3014","2","test","95","m","1","shape1.jpg","2","You","<none>","Via","2","Waru","1","1","603"
"3014","2","test","96","m","4","shape1.jpg","2","You","<none>","Via","2","Waru","2","0","934"
"3014","2","test","97","m","1","shape1.jpg","2","You","<none>","Via","2","Waru","1","1","1115"
"3014","2","test","98","z","9","shape3.jpg","2","You","<none>","Via","2","Waru","2","1","593"
"3014","2","test","99","m","3","shape3.jpg","2","You","<none>","Via","2","Waru","1","1","646"
"3014","2","test","100","m","3","shape3.jpg","2","You","<none>","Via","2","Waru","1","1","520"
"3014","2","test","101","m","1","shape1.jpg","2","You","<none>","Via","2","Waru","1","1","552"
"3014","2","test","102","m","3","shape3.jpg","2","You","<none>","Via","2","Waru","1","1","621"
"3014","2","test","103","m","3","shape3.jpg","2","You","<none>","Via","2","Waru","1","1","503"
"3014","2","test","104","m","3","shape3.jpg","2","You","<none>","Via","2","Waru","1","1","479"
"3014","2","test","105","m","2","shape2.jpg","2","You","<none>","Via","2","Waru","1","1","658"
"3014","2","test","106","m","9","shape3.jpg","2","You","<none>","Via","2","Waru","2","0","643"
"3014","2","test","107","m","3","shape3.jpg","2","You","<none>","Via","2","Waru","1","1","460"
"3014","2","test","108","z","5","shape2.jpg","2","You","<none>","Via","2","Waru","2","1","558"
"3014","2","test","109","z","6","shape3.jpg","2","You","<none>","Via","2","Waru","2","1","612"
"3014","2","test","110","m","1","shape1.jpg","2","You","<none>","Via","2","Waru","1","1","552"
"3014","2","test","111","z","9","shape3.jpg","2","You","<none>","Via","2","Waru","2","1","550"
"3014","2","test","112","m","3","shape3.jpg","2","You","<none>","Via","2","Waru","1","1","515"
"3014","2","test","113","z","1","shape1.jpg","2","You","<none>","Via","2","Waru","1","0","499"
"3014","2","test","114","z","5","shape2.jpg","2","You","<none>","Via","2","Waru","2","1","603"
"3014","2","test","115","m","1","shape1.jpg","2","You","<none>","Via","2","Waru","1","1","446"
"3014","2","test","116","m","1","shape1.jpg","2","You","<none>","Via","2","Waru","1","1","528"
"3014","2","test","117","z","2","shape2.jpg","2","You","<none>","Via","2","Waru","1","0","592"
"3014","2","test","118","m","2","shape2.jpg","2","You","<none>","Via","2","Waru","1","1","579"
"3014","2","test","119","m","2","shape2.jpg","2","You","<none>","Via","2","Waru","1","1","401"
"3014","2","test","120","z","9","shape3.jpg","2","You","<none>","Via","2","Waru","2","1","740"
"3014","2","test","121","z","8","shape2.jpg","2","You","<none>","Via","2","Waru","2","1","777"
"3014","2","test","122","m","1","shape1.jpg","2","You","<none>","Via","2","Waru","1","1","541"
"3014","2","test","123","z","9","shape3.jpg","2","You","<none>","Via","2","Waru","2","1","595"
"3014","2","test","124","m","2","shape2.jpg","2","You","<none>","Via","2","Waru","1","1","560"
"3014","2","test","125","m","9","shape3.jpg","2","You","<none>","Via","2","Waru","2","0","509"
"3014","2","test","126","z","6","shape3.jpg","2","You","<none>","Via","2","Waru","2","1","645"
"3014","2","test","127","z","8","shape2.jpg","2","You","<none>","Via","2","Waru","2","1","735"
"3014","2","test","128","z","8","shape2.jpg","2","You","<none>","Via","2","Waru","2","1","469"
"3014","2","test","129","z","3","shape3.jpg","2","You","<none>","Via","2","Waru","1","0","421"
"3014","2","test","130","z","7","shape1.jpg","2","You","<none>","Via","2","Waru","2","1","698"
"3014","2","test","131","z","2","shape2.jpg","2","You","<none>","Via","2","Waru","1","0","514"
"3014","2","test","132","m","1","shape1.jpg","2","You","<none>","Via","2","Waru","1","1","608"
"3014","2","test","133","z","6","shape3.jpg","2","You","<none>","Via","2","Waru","2","1","766"
"3014","2","test","134","m","3","shape3.jpg","2","You","<none>","Via","2","Waru","1","1","610"
"3014","2","test","135","m","3","shape3.jpg","2","You","<none>","Via","2","Waru","1","1","598"
"3014","2","test","136","z","4","shape1.jpg","2","You","<none>","Via","2","Waru","2","1","672"
"3014","2","test","137","z","7","shape1.jpg","2","You","<none>","Via","2","Waru","2","1","754"
"3014","2","test","138","m","1","shape1.jpg","2","You","<none>","Via","2","Waru","1","1","598"
"3014","2","test","139","z","3","shape3.jpg","2","You","<none>","Via","2","Waru","1","0","914"
"3014","2","test","140","m","1","shape1.jpg","2","You","<none>","Via","2","Waru","1","1","545"
"3014","2","test","141","m","3","shape3.jpg","2","You","<none>","Via","2","Waru","1","1","344"
"3014","2","test","142","z","7","shape1.jpg","2","You","<none>","Via","2","Waru","2","1","638"
"3014","2","test","143","z","7","shape1.jpg","2","You","<none>","Via","2","Waru","2","1","544"
"3014","2","test","144","z","2","shape2.jpg","2","You","<none>","Via","2","Waru","1","0","455"
"3014","2","test","145","m","2","shape2.jpg","2","You","<none>","Via","2","Waru","1","1","480"
"3014","2","test","146","m","3","shape3.jpg","2","You","<none>","Via","2","Waru","1","1","545"
"3014","2","test","147","m","3","shape3.jpg","2","You","<none>","Via","2","Waru","1","1","417"
"3014","2","test","148","z","8","shape2.jpg","2","You","<none>","Via","2","Waru","2","1","628"
"3014","2","test","149","m","3","shape3.jpg","2","You","<none>","Via","2","Waru","1","1","502"
"3014","2","test","150","z","5","shape2.jpg","2","You","<none>","Via","2","Waru","2","1","655"
"3014","2","test","151","m","8","shape2.jpg","2","You","<none>","Via","2","Waru","2","0","575"
"3014","2","test","152","z","6","shape3.jpg","2","You","<none>","Via","2","Waru","2","1","605"
"3014","2","test","153","m","2","shape2.jpg","2","You","<none>","Via","2","Waru","1","1","584"
"3014","2","test","154","m","3","shape3.jpg","2","You","<none>","Via","2","Waru","1","1","565"
"3014","2","test","155","z","7","shape1.jpg","2","You","<none>","Via","2","Waru","2","1","585"
"3014","2","test","156","z","8","shape2.jpg","2","You","<none>","Via","2","Waru","2","1","614"
"3014","2","test","157","z","6","shape3.jpg","2","You","<none>","Via","2","Waru","2","1","633"
"3014","2","test","158","z","8","shape2.jpg","2","You","<none>","Via","2","Waru","2","1","699"
"3014","2","test","159","z","2","shape2.jpg","2","You","<none>","Via","2","Waru","1","0","690"
"3014","2","test","160","m","2","shape2.jpg","2","You","<none>","Via","2","Waru","1","1","451"
"3014","2","test","161","z","8","shape2.jpg","2","You","<none>","Via","2","Waru","2","1","678"
"3014","2","test","162","m","5","shape2.jpg","2","You","<none>","Via","2","Waru","2","0","525"
"3014","2","test","163","z","5","shape2.jpg","2","You","<none>","Via","2","Waru","2","1","565"
"3014","2","test","164","m","3","shape3.jpg","2","You","<none>","Via","2","Waru","1","1","593"
"3014","2","test","165","z","5","shape2.jpg","2","You","<none>","Via","2","Waru","2","1","541"
"3014","2","test","166","m","1","shape1.jpg","2","You","<none>","Via","2","Waru","1","1","612"
"3014","2","test","167","z","8","shape2.jpg","2","You","<none>","Via","2","Waru","2","1","648"
"3014","2","test","168","m","4","shape1.jpg","2","You","<none>","Via","2","Waru","2","0","553"
"3014","2","test","169","m","1","shape1.jpg","2","You","<none>","Via","2","Waru","1","1","430"
"3014","2","test","170","m","1","shape1.jpg","2","You","<none>","Via","2","Waru","1","1","481"
"3014","2","test","171","z","2","shape2.jpg","2","You","<none>","Via","2","Waru","1","0","491"
"3014","2","test","172","m","2","shape2.jpg","2","You","<none>","Via","2","Waru","1","1","458"
"3014","2","test","173","z","6","shape3.jpg","2","You","<none>","Via","2","Waru","2","1","573"
"3014","2","test","174","z","6","shape3.jpg","2","You","<none>","Via","2","Waru","2","1","497"
"3014","2","test","175","z","9","shape3.jpg","2","You","<none>","Via","2","Waru","2","1","705"
"3014","2","test","176","m","4","shape1.jpg","2","You","<none>","Via","2","Waru","2","0","712"
"3014","2","test","177","m","2","shape2.jpg","2","You","<none>","Via","2","Waru","1","1","616"
"3014","2","test","178","m","1","shape1.jpg","2","You","<none>","Via","2","Waru","1","1","539"
"3014","2","test","179","m","1","shape1.jpg","2","You","<none>","Via","2","Waru","1","1","561"
"3014","2","test","180","m","1","shape1.jpg","2","You","<none>","Via","2","Waru","1","1","495"
"3014","2","test","181","z","4","shape1.jpg","2","You","<none>","Via","2","Waru","2","1","608"
"3014","2","test","182","z","8","shape2.jpg","2","You","<none>","Via","2","Waru","2","1","603"
"3014","2","test","183","z","3","shape3.jpg","2","You","<none>","Via","2","Waru","1","0","622"
"3014","2","test","184","z","6","shape3.jpg","2","You","<none>","Via","2","Waru","2","1","874"
"3014","2","test","185","z","9","shape3.jpg","2","You","<none>","Via","2","Waru","2","1","697"
"3014","2","test","186","z","6","shape3.jpg","2","You","<none>","Via","2","Waru","2","1","553"
"3014","2","test","187","z","2","shape2.jpg","2","You","<none>","Via","2","Waru","1","0","640"
"3014","2","test","188","m","4","shape1.jpg","2","You","<none>","Via","2","Waru","2","0","873"
"3014","2","test","189","z","5","shape2.jpg","2","You","<none>","Via","2","Waru","2","1","883"
"3014","2","test","190","m","4","shape1.jpg","2","You","<none>","Via","2","Waru","2","0","624"
"3014","2","test","191","m","3","shape3.jpg","2","You","<none>","Via","2","Waru","1","1","675"
"3014","2","test","192","m","1","shape1.jpg","2","You","<none>","Via","2","Waru","1","1","548"
"3014","2","test","193","m","1","shape1.jpg","2","You","<none>","Via","2","Waru","1","1","466"
"3014","2","test","194","m","4","shape1.jpg","2","You","<none>","Via","2","Waru","2","0","516"
"3014","2","test","195","z","5","shape2.jpg","2","You","<none>","Via","2","Waru","2","1","643"
"3014","2","test","196","m","1","shape1.jpg","2","You","<none>","Via","2","Waru","1","1","629"
"3014","2","test","197","m","2","shape2.jpg","2","You","<none>","Via","2","Waru","1","1","816"
"3014","2","test","198","m","2","shape2.jpg","2","You","<none>","Via","2","Waru","1","1","506"
"3014","2","test","199","m","2","shape2.jpg","2","You","<none>","Via","2","Waru","1","1","489"
"3014","2","test","200","z","8","shape2.jpg","2","You","<none>","Via","2","Waru","2","1","658"
"3014","2","test","201","m","5","shape2.jpg","2","You","<none>","Via","2","Waru","2","0","587"
"3014","2","test","202","m","2","shape2.jpg","2","You","<none>","Via","2","Waru","1","1","527"
"3014","2","test","203","z","8","shape2.jpg","2","You","<none>","Via","2","Waru","2","1","662"
"3014","2","test","204","m","5","shape2.jpg","2","You","<none>","Via","2","Waru","2","0","521"
"3014","2","test","205","m","4","shape1.jpg","2","You","<none>","Via","2","Waru","2","0","559"
"3014","2","test","206","m","3","shape3.jpg","2","You","<none>","Via","2","Waru","1","1","685"
"3014","2","test","207","m","3","shape3.jpg","2","You","<none>","Via","2","Waru","1","1","774"
"3014","2","test","208","z","8","shape2.jpg","2","You","<none>","Via","2","Waru","2","1","601"
"3014","2","test","209","m","1","shape1.jpg","2","You","<none>","Via","2","Waru","1","1","477"
"3014","2","test","210","z","5","shape2.jpg","2","You","<none>","Via","2","Waru","2","1","623"
"3014","2","test","211","m","2","shape2.jpg","2","You","<none>","Via","2","Waru","1","1","530"
"3014","2","test","212","z","6","shape3.jpg","2","You","<none>","Via","2","Waru","2","1","528"
"3014","2","test","213","z","1","shape1.jpg","2","You","<none>","Via","2","Waru","1","0","672"
"3014","2","test","214","m","3","shape3.jpg","2","You","<none>","Via","2","Waru","1","1","649"
"3014","2","test","215","z","5","shape2.jpg","2","You","<none>","Via","2","Waru","2","1","650"
"3014","2","test","216","z","8","shape2.jpg","2","You","<none>","Via","2","Waru","2","1","625"
"3014","2","test","217","m","1","shape1.jpg","2","You","<none>","Via","2","Waru","1","1","517"
"3014","2","test","218","z","4","shape1.jpg","2","You","<none>","Via","2","Waru","2","1","772"
"3014","2","test","219","m","2","shape2.jpg","2","You","<none>","Via","2","Waru","1","1","561"
"3014","2","test","220","m","8","shape2.jpg","2","You","<none>","Via","2","Waru","2","0","471"
"3014","2","test","221","m","3","shape3.jpg","2","You","<none>","Via","2","Waru","1","1","592"
"3014","2","test","222","z","6","shape3.jpg","2","You","<none>","Via","2","Waru","2","1","708"
"3014","2","test","223","m","1","shape1.jpg","2","You","<none>","Via","2","Waru","1","1","516"
"3014","2","test","224","z","7","shape1.jpg","2","You","<none>","Via","2","Waru","2","1","587"
"3014","2","test","225","m","2","shape2.jpg","2","You","<none>","Via","2","Waru","1","1","656"
"3014","2","test","226","m","3","shape3.jpg","2","You","<none>","Via","2","Waru","1","1","585"
"3014","2","test","227","m","1","shape1.jpg","2","You","<none>","Via","2","Waru","1","1","661"
"3014","2","test","228","m","2","shape2.jpg","2","You","<none>","Via","2","Waru","1","1","711"
"3014","2","test","229","z","6","shape3.jpg","2","You","<none>","Via","2","Waru","2","1","814"
"3014","2","test","230","m","2","shape2.jpg","2","You","<none>","Via","2","Waru","1","1","609"
"3014","2","test","231","z","8","shape2.jpg","2","You","<none>","Via","2","Waru","2","1","540"
"3014","2","test","232","m","1","shape1.jpg","2","You","<none>","Via","2","Waru","1","1","506"
"3014","2","test","233","m","1","shape1.jpg","2","You","<none>","Via","2","Waru","1","1","498"
"3014","2","test","234","m","1","shape1.jpg","2","You","<none>","Via","2","Waru","1","1","402"
"3014","2","test","235","z","8","shape2.jpg","2","You","<none>","Via","2","Waru","2","1","462"
"3014","2","test","236","z","8","shape2.jpg","2","You","<none>","Via","2","Waru","2","1","473"
"3014","2","test","237","z","9","shape3.jpg","2","You","<none>","Via","2","Waru","2","1","747"
"3014","2","test","238","m","1","shape1.jpg","2","You","<none>","Via","2","Waru","1","1","608"
"3014","2","test","239","z","9","shape3.jpg","2","You","<none>","Via","2","Waru","2","1","579"
"3014","2","test","240","m","1","shape1.jpg","2","You","<none>","Via","2","Waru","1","1","479"
"3014","2","test","241","m","4","shape1.jpg","2","You","<none>","Via","2","Waru","2","0","1066"
"3014","2","test","242","m","4","shape1.jpg","2","You","<none>","Via","2","Waru","2","0","537"
"3014","2","test","243","z","6","shape3.jpg","2","You","<none>","Via","2","Waru","2","1","551"
"3014","2","test","244","m","3","shape3.jpg","2","You","<none>","Via","2","Waru","1","1","758"
"3014","2","test","245","z","7","shape1.jpg","2","You","<none>","Via","2","Waru","2","1","746"
"3014","2","test","246","m","3","shape3.jpg","2","You","<none>","Via","2","Waru","1","1","624"
"3014","2","test","247","m","2","shape2.jpg","2","You","<none>","Via","2","Waru","1","1","779"
"3014","2","test","248","z","9","shape3.jpg","2","You","<none>","Via","2","Waru","2","1","543"
"3014","2","test","249","m","3","shape3.jpg","2","You","<none>","Via","2","Waru","1","1","429"
"3014","2","test","250","m","3","shape3.jpg","2","You","<none>","Via","2","Waru","1","1","424"
"3014","2","test","251","m","9","shape3.jpg","2","You","<none>","Via","2","Waru","2","0","541"
"3014","2","test","252","z","7","shape1.jpg","2","You","<none>","Via","2","Waru","2","1","667"
"3014","2","test","253","z","8","shape2.jpg","2","You","<none>","Via","2","Waru","2","1","643"
"3014","2","test","254","m","8","shape2.jpg","2","You","<none>","Via","2","Waru","2","0","597"
"3014","2","test","255","m","1","shape1.jpg","2","You","<none>","Via","2","Waru","1","1","530"
"3014","2","test","256","z","3","shape3.jpg","2","You","<none>","Via","2","Waru","1","0","554"
"3014","2","test","257","m","3","shape3.jpg","2","You","<none>","Via","2","Waru","1","1","381"
"3014","2","test","258","m","2","shape2.jpg","2","You","<none>","Via","2","Waru","1","1","603"
"3014","2","test","259","z","5","shape2.jpg","2","You","<none>","Via","2","Waru","2","1","744"
"3014","2","test","260","z","7","shape1.jpg","2","You","<none>","Via","2","Waru","2","1","638"
"3014","2","test","261","m","2","shape2.jpg","2","You","<none>","Via","2","Waru","1","1","559"
"3014","2","test","262","m","4","shape1.jpg","2","You","<none>","Via","2","Waru","2","0","669"
"3014","2","test","263","m","1","shape1.jpg","2","You","<none>","Via","2","Waru","1","1","621"
"3014","2","test","264","m","1","shape1.jpg","2","You","<none>","Via","2","Waru","1","1","425"
"3014","2","test","265","z","8","shape2.jpg","2","You","<none>","Via","2","Waru","2","1","474"
"3014","2","test","266","m","1","shape1.jpg","2","You","<none>","Via","2","Waru","1","1","508"
"3014","2","test","267","z","4","shape1.jpg","2","You","<none>","Via","2","Waru","2","1","533"
"3014","2","test","268","m","3","shape3.jpg","2","You","<none>","Via","2","Waru","1","1","531"
"3014","2","test","269","m","2","shape2.jpg","2","You","<none>","Via","2","Waru","1","1","569"
"3014","2","test","270","m","3","shape3.jpg","2","You","<none>","Via","2","Waru","1","1","695"
"3014","2","test","271","z","8","shape2.jpg","2","You","<none>","Via","2","Waru","2","1","590"
"3014","2","test","272","z","6","shape3.jpg","2","You","<none>","Via","2","Waru","2","1","715"
"3014","2","test","273","m","7","shape1.jpg","2","You","<none>","Via","2","Waru","2","0","465"
"3014","2","test","274","m","3","shape3.jpg","2","You","<none>","Via","2","Waru","1","1","530"
"3014","2","test","275","z","5","shape2.jpg","2","You","<none>","Via","2","Waru","2","1","561"
"3014","2","test","276","m","2","shape2.jpg","2","You","<none>","Via","2","Waru","1","1","625"
"3014","2","test","277","z","9","shape3.jpg","2","You","<none>","Via","2","Waru","2","1","523"
"3014","2","test","278","m","2","shape2.jpg","2","You","<none>","Via","2","Waru","1","1","561"
"3014","2","test","279","m","3","shape3.jpg","2","You","<none>","Via","2","Waru","1","1","534"
"3014","2","test","280","z","4","shape1.jpg","2","You","<none>","Via","2","Waru","2","1","654"
"3014","2","test","281","z","5","shape2.jpg","2","You","<none>","Via","2","Waru","2","1","647"
"3014","2","test","282","m","2","shape2.jpg","2","You","<none>","Via","2","Waru","1","1","553"
"3014","2","test","283","z","8","shape2.jpg","2","You","<none>","Via","2","Waru","2","1","535"
"3014","2","test","284","z","4","shape1.jpg","2","You","<none>","Via","2","Waru","2","1","869"
"3014","2","test","285","z","6","shape3.jpg","2","You","<none>","Via","2","Waru","2","1","500"
"3014","2","test","286","z","6","shape3.jpg","2","You","<none>","Via","2","Waru","2","1","532"
"3014","2","test","287","z","6","shape3.jpg","2","You","<none>","Via","2","Waru","2","1","468"
"3014","2","test","288","z","5","shape2.jpg","2","You","<none>","Via","2","Waru","2","1","453"
"3014","2","test","289","m","1","shape1.jpg","2","You","<none>","Via","2","Waru","1","1","671"
"3014","2","test","290","m","1","shape1.jpg","2","You","<none>","Via","2","Waru","1","1","415"
"3014","2","test","291","z","3","shape3.jpg","2","You","<none>","Via","2","Waru","1","0","467"
"3014","2","test","292","z","8","shape2.jpg","2","You","<none>","Via","2","Waru","2","1","589"
"3014","2","test","293","m","1","shape1.jpg","2","You","<none>","Via","2","Waru","1","1","544"
"3014","2","test","294","m","1","shape1.jpg","2","You","<none>","Via","2","Waru","1","1","480"
"3014","2","test","295","z","2","shape2.jpg","2","You","<none>","Via","2","Waru","1","0","545"
"3014","2","test","296","m","1","shape1.jpg","2","You","<none>","Via","2","Waru","1","1","511"
"3014","2","test","297","m","1","shape1.jpg","2","You","<none>","Via","2","Waru","1","1","415"
"3014","2","test","298","z","7","shape1.jpg","2","You","<none>","Via","2","Waru","2","1","578"
"3014","2","test","299","z","2","shape2.jpg","2","You","<none>","Via","2","Waru","1","0","584"
"3014","2","test","300","z","7","shape1.jpg","2","You","<none>","Via","2","Waru","2","1","651"
"3014","2","test","301","m","4","shape1.jpg","2","You","<none>","Via","2","Waru","2","0","716"
"3014","2","test","302","m","3","shape3.jpg","2","You","<none>","Via","2","Waru","1","1","539"
"3014","2","test","303","z","4","shape1.jpg","2","You","<none>","Via","2","Waru","2","1","674"
"3014","2","test","304","m","3","shape3.jpg","2","You","<none>","Via","2","Waru","1","1","570"
"3014","2","test","305","z","4","shape1.jpg","2","You","<none>","Via","2","Waru","2","1","831"
"3014","2","test","306","z","6","shape3.jpg","2","You","<none>","Via","2","Waru","2","1","554"
"3014","2","test","307","z","7","shape1.jpg","2","You","<none>","Via","2","Waru","2","1","526"
"3014","2","test","308","z","5","shape2.jpg","2","You","<none>","Via","2","Waru","2","1","517"
"3014","2","test","309","m","3","shape3.jpg","2","You","<none>","Via","2","Waru","1","1","565"
"3014","2","test","310","m","1","shape1.jpg","2","You","<none>","Via","2","Waru","1","1","451"
"3014","2","test","311","m","3","shape3.jpg","2","You","<none>","Via","2","Waru","1","1","468"
"3014","2","test","312","m","2","shape2.jpg","2","You","<none>","Via","2","Waru","1","1","614"
"3014","2","test","313","m","2","shape2.jpg","2","You","<none>","Via","2","Waru","1","1","472"
"3014","2","test","314","m","1","shape1.jpg","2","You","<none>","Via","2","Waru","1","1","546"
"3014","2","test","315","m","2","shape2.jpg","2","You","<none>","Via","2","Waru","1","1","528"
"3014","2","test","316","m","9","shape3.jpg","2","You","<none>","Via","2","Waru","2","0","583"
"3014","2","test","317","m","3","shape3.jpg","2","You","<none>","Via","2","Waru","1","1","555"
"3014","2","test","318","z","9","shape3.jpg","2","You","<none>","Via","2","Waru","2","1","673"
"3014","2","test","319","z","9","shape3.jpg","2","You","<none>","Via","2","Waru","2","1","553"
"3014","2","test","320","z","7","shape1.jpg","2","You","<none>","Via","2","Waru","2","1","687"
"3014","2","test","321","z","5","shape2.jpg","2","You","<none>","Via","2","Waru","2","1","536"
"3014","2","test","322","m","2","shape2.jpg","2","You","<none>","Via","2","Waru","1","1","502"
"3014","2","test","323","m","1","shape1.jpg","2","You","<none>","Via","2","Waru","1","1","590"
"3014","2","test","324","z","3","shape3.jpg","2","You","<none>","Via","2","Waru","1","0","681"
"3014","2","test","325","z","8","shape2.jpg","2","You","<none>","Via","2","Waru","2","1","682"
"3014","2","test","326","z","7","shape1.jpg","2","You","<none>","Via","2","Waru","2","1","707"
"3014","2","test","327","m","9","shape3.jpg","2","You","<none>","Via","2","Waru","2","0","753"
"3014","2","test","328","z","7","shape1.jpg","2","You","<none>","Via","2","Waru","2","1","823"
"3014","2","test","329","m","1","shape1.jpg","2","You","<none>","Via","2","Waru","1","1","552"
"3014","2","test","330","z","8","shape2.jpg","2","You","<none>","Via","2","Waru","2","1","694"
"3014","2","test","331","z","2","shape2.jpg","2","You","<none>","Via","2","Waru","1","0","654"
"3014","2","test","332","m","2","shape2.jpg","2","You","<none>","Via","2","Waru","1","1","576"
"3014","2","test","333","z","7","shape1.jpg","2","You","<none>","Via","2","Waru","2","1","717"
"3014","2","test","334","z","7","shape1.jpg","2","You","<none>","Via","2","Waru","2","1","610"
"3014","2","test","335","m","1","shape1.jpg","2","You","<none>","Via","2","Waru","1","1","606"
"3014","2","test","336","z","5","shape2.jpg","2","You","<none>","Via","2","Waru","2","1","658"
"3014","2","test","337","z","7","shape1.jpg","2","You","<none>","Via","2","Waru","2","1","661"
"3014","2","test","338","m","3","shape3.jpg","2","You","<none>","Via","2","Waru","1","1","557"
"3014","2","test","339","z","8","shape2.jpg","2","You","<none>","Via","2","Waru","2","1","802"
"3014","2","test","340","z","9","shape3.jpg","2","You","<none>","Via","2","Waru","2","1","573"
"3014","2","test","341","z","9","shape3.jpg","2","You","<none>","Via","2","Waru","2","1","858"
"3014","2","test","342","z","9","shape3.jpg","2","You","<none>","Via","2","Waru","2","1","531"
"3014","2","test","343","z","5","shape2.jpg","2","You","<none>","Via","2","Waru","2","1","506"
"3014","2","test","344","m","3","shape3.jpg","2","You","<none>","Via","2","Waru","1","1","513"
"3014","2","test","345","z","8","shape2.jpg","2","You","<none>","Via","2","Waru","2","1","603"
"3014","2","test","346","m","3","shape3.jpg","2","You","<none>","Via","2","Waru","1","1","660"
"3014","2","test","347","z","1","shape1.jpg","2","You","<none>","Via","2","Waru","1","0","678"
"3014","2","test","348","z","5","shape2.jpg","2","You","<none>","Via","2","Waru","2","1","575"
"3014","2","test","349","m","4","shape1.jpg","2","You","<none>","Via","2","Waru","2","0","676"
"3014","2","test","350","z","6","shape3.jpg","2","You","<none>","Via","2","Waru","2","1","685"
"3014","2","test","351","m","3","shape3.jpg","2","You","<none>","Via","2","Waru","1","1","556"
"3014","2","test","352","m","2","shape2.jpg","2","You","<none>","Via","2","Waru","1","1","730"
"3014","2","test","353","m","1","shape1.jpg","2","You","<none>","Via","2","Waru","1","1","600"
"3014","2","test","354","m","2","shape2.jpg","2","You","<none>","Via","2","Waru","1","1","549"
"3014","2","test","355","m","6","shape3.jpg","2","You","<none>","Via","2","Waru","2","0","490"
"3014","2","test","356","m","9","shape3.jpg","2","You","<none>","Via","2","Waru","2","0","531"
"3014","2","test","357","m","1","shape1.jpg","2","You","<none>","Via","2","Waru","1","1","546"
"3014","2","test","358","z","6","shape3.jpg","2","You","<none>","Via","2","Waru","2","1","615"
"3014","2","test","359","z","6","shape3.jpg","2","You","<none>","Via","2","Waru","2","1","650"
"3014","2","test","360","z","5","shape2.jpg","2","You","<none>","Via","2","Waru","2","1","725"
"3017","1","test","1","m","6","shape3.jpg","5","<none>","You","Gabor","2","Nenu","2","1","1080"
"3017","1","test","2","m","4","shape1.jpg","5","<none>","You","Gabor","2","Nenu","2","1","896"
"3017","1","test","3","z","2","shape2.jpg","5","<none>","You","Gabor","2","Nenu","1","1","1054"
"3017","1","test","4","z","1","shape1.jpg","5","<none>","You","Gabor","2","Nenu","1","1","927"
"3017","1","test","5","z","6","shape3.jpg","5","<none>","You","Gabor","2","Nenu","2","0","1052"
"3017","1","test","6","m","9","shape3.jpg","5","<none>","You","Gabor","2","Nenu","2","1","877"
"3017","1","test","7","m","2","shape2.jpg","5","<none>","You","Gabor","2","Nenu","1","0","1453"
"3017","1","test","8","z","2","shape2.jpg","5","<none>","You","Gabor","2","Nenu","1","1","636"
"3017","1","test","9","m","8","shape2.jpg","5","<none>","You","Gabor","2","Nenu","2","1","909"
"3017","1","test","10","m","9","shape3.jpg","5","<none>","You","Gabor","2","Nenu","2","1","796"
"3017","1","test","11","m","7","shape1.jpg","5","<none>","You","Gabor","2","Nenu","2","1","872"
"3017","1","test","12","z","3","shape3.jpg","5","<none>","You","Gabor","2","Nenu","1","1","912"
"3017","1","test","13","m","9","shape3.jpg","5","<none>","You","Gabor","2","Nenu","2","1","910"
"3017","1","test","14","m","9","shape3.jpg","5","<none>","You","Gabor","2","Nenu","2","1","887"
"3017","1","test","15","z","1","shape1.jpg","5","<none>","You","Gabor","2","Nenu","1","1","822"
"3017","1","test","16","z","1","shape1.jpg","5","<none>","You","Gabor","2","Nenu","1","1","758"
"3017","1","test","17","m","9","shape3.jpg","5","<none>","You","Gabor","2","Nenu","2","1","804"
"3017","1","test","18","m","4","shape1.jpg","5","<none>","You","Gabor","2","Nenu","2","1","1199"
"3017","1","test","19","m","6","shape3.jpg","5","<none>","You","Gabor","2","Nenu","2","1","1089"
"3017","1","test","20","m","7","shape1.jpg","5","<none>","You","Gabor","2","Nenu","2","1","865"
"3017","1","test","21","m","5","shape2.jpg","5","<none>","You","Gabor","2","Nenu","2","1","1072"
"3017","1","test","22","m","6","shape3.jpg","5","<none>","You","Gabor","2","Nenu","2","1","1256"
"3017","1","test","23","m","5","shape2.jpg","5","<none>","You","Gabor","2","Nenu","2","1","807"
"3017","1","test","24","z","3","shape3.jpg","5","<none>","You","Gabor","2","Nenu","1","1","874"
"3017","1","test","25","z","1","shape1.jpg","5","<none>","You","Gabor","2","Nenu","1","1","1098"
"3017","1","test","26","z","1","shape1.jpg","5","<none>","You","Gabor","2","Nenu","1","1","755"
"3017","1","test","27","z","1","shape1.jpg","5","<none>","You","Gabor","2","Nenu","1","1","655"
"3017","1","test","28","z","7","shape1.jpg","5","<none>","You","Gabor","2","Nenu","2","0","1016"
"3017","1","test","29","x","2","shape2.jpg","5","<none>","You","Gabor","2","Nenu","1","0","1498"
"3017","1","test","30","z","3","shape3.jpg","5","<none>","You","Gabor","2","Nenu","1","1","1029"
"3017","1","test","31","m","7","shape1.jpg","5","<none>","You","Gabor","2","Nenu","2","1","1255"
"3017","1","test","32","z","2","shape2.jpg","5","<none>","You","Gabor","2","Nenu","1","1","1070"
"3017","1","test","33","z","3","shape3.jpg","5","<none>","You","Gabor","2","Nenu","1","1","831"
"3017","1","test","34","m","4","shape1.jpg","5","<none>","You","Gabor","2","Nenu","2","1","1224"
"3017","1","test","35","z","2","shape2.jpg","5","<none>","You","Gabor","2","Nenu","1","1","794"
"3017","1","test","36","z","3","shape3.jpg","5","<none>","You","Gabor","2","Nenu","1","1","853"
"3017","1","test","37","z","2","shape2.jpg","5","<none>","You","Gabor","2","Nenu","1","1","990"
"3017","1","test","38","z","3","shape3.jpg","5","<none>","You","Gabor","2","Nenu","1","1","1329"
"3017","1","test","39","m","4","shape1.jpg","5","<none>","You","Gabor","2","Nenu","2","1","719"
"3017","1","test","40","m","4","shape1.jpg","5","<none>","You","Gabor","2","Nenu","2","1","829"
"3017","1","test","41","z","2","shape2.jpg","5","<none>","You","Gabor","2","Nenu","1","1","943"
"3017","1","test","42","z","2","shape2.jpg","5","<none>","You","Gabor","2","Nenu","1","1","748"
"3017","1","test","43","m","4","shape1.jpg","5","<none>","You","Gabor","2","Nenu","2","1","890"
"3017","1","test","44","m","4","shape1.jpg","5","<none>","You","Gabor","2","Nenu","2","1","882"
"3017","1","test","45","m","2","shape2.jpg","5","<none>","You","Gabor","2","Nenu","1","0","912"
"3017","1","test","46","z","3","shape3.jpg","5","<none>","You","Gabor","2","Nenu","1","1","760"
"3017","1","test","47","z","2","shape2.jpg","5","<none>","You","Gabor","2","Nenu","1","1","732"
"3017","1","test","48","m","4","shape1.jpg","5","<none>","You","Gabor","2","Nenu","2","1","1066"
"3017","1","test","49","m","9","shape3.jpg","5","<none>","You","Gabor","2","Nenu","2","1","931"
"3017","1","test","50","z","2","shape2.jpg","5","<none>","You","Gabor","2","Nenu","1","1","872"
"3017","1","test","51","m","6","shape3.jpg","5","<none>","You","Gabor","2","Nenu","2","1","1329"
"3017","1","test","52","m","1","shape1.jpg","5","<none>","You","Gabor","2","Nenu","1","0","1005"
"3017","1","test","53","z","2","shape2.jpg","5","<none>","You","Gabor","2","Nenu","1","1","1135"
"3017","1","test","54","m","4","shape1.jpg","5","<none>","You","Gabor","2","Nenu","2","1","964"
"3017","1","test","55","z","8","shape2.jpg","5","<none>","You","Gabor","2","Nenu","2","0","1088"
"3017","1","test","56","m","1","shape1.jpg","5","<none>","You","Gabor","2","Nenu","1","0","950"
"3017","1","test","57","m","5","shape2.jpg","5","<none>","You","Gabor","2","Nenu","2","1","835"
"3017","1","test","58","z","6","shape3.jpg","5","<none>","You","Gabor","2","Nenu","2","0","892"
"3017","1","test","59","z","2","shape2.jpg","5","<none>","You","Gabor","2","Nenu","1","1","701"
"3017","1","test","60","x","8","shape2.jpg","5","<none>","You","Gabor","2","Nenu","2","0","1500"
"3017","1","test","61","m","9","shape3.jpg","5","<none>","You","Gabor","2","Nenu","2","1","1088"
"3017","1","test","62","m","9","shape3.jpg","5","<none>","You","Gabor","2","Nenu","2","1","1023"
"3017","1","test","63","m","7","shape1.jpg","5","<none>","You","Gabor","2","Nenu","2","1","976"
"3017","1","test","64","m","4","shape1.jpg","5","<none>","You","Gabor","2","Nenu","2","1","859"
"3017","1","test","65","z","3","shape3.jpg","5","<none>","You","Gabor","2","Nenu","1","1","574"
"3017","1","test","66","m","5","shape2.jpg","5","<none>","You","Gabor","2","Nenu","2","1","1090"
"3017","1","test","67","x","8","shape2.jpg","5","<none>","You","Gabor","2","Nenu","2","0","1500"
"3017","1","test","68","z","3","shape3.jpg","5","<none>","You","Gabor","2","Nenu","1","1","925"
"3017","1","test","69","z","3","shape3.jpg","5","<none>","You","Gabor","2","Nenu","1","1","658"
"3017","1","test","70","x","7","shape1.jpg","5","<none>","You","Gabor","2","Nenu","2","0","1500"
"3017","1","test","71","m","2","shape2.jpg","5","<none>","You","Gabor","2","Nenu","1","0","686"
"3017","1","test","72","m","5","shape2.jpg","5","<none>","You","Gabor","2","Nenu","2","1","734"
"3017","1","test","73","z","1","shape1.jpg","5","<none>","You","Gabor","2","Nenu","1","1","1294"
"3017","1","test","74","z","1","shape1.jpg","5","<none>","You","Gabor","2","Nenu","1","1","898"
"3017","1","test","75","m","6","shape3.jpg","5","<none>","You","Gabor","2","Nenu","2","1","1489"
"3017","1","test","76","m","5","shape2.jpg","5","<none>","You","Gabor","2","Nenu","2","1","1176"
"3017","1","test","77","m","5","shape2.jpg","5","<none>","You","Gabor","2","Nenu","2","1","635"
"3017","1","test","78","z","8","shape2.jpg","5","<none>","You","Gabor","2","Nenu","2","0","1269"
"3017","1","test","79","z","3","shape3.jpg","5","<none>","You","Gabor","2","Nenu","1","1","555"
"3017","1","test","80","z","2","shape2.jpg","5","<none>","You","Gabor","2","Nenu","1","1","954"
"3017","1","test","81","z","1","shape1.jpg","5","<none>","You","Gabor","2","Nenu","1","1","767"
"3017","1","test","82","m","9","shape3.jpg","5","<none>","You","Gabor","2","Nenu","2","1","891"
"3017","1","test","83","m","9","shape3.jpg","5","<none>","You","Gabor","2","Nenu","2","1","578"
"3017","1","test","84","z","8","shape2.jpg","5","<none>","You","Gabor","2","Nenu","2","0","1206"
"3017","1","test","85","m","1","shape1.jpg","5","<none>","You","Gabor","2","Nenu","1","0","632"
"3017","1","test","86","z","1","shape1.jpg","5","<none>","You","Gabor","2","Nenu","1","1","836"
"3017","1","test","87","m","6","shape3.jpg","5","<none>","You","Gabor","2","Nenu","2","1","877"
"3017","1","test","88","z","4","shape1.jpg","5","<none>","You","Gabor","2","Nenu","2","0","925"
"3017","1","test","89","m","5","shape2.jpg","5","<none>","You","Gabor","2","Nenu","2","1","1019"
"3017","1","test","90","z","6","shape3.jpg","5","<none>","You","Gabor","2","Nenu","2","0","1149"
"3017","1","test","91","z","3","shape3.jpg","5","<none>","You","Gabor","2","Nenu","1","1","529"
"3017","1","test","92","m","5","shape2.jpg","5","<none>","You","Gabor","2","Nenu","2","1","824"
"3017","1","test","93","m","5","shape2.jpg","5","<none>","You","Gabor","2","Nenu","2","1","738"
"3017","1","test","94","m","4","shape1.jpg","5","<none>","You","Gabor","2","Nenu","2","1","880"
"3017","1","test","95","m","1","shape1.jpg","5","<none>","You","Gabor","2","Nenu","1","0","736"
"3017","1","test","96","m","9","shape3.jpg","5","<none>","You","Gabor","2","Nenu","2","1","782"
"3017","1","test","97","m","4","shape1.jpg","5","<none>","You","Gabor","2","Nenu","2","1","1106"
"3017","1","test","98","z","2","shape2.jpg","5","<none>","You","Gabor","2","Nenu","1","1","896"
"3017","1","test","99","m","9","shape3.jpg","5","<none>","You","Gabor","2","Nenu","2","1","783"
"3017","1","test","100","z","3","shape3.jpg","5","<none>","You","Gabor","2","Nenu","1","1","1059"
"3017","1","test","101","z","6","shape3.jpg","5","<none>","You","Gabor","2","Nenu","2","0","995"
"3017","1","test","102","z","2","shape2.jpg","5","<none>","You","Gabor","2","Nenu","1","1","662"
"3017","1","test","103","z","1","shape1.jpg","5","<none>","You","Gabor","2","Nenu","1","1","823"
"3017","1","test","104","z","3","shape3.jpg","5","<none>","You","Gabor","2","Nenu","1","1","898"
"3017","1","test","105","m","5","shape2.jpg","5","<none>","You","Gabor","2","Nenu","2","1","730"
"3017","1","test","106","z","1","shape1.jpg","5","<none>","You","Gabor","2","Nenu","1","1","872"
"3017","1","test","107","z","8","shape2.jpg","5","<none>","You","Gabor","2","Nenu","2","0","1081"
"3017","1","test","108","z","2","shape2.jpg","5","<none>","You","Gabor","2","Nenu","1","1","782"
"3017","1","test","109","z","2","shape2.jpg","5","<none>","You","Gabor","2","Nenu","1","1","875"
"3017","1","test","110","z","1","shape1.jpg","5","<none>","You","Gabor","2","Nenu","1","1","868"
"3017","1","test","111","m","2","shape2.jpg","5","<none>","You","Gabor","2","Nenu","1","0","1171"
"3017","1","test","112","z","1","shape1.jpg","5","<none>","You","Gabor","2","Nenu","1","1","679"
"3017","1","test","113","z","2","shape2.jpg","5","<none>","You","Gabor","2","Nenu","1","1","712"
"3017","1","test","114","z","2","shape2.jpg","5","<none>","You","Gabor","2","Nenu","1","1","703"
"3017","1","test","115","m","8","shape2.jpg","5","<none>","You","Gabor","2","Nenu","2","1","1110"
"3017","1","test","116","m","4","shape1.jpg","5","<none>","You","Gabor","2","Nenu","2","1","1067"
"3017","1","test","117","x","8","shape2.jpg","5","<none>","You","Gabor","2","Nenu","2","0","1500"
"3017","1","test","118","z","2","shape2.jpg","5","<none>","You","Gabor","2","Nenu","1","1","1360"
"3017","1","test","119","m","4","shape1.jpg","5","<none>","You","Gabor","2","Nenu","2","1","1243"
"3017","1","test","120","m","7","shape1.jpg","5","<none>","You","Gabor","2","Nenu","2","1","852"
"3017","1","test","121","m","3","shape3.jpg","5","<none>","You","Gabor","2","Nenu","1","0","825"
"3017","1","test","122","z","3","shape3.jpg","5","<none>","You","Gabor","2","Nenu","1","1","965"
"3017","1","test","123","m","6","shape3.jpg","5","<none>","You","Gabor","2","Nenu","2","1","1264"
"3017","1","test","124","z","3","shape3.jpg","5","<none>","You","Gabor","2","Nenu","1","1","625"
"3017","1","test","125","z","3","shape3.jpg","5","<none>","You","Gabor","2","Nenu","1","1","546"
"3017","1","test","126","z","1","shape1.jpg","5","<none>","You","Gabor","2","Nenu","1","1","825"
"3017","1","test","127","m","4","shape1.jpg","5","<none>","You","Gabor","2","Nenu","2","1","876"
"3017","1","test","128","z","1","shape1.jpg","5","<none>","You","Gabor","2","Nenu","1","1","660"
"3017","1","test","129","z","1","shape1.jpg","5","<none>","You","Gabor","2","Nenu","1","1","614"
"3017","1","test","130","m","5","shape2.jpg","5","<none>","You","Gabor","2","Nenu","2","1","695"
"3017","1","test","131","z","2","shape2.jpg","5","<none>","You","Gabor","2","Nenu","1","1","904"
"3017","1","test","132","z","2","shape2.jpg","5","<none>","You","Gabor","2","Nenu","1","1","583"
"3017","1","test","133","z","2","shape2.jpg","5","<none>","You","Gabor","2","Nenu","1","1","531"
"3017","1","test","134","z","3","shape3.jpg","5","<none>","You","Gabor","2","Nenu","1","1","650"
"3017","1","test","135","z","1","shape1.jpg","5","<none>","You","Gabor","2","Nenu","1","1","674"
"3017","1","test","136","m","4","shape1.jpg","5","<none>","You","Gabor","2","Nenu","2","1","844"
"3017","1","test","137","z","1","shape1.jpg","5","<none>","You","Gabor","2","Nenu","1","1","742"
"3017","1","test","138","m","9","shape3.jpg","5","<none>","You","Gabor","2","Nenu","2","1","635"
"3017","1","test","139","m","7","shape1.jpg","5","<none>","You","Gabor","2","Nenu","2","1","1142"
"3017","1","test","140","z","1","shape1.jpg","5","<none>","You","Gabor","2","Nenu","1","1","786"
"3017","1","test","141","z","1","shape1.jpg","5","<none>","You","Gabor","2","Nenu","1","1","750"
"3017","1","test","142","m","9","shape3.jpg","5","<none>","You","Gabor","2","Nenu","2","1","579"
"3017","1","test","143","z","7","shape1.jpg","5","<none>","You","Gabor","2","Nenu","2","0","719"
"3017","1","test","144","z","2","shape2.jpg","5","<none>","You","Gabor","2","Nenu","1","1","782"
"3017","1","test","145","m","5","shape2.jpg","5","<none>","You","Gabor","2","Nenu","2","1","721"
"3017","1","test","146","m","7","shape1.jpg","5","<none>","You","Gabor","2","Nenu","2","1","880"
"3017","1","test","147","m","6","shape3.jpg","5","<none>","You","Gabor","2","Nenu","2","1","769"
"3017","1","test","148","z","3","shape3.jpg","5","<none>","You","Gabor","2","Nenu","1","1","766"
"3017","1","test","149","z","2","shape2.jpg","5","<none>","You","Gabor","2","Nenu","1","1","753"
"3017","1","test","150","m","5","shape2.jpg","5","<none>","You","Gabor","2","Nenu","2","1","711"
"3017","1","test","151","z","1","shape1.jpg","5","<none>","You","Gabor","2","Nenu","1","1","701"
"3017","1","test","152","m","6","shape3.jpg","5","<none>","You","Gabor","2","Nenu","2","1","590"
"3017","1","test","153","z","1","shape1.jpg","5","<none>","You","Gabor","2","Nenu","1","1","625"
"3017","1","test","154","z","2","shape2.jpg","5","<none>","You","Gabor","2","Nenu","1","1","867"
"3017","1","test","155","m","8","shape2.jpg","5","<none>","You","Gabor","2","Nenu","2","1","917"
"3017","1","test","156","m","7","shape1.jpg","5","<none>","You","Gabor","2","Nenu","2","1","802"
"3017","1","test","157","m","5","shape2.jpg","5","<none>","You","Gabor","2","Nenu","2","1","1062"
"3017","1","test","158","z","3","shape3.jpg","5","<none>","You","Gabor","2","Nenu","1","1","806"
"3017","1","test","159","z","2","shape2.jpg","5","<none>","You","Gabor","2","Nenu","1","1","952"
"3017","1","test","160","z","3","shape3.jpg","5","<none>","You","Gabor","2","Nenu","1","1","693"
"3017","1","test","161","z","2","shape2.jpg","5","<none>","You","Gabor","2","Nenu","1","1","557"
"3017","1","test","162","m","5","shape2.jpg","5","<none>","You","Gabor","2","Nenu","2","1","715"
"3017","1","test","163","z","3","shape3.jpg","5","<none>","You","Gabor","2","Nenu","1","1","673"
"3017","1","test","164","z","1","shape1.jpg","5","<none>","You","Gabor","2","Nenu","1","1","866"
"3017","1","test","165","m","4","shape1.jpg","5","<none>","You","Gabor","2","Nenu","2","1","770"
"3017","1","test","166","z","1","shape1.jpg","5","<none>","You","Gabor","2","Nenu","1","1","630"
"3017","1","test","167","m","7","shape1.jpg","5","<none>","You","Gabor","2","Nenu","2","1","720"
"3017","1","test","168","m","6","shape3.jpg","5","<none>","You","Gabor","2","Nenu","2","1","879"
"3017","1","test","169","m","9","shape3.jpg","5","<none>","You","Gabor","2","Nenu","2","1","680"
"3017","1","test","170","z","1","shape1.jpg","5","<none>","You","Gabor","2","Nenu","1","1","825"
"3017","1","test","171","z","1","shape1.jpg","5","<none>","You","Gabor","2","Nenu","1","1","643"
"3017","1","test","172","z","1","shape1.jpg","5","<none>","You","Gabor","2","Nenu","1","1","573"
"3017","1","test","173","m","4","shape1.jpg","5","<none>","You","Gabor","2","Nenu","2","1","673"
"3017","1","test","174","z","2","shape2.jpg","5","<none>","You","Gabor","2","Nenu","1","1","931"
"3017","1","test","175","m","1","shape1.jpg","5","<none>","You","Gabor","2","Nenu","1","0","632"
"3017","1","test","176","m","7","shape1.jpg","5","<none>","You","Gabor","2","Nenu","2","1","987"
"3017","1","test","177","z","2","shape2.jpg","5","<none>","You","Gabor","2","Nenu","1","1","948"
"3017","1","test","178","z","3","shape3.jpg","5","<none>","You","Gabor","2","Nenu","1","1","715"
"3017","1","test","179","m","6","shape3.jpg","5","<none>","You","Gabor","2","Nenu","2","1","961"
"3017","1","test","180","m","8","shape2.jpg","5","<none>","You","Gabor","2","Nenu","2","1","838"
"3017","1","test","181","z","2","shape2.jpg","5","<none>","You","Gabor","2","Nenu","1","1","606"
"3017","1","test","182","m","4","shape1.jpg","5","<none>","You","Gabor","2","Nenu","2","1","746"
"3017","1","test","183","m","9","shape3.jpg","5","<none>","You","Gabor","2","Nenu","2","1","688"
"3017","1","test","184","m","6","shape3.jpg","5","<none>","You","Gabor","2","Nenu","2","1","768"
"3017","1","test","185","m","4","shape1.jpg","5","<none>","You","Gabor","2","Nenu","2","1","718"
"3017","1","test","186","m","7","shape1.jpg","5","<none>","You","Gabor","2","Nenu","2","1","700"
"3017","1","test","187","m","7","shape1.jpg","5","<none>","You","Gabor","2","Nenu","2","1","714"
"3017","1","test","188","z","1","shape1.jpg","5","<none>","You","Gabor","2","Nenu","1","1","1024"
"3017","1","test","189","z","1","shape1.jpg","5","<none>","You","Gabor","2","Nenu","1","1","610"
"3017","1","test","190","m","5","shape2.jpg","5","<none>","You","Gabor","2","Nenu","2","1","934"
"3017","1","test","191","z","3","shape3.jpg","5","<none>","You","Gabor","2","Nenu","1","1","645"
"3017","1","test","192","z","3","shape3.jpg","5","<none>","You","Gabor","2","Nenu","1","1","582"
"3017","1","test","193","z","2","shape2.jpg","5","<none>","You","Gabor","2","Nenu","1","1","946"
"3017","1","test","194","z","3","shape3.jpg","5","<none>","You","Gabor","2","Nenu","1","1","728"
"3017","1","test","195","m","9","shape3.jpg","5","<none>","You","Gabor","2","Nenu","2","1","629"
"3017","1","test","196","z","2","shape2.jpg","5","<none>","You","Gabor","2","Nenu","1","1","759"
"3017","1","test","197","z","3","shape3.jpg","5","<none>","You","Gabor","2","Nenu","1","1","733"
"3017","1","test","198","m","8","shape2.jpg","5","<none>","You","Gabor","2","Nenu","2","1","835"
"3017","1","test","199","z","3","shape3.jpg","5","<none>","You","Gabor","2","Nenu","1","1","750"
"3017","1","test","200","z","1","shape1.jpg","5","<none>","You","Gabor","2","Nenu","1","1","866"
"3017","1","test","201","z","3","shape3.jpg","5","<none>","You","Gabor","2","Nenu","1","1","745"
"3017","1","test","202","z","3","shape3.jpg","5","<none>","You","Gabor","2","Nenu","1","1","616"
"3017","1","test","203","z","3","shape3.jpg","5","<none>","You","Gabor","2","Nenu","1","1","676"
"3017","1","test","204","z","2","shape2.jpg","5","<none>","You","Gabor","2","Nenu","1","1","828"
"3017","1","test","205","z","2","shape2.jpg","5","<none>","You","Gabor","2","Nenu","1","1","510"
"3017","1","test","206","z","3","shape3.jpg","5","<none>","You","Gabor","2","Nenu","1","1","613"
"3017","1","test","207","m","6","shape3.jpg","5","<none>","You","Gabor","2","Nenu","2","1","921"
"3017","1","test","208","m","7","shape1.jpg","5","<none>","You","Gabor","2","Nenu","2","1","799"
"3017","1","test","209","m","4","shape1.jpg","5","<none>","You","Gabor","2","Nenu","2","1","728"
"3017","1","test","210","z","8","shape2.jpg","5","<none>","You","Gabor","2","Nenu","2","0","872"
"3017","1","test","211","m","9","shape3.jpg","5","<none>","You","Gabor","2","Nenu","2","1","729"
"3017","1","test","212","m","4","shape1.jpg","5","<none>","You","Gabor","2","Nenu","2","1","640"
"3017","1","test","213","z","1","shape1.jpg","5","<none>","You","Gabor","2","Nenu","1","1","714"
"3017","1","test","214","z","1","shape1.jpg","5","<none>","You","Gabor","2","Nenu","1","1","640"
"3017","1","test","215","m","4","shape1.jpg","5","<none>","You","Gabor","2","Nenu","2","1","859"
"3017","1","test","216","z","3","shape3.jpg","5","<none>","You","Gabor","2","Nenu","1","1","644"
"3017","1","test","217","z","1","shape1.jpg","5","<none>","You","Gabor","2","Nenu","1","1","765"
"3017","1","test","218","z","6","shape3.jpg","5","<none>","You","Gabor","2","Nenu","2","0","1001"
"3017","1","test","219","z","1","shape1.jpg","5","<none>","You","Gabor","2","Nenu","1","1","692"
"3017","1","test","220","z","3","shape3.jpg","5","<none>","You","Gabor","2","Nenu","1","1","644"
"3017","1","test","221","m","8","shape2.jpg","5","<none>","You","Gabor","2","Nenu","2","1","1279"
"3017","1","test","222","z","1","shape1.jpg","5","<none>","You","Gabor","2","Nenu","1","1","693"
"3017","1","test","223","z","3","shape3.jpg","5","<none>","You","Gabor","2","Nenu","1","1","782"
"3017","1","test","224","z","2","shape2.jpg","5","<none>","You","Gabor","2","Nenu","1","1","657"
"3017","1","test","225","z","3","shape3.jpg","5","<none>","You","Gabor","2","Nenu","1","1","650"
"3017","1","test","226","z","3","shape3.jpg","5","<none>","You","Gabor","2","Nenu","1","1","851"
"3017","1","test","227","m","6","shape3.jpg","5","<none>","You","Gabor","2","Nenu","2","1","732"
"3017","1","test","228","m","8","shape2.jpg","5","<none>","You","Gabor","2","Nenu","2","1","1026"
"3017","1","test","229","z","2","shape2.jpg","5","<none>","You","Gabor","2","Nenu","1","1","1109"
"3017","1","test","230","z","8","shape2.jpg","5","<none>","You","Gabor","2","Nenu","2","0","618"
"3017","1","test","231","z","3","shape3.jpg","5","<none>","You","Gabor","2","Nenu","1","1","589"
"3017","1","test","232","z","1","shape1.jpg","5","<none>","You","Gabor","2","Nenu","1","1","689"
"3017","1","test","233","m","6","shape3.jpg","5","<none>","You","Gabor","2","Nenu","2","1","945"
"3017","1","test","234","m","5","shape2.jpg","5","<none>","You","Gabor","2","Nenu","2","1","990"
"3017","1","test","235","m","8","shape2.jpg","5","<none>","You","Gabor","2","Nenu","2","1","1217"
"3017","1","test","236","z","2","shape2.jpg","5","<none>","You","Gabor","2","Nenu","1","1","514"
"3017","1","test","237","z","3","shape3.jpg","5","<none>","You","Gabor","2","Nenu","1","1","529"
"3017","1","test","238","m","6","shape3.jpg","5","<none>","You","Gabor","2","Nenu","2","1","770"
"3017","1","test","239","m","4","shape1.jpg","5","<none>","You","Gabor","2","Nenu","2","1","749"
"3017","1","test","240","m","7","shape1.jpg","5","<none>","You","Gabor","2","Nenu","2","1","666"
"3017","1","test","241","m","1","shape1.jpg","5","<none>","You","Gabor","2","Nenu","1","0","914"
"3017","1","test","242","m","6","shape3.jpg","5","<none>","You","Gabor","2","Nenu","2","1","631"
"3017","1","test","243","m","5","shape2.jpg","5","<none>","You","Gabor","2","Nenu","2","1","731"
"3017","1","test","244","m","2","shape2.jpg","5","<none>","You","Gabor","2","Nenu","1","0","649"
"3017","1","test","245","m","5","shape2.jpg","5","<none>","You","Gabor","2","Nenu","2","1","858"
"3017","1","test","246","z","7","shape1.jpg","5","<none>","You","Gabor","2","Nenu","2","0","730"
"3017","1","test","247","m","5","shape2.jpg","5","<none>","You","Gabor","2","Nenu","2","1","697"
"3017","1","test","248","z","2","shape2.jpg","5","<none>","You","Gabor","2","Nenu","1","1","913"
"3017","1","test","249","z","2","shape2.jpg","5","<none>","You","Gabor","2","Nenu","1","1","967"
"3017","1","test","250","m","1","shape1.jpg","5","<none>","You","Gabor","2","Nenu","1","0","956"
"3017","1","test","251","z","2","shape2.jpg","5","<none>","You","Gabor","2","Nenu","1","1","841"
"3017","1","test","252","z","1","shape1.jpg","5","<none>","You","Gabor","2","Nenu","1","1","618"
"3017","1","test","253","z","1","shape1.jpg","5","<none>","You","Gabor","2","Nenu","1","1","644"
"3017","1","test","254","z","3","shape3.jpg","5","<none>","You","Gabor","2","Nenu","1","1","783"
"3017","1","test","255","m","9","shape3.jpg","5","<none>","You","Gabor","2","Nenu","2","1","714"
"3017","1","test","256","m","8","shape2.jpg","5","<none>","You","Gabor","2","Nenu","2","1","1449"
"3017","1","test","257","z","1","shape1.jpg","5","<none>","You","Gabor","2","Nenu","1","1","825"
"3017","1","test","258","m","8","shape2.jpg","5","<none>","You","Gabor","2","Nenu","2","1","1195"
"3017","1","test","259","m","5","shape2.jpg","5","<none>","You","Gabor","2","Nenu","2","1","647"
"3017","1","test","260","m","8","shape2.jpg","5","<none>","You","Gabor","2","Nenu","2","1","745"
"3017","1","test","261","z","3","shape3.jpg","5","<none>","You","Gabor","2","Nenu","1","1","966"
"3017","1","test","262","m","8","shape2.jpg","5","<none>","You","Gabor","2","Nenu","2","1","668"
"3017","1","test","263","m","4","shape1.jpg","5","<none>","You","Gabor","2","Nenu","2","1","643"
"3017","1","test","264","m","5","shape2.jpg","5","<none>","You","Gabor","2","Nenu","2","1","718"
"3017","1","test","265","m","4","shape1.jpg","5","<none>","You","Gabor","2","Nenu","2","1","716"
"3017","1","test","266","z","3","shape3.jpg","5","<none>","You","Gabor","2","Nenu","1","1","682"
"3017","1","test","267","m","2","shape2.jpg","5","<none>","You","Gabor","2","Nenu","1","0","738"
"3017","1","test","268","m","5","shape2.jpg","5","<none>","You","Gabor","2","Nenu","2","1","688"
"3017","1","test","269","m","6","shape3.jpg","5","<none>","You","Gabor","2","Nenu","2","1","832"
"3017","1","test","270","m","8","shape2.jpg","5","<none>","You","Gabor","2","Nenu","2","1","826"
"3017","1","test","271","m","6","shape3.jpg","5","<none>","You","Gabor","2","Nenu","2","1","955"
"3017","1","test","272","m","8","shape2.jpg","5","<none>","You","Gabor","2","Nenu","2","1","1152"
"3017","1","test","273","z","1","shape1.jpg","5","<none>","You","Gabor","2","Nenu","1","1","780"
"3017","1","test","274","z","6","shape3.jpg","5","<none>","You","Gabor","2","Nenu","2","0","849"
"3017","1","test","275","m","5","shape2.jpg","5","<none>","You","Gabor","2","Nenu","2","1","704"
"3017","1","test","276","z","1","shape1.jpg","5","<none>","You","Gabor","2","Nenu","1","1","792"
"3017","1","test","277","m","4","shape1.jpg","5","<none>","You","Gabor","2","Nenu","2","1","733"
"3017","1","test","278","z","1","shape1.jpg","5","<none>","You","Gabor","2","Nenu","1","1","706"
"3017","1","test","279","m","8","shape2.jpg","5","<none>","You","Gabor","2","Nenu","2","1","632"
"3017","1","test","280","m","7","shape1.jpg","5","<none>","You","Gabor","2","Nenu","2","1","876"
"3017","1","test","281","m","7","shape1.jpg","5","<none>","You","Gabor","2","Nenu","2","1","732"
"3017","1","test","282","m","5","shape2.jpg","5","<none>","You","Gabor","2","Nenu","2","1","681"
"3017","1","test","283","z","1","shape1.jpg","5","<none>","You","Gabor","2","Nenu","1","1","946"
"3017","1","test","284","z","2","shape2.jpg","5","<none>","You","Gabor","2","Nenu","1","1","719"
"3017","1","test","285","z","3","shape3.jpg","5","<none>","You","Gabor","2","Nenu","1","1","725"
"3017","1","test","286","z","2","shape2.jpg","5","<none>","You","Gabor","2","Nenu","1","1","1251"
"3017","1","test","287","m","8","shape2.jpg","5","<none>","You","Gabor","2","Nenu","2","1","867"
"3017","1","test","288","m","7","shape1.jpg","5","<none>","You","Gabor","2","Nenu","2","1","924"
"3017","1","test","289","z","1","shape1.jpg","5","<none>","You","Gabor","2","Nenu","1","1","634"
"3017","1","test","290","z","3","shape3.jpg","5","<none>","You","Gabor","2","Nenu","1","1","707"
"3017","1","test","291","m","9","shape3.jpg","5","<none>","You","Gabor","2","Nenu","2","1","915"
"3017","1","test","292","m","2","shape2.jpg","5","<none>","You","Gabor","2","Nenu","1","0","791"
"3017","1","test","293","m","9","shape3.jpg","5","<none>","You","Gabor","2","Nenu","2","1","1101"
"3017","1","test","294","z","3","shape3.jpg","5","<none>","You","Gabor","2","Nenu","1","1","1324"
"3017","1","test","295","m","7","shape1.jpg","5","<none>","You","Gabor","2","Nenu","2","1","703"
"3017","1","test","296","z","2","shape2.jpg","5","<none>","You","Gabor","2","Nenu","1","1","856"
"3017","1","test","297","m","8","shape2.jpg","5","<none>","You","Gabor","2","Nenu","2","1","944"
"3017","1","test","298","m","6","shape3.jpg","5","<none>","You","Gabor","2","Nenu","2","1","724"
"3017","1","test","299","z","1","shape1.jpg","5","<none>","You","Gabor","2","Nenu","1","1","772"
"3017","1","test","300","z","3","shape3.jpg","5","<none>","You","Gabor","2","Nenu","1","1","1096"
"3017","1","test","301","z","2","shape2.jpg","5","<none>","You","Gabor","2","Nenu","1","1","1103"
"3017","1","test","302","z","2","shape2.jpg","5","<none>","You","Gabor","2","Nenu","1","1","684"
"3017","1","test","303","z","3","shape3.jpg","5","<none>","You","Gabor","2","Nenu","1","1","613"
"3017","1","test","304","z","3","shape3.jpg","5","<none>","You","Gabor","2","Nenu","1","1","1352"
"3017","1","test","305","m","8","shape2.jpg","5","<none>","You","Gabor","2","Nenu","2","1","692"
"3017","1","test","306","m","5","shape2.jpg","5","<none>","You","Gabor","2","Nenu","2","1","876"
"3017","1","test","307","m","9","shape3.jpg","5","<none>","You","Gabor","2","Nenu","2","1","724"
"3017","1","test","308","z","1","shape1.jpg","5","<none>","You","Gabor","2","Nenu","1","1","626"
"3017","1","test","309","z","1","shape1.jpg","5","<none>","You","Gabor","2","Nenu","1","1","557"
"3017","1","test","310","z","7","shape1.jpg","5","<none>","You","Gabor","2","Nenu","2","0","641"
"3017","1","test","311","z","2","shape2.jpg","5","<none>","You","Gabor","2","Nenu","1","1","868"
"3017","1","test","312","z","2","shape2.jpg","5","<none>","You","Gabor","2","Nenu","1","1","628"
"3017","1","test","313","z","3","shape3.jpg","5","<none>","You","Gabor","2","Nenu","1","1","769"
"3017","1","test","314","z","3","shape3.jpg","5","<none>","You","Gabor","2","Nenu","1","1","572"
"3017","1","test","315","z","3","shape3.jpg","5","<none>","You","Gabor","2","Nenu","1","1","642"
"3017","1","test","316","m","9","shape3.jpg","5","<none>","You","Gabor","2","Nenu","2","1","819"
"3017","1","test","317","z","2","shape2.jpg","5","<none>","You","Gabor","2","Nenu","1","1","838"
"3017","1","test","318","z","1","shape1.jpg","5","<none>","You","Gabor","2","Nenu","1","1","910"
"3017","1","test","319","m","6","shape3.jpg","5","<none>","You","Gabor","2","Nenu","2","1","926"
"3017","1","test","320","m","8","shape2.jpg","5","<none>","You","Gabor","2","Nenu","2","1","804"
"3017","1","test","321","m","7","shape1.jpg","5","<none>","You","Gabor","2","Nenu","2","1","831"
"3017","1","test","322","z","3","shape3.jpg","5","<none>","You","Gabor","2","Nenu","1","1","752"
"3017","1","test","323","m","6","shape3.jpg","5","<none>","You","Gabor","2","Nenu","2","1","814"
"3017","1","test","324","m","5","shape2.jpg","5","<none>","You","Gabor","2","Nenu","2","1","737"
"3017","1","test","325","z","3","shape3.jpg","5","<none>","You","Gabor","2","Nenu","1","1","735"
"3017","1","test","326","z","3","shape3.jpg","5","<none>","You","Gabor","2","Nenu","1","1","612"
"3017","1","test","327","m","7","shape1.jpg","5","<none>","You","Gabor","2","Nenu","2","1","657"
"3017","1","test","328","z","2","shape2.jpg","5","<none>","You","Gabor","2","Nenu","1","1","897"
"3017","1","test","329","m","7","shape1.jpg","5","<none>","You","Gabor","2","Nenu","2","1","657"
"3017","1","test","330","z","1","shape1.jpg","5","<none>","You","Gabor","2","Nenu","1","1","738"
"3017","1","test","331","z","2","shape2.jpg","5","<none>","You","Gabor","2","Nenu","1","1","775"
"3017","1","test","332","m","9","shape3.jpg","5","<none>","You","Gabor","2","Nenu","2","1","716"
"3017","1","test","333","z","2","shape2.jpg","5","<none>","You","Gabor","2","Nenu","1","1","811"
"3017","1","test","334","m","7","shape1.jpg","5","<none>","You","Gabor","2","Nenu","2","1","743"
"3017","1","test","335","m","8","shape2.jpg","5","<none>","You","Gabor","2","Nenu","2","1","788"
"3017","1","test","336","z","6","shape3.jpg","5","<none>","You","Gabor","2","Nenu","2","0","823"
"3017","1","test","337","m","8","shape2.jpg","5","<none>","You","Gabor","2","Nenu","2","1","906"
"3017","1","test","338","m","9","shape3.jpg","5","<none>","You","Gabor","2","Nenu","2","1","672"
"3017","1","test","339","m","9","shape3.jpg","5","<none>","You","Gabor","2","Nenu","2","1","633"
"3017","1","test","340","z","3","shape3.jpg","5","<none>","You","Gabor","2","Nenu","1","1","803"
"3017","1","test","341","m","4","shape1.jpg","5","<none>","You","Gabor","2","Nenu","2","1","702"
"3017","1","test","342","m","4","shape1.jpg","5","<none>","You","Gabor","2","Nenu","2","1","663"
"3017","1","test","343","m","9","shape3.jpg","5","<none>","You","Gabor","2","Nenu","2","1","943"
"3017","1","test","344","z","3","shape3.jpg","5","<none>","You","Gabor","2","Nenu","1","1","1028"
"3017","1","test","345","z","3","shape3.jpg","5","<none>","You","Gabor","2","Nenu","1","1","645"
"3017","1","test","346","z","1","shape1.jpg","5","<none>","You","Gabor","2","Nenu","1","1","1111"
"3017","1","test","347","m","7","shape1.jpg","5","<none>","You","Gabor","2","Nenu","2","1","798"
"3017","1","test","348","m","9","shape3.jpg","5","<none>","You","Gabor","2","Nenu","2","1","993"
"3017","1","test","349","m","7","shape1.jpg","5","<none>","You","Gabor","2","Nenu","2","1","806"
"3017","1","test","350","z","2","shape2.jpg","5","<none>","You","Gabor","2","Nenu","1","1","696"
"3017","1","test","351","m","5","shape2.jpg","5","<none>","You","Gabor","2","Nenu","2","1","736"
"3017","1","test","352","m","9","shape3.jpg","5","<none>","You","Gabor","2","Nenu","2","1","846"
"3017","1","test","353","z","1","shape1.jpg","5","<none>","You","Gabor","2","Nenu","1","1","808"
"3017","1","test","354","z","3","shape3.jpg","5","<none>","You","Gabor","2","Nenu","1","1","794"
"3017","1","test","355","m","5","shape2.jpg","5","<none>","You","Gabor","2","Nenu","2","1","975"
"3017","1","test","356","m","9","shape3.jpg","5","<none>","You","Gabor","2","Nenu","2","1","747"
"3017","1","test","357","z","3","shape3.jpg","5","<none>","You","Gabor","2","Nenu","1","1","728"
"3017","1","test","358","m","6","shape3.jpg","5","<none>","You","Gabor","2","Nenu","2","1","1030"
"3017","1","test","359","m","7","shape1.jpg","5","<none>","You","Gabor","2","Nenu","2","1","831"
"3017","1","test","360","z","1","shape1.jpg","5","<none>","You","Gabor","2","Nenu","1","1","810"
"3018","2","test","1","m","3","shape3.jpg","6","<none>","Milan","You","2","Miru","1","1","916"
"3018","2","test","2","m","2","shape2.jpg","6","<none>","Milan","You","2","Miru","1","1","755"
"3018","2","test","3","m","1","shape1.jpg","6","<none>","Milan","You","2","Miru","1","1","687"
"3018","2","test","4","z","9","shape3.jpg","6","<none>","Milan","You","2","Miru","2","1","808"
"3018","2","test","5","z","5","shape2.jpg","6","<none>","Milan","You","2","Miru","2","1","1067"
"3018","2","test","6","m","3","shape3.jpg","6","<none>","Milan","You","2","Miru","1","1","859"
"3018","2","test","7","z","9","shape3.jpg","6","<none>","Milan","You","2","Miru","2","1","674"
"3018","2","test","8","z","5","shape2.jpg","6","<none>","Milan","You","2","Miru","2","1","948"
"3018","2","test","9","m","3","shape3.jpg","6","<none>","Milan","You","2","Miru","1","1","785"
"3018","2","test","10","m","2","shape2.jpg","6","<none>","Milan","You","2","Miru","1","1","612"
"3018","2","test","11","z","8","shape2.jpg","6","<none>","Milan","You","2","Miru","2","1","1152"
"3018","2","test","12","z","7","shape1.jpg","6","<none>","Milan","You","2","Miru","2","1","765"
"3018","2","test","13","z","7","shape1.jpg","6","<none>","Milan","You","2","Miru","2","1","970"
"3018","2","test","14","z","9","shape3.jpg","6","<none>","Milan","You","2","Miru","2","1","988"
"3018","2","test","15","z","7","shape1.jpg","6","<none>","Milan","You","2","Miru","2","1","904"
"3018","2","test","16","z","5","shape2.jpg","6","<none>","Milan","You","2","Miru","2","1","878"
"3018","2","test","17","z","4","shape1.jpg","6","<none>","Milan","You","2","Miru","2","1","927"
"3018","2","test","18","z","1","shape1.jpg","6","<none>","Milan","You","2","Miru","1","0","741"
"3018","2","test","19","m","3","shape3.jpg","6","<none>","Milan","You","2","Miru","1","1","770"
"3018","2","test","20","m","3","shape3.jpg","6","<none>","Milan","You","2","Miru","1","1","783"
"3018","2","test","21","z","8","shape2.jpg","6","<none>","Milan","You","2","Miru","2","1","626"
"3018","2","test","22","m","2","shape2.jpg","6","<none>","Milan","You","2","Miru","1","1","1116"
"3018","2","test","23","z","5","shape2.jpg","6","<none>","Milan","You","2","Miru","2","1","715"
"3018","2","test","24","m","1","shape1.jpg","6","<none>","Milan","You","2","Miru","1","1","817"
"3018","2","test","25","z","8","shape2.jpg","6","<none>","Milan","You","2","Miru","2","1","964"
"3018","2","test","26","m","2","shape2.jpg","6","<none>","Milan","You","2","Miru","1","1","961"
"3018","2","test","27","m","2","shape2.jpg","6","<none>","Milan","You","2","Miru","1","1","773"
"3018","2","test","28","z","4","shape1.jpg","6","<none>","Milan","You","2","Miru","2","1","904"
"3018","2","test","29","m","3","shape3.jpg","6","<none>","Milan","You","2","Miru","1","1","552"
"3018","2","test","30","m","2","shape2.jpg","6","<none>","Milan","You","2","Miru","1","1","708"
"3018","2","test","31","m","2","shape2.jpg","6","<none>","Milan","You","2","Miru","1","1","773"
"3018","2","test","32","z","8","shape2.jpg","6","<none>","Milan","You","2","Miru","2","1","849"
"3018","2","test","33","m","3","shape3.jpg","6","<none>","Milan","You","2","Miru","1","1","706"
"3018","2","test","34","m","1","shape1.jpg","6","<none>","Milan","You","2","Miru","1","1","745"
"3018","2","test","35","m","3","shape3.jpg","6","<none>","Milan","You","2","Miru","1","1","679"
"3018","2","test","36","m","3","shape3.jpg","6","<none>","Milan","You","2","Miru","1","1","759"
"3018","2","test","37","m","1","shape1.jpg","6","<none>","Milan","You","2","Miru","1","1","676"
"3018","2","test","38","m","3","shape3.jpg","6","<none>","Milan","You","2","Miru","1","1","581"
"3018","2","test","39","m","2","shape2.jpg","6","<none>","Milan","You","2","Miru","1","1","618"
"3018","2","test","40","z","8","shape2.jpg","6","<none>","Milan","You","2","Miru","2","1","724"
"3018","2","test","41","z","6","shape3.jpg","6","<none>","Milan","You","2","Miru","2","1","971"
"3018","2","test","42","m","1","shape1.jpg","6","<none>","Milan","You","2","Miru","1","1","694"
"3018","2","test","43","m","3","shape3.jpg","6","<none>","Milan","You","2","Miru","1","1","558"
"3018","2","test","44","z","2","shape2.jpg","6","<none>","Milan","You","2","Miru","1","0","861"
"3018","2","test","45","z","6","shape3.jpg","6","<none>","Milan","You","2","Miru","2","1","797"
"3018","2","test","46","m","2","shape2.jpg","6","<none>","Milan","You","2","Miru","1","1","753"
"3018","2","test","47","m","3","shape3.jpg","6","<none>","Milan","You","2","Miru","1","1","605"
"3018","2","test","48","m","2","shape2.jpg","6","<none>","Milan","You","2","Miru","1","1","689"
"3018","2","test","49","z","5","shape2.jpg","6","<none>","Milan","You","2","Miru","2","1","849"
"3018","2","test","50","m","1","shape1.jpg","6","<none>","Milan","You","2","Miru","1","1","1186"
"3018","2","test","51","z","6","shape3.jpg","6","<none>","Milan","You","2","Miru","2","1","780"
"3018","2","test","52","m","2","shape2.jpg","6","<none>","Milan","You","2","Miru","1","1","721"
"3018","2","test","53","z","9","shape3.jpg","6","<none>","Milan","You","2","Miru","2","1","807"
"3018","2","test","54","m","1","shape1.jpg","6","<none>","Milan","You","2","Miru","1","1","641"
"3018","2","test","55","z","4","shape1.jpg","6","<none>","Milan","You","2","Miru","2","1","788"
"3018","2","test","56","m","2","shape2.jpg","6","<none>","Milan","You","2","Miru","1","1","688"
"3018","2","test","57","z","8","shape2.jpg","6","<none>","Milan","You","2","Miru","2","1","1481"
"3018","2","test","58","m","2","shape2.jpg","6","<none>","Milan","You","2","Miru","1","1","758"
"3018","2","test","59","m","2","shape2.jpg","6","<none>","Milan","You","2","Miru","1","1","820"
"3018","2","test","60","z","9","shape3.jpg","6","<none>","Milan","You","2","Miru","2","1","933"
"3018","2","test","61","m","1","shape1.jpg","6","<none>","Milan","You","2","Miru","1","1","707"
"3018","2","test","62","m","3","shape3.jpg","6","<none>","Milan","You","2","Miru","1","1","563"
"3018","2","test","63","z","9","shape3.jpg","6","<none>","Milan","You","2","Miru","2","1","671"
"3018","2","test","64","m","3","shape3.jpg","6","<none>","Milan","You","2","Miru","1","1","594"
"3018","2","test","65","m","3","shape3.jpg","6","<none>","Milan","You","2","Miru","1","1","1101"
"3018","2","test","66","z","5","shape2.jpg","6","<none>","Milan","You","2","Miru","2","1","771"
"3018","2","test","67","m","3","shape3.jpg","6","<none>","Milan","You","2","Miru","1","1","567"
"3018","2","test","68","m","1","shape1.jpg","6","<none>","Milan","You","2","Miru","1","1","844"
"3018","2","test","69","m","1","shape1.jpg","6","<none>","Milan","You","2","Miru","1","1","534"
"3018","2","test","70","z","6","shape3.jpg","6","<none>","Milan","You","2","Miru","2","1","748"
"3018","2","test","71","m","3","shape3.jpg","6","<none>","Milan","You","2","Miru","1","1","682"
"3018","2","test","72","m","1","shape1.jpg","6","<none>","Milan","You","2","Miru","1","1","713"
"3018","2","test","73","z","8","shape2.jpg","6","<none>","Milan","You","2","Miru","2","1","905"
"3018","2","test","74","z","5","shape2.jpg","6","<none>","Milan","You","2","Miru","2","1","848"
"3018","2","test","75","m","3","shape3.jpg","6","<none>","Milan","You","2","Miru","1","1","576"
"3018","2","test","76","z","2","shape2.jpg","6","<none>","Milan","You","2","Miru","1","0","693"
"3018","2","test","77","z","6","shape3.jpg","6","<none>","Milan","You","2","Miru","2","1","869"
"3018","2","test","78","m","2","shape2.jpg","6","<none>","Milan","You","2","Miru","1","1","869"
"3018","2","test","79","m","3","shape3.jpg","6","<none>","Milan","You","2","Miru","1","1","621"
"3018","2","test","80","z","6","shape3.jpg","6","<none>","Milan","You","2","Miru","2","1","913"
"3018","2","test","81","m","7","shape1.jpg","6","<none>","Milan","You","2","Miru","2","0","760"
"3018","2","test","82","m","1","shape1.jpg","6","<none>","Milan","You","2","Miru","1","1","772"
"3018","2","test","83","z","9","shape3.jpg","6","<none>","Milan","You","2","Miru","2","1","753"
"3018","2","test","84","z","7","shape1.jpg","6","<none>","Milan","You","2","Miru","2","1","893"
"3018","2","test","85","m","2","shape2.jpg","6","<none>","Milan","You","2","Miru","1","1","933"
"3018","2","test","86","z","8","shape2.jpg","6","<none>","Milan","You","2","Miru","2","1","762"
"3018","2","test","87","m","1","shape1.jpg","6","<none>","Milan","You","2","Miru","1","1","599"
"3018","2","test","88","z","8","shape2.jpg","6","<none>","Milan","You","2","Miru","2","1","691"
"3018","2","test","89","m","2","shape2.jpg","6","<none>","Milan","You","2","Miru","1","1","691"
"3018","2","test","90","m","3","shape3.jpg","6","<none>","Milan","You","2","Miru","1","1","586"
"3018","2","test","91","z","9","shape3.jpg","6","<none>","Milan","You","2","Miru","2","1","1128"
"3018","2","test","92","z","5","shape2.jpg","6","<none>","Milan","You","2","Miru","2","1","1085"
"3018","2","test","93","z","4","shape1.jpg","6","<none>","Milan","You","2","Miru","2","1","1324"
"3018","2","test","94","m","1","shape1.jpg","6","<none>","Milan","You","2","Miru","1","1","529"
"3018","2","test","95","m","3","shape3.jpg","6","<none>","Milan","You","2","Miru","1","1","711"
"3018","2","test","96","z","9","shape3.jpg","6","<none>","Milan","You","2","Miru","2","1","662"
"3018","2","test","97","m","1","shape1.jpg","6","<none>","Milan","You","2","Miru","1","1","848"
"3018","2","test","98","m","1","shape1.jpg","6","<none>","Milan","You","2","Miru","1","1","705"
"3018","2","test","99","z","6","shape3.jpg","6","<none>","Milan","You","2","Miru","2","1","1312"
"3018","2","test","100","z","9","shape3.jpg","6","<none>","Milan","You","2","Miru","2","1","830"
"3018","2","test","101","z","8","shape2.jpg","6","<none>","Milan","You","2","Miru","2","1","920"
"3018","2","test","102","z","5","shape2.jpg","6","<none>","Milan","You","2","Miru","2","1","935"
"3018","2","test","103","z","6","shape3.jpg","6","<none>","Milan","You","2","Miru","2","1","787"
"3018","2","test","104","m","1","shape1.jpg","6","<none>","Milan","You","2","Miru","1","1","646"
"3018","2","test","105","z","7","shape1.jpg","6","<none>","Milan","You","2","Miru","2","1","1225"
"3018","2","test","106","x","6","shape3.jpg","6","<none>","Milan","You","2","Miru","2","0","1498"
"3018","2","test","107","x","8","shape2.jpg","6","<none>","Milan","You","2","Miru","2","0","1499"
"3018","2","test","108","z","9","shape3.jpg","6","<none>","Milan","You","2","Miru","2","1","817"
"3018","2","test","109","x","2","shape2.jpg","6","<none>","Milan","You","2","Miru","1","0","1499"
"3018","2","test","110","m","3","shape3.jpg","6","<none>","Milan","You","2","Miru","1","1","656"
"3018","2","test","111","m","6","shape3.jpg","6","<none>","Milan","You","2","Miru","2","0","824"
"3018","2","test","112","z","4","shape1.jpg","6","<none>","Milan","You","2","Miru","2","1","835"
"3018","2","test","113","m","2","shape2.jpg","6","<none>","Milan","You","2","Miru","1","1","685"
"3018","2","test","114","z","6","shape3.jpg","6","<none>","Milan","You","2","Miru","2","1","700"
"3018","2","test","115","m","2","shape2.jpg","6","<none>","Milan","You","2","Miru","1","1","812"
"3018","2","test","116","m","3","shape3.jpg","6","<none>","Milan","You","2","Miru","1","1","544"
"3018","2","test","117","m","3","shape3.jpg","6","<none>","Milan","You","2","Miru","1","1","621"
"3018","2","test","118","z","8","shape2.jpg","6","<none>","Milan","You","2","Miru","2","1","600"
"3018","2","test","119","m","1","shape1.jpg","6","<none>","Milan","You","2","Miru","1","1","684"
"3018","2","test","120","m","4","shape1.jpg","6","<none>","Milan","You","2","Miru","2","0","548"
"3018","2","test","121","m","1","shape1.jpg","6","<none>","Milan","You","2","Miru","1","1","677"
"3018","2","test","122","m","7","shape1.jpg","6","<none>","Milan","You","2","Miru","2","0","403"
"3018","2","test","123","m","7","shape1.jpg","6","<none>","Milan","You","2","Miru","2","0","457"
"3018","2","test","124","m","1","shape1.jpg","6","<none>","Milan","You","2","Miru","1","1","476"
"3018","2","test","125","m","1","shape1.jpg","6","<none>","Milan","You","2","Miru","1","1","532"
"3018","2","test","126","z","4","shape1.jpg","6","<none>","Milan","You","2","Miru","2","1","594"
"3018","2","test","127","z","5","shape2.jpg","6","<none>","Milan","You","2","Miru","2","1","727"
"3018","2","test","128","z","7","shape1.jpg","6","<none>","Milan","You","2","Miru","2","1","725"
"3018","2","test","129","z","8","shape2.jpg","6","<none>","Milan","You","2","Miru","2","1","827"
"3018","2","test","130","m","2","shape2.jpg","6","<none>","Milan","You","2","Miru","1","1","613"
"3018","2","test","131","m","3","shape3.jpg","6","<none>","Milan","You","2","Miru","1","1","634"
"3018","2","test","132","z","4","shape1.jpg","6","<none>","Milan","You","2","Miru","2","1","613"
"3018","2","test","133","m","1","shape1.jpg","6","<none>","Milan","You","2","Miru","1","1","615"
"3018","2","test","134","z","4","shape1.jpg","6","<none>","Milan","You","2","Miru","2","1","658"
"3018","2","test","135","z","4","shape1.jpg","6","<none>","Milan","You","2","Miru","2","1","979"
"3018","2","test","136","m","2","shape2.jpg","6","<none>","Milan","You","2","Miru","1","1","647"
"3018","2","test","137","z","7","shape1.jpg","6","<none>","Milan","You","2","Miru","2","1","752"
"3018","2","test","138","m","3","shape3.jpg","6","<none>","Milan","You","2","Miru","1","1","606"
"3018","2","test","139","m","3","shape3.jpg","6","<none>","Milan","You","2","Miru","1","1","587"
"3018","2","test","140","m","2","shape2.jpg","6","<none>","Milan","You","2","Miru","1","1","685"
"3018","2","test","141","m","3","shape3.jpg","6","<none>","Milan","You","2","Miru","1","1","558"
"3018","2","test","142","z","7","shape1.jpg","6","<none>","Milan","You","2","Miru","2","1","748"
"3018","2","test","143","m","2","shape2.jpg","6","<none>","Milan","You","2","Miru","1","1","746"
"3018","2","test","144","m","2","shape2.jpg","6","<none>","Milan","You","2","Miru","1","1","494"
"3018","2","test","145","m","1","shape1.jpg","6","<none>","Milan","You","2","Miru","1","1","727"
"3018","2","test","146","z","5","shape2.jpg","6","<none>","Milan","You","2","Miru","2","1","813"
"3018","2","test","147","m","7","shape1.jpg","6","<none>","Milan","You","2","Miru","2","0","776"
"3018","2","test","148","z","6","shape3.jpg","6","<none>","Milan","You","2","Miru","2","1","742"
"3018","2","test","149","z","9","shape3.jpg","6","<none>","Milan","You","2","Miru","2","1","810"
"3018","2","test","150","m","2","shape2.jpg","6","<none>","Milan","You","2","Miru","1","1","861"
"3018","2","test","151","m","1","shape1.jpg","6","<none>","Milan","You","2","Miru","1","1","711"
"3018","2","test","152","m","2","shape2.jpg","6","<none>","Milan","You","2","Miru","1","1","925"
"3018","2","test","153","m","4","shape1.jpg","6","<none>","Milan","You","2","Miru","2","0","485"
"3018","2","test","154","z","4","shape1.jpg","6","<none>","Milan","You","2","Miru","2","1","860"
"3018","2","test","155","z","8","shape2.jpg","6","<none>","Milan","You","2","Miru","2","1","725"
"3018","2","test","156","z","7","shape1.jpg","6","<none>","Milan","You","2","Miru","2","1","1052"
"3018","2","test","157","m","3","shape3.jpg","6","<none>","Milan","You","2","Miru","1","1","620"
"3018","2","test","158","m","3","shape3.jpg","6","<none>","Milan","You","2","Miru","1","1","638"
"3018","2","test","159","m","1","shape1.jpg","6","<none>","Milan","You","2","Miru","1","1","673"
"3018","2","test","160","m","1","shape1.jpg","6","<none>","Milan","You","2","Miru","1","1","602"
"3018","2","test","161","m","1","shape1.jpg","6","<none>","Milan","You","2","Miru","1","1","501"
"3018","2","test","162","m","1","shape1.jpg","6","<none>","Milan","You","2","Miru","1","1","485"
"3018","2","test","163","m","1","shape1.jpg","6","<none>","Milan","You","2","Miru","1","1","382"
"3018","2","test","164","z","5","shape2.jpg","6","<none>","Milan","You","2","Miru","2","1","586"
"3018","2","test","165","m","3","shape3.jpg","6","<none>","Milan","You","2","Miru","1","1","519"
"3018","2","test","166","m","2","shape2.jpg","6","<none>","Milan","You","2","Miru","1","1","645"
"3018","2","test","167","z","6","shape3.jpg","6","<none>","Milan","You","2","Miru","2","1","592"
"3018","2","test","168","m","3","shape3.jpg","6","<none>","Milan","You","2","Miru","1","1","461"
"3018","2","test","169","m","3","shape3.jpg","6","<none>","Milan","You","2","Miru","1","1","550"
"3018","2","test","170","m","3","shape3.jpg","6","<none>","Milan","You","2","Miru","1","1","683"
"3018","2","test","171","z","4","shape1.jpg","6","<none>","Milan","You","2","Miru","2","1","659"
"3018","2","test","172","m","9","shape3.jpg","6","<none>","Milan","You","2","Miru","2","0","533"
"3018","2","test","173","z","5","shape2.jpg","6","<none>","Milan","You","2","Miru","2","1","595"
"3018","2","test","174","z","4","shape1.jpg","6","<none>","Milan","You","2","Miru","2","1","616"
"3018","2","test","175","m","3","shape3.jpg","6","<none>","Milan","You","2","Miru","1","1","436"
"3018","2","test","176","m","7","shape1.jpg","6","<none>","Milan","You","2","Miru","2","0","749"
"3018","2","test","177","z","1","shape1.jpg","6","<none>","Milan","You","2","Miru","1","0","651"
"3018","2","test","178","m","1","shape1.jpg","6","<none>","Milan","You","2","Miru","1","1","412"
"3018","2","test","179","z","8","shape2.jpg","6","<none>","Milan","You","2","Miru","2","1","608"
"3018","2","test","180","z","8","shape2.jpg","6","<none>","Milan","You","2","Miru","2","1","509"
"3018","2","test","181","z","8","shape2.jpg","6","<none>","Milan","You","2","Miru","2","1","629"
"3018","2","test","182","z","2","shape2.jpg","6","<none>","Milan","You","2","Miru","1","0","526"
"3018","2","test","183","m","1","shape1.jpg","6","<none>","Milan","You","2","Miru","1","1","564"
"3018","2","test","184","m","1","shape1.jpg","6","<none>","Milan","You","2","Miru","1","1","564"
"3018","2","test","185","z","6","shape3.jpg","6","<none>","Milan","You","2","Miru","2","1","984"
"3018","2","test","186","m","1","shape1.jpg","6","<none>","Milan","You","2","Miru","1","1","548"
"3018","2","test","187","m","3","shape3.jpg","6","<none>","Milan","You","2","Miru","1","1","497"
"3018","2","test","188","z","7","shape1.jpg","6","<none>","Milan","You","2","Miru","2","1","649"
"3018","2","test","189","z","7","shape1.jpg","6","<none>","Milan","You","2","Miru","2","1","738"
"3018","2","test","190","z","5","shape2.jpg","6","<none>","Milan","You","2","Miru","2","1","672"
"3018","2","test","191","m","8","shape2.jpg","6","<none>","Milan","You","2","Miru","2","0","561"
"3018","2","test","192","m","3","shape3.jpg","6","<none>","Milan","You","2","Miru","1","1","589"
"3018","2","test","193","m","2","shape2.jpg","6","<none>","Milan","You","2","Miru","1","1","844"
"3018","2","test","194","z","7","shape1.jpg","6","<none>","Milan","You","2","Miru","2","1","692"
"3018","2","test","195","m","1","shape1.jpg","6","<none>","Milan","You","2","Miru","1","1","548"
"3018","2","test","196","m","2","shape2.jpg","6","<none>","Milan","You","2","Miru","1","1","705"
"3018","2","test","197","m","2","shape2.jpg","6","<none>","Milan","You","2","Miru","1","1","425"
"3018","2","test","198","m","2","shape2.jpg","6","<none>","Milan","You","2","Miru","1","1","428"
"3018","2","test","199","m","1","shape1.jpg","6","<none>","Milan","You","2","Miru","1","1","496"
"3018","2","test","200","z","4","shape1.jpg","6","<none>","Milan","You","2","Miru","2","1","625"
"3018","2","test","201","m","3","shape3.jpg","6","<none>","Milan","You","2","Miru","1","1","429"
"3018","2","test","202","m","2","shape2.jpg","6","<none>","Milan","You","2","Miru","1","1","510"
"3018","2","test","203","z","7","shape1.jpg","6","<none>","Milan","You","2","Miru","2","1","607"
"3018","2","test","204","z","9","shape3.jpg","6","<none>","Milan","You","2","Miru","2","1","666"
"3018","2","test","205","z","9","shape3.jpg","6","<none>","Milan","You","2","Miru","2","1","699"
"3018","2","test","206","z","5","shape2.jpg","6","<none>","Milan","You","2","Miru","2","1","618"
"3018","2","test","207","z","5","shape2.jpg","6","<none>","Milan","You","2","Miru","2","1","965"
"3018","2","test","208","z","6","shape3.jpg","6","<none>","Milan","You","2","Miru","2","1","817"
"3018","2","test","209","z","6","shape3.jpg","6","<none>","Milan","You","2","Miru","2","1","811"
"3018","2","test","210","z","9","shape3.jpg","6","<none>","Milan","You","2","Miru","2","1","823"
"3018","2","test","211","z","9","shape3.jpg","6","<none>","Milan","You","2","Miru","2","1","592"
"3018","2","test","212","z","6","shape3.jpg","6","<none>","Milan","You","2","Miru","2","1","509"
"3018","2","test","213","m","2","shape2.jpg","6","<none>","Milan","You","2","Miru","1","1","653"
"3018","2","test","214","m","3","shape3.jpg","6","<none>","Milan","You","2","Miru","1","1","591"
"3018","2","test","215","m","5","shape2.jpg","6","<none>","Milan","You","2","Miru","2","0","753"
"3018","2","test","216","z","4","shape1.jpg","6","<none>","Milan","You","2","Miru","2","1","816"
"3018","2","test","217","z","4","shape1.jpg","6","<none>","Milan","You","2","Miru","2","1","602"
"3018","2","test","218","m","2","shape2.jpg","6","<none>","Milan","You","2","Miru","1","1","847"
"3018","2","test","219","z","5","shape2.jpg","6","<none>","Milan","You","2","Miru","2","1","599"
"3018","2","test","220","m","2","shape2.jpg","6","<none>","Milan","You","2","Miru","1","1","547"
"3018","2","test","221","z","5","shape2.jpg","6","<none>","Milan","You","2","Miru","2","1","593"
"3018","2","test","222","z","4","shape1.jpg","6","<none>","Milan","You","2","Miru","2","1","654"
"3018","2","test","223","m","6","shape3.jpg","6","<none>","Milan","You","2","Miru","2","0","783"
"3018","2","test","224","z","9","shape3.jpg","6","<none>","Milan","You","2","Miru","2","1","675"
"3018","2","test","225","z","5","shape2.jpg","6","<none>","Milan","You","2","Miru","2","1","603"
"3018","2","test","226","z","1","shape1.jpg","6","<none>","Milan","You","2","Miru","1","0","615"
"3018","2","test","227","z","9","shape3.jpg","6","<none>","Milan","You","2","Miru","2","1","714"
"3018","2","test","228","z","8","shape2.jpg","6","<none>","Milan","You","2","Miru","2","1","650"
"3018","2","test","229","z","2","shape2.jpg","6","<none>","Milan","You","2","Miru","1","0","642"
"3018","2","test","230","z","5","shape2.jpg","6","<none>","Milan","You","2","Miru","2","1","557"
"3018","2","test","231","z","6","shape3.jpg","6","<none>","Milan","You","2","Miru","2","1","819"
"3018","2","test","232","z","7","shape1.jpg","6","<none>","Milan","You","2","Miru","2","1","629"
"3018","2","test","233","m","1","shape1.jpg","6","<none>","Milan","You","2","Miru","1","1","662"
"3018","2","test","234","m","3","shape3.jpg","6","<none>","Milan","You","2","Miru","1","1","561"
"3018","2","test","235","m","2","shape2.jpg","6","<none>","Milan","You","2","Miru","1","1","519"
"3018","2","test","236","z","6","shape3.jpg","6","<none>","Milan","You","2","Miru","2","1","677"
"3018","2","test","237","z","7","shape1.jpg","6","<none>","Milan","You","2","Miru","2","1","598"
"3018","2","test","238","m","3","shape3.jpg","6","<none>","Milan","You","2","Miru","1","1","545"
"3018","2","test","239","m","5","shape2.jpg","6","<none>","Milan","You","2","Miru","2","0","833"
"3018","2","test","240","z","5","shape2.jpg","6","<none>","Milan","You","2","Miru","2","1","601"
"3018","2","test","241","m","2","shape2.jpg","6","<none>","Milan","You","2","Miru","1","1","699"
"3018","2","test","242","z","1","shape1.jpg","6","<none>","Milan","You","2","Miru","1","0","794"
"3018","2","test","243","z","4","shape1.jpg","6","<none>","Milan","You","2","Miru","2","1","693"
"3018","2","test","244","m","1","shape1.jpg","6","<none>","Milan","You","2","Miru","1","1","852"
"3018","2","test","245","m","3","shape3.jpg","6","<none>","Milan","You","2","Miru","1","1","518"
"3018","2","test","246","z","4","shape1.jpg","6","<none>","Milan","You","2","Miru","2","1","893"
"3018","2","test","247","z","5","shape2.jpg","6","<none>","Milan","You","2","Miru","2","1","868"
"3018","2","test","248","m","2","shape2.jpg","6","<none>","Milan","You","2","Miru","1","1","597"
"3018","2","test","249","m","1","shape1.jpg","6","<none>","Milan","You","2","Miru","1","1","713"
"3018","2","test","250","z","8","shape2.jpg","6","<none>","Milan","You","2","Miru","2","1","760"
"3018","2","test","251","z","4","shape1.jpg","6","<none>","Milan","You","2","Miru","2","1","646"
"3018","2","test","252","m","2","shape2.jpg","6","<none>","Milan","You","2","Miru","1","1","647"
"3018","2","test","253","m","2","shape2.jpg","6","<none>","Milan","You","2","Miru","1","1","810"
"3018","2","test","254","m","3","shape3.jpg","6","<none>","Milan","You","2","Miru","1","1","549"
"3018","2","test","255","z","4","shape1.jpg","6","<none>","Milan","You","2","Miru","2","1","571"
"3018","2","test","256","z","6","shape3.jpg","6","<none>","Milan","You","2","Miru","2","1","864"
"3018","2","test","257","z","8","shape2.jpg","6","<none>","Milan","You","2","Miru","2","1","737"
"3018","2","test","258","z","4","shape1.jpg","6","<none>","Milan","You","2","Miru","2","1","733"
"3018","2","test","259","z","1","shape1.jpg","6","<none>","Milan","You","2","Miru","1","0","674"
"3018","2","test","260","z","8","shape2.jpg","6","<none>","Milan","You","2","Miru","2","1","709"
"3018","2","test","261","m","1","shape1.jpg","6","<none>","Milan","You","2","Miru","1","1","580"
"3018","2","test","262","z","5","shape2.jpg","6","<none>","Milan","You","2","Miru","2","1","825"
"3018","2","test","263","m","1","shape1.jpg","6","<none>","Milan","You","2","Miru","1","1","626"
"3018","2","test","264","m","3","shape3.jpg","6","<none>","Milan","You","2","Miru","1","1","605"
"3018","2","test","265","m","3","shape3.jpg","6","<none>","Milan","You","2","Miru","1","1","577"
"3018","2","test","266","m","6","shape3.jpg","6","<none>","Milan","You","2","Miru","2","0","454"
"3018","2","test","267","z","8","shape2.jpg","6","<none>","Milan","You","2","Miru","2","1","641"
"3018","2","test","268","m","1","shape1.jpg","6","<none>","Milan","You","2","Miru","1","1","762"
"3018","2","test","269","z","9","shape3.jpg","6","<none>","Milan","You","2","Miru","2","1","559"
"3018","2","test","270","z","7","shape1.jpg","6","<none>","Milan","You","2","Miru","2","1","830"
"3018","2","test","271","z","1","shape1.jpg","6","<none>","Milan","You","2","Miru","1","0","575"
"3018","2","test","272","z","8","shape2.jpg","6","<none>","Milan","You","2","Miru","2","1","580"
"3018","2","test","273","m","2","shape2.jpg","6","<none>","Milan","You","2","Miru","1","1","529"
"3018","2","test","274","z","4","shape1.jpg","6","<none>","Milan","You","2","Miru","2","1","736"
"3018","2","test","275","m","1","shape1.jpg","6","<none>","Milan","You","2","Miru","1","1","710"
"3018","2","test","276","m","2","shape2.jpg","6","<none>","Milan","You","2","Miru","1","1","550"
"3018","2","test","277","z","4","shape1.jpg","6","<none>","Milan","You","2","Miru","2","1","595"
"3018","2","test","278","z","4","shape1.jpg","6","<none>","Milan","You","2","Miru","2","1","727"
"3018","2","test","279","z","5","shape2.jpg","6","<none>","Milan","You","2","Miru","2","1","735"
"3018","2","test","280","z","9","shape3.jpg","6","<none>","Milan","You","2","Miru","2","1","667"
"3018","2","test","281","m","3","shape3.jpg","6","<none>","Milan","You","2","Miru","1","1","558"
"3018","2","test","282","z","5","shape2.jpg","6","<none>","Milan","You","2","Miru","2","1","586"
"3018","2","test","283","z","9","shape3.jpg","6","<none>","Milan","You","2","Miru","2","1","800"
"3018","2","test","284","z","9","shape3.jpg","6","<none>","Milan","You","2","Miru","2","1","481"
"3018","2","test","285","m","2","shape2.jpg","6","<none>","Milan","You","2","Miru","1","1","634"
"3018","2","test","286","m","2","shape2.jpg","6","<none>","Milan","You","2","Miru","1","1","477"
"3018","2","test","287","z","1","shape1.jpg","6","<none>","Milan","You","2","Miru","1","0","549"
"3018","2","test","288","z","7","shape1.jpg","6","<none>","Milan","You","2","Miru","2","1","555"
"3018","2","test","289","m","6","shape3.jpg","6","<none>","Milan","You","2","Miru","2","0","537"
"3018","2","test","290","m","3","shape3.jpg","6","<none>","Milan","You","2","Miru","1","1","551"
"3018","2","test","291","z","4","shape1.jpg","6","<none>","Milan","You","2","Miru","2","1","701"
"3018","2","test","292","z","9","shape3.jpg","6","<none>","Milan","You","2","Miru","2","1","845"
"3018","2","test","293","m","2","shape2.jpg","6","<none>","Milan","You","2","Miru","1","1","614"
"3018","2","test","294","z","7","shape1.jpg","6","<none>","Milan","You","2","Miru","2","1","658"
"3018","2","test","295","m","1","shape1.jpg","6","<none>","Milan","You","2","Miru","1","1","682"
"3018","2","test","296","m","3","shape3.jpg","6","<none>","Milan","You","2","Miru","1","1","604"
"3018","2","test","297","z","9","shape3.jpg","6","<none>","Milan","You","2","Miru","2","1","605"
"3018","2","test","298","z","7","shape1.jpg","6","<none>","Milan","You","2","Miru","2","1","761"
"3018","2","test","299","m","3","shape3.jpg","6","<none>","Milan","You","2","Miru","1","1","494"
"3018","2","test","300","z","9","shape3.jpg","6","<none>","Milan","You","2","Miru","2","1","512"
"3018","2","test","301","z","1","shape1.jpg","6","<none>","Milan","You","2","Miru","1","0","519"
"3018","2","test","302","z","6","shape3.jpg","6","<none>","Milan","You","2","Miru","2","1","702"
"3018","2","test","303","z","4","shape1.jpg","6","<none>","Milan","You","2","Miru","2","1","534"
"3018","2","test","304","z","7","shape1.jpg","6","<none>","Milan","You","2","Miru","2","1","765"
"3018","2","test","305","z","9","shape3.jpg","6","<none>","Milan","You","2","Miru","2","1","616"
"3018","2","test","306","z","8","shape2.jpg","6","<none>","Milan","You","2","Miru","2","1","571"
"3018","2","test","307","z","9","shape3.jpg","6","<none>","Milan","You","2","Miru","2","1","577"
"3018","2","test","308","m","6","shape3.jpg","6","<none>","Milan","You","2","Miru","2","0","661"
"3018","2","test","309","m","3","shape3.jpg","6","<none>","Milan","You","2","Miru","1","1","534"
"3018","2","test","310","z","6","shape3.jpg","6","<none>","Milan","You","2","Miru","2","1","509"
"3018","2","test","311","m","3","shape3.jpg","6","<none>","Milan","You","2","Miru","1","1","542"
"3018","2","test","312","m","3","shape3.jpg","6","<none>","Milan","You","2","Miru","1","1","468"
"3018","2","test","313","z","2","shape2.jpg","6","<none>","Milan","You","2","Miru","1","0","476"
"3018","2","test","314","z","8","shape2.jpg","6","<none>","Milan","You","2","Miru","2","1","574"
"3018","2","test","315","m","2","shape2.jpg","6","<none>","Milan","You","2","Miru","1","1","555"
"3018","2","test","316","m","1","shape1.jpg","6","<none>","Milan","You","2","Miru","1","1","800"
"3018","2","test","317","z","7","shape1.jpg","6","<none>","Milan","You","2","Miru","2","1","573"
"3018","2","test","318","z","1","shape1.jpg","6","<none>","Milan","You","2","Miru","1","0","632"
"3018","2","test","319","z","9","shape3.jpg","6","<none>","Milan","You","2","Miru","2","1","753"
"3018","2","test","320","z","6","shape3.jpg","6","<none>","Milan","You","2","Miru","2","1","984"
"3018","2","test","321","m","8","shape2.jpg","6","<none>","Milan","You","2","Miru","2","0","554"
"3018","2","test","322","z","2","shape2.jpg","6","<none>","Milan","You","2","Miru","1","0","713"
"3018","2","test","323","m","3","shape3.jpg","6","<none>","Milan","You","2","Miru","1","1","600"
"3018","2","test","324","m","1","shape1.jpg","6","<none>","Milan","You","2","Miru","1","1","980"
"3018","2","test","325","m","2","shape2.jpg","6","<none>","Milan","You","2","Miru","1","1","655"
"3018","2","test","326","z","6","shape3.jpg","6","<none>","Milan","You","2","Miru","2","1","832"
"3018","2","test","327","m","3","shape3.jpg","6","<none>","Milan","You","2","Miru","1","1","506"
"3018","2","test","328","m","3","shape3.jpg","6","<none>","Milan","You","2","Miru","1","1","498"
"3018","2","test","329","z","8","shape2.jpg","6","<none>","Milan","You","2","Miru","2","1","681"
"3018","2","test","330","m","2","shape2.jpg","6","<none>","Milan","You","2","Miru","1","1","867"
"3018","2","test","331","m","1","shape1.jpg","6","<none>","Milan","You","2","Miru","1","1","721"
"3018","2","test","332","m","3","shape3.jpg","6","<none>","Milan","You","2","Miru","1","1","536"
"3018","2","test","333","z","8","shape2.jpg","6","<none>","Milan","You","2","Miru","2","1","678"
"3018","2","test","334","z","7","shape1.jpg","6","<none>","Milan","You","2","Miru","2","1","895"
"3018","2","test","335","m","2","shape2.jpg","6","<none>","Milan","You","2","Miru","1","1","711"
"3018","2","test","336","m","3","shape3.jpg","6","<none>","Milan","You","2","Miru","1","1","581"
"3018","2","test","337","m","1","shape1.jpg","6","<none>","Milan","You","2","Miru","1","1","714"
"3018","2","test","338","z","7","shape1.jpg","6","<none>","Milan","You","2","Miru","2","1","744"
"3018","2","test","339","m","3","shape3.jpg","6","<none>","Milan","You","2","Miru","1","1","503"
"3018","2","test","340","m","2","shape2.jpg","6","<none>","Milan","You","2","Miru","1","1","607"
"3018","2","test","341","z","5","shape2.jpg","6","<none>","Milan","You","2","Miru","2","1","690"
"3018","2","test","342","m","1","shape1.jpg","6","<none>","Milan","You","2","Miru","1","1","755"
"3018","2","test","343","z","9","shape3.jpg","6","<none>","Milan","You","2","Miru","2","1","599"
"3018","2","test","344","z","4","shape1.jpg","6","<none>","Milan","You","2","Miru","2","1","652"
"3018","2","test","345","m","1","shape1.jpg","6","<none>","Milan","You","2","Miru","1","1","604"
"3018","2","test","346","z","6","shape3.jpg","6","<none>","Milan","You","2","Miru","2","1","800"
"3018","2","test","347","z","5","shape2.jpg","6","<none>","Milan","You","2","Miru","2","1","1002"
"3018","2","test","348","z","4","shape1.jpg","6","<none>","Milan","You","2","Miru","2","1","1030"
"3018","2","test","349","z","1","shape1.jpg","6","<none>","Milan","You","2","Miru","1","0","711"
"3018","2","test","350","m","1","shape1.jpg","6","<none>","Milan","You","2","Miru","1","1","623"
"3018","2","test","351","z","7","shape1.jpg","6","<none>","Milan","You","2","Miru","2","1","657"
"3018","2","test","352","m","3","shape3.jpg","6","<none>","Milan","You","2","Miru","1","1","554"
"3018","2","test","353","z","7","shape1.jpg","6","<none>","Milan","You","2","Miru","2","1","1008"
"3018","2","test","354","m","2","shape2.jpg","6","<none>","Milan","You","2","Miru","1","1","588"
"3018","2","test","355","z","5","shape2.jpg","6","<none>","Milan","You","2","Miru","2","1","703"
"3018","2","test","356","z","6","shape3.jpg","6","<none>","Milan","You","2","Miru","2","1","1078"
"3018","2","test","357","m","2","shape2.jpg","6","<none>","Milan","You","2","Miru","1","1","541"
"3018","2","test","358","m","3","shape3.jpg","6","<none>","Milan","You","2","Miru","1","1","612"
"3018","2","test","359","m","2","shape2.jpg","6","<none>","Milan","You","2","Miru","1","1","847"
"3018","2","test","360","z","8","shape2.jpg","6","<none>","Milan","You","2","Miru","2","1","592"
"3110","2","test","1","m","3","shape3.jpg","4","Andreea","<none>","You","1","Waru","1","1","1112"
"3110","2","test","2","z","2","shape2.jpg","4","Andreea","<none>","You","1","Waru","1","0","1318"
"3110","2","test","3","z","7","shape1.jpg","4","Andreea","<none>","You","1","Waru","2","1","980"
"3110","2","test","4","x","7","shape1.jpg","4","Andreea","<none>","You","1","Waru","2","0","1500"
"3110","2","test","5","m","3","shape3.jpg","4","Andreea","<none>","You","1","Waru","1","1","979"
"3110","2","test","6","m","2","shape2.jpg","4","Andreea","<none>","You","1","Waru","1","1","1151"
"3110","2","test","7","m","1","shape1.jpg","4","Andreea","<none>","You","1","Waru","1","1","1339"
"3110","2","test","8","m","1","shape1.jpg","4","Andreea","<none>","You","1","Waru","1","1","824"
"3110","2","test","9","z","9","shape3.jpg","4","Andreea","<none>","You","1","Waru","2","1","993"
"3110","2","test","10","m","4","shape1.jpg","4","Andreea","<none>","You","1","Waru","2","0","723"
"3110","2","test","11","z","6","shape3.jpg","4","Andreea","<none>","You","1","Waru","2","1","1298"
"3110","2","test","12","m","3","shape3.jpg","4","Andreea","<none>","You","1","Waru","1","1","770"
"3110","2","test","13","m","7","shape1.jpg","4","Andreea","<none>","You","1","Waru","2","0","1293"
"3110","2","test","14","z","5","shape2.jpg","4","Andreea","<none>","You","1","Waru","2","1","812"
"3110","2","test","15","z","6","shape3.jpg","4","Andreea","<none>","You","1","Waru","2","1","1318"
"3110","2","test","16","z","4","shape1.jpg","4","Andreea","<none>","You","1","Waru","2","1","1019"
"3110","2","test","17","m","2","shape2.jpg","4","Andreea","<none>","You","1","Waru","1","1","1117"
"3110","2","test","18","z","6","shape3.jpg","4","Andreea","<none>","You","1","Waru","2","1","763"
"3110","2","test","19","z","7","shape1.jpg","4","Andreea","<none>","You","1","Waru","2","1","1439"
"3110","2","test","20","m","3","shape3.jpg","4","Andreea","<none>","You","1","Waru","1","1","814"
"3110","2","test","21","m","3","shape3.jpg","4","Andreea","<none>","You","1","Waru","1","1","675"
"3110","2","test","22","z","4","shape1.jpg","4","Andreea","<none>","You","1","Waru","2","1","665"
"3110","2","test","23","m","1","shape1.jpg","4","Andreea","<none>","You","1","Waru","1","1","1347"
"3110","2","test","24","z","8","shape2.jpg","4","Andreea","<none>","You","1","Waru","2","1","638"
"3110","2","test","25","z","6","shape3.jpg","4","Andreea","<none>","You","1","Waru","2","1","1184"
"3110","2","test","26","x","3","shape3.jpg","4","Andreea","<none>","You","1","Waru","1","0","1499"
"3110","2","test","27","z","2","shape2.jpg","4","Andreea","<none>","You","1","Waru","1","0","1064"
"3110","2","test","28","z","6","shape3.jpg","4","Andreea","<none>","You","1","Waru","2","1","711"
"3110","2","test","29","m","3","shape3.jpg","4","Andreea","<none>","You","1","Waru","1","1","775"
"3110","2","test","30","m","2","shape2.jpg","4","Andreea","<none>","You","1","Waru","1","1","1170"
"3110","2","test","31","z","6","shape3.jpg","4","Andreea","<none>","You","1","Waru","2","1","654"
"3110","2","test","32","z","4","shape1.jpg","4","Andreea","<none>","You","1","Waru","2","1","1056"
"3110","2","test","33","m","1","shape1.jpg","4","Andreea","<none>","You","1","Waru","1","1","1184"
"3110","2","test","34","x","5","shape2.jpg","4","Andreea","<none>","You","1","Waru","2","0","1499"
"3110","2","test","35","m","3","shape3.jpg","4","Andreea","<none>","You","1","Waru","1","1","591"
"3110","2","test","36","m","2","shape2.jpg","4","Andreea","<none>","You","1","Waru","1","1","1049"
"3110","2","test","37","z","5","shape2.jpg","4","Andreea","<none>","You","1","Waru","2","1","795"
"3110","2","test","38","z","9","shape3.jpg","4","Andreea","<none>","You","1","Waru","2","1","1134"
"3110","2","test","39","m","2","shape2.jpg","4","Andreea","<none>","You","1","Waru","1","1","1147"
"3110","2","test","40","m","2","shape2.jpg","4","Andreea","<none>","You","1","Waru","1","1","496"
"3110","2","test","41","z","9","shape3.jpg","4","Andreea","<none>","You","1","Waru","2","1","1153"
"3110","2","test","42","z","9","shape3.jpg","4","Andreea","<none>","You","1","Waru","2","1","789"
"3110","2","test","43","m","4","shape1.jpg","4","Andreea","<none>","You","1","Waru","2","0","735"
"3110","2","test","44","m","5","shape2.jpg","4","Andreea","<none>","You","1","Waru","2","0","1309"
"3110","2","test","45","m","3","shape3.jpg","4","Andreea","<none>","You","1","Waru","1","1","875"
"3110","2","test","46","x","5","shape2.jpg","4","Andreea","<none>","You","1","Waru","2","0","1498"
"3110","2","test","47","m","8","shape2.jpg","4","Andreea","<none>","You","1","Waru","2","0","968"
"3110","2","test","48","m","3","shape3.jpg","4","Andreea","<none>","You","1","Waru","1","1","867"
"3110","2","test","49","z","3","shape3.jpg","4","Andreea","<none>","You","1","Waru","1","0","787"
"3110","2","test","50","z","4","shape1.jpg","4","Andreea","<none>","You","1","Waru","2","1","919"
"3110","2","test","51","m","3","shape3.jpg","4","Andreea","<none>","You","1","Waru","1","1","700"
"3110","2","test","52","z","5","shape2.jpg","4","Andreea","<none>","You","1","Waru","2","1","1044"
"3110","2","test","53","m","1","shape1.jpg","4","Andreea","<none>","You","1","Waru","1","1","661"
"3110","2","test","54","m","2","shape2.jpg","4","Andreea","<none>","You","1","Waru","1","1","1117"
"3110","2","test","55","m","2","shape2.jpg","4","Andreea","<none>","You","1","Waru","1","1","668"
"3110","2","test","56","m","2","shape2.jpg","4","Andreea","<none>","You","1","Waru","1","1","533"
"3110","2","test","57","m","3","shape3.jpg","4","Andreea","<none>","You","1","Waru","1","1","1042"
"3110","2","test","58","m","2","shape2.jpg","4","Andreea","<none>","You","1","Waru","1","1","939"
"3110","2","test","59","z","4","shape1.jpg","4","Andreea","<none>","You","1","Waru","2","1","776"
"3110","2","test","60","m","8","shape2.jpg","4","Andreea","<none>","You","1","Waru","2","0","1021"
"3110","2","test","61","m","8","shape2.jpg","4","Andreea","<none>","You","1","Waru","2","0","486"
"3110","2","test","62","z","5","shape2.jpg","4","Andreea","<none>","You","1","Waru","2","1","1040"
"3110","2","test","63","z","8","shape2.jpg","4","Andreea","<none>","You","1","Waru","2","1","1097"
"3110","2","test","64","z","5","shape2.jpg","4","Andreea","<none>","You","1","Waru","2","1","1184"
"3110","2","test","65","m","1","shape1.jpg","4","Andreea","<none>","You","1","Waru","1","1","993"
"3110","2","test","66","z","9","shape3.jpg","4","Andreea","<none>","You","1","Waru","2","1","1285"
"3110","2","test","67","z","1","shape1.jpg","4","Andreea","<none>","You","1","Waru","1","0","883"
"3110","2","test","68","m","2","shape2.jpg","4","Andreea","<none>","You","1","Waru","1","1","891"
"3110","2","test","69","z","7","shape1.jpg","4","Andreea","<none>","You","1","Waru","2","1","665"
"3110","2","test","70","z","5","shape2.jpg","4","Andreea","<none>","You","1","Waru","2","1","1234"
"3110","2","test","71","m","2","shape2.jpg","4","Andreea","<none>","You","1","Waru","1","1","1074"
"3110","2","test","72","m","3","shape3.jpg","4","Andreea","<none>","You","1","Waru","1","1","707"
"3110","2","test","73","z","7","shape1.jpg","4","Andreea","<none>","You","1","Waru","2","1","907"
"3110","2","test","74","m","3","shape3.jpg","4","Andreea","<none>","You","1","Waru","1","1","664"
"3110","2","test","75","m","3","shape3.jpg","4","Andreea","<none>","You","1","Waru","1","1","466"
"3110","2","test","76","m","2","shape2.jpg","4","Andreea","<none>","You","1","Waru","1","1","700"
"3110","2","test","77","m","1","shape1.jpg","4","Andreea","<none>","You","1","Waru","1","1","939"
"3110","2","test","78","z","4","shape1.jpg","4","Andreea","<none>","You","1","Waru","2","1","712"
"3110","2","test","79","m","2","shape2.jpg","4","Andreea","<none>","You","1","Waru","1","1","863"
"3110","2","test","80","m","1","shape1.jpg","4","Andreea","<none>","You","1","Waru","1","1","672"
"3110","2","test","81","m","7","shape1.jpg","4","Andreea","<none>","You","1","Waru","2","0","720"
"3110","2","test","82","z","8","shape2.jpg","4","Andreea","<none>","You","1","Waru","2","1","974"
"3110","2","test","83","m","2","shape2.jpg","4","Andreea","<none>","You","1","Waru","1","1","787"
"3110","2","test","84","z","7","shape1.jpg","4","Andreea","<none>","You","1","Waru","2","1","743"
"3110","2","test","85","z","7","shape1.jpg","4","Andreea","<none>","You","1","Waru","2","1","1236"
"3110","2","test","86","z","7","shape1.jpg","4","Andreea","<none>","You","1","Waru","2","1","758"
"3110","2","test","87","m","4","shape1.jpg","4","Andreea","<none>","You","1","Waru","2","0","826"
"3110","2","test","88","m","9","shape3.jpg","4","Andreea","<none>","You","1","Waru","2","0","700"
"3110","2","test","89","z","6","shape3.jpg","4","Andreea","<none>","You","1","Waru","2","1","1012"
"3110","2","test","90","z","9","shape3.jpg","4","Andreea","<none>","You","1","Waru","2","1","1045"
"3110","2","test","91","m","2","shape2.jpg","4","Andreea","<none>","You","1","Waru","1","1","1111"
"3110","2","test","92","z","6","shape3.jpg","4","Andreea","<none>","You","1","Waru","2","1","813"
"3110","2","test","93","m","1","shape1.jpg","4","Andreea","<none>","You","1","Waru","1","1","1153"
"3110","2","test","94","z","6","shape3.jpg","4","Andreea","<none>","You","1","Waru","2","1","954"
"3110","2","test","95","z","7","shape1.jpg","4","Andreea","<none>","You","1","Waru","2","1","1224"
"3110","2","test","96","m","8","shape2.jpg","4","Andreea","<none>","You","1","Waru","2","0","1281"
"3110","2","test","97","m","8","shape2.jpg","4","Andreea","<none>","You","1","Waru","2","0","936"
"3110","2","test","98","z","4","shape1.jpg","4","Andreea","<none>","You","1","Waru","2","1","1205"
"3110","2","test","99","m","2","shape2.jpg","4","Andreea","<none>","You","1","Waru","1","1","1279"
"3110","2","test","100","m","3","shape3.jpg","4","Andreea","<none>","You","1","Waru","1","1","1023"
"3110","2","test","101","m","1","shape1.jpg","4","Andreea","<none>","You","1","Waru","1","1","1063"
"3110","2","test","102","m","2","shape2.jpg","4","Andreea","<none>","You","1","Waru","1","1","1039"
"3110","2","test","103","z","8","shape2.jpg","4","Andreea","<none>","You","1","Waru","2","1","1233"
"3110","2","test","104","m","4","shape1.jpg","4","Andreea","<none>","You","1","Waru","2","0","553"
"3110","2","test","105","m","3","shape3.jpg","4","Andreea","<none>","You","1","Waru","1","1","735"
"3110","2","test","106","z","5","shape2.jpg","4","Andreea","<none>","You","1","Waru","2","1","1028"
"3110","2","test","107","m","1","shape1.jpg","4","Andreea","<none>","You","1","Waru","1","1","824"
"3110","2","test","108","m","3","shape3.jpg","4","Andreea","<none>","You","1","Waru","1","1","1127"
"3110","2","test","109","m","3","shape3.jpg","4","Andreea","<none>","You","1","Waru","1","1","718"
"3110","2","test","110","z","9","shape3.jpg","4","Andreea","<none>","You","1","Waru","2","1","862"
"3110","2","test","111","z","4","shape1.jpg","4","Andreea","<none>","You","1","Waru","2","1","1238"
"3110","2","test","112","z","9","shape3.jpg","4","Andreea","<none>","You","1","Waru","2","1","1358"
"3110","2","test","113","z","9","shape3.jpg","4","Andreea","<none>","You","1","Waru","2","1","905"
"3110","2","test","114","z","5","shape2.jpg","4","Andreea","<none>","You","1","Waru","2","1","1127"
"3110","2","test","115","z","5","shape2.jpg","4","Andreea","<none>","You","1","Waru","2","1","685"
"3110","2","test","116","m","2","shape2.jpg","4","Andreea","<none>","You","1","Waru","1","1","917"
"3110","2","test","117","z","8","shape2.jpg","4","Andreea","<none>","You","1","Waru","2","1","945"
"3110","2","test","118","z","3","shape3.jpg","4","Andreea","<none>","You","1","Waru","1","0","664"
"3110","2","test","119","z","7","shape1.jpg","4","Andreea","<none>","You","1","Waru","2","1","737"
"3110","2","test","120","m","3","shape3.jpg","4","Andreea","<none>","You","1","Waru","1","1","696"
"3110","2","test","121","m","4","shape1.jpg","4","Andreea","<none>","You","1","Waru","2","0","1077"
"3110","2","test","122","m","1","shape1.jpg","4","Andreea","<none>","You","1","Waru","1","1","1077"
"3110","2","test","123","m","5","shape2.jpg","4","Andreea","<none>","You","1","Waru","2","0","709"
"3110","2","test","124","m","3","shape3.jpg","4","Andreea","<none>","You","1","Waru","1","1","988"
"3110","2","test","125","z","1","shape1.jpg","4","Andreea","<none>","You","1","Waru","1","0","1047"
"3110","2","test","126","m","3","shape3.jpg","4","Andreea","<none>","You","1","Waru","1","1","873"
"3110","2","test","127","x","8","shape2.jpg","4","Andreea","<none>","You","1","Waru","2","0","1499"
"3110","2","test","128","m","2","shape2.jpg","4","Andreea","<none>","You","1","Waru","1","1","1187"
"3110","2","test","129","z","8","shape2.jpg","4","Andreea","<none>","You","1","Waru","2","1","1383"
"3110","2","test","130","m","2","shape2.jpg","4","Andreea","<none>","You","1","Waru","1","1","873"
"3110","2","test","131","m","9","shape3.jpg","4","Andreea","<none>","You","1","Waru","2","0","729"
"3110","2","test","132","m","1","shape1.jpg","4","Andreea","<none>","You","1","Waru","1","1","824"
"3110","2","test","133","z","6","shape3.jpg","4","Andreea","<none>","You","1","Waru","2","1","1089"
"3110","2","test","134","m","3","shape3.jpg","4","Andreea","<none>","You","1","Waru","1","1","928"
"3110","2","test","135","z","2","shape2.jpg","4","Andreea","<none>","You","1","Waru","1","0","1381"
"3110","2","test","136","z","5","shape2.jpg","4","Andreea","<none>","You","1","Waru","2","1","1328"
"3110","2","test","137","m","1","shape1.jpg","4","Andreea","<none>","You","1","Waru","1","1","733"
"3110","2","test","138","m","1","shape1.jpg","4","Andreea","<none>","You","1","Waru","1","1","555"
"3110","2","test","139","m","2","shape2.jpg","4","Andreea","<none>","You","1","Waru","1","1","762"
"3110","2","test","140","m","5","shape2.jpg","4","Andreea","<none>","You","1","Waru","2","0","766"
"3110","2","test","141","m","3","shape3.jpg","4","Andreea","<none>","You","1","Waru","1","1","658"
"3110","2","test","142","z","4","shape1.jpg","4","Andreea","<none>","You","1","Waru","2","1","1244"
"3110","2","test","143","z","8","shape2.jpg","4","Andreea","<none>","You","1","Waru","2","1","795"
"3110","2","test","144","z","7","shape1.jpg","4","Andreea","<none>","You","1","Waru","2","1","1224"
"3110","2","test","145","m","2","shape2.jpg","4","Andreea","<none>","You","1","Waru","1","1","792"
"3110","2","test","146","m","1","shape1.jpg","4","Andreea","<none>","You","1","Waru","1","1","1020"
"3110","2","test","147","m","3","shape3.jpg","4","Andreea","<none>","You","1","Waru","1","1","798"
"3110","2","test","148","m","3","shape3.jpg","4","Andreea","<none>","You","1","Waru","1","1","706"
"3110","2","test","149","m","2","shape2.jpg","4","Andreea","<none>","You","1","Waru","1","1","864"
"3110","2","test","150","m","1","shape1.jpg","4","Andreea","<none>","You","1","Waru","1","1","1378"
"3110","2","test","151","m","3","shape3.jpg","4","Andreea","<none>","You","1","Waru","1","1","852"
"3110","2","test","152","z","8","shape2.jpg","4","Andreea","<none>","You","1","Waru","2","1","1164"
"3110","2","test","153","m","9","shape3.jpg","4","Andreea","<none>","You","1","Waru","2","0","1290"
"3110","2","test","154","m","2","shape2.jpg","4","Andreea","<none>","You","1","Waru","1","1","823"
"3110","2","test","155","m","2","shape2.jpg","4","Andreea","<none>","You","1","Waru","1","1","962"
"3110","2","test","156","z","6","shape3.jpg","4","Andreea","<none>","You","1","Waru","2","1","909"
"3110","2","test","157","m","4","shape1.jpg","4","Andreea","<none>","You","1","Waru","2","0","1030"
"3110","2","test","158","m","3","shape3.jpg","4","Andreea","<none>","You","1","Waru","1","1","783"
"3110","2","test","159","z","7","shape1.jpg","4","Andreea","<none>","You","1","Waru","2","1","1243"
"3110","2","test","160","m","7","shape1.jpg","4","Andreea","<none>","You","1","Waru","2","0","1410"
"3110","2","test","161","m","6","shape3.jpg","4","Andreea","<none>","You","1","Waru","2","0","844"
"3110","2","test","162","m","2","shape2.jpg","4","Andreea","<none>","You","1","Waru","1","1","366"
"3110","2","test","163","m","1","shape1.jpg","4","Andreea","<none>","You","1","Waru","1","1","1050"
"3110","2","test","164","z","7","shape1.jpg","4","Andreea","<none>","You","1","Waru","2","1","1043"
"3110","2","test","165","m","1","shape1.jpg","4","Andreea","<none>","You","1","Waru","1","1","1075"
"3110","2","test","166","m","8","shape2.jpg","4","Andreea","<none>","You","1","Waru","2","0","1044"
"3110","2","test","167","m","3","shape3.jpg","4","Andreea","<none>","You","1","Waru","1","1","484"
"3110","2","test","168","m","1","shape1.jpg","4","Andreea","<none>","You","1","Waru","1","1","1069"
"3110","2","test","169","m","8","shape2.jpg","4","Andreea","<none>","You","1","Waru","2","0","965"
"3110","2","test","170","m","2","shape2.jpg","4","Andreea","<none>","You","1","Waru","1","1","936"
"3110","2","test","171","z","6","shape3.jpg","4","Andreea","<none>","You","1","Waru","2","1","1183"
"3110","2","test","172","m","2","shape2.jpg","4","Andreea","<none>","You","1","Waru","1","1","1088"
"3110","2","test","173","z","8","shape2.jpg","4","Andreea","<none>","You","1","Waru","2","1","943"
"3110","2","test","174","m","3","shape3.jpg","4","Andreea","<none>","You","1","Waru","1","1","523"
"3110","2","test","175","m","7","shape1.jpg","4","Andreea","<none>","You","1","Waru","2","0","748"
"3110","2","test","176","z","7","shape1.jpg","4","Andreea","<none>","You","1","Waru","2","1","1081"
"3110","2","test","177","z","5","shape2.jpg","4","Andreea","<none>","You","1","Waru","2","1","991"
"3110","2","test","178","m","1","shape1.jpg","4","Andreea","<none>","You","1","Waru","1","1","644"
"3110","2","test","179","m","3","shape3.jpg","4","Andreea","<none>","You","1","Waru","1","1","757"
"3110","2","test","180","z","6","shape3.jpg","4","Andreea","<none>","You","1","Waru","2","1","1075"
"3110","2","test","181","z","8","shape2.jpg","4","Andreea","<none>","You","1","Waru","2","1","914"
"3110","2","test","182","z","9","shape3.jpg","4","Andreea","<none>","You","1","Waru","2","1","985"
"3110","2","test","183","z","5","shape2.jpg","4","Andreea","<none>","You","1","Waru","2","1","812"
"3110","2","test","184","z","9","shape3.jpg","4","Andreea","<none>","You","1","Waru","2","1","734"
"3110","2","test","185","m","2","shape2.jpg","4","Andreea","<none>","You","1","Waru","1","1","821"
"3110","2","test","186","m","2","shape2.jpg","4","Andreea","<none>","You","1","Waru","1","1","952"
"3110","2","test","187","z","7","shape1.jpg","4","Andreea","<none>","You","1","Waru","2","1","932"
"3110","2","test","188","m","1","shape1.jpg","4","Andreea","<none>","You","1","Waru","1","1","826"
"3110","2","test","189","z","4","shape1.jpg","4","Andreea","<none>","You","1","Waru","2","1","971"
"3110","2","test","190","z","9","shape3.jpg","4","Andreea","<none>","You","1","Waru","2","1","960"
"3110","2","test","191","z","4","shape1.jpg","4","Andreea","<none>","You","1","Waru","2","1","901"
"3110","2","test","192","m","2","shape2.jpg","4","Andreea","<none>","You","1","Waru","1","1","746"
"3110","2","test","193","z","9","shape3.jpg","4","Andreea","<none>","You","1","Waru","2","1","1176"
"3110","2","test","194","z","4","shape1.jpg","4","Andreea","<none>","You","1","Waru","2","1","811"
"3110","2","test","195","z","1","shape1.jpg","4","Andreea","<none>","You","1","Waru","1","0","982"
"3110","2","test","196","z","8","shape2.jpg","4","Andreea","<none>","You","1","Waru","2","1","1297"
"3110","2","test","197","m","3","shape3.jpg","4","Andreea","<none>","You","1","Waru","1","1","895"
"3110","2","test","198","m","2","shape2.jpg","4","Andreea","<none>","You","1","Waru","1","1","976"
"3110","2","test","199","z","8","shape2.jpg","4","Andreea","<none>","You","1","Waru","2","1","1067"
"3110","2","test","200","m","2","shape2.jpg","4","Andreea","<none>","You","1","Waru","1","1","931"
"3110","2","test","201","z","6","shape3.jpg","4","Andreea","<none>","You","1","Waru","2","1","1224"
"3110","2","test","202","m","3","shape3.jpg","4","Andreea","<none>","You","1","Waru","1","1","945"
"3110","2","test","203","m","3","shape3.jpg","4","Andreea","<none>","You","1","Waru","1","1","774"
"3110","2","test","204","z","5","shape2.jpg","4","Andreea","<none>","You","1","Waru","2","1","723"
"3110","2","test","205","m","1","shape1.jpg","4","Andreea","<none>","You","1","Waru","1","1","1275"
"3110","2","test","206","z","9","shape3.jpg","4","Andreea","<none>","You","1","Waru","2","1","1129"
"3110","2","test","207","m","2","shape2.jpg","4","Andreea","<none>","You","1","Waru","1","1","950"
"3110","2","test","208","z","8","shape2.jpg","4","Andreea","<none>","You","1","Waru","2","1","857"
"3110","2","test","209","m","1","shape1.jpg","4","Andreea","<none>","You","1","Waru","1","1","899"
"3110","2","test","210","m","3","shape3.jpg","4","Andreea","<none>","You","1","Waru","1","1","721"
"3110","2","test","211","m","3","shape3.jpg","4","Andreea","<none>","You","1","Waru","1","1","632"
"3110","2","test","212","z","5","shape2.jpg","4","Andreea","<none>","You","1","Waru","2","1","650"
"3110","2","test","213","m","1","shape1.jpg","4","Andreea","<none>","You","1","Waru","1","1","779"
"3110","2","test","214","z","6","shape3.jpg","4","Andreea","<none>","You","1","Waru","2","1","871"
"3110","2","test","215","m","1","shape1.jpg","4","Andreea","<none>","You","1","Waru","1","1","824"
"3110","2","test","216","m","3","shape3.jpg","4","Andreea","<none>","You","1","Waru","1","1","961"
"3110","2","test","217","z","7","shape1.jpg","4","Andreea","<none>","You","1","Waru","2","1","879"
"3110","2","test","218","m","2","shape2.jpg","4","Andreea","<none>","You","1","Waru","1","1","863"
"3110","2","test","219","m","1","shape1.jpg","4","Andreea","<none>","You","1","Waru","1","1","1129"
"3110","2","test","220","m","2","shape2.jpg","4","Andreea","<none>","You","1","Waru","1","1","869"
"3110","2","test","221","m","1","shape1.jpg","4","Andreea","<none>","You","1","Waru","1","1","918"
"3110","2","test","222","m","3","shape3.jpg","4","Andreea","<none>","You","1","Waru","1","1","626"
"3110","2","test","223","m","2","shape2.jpg","4","Andreea","<none>","You","1","Waru","1","1","765"
"3110","2","test","224","z","5","shape2.jpg","4","Andreea","<none>","You","1","Waru","2","1","1074"
"3110","2","test","225","m","2","shape2.jpg","4","Andreea","<none>","You","1","Waru","1","1","754"
"3110","2","test","226","m","2","shape2.jpg","4","Andreea","<none>","You","1","Waru","1","1","566"
"3110","2","test","227","m","9","shape3.jpg","4","Andreea","<none>","You","1","Waru","2","0","1332"
"3110","2","test","228","z","9","shape3.jpg","4","Andreea","<none>","You","1","Waru","2","1","815"
"3110","2","test","229","m","2","shape2.jpg","4","Andreea","<none>","You","1","Waru","1","1","788"
"3110","2","test","230","z","5","shape2.jpg","4","Andreea","<none>","You","1","Waru","2","1","1144"
"3110","2","test","231","z","4","shape1.jpg","4","Andreea","<none>","You","1","Waru","2","1","1043"
"3110","2","test","232","m","1","shape1.jpg","4","Andreea","<none>","You","1","Waru","1","1","1133"
"3110","2","test","233","m","3","shape3.jpg","4","Andreea","<none>","You","1","Waru","1","1","842"
"3110","2","test","234","m","1","shape1.jpg","4","Andreea","<none>","You","1","Waru","1","1","963"
"3110","2","test","235","m","1","shape1.jpg","4","Andreea","<none>","You","1","Waru","1","1","599"
"3110","2","test","236","m","3","shape3.jpg","4","Andreea","<none>","You","1","Waru","1","1","684"
"3110","2","test","237","z","3","shape3.jpg","4","Andreea","<none>","You","1","Waru","1","0","810"
"3110","2","test","238","m","2","shape2.jpg","4","Andreea","<none>","You","1","Waru","1","1","766"
"3110","2","test","239","x","1","shape1.jpg","4","Andreea","<none>","You","1","Waru","1","0","1499"
"3110","2","test","240","m","6","shape3.jpg","4","Andreea","<none>","You","1","Waru","2","0","1246"
"3110","2","test","241","m","4","shape1.jpg","4","Andreea","<none>","You","1","Waru","2","0","785"
"3110","2","test","242","x","7","shape1.jpg","4","Andreea","<none>","You","1","Waru","2","0","1499"
"3110","2","test","243","m","4","shape1.jpg","4","Andreea","<none>","You","1","Waru","2","0","1016"
"3110","2","test","244","z","4","shape1.jpg","4","Andreea","<none>","You","1","Waru","2","1","906"
"3110","2","test","245","z","7","shape1.jpg","4","Andreea","<none>","You","1","Waru","2","1","833"
"3110","2","test","246","z","4","shape1.jpg","4","Andreea","<none>","You","1","Waru","2","1","1322"
"3110","2","test","247","m","3","shape3.jpg","4","Andreea","<none>","You","1","Waru","1","1","559"
"3110","2","test","248","m","8","shape2.jpg","4","Andreea","<none>","You","1","Waru","2","0","493"
"3110","2","test","249","m","3","shape3.jpg","4","Andreea","<none>","You","1","Waru","1","1","710"
"3110","2","test","250","m","3","shape3.jpg","4","Andreea","<none>","You","1","Waru","1","1","492"
"3110","2","test","251","z","1","shape1.jpg","4","Andreea","<none>","You","1","Waru","1","0","549"
"3110","2","test","252","z","6","shape3.jpg","4","Andreea","<none>","You","1","Waru","2","1","804"
"3110","2","test","253","z","7","shape1.jpg","4","Andreea","<none>","You","1","Waru","2","1","822"
"3110","2","test","254","m","2","shape2.jpg","4","Andreea","<none>","You","1","Waru","1","1","656"
"3110","2","test","255","m","2","shape2.jpg","4","Andreea","<none>","You","1","Waru","1","1","883"
"3110","2","test","256","z","6","shape3.jpg","4","Andreea","<none>","You","1","Waru","2","1","673"
"3110","2","test","257","m","9","shape3.jpg","4","Andreea","<none>","You","1","Waru","2","0","635"
"3110","2","test","258","m","1","shape1.jpg","4","Andreea","<none>","You","1","Waru","1","1","541"
"3110","2","test","259","m","5","shape2.jpg","4","Andreea","<none>","You","1","Waru","2","0","482"
"3110","2","test","260","m","8","shape2.jpg","4","Andreea","<none>","You","1","Waru","2","0","778"
"3110","2","test","261","m","1","shape1.jpg","4","Andreea","<none>","You","1","Waru","1","1","680"
"3110","2","test","262","z","4","shape1.jpg","4","Andreea","<none>","You","1","Waru","2","1","944"
"3110","2","test","263","m","1","shape1.jpg","4","Andreea","<none>","You","1","Waru","1","1","932"
"3110","2","test","264","m","1","shape1.jpg","4","Andreea","<none>","You","1","Waru","1","1","659"
"3110","2","test","265","z","9","shape3.jpg","4","Andreea","<none>","You","1","Waru","2","1","740"
"3110","2","test","266","z","5","shape2.jpg","4","Andreea","<none>","You","1","Waru","2","1","1224"
"3110","2","test","267","m","1","shape1.jpg","4","Andreea","<none>","You","1","Waru","1","1","619"
"3110","2","test","268","z","4","shape1.jpg","4","Andreea","<none>","You","1","Waru","2","1","926"
"3110","2","test","269","m","1","shape1.jpg","4","Andreea","<none>","You","1","Waru","1","1","835"
"3110","2","test","270","m","2","shape2.jpg","4","Andreea","<none>","You","1","Waru","1","1","900"
"3110","2","test","271","m","3","shape3.jpg","4","Andreea","<none>","You","1","Waru","1","1","749"
"3110","2","test","272","z","8","shape2.jpg","4","Andreea","<none>","You","1","Waru","2","1","664"
"3110","2","test","273","m","4","shape1.jpg","4","Andreea","<none>","You","1","Waru","2","0","723"
"3110","2","test","274","m","3","shape3.jpg","4","Andreea","<none>","You","1","Waru","1","1","593"
"3110","2","test","275","z","6","shape3.jpg","4","Andreea","<none>","You","1","Waru","2","1","940"
"3110","2","test","276","m","3","shape3.jpg","4","Andreea","<none>","You","1","Waru","1","1","859"
"3110","2","test","277","m","1","shape1.jpg","4","Andreea","<none>","You","1","Waru","1","1","1276"
"3110","2","test","278","z","5","shape2.jpg","4","Andreea","<none>","You","1","Waru","2","1","833"
"3110","2","test","279","m","4","shape1.jpg","4","Andreea","<none>","You","1","Waru","2","0","675"
"3110","2","test","280","m","3","shape3.jpg","4","Andreea","<none>","You","1","Waru","1","1","692"
"3110","2","test","281","m","3","shape3.jpg","4","Andreea","<none>","You","1","Waru","1","1","853"
"3110","2","test","282","m","1","shape1.jpg","4","Andreea","<none>","You","1","Waru","1","1","716"
"3110","2","test","283","z","6","shape3.jpg","4","Andreea","<none>","You","1","Waru","2","1","907"
"3110","2","test","284","m","2","shape2.jpg","4","Andreea","<none>","You","1","Waru","1","1","627"
"3110","2","test","285","z","7","shape1.jpg","4","Andreea","<none>","You","1","Waru","2","1","716"
"3110","2","test","286","m","9","shape3.jpg","4","Andreea","<none>","You","1","Waru","2","0","1155"
"3110","2","test","287","z","9","shape3.jpg","4","Andreea","<none>","You","1","Waru","2","1","936"
"3110","2","test","288","z","6","shape3.jpg","4","Andreea","<none>","You","1","Waru","2","1","1036"
"3110","2","test","289","m","2","shape2.jpg","4","Andreea","<none>","You","1","Waru","1","1","846"
"3110","2","test","290","z","9","shape3.jpg","4","Andreea","<none>","You","1","Waru","2","1","992"
"3110","2","test","291","m","1","shape1.jpg","4","Andreea","<none>","You","1","Waru","1","1","939"
"3110","2","test","292","m","1","shape1.jpg","4","Andreea","<none>","You","1","Waru","1","1","592"
"3110","2","test","293","m","2","shape2.jpg","4","Andreea","<none>","You","1","Waru","1","1","923"
"3110","2","test","294","m","3","shape3.jpg","4","Andreea","<none>","You","1","Waru","1","1","850"
"3110","2","test","295","m","2","shape2.jpg","4","Andreea","<none>","You","1","Waru","1","1","987"
"3110","2","test","296","z","2","shape2.jpg","4","Andreea","<none>","You","1","Waru","1","0","1396"
"3110","2","test","297","m","2","shape2.jpg","4","Andreea","<none>","You","1","Waru","1","1","536"
"3110","2","test","298","m","1","shape1.jpg","4","Andreea","<none>","You","1","Waru","1","1","1053"
"3110","2","test","299","m","3","shape3.jpg","4","Andreea","<none>","You","1","Waru","1","1","671"
"3110","2","test","300","m","1","shape1.jpg","4","Andreea","<none>","You","1","Waru","1","1","1118"
"3110","2","test","301","z","8","shape2.jpg","4","Andreea","<none>","You","1","Waru","2","1","1139"
"3110","2","test","302","z","8","shape2.jpg","4","Andreea","<none>","You","1","Waru","2","1","1241"
"3110","2","test","303","z","9","shape3.jpg","4","Andreea","<none>","You","1","Waru","2","1","945"
"3110","2","test","304","z","5","shape2.jpg","4","Andreea","<none>","You","1","Waru","2","1","902"
"3110","2","test","305","z","6","shape3.jpg","4","Andreea","<none>","You","1","Waru","2","1","972"
"3110","2","test","306","m","3","shape3.jpg","4","Andreea","<none>","You","1","Waru","1","1","824"
"3110","2","test","307","z","6","shape3.jpg","4","Andreea","<none>","You","1","Waru","2","1","642"
"3110","2","test","308","z","9","shape3.jpg","4","Andreea","<none>","You","1","Waru","2","1","844"
"3110","2","test","309","m","2","shape2.jpg","4","Andreea","<none>","You","1","Waru","1","1","838"
"3110","2","test","310","z","9","shape3.jpg","4","Andreea","<none>","You","1","Waru","2","1","912"
"3110","2","test","311","m","7","shape1.jpg","4","Andreea","<none>","You","1","Waru","2","0","1302"
"3110","2","test","312","m","2","shape2.jpg","4","Andreea","<none>","You","1","Waru","1","1","996"
"3110","2","test","313","z","7","shape1.jpg","4","Andreea","<none>","You","1","Waru","2","1","1255"
"3110","2","test","314","z","9","shape3.jpg","4","Andreea","<none>","You","1","Waru","2","1","879"
"3110","2","test","315","z","7","shape1.jpg","4","Andreea","<none>","You","1","Waru","2","1","1200"
"3110","2","test","316","z","6","shape3.jpg","4","Andreea","<none>","You","1","Waru","2","1","809"
"3110","2","test","317","m","1","shape1.jpg","4","Andreea","<none>","You","1","Waru","1","1","867"
"3110","2","test","318","m","1","shape1.jpg","4","Andreea","<none>","You","1","Waru","1","1","499"
"3110","2","test","319","m","8","shape2.jpg","4","Andreea","<none>","You","1","Waru","2","0","1251"
"3110","2","test","320","z","4","shape1.jpg","4","Andreea","<none>","You","1","Waru","2","1","1019"
"3110","2","test","321","m","1","shape1.jpg","4","Andreea","<none>","You","1","Waru","1","1","797"
"3110","2","test","322","z","6","shape3.jpg","4","Andreea","<none>","You","1","Waru","2","1","929"
"3110","2","test","323","m","3","shape3.jpg","4","Andreea","<none>","You","1","Waru","1","1","751"
"3110","2","test","324","z","5","shape2.jpg","4","Andreea","<none>","You","1","Waru","2","1","629"
"3110","2","test","325","m","4","shape1.jpg","4","Andreea","<none>","You","1","Waru","2","0","574"
"3110","2","test","326","m","9","shape3.jpg","4","Andreea","<none>","You","1","Waru","2","0","852"
"3110","2","test","327","z","1","shape1.jpg","4","Andreea","<none>","You","1","Waru","1","0","1260"
"3110","2","test","328","z","6","shape3.jpg","4","Andreea","<none>","You","1","Waru","2","1","988"
"3110","2","test","329","m","1","shape1.jpg","4","Andreea","<none>","You","1","Waru","1","1","943"
"3110","2","test","330","m","1","shape1.jpg","4","Andreea","<none>","You","1","Waru","1","1","643"
"3110","2","test","331","z","9","shape3.jpg","4","Andreea","<none>","You","1","Waru","2","1","710"
"3110","2","test","332","z","7","shape1.jpg","4","Andreea","<none>","You","1","Waru","2","1","1126"
"3110","2","test","333","m","1","shape1.jpg","4","Andreea","<none>","You","1","Waru","1","1","955"
"3110","2","test","334","z","6","shape3.jpg","4","Andreea","<none>","You","1","Waru","2","1","791"
"3110","2","test","335","m","4","shape1.jpg","4","Andreea","<none>","You","1","Waru","2","0","850"
"3110","2","test","336","m","1","shape1.jpg","4","Andreea","<none>","You","1","Waru","1","1","933"
"3110","2","test","337","m","1","shape1.jpg","4","Andreea","<none>","You","1","Waru","1","1","562"
"3110","2","test","338","m","1","shape1.jpg","4","Andreea","<none>","You","1","Waru","1","1","534"
"3110","2","test","339","z","6","shape3.jpg","4","Andreea","<none>","You","1","Waru","2","1","805"
"3110","2","test","340","z","8","shape2.jpg","4","Andreea","<none>","You","1","Waru","2","1","984"
"3110","2","test","341","z","5","shape2.jpg","4","Andreea","<none>","You","1","Waru","2","1","1043"
"3110","2","test","342","m","2","shape2.jpg","4","Andreea","<none>","You","1","Waru","1","1","988"
"3110","2","test","343","m","2","shape2.jpg","4","Andreea","<none>","You","1","Waru","1","1","511"
"3110","2","test","344","m","3","shape3.jpg","4","Andreea","<none>","You","1","Waru","1","1","983"
"3110","2","test","345","m","3","shape3.jpg","4","Andreea","<none>","You","1","Waru","1","1","529"
"3110","2","test","346","z","1","shape1.jpg","4","Andreea","<none>","You","1","Waru","1","0","570"
"3110","2","test","347","z","8","shape2.jpg","4","Andreea","<none>","You","1","Waru","2","1","1088"
"3110","2","test","348","z","7","shape1.jpg","4","Andreea","<none>","You","1","Waru","2","1","901"
"3110","2","test","349","m","2","shape2.jpg","4","Andreea","<none>","You","1","Waru","1","1","653"
"3110","2","test","350","z","5","shape2.jpg","4","Andreea","<none>","You","1","Waru","2","1","895"
"3110","2","test","351","z","5","shape2.jpg","4","Andreea","<none>","You","1","Waru","2","1","741"
"3110","2","test","352","m","2","shape2.jpg","4","Andreea","<none>","You","1","Waru","1","1","698"
"3110","2","test","353","z","7","shape1.jpg","4","Andreea","<none>","You","1","Waru","2","1","881"
"3110","2","test","354","m","3","shape3.jpg","4","Andreea","<none>","You","1","Waru","1","1","674"
"3110","2","test","355","m","3","shape3.jpg","4","Andreea","<none>","You","1","Waru","1","1","650"
"3110","2","test","356","m","6","shape3.jpg","4","Andreea","<none>","You","1","Waru","2","0","602"
"3110","2","test","357","m","1","shape1.jpg","4","Andreea","<none>","You","1","Waru","1","1","903"
"3110","2","test","358","m","5","shape2.jpg","4","Andreea","<none>","You","1","Waru","2","0","1030"
"3110","2","test","359","z","8","shape2.jpg","4","Andreea","<none>","You","1","Waru","2","1","847"
"3110","2","test","360","m","3","shape3.jpg","4","Andreea","<none>","You","1","Waru","1","1","674"
"3111","1","test","1","m","6","shape3.jpg","5","<none>","You","Klari","1","Miru","2","1","815"
"3111","1","test","2","z","7","shape1.jpg","5","<none>","You","Klari","1","Miru","2","0","657"
"3111","1","test","3","z","6","shape3.jpg","5","<none>","You","Klari","1","Miru","2","0","1083"
"3111","1","test","4","m","2","shape2.jpg","5","<none>","You","Klari","1","Miru","1","0","1225"
"3111","1","test","5","x","9","shape3.jpg","5","<none>","You","Klari","1","Miru","2","0","1499"
"3111","1","test","6","z","3","shape3.jpg","5","<none>","You","Klari","1","Miru","1","1","1398"
"3111","1","test","7","z","2","shape2.jpg","5","<none>","You","Klari","1","Miru","1","1","744"
"3111","1","test","8","m","3","shape3.jpg","5","<none>","You","Klari","1","Miru","1","0","613"
"3111","1","test","9","z","3","shape3.jpg","5","<none>","You","Klari","1","Miru","1","1","609"
"3111","1","test","10","m","4","shape1.jpg","5","<none>","You","Klari","1","Miru","2","1","732"
"3111","1","test","11","m","6","shape3.jpg","5","<none>","You","Klari","1","Miru","2","1","979"
"3111","1","test","12","m","5","shape2.jpg","5","<none>","You","Klari","1","Miru","2","1","799"
"3111","1","test","13","z","6","shape3.jpg","5","<none>","You","Klari","1","Miru","2","0","899"
"3111","1","test","14","z","3","shape3.jpg","5","<none>","You","Klari","1","Miru","1","1","745"
"3111","1","test","15","z","3","shape3.jpg","5","<none>","You","Klari","1","Miru","1","1","535"
"3111","1","test","16","m","7","shape1.jpg","5","<none>","You","Klari","1","Miru","2","1","668"
"3111","1","test","17","z","2","shape2.jpg","5","<none>","You","Klari","1","Miru","1","1","1469"
"3111","1","test","18","z","2","shape2.jpg","5","<none>","You","Klari","1","Miru","1","1","812"
"3111","1","test","19","m","4","shape1.jpg","5","<none>","You","Klari","1","Miru","2","1","863"
"3111","1","test","20","z","2","shape2.jpg","5","<none>","You","Klari","1","Miru","1","1","910"
"3111","1","test","21","m","6","shape3.jpg","5","<none>","You","Klari","1","Miru","2","1","798"
"3111","1","test","22","m","6","shape3.jpg","5","<none>","You","Klari","1","Miru","2","1","633"
"3111","1","test","23","z","2","shape2.jpg","5","<none>","You","Klari","1","Miru","1","1","1019"
"3111","1","test","24","z","3","shape3.jpg","5","<none>","You","Klari","1","Miru","1","1","788"
"3111","1","test","25","m","5","shape2.jpg","5","<none>","You","Klari","1","Miru","2","1","744"
"3111","1","test","26","z","6","shape3.jpg","5","<none>","You","Klari","1","Miru","2","0","637"
"3111","1","test","27","m","4","shape1.jpg","5","<none>","You","Klari","1","Miru","2","1","832"
"3111","1","test","28","m","6","shape3.jpg","5","<none>","You","Klari","1","Miru","2","1","1139"
"3111","1","test","29","z","2","shape2.jpg","5","<none>","You","Klari","1","Miru","1","1","1461"
"3111","1","test","30","m","5","shape2.jpg","5","<none>","You","Klari","1","Miru","2","1","885"
"3111","1","test","31","m","7","shape1.jpg","5","<none>","You","Klari","1","Miru","2","1","852"
"3111","1","test","32","m","4","shape1.jpg","5","<none>","You","Klari","1","Miru","2","1","790"
"3111","1","test","33","m","8","shape2.jpg","5","<none>","You","Klari","1","Miru","2","1","1457"
"3111","1","test","34","m","8","shape2.jpg","5","<none>","You","Klari","1","Miru","2","1","816"
"3111","1","test","35","m","4","shape1.jpg","5","<none>","You","Klari","1","Miru","2","1","570"
"3111","1","test","36","z","7","shape1.jpg","5","<none>","You","Klari","1","Miru","2","0","703"
"3111","1","test","37","z","3","shape3.jpg","5","<none>","You","Klari","1","Miru","1","1","1086"
"3111","1","test","38","x","2","shape2.jpg","5","<none>","You","Klari","1","Miru","1","0","1499"
"3111","1","test","39","x","5","shape2.jpg","5","<none>","You","Klari","1","Miru","2","0","1499"
"3111","1","test","40","m","6","shape3.jpg","5","<none>","You","Klari","1","Miru","2","1","1398"
"3111","1","test","41","z","3","shape3.jpg","5","<none>","You","Klari","1","Miru","1","1","896"
"3111","1","test","42","m","8","shape2.jpg","5","<none>","You","Klari","1","Miru","2","1","1007"
"3111","1","test","43","m","8","shape2.jpg","5","<none>","You","Klari","1","Miru","2","1","1113"
"3111","1","test","44","x","3","shape3.jpg","5","<none>","You","Klari","1","Miru","1","0","1500"
"3111","1","test","45","m","4","shape1.jpg","5","<none>","You","Klari","1","Miru","2","1","795"
"3111","1","test","46","m","1","shape1.jpg","5","<none>","You","Klari","1","Miru","1","0","910"
"3111","1","test","47","z","3","shape3.jpg","5","<none>","You","Klari","1","Miru","1","1","773"
"3111","1","test","48","z","3","shape3.jpg","5","<none>","You","Klari","1","Miru","1","1","801"
"3111","1","test","49","z","3","shape3.jpg","5","<none>","You","Klari","1","Miru","1","1","709"
"3111","1","test","50","m","4","shape1.jpg","5","<none>","You","Klari","1","Miru","2","1","684"
"3111","1","test","51","z","1","shape1.jpg","5","<none>","You","Klari","1","Miru","1","1","948"
"3111","1","test","52","m","8","shape2.jpg","5","<none>","You","Klari","1","Miru","2","1","849"
"3111","1","test","53","z","1","shape1.jpg","5","<none>","You","Klari","1","Miru","1","1","865"
"3111","1","test","54","m","5","shape2.jpg","5","<none>","You","Klari","1","Miru","2","1","905"
"3111","1","test","55","z","3","shape3.jpg","5","<none>","You","Klari","1","Miru","1","1","657"
"3111","1","test","56","z","3","shape3.jpg","5","<none>","You","Klari","1","Miru","1","1","729"
"3111","1","test","57","x","4","shape1.jpg","5","<none>","You","Klari","1","Miru","2","0","1499"
"3111","1","test","58","z","2","shape2.jpg","5","<none>","You","Klari","1","Miru","1","1","1101"
"3111","1","test","59","z","2","shape2.jpg","5","<none>","You","Klari","1","Miru","1","1","1066"
"3111","1","test","60","z","1","shape1.jpg","5","<none>","You","Klari","1","Miru","1","1","1259"
"3111","1","test","61","z","2","shape2.jpg","5","<none>","You","Klari","1","Miru","1","1","1379"
"3111","1","test","62","z","3","shape3.jpg","5","<none>","You","Klari","1","Miru","1","1","1116"
"3111","1","test","63","z","1","shape1.jpg","5","<none>","You","Klari","1","Miru","1","1","1064"
"3111","1","test","64","z","7","shape1.jpg","5","<none>","You","Klari","1","Miru","2","0","777"
"3111","1","test","65","z","3","shape3.jpg","5","<none>","You","Klari","1","Miru","1","1","662"
"3111","1","test","66","z","1","shape1.jpg","5","<none>","You","Klari","1","Miru","1","1","945"
"3111","1","test","67","m","4","shape1.jpg","5","<none>","You","Klari","1","Miru","2","1","749"
"3111","1","test","68","m","8","shape2.jpg","5","<none>","You","Klari","1","Miru","2","1","1450"
"3111","1","test","69","m","9","shape3.jpg","5","<none>","You","Klari","1","Miru","2","1","977"
"3111","1","test","70","m","8","shape2.jpg","5","<none>","You","Klari","1","Miru","2","1","1044"
"3111","1","test","71","m","4","shape1.jpg","5","<none>","You","Klari","1","Miru","2","1","894"
"3111","1","test","72","m","9","shape3.jpg","5","<none>","You","Klari","1","Miru","2","1","702"
"3111","1","test","73","m","8","shape2.jpg","5","<none>","You","Klari","1","Miru","2","1","621"
"3111","1","test","74","z","1","shape1.jpg","5","<none>","You","Klari","1","Miru","1","1","638"
"3111","1","test","75","z","1","shape1.jpg","5","<none>","You","Klari","1","Miru","1","1","529"
"3111","1","test","76","z","1","shape1.jpg","5","<none>","You","Klari","1","Miru","1","1","432"
"3111","1","test","77","m","5","shape2.jpg","5","<none>","You","Klari","1","Miru","2","1","636"
"3111","1","test","78","z","3","shape3.jpg","5","<none>","You","Klari","1","Miru","1","1","773"
"3111","1","test","79","m","6","shape3.jpg","5","<none>","You","Klari","1","Miru","2","1","722"
"3111","1","test","80","m","5","shape2.jpg","5","<none>","You","Klari","1","Miru","2","1","841"
"3111","1","test","81","m","3","shape3.jpg","5","<none>","You","Klari","1","Miru","1","0","817"
"3111","1","test","82","m","5","shape2.jpg","5","<none>","You","Klari","1","Miru","2","1","540"
"3111","1","test","83","m","5","shape2.jpg","5","<none>","You","Klari","1","Miru","2","1","619"
"3111","1","test","84","m","9","shape3.jpg","5","<none>","You","Klari","1","Miru","2","1","812"
"3111","1","test","85","z","3","shape3.jpg","5","<none>","You","Klari","1","Miru","1","1","601"
"3111","1","test","86","z","1","shape1.jpg","5","<none>","You","Klari","1","Miru","1","1","812"
"3111","1","test","87","m","4","shape1.jpg","5","<none>","You","Klari","1","Miru","2","1","951"
"3111","1","test","88","z","3","shape3.jpg","5","<none>","You","Klari","1","Miru","1","1","698"
"3111","1","test","89","m","9","shape3.jpg","5","<none>","You","Klari","1","Miru","2","1","723"
"3111","1","test","90","m","9","shape3.jpg","5","<none>","You","Klari","1","Miru","2","1","777"
"3111","1","test","91","m","2","shape2.jpg","5","<none>","You","Klari","1","Miru","1","0","797"
"3111","1","test","92","m","6","shape3.jpg","5","<none>","You","Klari","1","Miru","2","1","696"
"3111","1","test","93","z","2","shape2.jpg","5","<none>","You","Klari","1","Miru","1","1","1153"
"3111","1","test","94","z","1","shape1.jpg","5","<none>","You","Klari","1","Miru","1","1","1053"
"3111","1","test","95","m","5","shape2.jpg","5","<none>","You","Klari","1","Miru","2","1","1062"
"3111","1","test","96","m","1","shape1.jpg","5","<none>","You","Klari","1","Miru","1","0","750"
"3111","1","test","97","z","3","shape3.jpg","5","<none>","You","Klari","1","Miru","1","1","699"
"3111","1","test","98","z","1","shape1.jpg","5","<none>","You","Klari","1","Miru","1","1","881"
"3111","1","test","99","z","1","shape1.jpg","5","<none>","You","Klari","1","Miru","1","1","554"
"3111","1","test","100","z","1","shape1.jpg","5","<none>","You","Klari","1","Miru","1","1","800"
"3111","1","test","101","z","2","shape2.jpg","5","<none>","You","Klari","1","Miru","1","1","706"
"3111","1","test","102","m","7","shape1.jpg","5","<none>","You","Klari","1","Miru","2","1","906"
"3111","1","test","103","m","4","shape1.jpg","5","<none>","You","Klari","1","Miru","2","1","832"
"3111","1","test","104","z","9","shape3.jpg","5","<none>","You","Klari","1","Miru","2","0","1377"
"3111","1","test","105","x","8","shape2.jpg","5","<none>","You","Klari","1","Miru","2","0","1499"
"3111","1","test","106","m","9","shape3.jpg","5","<none>","You","Klari","1","Miru","2","1","960"
"3111","1","test","107","m","5","shape2.jpg","5","<none>","You","Klari","1","Miru","2","1","638"
"3111","1","test","108","z","1","shape1.jpg","5","<none>","You","Klari","1","Miru","1","1","630"
"3111","1","test","109","m","7","shape1.jpg","5","<none>","You","Klari","1","Miru","2","1","713"
"3111","1","test","110","m","5","shape2.jpg","5","<none>","You","Klari","1","Miru","2","1","679"
"3111","1","test","111","z","2","shape2.jpg","5","<none>","You","Klari","1","Miru","1","1","657"
"3111","1","test","112","z","5","shape2.jpg","5","<none>","You","Klari","1","Miru","2","0","618"
"3111","1","test","113","m","9","shape3.jpg","5","<none>","You","Klari","1","Miru","2","1","541"
"3111","1","test","114","m","6","shape3.jpg","5","<none>","You","Klari","1","Miru","2","1","884"
"3111","1","test","115","m","5","shape2.jpg","5","<none>","You","Klari","1","Miru","2","1","572"
"3111","1","test","116","m","4","shape1.jpg","5","<none>","You","Klari","1","Miru","2","1","745"
"3111","1","test","117","m","5","shape2.jpg","5","<none>","You","Klari","1","Miru","2","1","615"
"3111","1","test","118","m","3","shape3.jpg","5","<none>","You","Klari","1","Miru","1","0","770"
"3111","1","test","119","m","8","shape2.jpg","5","<none>","You","Klari","1","Miru","2","1","588"
"3111","1","test","120","z","1","shape1.jpg","5","<none>","You","Klari","1","Miru","1","1","762"
"3111","1","test","121","z","1","shape1.jpg","5","<none>","You","Klari","1","Miru","1","1","554"
"3111","1","test","122","z","1","shape1.jpg","5","<none>","You","Klari","1","Miru","1","1","681"
"3111","1","test","123","m","8","shape2.jpg","5","<none>","You","Klari","1","Miru","2","1","593"
"3111","1","test","124","z","1","shape1.jpg","5","<none>","You","Klari","1","Miru","1","1","612"
"3111","1","test","125","z","1","shape1.jpg","5","<none>","You","Klari","1","Miru","1","1","600"
"3111","1","test","126","m","7","shape1.jpg","5","<none>","You","Klari","1","Miru","2","1","684"
"3111","1","test","127","z","2","shape2.jpg","5","<none>","You","Klari","1","Miru","1","1","643"
"3111","1","test","128","m","9","shape3.jpg","5","<none>","You","Klari","1","Miru","2","1","869"
"3111","1","test","129","z","3","shape3.jpg","5","<none>","You","Klari","1","Miru","1","1","622"
"3111","1","test","130","m","9","shape3.jpg","5","<none>","You","Klari","1","Miru","2","1","656"
"3111","1","test","131","m","7","shape1.jpg","5","<none>","You","Klari","1","Miru","2","1","649"
"3111","1","test","132","m","5","shape2.jpg","5","<none>","You","Klari","1","Miru","2","1","787"
"3111","1","test","133","z","3","shape3.jpg","5","<none>","You","Klari","1","Miru","1","1","639"
"3111","1","test","134","m","9","shape3.jpg","5","<none>","You","Klari","1","Miru","2","1","593"
"3111","1","test","135","m","5","shape2.jpg","5","<none>","You","Klari","1","Miru","2","1","629"
"3111","1","test","136","z","2","shape2.jpg","5","<none>","You","Klari","1","Miru","1","1","656"
"3111","1","test","137","z","1","shape1.jpg","5","<none>","You","Klari","1","Miru","1","1","745"
"3111","1","test","138","z","3","shape3.jpg","5","<none>","You","Klari","1","Miru","1","1","791"
"3111","1","test","139","z","3","shape3.jpg","5","<none>","You","Klari","1","Miru","1","1","715"
"3111","1","test","140","m","4","shape1.jpg","5","<none>","You","Klari","1","Miru","2","1","946"
"3111","1","test","141","z","8","shape2.jpg","5","<none>","You","Klari","1","Miru","2","0","1016"
"3111","1","test","142","z","6","shape3.jpg","5","<none>","You","Klari","1","Miru","2","0","728"
"3111","1","test","143","m","7","shape1.jpg","5","<none>","You","Klari","1","Miru","2","1","799"
"3111","1","test","144","m","1","shape1.jpg","5","<none>","You","Klari","1","Miru","1","0","1403"
"3111","1","test","145","m","9","shape3.jpg","5","<none>","You","Klari","1","Miru","2","1","781"
"3111","1","test","146","z","3","shape3.jpg","5","<none>","You","Klari","1","Miru","1","1","728"
"3111","1","test","147","m","5","shape2.jpg","5","<none>","You","Klari","1","Miru","2","1","607"
"3111","1","test","148","z","2","shape2.jpg","5","<none>","You","Klari","1","Miru","1","1","667"
"3111","1","test","149","z","1","shape1.jpg","5","<none>","You","Klari","1","Miru","1","1","786"
"3111","1","test","150","m","4","shape1.jpg","5","<none>","You","Klari","1","Miru","2","1","790"
"3111","1","test","151","z","1","shape1.jpg","5","<none>","You","Klari","1","Miru","1","1","897"
"3111","1","test","152","m","4","shape1.jpg","5","<none>","You","Klari","1","Miru","2","1","810"
"3111","1","test","153","m","2","shape2.jpg","5","<none>","You","Klari","1","Miru","1","0","1221"
"3111","1","test","154","z","3","shape3.jpg","5","<none>","You","Klari","1","Miru","1","1","789"
"3111","1","test","155","z","2","shape2.jpg","5","<none>","You","Klari","1","Miru","1","1","641"
"3111","1","test","156","z","3","shape3.jpg","5","<none>","You","Klari","1","Miru","1","1","683"
"3111","1","test","157","m","7","shape1.jpg","5","<none>","You","Klari","1","Miru","2","1","788"
"3111","1","test","158","z","1","shape1.jpg","5","<none>","You","Klari","1","Miru","1","1","639"
"3111","1","test","159","z","1","shape1.jpg","5","<none>","You","Klari","1","Miru","1","1","728"
"3111","1","test","160","z","2","shape2.jpg","5","<none>","You","Klari","1","Miru","1","1","872"
"3111","1","test","161","m","8","shape2.jpg","5","<none>","You","Klari","1","Miru","2","1","863"
"3111","1","test","162","m","8","shape2.jpg","5","<none>","You","Klari","1","Miru","2","1","1193"
"3111","1","test","163","z","2","shape2.jpg","5","<none>","You","Klari","1","Miru","1","1","787"
"3111","1","test","164","m","8","shape2.jpg","5","<none>","You","Klari","1","Miru","2","1","720"
"3111","1","test","165","z","2","shape2.jpg","5","<none>","You","Klari","1","Miru","1","1","854"
"3111","1","test","166","m","6","shape3.jpg","5","<none>","You","Klari","1","Miru","2","1","750"
"3111","1","test","167","z","3","shape3.jpg","5","<none>","You","Klari","1","Miru","1","1","828"
"3111","1","test","168","m","8","shape2.jpg","5","<none>","You","Klari","1","Miru","2","1","797"
"3111","1","test","169","z","1","shape1.jpg","5","<none>","You","Klari","1","Miru","1","1","793"
"3111","1","test","170","z","2","shape2.jpg","5","<none>","You","Klari","1","Miru","1","1","630"
"3111","1","test","171","z","3","shape3.jpg","5","<none>","You","Klari","1","Miru","1","1","656"
"3111","1","test","172","z","1","shape1.jpg","5","<none>","You","Klari","1","Miru","1","1","578"
"3111","1","test","173","z","5","shape2.jpg","5","<none>","You","Klari","1","Miru","2","0","597"
"3111","1","test","174","z","3","shape3.jpg","5","<none>","You","Klari","1","Miru","1","1","834"
"3111","1","test","175","z","2","shape2.jpg","5","<none>","You","Klari","1","Miru","1","1","827"
"3111","1","test","176","m","7","shape1.jpg","5","<none>","You","Klari","1","Miru","2","1","863"
"3111","1","test","177","z","3","shape3.jpg","5","<none>","You","Klari","1","Miru","1","1","606"
"3111","1","test","178","m","9","shape3.jpg","5","<none>","You","Klari","1","Miru","2","1","626"
"3111","1","test","179","z","3","shape3.jpg","5","<none>","You","Klari","1","Miru","1","1","821"
"3111","1","test","180","m","8","shape2.jpg","5","<none>","You","Klari","1","Miru","2","1","703"
"3111","1","test","181","z","5","shape2.jpg","5","<none>","You","Klari","1","Miru","2","0","550"
"3111","1","test","182","m","6","shape3.jpg","5","<none>","You","Klari","1","Miru","2","1","596"
"3111","1","test","183","m","7","shape1.jpg","5","<none>","You","Klari","1","Miru","2","1","889"
"3111","1","test","184","z","1","shape1.jpg","5","<none>","You","Klari","1","Miru","1","1","753"
"3111","1","test","185","m","6","shape3.jpg","5","<none>","You","Klari","1","Miru","2","1","1165"
"3111","1","test","186","z","3","shape3.jpg","5","<none>","You","Klari","1","Miru","1","1","1104"
"3111","1","test","187","z","3","shape3.jpg","5","<none>","You","Klari","1","Miru","1","1","902"
"3111","1","test","188","m","9","shape3.jpg","5","<none>","You","Klari","1","Miru","2","1","718"
"3111","1","test","189","m","4","shape1.jpg","5","<none>","You","Klari","1","Miru","2","1","1068"
"3111","1","test","190","z","3","shape3.jpg","5","<none>","You","Klari","1","Miru","1","1","716"
"3111","1","test","191","m","2","shape2.jpg","5","<none>","You","Klari","1","Miru","1","0","954"
"3111","1","test","192","m","7","shape1.jpg","5","<none>","You","Klari","1","Miru","2","1","646"
"3111","1","test","193","m","2","shape2.jpg","5","<none>","You","Klari","1","Miru","1","0","1033"
"3111","1","test","194","z","2","shape2.jpg","5","<none>","You","Klari","1","Miru","1","1","505"
"3111","1","test","195","m","4","shape1.jpg","5","<none>","You","Klari","1","Miru","2","1","593"
"3111","1","test","196","m","8","shape2.jpg","5","<none>","You","Klari","1","Miru","2","1","1085"
"3111","1","test","197","m","5","shape2.jpg","5","<none>","You","Klari","1","Miru","2","1","724"
"3111","1","test","198","z","1","shape1.jpg","5","<none>","You","Klari","1","Miru","1","1","642"
"3111","1","test","199","m","4","shape1.jpg","5","<none>","You","Klari","1","Miru","2","1","597"
"3111","1","test","200","m","4","shape1.jpg","5","<none>","You","Klari","1","Miru","2","1","754"
"3111","1","test","201","z","3","shape3.jpg","5","<none>","You","Klari","1","Miru","1","1","742"
"3111","1","test","202","m","4","shape1.jpg","5","<none>","You","Klari","1","Miru","2","1","571"
"3111","1","test","203","z","1","shape1.jpg","5","<none>","You","Klari","1","Miru","1","1","682"
"3111","1","test","204","z","8","shape2.jpg","5","<none>","You","Klari","1","Miru","2","0","1081"
"3111","1","test","205","z","2","shape2.jpg","5","<none>","You","Klari","1","Miru","1","1","825"
"3111","1","test","206","m","8","shape2.jpg","5","<none>","You","Klari","1","Miru","2","1","659"
"3111","1","test","207","m","3","shape3.jpg","5","<none>","You","Klari","1","Miru","1","0","700"
"3111","1","test","208","z","2","shape2.jpg","5","<none>","You","Klari","1","Miru","1","1","868"
"3111","1","test","209","z","2","shape2.jpg","5","<none>","You","Klari","1","Miru","1","1","643"
"3111","1","test","210","z","1","shape1.jpg","5","<none>","You","Klari","1","Miru","1","1","629"
"3111","1","test","211","z","1","shape1.jpg","5","<none>","You","Klari","1","Miru","1","1","672"
"3111","1","test","212","z","3","shape3.jpg","5","<none>","You","Klari","1","Miru","1","1","666"
"3111","1","test","213","m","5","shape2.jpg","5","<none>","You","Klari","1","Miru","2","1","722"
"3111","1","test","214","m","8","shape2.jpg","5","<none>","You","Klari","1","Miru","2","1","1025"
"3111","1","test","215","z","7","shape1.jpg","5","<none>","You","Klari","1","Miru","2","0","828"
"3111","1","test","216","m","6","shape3.jpg","5","<none>","You","Klari","1","Miru","2","1","1333"
"3111","1","test","217","m","6","shape3.jpg","5","<none>","You","Klari","1","Miru","2","1","681"
"3111","1","test","218","z","2","shape2.jpg","5","<none>","You","Klari","1","Miru","1","1","913"
"3111","1","test","219","z","1","shape1.jpg","5","<none>","You","Klari","1","Miru","1","1","657"
"3111","1","test","220","z","8","shape2.jpg","5","<none>","You","Klari","1","Miru","2","0","762"
"3111","1","test","221","z","6","shape3.jpg","5","<none>","You","Klari","1","Miru","2","0","749"
"3111","1","test","222","x","2","shape2.jpg","5","<none>","You","Klari","1","Miru","1","0","1498"
"3111","1","test","223","z","9","shape3.jpg","5","<none>","You","Klari","1","Miru","2","0","623"
"3111","1","test","224","m","7","shape1.jpg","5","<none>","You","Klari","1","Miru","2","1","770"
"3111","1","test","225","z","3","shape3.jpg","5","<none>","You","Klari","1","Miru","1","1","886"
"3111","1","test","226","z","1","shape1.jpg","5","<none>","You","Klari","1","Miru","1","1","590"
"3111","1","test","227","z","1","shape1.jpg","5","<none>","You","Klari","1","Miru","1","1","666"
"3111","1","test","228","m","9","shape3.jpg","5","<none>","You","Klari","1","Miru","2","1","658"
"3111","1","test","229","z","2","shape2.jpg","5","<none>","You","Klari","1","Miru","1","1","812"
"3111","1","test","230","z","2","shape2.jpg","5","<none>","You","Klari","1","Miru","1","1","775"
"3111","1","test","231","z","3","shape3.jpg","5","<none>","You","Klari","1","Miru","1","1","788"
"3111","1","test","232","z","1","shape1.jpg","5","<none>","You","Klari","1","Miru","1","1","551"
"3111","1","test","233","z","2","shape2.jpg","5","<none>","You","Klari","1","Miru","1","1","693"
"3111","1","test","234","m","6","shape3.jpg","5","<none>","You","Klari","1","Miru","2","1","965"
"3111","1","test","235","m","5","shape2.jpg","5","<none>","You","Klari","1","Miru","2","1","687"
"3111","1","test","236","z","1","shape1.jpg","5","<none>","You","Klari","1","Miru","1","1","649"
"3111","1","test","237","z","2","shape2.jpg","5","<none>","You","Klari","1","Miru","1","1","731"
"3111","1","test","238","m","5","shape2.jpg","5","<none>","You","Klari","1","Miru","2","1","720"
"3111","1","test","239","m","4","shape1.jpg","5","<none>","You","Klari","1","Miru","2","1","750"
"3111","1","test","240","z","3","shape3.jpg","5","<none>","You","Klari","1","Miru","1","1","1092"
"3111","1","test","241","z","1","shape1.jpg","5","<none>","You","Klari","1","Miru","1","1","663"
"3111","1","test","242","m","7","shape1.jpg","5","<none>","You","Klari","1","Miru","2","1","720"
"3111","1","test","243","z","1","shape1.jpg","5","<none>","You","Klari","1","Miru","1","1","597"
"3111","1","test","244","z","1","shape1.jpg","5","<none>","You","Klari","1","Miru","1","1","515"
"3111","1","test","245","z","1","shape1.jpg","5","<none>","You","Klari","1","Miru","1","1","488"
"3111","1","test","246","z","1","shape1.jpg","5","<none>","You","Klari","1","Miru","1","1","490"
"3111","1","test","247","z","1","shape1.jpg","5","<none>","You","Klari","1","Miru","1","1","531"
"3111","1","test","248","m","9","shape3.jpg","5","<none>","You","Klari","1","Miru","2","1","586"
"3111","1","test","249","m","8","shape2.jpg","5","<none>","You","Klari","1","Miru","2","1","551"
"3111","1","test","250","m","7","shape1.jpg","5","<none>","You","Klari","1","Miru","2","1","675"
"3111","1","test","251","m","4","shape1.jpg","5","<none>","You","Klari","1","Miru","2","1","691"
"3111","1","test","252","z","1","shape1.jpg","5","<none>","You","Klari","1","Miru","1","1","604"
"3111","1","test","253","z","2","shape2.jpg","5","<none>","You","Klari","1","Miru","1","1","984"
"3111","1","test","254","m","4","shape1.jpg","5","<none>","You","Klari","1","Miru","2","1","554"
"3111","1","test","255","m","9","shape3.jpg","5","<none>","You","Klari","1","Miru","2","1","583"
"3111","1","test","256","m","8","shape2.jpg","5","<none>","You","Klari","1","Miru","2","1","891"
"3111","1","test","257","z","2","shape2.jpg","5","<none>","You","Klari","1","Miru","1","1","675"
"3111","1","test","258","m","8","shape2.jpg","5","<none>","You","Klari","1","Miru","2","1","965"
"3111","1","test","259","m","5","shape2.jpg","5","<none>","You","Klari","1","Miru","2","1","544"
"3111","1","test","260","m","5","shape2.jpg","5","<none>","You","Klari","1","Miru","2","1","608"
"3111","1","test","261","m","8","shape2.jpg","5","<none>","You","Klari","1","Miru","2","1","890"
"3111","1","test","262","m","9","shape3.jpg","5","<none>","You","Klari","1","Miru","2","1","577"
"3111","1","test","263","m","9","shape3.jpg","5","<none>","You","Klari","1","Miru","2","1","502"
"3111","1","test","264","z","1","shape1.jpg","5","<none>","You","Klari","1","Miru","1","1","711"
"3111","1","test","265","z","2","shape2.jpg","5","<none>","You","Klari","1","Miru","1","1","902"
"3111","1","test","266","m","7","shape1.jpg","5","<none>","You","Klari","1","Miru","2","1","717"
"3111","1","test","267","z","3","shape3.jpg","5","<none>","You","Klari","1","Miru","1","1","1090"
"3111","1","test","268","z","1","shape1.jpg","5","<none>","You","Klari","1","Miru","1","1","754"
"3111","1","test","269","m","5","shape2.jpg","5","<none>","You","Klari","1","Miru","2","1","574"
"3111","1","test","270","z","2","shape2.jpg","5","<none>","You","Klari","1","Miru","1","1","733"
"3111","1","test","271","m","6","shape3.jpg","5","<none>","You","Klari","1","Miru","2","1","738"
"3111","1","test","272","m","9","shape3.jpg","5","<none>","You","Klari","1","Miru","2","1","671"
"3111","1","test","273","z","1","shape1.jpg","5","<none>","You","Klari","1","Miru","1","1","569"
"3111","1","test","274","m","4","shape1.jpg","5","<none>","You","Klari","1","Miru","2","1","645"
"3111","1","test","275","m","8","shape2.jpg","5","<none>","You","Klari","1","Miru","2","1","878"
"3111","1","test","276","m","6","shape3.jpg","5","<none>","You","Klari","1","Miru","2","1","601"
"3111","1","test","277","z","2","shape2.jpg","5","<none>","You","Klari","1","Miru","1","1","818"
"3111","1","test","278","m","5","shape2.jpg","5","<none>","You","Klari","1","Miru","2","1","661"
"3111","1","test","279","z","2","shape2.jpg","5","<none>","You","Klari","1","Miru","1","1","854"
"3111","1","test","280","z","3","shape3.jpg","5","<none>","You","Klari","1","Miru","1","1","719"
"3111","1","test","281","m","4","shape1.jpg","5","<none>","You","Klari","1","Miru","2","1","735"
"3111","1","test","282","z","2","shape2.jpg","5","<none>","You","Klari","1","Miru","1","1","580"
"3111","1","test","283","m","7","shape1.jpg","5","<none>","You","Klari","1","Miru","2","1","824"
"3111","1","test","284","z","2","shape2.jpg","5","<none>","You","Klari","1","Miru","1","1","617"
"3111","1","test","285","z","3","shape3.jpg","5","<none>","You","Klari","1","Miru","1","1","725"
"3111","1","test","286","m","7","shape1.jpg","5","<none>","You","Klari","1","Miru","2","1","813"
"3111","1","test","287","m","7","shape1.jpg","5","<none>","You","Klari","1","Miru","2","1","726"
"3111","1","test","288","m","9","shape3.jpg","5","<none>","You","Klari","1","Miru","2","1","653"
"3111","1","test","289","z","1","shape1.jpg","5","<none>","You","Klari","1","Miru","1","1","503"
"3111","1","test","290","m","7","shape1.jpg","5","<none>","You","Klari","1","Miru","2","1","1262"
"3111","1","test","291","z","3","shape3.jpg","5","<none>","You","Klari","1","Miru","1","1","815"
"3111","1","test","292","m","7","shape1.jpg","5","<none>","You","Klari","1","Miru","2","1","632"
"3111","1","test","293","m","4","shape1.jpg","5","<none>","You","Klari","1","Miru","2","1","659"
"3111","1","test","294","z","1","shape1.jpg","5","<none>","You","Klari","1","Miru","1","1","596"
"3111","1","test","295","m","9","shape3.jpg","5","<none>","You","Klari","1","Miru","2","1","641"
"3111","1","test","296","z","3","shape3.jpg","5","<none>","You","Klari","1","Miru","1","1","723"
"3111","1","test","297","m","9","shape3.jpg","5","<none>","You","Klari","1","Miru","2","1","560"
"3111","1","test","298","z","2","shape2.jpg","5","<none>","You","Klari","1","Miru","1","1","599"
"3111","1","test","299","z","2","shape2.jpg","5","<none>","You","Klari","1","Miru","1","1","610"
"3111","1","test","300","z","3","shape3.jpg","5","<none>","You","Klari","1","Miru","1","1","645"
"3111","1","test","301","z","1","shape1.jpg","5","<none>","You","Klari","1","Miru","1","1","648"
"3111","1","test","302","z","3","shape3.jpg","5","<none>","You","Klari","1","Miru","1","1","995"
"3111","1","test","303","m","6","shape3.jpg","5","<none>","You","Klari","1","Miru","2","1","781"
"3111","1","test","304","z","1","shape1.jpg","5","<none>","You","Klari","1","Miru","1","1","609"
"3111","1","test","305","z","3","shape3.jpg","5","<none>","You","Klari","1","Miru","1","1","707"
"3111","1","test","306","m","4","shape1.jpg","5","<none>","You","Klari","1","Miru","2","1","691"
"3111","1","test","307","m","9","shape3.jpg","5","<none>","You","Klari","1","Miru","2","1","988"
"3111","1","test","308","m","6","shape3.jpg","5","<none>","You","Klari","1","Miru","2","1","581"
"3111","1","test","309","z","3","shape3.jpg","5","<none>","You","Klari","1","Miru","1","1","722"
"3111","1","test","310","m","5","shape2.jpg","5","<none>","You","Klari","1","Miru","2","1","608"
"3111","1","test","311","z","3","shape3.jpg","5","<none>","You","Klari","1","Miru","1","1","764"
"3111","1","test","312","z","2","shape2.jpg","5","<none>","You","Klari","1","Miru","1","1","754"
"3111","1","test","313","m","3","shape3.jpg","5","<none>","You","Klari","1","Miru","1","0","1055"
"3111","1","test","314","z","3","shape3.jpg","5","<none>","You","Klari","1","Miru","1","1","702"
"3111","1","test","315","z","3","shape3.jpg","5","<none>","You","Klari","1","Miru","1","1","511"
"3111","1","test","316","z","1","shape1.jpg","5","<none>","You","Klari","1","Miru","1","1","574"
"3111","1","test","317","z","1","shape1.jpg","5","<none>","You","Klari","1","Miru","1","1","523"
"3111","1","test","318","z","9","shape3.jpg","5","<none>","You","Klari","1","Miru","2","0","459"
"3111","1","test","319","z","2","shape2.jpg","5","<none>","You","Klari","1","Miru","1","1","613"
"3111","1","test","320","z","2","shape2.jpg","5","<none>","You","Klari","1","Miru","1","1","591"
"3111","1","test","321","z","1","shape1.jpg","5","<none>","You","Klari","1","Miru","1","1","597"
"3111","1","test","322","z","2","shape2.jpg","5","<none>","You","Klari","1","Miru","1","1","528"
"3111","1","test","323","m","6","shape3.jpg","5","<none>","You","Klari","1","Miru","2","1","719"
"3111","1","test","324","m","9","shape3.jpg","5","<none>","You","Klari","1","Miru","2","1","790"
"3111","1","test","325","z","2","shape2.jpg","5","<none>","You","Klari","1","Miru","1","1","563"
"3111","1","test","326","z","6","shape3.jpg","5","<none>","You","Klari","1","Miru","2","0","535"
"3111","1","test","327","m","8","shape2.jpg","5","<none>","You","Klari","1","Miru","2","1","903"
"3111","1","test","328","m","5","shape2.jpg","5","<none>","You","Klari","1","Miru","2","1","669"
"3111","1","test","329","z","2","shape2.jpg","5","<none>","You","Klari","1","Miru","1","1","670"
"3111","1","test","330","z","2","shape2.jpg","5","<none>","You","Klari","1","Miru","1","1","597"
"3111","1","test","331","m","9","shape3.jpg","5","<none>","You","Klari","1","Miru","2","1","713"
"3111","1","test","332","m","4","shape1.jpg","5","<none>","You","Klari","1","Miru","2","1","681"
"3111","1","test","333","z","1","shape1.jpg","5","<none>","You","Klari","1","Miru","1","1","618"
"3111","1","test","334","z","2","shape2.jpg","5","<none>","You","Klari","1","Miru","1","1","579"
"3111","1","test","335","m","6","shape3.jpg","5","<none>","You","Klari","1","Miru","2","1","722"
"3111","1","test","336","m","7","shape1.jpg","5","<none>","You","Klari","1","Miru","2","1","743"
"3111","1","test","337","z","2","shape2.jpg","5","<none>","You","Klari","1","Miru","1","1","934"
"3111","1","test","338","m","8","shape2.jpg","5","<none>","You","Klari","1","Miru","2","1","610"
"3111","1","test","339","z","1","shape1.jpg","5","<none>","You","Klari","1","Miru","1","1","783"
"3111","1","test","340","z","3","shape3.jpg","5","<none>","You","Klari","1","Miru","1","1","730"
"3111","1","test","341","m","9","shape3.jpg","5","<none>","You","Klari","1","Miru","2","1","551"
"3111","1","test","342","m","7","shape1.jpg","5","<none>","You","Klari","1","Miru","2","1","654"
"3111","1","test","343","z","2","shape2.jpg","5","<none>","You","Klari","1","Miru","1","1","1191"
"3111","1","test","344","m","4","shape1.jpg","5","<none>","You","Klari","1","Miru","2","1","634"
"3111","1","test","345","z","3","shape3.jpg","5","<none>","You","Klari","1","Miru","1","1","690"
"3111","1","test","346","z","3","shape3.jpg","5","<none>","You","Klari","1","Miru","1","1","843"
"3111","1","test","347","z","3","shape3.jpg","5","<none>","You","Klari","1","Miru","1","1","846"
"3111","1","test","348","z","2","shape2.jpg","5","<none>","You","Klari","1","Miru","1","1","1022"
"3111","1","test","349","z","2","shape2.jpg","5","<none>","You","Klari","1","Miru","1","1","695"
"3111","1","test","350","m","7","shape1.jpg","5","<none>","You","Klari","1","Miru","2","1","649"
"3111","1","test","351","m","7","shape1.jpg","5","<none>","You","Klari","1","Miru","2","1","641"
"3111","1","test","352","m","7","shape1.jpg","5","<none>","You","Klari","1","Miru","2","1","508"
"3111","1","test","353","m","2","shape2.jpg","5","<none>","You","Klari","1","Miru","1","0","796"
"3111","1","test","354","m","7","shape1.jpg","5","<none>","You","Klari","1","Miru","2","1","751"
"3111","1","test","355","m","8","shape2.jpg","5","<none>","You","Klari","1","Miru","2","1","844"
"3111","1","test","356","m","6","shape3.jpg","5","<none>","You","Klari","1","Miru","2","1","687"
"3111","1","test","357","m","1","shape1.jpg","5","<none>","You","Klari","1","Miru","1","0","607"
"3111","1","test","358","m","6","shape3.jpg","5","<none>","You","Klari","1","Miru","2","1","857"
"3111","1","test","359","m","1","shape1.jpg","5","<none>","You","Klari","1","Miru","1","0","585"
"3111","1","test","360","z","6","shape3.jpg","5","<none>","You","Klari","1","Miru","2","0","798"
"3115","1","test","1","x","4","shape1.jpg","3","Maxine","You","<none>","2","Nenu","2","0","1499"
"3115","1","test","2","x","8","shape2.jpg","3","Maxine","You","<none>","2","Nenu","2","0","1499"
"3115","1","test","3","x","8","shape2.jpg","3","Maxine","You","<none>","2","Nenu","2","0","1499"
"3115","1","test","4","x","3","shape3.jpg","3","Maxine","You","<none>","2","Nenu","1","0","1498"
"3115","1","test","5","x","3","shape3.jpg","3","Maxine","You","<none>","2","Nenu","1","0","1499"
"3115","1","test","6","z","8","shape2.jpg","3","Maxine","You","<none>","2","Nenu","2","0","1360"
"3115","1","test","7","z","7","shape1.jpg","3","Maxine","You","<none>","2","Nenu","2","0","1164"
"3115","1","test","8","m","3","shape3.jpg","3","Maxine","You","<none>","2","Nenu","1","0","1071"
"3115","1","test","9","z","1","shape1.jpg","3","Maxine","You","<none>","2","Nenu","1","1","1351"
"3115","1","test","10","m","3","shape3.jpg","3","Maxine","You","<none>","2","Nenu","1","0","1132"
"3115","1","test","11","z","3","shape3.jpg","3","Maxine","You","<none>","2","Nenu","1","1","873"
"3115","1","test","12","m","9","shape3.jpg","3","Maxine","You","<none>","2","Nenu","2","1","1433"
"3115","1","test","13","m","2","shape2.jpg","3","Maxine","You","<none>","2","Nenu","1","0","1128"
"3115","1","test","14","x","2","shape2.jpg","3","Maxine","You","<none>","2","Nenu","1","0","1499"
"3115","1","test","15","m","6","shape3.jpg","3","Maxine","You","<none>","2","Nenu","2","1","1049"
"3115","1","test","16","z","1","shape1.jpg","3","Maxine","You","<none>","2","Nenu","1","1","874"
"3115","1","test","17","m","8","shape2.jpg","3","Maxine","You","<none>","2","Nenu","2","1","987"
"3115","1","test","18","z","2","shape2.jpg","3","Maxine","You","<none>","2","Nenu","1","1","973"
"3115","1","test","19","m","7","shape1.jpg","3","Maxine","You","<none>","2","Nenu","2","1","1018"
"3115","1","test","20","m","5","shape2.jpg","3","Maxine","You","<none>","2","Nenu","2","1","971"
"3115","1","test","21","m","7","shape1.jpg","3","Maxine","You","<none>","2","Nenu","2","1","1399"
"3115","1","test","22","z","3","shape3.jpg","3","Maxine","You","<none>","2","Nenu","1","1","1207"
"3115","1","test","23","z","1","shape1.jpg","3","Maxine","You","<none>","2","Nenu","1","1","1281"
"3115","1","test","24","m","5","shape2.jpg","3","Maxine","You","<none>","2","Nenu","2","1","938"
"3115","1","test","25","m","7","shape1.jpg","3","Maxine","You","<none>","2","Nenu","2","1","951"
"3115","1","test","26","m","9","shape3.jpg","3","Maxine","You","<none>","2","Nenu","2","1","1218"
"3115","1","test","27","z","7","shape1.jpg","3","Maxine","You","<none>","2","Nenu","2","0","900"
"3115","1","test","28","m","8","shape2.jpg","3","Maxine","You","<none>","2","Nenu","2","1","1274"
"3115","1","test","29","z","2","shape2.jpg","3","Maxine","You","<none>","2","Nenu","1","1","960"
"3115","1","test","30","m","6","shape3.jpg","3","Maxine","You","<none>","2","Nenu","2","1","1093"
"3115","1","test","31","m","6","shape3.jpg","3","Maxine","You","<none>","2","Nenu","2","1","1300"
"3115","1","test","32","m","5","shape2.jpg","3","Maxine","You","<none>","2","Nenu","2","1","914"
"3115","1","test","33","z","1","shape1.jpg","3","Maxine","You","<none>","2","Nenu","1","1","864"
"3115","1","test","34","m","1","shape1.jpg","3","Maxine","You","<none>","2","Nenu","1","0","825"
"3115","1","test","35","m","3","shape3.jpg","3","Maxine","You","<none>","2","Nenu","1","0","882"
"3115","1","test","36","m","8","shape2.jpg","3","Maxine","You","<none>","2","Nenu","2","1","1180"
"3115","1","test","37","m","8","shape2.jpg","3","Maxine","You","<none>","2","Nenu","2","1","1087"
"3115","1","test","38","m","8","shape2.jpg","3","Maxine","You","<none>","2","Nenu","2","1","1141"
"3115","1","test","39","m","4","shape1.jpg","3","Maxine","You","<none>","2","Nenu","2","1","905"
"3115","1","test","40","z","1","shape1.jpg","3","Maxine","You","<none>","2","Nenu","1","1","775"
"3115","1","test","41","m","8","shape2.jpg","3","Maxine","You","<none>","2","Nenu","2","1","1259"
"3115","1","test","42","z","1","shape1.jpg","3","Maxine","You","<none>","2","Nenu","1","1","900"
"3115","1","test","43","z","3","shape3.jpg","3","Maxine","You","<none>","2","Nenu","1","1","1084"
"3115","1","test","44","m","2","shape2.jpg","3","Maxine","You","<none>","2","Nenu","1","0","865"
"3115","1","test","45","z","1","shape1.jpg","3","Maxine","You","<none>","2","Nenu","1","1","834"
"3115","1","test","46","z","2","shape2.jpg","3","Maxine","You","<none>","2","Nenu","1","1","691"
"3115","1","test","47","z","1","shape1.jpg","3","Maxine","You","<none>","2","Nenu","1","1","1051"
"3115","1","test","48","m","6","shape3.jpg","3","Maxine","You","<none>","2","Nenu","2","1","1419"
"3115","1","test","49","z","4","shape1.jpg","3","Maxine","You","<none>","2","Nenu","2","0","1452"
"3115","1","test","50","x","2","shape2.jpg","3","Maxine","You","<none>","2","Nenu","1","0","1498"
"3115","1","test","51","x","6","shape3.jpg","3","Maxine","You","<none>","2","Nenu","2","0","1500"
"3115","1","test","52","m","7","shape1.jpg","3","Maxine","You","<none>","2","Nenu","2","1","1434"
"3115","1","test","53","m","7","shape1.jpg","3","Maxine","You","<none>","2","Nenu","2","1","1147"
"3115","1","test","54","z","1","shape1.jpg","3","Maxine","You","<none>","2","Nenu","1","1","695"
"3115","1","test","55","z","1","shape1.jpg","3","Maxine","You","<none>","2","Nenu","1","1","734"
"3115","1","test","56","z","2","shape2.jpg","3","Maxine","You","<none>","2","Nenu","1","1","803"
"3115","1","test","57","m","6","shape3.jpg","3","Maxine","You","<none>","2","Nenu","2","1","806"
"3115","1","test","58","m","6","shape3.jpg","3","Maxine","You","<none>","2","Nenu","2","1","1378"
"3115","1","test","59","z","3","shape3.jpg","3","Maxine","You","<none>","2","Nenu","1","1","1269"
"3115","1","test","60","z","1","shape1.jpg","3","Maxine","You","<none>","2","Nenu","1","1","747"
"3115","1","test","61","z","1","shape1.jpg","3","Maxine","You","<none>","2","Nenu","1","1","977"
"3115","1","test","62","m","9","shape3.jpg","3","Maxine","You","<none>","2","Nenu","2","1","750"
"3115","1","test","63","z","2","shape2.jpg","3","Maxine","You","<none>","2","Nenu","1","1","1186"
"3115","1","test","64","m","8","shape2.jpg","3","Maxine","You","<none>","2","Nenu","2","1","1166"
"3115","1","test","65","z","1","shape1.jpg","3","Maxine","You","<none>","2","Nenu","1","1","753"
"3115","1","test","66","z","3","shape3.jpg","3","Maxine","You","<none>","2","Nenu","1","1","1022"
"3115","1","test","67","x","5","shape2.jpg","3","Maxine","You","<none>","2","Nenu","2","0","1500"
"3115","1","test","68","m","2","shape2.jpg","3","Maxine","You","<none>","2","Nenu","1","0","875"
"3115","1","test","69","m","3","shape3.jpg","3","Maxine","You","<none>","2","Nenu","1","0","916"
"3115","1","test","70","z","1","shape1.jpg","3","Maxine","You","<none>","2","Nenu","1","1","914"
"3115","1","test","71","z","2","shape2.jpg","3","Maxine","You","<none>","2","Nenu","1","1","1272"
"3115","1","test","72","z","1","shape1.jpg","3","Maxine","You","<none>","2","Nenu","1","1","942"
"3115","1","test","73","z","1","shape1.jpg","3","Maxine","You","<none>","2","Nenu","1","1","859"
"3115","1","test","74","z","1","shape1.jpg","3","Maxine","You","<none>","2","Nenu","1","1","725"
"3115","1","test","75","z","3","shape3.jpg","3","Maxine","You","<none>","2","Nenu","1","1","1148"
"3115","1","test","76","m","9","shape3.jpg","3","Maxine","You","<none>","2","Nenu","2","1","991"
"3115","1","test","77","z","3","shape3.jpg","3","Maxine","You","<none>","2","Nenu","1","1","1179"
"3115","1","test","78","x","9","shape3.jpg","3","Maxine","You","<none>","2","Nenu","2","0","1500"
"3115","1","test","79","z","7","shape1.jpg","3","Maxine","You","<none>","2","Nenu","2","0","1209"
"3115","1","test","80","z","3","shape3.jpg","3","Maxine","You","<none>","2","Nenu","1","1","1060"
"3115","1","test","81","z","1","shape1.jpg","3","Maxine","You","<none>","2","Nenu","1","1","1092"
"3115","1","test","82","z","1","shape1.jpg","3","Maxine","You","<none>","2","Nenu","1","1","754"
"3115","1","test","83","m","5","shape2.jpg","3","Maxine","You","<none>","2","Nenu","2","1","1063"
"3115","1","test","84","m","6","shape3.jpg","3","Maxine","You","<none>","2","Nenu","2","1","1272"
"3115","1","test","85","m","4","shape1.jpg","3","Maxine","You","<none>","2","Nenu","2","1","1368"
"3115","1","test","86","m","7","shape1.jpg","3","Maxine","You","<none>","2","Nenu","2","1","1250"
"3115","1","test","87","m","4","shape1.jpg","3","Maxine","You","<none>","2","Nenu","2","1","1185"
"3115","1","test","88","z","3","shape3.jpg","3","Maxine","You","<none>","2","Nenu","1","1","1171"
"3115","1","test","89","m","6","shape3.jpg","3","Maxine","You","<none>","2","Nenu","2","1","1431"
"3115","1","test","90","z","2","shape2.jpg","3","Maxine","You","<none>","2","Nenu","1","1","871"
"3115","1","test","91","m","6","shape3.jpg","3","Maxine","You","<none>","2","Nenu","2","1","704"
"3115","1","test","92","m","4","shape1.jpg","3","Maxine","You","<none>","2","Nenu","2","1","1047"
"3115","1","test","93","z","2","shape2.jpg","3","Maxine","You","<none>","2","Nenu","1","1","1297"
"3115","1","test","94","z","2","shape2.jpg","3","Maxine","You","<none>","2","Nenu","1","1","799"
"3115","1","test","95","m","7","shape1.jpg","3","Maxine","You","<none>","2","Nenu","2","1","824"
"3115","1","test","96","z","3","shape3.jpg","3","Maxine","You","<none>","2","Nenu","1","1","1139"
"3115","1","test","97","m","9","shape3.jpg","3","Maxine","You","<none>","2","Nenu","2","1","903"
"3115","1","test","98","m","3","shape3.jpg","3","Maxine","You","<none>","2","Nenu","1","0","848"
"3115","1","test","99","m","8","shape2.jpg","3","Maxine","You","<none>","2","Nenu","2","1","1064"
"3115","1","test","100","z","6","shape3.jpg","3","Maxine","You","<none>","2","Nenu","2","0","1144"
"3115","1","test","101","z","4","shape1.jpg","3","Maxine","You","<none>","2","Nenu","2","0","1022"
"3115","1","test","102","z","6","shape3.jpg","3","Maxine","You","<none>","2","Nenu","2","0","1222"
"3115","1","test","103","z","1","shape1.jpg","3","Maxine","You","<none>","2","Nenu","1","1","743"
"3115","1","test","104","m","3","shape3.jpg","3","Maxine","You","<none>","2","Nenu","1","0","790"
"3115","1","test","105","m","7","shape1.jpg","3","Maxine","You","<none>","2","Nenu","2","1","1137"
"3115","1","test","106","m","5","shape2.jpg","3","Maxine","You","<none>","2","Nenu","2","1","1335"
"3115","1","test","107","z","1","shape1.jpg","3","Maxine","You","<none>","2","Nenu","1","1","1377"
"3115","1","test","108","z","2","shape2.jpg","3","Maxine","You","<none>","2","Nenu","1","1","820"
"3115","1","test","109","x","1","shape1.jpg","3","Maxine","You","<none>","2","Nenu","1","0","1499"
"3115","1","test","110","x","3","shape3.jpg","3","Maxine","You","<none>","2","Nenu","1","0","1499"
"3115","1","test","111","z","5","shape2.jpg","3","Maxine","You","<none>","2","Nenu","2","0","1375"
"3115","1","test","112","z","2","shape2.jpg","3","Maxine","You","<none>","2","Nenu","1","1","729"
"3115","1","test","113","z","1","shape1.jpg","3","Maxine","You","<none>","2","Nenu","1","1","1104"
"3115","1","test","114","m","9","shape3.jpg","3","Maxine","You","<none>","2","Nenu","2","1","879"
"3115","1","test","115","z","1","shape1.jpg","3","Maxine","You","<none>","2","Nenu","1","1","814"
"3115","1","test","116","m","5","shape2.jpg","3","Maxine","You","<none>","2","Nenu","2","1","1144"
"3115","1","test","117","z","1","shape1.jpg","3","Maxine","You","<none>","2","Nenu","1","1","1013"
"3115","1","test","118","m","5","shape2.jpg","3","Maxine","You","<none>","2","Nenu","2","1","1201"
"3115","1","test","119","m","5","shape2.jpg","3","Maxine","You","<none>","2","Nenu","2","1","1202"
"3115","1","test","120","m","9","shape3.jpg","3","Maxine","You","<none>","2","Nenu","2","1","947"
"3115","1","test","121","m","6","shape3.jpg","3","Maxine","You","<none>","2","Nenu","2","1","1329"
"3115","1","test","122","m","8","shape2.jpg","3","Maxine","You","<none>","2","Nenu","2","1","1285"
"3115","1","test","123","z","5","shape2.jpg","3","Maxine","You","<none>","2","Nenu","2","0","1404"
"3115","1","test","124","m","9","shape3.jpg","3","Maxine","You","<none>","2","Nenu","2","1","1022"
"3115","1","test","125","m","8","shape2.jpg","3","Maxine","You","<none>","2","Nenu","2","1","1463"
"3115","1","test","126","m","6","shape3.jpg","3","Maxine","You","<none>","2","Nenu","2","1","1079"
"3115","1","test","127","z","1","shape1.jpg","3","Maxine","You","<none>","2","Nenu","1","1","958"
"3115","1","test","128","z","3","shape3.jpg","3","Maxine","You","<none>","2","Nenu","1","1","1257"
"3115","1","test","129","m","2","shape2.jpg","3","Maxine","You","<none>","2","Nenu","1","0","842"
"3115","1","test","130","m","4","shape1.jpg","3","Maxine","You","<none>","2","Nenu","2","1","1132"
"3115","1","test","131","m","7","shape1.jpg","3","Maxine","You","<none>","2","Nenu","2","1","1256"
"3115","1","test","132","z","3","shape3.jpg","3","Maxine","You","<none>","2","Nenu","1","1","1225"
"3115","1","test","133","m","2","shape2.jpg","3","Maxine","You","<none>","2","Nenu","1","0","1153"
"3115","1","test","134","z","1","shape1.jpg","3","Maxine","You","<none>","2","Nenu","1","1","933"
"3115","1","test","135","z","3","shape3.jpg","3","Maxine","You","<none>","2","Nenu","1","1","1027"
"3115","1","test","136","m","4","shape1.jpg","3","Maxine","You","<none>","2","Nenu","2","1","1140"
"3115","1","test","137","z","8","shape2.jpg","3","Maxine","You","<none>","2","Nenu","2","0","1072"
"3115","1","test","138","z","1","shape1.jpg","3","Maxine","You","<none>","2","Nenu","1","1","769"
"3115","1","test","139","m","9","shape3.jpg","3","Maxine","You","<none>","2","Nenu","2","1","829"
"3115","1","test","140","z","9","shape3.jpg","3","Maxine","You","<none>","2","Nenu","2","0","1430"
"3115","1","test","141","m","8","shape2.jpg","3","Maxine","You","<none>","2","Nenu","2","1","1423"
"3115","1","test","142","z","1","shape1.jpg","3","Maxine","You","<none>","2","Nenu","1","1","943"
"3115","1","test","143","z","2","shape2.jpg","3","Maxine","You","<none>","2","Nenu","1","1","1158"
"3115","1","test","144","m","5","shape2.jpg","3","Maxine","You","<none>","2","Nenu","2","1","913"
"3115","1","test","145","z","2","shape2.jpg","3","Maxine","You","<none>","2","Nenu","1","1","800"
"3115","1","test","146","m","7","shape1.jpg","3","Maxine","You","<none>","2","Nenu","2","1","1443"
"3115","1","test","147","z","3","shape3.jpg","3","Maxine","You","<none>","2","Nenu","1","1","1121"
"3115","1","test","148","z","2","shape2.jpg","3","Maxine","You","<none>","2","Nenu","1","1","792"
"3115","1","test","149","z","9","shape3.jpg","3","Maxine","You","<none>","2","Nenu","2","0","1203"
"3115","1","test","150","m","4","shape1.jpg","3","Maxine","You","<none>","2","Nenu","2","1","1085"
"3115","1","test","151","m","8","shape2.jpg","3","Maxine","You","<none>","2","Nenu","2","1","964"
"3115","1","test","152","m","7","shape1.jpg","3","Maxine","You","<none>","2","Nenu","2","1","936"
"3115","1","test","153","z","1","shape1.jpg","3","Maxine","You","<none>","2","Nenu","1","1","1021"
"3115","1","test","154","z","2","shape2.jpg","3","Maxine","You","<none>","2","Nenu","1","1","799"
"3115","1","test","155","m","3","shape3.jpg","3","Maxine","You","<none>","2","Nenu","1","0","818"
"3115","1","test","156","m","4","shape1.jpg","3","Maxine","You","<none>","2","Nenu","2","1","1324"
"3115","1","test","157","m","6","shape3.jpg","3","Maxine","You","<none>","2","Nenu","2","1","905"
"3115","1","test","158","z","1","shape1.jpg","3","Maxine","You","<none>","2","Nenu","1","1","785"
"3115","1","test","159","m","6","shape3.jpg","3","Maxine","You","<none>","2","Nenu","2","1","788"
"3115","1","test","160","z","3","shape3.jpg","3","Maxine","You","<none>","2","Nenu","1","1","1063"
"3115","1","test","161","z","3","shape3.jpg","3","Maxine","You","<none>","2","Nenu","1","1","591"
"3115","1","test","162","z","3","shape3.jpg","3","Maxine","You","<none>","2","Nenu","1","1","739"
"3115","1","test","163","m","7","shape1.jpg","3","Maxine","You","<none>","2","Nenu","2","1","1483"
"3115","1","test","164","z","1","shape1.jpg","3","Maxine","You","<none>","2","Nenu","1","1","792"
"3115","1","test","165","m","6","shape3.jpg","3","Maxine","You","<none>","2","Nenu","2","1","1101"
"3115","1","test","166","z","9","shape3.jpg","3","Maxine","You","<none>","2","Nenu","2","0","1067"
"3115","1","test","167","x","1","shape1.jpg","3","Maxine","You","<none>","2","Nenu","1","0","1499"
"3115","1","test","168","z","3","shape3.jpg","3","Maxine","You","<none>","2","Nenu","1","1","1061"
"3115","1","test","169","z","3","shape3.jpg","3","Maxine","You","<none>","2","Nenu","1","1","1222"
"3115","1","test","170","z","2","shape2.jpg","3","Maxine","You","<none>","2","Nenu","1","1","1030"
"3115","1","test","171","z","1","shape1.jpg","3","Maxine","You","<none>","2","Nenu","1","1","840"
"3115","1","test","172","m","7","shape1.jpg","3","Maxine","You","<none>","2","Nenu","2","1","1208"
"3115","1","test","173","z","3","shape3.jpg","3","Maxine","You","<none>","2","Nenu","1","1","851"
"3115","1","test","174","m","8","shape2.jpg","3","Maxine","You","<none>","2","Nenu","2","1","1076"
"3115","1","test","175","m","9","shape3.jpg","3","Maxine","You","<none>","2","Nenu","2","1","972"
"3115","1","test","176","m","4","shape1.jpg","3","Maxine","You","<none>","2","Nenu","2","1","1230"
"3115","1","test","177","m","4","shape1.jpg","3","Maxine","You","<none>","2","Nenu","2","1","889"
"3115","1","test","178","z","1","shape1.jpg","3","Maxine","You","<none>","2","Nenu","1","1","759"
"3115","1","test","179","z","2","shape2.jpg","3","Maxine","You","<none>","2","Nenu","1","1","788"
"3115","1","test","180","m","4","shape1.jpg","3","Maxine","You","<none>","2","Nenu","2","1","1129"
"3115","1","test","181","m","4","shape1.jpg","3","Maxine","You","<none>","2","Nenu","2","1","933"
"3115","1","test","182","z","1","shape1.jpg","3","Maxine","You","<none>","2","Nenu","1","1","1028"
"3115","1","test","183","z","3","shape3.jpg","3","Maxine","You","<none>","2","Nenu","1","1","990"
"3115","1","test","184","m","4","shape1.jpg","3","Maxine","You","<none>","2","Nenu","2","1","1024"
"3115","1","test","185","z","3","shape3.jpg","3","Maxine","You","<none>","2","Nenu","1","1","1051"
"3115","1","test","186","z","3","shape3.jpg","3","Maxine","You","<none>","2","Nenu","1","1","874"
"3115","1","test","187","m","9","shape3.jpg","3","Maxine","You","<none>","2","Nenu","2","1","930"
"3115","1","test","188","z","1","shape1.jpg","3","Maxine","You","<none>","2","Nenu","1","1","832"
"3115","1","test","189","m","7","shape1.jpg","3","Maxine","You","<none>","2","Nenu","2","1","954"
"3115","1","test","190","z","1","shape1.jpg","3","Maxine","You","<none>","2","Nenu","1","1","790"
"3115","1","test","191","z","2","shape2.jpg","3","Maxine","You","<none>","2","Nenu","1","1","753"
"3115","1","test","192","m","5","shape2.jpg","3","Maxine","You","<none>","2","Nenu","2","1","1150"
"3115","1","test","193","z","2","shape2.jpg","3","Maxine","You","<none>","2","Nenu","1","1","787"
"3115","1","test","194","z","1","shape1.jpg","3","Maxine","You","<none>","2","Nenu","1","1","847"
"3115","1","test","195","z","3","shape3.jpg","3","Maxine","You","<none>","2","Nenu","1","1","944"
"3115","1","test","196","z","3","shape3.jpg","3","Maxine","You","<none>","2","Nenu","1","1","804"
"3115","1","test","197","z","2","shape2.jpg","3","Maxine","You","<none>","2","Nenu","1","1","721"
"3115","1","test","198","m","5","shape2.jpg","3","Maxine","You","<none>","2","Nenu","2","1","1455"
"3115","1","test","199","z","2","shape2.jpg","3","Maxine","You","<none>","2","Nenu","1","1","741"
"3115","1","test","200","m","5","shape2.jpg","3","Maxine","You","<none>","2","Nenu","2","1","1147"
"3115","1","test","201","z","2","shape2.jpg","3","Maxine","You","<none>","2","Nenu","1","1","792"
"3115","1","test","202","z","1","shape1.jpg","3","Maxine","You","<none>","2","Nenu","1","1","892"
"3115","1","test","203","m","9","shape3.jpg","3","Maxine","You","<none>","2","Nenu","2","1","754"
"3115","1","test","204","z","3","shape3.jpg","3","Maxine","You","<none>","2","Nenu","1","1","865"
"3115","1","test","205","z","1","shape1.jpg","3","Maxine","You","<none>","2","Nenu","1","1","970"
"3115","1","test","206","z","2","shape2.jpg","3","Maxine","You","<none>","2","Nenu","1","1","821"
"3115","1","test","207","m","6","shape3.jpg","3","Maxine","You","<none>","2","Nenu","2","1","728"
"3115","1","test","208","m","5","shape2.jpg","3","Maxine","You","<none>","2","Nenu","2","1","1053"
"3115","1","test","209","m","5","shape2.jpg","3","Maxine","You","<none>","2","Nenu","2","1","1015"
"3115","1","test","210","z","2","shape2.jpg","3","Maxine","You","<none>","2","Nenu","1","1","801"
"3115","1","test","211","z","2","shape2.jpg","3","Maxine","You","<none>","2","Nenu","1","1","636"
"3115","1","test","212","m","4","shape1.jpg","3","Maxine","You","<none>","2","Nenu","2","1","966"
"3115","1","test","213","z","3","shape3.jpg","3","Maxine","You","<none>","2","Nenu","1","1","842"
"3115","1","test","214","z","1","shape1.jpg","3","Maxine","You","<none>","2","Nenu","1","1","955"
"3115","1","test","215","m","9","shape3.jpg","3","Maxine","You","<none>","2","Nenu","2","1","928"
"3115","1","test","216","m","4","shape1.jpg","3","Maxine","You","<none>","2","Nenu","2","1","1237"
"3115","1","test","217","z","3","shape3.jpg","3","Maxine","You","<none>","2","Nenu","1","1","838"
"3115","1","test","218","m","8","shape2.jpg","3","Maxine","You","<none>","2","Nenu","2","1","1071"
"3115","1","test","219","z","2","shape2.jpg","3","Maxine","You","<none>","2","Nenu","1","1","821"
"3115","1","test","220","m","4","shape1.jpg","3","Maxine","You","<none>","2","Nenu","2","1","930"
"3115","1","test","221","z","2","shape2.jpg","3","Maxine","You","<none>","2","Nenu","1","1","776"
"3115","1","test","222","m","4","shape1.jpg","3","Maxine","You","<none>","2","Nenu","2","1","1028"
"3115","1","test","223","m","8","shape2.jpg","3","Maxine","You","<none>","2","Nenu","2","1","1093"
"3115","1","test","224","z","1","shape1.jpg","3","Maxine","You","<none>","2","Nenu","1","1","1163"
"3115","1","test","225","m","5","shape2.jpg","3","Maxine","You","<none>","2","Nenu","2","1","1408"
"3115","1","test","226","x","3","shape3.jpg","3","Maxine","You","<none>","2","Nenu","1","0","1499"
"3115","1","test","227","m","7","shape1.jpg","3","Maxine","You","<none>","2","Nenu","2","1","1148"
"3115","1","test","228","z","2","shape2.jpg","3","Maxine","You","<none>","2","Nenu","1","1","898"
"3115","1","test","229","z","1","shape1.jpg","3","Maxine","You","<none>","2","Nenu","1","1","1216"
"3115","1","test","230","m","2","shape2.jpg","3","Maxine","You","<none>","2","Nenu","1","0","881"
"3115","1","test","231","z","3","shape3.jpg","3","Maxine","You","<none>","2","Nenu","1","1","914"
"3115","1","test","232","m","9","shape3.jpg","3","Maxine","You","<none>","2","Nenu","2","1","1008"
"3115","1","test","233","m","6","shape3.jpg","3","Maxine","You","<none>","2","Nenu","2","1","1211"
"3115","1","test","234","z","3","shape3.jpg","3","Maxine","You","<none>","2","Nenu","1","1","964"
"3115","1","test","235","m","5","shape2.jpg","3","Maxine","You","<none>","2","Nenu","2","1","1009"
"3115","1","test","236","z","3","shape3.jpg","3","Maxine","You","<none>","2","Nenu","1","1","843"
"3115","1","test","237","m","7","shape1.jpg","3","Maxine","You","<none>","2","Nenu","2","1","1133"
"3115","1","test","238","m","9","shape3.jpg","3","Maxine","You","<none>","2","Nenu","2","1","1472"
"3115","1","test","239","m","9","shape3.jpg","3","Maxine","You","<none>","2","Nenu","2","1","1030"
"3115","1","test","240","m","8","shape2.jpg","3","Maxine","You","<none>","2","Nenu","2","1","898"
"3115","1","test","241","m","4","shape1.jpg","3","Maxine","You","<none>","2","Nenu","2","1","1223"
"3115","1","test","242","z","3","shape3.jpg","3","Maxine","You","<none>","2","Nenu","1","1","1087"
"3115","1","test","243","z","2","shape2.jpg","3","Maxine","You","<none>","2","Nenu","1","1","894"
"3115","1","test","244","m","6","shape3.jpg","3","Maxine","You","<none>","2","Nenu","2","1","709"
"3115","1","test","245","z","3","shape3.jpg","3","Maxine","You","<none>","2","Nenu","1","1","917"
"3115","1","test","246","m","2","shape2.jpg","3","Maxine","You","<none>","2","Nenu","1","0","874"
"3115","1","test","247","z","1","shape1.jpg","3","Maxine","You","<none>","2","Nenu","1","1","1243"
"3115","1","test","248","z","1","shape1.jpg","3","Maxine","You","<none>","2","Nenu","1","1","1468"
"3115","1","test","249","z","1","shape1.jpg","3","Maxine","You","<none>","2","Nenu","1","1","762"
"3115","1","test","250","m","5","shape2.jpg","3","Maxine","You","<none>","2","Nenu","2","1","1047"
"3115","1","test","251","m","8","shape2.jpg","3","Maxine","You","<none>","2","Nenu","2","1","1175"
"3115","1","test","252","z","2","shape2.jpg","3","Maxine","You","<none>","2","Nenu","1","1","794"
"3115","1","test","253","m","7","shape1.jpg","3","Maxine","You","<none>","2","Nenu","2","1","1094"
"3115","1","test","254","m","4","shape1.jpg","3","Maxine","You","<none>","2","Nenu","2","1","1397"
"3115","1","test","255","z","2","shape2.jpg","3","Maxine","You","<none>","2","Nenu","1","1","848"
"3115","1","test","256","m","5","shape2.jpg","3","Maxine","You","<none>","2","Nenu","2","1","1104"
"3115","1","test","257","m","9","shape3.jpg","3","Maxine","You","<none>","2","Nenu","2","1","934"
"3115","1","test","258","z","2","shape2.jpg","3","Maxine","You","<none>","2","Nenu","1","1","979"
"3115","1","test","259","m","5","shape2.jpg","3","Maxine","You","<none>","2","Nenu","2","1","1248"
"3115","1","test","260","z","1","shape1.jpg","3","Maxine","You","<none>","2","Nenu","1","1","1063"
"3115","1","test","261","m","7","shape1.jpg","3","Maxine","You","<none>","2","Nenu","2","1","968"
"3115","1","test","262","m","6","shape3.jpg","3","Maxine","You","<none>","2","Nenu","2","1","1349"
"3115","1","test","263","z","1","shape1.jpg","3","Maxine","You","<none>","2","Nenu","1","1","1040"
"3115","1","test","264","m","9","shape3.jpg","3","Maxine","You","<none>","2","Nenu","2","1","961"
"3115","1","test","265","z","2","shape2.jpg","3","Maxine","You","<none>","2","Nenu","1","1","925"
"3115","1","test","266","z","1","shape1.jpg","3","Maxine","You","<none>","2","Nenu","1","1","1020"
"3115","1","test","267","z","3","shape3.jpg","3","Maxine","You","<none>","2","Nenu","1","1","893"
"3115","1","test","268","z","3","shape3.jpg","3","Maxine","You","<none>","2","Nenu","1","1","726"
"3115","1","test","269","m","8","shape2.jpg","3","Maxine","You","<none>","2","Nenu","2","1","779"
"3115","1","test","270","m","1","shape1.jpg","3","Maxine","You","<none>","2","Nenu","1","0","1152"
"3115","1","test","271","z","1","shape1.jpg","3","Maxine","You","<none>","2","Nenu","1","1","1116"
"3115","1","test","272","x","6","shape3.jpg","3","Maxine","You","<none>","2","Nenu","2","0","1499"
"3115","1","test","273","m","8","shape2.jpg","3","Maxine","You","<none>","2","Nenu","2","1","1045"
"3115","1","test","274","m","9","shape3.jpg","3","Maxine","You","<none>","2","Nenu","2","1","1031"
"3115","1","test","275","z","3","shape3.jpg","3","Maxine","You","<none>","2","Nenu","1","1","918"
"3115","1","test","276","m","7","shape1.jpg","3","Maxine","You","<none>","2","Nenu","2","1","1118"
"3115","1","test","277","z","2","shape2.jpg","3","Maxine","You","<none>","2","Nenu","1","1","1371"
"3115","1","test","278","m","9","shape3.jpg","3","Maxine","You","<none>","2","Nenu","2","1","1309"
"3115","1","test","279","m","8","shape2.jpg","3","Maxine","You","<none>","2","Nenu","2","1","1171"
"3115","1","test","280","m","8","shape2.jpg","3","Maxine","You","<none>","2","Nenu","2","1","911"
"3115","1","test","281","z","2","shape2.jpg","3","Maxine","You","<none>","2","Nenu","1","1","765"
"3115","1","test","282","m","7","shape1.jpg","3","Maxine","You","<none>","2","Nenu","2","1","1170"
"3115","1","test","283","z","3","shape3.jpg","3","Maxine","You","<none>","2","Nenu","1","1","981"
"3115","1","test","284","m","9","shape3.jpg","3","Maxine","You","<none>","2","Nenu","2","1","1127"
"3115","1","test","285","m","3","shape3.jpg","3","Maxine","You","<none>","2","Nenu","1","0","1407"
"3115","1","test","286","z","9","shape3.jpg","3","Maxine","You","<none>","2","Nenu","2","0","815"
"3115","1","test","287","z","2","shape2.jpg","3","Maxine","You","<none>","2","Nenu","1","1","937"
"3115","1","test","288","m","6","shape3.jpg","3","Maxine","You","<none>","2","Nenu","2","1","814"
"3115","1","test","289","m","9","shape3.jpg","3","Maxine","You","<none>","2","Nenu","2","1","1176"
"3115","1","test","290","m","4","shape1.jpg","3","Maxine","You","<none>","2","Nenu","2","1","1150"
"3115","1","test","291","m","4","shape1.jpg","3","Maxine","You","<none>","2","Nenu","2","1","1081"
"3115","1","test","292","m","6","shape3.jpg","3","Maxine","You","<none>","2","Nenu","2","1","985"
"3115","1","test","293","z","2","shape2.jpg","3","Maxine","You","<none>","2","Nenu","1","1","779"
"3115","1","test","294","z","3","shape3.jpg","3","Maxine","You","<none>","2","Nenu","1","1","1008"
"3115","1","test","295","m","8","shape2.jpg","3","Maxine","You","<none>","2","Nenu","2","1","891"
"3115","1","test","296","m","7","shape1.jpg","3","Maxine","You","<none>","2","Nenu","2","1","1042"
"3115","1","test","297","z","2","shape2.jpg","3","Maxine","You","<none>","2","Nenu","1","1","788"
"3115","1","test","298","m","4","shape1.jpg","3","Maxine","You","<none>","2","Nenu","2","1","1102"
"3115","1","test","299","m","4","shape1.jpg","3","Maxine","You","<none>","2","Nenu","2","1","1148"
"3115","1","test","300","z","2","shape2.jpg","3","Maxine","You","<none>","2","Nenu","1","1","952"
"3115","1","test","301","z","3","shape3.jpg","3","Maxine","You","<none>","2","Nenu","1","1","981"
"3115","1","test","302","m","4","shape1.jpg","3","Maxine","You","<none>","2","Nenu","2","1","1082"
"3115","1","test","303","m","4","shape1.jpg","3","Maxine","You","<none>","2","Nenu","2","1","1185"
"3115","1","test","304","m","5","shape2.jpg","3","Maxine","You","<none>","2","Nenu","2","1","1027"
"3115","1","test","305","m","3","shape3.jpg","3","Maxine","You","<none>","2","Nenu","1","0","1324"
"3115","1","test","306","z","2","shape2.jpg","3","Maxine","You","<none>","2","Nenu","1","1","681"
"3115","1","test","307","z","9","shape3.jpg","3","Maxine","You","<none>","2","Nenu","2","0","1090"
"3115","1","test","308","m","6","shape3.jpg","3","Maxine","You","<none>","2","Nenu","2","1","1304"
"3115","1","test","309","m","8","shape2.jpg","3","Maxine","You","<none>","2","Nenu","2","1","1030"
"3115","1","test","310","m","8","shape2.jpg","3","Maxine","You","<none>","2","Nenu","2","1","1016"
"3115","1","test","311","m","9","shape3.jpg","3","Maxine","You","<none>","2","Nenu","2","1","1265"
"3115","1","test","312","m","6","shape3.jpg","3","Maxine","You","<none>","2","Nenu","2","1","1128"
"3115","1","test","313","m","7","shape1.jpg","3","Maxine","You","<none>","2","Nenu","2","1","846"
"3115","1","test","314","m","5","shape2.jpg","3","Maxine","You","<none>","2","Nenu","2","1","1039"
"3115","1","test","315","m","5","shape2.jpg","3","Maxine","You","<none>","2","Nenu","2","1","825"
"3115","1","test","316","z","3","shape3.jpg","3","Maxine","You","<none>","2","Nenu","1","1","874"
"3115","1","test","317","z","2","shape2.jpg","3","Maxine","You","<none>","2","Nenu","1","1","867"
"3115","1","test","318","m","5","shape2.jpg","3","Maxine","You","<none>","2","Nenu","2","1","1123"
"3115","1","test","319","z","3","shape3.jpg","3","Maxine","You","<none>","2","Nenu","1","1","960"
"3115","1","test","320","m","3","shape3.jpg","3","Maxine","You","<none>","2","Nenu","1","0","1461"
"3115","1","test","321","m","8","shape2.jpg","3","Maxine","You","<none>","2","Nenu","2","1","868"
"3115","1","test","322","m","7","shape1.jpg","3","Maxine","You","<none>","2","Nenu","2","1","1165"
"3115","1","test","323","m","5","shape2.jpg","3","Maxine","You","<none>","2","Nenu","2","1","1183"
"3115","1","test","324","m","7","shape1.jpg","3","Maxine","You","<none>","2","Nenu","2","1","1106"
"3115","1","test","325","z","1","shape1.jpg","3","Maxine","You","<none>","2","Nenu","1","1","1056"
"3115","1","test","326","m","7","shape1.jpg","3","Maxine","You","<none>","2","Nenu","2","1","1385"
"3115","1","test","327","z","1","shape1.jpg","3","Maxine","You","<none>","2","Nenu","1","1","690"
"3115","1","test","328","m","5","shape2.jpg","3","Maxine","You","<none>","2","Nenu","2","1","1059"
"3115","1","test","329","z","3","shape3.jpg","3","Maxine","You","<none>","2","Nenu","1","1","850"
"3115","1","test","330","m","8","shape2.jpg","3","Maxine","You","<none>","2","Nenu","2","1","1043"
"3115","1","test","331","z","2","shape2.jpg","3","Maxine","You","<none>","2","Nenu","1","1","947"
"3115","1","test","332","m","7","shape1.jpg","3","Maxine","You","<none>","2","Nenu","2","1","849"
"3115","1","test","333","m","2","shape2.jpg","3","Maxine","You","<none>","2","Nenu","1","0","1179"
"3115","1","test","334","z","2","shape2.jpg","3","Maxine","You","<none>","2","Nenu","1","1","726"
"3115","1","test","335","z","2","shape2.jpg","3","Maxine","You","<none>","2","Nenu","1","1","732"
"3115","1","test","336","z","2","shape2.jpg","3","Maxine","You","<none>","2","Nenu","1","1","635"
"3115","1","test","337","z","2","shape2.jpg","3","Maxine","You","<none>","2","Nenu","1","1","716"
"3115","1","test","338","m","1","shape1.jpg","3","Maxine","You","<none>","2","Nenu","1","0","787"
"3115","1","test","339","m","4","shape1.jpg","3","Maxine","You","<none>","2","Nenu","2","1","1143"
"3115","1","test","340","m","6","shape3.jpg","3","Maxine","You","<none>","2","Nenu","2","1","883"
"3115","1","test","341","z","3","shape3.jpg","3","Maxine","You","<none>","2","Nenu","1","1","731"
"3115","1","test","342","z","1","shape1.jpg","3","Maxine","You","<none>","2","Nenu","1","1","1009"
"3115","1","test","343","z","2","shape2.jpg","3","Maxine","You","<none>","2","Nenu","1","1","724"
"3115","1","test","344","m","4","shape1.jpg","3","Maxine","You","<none>","2","Nenu","2","1","1034"
"3115","1","test","345","z","3","shape3.jpg","3","Maxine","You","<none>","2","Nenu","1","1","906"
"3115","1","test","346","m","7","shape1.jpg","3","Maxine","You","<none>","2","Nenu","2","1","977"
"3115","1","test","347","m","6","shape3.jpg","3","Maxine","You","<none>","2","Nenu","2","1","1021"
"3115","1","test","348","z","1","shape1.jpg","3","Maxine","You","<none>","2","Nenu","1","1","1062"
"3115","1","test","349","m","6","shape3.jpg","3","Maxine","You","<none>","2","Nenu","2","1","1112"
"3115","1","test","350","z","3","shape3.jpg","3","Maxine","You","<none>","2","Nenu","1","1","1334"
"3115","1","test","351","z","1","shape1.jpg","3","Maxine","You","<none>","2","Nenu","1","1","890"
"3115","1","test","352","z","2","shape2.jpg","3","Maxine","You","<none>","2","Nenu","1","1","921"
"3115","1","test","353","m","6","shape3.jpg","3","Maxine","You","<none>","2","Nenu","2","1","1127"
"3115","1","test","354","m","5","shape2.jpg","3","Maxine","You","<none>","2","Nenu","2","1","1069"
"3115","1","test","355","z","3","shape3.jpg","3","Maxine","You","<none>","2","Nenu","1","1","1235"
"3115","1","test","356","z","2","shape2.jpg","3","Maxine","You","<none>","2","Nenu","1","1","739"
"3115","1","test","357","z","2","shape2.jpg","3","Maxine","You","<none>","2","Nenu","1","1","906"
"3115","1","test","358","m","5","shape2.jpg","3","Maxine","You","<none>","2","Nenu","2","1","896"
"3115","1","test","359","z","1","shape1.jpg","3","Maxine","You","<none>","2","Nenu","1","1","1225"
"3115","1","test","360","m","9","shape3.jpg","3","Maxine","You","<none>","2","Nenu","2","1","1161"
"3226","2","test","1","m","3","shape3.jpg","4","Kovi","<none>","You","2","Miru","1","1","753"
"3226","2","test","2","m","3","shape3.jpg","4","Kovi","<none>","You","2","Miru","1","1","718"
"3226","2","test","3","z","5","shape2.jpg","4","Kovi","<none>","You","2","Miru","2","1","668"
"3226","2","test","4","x","8","shape2.jpg","4","Kovi","<none>","You","2","Miru","2","0","1498"
"3226","2","test","5","m","1","shape1.jpg","4","Kovi","<none>","You","2","Miru","1","1","914"
"3226","2","test","6","z","5","shape2.jpg","4","Kovi","<none>","You","2","Miru","2","1","737"
"3226","2","test","7","z","6","shape3.jpg","4","Kovi","<none>","You","2","Miru","2","1","1317"
"3226","2","test","8","z","4","shape1.jpg","4","Kovi","<none>","You","2","Miru","2","1","699"
"3226","2","test","9","m","3","shape3.jpg","4","Kovi","<none>","You","2","Miru","1","1","834"
"3226","2","test","10","z","6","shape3.jpg","4","Kovi","<none>","You","2","Miru","2","1","1019"
"3226","2","test","11","z","8","shape2.jpg","4","Kovi","<none>","You","2","Miru","2","1","1149"
"3226","2","test","12","z","4","shape1.jpg","4","Kovi","<none>","You","2","Miru","2","1","1225"
"3226","2","test","13","m","2","shape2.jpg","4","Kovi","<none>","You","2","Miru","1","1","795"
"3226","2","test","14","z","9","shape3.jpg","4","Kovi","<none>","You","2","Miru","2","1","965"
"3226","2","test","15","m","3","shape3.jpg","4","Kovi","<none>","You","2","Miru","1","1","961"
"3226","2","test","16","z","5","shape2.jpg","4","Kovi","<none>","You","2","Miru","2","1","726"
"3226","2","test","17","z","4","shape1.jpg","4","Kovi","<none>","You","2","Miru","2","1","1180"
"3226","2","test","18","m","2","shape2.jpg","4","Kovi","<none>","You","2","Miru","1","1","815"
"3226","2","test","19","m","2","shape2.jpg","4","Kovi","<none>","You","2","Miru","1","1","738"
"3226","2","test","20","m","1","shape1.jpg","4","Kovi","<none>","You","2","Miru","1","1","720"
"3226","2","test","21","z","8","shape2.jpg","4","Kovi","<none>","You","2","Miru","2","1","629"
"3226","2","test","22","m","1","shape1.jpg","4","Kovi","<none>","You","2","Miru","1","1","666"
"3226","2","test","23","m","3","shape3.jpg","4","Kovi","<none>","You","2","Miru","1","1","745"
"3226","2","test","24","z","5","shape2.jpg","4","Kovi","<none>","You","2","Miru","2","1","1176"
"3226","2","test","25","m","1","shape1.jpg","4","Kovi","<none>","You","2","Miru","1","1","634"
"3226","2","test","26","z","7","shape1.jpg","4","Kovi","<none>","You","2","Miru","2","1","782"
"3226","2","test","27","m","2","shape2.jpg","4","Kovi","<none>","You","2","Miru","1","1","512"
"3226","2","test","28","z","5","shape2.jpg","4","Kovi","<none>","You","2","Miru","2","1","745"
"3226","2","test","29","z","9","shape3.jpg","4","Kovi","<none>","You","2","Miru","2","1","878"
"3226","2","test","30","m","4","shape1.jpg","4","Kovi","<none>","You","2","Miru","2","0","1254"
"3226","2","test","31","m","1","shape1.jpg","4","Kovi","<none>","You","2","Miru","1","1","782"
"3226","2","test","32","z","1","shape1.jpg","4","Kovi","<none>","You","2","Miru","1","0","649"
"3226","2","test","33","z","8","shape2.jpg","4","Kovi","<none>","You","2","Miru","2","1","1227"
"3226","2","test","34","m","3","shape3.jpg","4","Kovi","<none>","You","2","Miru","1","1","708"
"3226","2","test","35","z","7","shape1.jpg","4","Kovi","<none>","You","2","Miru","2","1","835"
"3226","2","test","36","m","3","shape3.jpg","4","Kovi","<none>","You","2","Miru","1","1","1045"
"3226","2","test","37","m","3","shape3.jpg","4","Kovi","<none>","You","2","Miru","1","1","678"
"3226","2","test","38","z","9","shape3.jpg","4","Kovi","<none>","You","2","Miru","2","1","623"
"3226","2","test","39","m","2","shape2.jpg","4","Kovi","<none>","You","2","Miru","1","1","762"
"3226","2","test","40","z","7","shape1.jpg","4","Kovi","<none>","You","2","Miru","2","1","1374"
"3226","2","test","41","z","6","shape3.jpg","4","Kovi","<none>","You","2","Miru","2","1","945"
"3226","2","test","42","z","2","shape2.jpg","4","Kovi","<none>","You","2","Miru","1","0","703"
"3226","2","test","43","m","3","shape3.jpg","4","Kovi","<none>","You","2","Miru","1","1","973"
"3226","2","test","44","m","2","shape2.jpg","4","Kovi","<none>","You","2","Miru","1","1","802"
"3226","2","test","45","z","8","shape2.jpg","4","Kovi","<none>","You","2","Miru","2","1","1077"
"3226","2","test","46","z","5","shape2.jpg","4","Kovi","<none>","You","2","Miru","2","1","1451"
"3226","2","test","47","z","5","shape2.jpg","4","Kovi","<none>","You","2","Miru","2","1","715"
"3226","2","test","48","z","7","shape1.jpg","4","Kovi","<none>","You","2","Miru","2","1","731"
"3226","2","test","49","z","9","shape3.jpg","4","Kovi","<none>","You","2","Miru","2","1","728"
"3226","2","test","50","z","4","shape1.jpg","4","Kovi","<none>","You","2","Miru","2","1","1230"
"3226","2","test","51","z","4","shape1.jpg","4","Kovi","<none>","You","2","Miru","2","1","873"
"3226","2","test","52","z","1","shape1.jpg","4","Kovi","<none>","You","2","Miru","1","0","735"
"3226","2","test","53","z","7","shape1.jpg","4","Kovi","<none>","You","2","Miru","2","1","1053"
"3226","2","test","54","m","1","shape1.jpg","4","Kovi","<none>","You","2","Miru","1","1","1109"
"3226","2","test","55","m","2","shape2.jpg","4","Kovi","<none>","You","2","Miru","1","1","988"
"3226","2","test","56","m","2","shape2.jpg","4","Kovi","<none>","You","2","Miru","1","1","767"
"3226","2","test","57","m","1","shape1.jpg","4","Kovi","<none>","You","2","Miru","1","1","643"
"3226","2","test","58","m","1","shape1.jpg","4","Kovi","<none>","You","2","Miru","1","1","949"
"3226","2","test","59","z","5","shape2.jpg","4","Kovi","<none>","You","2","Miru","2","1","995"
"3226","2","test","60","z","6","shape3.jpg","4","Kovi","<none>","You","2","Miru","2","1","1141"
"3226","2","test","61","z","7","shape1.jpg","4","Kovi","<none>","You","2","Miru","2","1","1034"
"3226","2","test","62","z","7","shape1.jpg","4","Kovi","<none>","You","2","Miru","2","1","498"
"3226","2","test","63","m","2","shape2.jpg","4","Kovi","<none>","You","2","Miru","1","1","683"
"3226","2","test","64","z","9","shape3.jpg","4","Kovi","<none>","You","2","Miru","2","1","1028"
"3226","2","test","65","m","3","shape3.jpg","4","Kovi","<none>","You","2","Miru","1","1","621"
"3226","2","test","66","z","1","shape1.jpg","4","Kovi","<none>","You","2","Miru","1","0","808"
"3226","2","test","67","z","4","shape1.jpg","4","Kovi","<none>","You","2","Miru","2","1","1033"
"3226","2","test","68","m","4","shape1.jpg","4","Kovi","<none>","You","2","Miru","2","0","619"
"3226","2","test","69","z","8","shape2.jpg","4","Kovi","<none>","You","2","Miru","2","1","821"
"3226","2","test","70","m","1","shape1.jpg","4","Kovi","<none>","You","2","Miru","1","1","768"
"3226","2","test","71","m","2","shape2.jpg","4","Kovi","<none>","You","2","Miru","1","1","773"
"3226","2","test","72","z","7","shape1.jpg","4","Kovi","<none>","You","2","Miru","2","1","656"
"3226","2","test","73","m","1","shape1.jpg","4","Kovi","<none>","You","2","Miru","1","1","610"
"3226","2","test","74","z","4","shape1.jpg","4","Kovi","<none>","You","2","Miru","2","1","774"
"3226","2","test","75","z","6","shape3.jpg","4","Kovi","<none>","You","2","Miru","2","1","811"
"3226","2","test","76","m","3","shape3.jpg","4","Kovi","<none>","You","2","Miru","1","1","974"
"3226","2","test","77","z","4","shape1.jpg","4","Kovi","<none>","You","2","Miru","2","1","762"
"3226","2","test","78","m","3","shape3.jpg","4","Kovi","<none>","You","2","Miru","1","1","750"
"3226","2","test","79","m","3","shape3.jpg","4","Kovi","<none>","You","2","Miru","1","1","723"
"3226","2","test","80","m","1","shape1.jpg","4","Kovi","<none>","You","2","Miru","1","1","659"
"3226","2","test","81","m","3","shape3.jpg","4","Kovi","<none>","You","2","Miru","1","1","1154"
"3226","2","test","82","z","9","shape3.jpg","4","Kovi","<none>","You","2","Miru","2","1","576"
"3226","2","test","83","m","1","shape1.jpg","4","Kovi","<none>","You","2","Miru","1","1","676"
"3226","2","test","84","z","8","shape2.jpg","4","Kovi","<none>","You","2","Miru","2","1","683"
"3226","2","test","85","z","6","shape3.jpg","4","Kovi","<none>","You","2","Miru","2","1","878"
"3226","2","test","86","m","1","shape1.jpg","4","Kovi","<none>","You","2","Miru","1","1","654"
"3226","2","test","87","m","1","shape1.jpg","4","Kovi","<none>","You","2","Miru","1","1","806"
"3226","2","test","88","z","5","shape2.jpg","4","Kovi","<none>","You","2","Miru","2","1","698"
"3226","2","test","89","m","1","shape1.jpg","4","Kovi","<none>","You","2","Miru","1","1","689"
"3226","2","test","90","z","7","shape1.jpg","4","Kovi","<none>","You","2","Miru","2","1","720"
"3226","2","test","91","z","8","shape2.jpg","4","Kovi","<none>","You","2","Miru","2","1","702"
"3226","2","test","92","z","9","shape3.jpg","4","Kovi","<none>","You","2","Miru","2","1","895"
"3226","2","test","93","m","2","shape2.jpg","4","Kovi","<none>","You","2","Miru","1","1","918"
"3226","2","test","94","m","3","shape3.jpg","4","Kovi","<none>","You","2","Miru","1","1","788"
"3226","2","test","95","z","3","shape3.jpg","4","Kovi","<none>","You","2","Miru","1","0","767"
"3226","2","test","96","z","8","shape2.jpg","4","Kovi","<none>","You","2","Miru","2","1","1003"
"3226","2","test","97","m","1","shape1.jpg","4","Kovi","<none>","You","2","Miru","1","1","535"
"3226","2","test","98","m","3","shape3.jpg","4","Kovi","<none>","You","2","Miru","1","1","517"
"3226","2","test","99","x","5","shape2.jpg","4","Kovi","<none>","You","2","Miru","2","0","1500"
"3226","2","test","100","m","3","shape3.jpg","4","Kovi","<none>","You","2","Miru","1","1","1167"
"3226","2","test","101","m","1","shape1.jpg","4","Kovi","<none>","You","2","Miru","1","1","619"
"3226","2","test","102","m","3","shape3.jpg","4","Kovi","<none>","You","2","Miru","1","1","846"
"3226","2","test","103","z","9","shape3.jpg","4","Kovi","<none>","You","2","Miru","2","1","640"
"3226","2","test","104","z","6","shape3.jpg","4","Kovi","<none>","You","2","Miru","2","1","625"
"3226","2","test","105","m","1","shape1.jpg","4","Kovi","<none>","You","2","Miru","1","1","868"
"3226","2","test","106","z","8","shape2.jpg","4","Kovi","<none>","You","2","Miru","2","1","965"
"3226","2","test","107","m","1","shape1.jpg","4","Kovi","<none>","You","2","Miru","1","1","576"
"3226","2","test","108","z","5","shape2.jpg","4","Kovi","<none>","You","2","Miru","2","1","733"
"3226","2","test","109","z","9","shape3.jpg","4","Kovi","<none>","You","2","Miru","2","1","818"
"3226","2","test","110","z","9","shape3.jpg","4","Kovi","<none>","You","2","Miru","2","1","852"
"3226","2","test","111","m","3","shape3.jpg","4","Kovi","<none>","You","2","Miru","1","1","693"
"3226","2","test","112","m","1","shape1.jpg","4","Kovi","<none>","You","2","Miru","1","1","655"
"3226","2","test","113","z","8","shape2.jpg","4","Kovi","<none>","You","2","Miru","2","1","625"
"3226","2","test","114","m","3","shape3.jpg","4","Kovi","<none>","You","2","Miru","1","1","811"
"3226","2","test","115","z","8","shape2.jpg","4","Kovi","<none>","You","2","Miru","2","1","806"
"3226","2","test","116","z","7","shape1.jpg","4","Kovi","<none>","You","2","Miru","2","1","832"
"3226","2","test","117","m","2","shape2.jpg","4","Kovi","<none>","You","2","Miru","1","1","883"
"3226","2","test","118","z","6","shape3.jpg","4","Kovi","<none>","You","2","Miru","2","1","625"
"3226","2","test","119","m","4","shape1.jpg","4","Kovi","<none>","You","2","Miru","2","0","771"
"3226","2","test","120","m","1","shape1.jpg","4","Kovi","<none>","You","2","Miru","1","1","593"
"3226","2","test","121","z","3","shape3.jpg","4","Kovi","<none>","You","2","Miru","1","0","1022"
"3226","2","test","122","x","1","shape1.jpg","4","Kovi","<none>","You","2","Miru","1","0","1500"
"3226","2","test","123","m","1","shape1.jpg","4","Kovi","<none>","You","2","Miru","1","1","781"
"3226","2","test","124","z","5","shape2.jpg","4","Kovi","<none>","You","2","Miru","2","1","624"
"3226","2","test","125","m","1","shape1.jpg","4","Kovi","<none>","You","2","Miru","1","1","579"
"3226","2","test","126","m","2","shape2.jpg","4","Kovi","<none>","You","2","Miru","1","1","792"
"3226","2","test","127","z","9","shape3.jpg","4","Kovi","<none>","You","2","Miru","2","1","604"
"3226","2","test","128","z","6","shape3.jpg","4","Kovi","<none>","You","2","Miru","2","1","614"
"3226","2","test","129","m","3","shape3.jpg","4","Kovi","<none>","You","2","Miru","1","1","707"
"3226","2","test","130","m","1","shape1.jpg","4","Kovi","<none>","You","2","Miru","1","1","411"
"3226","2","test","131","z","9","shape3.jpg","4","Kovi","<none>","You","2","Miru","2","1","637"
"3226","2","test","132","z","4","shape1.jpg","4","Kovi","<none>","You","2","Miru","2","1","976"
"3226","2","test","133","z","6","shape3.jpg","4","Kovi","<none>","You","2","Miru","2","1","588"
"3226","2","test","134","z","9","shape3.jpg","4","Kovi","<none>","You","2","Miru","2","1","543"
"3226","2","test","135","z","3","shape3.jpg","4","Kovi","<none>","You","2","Miru","1","0","606"
"3226","2","test","136","m","3","shape3.jpg","4","Kovi","<none>","You","2","Miru","1","1","762"
"3226","2","test","137","m","1","shape1.jpg","4","Kovi","<none>","You","2","Miru","1","1","422"
"3226","2","test","138","m","1","shape1.jpg","4","Kovi","<none>","You","2","Miru","1","1","810"
"3226","2","test","139","m","2","shape2.jpg","4","Kovi","<none>","You","2","Miru","1","1","693"
"3226","2","test","140","z","7","shape1.jpg","4","Kovi","<none>","You","2","Miru","2","1","933"
"3226","2","test","141","m","2","shape2.jpg","4","Kovi","<none>","You","2","Miru","1","1","731"
"3226","2","test","142","m","1","shape1.jpg","4","Kovi","<none>","You","2","Miru","1","1","449"
"3226","2","test","143","m","3","shape3.jpg","4","Kovi","<none>","You","2","Miru","1","1","747"
"3226","2","test","144","z","7","shape1.jpg","4","Kovi","<none>","You","2","Miru","2","1","666"
"3226","2","test","145","m","2","shape2.jpg","4","Kovi","<none>","You","2","Miru","1","1","689"
"3226","2","test","146","m","3","shape3.jpg","4","Kovi","<none>","You","2","Miru","1","1","691"
"3226","2","test","147","m","2","shape2.jpg","4","Kovi","<none>","You","2","Miru","1","1","611"
"3226","2","test","148","z","5","shape2.jpg","4","Kovi","<none>","You","2","Miru","2","1","1189"
"3226","2","test","149","z","5","shape2.jpg","4","Kovi","<none>","You","2","Miru","2","1","1312"
"3226","2","test","150","m","2","shape2.jpg","4","Kovi","<none>","You","2","Miru","1","1","718"
"3226","2","test","151","z","6","shape3.jpg","4","Kovi","<none>","You","2","Miru","2","1","636"
"3226","2","test","152","z","7","shape1.jpg","4","Kovi","<none>","You","2","Miru","2","1","886"
"3226","2","test","153","m","9","shape3.jpg","4","Kovi","<none>","You","2","Miru","2","0","1358"
"3226","2","test","154","m","3","shape3.jpg","4","Kovi","<none>","You","2","Miru","1","1","577"
"3226","2","test","155","z","1","shape1.jpg","4","Kovi","<none>","You","2","Miru","1","0","710"
"3226","2","test","156","m","2","shape2.jpg","4","Kovi","<none>","You","2","Miru","1","1","757"
"3226","2","test","157","z","5","shape2.jpg","4","Kovi","<none>","You","2","Miru","2","1","1075"
"3226","2","test","158","m","3","shape3.jpg","4","Kovi","<none>","You","2","Miru","1","1","642"
"3226","2","test","159","z","9","shape3.jpg","4","Kovi","<none>","You","2","Miru","2","1","1052"
"3226","2","test","160","z","4","shape1.jpg","4","Kovi","<none>","You","2","Miru","2","1","997"
"3226","2","test","161","m","2","shape2.jpg","4","Kovi","<none>","You","2","Miru","1","1","711"
"3226","2","test","162","m","3","shape3.jpg","4","Kovi","<none>","You","2","Miru","1","1","726"
"3226","2","test","163","m","3","shape3.jpg","4","Kovi","<none>","You","2","Miru","1","1","566"
"3226","2","test","164","m","2","shape2.jpg","4","Kovi","<none>","You","2","Miru","1","1","674"
"3226","2","test","165","z","6","shape3.jpg","4","Kovi","<none>","You","2","Miru","2","1","619"
"3226","2","test","166","m","2","shape2.jpg","4","Kovi","<none>","You","2","Miru","1","1","684"
"3226","2","test","167","m","2","shape2.jpg","4","Kovi","<none>","You","2","Miru","1","1","597"
"3226","2","test","168","z","4","shape1.jpg","4","Kovi","<none>","You","2","Miru","2","1","961"
"3226","2","test","169","z","4","shape1.jpg","4","Kovi","<none>","You","2","Miru","2","1","943"
"3226","2","test","170","m","1","shape1.jpg","4","Kovi","<none>","You","2","Miru","1","1","636"
"3226","2","test","171","m","3","shape3.jpg","4","Kovi","<none>","You","2","Miru","1","1","541"
"3226","2","test","172","m","2","shape2.jpg","4","Kovi","<none>","You","2","Miru","1","1","587"
"3226","2","test","173","z","5","shape2.jpg","4","Kovi","<none>","You","2","Miru","2","1","601"
"3226","2","test","174","z","7","shape1.jpg","4","Kovi","<none>","You","2","Miru","2","1","819"
"3226","2","test","175","z","6","shape3.jpg","4","Kovi","<none>","You","2","Miru","2","1","662"
"3226","2","test","176","m","3","shape3.jpg","4","Kovi","<none>","You","2","Miru","1","1","774"
"3226","2","test","177","z","4","shape1.jpg","4","Kovi","<none>","You","2","Miru","2","1","723"
"3226","2","test","178","m","3","shape3.jpg","4","Kovi","<none>","You","2","Miru","1","1","729"
"3226","2","test","179","z","4","shape1.jpg","4","Kovi","<none>","You","2","Miru","2","1","729"
"3226","2","test","180","z","6","shape3.jpg","4","Kovi","<none>","You","2","Miru","2","1","719"
"3226","2","test","181","z","4","shape1.jpg","4","Kovi","<none>","You","2","Miru","2","1","1182"
"3226","2","test","182","m","2","shape2.jpg","4","Kovi","<none>","You","2","Miru","1","1","681"
"3226","2","test","183","m","2","shape2.jpg","4","Kovi","<none>","You","2","Miru","1","1","704"
"3226","2","test","184","m","3","shape3.jpg","4","Kovi","<none>","You","2","Miru","1","1","775"
"3226","2","test","185","z","5","shape2.jpg","4","Kovi","<none>","You","2","Miru","2","1","605"
"3226","2","test","186","m","3","shape3.jpg","4","Kovi","<none>","You","2","Miru","1","1","641"
"3226","2","test","187","z","7","shape1.jpg","4","Kovi","<none>","You","2","Miru","2","1","610"
"3226","2","test","188","m","2","shape2.jpg","4","Kovi","<none>","You","2","Miru","1","1","863"
"3226","2","test","189","m","1","shape1.jpg","4","Kovi","<none>","You","2","Miru","1","1","638"
"3226","2","test","190","z","5","shape2.jpg","4","Kovi","<none>","You","2","Miru","2","1","617"
"3226","2","test","191","m","2","shape2.jpg","4","Kovi","<none>","You","2","Miru","1","1","571"
"3226","2","test","192","z","2","shape2.jpg","4","Kovi","<none>","You","2","Miru","1","0","593"
"3226","2","test","193","m","1","shape1.jpg","4","Kovi","<none>","You","2","Miru","1","1","613"
"3226","2","test","194","m","1","shape1.jpg","4","Kovi","<none>","You","2","Miru","1","1","793"
"3226","2","test","195","m","3","shape3.jpg","4","Kovi","<none>","You","2","Miru","1","1","660"
"3226","2","test","196","m","3","shape3.jpg","4","Kovi","<none>","You","2","Miru","1","1","598"
"3226","2","test","197","z","5","shape2.jpg","4","Kovi","<none>","You","2","Miru","2","1","697"
"3226","2","test","198","m","3","shape3.jpg","4","Kovi","<none>","You","2","Miru","1","1","745"
"3226","2","test","199","m","2","shape2.jpg","4","Kovi","<none>","You","2","Miru","1","1","702"
"3226","2","test","200","m","2","shape2.jpg","4","Kovi","<none>","You","2","Miru","1","1","573"
"3226","2","test","201","z","9","shape3.jpg","4","Kovi","<none>","You","2","Miru","2","1","1066"
"3226","2","test","202","z","5","shape2.jpg","4","Kovi","<none>","You","2","Miru","2","1","843"
"3226","2","test","203","m","1","shape1.jpg","4","Kovi","<none>","You","2","Miru","1","1","604"
"3226","2","test","204","m","3","shape3.jpg","4","Kovi","<none>","You","2","Miru","1","1","880"
"3226","2","test","205","m","1","shape1.jpg","4","Kovi","<none>","You","2","Miru","1","1","1280"
"3226","2","test","206","z","4","shape1.jpg","4","Kovi","<none>","You","2","Miru","2","1","758"
"3226","2","test","207","z","9","shape3.jpg","4","Kovi","<none>","You","2","Miru","2","1","773"
"3226","2","test","208","m","2","shape2.jpg","4","Kovi","<none>","You","2","Miru","1","1","616"
"3226","2","test","209","m","3","shape3.jpg","4","Kovi","<none>","You","2","Miru","1","1","755"
"3226","2","test","210","m","3","shape3.jpg","4","Kovi","<none>","You","2","Miru","1","1","585"
"3226","2","test","211","m","1","shape1.jpg","4","Kovi","<none>","You","2","Miru","1","1","580"
"3226","2","test","212","z","9","shape3.jpg","4","Kovi","<none>","You","2","Miru","2","1","1194"
"3226","2","test","213","m","3","shape3.jpg","4","Kovi","<none>","You","2","Miru","1","1","716"
"3226","2","test","214","m","1","shape1.jpg","4","Kovi","<none>","You","2","Miru","1","1","539"
"3226","2","test","215","m","3","shape3.jpg","4","Kovi","<none>","You","2","Miru","1","1","720"
"3226","2","test","216","m","1","shape1.jpg","4","Kovi","<none>","You","2","Miru","1","1","599"
"3226","2","test","217","z","8","shape2.jpg","4","Kovi","<none>","You","2","Miru","2","1","1124"
"3226","2","test","218","z","8","shape2.jpg","4","Kovi","<none>","You","2","Miru","2","1","744"
"3226","2","test","219","m","1","shape1.jpg","4","Kovi","<none>","You","2","Miru","1","1","878"
"3226","2","test","220","z","4","shape1.jpg","4","Kovi","<none>","You","2","Miru","2","1","839"
"3226","2","test","221","z","8","shape2.jpg","4","Kovi","<none>","You","2","Miru","2","1","608"
"3226","2","test","222","z","9","shape3.jpg","4","Kovi","<none>","You","2","Miru","2","1","835"
"3226","2","test","223","z","4","shape1.jpg","4","Kovi","<none>","You","2","Miru","2","1","918"
"3226","2","test","224","m","2","shape2.jpg","4","Kovi","<none>","You","2","Miru","1","1","707"
"3226","2","test","225","z","6","shape3.jpg","4","Kovi","<none>","You","2","Miru","2","1","658"
"3226","2","test","226","z","7","shape1.jpg","4","Kovi","<none>","You","2","Miru","2","1","675"
"3226","2","test","227","m","1","shape1.jpg","4","Kovi","<none>","You","2","Miru","1","1","749"
"3226","2","test","228","m","2","shape2.jpg","4","Kovi","<none>","You","2","Miru","1","1","834"
"3226","2","test","229","z","7","shape1.jpg","4","Kovi","<none>","You","2","Miru","2","1","611"
"3226","2","test","230","m","2","shape2.jpg","4","Kovi","<none>","You","2","Miru","1","1","853"
"3226","2","test","231","z","6","shape3.jpg","4","Kovi","<none>","You","2","Miru","2","1","583"
"3226","2","test","232","m","2","shape2.jpg","4","Kovi","<none>","You","2","Miru","1","1","691"
"3226","2","test","233","m","3","shape3.jpg","4","Kovi","<none>","You","2","Miru","1","1","1204"
"3226","2","test","234","m","3","shape3.jpg","4","Kovi","<none>","You","2","Miru","1","1","669"
"3226","2","test","235","z","6","shape3.jpg","4","Kovi","<none>","You","2","Miru","2","1","1046"
"3226","2","test","236","z","7","shape1.jpg","4","Kovi","<none>","You","2","Miru","2","1","728"
"3226","2","test","237","z","8","shape2.jpg","4","Kovi","<none>","You","2","Miru","2","1","766"
"3226","2","test","238","z","6","shape3.jpg","4","Kovi","<none>","You","2","Miru","2","1","771"
"3226","2","test","239","m","2","shape2.jpg","4","Kovi","<none>","You","2","Miru","1","1","847"
"3226","2","test","240","z","1","shape1.jpg","4","Kovi","<none>","You","2","Miru","1","0","1056"
"3226","2","test","241","z","5","shape2.jpg","4","Kovi","<none>","You","2","Miru","2","1","751"
"3226","2","test","242","z","7","shape1.jpg","4","Kovi","<none>","You","2","Miru","2","1","611"
"3226","2","test","243","z","7","shape1.jpg","4","Kovi","<none>","You","2","Miru","2","1","544"
"3226","2","test","244","z","8","shape2.jpg","4","Kovi","<none>","You","2","Miru","2","1","836"
"3226","2","test","245","z","7","shape1.jpg","4","Kovi","<none>","You","2","Miru","2","1","607"
"3226","2","test","246","z","6","shape3.jpg","4","Kovi","<none>","You","2","Miru","2","1","610"
"3226","2","test","247","m","2","shape2.jpg","4","Kovi","<none>","You","2","Miru","1","1","709"
"3226","2","test","248","m","1","shape1.jpg","4","Kovi","<none>","You","2","Miru","1","1","677"
"3226","2","test","249","z","9","shape3.jpg","4","Kovi","<none>","You","2","Miru","2","1","853"
"3226","2","test","250","z","7","shape1.jpg","4","Kovi","<none>","You","2","Miru","2","1","646"
"3226","2","test","251","m","2","shape2.jpg","4","Kovi","<none>","You","2","Miru","1","1","704"
"3226","2","test","252","m","2","shape2.jpg","4","Kovi","<none>","You","2","Miru","1","1","832"
"3226","2","test","253","m","1","shape1.jpg","4","Kovi","<none>","You","2","Miru","1","1","505"
"3226","2","test","254","z","4","shape1.jpg","4","Kovi","<none>","You","2","Miru","2","1","651"
"3226","2","test","255","m","1","shape1.jpg","4","Kovi","<none>","You","2","Miru","1","1","795"
"3226","2","test","256","z","9","shape3.jpg","4","Kovi","<none>","You","2","Miru","2","1","766"
"3226","2","test","257","z","8","shape2.jpg","4","Kovi","<none>","You","2","Miru","2","1","1162"
"3226","2","test","258","z","6","shape3.jpg","4","Kovi","<none>","You","2","Miru","2","1","807"
"3226","2","test","259","m","2","shape2.jpg","4","Kovi","<none>","You","2","Miru","1","1","609"
"3226","2","test","260","z","8","shape2.jpg","4","Kovi","<none>","You","2","Miru","2","1","621"
"3226","2","test","261","z","3","shape3.jpg","4","Kovi","<none>","You","2","Miru","1","0","768"
"3226","2","test","262","z","6","shape3.jpg","4","Kovi","<none>","You","2","Miru","2","1","614"
"3226","2","test","263","m","2","shape2.jpg","4","Kovi","<none>","You","2","Miru","1","1","688"
"3226","2","test","264","z","6","shape3.jpg","4","Kovi","<none>","You","2","Miru","2","1","584"
"3226","2","test","265","m","2","shape2.jpg","4","Kovi","<none>","You","2","Miru","1","1","604"
"3226","2","test","266","z","7","shape1.jpg","4","Kovi","<none>","You","2","Miru","2","1","577"
"3226","2","test","267","m","1","shape1.jpg","4","Kovi","<none>","You","2","Miru","1","1","494"
"3226","2","test","268","m","1","shape1.jpg","4","Kovi","<none>","You","2","Miru","1","1","725"
"3226","2","test","269","z","6","shape3.jpg","4","Kovi","<none>","You","2","Miru","2","1","795"
"3226","2","test","270","m","2","shape2.jpg","4","Kovi","<none>","You","2","Miru","1","1","689"
"3226","2","test","271","z","5","shape2.jpg","4","Kovi","<none>","You","2","Miru","2","1","920"
"3226","2","test","272","m","1","shape1.jpg","4","Kovi","<none>","You","2","Miru","1","1","630"
"3226","2","test","273","m","3","shape3.jpg","4","Kovi","<none>","You","2","Miru","1","1","593"
"3226","2","test","274","m","3","shape3.jpg","4","Kovi","<none>","You","2","Miru","1","1","749"
"3226","2","test","275","z","9","shape3.jpg","4","Kovi","<none>","You","2","Miru","2","1","579"
"3226","2","test","276","m","5","shape2.jpg","4","Kovi","<none>","You","2","Miru","2","0","527"
"3226","2","test","277","x","4","shape1.jpg","4","Kovi","<none>","You","2","Miru","2","0","1499"
"3226","2","test","278","x","6","shape3.jpg","4","Kovi","<none>","You","2","Miru","2","0","1499"
"3226","2","test","279","m","3","shape3.jpg","4","Kovi","<none>","You","2","Miru","1","1","718"
"3226","2","test","280","z","7","shape1.jpg","4","Kovi","<none>","You","2","Miru","2","1","684"
"3226","2","test","281","m","2","shape2.jpg","4","Kovi","<none>","You","2","Miru","1","1","814"
"3226","2","test","282","m","2","shape2.jpg","4","Kovi","<none>","You","2","Miru","1","1","639"
"3226","2","test","283","z","4","shape1.jpg","4","Kovi","<none>","You","2","Miru","2","1","1288"
"3226","2","test","284","z","4","shape1.jpg","4","Kovi","<none>","You","2","Miru","2","1","752"
"3226","2","test","285","m","1","shape1.jpg","4","Kovi","<none>","You","2","Miru","1","1","734"
"3226","2","test","286","z","4","shape1.jpg","4","Kovi","<none>","You","2","Miru","2","1","898"
"3226","2","test","287","m","3","shape3.jpg","4","Kovi","<none>","You","2","Miru","1","1","475"
"3226","2","test","288","m","2","shape2.jpg","4","Kovi","<none>","You","2","Miru","1","1","540"
"3226","2","test","289","m","3","shape3.jpg","4","Kovi","<none>","You","2","Miru","1","1","674"
"3226","2","test","290","z","7","shape1.jpg","4","Kovi","<none>","You","2","Miru","2","1","628"
"3226","2","test","291","m","2","shape2.jpg","4","Kovi","<none>","You","2","Miru","1","1","687"
"3226","2","test","292","m","9","shape3.jpg","4","Kovi","<none>","You","2","Miru","2","0","773"
"3226","2","test","293","m","3","shape3.jpg","4","Kovi","<none>","You","2","Miru","1","1","586"
"3226","2","test","294","m","2","shape2.jpg","4","Kovi","<none>","You","2","Miru","1","1","678"
"3226","2","test","295","z","8","shape2.jpg","4","Kovi","<none>","You","2","Miru","2","1","799"
"3226","2","test","296","z","6","shape3.jpg","4","Kovi","<none>","You","2","Miru","2","1","754"
"3226","2","test","297","z","7","shape1.jpg","4","Kovi","<none>","You","2","Miru","2","1","791"
"3226","2","test","298","m","2","shape2.jpg","4","Kovi","<none>","You","2","Miru","1","1","682"
"3226","2","test","299","z","5","shape2.jpg","4","Kovi","<none>","You","2","Miru","2","1","667"
"3226","2","test","300","x","9","shape3.jpg","4","Kovi","<none>","You","2","Miru","2","0","1500"
"3226","2","test","301","m","2","shape2.jpg","4","Kovi","<none>","You","2","Miru","1","1","655"
"3226","2","test","302","m","1","shape1.jpg","4","Kovi","<none>","You","2","Miru","1","1","673"
"3226","2","test","303","z","8","shape2.jpg","4","Kovi","<none>","You","2","Miru","2","1","586"
"3226","2","test","304","z","9","shape3.jpg","4","Kovi","<none>","You","2","Miru","2","1","734"
"3226","2","test","305","m","3","shape3.jpg","4","Kovi","<none>","You","2","Miru","1","1","571"
"3226","2","test","306","z","6","shape3.jpg","4","Kovi","<none>","You","2","Miru","2","1","592"
"3226","2","test","307","z","7","shape1.jpg","4","Kovi","<none>","You","2","Miru","2","1","620"
"3226","2","test","308","z","7","shape1.jpg","4","Kovi","<none>","You","2","Miru","2","1","574"
"3226","2","test","309","z","6","shape3.jpg","4","Kovi","<none>","You","2","Miru","2","1","676"
"3226","2","test","310","m","2","shape2.jpg","4","Kovi","<none>","You","2","Miru","1","1","605"
"3226","2","test","311","m","1","shape1.jpg","4","Kovi","<none>","You","2","Miru","1","1","632"
"3226","2","test","312","z","7","shape1.jpg","4","Kovi","<none>","You","2","Miru","2","1","508"
"3226","2","test","313","z","9","shape3.jpg","4","Kovi","<none>","You","2","Miru","2","1","826"
"3226","2","test","314","z","8","shape2.jpg","4","Kovi","<none>","You","2","Miru","2","1","908"
"3226","2","test","315","z","1","shape1.jpg","4","Kovi","<none>","You","2","Miru","1","0","683"
"3226","2","test","316","m","2","shape2.jpg","4","Kovi","<none>","You","2","Miru","1","1","611"
"3226","2","test","317","z","9","shape3.jpg","4","Kovi","<none>","You","2","Miru","2","1","743"
"3226","2","test","318","z","5","shape2.jpg","4","Kovi","<none>","You","2","Miru","2","1","725"
"3226","2","test","319","m","1","shape1.jpg","4","Kovi","<none>","You","2","Miru","1","1","532"
"3226","2","test","320","m","2","shape2.jpg","4","Kovi","<none>","You","2","Miru","1","1","674"
"3226","2","test","321","z","8","shape2.jpg","4","Kovi","<none>","You","2","Miru","2","1","588"
"3226","2","test","322","m","3","shape3.jpg","4","Kovi","<none>","You","2","Miru","1","1","583"
"3226","2","test","323","m","2","shape2.jpg","4","Kovi","<none>","You","2","Miru","1","1","674"
"3226","2","test","324","z","4","shape1.jpg","4","Kovi","<none>","You","2","Miru","2","1","779"
"3226","2","test","325","z","8","shape2.jpg","4","Kovi","<none>","You","2","Miru","2","1","872"
"3226","2","test","326","m","2","shape2.jpg","4","Kovi","<none>","You","2","Miru","1","1","649"
"3226","2","test","327","z","4","shape1.jpg","4","Kovi","<none>","You","2","Miru","2","1","706"
"3226","2","test","328","z","5","shape2.jpg","4","Kovi","<none>","You","2","Miru","2","1","617"
"3226","2","test","329","m","3","shape3.jpg","4","Kovi","<none>","You","2","Miru","1","1","861"
"3226","2","test","330","m","2","shape2.jpg","4","Kovi","<none>","You","2","Miru","1","1","645"
"3226","2","test","331","m","1","shape1.jpg","4","Kovi","<none>","You","2","Miru","1","1","630"
"3226","2","test","332","m","3","shape3.jpg","4","Kovi","<none>","You","2","Miru","1","1","618"
"3226","2","test","333","z","9","shape3.jpg","4","Kovi","<none>","You","2","Miru","2","1","749"
"3226","2","test","334","z","7","shape1.jpg","4","Kovi","<none>","You","2","Miru","2","1","625"
"3226","2","test","335","z","4","shape1.jpg","4","Kovi","<none>","You","2","Miru","2","1","973"
"3226","2","test","336","z","8","shape2.jpg","4","Kovi","<none>","You","2","Miru","2","1","624"
"3226","2","test","337","z","5","shape2.jpg","4","Kovi","<none>","You","2","Miru","2","1","588"
"3226","2","test","338","z","8","shape2.jpg","4","Kovi","<none>","You","2","Miru","2","1","800"
"3226","2","test","339","z","9","shape3.jpg","4","Kovi","<none>","You","2","Miru","2","1","666"
"3226","2","test","340","m","1","shape1.jpg","4","Kovi","<none>","You","2","Miru","1","1","651"
"3226","2","test","341","z","8","shape2.jpg","4","Kovi","<none>","You","2","Miru","2","1","709"
"3226","2","test","342","z","5","shape2.jpg","4","Kovi","<none>","You","2","Miru","2","1","620"
"3226","2","test","343","m","1","shape1.jpg","4","Kovi","<none>","You","2","Miru","1","1","703"
"3226","2","test","344","z","3","shape3.jpg","4","Kovi","<none>","You","2","Miru","1","0","534"
"3226","2","test","345","m","1","shape1.jpg","4","Kovi","<none>","You","2","Miru","1","1","580"
"3226","2","test","346","z","5","shape2.jpg","4","Kovi","<none>","You","2","Miru","2","1","659"
"3226","2","test","347","m","2","shape2.jpg","4","Kovi","<none>","You","2","Miru","1","1","1115"
"3226","2","test","348","m","3","shape3.jpg","4","Kovi","<none>","You","2","Miru","1","1","1112"
"3226","2","test","349","z","6","shape3.jpg","4","Kovi","<none>","You","2","Miru","2","1","808"
"3226","2","test","350","z","8","shape2.jpg","4","Kovi","<none>","You","2","Miru","2","1","513"
"3226","2","test","351","m","1","shape1.jpg","4","Kovi","<none>","You","2","Miru","1","1","401"
"3226","2","test","352","z","8","shape2.jpg","4","Kovi","<none>","You","2","Miru","2","1","503"
"3226","2","test","353","z","5","shape2.jpg","4","Kovi","<none>","You","2","Miru","2","1","663"
"3226","2","test","354","m","2","shape2.jpg","4","Kovi","<none>","You","2","Miru","1","1","694"
"3226","2","test","355","m","3","shape3.jpg","4","Kovi","<none>","You","2","Miru","1","1","560"
"3226","2","test","356","z","6","shape3.jpg","4","Kovi","<none>","You","2","Miru","2","1","597"
"3226","2","test","357","z","9","shape3.jpg","4","Kovi","<none>","You","2","Miru","2","1","609"
"3226","2","test","358","z","8","shape2.jpg","4","Kovi","<none>","You","2","Miru","2","1","797"
"3226","2","test","359","z","4","shape1.jpg","4","Kovi","<none>","You","2","Miru","2","1","832"
"3226","2","test","360","z","6","shape3.jpg","4","Kovi","<none>","You","2","Miru","2","1","762"
