match,shape_identity,corr,rt,subj_idx,response
1,1,1,0.639718800026458,1,1
1,1,1,0.811300200002734,1,1
1,1,1,0.797203900001477,1,1
1,2,0,1.00593640000443,1,0
1,1,1,0.80453480000142,1,1
1,2,0,0.916086700017331,1,0
1,1,0,0.646192500047619,1,0
1,1,0,0.542397300043376,1,0
1,1,1,0.777961400017375,1,1
1,2,0,0.675612300023204,1,0
1,1,1,0.946873900044011,1,1
1,2,1,0.691080500051612,1,1
1,1,0,0.76638150002691,1,0
1,1,1,0.743566800025292,1,1
1,1,1,0.765536800026894,1,1
1,2,0,0.821224200044526,1,0
1,1,0,0.960870400012936,1,0
1,3,0,0.92242380004609,1,0
1,1,0,0.598549300018931,1,0
1,2,1,0.889957400038838,1,1
1,3,0,0.572742400021525,1,0
1,3,1,0.703117600030964,1,1
1,3,1,0.464373200025875,1,1
1,2,0,0.720357800048077,1,0
1,3,1,0.512681400025031,1,1
1,1,1,0.612348800030304,1,1
1,2,1,0.697038600017549,1,1
1,3,1,0.880356900044717,1,1
1,2,0,0.62010320002446,1,0
1,2,0,0.826145000028191,1,0
1,2,1,0.502220900030807,1,1
1,3,0,0.728939600026933,1,0
1,1,1,0.787429300020449,1,1
1,2,1,0.852328100037994,1,1
1,1,0,1.01644360003411,1,0
1,3,1,0.690058800042607,1,1
1,2,0,0.370569100021385,1,0
1,1,1,0.780193700018572,1,1
1,1,0,0.750304700020934,1,0
1,3,1,0.562288000044646,1,1
1,1,1,0.776920100004645,1,1
1,2,1,0.643259400007082,1,1
1,3,1,0.462035400036257,1,1
1,3,1,0.517351200018311,1,1
1,1,1,0.603522600024007,1,1
1,2,0,0.718258600012632,1,0
1,3,1,0.82673510001041,1,1
1,1,0,0.630024900019635,1,0
1,3,1,0.53232240001671,1,1
1,3,1,0.757622600038303,1,1
1,3,1,0.370183500024723,1,1
1,1,1,0.499813400005223,1,1
1,3,1,1.0496664000384,1,1
1,3,0,0.469910200044978,1,0
1,2,0,0.427902500028722,1,0
1,1,1,0.30971110003884,1,1
1,3,1,0.505142500041984,1,1
1,2,1,0.585554700024659,1,1
1,2,1,0.522767800022848,1,1
1,2,1,0.38395150002907,1,1
1,2,1,0.451828200020827,1,1
1,1,0,0.539041300013196,1,0
1,1,1,0.517703300021822,1,1
1,1,1,0.38801250004326,1,1
1,1,0,0.478101700020488,1,0
1,2,0,0.667698400007794,1,0
1,2,1,0.873421400028747,1,1
1,3,1,0.587160000024596,1,1
1,1,0,0.501831100031268,1,0
1,3,1,0.635275400010869,1,1
1,3,1,0.480260000011185,1,1
1,3,1,0.385945500020171,1,1
1,2,1,0.587924899999052,1,1
1,3,1,0.582746000029147,1,1
1,1,0,0.481475800013868,1,0
1,3,1,0.443928900029277,1,1
1,1,1,0.519951100024628,1,1
1,1,1,0.329827000037767,1,1
1,1,1,0.765293200005544,1,1
1,2,1,0.626288800005568,1,1
1,3,1,0.550912400009111,1,1
1,3,0,0.755345100042177,1,0
1,3,1,0.542991900030756,1,1
1,2,1,0.675288900034502,1,1
1,2,0,0.409525700029917,1,0
1,1,1,0.704198900028132,1,1
1,2,1,0.608179700036999,1,1
1,2,1,0.594905400037533,1,1
1,2,1,0.537268300016876,1,1
1,1,0,0.530030900030397,1,0
1,1,1,0.481721800024388,1,1
1,2,1,0.819735600030981,1,1
1,3,1,1.06641260001925,1,1
1,1,1,0.396617900027195,1,1
1,2,1,0.719492200034438,1,1
1,3,1,0.552928900026018,1,1
1,3,1,0.453090800030623,1,1
1,3,1,0.394132400047965,1,1
1,3,1,0.278040700039128,1,1
1,3,1,0.282230300043011,1,1
1,2,1,0.731602500018198,1,1
1,1,1,0.676880400045775,1,1
1,3,1,0.572398500022246,1,1
1,2,1,0.245103600027505,1,1
1,2,1,0.425178900011815,1,1
1,3,1,0.801892200019211,1,1
1,1,1,0.767664800019702,1,1
1,3,1,0.397161200002301,1,1
1,3,0,0.685885800019605,1,0
1,1,0,0.771880600019358,1,0
1,1,1,0.937683900032425,1,1
1,1,1,0.504958600038663,1,1
1,2,0,0.406161700026132,1,0
1,2,1,0.749921600043308,1,1
1,3,1,0.856560200016247,1,1
1,3,1,0.479603100015083,1,1
1,3,1,0.388062700018054,1,1
1,1,1,0.681378400011454,1,1
1,2,0,0.460405900026672,1,0
1,3,1,0.514613400038797,1,1
1,1,1,0.63355720002437,1,1
1,1,1,0.711092000012286,1,1
1,2,0,0.717576200026087,1,0
1,3,1,0.418319900025381,1,1
1,1,1,0.514644200040493,1,1
1,1,1,0.515643700025976,1,1
1,3,1,0.690016400010791,1,1
1,3,1,0.660684800037416,1,1
1,2,1,0.474603000009665,1,1
1,2,1,0.590328100020997,1,1
1,1,0,0.34390269999858,1,0
1,2,0,0.643448600021657,1,0
1,2,1,0.459540100040613,1,1
1,1,1,0.55272600002354,1,1
1,3,1,0.492733000050066,1,1
1,1,0,0.260830500046723,1,0
1,3,1,0.596422300033737,1,1
1,3,1,0.645126300019911,1,1
1,1,1,0.703084200038575,1,1
1,3,0,0.599727200024063,1,0
1,3,1,0.612908500042977,1,1
1,2,0,1.01205340001616,1,0
1,1,1,0.770590900006937,1,1
1,2,1,1.02195240001311,1,1
1,2,1,0.745362000045134,1,1
1,2,1,0.48484840002493,1,1
1,1,1,0.554331900028046,1,1
1,3,1,0.441581600025529,1,1
1,1,0,0.629764500015881,1,0
1,2,0,0.717901000025449,1,0
1,1,0,0.873508500022581,1,0
1,3,1,0.59971350003616,1,1
1,2,0,0.418785300018499,1,0
1,2,1,0.863201100029983,1,1
1,1,1,0.648042300017551,1,1
1,1,1,0.479929800028913,1,1
1,1,1,0.345435400027782,1,1
1,2,0,0.401980900031049,1,0
1,3,1,0.210669100022642,1,1
1,2,1,0.328524000011384,1,1
1,1,1,0.644333200034453,1,1
1,3,1,0.678102800040506,1,1
1,1,1,0.717211900016991,1,1
1,3,1,0.61233970001922,1,1
1,3,1,0.551983700017445,1,1
0,1,0,0.715011300024344,1,1
0,1,0,0.563224900048226,1,1
0,3,1,0.870820200041635,1,0
0,1,1,0.877593500015792,1,0
0,1,0,0.852071700035594,1,1
0,3,1,0.404880900023272,1,0
0,3,0,1.06351610002457,1,1
0,1,0,0.72118560000672,1,1
0,3,1,0.497887300036382,1,0
0,2,1,0.85925380003755,1,0
0,1,0,0.690443300030893,1,1
0,2,0,1.02200190001167,1,1
0,3,0,0.947338200028753,1,1
0,2,1,0.516172500036191,1,0
0,1,1,0.969950800033985,1,0
0,3,0,0.988632300024619,1,1
0,2,0,0.844497800047975,1,1
0,2,0,0.835173400031636,1,1
0,2,1,0.971545100037474,1,0
0,3,1,0.55820730002597,1,0
0,2,0,0.744089900021208,1,1
0,3,0,0.733204600022873,1,1
0,2,1,0.91216110001551,1,0
0,2,1,0.321397500025341,1,0
0,2,0,0.929706700029783,1,1
0,1,1,0.885033500031568,1,0
0,3,1,0.760735800053226,1,0
0,2,1,0.884514800010948,1,0
0,1,0,1.05042750001303,1,1
0,2,0,0.591808299999684,1,1
0,3,0,0.620220100012375,1,1
0,2,1,0.632155300030718,1,0
0,1,0,0.605255700036651,1,1
0,1,1,0.569860600022366,1,0
0,1,1,0.418520200008061,1,0
0,1,0,0.955869200028246,1,1
0,2,0,0.506744700018317,1,1
0,3,0,0.661300100036897,1,1
0,3,1,0.647203400003491,1,0
0,1,0,0.479005400004098,1,1
0,2,1,0.499362900009146,1,0
0,2,1,0.455714200012153,1,0
0,2,1,0.242440800037002,1,0
0,3,0,0.601866100041661,1,1
0,1,1,0.97482260002289,1,0
0,1,1,0.420749900018563,1,0
0,1,1,0.304882400028873,1,0
0,1,0,0.574590300006093,1,1
0,2,1,0.296039400011068,1,0
0,3,0,0.363671100029023,1,1
0,1,0,0.569090700038942,1,1
0,2,0,0.488070300023537,1,1
0,3,0,0.719328300037887,1,1
0,3,0,0.644209600024624,1,1
0,2,0,0.504280800028937,1,1
0,1,0,0.620485800027382,1,1
0,1,1,0.385638100036886,1,0
0,2,1,0.340538700023899,1,0
0,1,1,0.767414600035409,1,0
0,3,1,0.748983100027544,1,0
0,3,1,0.703787500038743,1,0
0,1,1,0.514605200005462,1,0
0,2,1,0.453639500017744,1,0
0,1,0,0.557884200010449,1,1
0,3,0,0.446674300008453,1,1
0,3,0,0.387976100028027,1,1
0,3,0,0.5184089000104,1,1
0,1,0,0.594210800016299,1,1
0,1,0,0.434382600040408,1,1
0,1,1,0.29795990002458,1,0
0,2,0,0.769549100019503,1,1
0,2,1,0.61135760002071,1,0
0,2,1,0.746880900027463,1,0
0,3,0,0.48401360004209,1,1
0,3,0,0.463071100035449,1,1
0,2,0,0.709159400023054,1,1
0,3,0,0.516009100014344,1,1
0,1,0,0.683319600007962,1,1
0,2,1,0.411599900020519,1,0
0,1,1,0.807691500027431,1,0
0,2,1,0.351892100006808,1,0
0,2,1,0.50966770001105,1,0
0,3,1,0.785588000027929,1,0
0,1,0,0.423145000007935,1,1
0,2,1,0.771912700030953,1,0
0,2,1,0.400365200010128,1,0
0,1,0,0.400173600006383,1,1
0,2,1,0.461044200026663,1,0
0,1,1,0.661034200020367,1,0
0,3,0,0.551236700033769,1,1
0,2,1,0.415534500032663,1,0
0,1,1,0.417332600045484,1,0
0,1,0,0.485709400032647,1,1
0,2,0,0.977461900009075,1,1
0,1,0,0.531990000017686,1,1
0,3,0,0.8570858000312,1,1
0,3,0,0.544771100045182,1,1
0,1,0,0.569197200034978,1,1
0,3,1,0.699944700027118,1,0
0,2,1,0.393038200039882,1,0
0,3,1,0.49969019999844,1,0
0,3,1,0.275924700021278,1,0
0,1,1,0.756175500020618,1,0
0,3,1,0.379582100023981,1,0
0,3,0,0.350622500031022,1,1
0,3,0,0.423137200006749,1,1
0,1,0,0.766121000022395,1,1
0,2,0,1.05159980000462,1,1
0,2,0,0.550748300011037,1,1
0,2,0,0.507950900035212,1,1
0,1,1,0.555594600038603,1,0
0,2,1,0.761787700030254,1,0
0,2,0,0.382990700018127,1,1
0,3,1,0.68480540002929,1,0
0,1,1,0.36613270000089,1,0
0,3,0,0.680170100007672,1,1
0,1,1,0.583257100021001,1,0
0,2,0,0.42076080001425,1,1
0,2,1,0.404548300022725,1,0
0,1,0,0.481361700018169,1,1
0,3,1,0.454064400022617,1,0
0,3,1,0.392237400024896,1,0
0,3,1,0.418350500025554,1,0
0,2,0,0.720362000021851,1,1
0,3,1,0.834038100030739,1,0
0,2,0,0.624697400024161,1,1
0,2,1,0.310197100014193,1,0
0,2,1,0.336900200025411,1,0
0,2,0,0.479798600019421,1,1
0,1,1,0.616142600018065,1,0
0,3,0,0.729091100016376,1,1
0,2,0,0.802780500031076,1,1
0,3,1,1.01248250002391,1,0
0,1,0,0.525844000047073,1,1
0,3,1,1.0036245000083,1,0
0,1,1,0.90406990001793,1,0
0,2,0,0.565933500009123,1,1
0,3,0,0.966863500041654,1,1
0,1,1,0.643211500020698,1,0
0,1,1,0.506982300023083,1,0
0,3,0,0.4674230000237,1,1
0,3,0,0.508114300027955,1,1
0,3,0,0.665304000023752,1,1
0,1,1,0.449534100014716,1,0
0,1,1,0.583540100022219,1,0
0,2,1,0.339145700039808,1,0
0,3,1,0.691620100027649,1,0
0,2,0,0.863804200023878,1,1
0,2,1,0.495597400004044,1,0
0,1,1,0.703022700006841,1,0
0,2,1,0.529164900042815,1,0
0,2,1,0.478479300043546,1,0
0,3,0,0.229054600000381,1,1
0,3,0,0.501393700047629,1,1
0,2,1,0.614946900022915,1,0
0,1,0,0.900941400032025,1,1
0,1,1,0.469503600033931,1,0
0,1,0,0.641079100023489,1,1
0,1,0,0.561560700036353,1,1
0,2,0,0.363484900037292,1,1
0,3,0,0.583210500044515,1,1
0,3,1,0.551888600050006,1,0
0,1,1,0.654165800020564,1,0
0,3,0,0.518093600025168,1,1
0,3,0,0.515706500009401,1,1
0,3,1,0.633251600025687,1,0
0,2,1,0.556300400028704,1,0
0,1,1,0.505745500035118,1,0
1,3,1,0.922550899995258,2,1
1,3,1,0.769782999996096,2,1
1,2,1,0.708397399983369,2,1
1,2,1,0.697535399987828,2,1
1,1,1,0.522300399985397,2,1
1,1,1,0.632780399988405,2,1
1,2,1,0.913821399997687,2,1
1,1,1,0.627840000001015,2,1
1,1,1,0.57030599997961,2,1
1,2,0,0.983862599998247,2,0
1,1,1,0.549921800004086,2,1
1,3,1,0.504189100000076,2,1
1,1,1,0.532729400001699,2,1
1,3,1,0.755341099982616,2,1
1,3,1,0.685717000014847,2,1
1,1,1,0.535283300006995,2,1
1,3,0,0.714569499978097,2,0
1,1,1,0.538877600018168,2,1
1,2,1,0.536627900000894,2,1
1,3,1,0.610379999998258,2,1
1,1,1,0.422504200018011,2,1
1,1,1,0.802792000002228,2,1
1,1,1,0.636671200016281,2,1
1,1,1,0.538066999986768,2,1
1,2,1,0.738084200012963,2,1
1,1,1,0.482429800002137,2,1
1,3,1,0.635376299993368,2,1
1,1,1,0.560930400009966,2,1
1,2,0,0.60793339999509,2,0
1,2,1,0.694858700007899,2,1
1,1,1,0.597450500004925,2,1
1,2,1,0.561518000002252,2,1
1,2,1,0.508683299995027,2,1
1,2,1,0.440614899998764,2,1
1,3,1,0.654228900006274,2,1
1,1,1,0.507019699987723,2,1
1,3,1,0.600995799992234,2,1
1,1,1,0.415076300007058,2,1
1,2,1,0.715625399985583,2,1
1,2,0,0.596255499986,2,0
1,2,1,0.443885099986801,2,1
1,2,1,0.602553599979728,2,1
1,3,1,0.998003099986818,2,1
1,3,1,0.468974199990043,2,1
1,3,1,0.358742900018115,2,1
1,1,1,0.439679200004321,2,1
1,1,1,0.495624100003624,2,1
1,1,1,0.385186200001044,2,1
1,3,1,0.575889300002018,2,1
1,3,1,0.49007009997149,2,1
1,2,0,0.62585169999511,2,0
1,1,1,0.508367500005988,2,1
1,1,1,0.544520199997351,2,1
1,3,1,0.754340300016338,2,1
1,1,1,0.515816999977687,2,1
1,1,1,0.360013500001514,2,1
1,1,1,0.379407400003402,2,1
1,1,1,0.395609699975466,2,1
1,3,0,0.553128400002606,2,0
1,3,1,0.422462699993048,2,1
1,3,1,0.401876199990511,2,1
1,3,0,0.659012100019027,2,0
1,3,1,0.788456699985545,2,1
1,2,1,0.623857300000964,2,1
1,2,1,0.365211199998157,2,1
1,2,1,0.605607999983476,2,1
1,2,1,0.372522499994375,2,1
1,2,1,0.379150099994149,2,1
1,3,0,0.394538099993952,2,0
1,2,1,0.883216799993534,2,1
1,2,1,0.853457200020785,2,1
1,2,1,0.638109699997585,2,1
1,2,1,0.561224999983096,2,1
1,3,0,0.614079699997092,2,0
1,1,1,0.578549499972723,2,1
1,1,1,0.667431199981365,2,1
1,3,1,0.822673899994697,2,1
1,1,1,0.575406699994346,2,1
1,2,1,0.783105300011812,2,1
1,3,1,0.767060499987565,2,1
1,2,1,0.811984900006792,2,1
1,1,1,0.688026499992702,2,1
1,3,1,0.613552399998298,2,1
1,1,1,0.583139800000936,2,1
1,3,1,0.799010399990948,2,1
1,1,1,0.773875700018834,2,1
1,2,1,0.641673400008585,2,1
1,1,1,0.662082099996042,2,1
1,3,1,0.658140300016385,2,1
1,1,1,0.638368699990679,2,1
1,2,0,0.557749500003411,2,0
1,3,1,0.844912899978226,2,1
1,1,1,0.576252599974396,2,1
1,3,1,0.764269299979787,2,1
1,1,1,0.548877399996854,2,1
1,3,0,0.748160599992843,2,0
1,2,1,0.636322999984259,2,1
1,3,0,0.615888099971926,2,0
1,2,0,0.68390449997969,2,0
1,3,1,0.530953599984059,2,1
1,2,1,0.638599999976577,2,1
1,3,1,0.599377499980619,2,1
1,3,1,0.593664299987722,2,1
1,2,1,0.619803099980345,2,1
1,2,1,0.79291839999496,2,1
1,2,0,0.58466620001127,2,0
1,1,1,0.658405199996196,2,1
1,3,0,0.577089400001569,2,0
1,1,1,0.597472800000105,2,1
1,3,1,0.811896100000013,2,1
1,3,1,0.667719399993075,2,1
1,1,1,0.734517600008985,2,1
1,2,0,0.73474219997297,2,0
1,3,1,0.779569899983471,2,1
1,2,0,0.515215999999782,2,0
1,2,1,0.685947799996939,2,1
1,2,0,0.659722400014289,2,0
1,2,0,0.877616900019348,2,0
1,3,1,0.475575199990999,2,1
1,1,1,0.525783599994611,2,1
1,3,1,0.652631599979941,2,1
1,1,1,0.706911499990383,2,1
1,2,0,0.604339899990009,2,0
1,2,1,0.695760799979325,2,1
1,3,1,0.82209529998363,2,1
1,3,1,0.769662699982291,2,1
1,3,1,0.820686199993361,2,1
1,2,1,0.874990999989677,2,1
1,3,0,0.714521600020817,2,0
1,3,1,0.613497299986193,2,1
1,2,1,0.899322300014319,2,1
1,2,1,0.690966499998467,2,1
1,1,1,0.543669000006048,2,1
1,2,1,0.79921430000104,2,1
1,2,1,0.878228599991417,2,1
1,3,1,0.904856999986805,2,1
1,2,1,0.750642800005153,2,1
1,3,1,0.757366199977696,2,1
1,3,1,0.810247699992033,2,1
1,2,1,0.641923600021983,2,1
1,2,1,0.805948699999135,2,1
1,1,1,0.983812899998156,2,1
1,3,0,0.871661099983612,2,0
1,1,1,0.778968800004805,2,1
1,1,1,0.691190999990795,2,1
1,1,1,1.03244400001131,2,1
1,3,0,0.775081900006626,2,0
1,1,1,0.677858899987768,2,1
1,2,1,0.765364599996246,2,1
1,1,1,1.03224499998032,2,1
1,2,1,0.899339299998246,2,1
1,2,1,0.731004800007213,2,1
1,1,0,0.753140099986922,2,0
1,1,1,0.717348000005586,2,1
1,3,1,0.629414499999257,2,1
1,3,1,1.03632969997125,2,1
1,3,1,0.67821310000727,2,1
1,1,1,0.568147399986628,2,1
1,2,1,0.91369700001087,2,1
1,3,1,0.772958999994444,2,1
1,1,1,0.609847499988973,2,1
1,1,1,0.849429099995177,2,1
1,2,0,0.906796699971892,2,0
1,1,1,0.620720099977916,2,1
1,3,0,0.684528699988732,2,0
1,3,1,0.950189499999397,2,1
1,3,0,0.818690399988554,2,0
1,1,1,0.61223090000567,2,1
1,1,1,0.614500299998326,2,1
1,2,1,0.673021900001913,2,1
1,1,1,0.548350700002629,2,1
1,1,1,0.529881199996453,2,1
1,3,1,0.837558100000024,2,1
1,2,0,0.543698599998606,2,0
1,2,0,0.783001800009515,2,0
1,1,1,0.724121000006562,2,1
1,2,0,1.01888759998837,2,0
1,1,1,0.566511000011815,2,1
1,3,1,0.946542699995916,2,1
1,2,0,0.93613380001625,2,0
0,3,1,0.729064100014511,2,0
0,2,0,0.541620600008173,2,1
0,3,1,0.729043200000888,2,0
0,1,1,0.902603599999566,2,0
0,2,1,0.721988999983296,2,0
0,1,0,0.55358140001772,2,1
0,1,0,0.646431299974211,2,1
0,2,1,0.721340000018245,2,0
0,1,1,0.704616900009569,2,0
0,3,0,0.603478900011396,2,1
0,2,1,0.798313000006601,2,0
0,2,1,0.535287700011395,2,0
0,3,1,0.670225000008941,2,0
0,1,0,0.495342900016112,2,1
0,2,1,0.653641999990214,2,0
0,3,1,0.616536699992139,2,0
0,3,1,0.662739299994428,2,0
0,1,0,0.724618800013559,2,1
0,2,1,0.617598699987866,2,0
0,2,1,0.480292799999006,2,0
0,1,1,0.668250300019281,2,0
0,2,1,0.603019400004996,2,0
0,1,1,0.699682400008896,2,0
0,1,1,0.833579400001327,2,0
0,3,1,0.77245300001232,2,0
0,1,0,0.604680999997072,2,1
0,1,1,0.572030199982692,2,0
0,3,1,0.533009599981597,2,0
0,3,1,0.560341100004734,2,0
0,2,1,0.663387299980968,2,0
0,1,1,0.521732799999882,2,0
0,3,1,0.424907800013898,2,0
0,3,1,0.608437999995658,2,0
0,3,1,0.517354899988277,2,0
0,2,1,0.660195900010876,2,0
0,3,1,0.654258800001116,2,0
0,3,1,0.592816500022309,2,0
0,1,1,0.541819100006251,2,0
0,2,0,0.63157929998124,2,1
0,1,1,0.699386699998286,2,0
0,3,1,0.915407099993899,2,0
0,1,1,1.01493470001151,2,0
0,2,0,0.577143500006059,2,1
0,2,0,0.581348400010029,2,1
0,2,1,0.596659700007876,2,0
0,2,1,0.607803899998544,2,0
0,3,1,0.615581099991687,2,0
0,2,1,0.627127000014298,2,0
0,2,1,0.580671500007156,2,0
0,1,1,0.6433868999884,2,0
0,3,1,0.470304599992232,2,0
0,2,1,0.642118100018706,2,0
0,1,0,0.883103899977868,2,1
0,2,1,0.58252949998132,2,0
0,1,1,0.71667389999493,2,0
0,3,1,0.684264399984386,2,0
0,1,1,0.702568299981067,2,0
0,3,1,0.582646299997577,2,0
0,3,1,0.451061700005084,2,0
0,2,1,0.59640449998551,2,0
0,1,1,0.56944759999169,2,0
0,1,1,0.45222430001013,2,0
0,2,1,0.413539700006368,2,0
0,3,0,0.3692422999884,2,1
0,3,1,0.620017700013705,2,0
0,2,1,0.529497999988962,2,0
0,1,1,0.665497499983758,2,0
0,3,1,0.700935900007607,2,0
0,1,1,0.729376800009049,2,0
0,2,1,0.685986500000581,2,0
0,3,0,0.787371800019173,2,1
0,2,1,0.629456399998162,2,0
0,1,0,0.681743900000583,2,1
0,1,1,0.599569600017276,2,0
0,2,1,0.645271299988963,2,0
0,2,1,0.516775299998699,2,0
0,1,1,0.676898000005167,2,0
0,3,0,0.570658299984643,2,1
0,2,1,0.642553899990162,2,0
0,2,1,0.649490699986927,2,0
0,2,1,0.879423800011864,2,0
0,2,1,0.712603899999522,2,0
0,3,0,0.686089999973774,2,1
0,2,1,0.840544000006048,2,0
0,2,1,0.681381000002148,2,0
0,2,1,0.729826199996751,2,0
0,3,1,0.672772899997653,2,0
0,3,1,0.841830099991057,2,0
0,3,1,0.641815299983136,2,0
0,2,1,0.597488200000953,2,0
0,3,1,0.987484499986749,2,0
0,2,1,0.660213499999372,2,0
0,1,1,0.725383900018642,2,0
0,1,1,0.665538799978094,2,0
0,2,1,0.672565100016072,2,0
0,3,1,0.848777900013374,2,0
0,1,1,0.805297899991274,2,0
0,3,1,0.633567300013965,2,0
0,3,0,0.720545200019842,2,1
0,1,1,0.673842599993804,2,0
0,3,1,0.812361599993892,2,0
0,2,1,0.677772299997741,2,0
0,2,1,0.675063499977114,2,0
0,1,1,0.723030399996787,2,0
0,2,1,0.684613099991111,2,0
0,3,0,0.618473299982725,2,1
0,3,1,0.82043779999367,2,0
0,1,1,0.929403799993452,2,0
0,3,1,0.686951299983775,2,0
0,1,1,0.740825899993069,2,0
0,1,0,0.738361399999121,2,1
0,3,1,0.698251599998912,2,0
0,2,1,0.906490999972448,2,0
0,1,1,0.685251100017922,2,0
0,3,1,0.647858199983602,2,0
0,3,0,0.791322499979287,2,1
0,2,1,0.987247500015656,2,0
0,2,1,0.758418099983828,2,0
0,1,1,0.744501400011359,2,0
0,3,0,0.797509399999399,2,1
0,3,0,0.735447099985322,2,1
0,1,1,0.716499800008023,2,0
0,2,1,0.871909799985588,2,0
0,1,1,0.929072400002042,2,0
0,1,0,0.801902999985032,2,1
0,1,1,0.891753600008087,2,0
0,1,1,0.679871900007129,2,0
0,1,1,0.814034399983939,2,0
0,1,1,0.825940100010484,2,0
0,3,1,0.799485800002003,2,0
0,3,1,0.772628199978499,2,0
0,2,1,0.816814599995269,2,0
0,1,1,0.96381429999019,2,0
0,3,1,0.801002699998207,2,0
0,1,1,0.812813199998345,2,0
0,1,1,0.745118599996204,2,0
0,3,1,0.820575099991402,2,0
0,1,1,0.865973899984965,2,0
0,1,0,0.710240699991118,2,1
0,1,1,0.736951400001999,2,0
0,2,1,0.835915699979523,2,0
0,1,1,1.02324099998805,2,0
0,1,1,0.858718800009228,2,0
0,2,1,0.589133699977538,2,0
0,3,0,0.823961500020232,2,1
0,1,0,0.69560950002051,2,1
0,2,1,0.759646099992096,2,0
0,3,1,0.97681520000333,2,0
0,3,1,0.998971999972127,2,0
0,3,1,0.944576700014295,2,0
0,3,1,0.674200599984033,2,0
0,1,1,0.665451299981214,2,0
0,3,1,0.893019100010861,2,0
0,2,1,0.789434699981939,2,0
0,2,1,0.756290899968008,2,0
0,3,1,0.67712589999428,2,0
0,2,0,0.759917199990014,2,1
0,2,1,0.599365300004138,2,0
0,3,1,0.613103599986061,2,0
0,1,1,0.763841900014086,2,0
0,1,1,0.62424830000964,2,0
0,1,1,0.622435600002063,2,0
0,3,1,0.707691299990984,2,0
0,2,1,0.660482500010403,2,0
0,1,1,0.740133599989349,2,0
0,1,1,0.867397199996049,2,0
0,2,0,0.669700900005409,2,1
0,1,1,0.95876369997859,2,0
0,2,1,0.791873300011503,2,0
0,3,1,0.78982740000356,2,0
0,2,1,0.632058299990604,2,0
0,3,1,0.691282499989029,2,0
0,1,1,0.641551200009417,2,0
0,2,1,1.06238970000413,2,0
0,3,1,0.873476300010225,2,0
0,3,1,0.749696099985158,2,0
0,3,0,0.759830799972406,2,1
0,2,1,0.695204699994065,2,0
0,2,1,0.701148799998919,2,0
1,1,1,0.84322500001872,3,1
1,3,1,0.516622499999357,3,1
1,2,1,0.76878600002965,3,1
1,1,1,0.708104000019375,3,1
1,1,1,0.508850899990648,3,1
1,3,1,0.589372600021306,3,1
1,2,0,0.935417500004405,3,0
1,1,1,0.653720400005113,3,1
1,1,1,0.608820800029207,3,1
1,3,0,0.584169499983545,3,0
1,1,1,0.555832000012742,3,1
1,2,1,0.512087200011592,3,1
1,1,1,0.554683200025465,3,1
1,2,0,0.996853299991926,3,0
1,3,1,0.763865300017642,3,1
1,1,1,0.650872700003674,3,1
1,2,1,0.912410499993712,3,1
1,3,1,0.711119100014912,3,1
1,3,1,0.964539300010074,3,1
1,1,1,0.531512899993686,3,1
1,3,1,0.889526499988278,3,1
1,3,0,0.681307799997739,3,0
1,3,1,0.439301799982786,3,1
1,3,1,0.479141100018751,3,1
1,2,1,0.836048199998913,3,1
1,2,1,0.969171300006565,3,1
1,3,1,0.605808199994499,3,1
1,1,1,0.604226700001163,3,1
1,1,1,0.81192999999621,3,1
1,1,1,0.561282399983611,3,1
1,3,1,1.00911380001344,3,1
1,3,1,0.394651699985843,3,1
1,3,1,0.81665900000371,3,1
1,3,1,0.548227100021904,3,1
1,2,1,0.991473900008714,3,1
1,1,1,0.521166099992115,3,1
1,1,1,0.614510799990967,3,1
1,1,1,0.52131520002149,3,1
1,3,1,0.640912100003334,3,1
1,2,1,0.659310800023377,3,1
1,1,1,0.46524920000229,3,1
1,1,1,0.474715999996988,3,1
1,1,1,0.449643700005254,3,1
1,1,1,0.369332200003555,3,1
1,3,1,0.606140899995808,3,1
1,2,1,0.407698299997719,3,1
1,3,1,0.734662400005618,3,1
1,1,1,0.473062800010666,3,1
1,3,1,0.629965700005414,3,1
1,1,1,0.425859999988461,3,1
1,2,1,0.662795000011101,3,1
1,1,1,0.501693500002148,3,1
1,3,1,0.621334399998887,3,1
1,2,1,0.53806550000445,3,1
1,1,1,0.533551500004251,3,1
1,2,1,0.787510699999984,3,1
1,3,1,0.530457499990007,3,1
1,2,1,0.837372800015146,3,1
1,3,1,0.569087599986233,3,1
1,1,0,0.402764300000854,3,0
1,2,1,0.640003000007709,3,1
1,3,1,0.537323500000639,3,1
1,3,1,0.383090199989965,3,1
1,1,1,0.62133699998958,3,1
1,1,1,0.427063100010855,3,1
1,1,1,0.373104400001466,3,1
1,1,1,0.488900600001216,3,1
1,2,1,0.918338599993149,3,1
1,2,1,0.542555099993479,3,1
1,2,1,0.449228999990737,3,1
1,1,1,0.418138600012753,3,1
1,3,1,0.662421399989398,3,1
1,3,1,0.840270399989095,3,1
1,3,1,0.39538200001698,3,1
1,1,1,0.571075300016673,3,1
1,2,1,0.813834500004305,3,1
1,3,1,0.378340100025525,3,1
1,2,1,0.865870400011772,3,1
1,2,1,0.520980000001146,3,1
1,3,1,0.58377319999272,3,1
1,2,1,0.463621100003365,3,1
1,1,1,0.792155900009675,3,1
1,3,1,0.649664700002177,3,1
1,1,1,0.554420400003437,3,1
1,1,1,0.399328900006367,3,1
1,1,1,0.35836010001367,3,1
1,2,1,0.686621400003787,3,1
1,1,1,0.527491300017573,3,1
1,3,1,0.673600600013742,3,1
1,3,1,0.468297399987932,3,1
1,2,1,0.571992900018813,3,1
1,2,0,0.787811899994267,3,0
1,3,1,0.467670599988196,3,1
1,3,1,0.529062100016745,3,1
1,2,0,0.491156000003684,3,0
1,3,1,0.609794500021962,3,1
1,2,1,0.519980899989605,3,1
1,1,1,0.548149699985515,3,1
1,2,0,0.501923500007251,3,0
1,3,1,0.486636899993755,3,1
1,3,1,0.624374899984105,3,1
1,2,1,0.59109690002515,3,1
1,2,1,0.416871000023093,3,1
1,3,1,0.40962409999338,3,1
1,1,1,0.835023799998453,3,1
1,2,1,0.734420599997975,3,1
1,3,1,0.453509699989809,3,1
1,2,1,0.775057699996978,3,1
1,3,1,0.516956500010565,3,1
1,1,1,0.735655900003621,3,1
1,1,1,0.405966000020271,3,1
1,2,1,0.540311000018846,3,1
1,2,1,0.589535400009481,3,1
1,2,1,0.440734400006477,3,1
1,2,1,0.350146599987056,3,1
1,2,1,0.407714500004658,3,1
1,3,1,0.582959899998968,3,1
1,3,1,0.620998200000031,3,1
1,3,1,0.565064300026279,3,1
1,3,1,0.321070100006182,3,1
1,2,1,0.493502600002103,3,1
1,1,0,0.512273800006369,3,0
1,2,1,0.398775599984219,3,1
1,1,1,0.61204240002553,3,1
1,3,1,0.730139799998142,3,1
1,3,1,0.546741099999053,3,1
1,1,1,0.632688400015468,3,1
1,1,1,0.503032199980225,3,1
1,1,1,0.376095000014175,3,1
1,2,1,0.539535299991257,3,1
1,1,0,0.532125800003996,3,0
1,3,1,0.503978299995651,3,1
1,3,1,0.376077900000382,3,1
1,2,1,0.641220599994995,3,1
1,2,1,0.604036800010363,3,1
1,1,0,0.519312200020067,3,0
1,2,1,0.574526000011247,3,1
1,3,1,0.631699399993522,3,1
1,3,1,0.373145000019576,3,1
1,2,1,0.484811800008174,3,1
1,3,1,0.489531799976248,3,1
1,1,0,0.512827800004743,3,0
1,2,1,0.932368599984329,3,1
1,2,1,0.539750800002366,3,1
1,2,1,0.897393099992769,3,1
1,1,1,0.839985500002513,3,1
1,2,1,0.501309899991611,3,1
1,2,1,0.431940899987239,3,1
1,2,1,0.759198200015817,3,1
1,3,1,0.497389200027101,3,1
1,1,1,0.518990400014445,3,1
1,2,1,0.584886299999198,3,1
1,1,0,0.699010000011185,3,0
1,1,1,0.925782900012564,3,1
1,2,1,0.507849100016756,3,1
1,3,1,0.531177800003206,3,1
1,1,1,0.735924300010083,3,1
1,3,1,0.439169899997069,3,1
1,3,1,1.02079229999799,3,1
1,1,1,0.532970000000205,3,1
1,3,1,0.530348500004038,3,1
1,1,1,0.57150350001757,3,1
1,1,1,0.727106000005733,3,1
1,3,1,0.617671400017571,3,1
1,3,1,0.638698700029636,3,1
1,2,1,0.644181400013622,3,1
1,2,1,0.586143199994694,3,1
1,1,1,0.617974099994171,3,1
1,1,1,0.585221700021066,3,1
1,2,1,0.615443000016967,3,1
1,1,1,0.606283100001747,3,1
1,3,0,0.449002599983942,3,0
1,1,1,0.563250800012611,3,1
1,2,1,0.536092800000915,3,1
1,2,1,0.413220099988393,3,1
1,2,1,0.730836900009308,3,1
0,1,1,0.871185600000899,3,0
0,1,0,0.660339699999895,3,1
0,3,1,0.99389370001154,3,0
0,2,0,0.661113800015301,3,1
0,2,1,0.675612199993338,3,0
0,1,0,0.629715399991255,3,1
0,2,1,0.805705000006128,3,0
0,1,1,0.693532300007064,3,0
0,1,1,0.491843099996913,3,0
0,2,0,0.519345400010934,3,1
0,3,1,0.996410000021569,3,0
0,2,1,0.947824200004106,3,0
0,1,0,0.633891999983462,3,1
0,1,1,1.06159900000785,3,0
0,3,1,0.669275799999014,3,0
0,1,1,0.718183699995279,3,0
0,3,0,0.807987499982119,3,1
0,2,1,0.901292299997294,3,0
0,1,1,0.746384300029604,3,0
0,3,1,0.9313224000216,3,0
0,3,1,0.728028100013034,3,0
0,3,1,0.724163400009274,3,0
0,3,1,0.832006300013745,3,0
0,1,1,0.790727899991907,3,0
0,1,1,0.479757599998266,3,0
0,3,1,0.585462399991229,3,0
0,2,1,0.650044200010598,3,0
0,1,1,0.540385000000242,3,0
0,3,1,0.644599699997343,3,0
0,1,1,1.05301230002078,3,0
0,1,1,0.612161099998048,3,0
0,1,1,0.656953199999407,3,0
0,3,1,0.638030000001891,3,0
0,1,1,0.794581499998458,3,0
0,1,1,0.460147800011327,3,0
0,1,0,0.637644300004467,3,1
0,1,1,0.60880850002286,3,0
0,1,0,0.719857399992179,3,1
0,3,1,0.863483600027394,3,0
0,2,1,0.631116800010204,3,0
0,3,0,0.90115020002122,3,1
0,2,1,0.816930100030731,3,0
0,1,1,0.790284599992447,3,0
0,2,1,1.05920069999411,3,0
0,3,1,0.589750500017544,3,0
0,1,1,0.817097999999532,3,0
0,3,1,0.875975200004177,3,0
0,3,1,0.449087099987082,3,0
0,1,1,0.652103900007205,3,0
0,2,1,0.777047100011259,3,0
0,2,1,0.559898999985307,3,0
0,3,1,0.616866200027289,3,0
0,2,1,0.568071099987719,3,0
0,1,0,0.418962000025203,3,1
0,3,1,0.686690300004557,3,0
0,1,1,0.601299500005553,3,0
0,2,1,0.685081700008595,3,0
0,2,1,0.744615499977954,3,0
0,3,1,0.566079099982744,3,0
0,1,1,0.84844110000995,3,0
0,2,1,0.595226500008721,3,0
0,3,0,0.311365400004433,3,1
0,1,0,0.694938000000548,3,1
0,2,1,0.556435899983626,3,0
0,1,1,0.480789099994581,3,0
0,2,1,0.518860100011807,3,0
0,1,1,0.467119899985846,3,0
0,2,1,0.455909300013445,3,0
0,3,1,0.661789200006751,3,0
0,1,1,1.02689520001877,3,0
0,3,1,0.810914100002265,3,0
0,2,1,0.695825300004799,3,0
0,2,1,0.998785500007216,3,0
0,2,1,0.749383299989859,3,0
0,3,1,0.512752999988152,3,0
0,2,1,0.792791200015927,3,0
0,2,1,0.44220459999633,3,0
0,3,1,0.487389699992491,3,0
0,1,1,0.835185400006594,3,0
0,1,1,0.361480699997628,3,0
0,1,1,0.305961999983992,3,0
0,2,1,0.82533940000576,3,0
0,3,1,0.687621999997646,3,0
0,1,1,0.809971400012728,3,0
0,1,1,0.553885200002696,3,0
0,3,1,0.644421000004513,3,0
0,1,1,0.603537400020286,3,0
0,2,1,0.781070800003363,3,0
0,1,1,0.429158299986739,3,0
0,1,1,0.558512200019322,3,0
0,1,1,0.734575500013307,3,0
0,1,1,0.594536400021752,3,0
0,3,1,0.58956130000297,3,0
0,1,1,0.693020000006072,3,0
0,2,1,0.838281400006963,3,0
0,2,1,0.769029699993553,3,0
0,1,1,0.687031200010097,3,0
0,3,1,0.483619500009809,3,0
0,3,1,0.910988799994811,3,0
0,2,0,0.615631500026211,3,1
0,1,1,0.457174600014696,3,0
0,3,1,0.540427500003716,3,0
0,3,1,0.751734099991154,3,0
0,2,1,0.629352899995865,3,0
0,1,0,0.749506199994357,3,1
0,2,0,0.596349900006317,3,1
0,2,1,0.755952599982265,3,0
0,2,1,0.769724100013264,3,0
0,3,1,0.572611000010511,3,0
0,3,1,0.788391000009142,3,0
0,3,1,0.585942400008207,3,0
0,1,1,0.872749900008785,3,0
0,3,1,0.617641799995909,3,0
0,3,1,0.452831200003857,3,0
0,1,1,0.693846600013785,3,0
0,3,1,0.582995600008871,3,0
0,3,1,0.767145799996797,3,0
0,3,1,0.631132799986517,3,0
0,2,1,0.690694399992935,3,0
0,1,1,0.827851000009105,3,0
0,3,0,0.913757300004363,3,1
0,2,1,0.475154699990526,3,0
0,2,1,0.493926000024658,3,0
0,2,1,0.57780939998338,3,0
0,2,1,0.824372300005052,3,0
0,1,1,0.618867900018813,3,0
0,1,1,0.678416100010509,3,0
0,2,1,0.449516199994832,3,0
0,2,1,0.673890600010054,3,0
0,1,1,0.862189199979184,3,0
0,2,1,0.774873700021999,3,0
0,1,1,0.430679799988866,3,0
0,3,1,0.907346199994208,3,0
0,3,1,0.647553499991773,3,0
0,3,1,0.665753299981588,3,0
0,1,1,0.632876399991801,3,0
0,2,0,0.599823800002923,3,1
0,2,0,0.600957299990114,3,1
0,2,1,0.657354499999201,3,0
0,1,1,0.719132600002922,3,0
0,1,1,0.576619700004812,3,0
0,3,1,0.490349400002742,3,0
0,1,1,0.759109899983741,3,0
0,3,1,0.572668100008741,3,0
0,3,1,0.459080200002063,3,0
0,3,1,0.593400799989467,3,0
0,1,1,0.61633069999516,3,0
0,2,1,0.648033800011035,3,0
0,1,1,0.686956499994267,3,0
0,3,1,0.651417799992487,3,0
0,2,0,0.760897400003159,3,1
0,2,0,0.854942900012247,3,1
0,3,1,0.612968200002797,3,0
0,2,1,0.606470200000331,3,0
0,3,1,1.01278750001802,3,0
0,2,1,1.00963410001714,3,0
0,2,1,0.845686500018928,3,0
0,1,0,0.665433999995003,3,1
0,3,1,0.60039190002135,3,0
0,2,1,0.504808700003196,3,0
0,1,0,0.709893799998099,3,1
0,3,1,0.563849600002868,3,0
0,2,1,0.548542600008659,3,0
0,3,0,0.671037799998885,3,1
0,3,1,0.622048100020038,3,0
0,2,0,0.455350799980806,3,1
0,2,1,0.635175000003073,3,0
0,3,1,0.460506799980067,3,0
0,2,1,0.964183100004448,3,0
0,3,1,0.718404899991583,3,0
0,3,1,0.735553800011985,3,0
0,2,1,1.02112849999685,3,0
1,1,1,0.586424900015118,4,1
1,1,1,0.524437699990813,4,1
1,1,1,0.378909999999451,4,1
1,3,1,0.768275300011737,4,1
1,1,1,0.470086799992714,4,1
1,2,1,0.714690499997232,4,1
1,1,1,0.503356700006407,4,1
1,1,1,0.608461399999214,4,1
1,1,1,0.490736300009303,4,1
1,3,0,0.656027499993797,4,0
1,1,1,0.560983700008364,4,1
1,1,1,0.691956200025743,4,1
1,2,1,0.924358099990059,4,1
1,3,1,0.463008899998385,4,1
1,3,0,0.577100399998017,4,0
1,1,1,0.424310500005959,4,1
1,2,1,0.676937600015663,4,1
1,3,0,0.581331599998521,4,0
1,1,1,0.27597150002839,4,1
1,2,1,0.487153900030535,4,1
1,1,1,0.53142640000442,4,1
1,3,0,0.59204590000445,4,0
1,3,0,0.893585399986478,4,0
1,2,0,0.945476199995028,4,0
1,1,1,0.535631299979286,4,1
1,1,1,0.550255099980859,4,1
1,3,1,1.04251370002748,4,1
1,3,1,0.976651800010586,4,1
1,3,1,0.607988600007957,4,1
1,2,1,0.832533300010255,4,1
1,1,1,0.535406300012255,4,1
1,2,0,1.01112330000615,4,0
1,1,1,0.520864499994786,4,1
1,3,1,1.00422639999306,4,1
1,1,1,0.660183500003768,4,1
1,2,1,0.446601000003284,4,1
1,3,1,0.475167299999157,4,1
1,3,1,0.956265099986922,4,1
1,2,1,0.558469700015849,4,1
1,2,1,0.739141700003529,4,1
1,3,1,0.740484200010542,4,1
1,1,1,0.749652800004696,4,1
1,2,1,0.504412999987835,4,1
1,2,1,0.84284630001639,4,1
1,3,1,0.831589900015388,4,1
1,2,1,0.599456500000088,4,1
1,1,1,0.652992699993774,4,1
1,3,0,0.58464419998927,4,0
1,1,1,0.529239900002722,4,1
1,3,0,0.613132200000109,4,0
1,2,1,0.890832400007639,4,1
1,2,1,0.642421399999876,4,1
1,3,0,0.803593199991155,4,0
1,2,1,0.617333700007293,4,1
1,2,1,0.648871799989138,4,1
1,3,1,0.696528500004206,4,1
1,3,1,0.998923400009517,4,1
1,1,1,0.653459799999837,4,1
1,3,1,0.85227470000973,4,1
1,3,0,0.774851900001522,4,0
1,2,1,0.826249799982179,4,1
1,1,1,0.477622600010363,4,1
1,3,1,0.74144020001404,4,1
1,3,0,0.516321699979017,4,0
1,1,1,0.450562300015008,4,1
1,2,1,0.515831500000786,4,1
1,2,0,0.649513300013496,4,0
1,1,1,0.77758090000134,4,1
1,1,1,0.53328460000921,4,1
1,1,1,0.892727500002366,4,1
1,1,1,0.365535999997519,4,1
1,1,1,0.627028200018685,4,1
1,1,1,0.633612899982836,4,1
1,3,1,0.817959400010295,4,1
1,2,1,0.638130100007402,4,1
1,2,1,0.458422600000631,4,1
1,1,1,0.704452000005404,4,1
1,1,1,0.542614799982402,4,1
1,3,0,0.619574000011198,4,0
1,1,1,0.386250999988988,4,1
1,2,1,0.757412600010866,4,1
1,1,1,0.280617000011262,4,1
1,3,1,0.717751200019848,4,1
1,2,1,0.318731800012756,4,1
1,2,1,0.353237500006799,4,1
1,3,1,0.94498040000326,4,1
1,2,1,0.824908400012646,4,1
1,3,1,0.666248900000937,4,1
1,1,1,0.58595000000787,4,1
1,1,1,0.436096499994164,4,1
1,3,1,0.61438980003004,4,1
1,3,0,0.468478099995991,4,0
1,1,1,0.632671700004721,4,1
1,2,1,0.3600124999939,4,1
1,2,1,0.672135300002992,4,1
1,3,1,0.782701599993743,4,1
1,1,1,0.693778899993049,4,1
1,1,1,0.402202700002817,4,1
1,1,1,0.70813939999789,4,1
1,2,1,1.02933260001009,4,1
1,3,0,0.930407100007869,4,0
1,2,1,0.766884000011487,4,1
1,2,1,0.593328799994197,4,1
1,3,1,0.624300600000424,4,1
1,2,1,0.641561700031161,4,1
1,3,1,0.874814899987541,4,1
1,2,1,0.96311759998207,4,1
1,2,1,0.579998899978818,4,1
1,1,1,0.455972900002962,4,1
1,1,1,0.433457100007217,4,1
1,3,1,0.87500739999814,4,1
1,2,1,0.657567699992796,4,1
1,2,1,0.851014500018209,4,1
1,2,1,1.06263369999942,4,1
1,1,1,0.559719100012444,4,1
1,3,1,0.732412700017449,4,1
1,3,1,0.45950769999763,4,1
1,3,1,0.843536799977301,4,1
1,2,1,0.59771400000318,4,1
1,2,1,0.52355070001795,4,1
1,3,1,0.81151649999083,4,1
1,1,1,0.599421000020811,4,1
1,3,1,0.898547100019641,4,1
1,2,0,0.599628099997062,4,0
1,1,1,0.454167400021106,4,1
1,1,1,0.460199799999828,4,1
1,1,1,0.471770700009074,4,1
1,2,1,0.617109100014204,4,1
1,3,1,0.818373400019482,4,1
1,2,0,0.918506999994861,4,0
1,3,1,1.03957610001089,4,1
1,3,1,0.776626400009263,4,1
1,2,1,0.570562799985055,4,1
1,1,1,0.555079000012483,4,1
1,3,1,0.824531999998726,4,1
1,1,1,0.314830299990717,4,1
1,1,1,0.486422000016319,4,1
1,1,1,0.55007409999962,4,1
1,2,1,0.415160100004869,4,1
1,3,0,0.395573700021487,4,0
1,2,1,0.7650306999858,4,1
1,3,1,0.581153100007214,4,1
1,3,1,0.43338489998132,4,1
1,3,1,0.85718469999847,4,1
1,1,1,0.648718699987512,4,1
1,2,0,0.778143499977887,4,0
1,3,1,0.778577599994605,4,1
1,2,1,0.870274099987,4,1
1,1,1,0.541283600003226,4,1
1,3,1,0.714446600002702,4,1
1,1,1,0.554525100014871,4,1
1,2,1,0.812511500000255,4,1
1,1,1,0.513762599992333,4,1
1,3,0,0.84540210000705,4,0
0,1,0,0.353667600022163,4,1
0,3,1,1.06943500001216,4,0
0,1,1,0.820264700014377,4,0
0,2,1,0.936949700000696,4,0
0,3,0,0.818242999986978,4,1
0,3,1,0.794956100027775,4,0
0,3,1,0.51123970001936,4,0
0,2,0,0.851180900004692,4,1
0,3,1,0.660410600015894,4,0
0,2,1,0.595312099991133,4,0
0,1,1,0.893206000007922,4,0
0,2,1,0.681180100014899,4,0
0,3,0,0.895120700006373,4,1
0,2,0,0.733462600008352,4,1
0,1,1,0.382828000001609,4,0
0,3,1,0.880355000001146,4,0
0,1,0,0.386846100009279,4,1
0,2,1,0.667978300014511,4,0
0,2,1,0.73072150000371,4,0
0,2,0,0.626573599991389,4,1
0,3,1,0.810677800007397,4,0
0,2,1,0.967292000015732,4,0
0,3,1,0.623308600013843,4,0
0,3,1,0.984281700017164,4,0
0,3,0,0.441680900024949,4,1
0,3,1,0.570017299993197,4,0
0,3,1,0.935918000002857,4,0
0,1,0,0.433560400007991,4,1
0,1,0,0.853297500027111,4,1
0,3,1,0.57350930001121,4,0
0,3,1,0.628038099996047,4,0
0,1,1,0.533835500013083,4,0
0,3,0,0.605072700011078,4,1
0,2,1,0.883925600006478,4,0
0,3,0,0.711712200019974,4,1
0,2,1,0.874273100023856,4,0
0,1,0,0.787556600000244,4,1
0,1,1,0.780373999994481,4,0
0,3,1,0.667375300021376,4,0
0,1,1,0.699832000012975,4,0
0,2,1,0.502974900009576,4,0
0,2,0,0.361761000007391,4,1
0,2,1,1.02476719999686,4,0
0,3,1,0.745762999984436,4,0
0,1,1,0.827719199995045,4,0
0,3,1,0.817921700014267,4,0
0,1,0,0.820689300016966,4,1
0,2,1,0.982629900012398,4,0
0,2,1,0.812013000017032,4,0
0,2,1,0.504846399999224,4,0
0,1,1,0.5936759999895,4,0
0,1,1,0.609498400008306,4,0
0,3,0,0.902494900015881,4,1
0,3,1,0.628219700010959,4,0
0,1,0,0.807033699995372,4,1
0,3,1,0.556833400012692,4,0
0,2,1,0.702083999989554,4,0
0,1,1,0.593748999992386,4,0
0,1,1,0.68802840000717,4,0
0,1,1,0.763686400023289,4,0
0,2,1,0.722167400002945,4,0
0,3,1,1.04587860000902,4,0
0,3,1,0.57647219998762,4,0
0,2,1,0.932399399986025,4,0
0,2,1,0.565540399984457,4,0
0,1,1,0.741590999998152,4,0
0,1,1,0.700887900020462,4,0
0,1,1,0.579045800026506,4,0
0,1,0,0.408311100007268,4,1
0,2,0,0.524920099996962,4,1
0,1,1,0.928257999999914,4,0
0,3,0,0.673650700016879,4,1
0,2,0,0.659849300020142,4,1
0,2,1,0.748495600011665,4,0
0,3,1,0.701523299998371,4,0
0,1,1,0.556679700006498,4,0
0,1,1,0.437545200024033,4,0
0,3,0,0.692502799996873,4,1
0,1,1,0.744883300008951,4,0
0,3,1,0.400158100004774,4,0
0,2,1,0.903158500004793,4,0
0,2,1,0.618631299992558,4,0
0,3,1,0.78954430000158,4,0
0,2,0,0.503024500008905,4,1
0,2,1,0.724263500014786,4,0
0,2,1,0.838718300015898,4,0
0,1,1,0.699191699997755,4,0
0,3,1,0.972728599997936,4,0
0,1,0,0.57908180000959,4,1
0,1,1,0.566611499991268,4,0
0,2,0,0.465192200004822,4,1
0,1,0,0.768963900016388,4,1
0,1,1,0.716731199994683,4,0
0,2,1,0.691829299990786,4,0
0,3,1,0.62924739997834,4,0
0,1,1,0.844817800010787,4,0
0,1,0,0.691946400009328,4,1
0,3,1,0.738309199979994,4,0
0,1,1,0.792637100006687,4,0
0,2,0,0.759707699995488,4,1
0,1,1,0.967119600012666,4,0
0,2,1,1.05396950000431,4,0
0,1,1,0.545603600010509,4,0
0,1,1,0.763914000010118,4,0
0,2,1,0.686427699984051,4,0
0,3,1,0.382954200002132,4,0
0,2,1,0.599752899986925,4,0
0,1,0,0.563402300002053,4,1
0,3,1,0.687787300004857,4,0
0,3,1,0.780556299985619,4,0
0,3,1,0.45763230000739,4,0
0,3,1,0.632750599994324,4,0
0,1,0,0.445462400006363,4,1
0,2,0,0.918740300025092,4,1
0,1,1,0.945333899988327,4,0
0,1,1,0.594086400000378,4,0
0,2,1,0.621745900018141,4,0
0,2,0,0.721573500020895,4,1
0,3,1,0.738662100018701,4,0
0,2,1,0.74929519998841,4,0
0,3,1,0.704293300019344,4,0
0,2,1,0.987108300003456,4,0
0,2,1,0.796404900000198,4,0
0,3,1,0.58248030001414,4,0
0,2,0,0.846917499991832,4,1
0,3,1,1.00334629998542,4,0
0,1,1,0.619244999979855,4,0
0,1,1,0.934199899988016,4,0
0,1,1,0.660462700005155,4,0
0,1,1,0.960101799981203,4,0
0,1,1,0.78723839999293,4,0
0,2,0,0.944900100002997,4,1
0,3,1,0.945182199997362,4,0
0,3,1,0.772395900014089,4,0
1,3,0,0.784837299986975,5,0
1,3,0,0.646359500009567,5,0
1,2,1,0.489701700018486,5,1
1,3,1,0.805815900006564,5,1
1,1,1,0.890203899994958,5,1
1,1,1,0.66545380000025,5,1
1,1,1,0.852806100010639,5,1
1,3,0,0.884141499991529,5,0
1,3,1,0.668009799992433,5,1
1,1,0,0.655657200026326,5,0
1,1,1,0.549152300023707,5,1
1,3,1,0.73427499999525,5,1
1,1,0,0.7880527000234,5,0
1,1,0,0.581520099978661,5,0
1,2,0,0.508600100001786,5,0
1,3,0,0.449684899998829,5,0
1,3,0,0.403354299982311,5,0
1,2,0,0.582865000003949,5,0
1,3,1,0.727028499997687,5,1
1,2,0,0.78281419997802,5,0
1,2,0,0.472717199998442,5,0
1,2,0,0.486880000011297,5,0
1,3,1,1.03662860000622,5,1
1,2,0,0.433541000005789,5,0
1,3,1,0.715497400000459,5,1
1,1,1,0.580793700006325,5,1
1,1,1,0.544635400001425,5,1
1,1,1,0.801824200025294,5,1
1,3,0,0.417026600014651,5,0
1,1,0,0.517399100004695,5,0
1,1,1,0.917593199992552,5,1
1,2,0,0.535570700012613,5,0
1,2,1,0.456438300025184,5,1
1,1,1,0.953874999977415,5,1
1,1,0,0.417079000006197,5,0
1,3,1,1.01483349999762,5,1
1,2,0,0.499255800008541,5,0
1,2,1,0.583041300007608,5,1
1,2,1,0.563862800016068,5,1
1,1,1,0.508490999985952,5,1
1,1,1,0.504926399997203,5,1
1,3,1,0.658104600006482,5,1
1,3,0,0.466205299977446,5,0
1,2,1,0.513306799985003,5,1
1,2,1,0.292505399993388,5,1
1,1,0,0.858700500015402,5,0
1,3,0,0.792621200002031,5,0
1,1,1,0.775837199995294,5,1
1,3,0,0.560687399993185,5,0
1,1,1,0.705250600003637,5,1
1,3,1,0.651662899996154,5,1
1,2,1,0.575439300009748,5,1
1,2,0,0.514437800011365,5,0
1,2,1,0.865934000030393,5,1
1,1,1,1.03707990000839,5,1
1,3,1,0.633011300000362,5,1
1,1,1,0.828670700022485,5,1
1,3,0,0.541830600006506,5,0
1,3,1,0.638196999992942,5,1
1,2,1,0.690851099992869,5,1
1,1,1,0.495254300010856,5,1
1,1,1,0.877475999994203,5,1
1,2,1,0.688398199999938,5,1
1,3,1,0.568325000000186,5,1
1,3,1,0.467009499989217,5,1
1,3,0,0.700346099998569,5,0
1,1,1,0.918211600015638,5,1
1,2,1,0.627305299974978,5,1
1,2,1,0.804933200008236,5,1
1,1,0,0.61999810000998,5,0
1,1,1,0.786658900004113,5,1
1,3,1,0.851186199986842,5,1
1,2,1,0.579025899991393,5,1
1,3,0,0.696636999986367,5,0
1,3,1,0.69063160000951,5,1
1,2,1,0.749011600011727,5,1
1,2,0,1.03810510001495,5,0
1,1,1,0.531317899993155,5,1
1,3,1,0.675277100002859,5,1
1,3,1,0.455087500013178,5,1
1,1,1,0.499337599991122,5,1
1,3,1,0.712940700002946,5,1
1,3,1,0.661825000017416,5,1
1,1,1,0.605259999982081,5,1
1,1,1,0.454146500007482,5,1
1,1,1,0.55129439997836,5,1
1,2,1,0.592858899995917,5,1
1,3,1,0.674703700002283,5,1
1,3,1,0.666255999996793,5,1
1,3,1,0.555863699992187,5,1
1,3,1,0.81814749998739,5,1
1,1,1,0.582430000009481,5,1
1,2,1,0.575225200009299,5,1
1,3,1,0.774984399991808,5,1
1,1,1,0.601428800000576,5,1
1,1,1,0.463403600006131,5,1
1,3,0,0.932299299980514,5,0
1,2,1,0.551153100008378,5,1
1,1,1,0.644248200027505,5,1
1,3,1,0.626103799993871,5,1
1,3,1,0.666332599997986,5,1
1,1,0,0.898492500011344,5,0
1,1,1,0.813533400010783,5,1
1,2,1,0.594949799997266,5,1
1,2,0,0.884455299994443,5,0
1,3,1,0.514849900006084,5,1
1,2,1,0.457619499997236,5,1
1,3,1,0.582337600004394,5,1
1,3,1,0.585703299992019,5,1
1,3,1,0.46852740002214,5,1
1,2,1,0.536685300001409,5,1
1,2,1,0.614246899989666,5,1
1,2,1,0.574002399982419,5,1
1,3,0,0.327616000024136,5,0
1,2,1,0.499717300001066,5,1
1,3,0,0.422681299998658,5,0
1,2,1,0.442762799997581,5,1
1,2,1,0.527864900010172,5,1
1,2,1,0.626154700003099,5,1
1,2,1,0.485777299996698,5,1
1,3,1,0.67287869998836,5,1
1,2,1,0.575407900003484,5,1
1,2,1,0.559332800010452,5,1
1,2,1,0.503899200004525,5,1
1,1,1,0.496419700008119,5,1
1,2,1,0.693945100007113,5,1
1,3,1,0.500998200004688,5,1
1,1,1,0.422472100006416,5,1
1,1,1,0.848895900009666,5,1
1,2,1,0.486698699998669,5,1
1,1,1,0.500687100022333,5,1
1,1,0,0.732031799998367,5,0
1,2,1,0.51334579999093,5,1
1,2,1,0.558256099990103,5,1
1,1,1,0.857637900015106,5,1
1,2,1,0.613097599998582,5,1
1,1,1,0.567577100009657,5,1
1,2,1,0.75341840001056,5,1
1,2,1,0.452568700013217,5,1
1,1,1,0.511771499994211,5,1
1,3,0,0.388319400022738,5,0
1,1,1,1.03056940002716,5,1
1,1,1,0.579923300014343,5,1
1,2,1,0.547222499997588,5,1
1,1,1,0.620052100013709,5,1
1,3,1,0.646846599993296,5,1
1,2,0,0.836675400001695,5,0
1,3,1,0.626774000003934,5,1
1,3,1,0.788976399984676,5,1
1,1,1,0.474692699994193,5,1
1,1,1,0.653616499999771,5,1
1,1,1,0.682384200015804,5,1
1,1,1,0.583447599987267,5,1
1,1,1,0.466917899990221,5,1
1,2,1,0.548348300013458,5,1
1,2,1,0.41001099999994,5,1
1,3,1,0.572610100003658,5,1
1,3,1,0.526614400005201,5,1
1,3,1,0.682633200020064,5,1
1,1,1,0.637052600010065,5,1
1,2,0,0.574947100016288,5,0
1,1,1,0.724166600004537,5,1
1,1,1,0.751166400004877,5,1
1,3,1,0.556155199999921,5,1
1,3,0,0.578352999989875,5,0
1,1,1,0.865263999992749,5,1
1,3,1,0.929879700008314,5,1
1,3,1,0.555515900021419,5,1
1,1,1,0.473352500004694,5,1
1,1,1,0.649232199997641,5,1
1,2,1,0.531570099992678,5,1
1,2,1,0.573128399992129,5,1
0,1,1,0.589389600005234,5,0
0,3,1,0.653243399981875,5,0
0,3,1,0.472718900011387,5,0
0,2,1,0.632124600000679,5,0
0,3,1,0.85598329998902,5,0
0,3,1,0.611095600004774,5,0
0,1,1,0.686065400019288,5,0
0,1,1,0.69465340001625,5,0
0,1,1,0.815165700012585,5,0
0,2,1,0.579448099975707,5,0
0,1,1,0.443290099996375,5,0
0,3,1,0.48900830000639,5,0
0,2,1,0.500707700004568,5,0
0,2,0,0.872305900003994,5,1
0,1,1,0.834393600001931,5,0
0,3,1,0.415372199990088,5,0
0,3,1,0.729034800024237,5,0
0,2,1,0.784944300015923,5,0
0,1,1,0.905500799999572,5,0
0,3,1,0.660709500021767,5,0
0,1,1,0.860572100005811,5,0
0,3,1,0.627658100012923,5,0
0,2,1,0.673076899984153,5,0
0,1,1,0.769117399991956,5,0
0,3,1,0.394005899986951,5,0
0,2,0,0.634581499994965,5,1
0,3,1,0.494996099994751,5,0
0,3,0,0.600959300005343,5,1
0,2,1,0.68903959999443,5,0
0,1,1,0.592149000003701,5,0
0,2,1,0.534150899999077,5,0
0,1,1,0.497047499986365,5,0
0,3,1,0.666884200007189,5,0
0,2,0,0.679864000005182,5,1
0,1,1,0.481478400004562,5,0
0,2,1,0.464552299992647,5,0
0,2,1,0.532321200007573,5,0
0,3,1,0.660223499988206,5,0
0,1,1,0.549644799990347,5,0
0,2,1,0.592914300010307,5,0
0,2,0,0.923081499990076,5,1
0,3,1,0.554316599998856,5,0
0,1,1,0.646102200000314,5,0
0,2,1,0.494781700021122,5,0
0,1,1,0.668017099989811,5,0
0,1,1,0.57133080001222,5,0
0,2,0,0.526567700027954,5,1
0,2,1,0.842460499989102,5,0
0,1,1,0.558859600016149,5,0
0,1,1,0.454336500028148,5,0
0,3,1,0.620431099989219,5,0
0,3,1,0.4440939000051,5,0
0,1,1,0.621425299992552,5,0
0,3,1,0.832650600001216,5,0
0,3,1,0.431964999996126,5,0
0,1,1,0.610398299992085,5,0
0,1,1,0.367722599999979,5,0
0,3,1,0.663312299991958,5,0
0,2,0,0.622411600023042,5,1
0,1,1,0.492167199990945,5,0
0,1,1,0.525455900002271,5,0
0,1,1,0.557881699991412,5,0
0,2,1,0.570093500020448,5,0
0,2,1,0.927495999989333,5,0
0,1,1,0.88301859999774,5,0
0,3,1,0.640730599989183,5,0
0,2,1,0.475524499983294,5,0
0,2,0,0.513679600000614,5,1
0,2,1,0.777868900011526,5,0
0,3,1,0.521863700007088,5,0
0,2,1,0.602299699996365,5,0
0,1,1,0.536679600016214,5,0
0,3,1,0.741394900018349,5,0
0,2,1,0.519761500007007,5,0
0,2,1,1.02360600000247,5,0
0,3,1,0.79899100001785,5,0
0,2,1,0.458909500011941,5,0
0,1,1,0.557430100016063,5,0
0,3,1,0.608071700000437,5,0
0,2,1,0.761769400007324,5,0
0,3,1,0.693797799991444,5,0
0,2,0,0.612116300006164,5,1
0,2,1,0.634176099993056,5,0
0,1,0,0.977551700023469,5,1
0,1,1,0.696190200018464,5,0
0,3,1,0.591403099999297,5,0
0,2,1,0.584614099992905,5,0
0,2,1,0.65802029997576,5,0
0,1,1,0.442042400012724,5,0
0,1,1,0.793279800011078,5,0
0,2,1,1.0082054999948,5,0
0,1,1,0.856338200013852,5,0
0,2,1,0.6760065999988,5,0
0,1,1,0.702676199987764,5,0
0,2,1,0.606983799982117,5,0
0,3,1,0.543779200001154,5,0
0,3,1,0.678729300008854,5,0
0,1,0,0.486143100017216,5,1
0,1,1,0.485763600008795,5,0
0,3,1,0.574812000006204,5,0
0,3,1,0.609844099992188,5,0
0,3,1,0.721782600012375,5,0
0,3,1,0.641233200003626,5,0
0,1,1,0.907717099995352,5,0
0,3,0,0.531125600013183,5,1
0,3,1,0.609630999999354,5,0
0,2,1,0.488324799982365,5,0
0,3,1,0.588167399982922,5,0
0,3,1,0.692472199996701,5,0
0,3,1,0.606034900003579,5,0
0,1,1,0.516960700013442,5,0
0,1,1,0.432368800014956,5,0
0,1,1,0.639758999983314,5,0
0,2,1,0.749762199993711,5,0
0,3,0,0.595173899986548,5,1
0,1,1,0.440860100003192,5,0
0,3,1,0.723023500002455,5,0
0,1,1,0.886044599988963,5,0
0,3,1,0.579133300023386,5,0
0,2,1,0.713080699992133,5,0
0,2,1,0.483106400002725,5,0
0,3,1,0.927430500014452,5,0
0,1,1,0.627219000016339,5,0
0,1,1,0.858381800004281,5,0
0,2,1,0.551088500011247,5,0
0,3,1,0.785714200028451,5,0
0,2,0,0.491440799989505,5,1
0,1,1,0.50331030000234,5,0
0,2,1,0.68682400000398,5,0
0,1,1,0.421520599978976,5,0
0,2,1,0.951407200016547,5,0
0,1,1,0.486825700005284,5,0
0,1,1,0.62206540000625,5,0
0,1,1,0.724627099989448,5,0
0,1,1,0.687457299995003,5,0
0,2,0,0.612347600021167,5,1
0,1,1,0.580204500001855,5,0
0,2,1,0.499653000006219,5,0
0,2,1,0.739592199999606,5,0
0,2,1,0.605099599983077,5,0
0,2,1,0.792341199994553,5,0
0,1,1,0.597758099989733,5,0
0,3,1,0.993882800015854,5,0
0,2,1,0.712569099996472,5,0
0,2,1,0.579917900002329,5,0
0,3,1,0.512941499997396,5,0
0,1,1,0.603707400005078,5,0
0,1,1,0.416899700008798,5,0
0,1,1,0.475968100014143,5,0
0,3,1,0.428109100001166,5,0
0,1,1,0.423595600004774,5,0
0,1,1,0.82989570000791,5,0
0,3,1,0.547730599995703,5,0
0,3,0,0.497142899985192,5,1
0,1,0,0.696972800011281,5,1
0,1,1,0.511752599995816,5,0
0,2,1,0.456519800005481,5,0
0,3,1,0.533573900000192,5,0
0,3,1,0.599180199991679,5,0
0,3,1,0.504195900022751,5,0
0,1,1,0.584625799994683,5,0
0,2,0,0.70685049999156,5,1
0,1,1,0.718429300002754,5,0
0,3,0,0.771290300006513,5,1
0,3,1,0.553711299988208,5,0
0,2,1,0.708175100007793,5,0
0,3,1,0.771237000008114,5,0
0,3,1,0.566411300009349,5,0
0,3,1,0.507164000009652,5,0
0,3,1,0.584045499999775,5,0
0,3,1,0.837722300027963,5,0
0,2,1,0.710366299987072,5,0
0,2,1,0.474064200010616,5,0
0,2,1,0.802529799984768,5,0
0,2,1,0.54255519999424,5,0
1,1,1,0.5592949,6,1
1,2,0,0.4555848,6,0
1,2,0,0.9390193,6,0
1,3,1,0.5775667,6,1
1,2,0,0.4516817,6,0
1,3,1,0.5333908,6,1
1,1,1,0.4315381,6,1
1,3,1,0.5672102,6,1
1,3,1,0.6920886,6,1
1,1,1,0.4938194,6,1
1,3,0,0.7269115,6,0
1,1,1,0.433773,6,1
1,2,0,0.523512,6,0
1,3,1,0.9352029,6,1
1,2,1,0.9272387,6,1
1,3,1,0.739067,6,1
1,2,1,0.8350127,6,1
1,1,1,0.4139408,6,1
1,2,1,0.8180379,6,1
1,2,1,0.5334042,6,1
1,3,0,0.6704295,6,0
1,1,1,0.4817995,6,1
1,1,0,1.0110402,6,0
1,3,0,0.6947547,6,0
1,2,0,0.6489483,6,0
1,2,1,0.7043815,6,1
1,2,1,0.8541843,6,1
1,3,1,0.7572048,6,1
1,2,1,0.6790033,6,1
1,3,1,0.5238433,6,1
1,3,0,0.3212433,6,0
1,1,0,0.7011118,6,0
1,3,1,0.7071863,6,1
1,2,0,0.5026907,6,0
1,1,1,0.6266329,6,1
1,1,0,0.6754312,6,0
1,2,1,0.7848035,6,1
1,2,1,0.5995303,6,1
1,2,1,0.669568,6,1
1,2,1,0.6335271,6,1
1,1,1,0.5106096,6,1
1,1,1,0.7060226,6,1
1,2,0,0.4969393,6,0
1,3,0,0.8872252,6,0
1,2,1,0.8787091,6,1
1,1,0,0.5149083,6,0
1,2,1,1.0056336,6,1
1,3,0,0.4724114,6,0
1,3,1,0.507127,6,1
1,3,1,0.6009231,6,1
1,3,0,0.5577233,6,0
1,2,1,0.7676157,6,1
1,1,1,0.6472321,6,1
1,3,1,0.5843205,6,1
1,1,1,0.5695498,6,1
1,2,1,0.5112399,6,1
1,1,1,0.566419,6,1
1,2,1,0.7735212,6,1
1,1,1,0.5394259,6,1
1,2,1,0.6346393,6,1
1,2,1,0.6355875,6,1
1,2,1,0.5993569,6,1
1,1,1,0.6494888,6,1
1,2,1,0.5320507,6,1
1,3,1,0.6582,6,1
1,2,0,0.8747574,6,0
1,1,1,0.5400549,6,1
1,3,0,0.6132115,6,0
1,1,1,0.6503449,6,1
1,1,1,0.977639,6,1
1,1,1,0.7863039,6,1
1,2,1,0.7983845,6,1
1,3,1,0.6152577,6,1
1,3,1,0.6966112,6,1
1,1,1,0.5348529,6,1
1,3,1,0.6605487,6,1
1,1,1,0.5519455,6,1
1,3,0,0.5475631,6,0
1,1,1,0.5550666,6,1
1,2,0,0.598399,6,0
1,3,1,0.591796,6,1
1,2,1,0.7729926,6,1
1,3,1,0.5611861,6,1
1,3,1,0.6182572,6,1
1,1,1,0.7719003,6,1
1,1,1,0.5421071,6,1
1,2,0,0.4453196,6,0
1,3,1,0.655391,6,1
1,2,1,0.509779,6,1
1,3,1,0.8563885,6,1
1,2,1,0.8969355,6,1
1,3,1,0.6815392,6,1
1,1,1,0.661771,6,1
1,3,1,0.6184102,6,1
1,1,1,0.646104,6,1
1,3,1,0.6117014,6,1
1,2,1,0.605663,6,1
1,2,1,0.6687849,6,1
1,3,1,0.511179,6,1
1,3,1,0.8505999,6,1
1,2,0,0.5703524,6,0
1,1,1,0.5464421,6,1
1,3,1,0.5949007,6,1
1,1,1,0.7034188,6,1
1,1,0,0.6539238,6,0
1,3,1,0.6966726,6,1
1,2,1,0.6928912,6,1
1,2,1,0.5679017,6,1
1,2,1,0.8418928,6,1
1,1,1,0.6608,6,1
1,1,1,0.6116274,6,1
1,3,1,0.5383522,6,1
1,3,1,0.7180405,6,1
1,3,0,0.5162572,6,0
1,2,1,0.5853801,6,1
1,1,1,0.469524,6,1
1,3,1,0.650091,6,1
1,2,1,0.8078497,6,1
1,2,1,0.5544512,6,1
1,1,1,0.4958284,6,1
1,1,0,0.6437235,6,0
1,3,1,0.5613709,6,1
1,2,0,0.680182,6,0
1,2,1,0.6086051,6,1
1,1,1,0.8342117,6,1
1,3,1,0.5863855,6,1
1,2,0,0.7115538,6,0
1,1,1,0.5435789,6,1
1,3,1,0.5493854,6,1
1,3,1,0.5097759,6,1
1,1,1,0.514284,6,1
1,2,1,0.5987436,6,1
1,1,1,0.708979,6,1
1,1,1,0.4579066,6,1
1,3,1,0.8115338,6,1
1,1,1,0.575293,6,1
1,3,1,1.0114773,6,1
1,2,1,0.8809587,6,1
1,2,0,0.982019,6,0
1,3,1,0.6669201,6,1
1,2,1,0.9008451,6,1
1,1,1,0.5812333,6,1
1,1,1,0.6155135,6,1
1,3,1,0.8200619,6,1
1,3,1,0.544559,6,1
1,1,1,0.5730763,6,1
1,3,1,0.5569492,6,1
1,3,0,0.5651567,6,0
1,1,1,0.4467061,6,1
1,2,1,0.6941136,6,1
1,1,1,0.5381243,6,1
1,3,1,0.7071558,6,1
1,2,1,0.7388295,6,1
1,3,1,0.5183281,6,1
1,3,1,0.5394666,6,1
1,1,1,0.5019787,6,1
1,1,1,0.6099803,6,1
1,3,1,0.6703431,6,1
1,3,0,0.5606917,6,0
1,3,1,0.969695,6,1
1,1,1,0.4784679,6,1
1,3,1,0.785738,6,1
1,1,1,0.6139264,6,1
1,2,1,0.7091542,6,1
1,1,1,0.6638708,6,1
1,1,1,0.4902079,6,1
1,1,1,0.4569439,6,1
1,2,1,0.6274654,6,1
1,2,1,0.6647655,6,1
1,2,1,0.7704398,6,1
1,1,1,0.6141686,6,1
1,3,1,0.6379407,6,1
1,2,1,0.666712,6,1
1,1,1,0.5250288,6,1
1,1,1,0.4693659,6,1
1,2,0,0.6621284,6,0
1,1,1,0.5320449,6,1
1,2,1,0.7480662,6,1
0,2,0,0.5133223,6,1
0,3,1,0.5274717,6,0
0,1,1,0.5805325,6,0
0,3,0,0.3914474,6,1
0,2,1,0.7090881,6,0
0,3,1,0.4529043,6,0
0,3,1,0.4833529,6,0
0,2,1,0.5333453,6,0
0,3,1,0.510838,6,0
0,3,0,0.8768467,6,1
0,2,0,0.7247207,6,1
0,2,0,0.5802104,6,1
0,3,1,0.6789128,6,0
0,3,1,0.8334475,6,0
0,1,1,0.575731,6,0
0,3,1,0.5389046,6,0
0,1,0,0.6095315,6,1
0,1,1,0.7660558,6,0
0,3,1,1.0255364,6,0
0,3,1,1.0295018,6,0
0,1,1,0.5934203,6,0
0,3,1,0.8408594,6,0
0,3,0,0.590135,6,1
0,2,1,0.6043035,6,0
0,1,1,0.6382456,6,0
0,3,1,0.6432348,6,0
0,2,1,0.7052741,6,0
0,1,1,0.5706359,6,0
0,3,1,0.951164,6,0
0,3,1,0.5266632,6,0
0,2,1,0.8842548,6,0
0,1,1,0.5608092,6,0
0,3,1,0.6385529,6,0
0,1,1,0.471975,6,0
0,3,1,0.5005965,6,0
0,2,1,0.6348981,6,0
0,1,1,0.7777399,6,0
0,1,1,0.8849634,6,0
0,2,0,1.0075297,6,1
0,1,1,0.6066401,6,0
0,1,1,0.6177976,6,0
0,1,1,0.668418,6,0
0,3,1,0.8174005,6,0
0,2,1,0.4603877,6,0
0,1,1,0.6127219,6,0
0,3,1,0.8500853,6,0
0,1,0,0.5657101,6,1
0,3,0,0.3495458,6,1
0,2,1,0.9163823,6,0
0,2,1,0.7948484,6,0
0,3,1,0.6968952,6,0
0,3,1,0.7263194,6,0
0,3,1,0.8159863,6,0
0,1,1,0.7319237,6,0
0,3,1,0.6962134,6,0
0,1,1,0.6110206,6,0
0,3,1,0.8731533,6,0
0,1,1,0.5646781,6,0
0,2,1,0.6883039,6,0
0,3,1,0.6351631,6,0
0,2,1,0.7094036,6,0
0,1,1,0.612089,6,0
0,2,1,0.7953753,6,0
0,2,1,0.516915,6,0
0,3,1,0.6817276,6,0
0,3,1,0.6521097,6,0
0,2,0,0.8343237,6,1
0,3,0,0.8796014,6,1
0,1,1,0.6225031,6,0
0,1,1,0.8990619,6,0
0,1,1,0.7800628,6,0
0,3,1,0.5624613,6,0
0,1,1,0.7190679,6,0
0,1,1,0.608831,6,0
0,1,1,0.5307175,6,0
0,3,0,1.054346,6,1
0,2,1,0.4437219,6,0
0,1,1,0.7476377,6,0
0,3,1,0.7252109,6,0
0,3,1,0.5071749,6,0
0,2,0,0.6835366,6,1
0,3,1,0.9207304,6,0
0,2,1,0.5956957,6,0
0,1,1,0.7215748,6,0
0,2,1,0.8103684,6,0
0,1,1,0.6781037,6,0
0,1,1,0.6031342,6,0
0,2,1,1.0622328,6,0
0,3,1,0.5928082,6,0
0,3,1,0.5384816,6,0
0,1,1,0.5497236,6,0
0,3,1,0.61395,6,0
0,2,1,0.4993756,6,0
0,1,1,0.5195582,6,0
0,1,0,0.6116157,6,1
0,2,1,0.5694202,6,0
0,3,1,0.6100595,6,0
0,3,1,0.6004065,6,0
0,1,1,0.7513904,6,0
0,2,1,0.5914005,6,0
0,2,1,0.581989,6,0
0,2,1,0.5786056,6,0
0,1,1,0.7353595,6,0
0,1,1,0.5342742,6,0
0,3,1,0.8515526,6,0
0,2,1,0.467837,6,0
0,3,1,0.6920105,6,0
0,3,1,0.5249972,6,0
0,2,1,0.6836764,6,0
0,1,1,0.6991191,6,0
0,2,1,0.6795366,6,0
0,1,1,0.6143006,6,0
0,1,1,0.5073808,6,0
0,1,1,0.4391562,6,0
0,1,1,0.6137122,6,0
0,3,0,0.8131506,6,1
0,1,1,0.814846,6,0
0,1,1,0.5994039,6,0
0,2,1,0.9605067,6,0
0,1,1,0.7819379,6,0
0,2,1,0.4327613,6,0
0,2,0,0.5292006,6,1
0,2,1,0.5601664,6,0
0,1,1,0.7455182,6,0
0,2,0,0.7149105,6,1
0,1,1,0.5630483,6,0
0,3,1,0.775696,6,0
0,3,1,0.6163327,6,0
0,1,1,0.5757463,6,0
0,3,1,0.5679434,6,0
0,2,1,0.8410406,6,0
0,1,1,0.6630184,6,0
0,3,1,0.553006,6,0
0,3,1,0.6386114,6,0
0,2,1,0.8181924,6,0
0,2,1,0.7574923,6,0
0,1,1,0.7912736,6,0
0,2,1,0.5418595,6,0
0,2,1,0.5466858,6,0
0,1,1,0.832239,6,0
0,2,1,0.7418482,6,0
0,2,1,0.619379,6,0
0,2,1,0.6416943,6,0
0,2,1,0.6050508,6,0
0,1,1,0.7291878,6,0
0,2,1,0.6468734,6,0
0,1,1,0.610994,6,0
0,3,1,0.5624234,6,0
0,3,1,0.5918491,6,0
0,1,0,0.6005143,6,1
0,1,1,0.7187551,6,0
0,2,1,0.8113095,6,0
0,2,1,0.5821034,6,0
0,2,1,0.5575603,6,0
0,1,1,0.9832094,6,0
0,2,1,0.6300038,6,0
0,3,1,0.8000428,6,0
0,3,1,0.5870698,6,0
0,2,1,0.8911978,6,0
0,2,1,0.5991805,6,0
0,3,1,0.6702834,6,0
0,1,1,0.5204816,6,0
0,3,1,0.6029295,6,0
0,2,1,0.7326018,6,0
0,2,1,0.6488528,6,0
0,2,1,0.5644177,6,0
0,2,1,0.5747812,6,0
0,3,1,0.6930955,6,0
0,2,1,0.6058115,6,0
0,3,1,0.5200932,6,0
0,1,1,0.6625978,6,0
1,2,1,0.583974299981492,8,1
1,1,1,0.708894000010332,8,1
1,1,1,0.422050799999852,8,1
1,3,1,0.782224399998086,8,1
1,1,1,0.566225899994606,8,1
1,3,1,0.535040399990976,8,1
1,2,1,0.62125019999803,8,1
1,2,1,0.484378399996785,8,1
1,2,1,0.42607250000583,8,1
1,3,0,0.561706199980108,8,0
1,3,1,0.438213699992048,8,1
1,2,1,0.481162400014,8,1
1,2,1,0.402516800008016,8,1
1,2,1,0.410291900014272,8,1
1,1,1,0.483407599997008,8,1
1,2,1,0.524422799993772,8,1
1,1,0,0.492132400016999,8,0
1,1,1,0.506400899990695,8,1
1,3,1,0.645029200008139,8,1
1,2,1,0.369794700003695,8,1
1,2,1,0.468363299994962,8,1
1,3,1,0.496638899989193,8,1
1,2,1,0.434697800024878,8,1
1,1,1,0.405319100013003,8,1
1,2,1,0.453450499975588,8,1
1,2,1,0.450889600004302,8,1
1,3,1,0.452510499977507,8,1
1,1,1,0.394877600017935,8,1
1,1,1,0.525774000008823,8,1
1,3,1,0.541421400004765,8,1
1,3,1,0.535646400006954,8,1
1,2,1,0.365399500005879,8,1
1,1,1,0.386503799993079,8,1
1,3,1,0.377705899998546,8,1
1,1,0,0.454130300000543,8,0
1,1,1,0.358697699994082,8,1
1,1,1,0.27094990000478,8,1
1,3,1,0.402337900013663,8,1
1,1,1,0.443610200018156,8,1
1,1,1,0.394750399980694,8,1
1,1,1,0.543244399974355,8,1
1,3,1,0.548338100023102,8,1
1,3,1,0.517629999987548,8,1
1,2,1,0.329224399989471,8,1
1,1,1,0.46895979999681,8,1
1,3,1,0.486742300010519,8,1
1,3,1,0.513862799998606,8,1
1,1,1,0.329575999989174,8,1
1,2,1,0.418343600002117,8,1
1,2,1,0.44133430000511,8,1
1,2,1,0.44595069999923,8,1
1,3,1,0.45062349998625,8,1
1,2,1,0.677916499989806,8,1
1,1,1,0.682218100002501,8,1
1,3,1,0.367152300023008,8,1
1,1,1,0.407352699985495,8,1
1,2,1,0.431911299994681,8,1
1,1,1,0.44183629998588,8,1
1,1,1,0.381477999995695,8,1
1,3,1,0.373098800017033,8,1
1,2,1,0.484919599985005,8,1
1,3,0,0.460493599995971,8,0
1,3,1,0.626693800004432,8,1
1,2,1,0.613649199978681,8,1
1,2,1,0.631013199978042,8,1
1,3,1,0.474087099981261,8,1
1,2,1,0.47214199998416,8,1
1,2,1,0.470007600000827,8,1
1,1,1,0.419013600010658,8,1
1,3,1,0.42644380001002,8,1
1,3,1,0.357155300007435,8,1
1,1,1,0.416580399993109,8,1
1,2,1,0.346740100008901,8,1
1,1,1,0.412428699986776,8,1
1,2,0,0.407488099997863,8,0
1,1,1,0.430466299992986,8,1
1,1,1,0.480393600009847,8,1
1,1,1,0.347255000000587,8,1
1,2,1,0.374148000002606,8,1
1,3,1,0.286992400011513,8,1
1,2,1,0.397362999996403,8,1
1,3,1,0.561615100014023,8,1
1,2,1,0.378710500022862,8,1
1,2,1,0.367334999988088,8,1
1,1,1,0.453936999983853,8,1
1,2,1,0.367101099982392,8,1
1,3,1,0.255751799995778,8,1
1,2,1,0.371956499991938,8,1
1,2,1,0.509934000001522,8,1
1,3,1,0.482899099995848,8,1
1,1,1,0.363537199998973,8,1
1,1,1,0.516032699990319,8,1
1,2,1,0.314195600018138,8,1
1,1,1,0.47685609999462,8,1
1,2,1,0.544701400009217,8,1
1,2,1,0.373627499997383,8,1
1,2,1,0.320547700015595,8,1
1,1,1,0.407025299995439,8,1
1,1,1,0.35979459999362,8,1
1,1,1,0.422272099996917,8,1
1,3,0,0.406162300001597,8,0
1,2,1,0.409018100006506,8,1
1,2,1,0.394521100010024,8,1
1,1,1,0.288329500006512,8,1
1,3,1,0.72679389998666,8,1
1,2,1,0.320639199984726,8,1
1,2,1,0.436436699994374,8,1
1,2,1,0.532415299996501,8,1
1,1,1,0.360265299997991,8,1
1,3,1,0.534661499987124,8,1
1,1,1,0.406082000001334,8,1
1,1,1,0.437391100014793,8,1
1,3,1,0.518270299973665,8,1
1,1,1,0.344708600023296,8,1
1,1,1,0.416768399998546,8,1
1,1,1,0.387089299998479,8,1
1,3,0,0.383072500000708,8,0
1,3,1,0.698996699997224,8,1
1,1,1,0.497781699988991,8,1
1,3,1,0.603979700012133,8,1
1,2,1,0.421528000006219,8,1
1,2,1,0.448848700005328,8,1
1,3,1,0.481273999990663,8,1
1,1,1,0.429768300004071,8,1
1,3,1,0.402535200002603,8,1
1,3,0,0.476882399991155,8,0
1,1,1,0.350649100000737,8,1
1,3,0,0.477943399979267,8,0
1,2,1,0.460091199987801,8,1
1,3,1,0.419921499997145,8,1
1,1,1,0.407721700001275,8,1
1,1,1,0.387169299996458,8,1
1,2,1,0.427263199992012,8,1
1,1,1,0.440740399993956,8,1
1,1,1,0.412389400007669,8,1
1,3,1,0.399913100001868,8,1
1,1,1,0.40548439999111,8,1
1,3,1,0.418011400004616,8,1
1,1,1,0.553012699994724,8,1
1,2,1,0.656885300006252,8,1
1,3,1,0.420774700003676,8,1
1,2,1,0.367113099986454,8,1
1,1,1,0.24728799998411,8,1
1,3,0,0.45164279997698,8,0
1,3,1,0.474590400001034,8,1
1,2,1,0.365439200017136,8,1
1,2,1,0.549449999991339,8,1
1,1,1,0.54582230001688,8,1
1,3,1,0.351310099998955,8,1
1,2,1,0.404890600009821,8,1
1,3,1,0.531250900006853,8,1
1,3,1,0.420469999982743,8,1
1,1,1,0.382712599996012,8,1
1,3,0,0.420806900016032,8,0
1,3,1,0.531512099987594,8,1
1,3,1,0.60737290000543,8,1
1,3,1,0.426467599987518,8,1
1,3,1,0.528817499987781,8,1
1,3,1,0.453155499999411,8,1
1,3,1,0.309445999999298,8,1
1,2,1,0.505723599984776,8,1
1,2,1,0.371802700014086,8,1
1,3,1,0.578015199978836,8,1
1,2,1,0.416028900013771,8,1
1,1,1,0.502055899996776,8,1
1,1,1,0.378755400015507,8,1
1,2,1,0.476662499975646,8,1
1,3,1,0.44995629999903,8,1
1,1,1,0.383877599990228,8,1
1,2,1,0.355290300009074,8,1
1,2,1,0.69033219999983,8,1
1,3,1,0.318193300015992,8,1
1,2,1,0.619157400011318,8,1
1,3,1,0.438853500003461,8,1
1,3,1,0.505272599984892,8,1
1,1,1,0.362963699997636,8,1
1,2,1,0.496270799980266,8,1
1,1,1,0.452986799995415,8,1
1,1,1,0.44188529998064,8,1
1,3,1,0.439951600012137,8,1
0,3,1,0.481994400004623,8,0
0,1,0,0.638919799996074,8,1
0,1,1,0.665802300005453,8,0
0,3,1,0.486006399994949,8,0
0,3,1,0.702633100008825,8,0
0,1,0,0.497617999993963,8,1
0,3,1,0.470580699999118,8,0
0,3,1,0.551040499994997,8,0
0,2,0,0.432517199980794,8,1
0,3,1,0.624364200019045,8,0
0,2,1,0.651515200006543,8,0
0,1,0,0.604470999998739,8,1
0,1,0,0.488076800014824,8,1
0,3,1,0.601878699992085,8,0
0,2,1,0.609545699990122,8,0
0,1,0,0.386082100012572,8,1
0,3,1,0.636320299992803,8,0
0,3,1,0.492931899992982,8,0
0,1,1,0.570511099998839,8,0
0,1,0,0.47196029999759,8,1
0,3,1,0.47768549999455,8,0
0,1,1,0.729267499991693,8,0
0,3,1,0.502364000014495,8,0
0,2,1,0.553965300001437,8,0
0,1,1,0.409222999995109,8,0
0,1,1,0.469869200023822,8,0
0,2,1,0.448741000000155,8,0
0,3,1,0.462689799984219,8,0
0,3,0,0.323539100005291,8,1
0,2,1,0.48393409998971,8,0
0,1,1,0.72491849999642,8,0
0,2,1,0.694361899979413,8,0
0,3,1,0.565949899988482,8,0
0,2,1,0.478675399994245,8,0
0,2,1,0.438217899994925,8,0
0,3,1,0.44195859998581,8,0
0,1,1,0.471239400008926,8,0
0,1,1,0.368545800010907,8,0
0,3,1,0.703162000019802,8,0
0,1,1,0.567824800004018,8,0
0,1,1,0.515869399998337,8,0
0,2,1,0.523979799996596,8,0
0,2,1,0.407004400010919,8,0
0,3,1,0.427950699988287,8,0
0,1,0,0.394979900011094,8,1
0,2,1,0.511322200007271,8,0
0,2,1,0.692760499980068,8,0
0,3,1,0.463164899992989,8,0
0,3,1,0.532221800007392,8,0
0,2,1,0.497399499989115,8,0
0,2,1,0.498790000012377,8,0
0,3,1,0.576879799977178,8,0
0,3,0,0.406661699991673,8,1
0,2,1,0.488597599993227,8,0
0,3,1,0.49715459998697,8,0
0,1,0,0.411003199988045,8,1
0,1,1,0.690356600011,8,0
0,1,0,0.46367339999415,8,1
0,2,1,0.434001500019804,8,0
0,3,0,0.376815800002078,8,1
0,3,1,0.729738799971528,8,0
0,2,1,0.540496599976905,8,0
0,3,1,0.419958699989365,8,0
0,2,1,0.425023199990392,8,0
0,1,0,0.432979599980172,8,1
0,1,1,0.470416199997999,8,0
0,2,1,0.629283099988243,8,0
0,1,1,0.388692100008484,8,0
0,2,1,0.448137100000167,8,0
0,3,1,0.420148500008509,8,0
0,2,1,0.474371599993901,8,0
0,3,1,0.507615599985002,8,0
0,3,1,0.433769600000232,8,0
0,3,1,0.486856700008502,8,0
0,3,1,0.498900800012052,8,0
0,1,1,0.474544500000775,8,0
0,2,1,0.414897200011183,8,0
0,1,1,0.554661499976646,8,0
0,3,1,0.380257699987851,8,0
0,3,1,0.368350600008853,8,0
0,3,1,0.418333800014807,8,0
0,1,1,0.430408400017768,8,0
0,1,1,0.481881400017301,8,0
0,1,1,0.549817999999505,8,0
0,1,0,0.515504500013776,8,1
0,3,0,0.373792200000025,8,1
0,1,0,0.427761800005101,8,1
0,2,1,0.520755200006533,8,0
0,2,1,0.621575800003484,8,0
0,3,1,0.512039900000673,8,0
0,3,1,0.610804199997801,8,0
0,1,1,0.548188799992204,8,0
0,2,1,0.412727299990365,8,0
0,1,1,0.385787500010338,8,0
0,3,1,0.433089099999052,8,0
0,1,1,0.5443994999805,8,0
0,1,0,0.514377199986484,8,1
0,2,1,0.471242900006473,8,0
0,1,0,0.362638499995228,8,1
0,3,0,0.398182299977634,8,1
0,3,1,0.442616999993334,8,0
0,2,1,0.533298900001682,8,0
0,3,1,0.557527600001777,8,0
0,2,0,0.289001500001177,8,1
0,2,1,0.338049199985107,8,0
0,2,1,0.695714799978305,8,0
0,2,0,0.413478000002215,8,1
0,3,1,0.495454000018071,8,0
0,2,1,0.393756800011033,8,0
0,1,1,0.83685140000307,8,0
0,2,1,0.467262699996354,8,0
0,3,1,0.393616199988173,8,0
0,2,1,0.478225499973632,8,0
0,2,1,0.60954020000645,8,0
0,1,0,0.449440600001253,8,1
0,2,1,0.514860700001009,8,0
0,3,1,0.454930000007153,8,0
0,1,1,0.612183199991705,8,0
0,1,1,0.426622200000565,8,0
0,1,1,0.419550999999046,8,0
0,2,1,0.44303100000252,8,0
0,3,1,0.443853600008879,8,0
0,1,1,0.682229099998949,8,0
0,1,1,0.401544499996817,8,0
0,1,1,0.414770699979272,8,0
0,1,1,0.397198099992238,8,0
0,2,1,0.514134199998807,8,0
0,1,1,0.410481200000504,8,0
0,3,1,0.375410600012401,8,0
0,1,0,0.460121899988735,8,1
0,1,1,0.44557729997905,8,0
0,1,1,0.34525919999578,8,0
0,3,1,0.289691900019534,8,0
0,1,1,0.520777099998668,8,0
0,1,1,0.313586700009182,8,0
0,1,1,0.305349000002025,8,0
0,2,1,0.584475100011332,8,0
0,1,1,0.366225100005977,8,0
0,2,1,0.482130199990934,8,0
0,2,1,0.474496799986809,8,0
0,3,1,0.475066699989839,8,0
0,2,1,0.35066620001453,8,0
0,3,1,0.354621599981328,8,0
0,3,1,0.320643299986841,8,0
0,2,1,0.432478900009301,8,0
0,3,1,0.35238220001338,8,0
0,3,1,0.48914620000869,8,0
0,1,0,0.404858299996704,8,1
0,2,1,0.858501699985936,8,0
0,1,1,0.503430000011576,8,0
0,2,0,0.420447099982994,8,1
0,1,1,0.545068599982187,8,0
0,3,1,0.427922000002582,8,0
0,1,1,0.427679700020235,8,0
0,1,1,0.448240500001702,8,0
0,3,1,0.469780699990224,8,0
0,3,1,0.537240399979055,8,0
0,2,1,0.442666699993424,8,0
0,2,1,0.492200499982573,8,0
0,2,1,0.423746099986602,8,0
0,2,1,0.401150699995924,8,0
0,2,1,0.464181499992264,8,0
0,2,1,0.544077099999413,8,0
0,3,0,0.424830000003567,8,1
0,2,1,0.757191800017608,8,0
0,2,1,0.479024699976435,8,0
0,2,1,0.325577999989036,8,0
0,2,1,0.307538499997463,8,0
0,3,0,0.351273499982199,8,1
0,1,1,0.46581170000718,8,0
0,1,1,0.490932599990629,8,0
0,3,1,0.495737499993993,8,0
0,3,1,0.446514500014018,8,0
0,2,1,0.450657099980162,8,0
0,1,1,0.633399100013776,8,0
0,2,0,0.485709800006589,8,1
0,2,1,0.388402999989921,8,0
0,3,1,0.477622100006556,8,0
0,2,1,0.474100099992938,8,0
0,3,1,0.495185000007041,8,0
1,3,0,0.569844999990892,9,0
1,2,1,0.590357900015078,9,1
1,3,0,0.71685670001898,9,0
1,2,1,0.501709500007564,9,1
1,2,1,0.479249099997105,9,1
1,1,1,0.570585500012385,9,1
1,1,1,0.724687999987509,9,1
1,1,1,0.676553500001319,9,1
1,1,1,0.587643800012302,9,1
1,3,1,0.6259710000013,9,1
1,1,0,0.655298400000902,9,0
1,3,1,0.755695400002878,9,1
1,3,0,0.771116899995832,9,0
1,2,0,0.90188470002613,9,0
1,1,1,0.571483599982457,9,1
1,1,1,0.728660099994158,9,1
1,1,1,0.657151499995962,9,1
1,1,1,0.625780300004408,9,1
1,3,0,0.765202499984298,9,0
1,1,1,0.560324899997795,9,1
1,3,0,0.63612209999701,9,0
1,1,1,0.545367799990345,9,1
1,1,1,0.540749300009338,9,1
1,3,0,0.572522400005255,9,0
1,2,1,0.574988600012148,9,1
1,2,1,0.84042860000045,9,1
1,3,0,0.69771259999834,9,0
1,2,1,0.769129799999064,9,1
1,3,1,0.758286700001918,9,1
1,2,1,0.838971699995454,9,1
1,2,1,0.773049400013406,9,1
1,3,1,0.850128199992469,9,1
1,3,1,0.647542799997609,9,1
1,2,1,0.660523700003978,9,1
1,2,1,0.662367299984908,9,1
1,1,1,0.588940899993759,9,1
1,3,0,0.588243899983354,9,0
1,3,1,0.918770499993116,9,1
1,3,1,0.735866200004239,9,1
1,1,1,0.61992620001547,9,1
1,1,1,0.882621800003108,9,1
1,2,1,0.664425399998436,9,1
1,1,1,0.802403600013349,9,1
1,2,0,0.802836200018646,9,0
1,2,1,1.01666920000571,9,1
1,1,1,1.05699650000315,9,1
1,3,1,0.995705700013787,9,1
1,3,1,0.945935399999144,9,1
1,2,1,0.954194199992344,9,1
1,1,1,0.840736699989066,9,1
1,2,1,1.05503519999911,9,1
1,2,1,0.836972899996908,9,1
1,3,1,0.81085019998136,9,1
1,1,1,0.666402000002563,9,1
1,3,0,0.946411200013245,9,0
1,2,1,0.870244899997488,9,1
1,3,1,0.782461599999806,9,1
1,1,1,0.795914399990579,9,1
1,3,1,0.7955660999869,9,1
1,2,1,0.880755799997132,9,1
1,2,1,0.729907500004629,9,1
1,3,1,0.850529300019844,9,1
1,3,1,0.89379070000723,9,1
1,3,1,0.879850900004385,9,1
1,3,1,0.68471440000576,9,1
1,1,1,0.777802299999166,9,1
1,1,0,0.760611199977575,9,0
1,3,1,0.730513100017561,9,1
1,1,1,0.732694300008006,9,1
1,1,1,0.665986799984239,9,1
1,1,1,0.766829300002428,9,1
1,3,1,0.755935200024396,9,1
1,1,1,0.588907500001369,9,1
1,3,1,0.741628999996465,9,1
1,3,1,0.823606899997685,9,1
1,1,1,0.603521299985005,9,1
1,2,1,0.765218299988192,9,1
1,3,1,0.613555199990515,9,1
1,1,1,0.698230000009062,9,1
1,3,1,0.598261200007983,9,1
1,1,1,0.769260500004748,9,1
1,1,1,0.741357699997025,9,1
1,2,1,0.617900399985956,9,1
1,3,1,0.741134900017641,9,1
1,1,1,0.65492160001304,9,1
1,2,1,0.604237299994566,9,1
1,3,1,0.808368099998916,9,1
1,2,1,0.748096199997235,9,1
1,1,1,0.707632900011959,9,1
1,2,1,0.825421699992148,9,1
1,2,1,0.649527699977625,9,1
1,3,0,0.962519099994097,9,0
1,2,1,0.686221799987834,9,1
1,1,1,0.789844999992056,9,1
1,1,1,0.670788100018399,9,1
1,1,1,0.832525400008308,9,1
1,3,0,0.849671000003582,9,0
1,3,1,0.629263900016667,9,1
1,2,1,0.705903699999908,9,1
1,3,1,0.702922800002852,9,1
1,1,1,0.546330400014995,9,1
1,2,1,0.575680800015107,9,1
1,1,1,0.518604999990202,9,1
1,1,1,0.491375300014624,9,1
1,3,1,0.858562000008533,9,1
1,3,0,0.70726170000853,9,0
1,2,1,0.589239099994302,9,1
1,2,1,0.64493759998004,9,1
1,3,1,0.616848799982108,9,1
1,1,0,0.887545500008855,9,0
1,2,1,0.992757800006075,9,1
1,1,1,0.549884500011103,9,1
1,1,1,0.970067099988228,9,1
1,1,1,0.640593699994497,9,1
1,3,1,0.610964399995282,9,1
1,2,1,0.551267700007884,9,1
1,2,1,0.550347100012004,9,1
1,1,1,0.586497200012673,9,1
1,2,1,0.465141099994071,9,1
1,1,1,0.496320800011745,9,1
1,2,1,0.486287900013849,9,1
1,2,1,0.456004600011511,9,1
1,2,1,0.506177200004458,9,1
1,1,1,0.559428500011563,9,1
1,3,1,0.721624500001781,9,1
1,1,1,0.512518800009275,9,1
1,1,1,0.616893500002334,9,1
1,3,1,0.765632900001947,9,1
1,2,1,0.531325399992056,9,1
1,3,1,0.629882000008365,9,1
1,1,1,0.660940099973232,9,1
1,3,1,0.628707900003064,9,1
1,2,1,0.636578700010432,9,1
1,3,1,0.669321599998511,9,1
1,2,1,0.560223000007682,9,1
1,2,1,0.687740499997744,9,1
1,1,1,0.473722299997462,9,1
1,2,1,0.543786999973236,9,1
1,2,1,0.444898199988529,9,1
1,3,1,0.47916359998635,9,1
1,2,1,0.672041299985722,9,1
1,1,1,0.556575299997348,9,1
1,2,0,0.723518799990416,9,0
1,1,1,0.554922899988014,9,1
1,2,1,0.860198500013212,9,1
1,1,1,0.513585600012448,9,1
1,2,1,1.00836290000007,9,1
1,1,1,0.798868199985009,9,1
1,3,1,0.540759499999695,9,1
1,2,1,0.576495100016473,9,1
1,2,1,0.648039699997753,9,1
1,3,1,0.627950399997644,9,1
1,2,1,0.615565000014612,9,1
1,3,1,0.500969399989117,9,1
1,1,1,0.841989699983969,9,1
1,2,1,0.48292219999712,9,1
1,2,1,0.439633800007869,9,1
1,1,1,0.50368119997438,9,1
1,3,1,0.561065399990184,9,1
1,1,1,0.697091400012141,9,1
1,3,1,0.682144200021867,9,1
1,1,1,0.704152999998769,9,1
1,2,1,0.630543400009628,9,1
1,3,1,0.762487900006818,9,1
1,2,1,0.566259199986234,9,1
1,3,1,0.511742200003937,9,1
1,2,1,0.656363899994176,9,1
1,2,1,0.460053000017069,9,1
1,2,1,0.487850100005744,9,1
1,1,0,0.636961899988819,9,0
1,1,1,0.623920300015016,9,1
1,1,1,0.886689199978719,9,1
1,2,1,0.614571699989028,9,1
1,3,1,0.523296700004721,9,1
1,3,1,0.610602500004461,9,1
1,3,1,0.55870889997459,9,1
1,3,1,0.554140299995197,9,1
0,1,1,0.883919499989133,9,0
0,1,1,0.771775700006401,9,0
0,1,1,0.690117199992528,9,0
0,2,0,0.620795499999076,9,1
0,2,1,0.833516399987275,9,0
0,3,1,0.598523000022396,9,0
0,1,1,0.552649699995527,9,0
0,3,1,0.618342200003099,9,0
0,2,0,0.868899199995212,9,1
0,2,1,0.599062199995387,9,0
0,1,1,0.636228599993046,9,0
0,2,1,0.686540099995909,9,0
0,3,1,0.636698900023475,9,0
0,2,1,0.696277300012298,9,0
0,1,1,0.608400800003437,9,0
0,3,1,0.70955969998613,9,0
0,1,1,0.625236699997913,9,0
0,1,1,0.563731000002008,9,0
0,1,1,0.563218399998732,9,0
0,2,1,0.838688199990429,9,0
0,1,1,0.875864100002218,9,0
0,3,1,0.707053399994038,9,0
0,1,1,0.575525299995206,9,0
0,3,1,0.662104499991983,9,0
0,3,0,0.759651500004111,9,1
0,2,0,0.921716500015464,9,1
0,3,1,0.742796200007433,9,0
0,2,0,0.966197000001557,9,1
0,3,1,0.837702899996657,9,0
0,2,1,0.792449500004295,9,0
0,3,1,0.606137399998261,9,0
0,2,1,0.638884899992263,9,0
0,1,1,0.738435300008859,9,0
0,2,1,0.787798999983352,9,0
0,2,0,0.755122600006871,9,1
0,3,1,0.836316700006137,9,0
0,1,1,0.940170200017747,9,0
0,3,0,0.822780899994541,9,1
0,2,1,0.883718700002646,9,0
0,2,0,1.00796079999418,9,1
0,3,1,0.987843900016742,9,0
0,1,1,0.77167049999116,9,0
0,1,1,0.904937599989353,9,0
0,1,1,0.753083200019319,9,0
0,2,1,0.808954799984349,9,0
0,2,1,1.04346570000052,9,0
0,3,1,0.900116899982095,9,0
0,2,1,0.938349200005177,9,0
0,1,1,0.919605200004298,9,0
0,1,0,1.04116669998621,9,1
0,3,1,0.682679099991219,9,0
0,2,1,0.87095079998835,9,0
0,3,1,0.931448099989211,9,0
0,1,1,0.905656599992653,9,0
0,2,1,0.635464299994055,9,0
0,1,1,0.664208700007293,9,0
0,1,1,0.68608669997775,9,0
0,1,1,0.707561000017449,9,0
0,3,1,0.699427799991099,9,0
0,2,1,0.734320800023852,9,0
0,3,1,0.724326099996688,9,0
0,3,1,0.669815400004154,9,0
0,3,1,0.616552899999078,9,0
0,2,0,0.611597899987828,9,1
0,2,1,0.950768899987452,9,0
0,1,1,0.72238799999468,9,0
0,2,1,0.862254399980884,9,0
0,3,1,0.931071700004395,9,0
0,2,1,0.642074000003049,9,0
0,3,1,0.953198600007454,9,0
0,3,1,0.781048800010467,9,0
0,1,1,0.967520300007891,9,0
0,2,1,0.834371100005228,9,0
0,3,1,0.679478000005474,9,0
0,3,1,0.650697100005345,9,0
0,1,1,0.766039899986936,9,0
0,3,1,0.67367240000749,9,0
0,2,0,0.812992499995744,9,1
0,2,1,0.743513299996266,9,0
0,3,1,0.57942299998831,9,0
0,2,1,0.670798100007232,9,0
0,1,1,0.462597600009758,9,0
0,3,0,0.567517000017688,9,1
0,1,1,0.819675500009907,9,0
0,2,1,0.765089699998498,9,0
0,1,1,0.78165099999751,9,0
0,1,1,0.814331400004448,9,0
0,2,1,0.707133699994301,9,0
0,3,1,0.710883899999317,9,0
0,2,1,0.689104499993846,9,0
0,1,1,0.634812300006161,9,0
0,3,1,0.622549599997001,9,0
0,2,0,0.704869800014421,9,1
0,1,1,0.859072400024161,9,0
0,1,1,0.810055700014345,9,0
0,3,0,0.58695979998447,9,1
0,2,1,0.93118789998698,9,0
0,3,1,0.632783699984429,9,0
0,3,1,0.799234300007811,9,0
0,1,1,0.770963799994206,9,0
0,1,1,0.748334900010377,9,0
0,1,1,0.464307999995071,9,0
0,1,1,0.778298199991696,9,0
0,3,1,0.682497200003127,9,0
0,1,0,0.836329199984903,9,1
0,3,1,0.635887699987506,9,0
0,3,1,0.79082299998845,9,0
0,3,0,0.61948619998293,9,1
0,1,1,0.74206660001073,9,0
0,3,1,0.997615600004792,9,0
0,1,1,0.614231700019445,9,0
0,1,1,0.50134999997681,9,0
0,3,1,0.562781099986751,9,0
0,2,1,0.845338900020579,9,0
0,3,1,0.599738499993691,9,0
0,1,1,0.610637300007511,9,0
0,2,1,0.747690899996087,9,0
0,3,1,0.58506650000345,9,0
0,3,1,0.583860599988839,9,0
0,2,1,0.66340570000466,9,0
0,1,1,0.619102700002259,9,0
0,3,1,0.698715699982131,9,0
0,1,1,0.614763399993535,9,0
0,2,1,0.922838200000115,9,0
0,3,1,0.622562600008678,9,0
0,2,1,0.570270099997288,9,0
0,2,1,0.630504700005986,9,0
0,1,1,0.760567899997113,9,0
0,2,1,0.695466900011525,9,0
0,2,1,0.766369799996028,9,0
0,2,1,0.596651100000599,9,0
0,2,1,0.764706099987961,9,0
0,1,1,0.732725099980598,9,0
0,1,1,0.559582699992461,9,0
0,2,1,0.700212499999907,9,0
0,2,1,0.651980700000422,9,0
0,1,1,0.640728900005342,9,0
0,2,1,0.791535299998941,9,0
0,2,1,0.744449799996801,9,0
0,3,1,0.510695699980715,9,0
0,1,1,0.733281499997247,9,0
0,1,1,0.56228509999346,9,0
0,2,1,0.611723899986828,9,0
0,2,1,0.718171699991217,9,0
0,3,1,0.998017600009916,9,0
0,1,1,0.65717809999478,9,0
0,1,1,0.526388799975393,9,0
0,1,1,0.529967300011776,9,0
0,1,1,0.558577300020261,9,0
0,1,1,0.535653500002809,9,0
0,3,1,0.601731400005519,9,0
0,3,0,0.5683837000106,9,1
0,3,1,0.698157899983926,9,0
0,3,1,0.793359499977669,9,0
0,2,1,0.805320899991784,9,0
0,2,1,0.887102200009394,9,0
0,2,1,1.06600710001658,9,0
0,3,0,0.675545999984024,9,1
0,3,1,0.707590000005439,9,0
0,3,1,1.05304009999963,9,0
0,2,1,0.567489000008209,9,0
0,1,0,0.990090699982829,9,1
0,2,1,0.760850599996047,9,0
0,1,1,0.72168319998309,9,0
0,2,1,0.915057299978798,9,0
0,2,1,0.466772800020408,9,0
0,3,0,0.691388100007316,9,1
0,1,1,0.913919899991015,9,0
0,3,1,0.66757890000008,9,0
0,3,0,0.50292480000644,9,1
0,1,1,0.66364730001078,9,0
0,3,1,0.680832600017311,9,0
0,1,1,0.578697100019781,9,0
0,2,1,0.594412900012685,9,0
0,3,1,0.734109700017143,9,0
1,2,1,0.790532899991376,10,1
1,3,1,0.580364800000098,10,1
1,2,1,0.758296499989228,10,1
1,1,1,0.467723899986595,10,1
1,3,1,0.561941799998749,10,1
1,2,0,0.716136900009587,10,0
1,3,1,0.774003800004721,10,1
1,2,1,0.592434099991806,10,1
1,1,1,0.4149638999952,10,1
1,1,1,0.611200299987104,10,1
1,2,1,0.742781999986619,10,1
1,3,1,0.579009899985977,10,1
1,1,1,0.570766299992101,10,1
1,2,1,0.352650399989216,10,1
1,1,1,0.522901000018464,10,1
1,1,1,0.624346099997638,10,1
1,1,1,0.634624799975427,10,1
1,3,0,0.832678200007649,10,0
1,2,1,1.03900250000879,10,1
1,3,1,0.72058109997306,10,1
1,1,1,0.649630500003695,10,1
1,3,1,0.518243699974846,10,1
1,3,0,0.634969300008379,10,0
1,1,1,0.592814699979499,10,1
1,1,1,0.727798499981873,10,1
1,2,1,0.647730299999239,10,1
1,1,1,0.615642199991271,10,1
1,3,1,0.521258199994918,10,1
1,1,1,0.580475599999772,10,1
1,1,1,0.822403099999065,10,1
1,3,1,0.584128099988448,10,1
1,2,0,0.451911199983442,10,0
1,3,1,0.540849999990314,10,1
1,1,1,0.40421539999079,10,1
1,1,1,0.507029300002614,10,1
1,1,1,0.54546890000347,10,1
1,2,1,0.659907099994598,10,1
1,2,1,0.570578299986664,10,1
1,2,1,0.489066700014519,10,1
1,2,1,0.277692799980287,10,1
1,1,1,0.411596199992346,10,1
1,3,1,0.434711000008974,10,1
1,3,1,0.680908500013174,10,1
1,1,1,0.465492699993774,10,1
1,2,1,0.476000199996633,10,1
1,1,1,0.378460099978838,10,1
1,2,1,0.696254300011788,10,1
1,1,1,0.41552040001261,10,1
1,2,1,0.662157599988859,10,1
1,3,1,0.516883100004634,10,1
1,1,1,0.458716699999059,10,1
1,2,1,0.679257999989204,10,1
1,1,1,0.503672999999253,10,1
1,2,1,0.612237499997718,10,1
1,2,1,0.70135499999742,10,1
1,2,1,0.620834999979706,10,1
1,3,1,0.555181200004881,10,1
1,2,0,0.455328200012445,10,0
1,1,1,0.401438100001542,10,1
1,1,1,0.679005899990443,10,1
1,1,1,0.640863100008573,10,1
1,3,1,0.695959300006507,10,1
1,2,1,0.677806099993177,10,1
1,2,0,0.313283199997386,10,0
1,2,0,0.482859199983068,10,0
1,1,1,0.471898999996483,10,1
1,3,0,0.594033300003503,10,0
1,2,1,0.519180700008292,10,1
1,2,0,0.521196699992288,10,0
1,3,0,0.478416400001151,10,0
1,1,1,0.487422799982596,10,1
1,3,1,0.568165200005751,10,1
1,2,1,0.524951700004749,10,1
1,1,1,0.5881226999918,10,1
1,2,1,0.543521699990379,10,1
1,3,1,0.567303099989658,10,1
1,1,0,0.76895080000395,10,0
1,1,1,0.595975500007626,10,1
1,2,0,0.573095599975204,10,0
1,1,0,0.418997600005241,10,0
1,1,1,0.416300599987153,10,1
1,3,1,0.662693299993407,10,1
1,2,1,0.657352499983972,10,1
1,3,1,0.494028200017055,10,1
1,2,0,0.403160399990156,10,0
1,1,1,0.513508399977582,10,1
1,1,1,0.567633600003319,10,1
1,3,1,0.51136899998528,10,1
1,3,0,0.43705070001306,10,0
1,3,1,0.539991099998588,10,1
1,3,1,0.572608000016771,10,1
1,3,1,0.582625099981669,10,1
1,1,0,0.564341799996328,10,0
1,2,1,0.471370999992359,10,1
1,3,1,0.331885799998417,10,1
1,3,1,0.309734299982665,10,1
1,3,1,0.325620100018568,10,1
1,1,1,0.481031400006032,10,1
1,1,1,0.480659399996512,10,1
1,1,1,0.45163140000659,10,1
1,2,1,0.558112200000323,10,1
1,1,1,0.574966100015445,10,1
1,2,1,0.63422070001252,10,1
1,2,0,0.530416699999478,10,0
1,1,1,0.402763299993239,10,1
1,2,1,0.520108299999265,10,1
1,1,1,0.422080299991649,10,1
1,2,1,0.746508400014136,10,1
1,3,1,0.563123400002951,10,1
1,3,1,0.430085400003009,10,1
1,3,1,0.370811000000685,10,1
1,3,1,0.427122999972198,10,1
1,3,1,0.613036499969894,10,1
1,3,1,0.513512499979697,10,1
1,1,1,0.317184399988037,10,1
1,2,1,0.3338915000204,10,1
1,2,1,0.462092000001576,10,1
1,2,1,0.375272799981758,10,1
1,3,1,0.354813099984312,10,1
1,1,1,0.460875799995847,10,1
1,1,1,0.428729399980512,10,1
1,2,0,0.377536899992265,10,0
1,2,1,0.58234639998409,10,1
1,2,1,0.308419600012712,10,1
1,1,1,0.580299399996875,10,1
1,1,1,0.333950300002471,10,1
1,1,0,0.357313199987402,10,0
1,2,0,0.521966000000248,10,0
1,1,1,0.626438299979782,10,1
1,2,1,0.551570299983723,10,1
1,3,1,0.500553000019863,10,1
1,2,1,0.469754699995974,10,1
1,1,1,0.728599900001427,10,1
1,3,1,0.905299999983981,10,1
1,1,1,0.63631869998062,10,1
1,3,1,0.552144799992675,10,1
1,2,1,0.455766500002937,10,1
1,3,1,0.540373599971645,10,1
1,2,1,0.300751400005538,10,1
1,2,1,0.415704699989874,10,1
1,2,1,0.48452540001017,10,1
1,2,1,0.4083047999884,10,1
1,3,1,0.539991800003918,10,1
1,3,1,0.59131739998702,10,1
1,3,1,0.358015000005253,10,1
1,3,1,0.55870490000234,10,1
1,1,1,0.496464700001525,10,1
1,1,1,0.433773199998541,10,1
1,2,1,0.465194499993231,10,1
1,2,1,0.584070300013991,10,1
1,3,1,0.825142199988477,10,1
1,2,1,0.602964099991368,10,1
1,3,1,0.695857400016394,10,1
1,1,0,0.390738799993414,10,0
1,3,1,0.758896699990146,10,1
1,3,1,0.552405099995667,10,1
1,1,1,0.470824000018183,10,1
1,2,1,0.711731899995357,10,1
1,2,1,0.572423399979016,10,1
1,3,1,0.575382799986983,10,1
1,3,0,0.643683999980567,10,0
1,3,1,0.625005999987479,10,1
1,2,1,0.838319800008321,10,1
1,1,1,0.422493599995505,10,1
1,3,1,0.253662500006612,10,1
1,1,0,0.553945199993905,10,0
1,2,1,0.415233900013845,10,1
1,1,1,0.43545659998199,10,1
1,2,1,0.436052900011418,10,1
1,1,1,0.339485400007106,10,1
1,3,1,0.369849499984412,10,1
1,3,1,0.439111799991224,10,1
1,1,1,0.285745700006373,10,1
1,3,1,0.437570900015999,10,1
1,2,1,0.374039299989818,10,1
1,3,1,0.447932800016133,10,1
1,3,1,0.449507799989078,10,1
1,3,1,0.358092300011776,10,1
1,1,1,0.449206299992511,10,1
1,3,1,0.421734000003198,10,1
0,3,0,0.475959600007627,10,1
0,3,1,0.645996300008846,10,0
0,1,1,0.541024499980267,10,0
0,2,1,0.631679399986751,10,0
0,3,1,0.712063199986005,10,0
0,3,0,0.448628599988297,10,1
0,1,1,0.78925029997481,10,0
0,1,1,0.866235499997856,10,0
0,2,1,0.899908099992899,10,0
0,1,0,0.764863299991703,10,1
0,2,1,0.74505379999755,10,0
0,3,1,0.581060700002126,10,0
0,1,1,0.817064800008666,10,0
0,3,1,0.549887999979546,10,0
0,2,1,0.808361100003822,10,0
0,2,1,0.547354400012409,10,0
0,3,1,0.652241100004176,10,0
0,2,1,0.843736699986039,10,0
0,2,0,0.640331800008425,10,1
0,2,1,0.54033679998247,10,0
0,2,1,0.700264199986123,10,0
0,3,1,0.622065899980953,10,0
0,2,0,0.687472299992805,10,1
0,1,1,0.841041600011522,10,0
0,2,1,0.673260700015817,10,0
0,1,1,0.568418200011365,10,0
0,1,1,0.547974499990232,10,0
0,2,1,0.657215000013821,10,0
0,1,1,0.715645499993116,10,0
0,2,1,0.531228500010911,10,0
0,1,1,0.57514099997934,10,0
0,2,1,0.962260500004049,10,0
0,1,0,0.483192500018049,10,1
0,3,1,0.634725700016133,10,0
0,3,0,0.58201429998735,10,1
0,2,0,0.702306899998803,10,1
0,3,1,0.678225299983751,10,0
0,1,1,0.52557440000237,10,0
0,2,1,0.692458200006513,10,0
0,3,1,0.688599499990232,10,0
0,3,1,0.744829300005222,10,0
0,1,1,0.638536400016164,10,0
0,1,1,0.624057300010463,10,0
0,1,1,0.567970400006743,10,0
0,3,1,0.70229049999034,10,0
0,2,1,0.528817600017646,10,0
0,3,0,0.524426599993603,10,1
0,3,1,0.694346100004623,10,0
0,2,1,0.611228299996583,10,0
0,3,1,0.512665799993556,10,0
0,3,1,0.455606200004695,10,0
0,2,1,0.612046299997019,10,0
0,3,1,0.510334499995224,10,0
0,2,1,0.566160100017441,10,0
0,3,1,0.865407600009348,10,0
0,2,1,0.612905200017849,10,0
0,3,0,0.464320200000657,10,1
0,3,1,0.670847599976696,10,0
0,2,1,0.488892199995462,10,0
0,3,1,0.770160200016107,10,0
0,3,1,0.615991500002565,10,0
0,2,1,0.538310200005071,10,0
0,1,1,0.910672099998919,10,0
0,1,1,0.525421300000744,10,0
0,3,1,0.701397600001656,10,0
0,1,1,0.649710600002436,10,0
0,2,1,0.707885799987707,10,0
0,3,1,0.614662599982694,10,0
0,2,1,0.269547899981262,10,0
0,2,1,0.490376100002322,10,0
0,2,1,0.516482800012454,10,0
0,1,1,0.573837600008119,10,0
0,1,1,0.654906199983088,10,0
0,1,1,0.511320899997372,10,0
0,1,1,0.635687699978007,10,0
0,1,1,0.482438600010937,10,0
0,1,1,0.629485900019063,10,0
0,1,1,0.670513099990785,10,0
0,1,1,0.538754800014431,10,0
0,2,0,0.797117800015258,10,1
0,1,1,0.70085530000506,10,0
0,2,1,0.885554699983913,10,0
0,3,1,0.681954500003485,10,0
0,1,1,0.863777699996717,10,0
0,1,1,1.05666729999939,10,0
0,1,1,0.309155800001463,10,0
0,2,1,0.415525199990952,10,0
0,3,1,0.649032899993472,10,0
0,1,0,0.45747590000974,10,1
0,3,1,0.598701799986884,10,0
0,3,1,0.641405300004408,10,0
0,2,0,0.566925399994943,10,1
0,3,1,0.709380600019358,10,0
0,1,1,0.886483299982501,10,0
0,2,1,0.65315600001486,10,0
0,3,1,0.52441519999411,10,0
0,2,1,0.549649900000077,10,0
0,3,1,0.579154999984894,10,0
0,3,1,0.660548999992898,10,0
0,2,1,0.532456699991599,10,0
0,3,1,0.452348099992378,10,0
0,2,1,0.601894099992933,10,0
0,2,1,0.533539299998665,10,0
0,1,0,0.352587899978971,10,1
0,3,1,0.550304100004723,10,0
0,2,1,0.702049499988789,10,0
0,1,1,0.652769000007538,10,0
0,3,1,0.427988299983554,10,0
0,1,1,0.523477399983676,10,0
0,2,1,0.479929000022821,10,0
0,1,0,0.284672000008868,10,1
0,2,1,0.587942299986025,10,0
0,1,0,0.420040500001051,10,1
0,2,1,0.433362099982332,10,0
0,1,1,0.686064100009389,10,0
0,3,0,0.526553199975751,10,1
0,1,1,0.591513899998972,10,0
0,3,1,0.618954600009602,10,0
0,2,1,0.526134099985939,10,0
0,1,1,0.710088199994061,10,0
0,2,1,0.668577700009337,10,0
0,2,1,0.533091799996328,10,0
0,2,1,0.571071800019126,10,0
0,2,1,0.534975299990037,10,0
0,2,1,0.680676499992842,10,0
0,2,1,0.434966500004521,10,0
0,3,0,0.511141800001496,10,1
0,3,1,0.632124700001441,10,0
0,1,1,0.735458699986339,10,0
0,3,1,0.571270600019488,10,0
0,3,1,0.537443499983056,10,0
0,3,1,0.613098700006958,10,0
0,1,1,0.526536999997916,10,0
0,2,0,0.425604599993676,10,1
0,3,1,0.438893399987137,10,0
0,1,1,0.539632800006075,10,0
0,1,1,0.706272599985823,10,0
0,1,1,0.37327730000834,10,0
0,1,1,0.397488599992357,10,0
0,2,1,0.567053900012979,10,0
0,3,1,0.290703800012125,10,0
0,2,1,0.453052600001683,10,0
0,3,1,0.500357700017048,10,0
0,2,0,0.487137699994491,10,1
0,1,1,0.695057099976111,10,0
0,1,1,0.532472799968673,10,0
0,2,1,0.400266099983128,10,0
0,2,1,0.392693799978588,10,0
0,1,1,0.35389159998158,10,0
0,2,1,0.523436999996193,10,0
0,3,1,0.532701999996789,10,0
0,1,0,0.743367099988973,10,1
0,3,0,0.52177560000564,10,1
0,1,1,0.641333299980033,10,0
0,3,1,0.632322199991904,10,0
0,3,1,0.669329900003504,10,0
0,2,1,0.70255969997379,10,0
0,3,1,0.624049500009278,10,0
0,3,1,0.614050899981521,10,0
0,2,1,0.867681599978823,10,0
0,1,1,0.903242000000319,10,0
0,3,1,0.658597700006794,10,0
0,2,1,0.53059760000906,10,0
0,3,1,0.549050100002205,10,0
0,3,1,0.611973599996418,10,0
0,1,1,0.59355809999397,10,0
0,2,1,0.593213899992406,10,0
0,3,1,0.433730000018841,10,0
0,3,1,0.661410800006706,10,0
0,2,0,0.258886099996744,10,1
0,1,1,0.374434700002894,10,0
0,1,1,0.570000499981688,10,0
0,1,1,0.541024900012417,10,0
0,3,0,0.328494399989722,10,1
0,1,0,0.526583300001221,10,1
0,1,1,0.518300100025954,10,0
0,1,0,0.338049199985107,10,1
0,2,1,0.499945099989418,10,0
0,1,0,0.33999879998737,10,1
0,3,1,0.413462199998321,10,0
1,3,1,0.5170335,11,1
1,2,1,0.5200724,11,1
1,1,1,0.4144529,11,1
1,3,1,0.2867608,11,1
1,1,1,0.3762932,11,1
1,3,1,0.2597439,11,1
1,2,0,0.6658318,11,0
1,2,0,0.3354614,11,0
1,1,1,0.4212086,11,1
1,2,0,0.8930123,11,0
1,2,1,0.5112658,11,1
1,3,1,0.2852952,11,1
1,3,1,0.5496314,11,1
1,3,1,0.4950671,11,1
1,2,0,0.4886145,11,0
1,2,0,0.4167746,11,0
1,1,1,0.6078627,11,1
1,1,1,0.4024531,11,1
1,1,1,0.5498837,11,1
1,2,1,0.461334,11,1
1,2,0,0.6578779,11,0
1,3,1,0.5629102,11,1
1,1,1,0.5394014,11,1
1,1,1,0.3736278,11,1
1,3,1,0.3627708,11,1
1,2,1,0.5310534,11,1
1,1,1,0.3603094,11,1
1,2,1,0.5574425,11,1
1,3,1,0.4015811,11,1
1,2,1,0.6104624,11,1
1,1,1,0.3134243,11,1
1,2,1,0.5138364,11,1
1,2,1,0.4703402,11,1
1,2,1,0.5221492,11,1
1,1,1,0.4147927,11,1
1,3,1,0.4279414,11,1
1,1,1,0.3401191,11,1
1,1,1,0.2767615,11,1
1,2,0,0.3706608,11,0
1,3,1,0.3153547,11,1
1,1,1,0.413459,11,1
1,3,0,0.3836019,11,0
1,3,1,0.5132597,11,1
1,3,1,0.3558554,11,1
1,3,1,0.3027117,11,1
1,1,1,0.4724204,11,1
1,2,1,0.718674,11,1
1,3,0,0.5158104,11,0
1,2,1,0.5193346,11,1
1,1,1,0.5290989,11,1
1,2,1,0.6425285,11,1
1,2,1,0.5078178,11,1
1,2,1,0.3730767,11,1
1,2,1,0.3686588,11,1
1,1,1,0.5447899,11,1
1,2,0,0.3935224,11,0
1,2,1,0.5066607,11,1
1,2,1,0.4500814,11,1
1,1,1,0.529452,11,1
1,1,1,0.3156361,11,1
1,3,1,0.6290083,11,1
1,3,1,0.3166286,11,1
1,1,1,0.5104936,11,1
1,1,1,0.4256123,11,1
1,2,1,0.5527428,11,1
1,2,1,0.2921148,11,1
1,1,1,0.4977891,11,1
1,3,1,0.343044,11,1
1,2,1,0.4547791,11,1
1,1,1,0.3268515,11,1
1,3,1,0.3894903,11,1
1,3,1,0.2873386,11,1
1,1,0,0.5350219,11,0
1,3,1,0.3821048,11,1
1,2,1,0.6276042,11,1
1,1,1,0.4024008,11,1
1,3,1,0.3893599,11,1
1,2,0,0.3888451,11,0
1,2,0,0.7875588,11,0
1,1,1,0.4359337,11,1
1,1,1,0.4746072,11,1
1,2,0,0.4670555,11,0
1,1,1,0.6101503,11,1
1,2,1,0.5761042,11,1
1,3,0,0.7275542,11,0
1,1,1,0.4734477,11,1
1,3,1,0.40155,11,1
1,1,1,0.5360014,11,1
1,3,1,0.7322919,11,1
1,3,1,0.4643685,11,1
1,3,0,0.6601771,11,0
1,3,1,0.5352907,11,1
1,2,0,0.5689651,11,0
1,3,1,0.5623951,11,1
1,2,0,0.5662826,11,0
1,3,1,0.404121,11,1
1,3,1,0.4681834,11,1
1,1,1,0.6762842,11,1
1,2,1,0.4717562,11,1
1,1,0,0.5159055,11,0
1,1,1,0.42408,11,1
1,1,1,0.4629565,11,1
1,1,1,0.4497871,11,1
1,1,1,0.5631396,11,1
1,3,1,0.3793538,11,1
1,3,1,0.3455601,11,1
1,3,1,0.2783691,11,1
1,3,1,0.5092383,11,1
1,1,1,0.2925148,11,1
1,2,1,0.3500392,11,1
1,2,0,0.4886066,11,0
1,2,1,0.3370209,11,1
1,3,1,0.3195088,11,1
1,1,1,0.379032,11,1
1,2,0,0.4480569,11,0
1,3,1,0.4370549,11,1
1,2,1,0.5865274,11,1
1,1,1,0.4060313,11,1
1,3,1,0.3450072,11,1
1,2,0,0.5643353,11,0
1,2,1,0.3414916,11,1
1,2,1,0.4041783,11,1
1,3,0,0.5915542,11,0
1,2,1,0.530543,11,1
1,1,1,0.4118122,11,1
1,1,1,0.45923,11,1
1,1,1,0.4147025,11,1
1,3,1,0.3057013,11,1
1,2,1,0.3175838,11,1
1,1,1,0.3370389,11,1
1,3,1,0.4643682,11,1
1,1,1,0.3262316,11,1
1,3,0,0.2531544,11,0
1,2,0,0.3826972,11,0
1,3,0,0.4539288,11,0
1,1,1,0.4188534,11,1
1,3,1,0.2666174,11,1
1,2,1,0.4953473,11,1
1,3,1,0.3975953,11,1
1,3,1,0.2922188,11,1
1,2,0,0.4149247,11,0
1,1,1,0.2221429,11,1
1,2,0,0.382361,11,0
1,1,1,0.4583781,11,1
1,1,1,0.3611501,11,1
1,3,0,0.4360591,11,0
1,2,0,0.3982277,11,0
1,3,1,0.5699864,11,1
1,3,0,0.4839922,11,0
1,3,1,0.3527076,11,1
1,2,0,0.4422796,11,0
1,2,0,0.3972952,11,0
1,3,1,0.4368151,11,1
1,1,1,0.3918387,11,1
1,2,1,0.5852467,11,1
1,3,1,0.5981743,11,1
1,3,0,0.3981489,11,0
1,2,0,0.4943461,11,0
1,3,1,0.4957217,11,1
1,1,1,0.3932463,11,1
1,3,1,0.2514582,11,1
1,3,1,0.4492736,11,1
1,1,1,0.5130433,11,1
1,1,1,0.2196447,11,1
1,3,0,0.2542937,11,0
1,2,0,0.3901676,11,0
1,2,0,0.3178527,11,0
1,1,1,0.3103675,11,1
1,1,1,0.3493743,11,1
1,2,0,0.3718124,11,0
1,1,1,0.5482171,11,1
1,2,0,0.3656567,11,0
1,1,1,0.5064207,11,1
1,1,1,0.456776,11,1
1,3,1,0.5760007,11,1
1,1,1,0.4709315,11,1
1,1,1,0.3576555,11,1
1,3,1,0.4305181,11,1
1,2,1,0.4795804,11,1
0,2,1,0.5186589,11,0
0,2,1,0.5995314,11,0
0,2,1,0.4951079,11,0
0,2,1,0.5446555,11,0
0,1,0,0.5487116,11,1
0,3,1,0.5050053,11,0
0,3,0,0.6356363,11,1
0,2,1,0.7179703,11,0
0,1,1,0.4975655,11,0
0,1,1,0.8153911,11,0
0,2,1,0.6663051,11,0
0,3,1,0.5292898,11,0
0,2,0,0.6169062,11,1
0,1,1,0.6764023,11,0
0,1,1,0.5569942,11,0
0,1,1,0.4548554,11,0
0,1,0,0.2967285,11,1
0,2,1,0.5114444,11,0
0,3,1,0.5591763,11,0
0,1,0,0.5803395,11,1
0,2,1,0.5987477,11,0
0,1,0,0.5632147,11,1
0,3,1,0.5732128,11,0
0,1,0,0.5847424,11,1
0,1,1,0.5705753,11,0
0,3,1,0.5877082,11,0
0,2,1,0.6270059,11,0
0,3,0,0.4895004,11,1
0,1,0,0.6514354,11,1
0,2,1,0.5285154,11,0
0,3,1,0.5537957,11,0
0,1,0,0.5158436,11,1
0,2,0,0.6459799,11,1
0,3,1,0.5450535,11,0
0,1,1,0.8329591,11,0
0,2,1,0.6076469,11,0
0,2,1,0.4124722,11,0
0,2,1,0.3439364,11,0
0,3,1,0.3987282,11,0
0,3,0,0.7093555,11,1
0,2,1,0.3728284,11,0
0,1,1,0.6733302,11,0
0,3,1,0.5146379,11,0
0,1,1,0.5193809,11,0
0,1,0,0.4369696,11,1
0,2,1,0.5324795,11,0
0,3,1,0.4725421,11,0
0,3,0,0.5626648,11,1
0,1,0,0.516241,11,1
0,3,0,0.6995983,11,1
0,1,1,1.0057578,11,0
0,1,1,0.7071444,11,0
0,1,0,0.4637607,11,1
0,2,1,0.4953228,11,0
0,2,0,0.6690353,11,1
0,2,1,0.541179,11,0
0,1,1,0.6763583,11,0
0,2,1,0.4440587,11,0
0,3,1,0.6103528,11,0
0,2,1,0.5950661,11,0
0,1,0,0.6230885,11,1
0,3,1,0.4624114,11,0
0,3,1,0.6841156,11,0
0,3,1,0.4479195,11,0
0,3,1,0.8711429,11,0
0,1,0,0.3690083,11,1
0,3,0,0.3899226,11,1
0,1,0,0.3328822,11,1
0,3,1,0.5566892,11,0
0,2,1,0.5802421,11,0
0,3,1,0.5581368,11,0
0,3,0,0.4132225,11,1
0,3,1,0.5596225,11,0
0,2,1,0.496253,11,0
0,1,0,0.4262692,11,1
0,1,1,0.4829774,11,0
0,2,1,0.6005843,11,0
0,2,1,0.4801097,11,0
0,3,1,0.4656786,11,0
0,1,1,0.5121215,11,0
0,2,1,0.5281358,11,0
0,2,1,0.5138728,11,0
0,3,1,0.5651685,11,0
0,1,0,0.4922271,11,1
0,3,1,0.5686847,11,0
0,2,1,0.4958966,11,0
0,1,1,0.6797684,11,0
0,1,0,0.4863662,11,1
0,2,1,0.6377531,11,0
0,1,1,0.7908586,11,0
0,1,1,0.5567871,11,0
0,2,1,0.5207144,11,0
0,3,0,0.4059713,11,1
0,2,1,0.5582562,11,0
0,2,0,0.8443894,11,1
0,1,1,0.5521652,11,0
0,1,1,0.559118,11,0
0,1,1,0.4823331,11,0
0,3,1,0.7558324,11,0
0,2,1,0.4998731,11,0
0,2,1,0.5536655,11,0
0,2,1,0.4013898,11,0
0,1,1,0.6740107,11,0
0,1,1,0.3476551,11,0
0,2,1,0.3944421,11,0
0,2,1,0.4416682,11,0
0,2,0,0.2625378,11,1
0,2,0,0.2981032,11,1
0,2,1,0.4237489,11,0
0,1,1,0.2549056,11,0
0,1,0,0.3179777,11,1
0,1,1,0.4514922,11,0
0,3,1,0.3488947,11,0
0,1,1,0.3601589,11,0
0,2,0,0.549628,11,1
0,2,0,0.2256416,11,1
0,2,1,0.5263561,11,0
0,1,0,0.3391655,11,1
0,1,1,0.5612971,11,0
0,1,0,0.3885959,11,1
0,1,0,0.4999857,11,1
0,1,1,0.5269379,11,0
0,3,0,0.4915498,11,1
0,3,0,0.2411962,11,1
0,1,0,0.477675,11,1
0,3,1,0.6965732,11,0
0,3,0,0.5162132,11,1
0,2,0,0.5906917,11,1
0,3,1,0.6330481,11,0
0,2,1,0.4978155,11,0
0,2,1,0.4110882,11,0
0,1,1,0.5169327,11,0
0,3,1,0.4674004,11,0
0,3,1,0.362646,11,0
0,3,1,0.5335984,11,0
0,2,1,0.4934471,11,0
0,3,1,0.4477107,11,0
0,2,1,0.3824679,11,0
0,3,1,0.4352518,11,0
0,3,1,0.5698156,11,0
0,3,0,0.3019191,11,1
0,2,1,0.5496682,11,0
0,1,0,0.2551774,11,1
0,3,1,0.4389711,11,0
0,3,0,0.7316681,11,1
0,3,1,0.4176176,11,0
0,3,0,0.5191249,11,1
0,1,1,0.4588388,11,0
0,2,1,0.3587244,11,0
0,2,1,0.4173171,11,0
0,2,0,0.7750852,11,1
0,3,1,0.5430126,11,0
0,2,1,0.4515733,11,0
0,1,1,0.4914245,11,0
0,2,1,0.5866678,11,0
0,1,1,0.3089386,11,0
0,3,0,0.4669332,11,1
0,3,1,0.4039739,11,0
0,3,1,0.5506596,11,0
0,2,1,0.3449954,11,0
0,1,1,0.2651661,11,0
0,2,1,0.4607304,11,0
0,2,1,0.3273935,11,0
0,3,0,0.2323705,11,1
0,3,1,0.5719372,11,0
0,3,1,0.3523972,11,0
0,2,1,0.5184312,11,0
0,3,0,0.5261577,11,1
0,1,1,0.4722352,11,0
0,1,1,0.4951863,11,0
0,1,0,0.3898057,11,1
0,1,1,0.4745756,11,0
0,3,1,0.4227765,11,0
0,3,1,0.3117332,11,0
0,3,1,0.4088351,11,0
0,3,1,0.638281,11,0
0,1,1,0.4449603,11,0
0,1,0,0.2994861,11,1
0,2,1,0.524504,11,0
1,2,1,0.517049500020221,12,1
1,2,1,0.6301510000485,12,1
1,2,1,0.308380400005262,12,1
1,3,1,0.574536500032991,12,1
1,2,0,0.449565199960489,12,0
1,2,1,0.806679599976633,12,1
1,3,1,0.680204699980095,12,1
1,2,1,0.491712799994275,12,1
1,2,0,0.542586199997459,12,0
1,3,0,0.572945499967318,12,0
1,2,0,0.540134800015949,12,0
1,1,1,0.534386600018479,12,1
1,1,0,0.488050899992231,12,0
1,3,1,0.713400400010869,12,1
1,1,1,0.801601999963168,12,1
1,3,1,0.680165599973407,12,1
1,1,1,0.667723499995191,12,1
1,2,1,0.635081999993417,12,1
1,2,0,0.405553000047803,12,0
1,1,1,0.560923699988052,12,1
1,1,0,0.557356300007086,12,0
1,3,1,0.551242499961518,12,1
1,2,1,0.577685800031759,12,1
1,2,0,0.75606849999167,12,0
1,2,1,0.523411599977408,12,1
1,1,1,0.593709899985697,12,1
1,3,1,0.800076099985745,12,1
1,2,1,0.714281699969433,12,1
1,3,1,0.537376899970695,12,1
1,2,1,0.668140899972059,12,1
1,1,1,0.54907110001659,12,1
1,3,0,0.783263699966483,12,0
1,2,1,0.847433599992655,12,1
1,2,1,0.582995700009633,12,1
1,1,1,0.509048099978827,12,1
1,3,1,0.692326100019272,12,1
1,3,0,0.887924899987411,12,0
1,1,1,0.662560000026133,12,1
1,3,1,0.772280200035311,12,1
1,1,1,0.68935820000479,12,1
1,1,1,0.557791200000793,12,1
1,1,1,0.513942899997346,12,1
1,1,1,0.625815500039607,12,1
1,2,0,0.519932500028517,12,0
1,3,1,0.643890200008173,12,1
1,3,1,0.703600800014101,12,1
1,3,0,0.552623499999754,12,0
1,1,0,0.700506199966185,12,0
1,3,1,0.617682399984915,12,1
1,1,1,0.51301539997803,12,1
1,2,0,0.573915300017688,12,0
1,3,1,0.493947699957062,12,1
1,1,1,0.758315299986862,12,1
1,1,1,0.701389399997424,12,1
1,1,1,0.52548500004923,12,1
1,1,1,0.525893300015014,12,1
1,2,0,0.88381319999462,12,0
1,3,1,0.770053999964148,12,1
1,2,1,0.804844799975399,12,1
1,2,1,0.398986400046851,12,1
1,2,1,0.693267800030299,12,1
1,2,1,0.478046600008383,12,1
1,3,1,0.6808928999817,12,1
1,3,0,0.821611299994402,12,0
1,1,1,0.604375800001435,12,1
1,1,1,0.351755500014406,12,1
1,3,0,0.323327400023118,12,0
1,3,1,0.397898500028532,12,1
1,3,0,0.693766500044148,12,0
1,3,1,0.390076000010595,12,1
1,2,0,0.532036999997217,12,0
1,2,1,0.374960599991027,12,1
1,3,1,0.705696000019088,12,1
1,3,0,0.355241900018882,12,0
1,1,1,0.491222999989986,12,1
1,3,0,0.618201200035401,12,0
1,2,0,0.395139899977949,12,0
1,2,1,0.428162599971984,12,1
1,3,0,0.328892599965911,12,0
1,1,1,0.467713700025342,12,1
1,3,1,0.636129500053357,12,1
1,1,1,0.673609399993438,12,1
1,1,1,0.321473299991339,12,1
1,2,1,0.67635840002913,12,1
1,1,1,0.53550500003621,12,1
1,1,1,0.442086499999277,12,1
1,3,1,0.48902320000343,12,1
1,2,0,0.543828400026541,12,0
1,2,1,0.581693199987058,12,1
1,1,1,0.467349999991711,12,1
1,1,1,0.284969000029378,12,1
1,2,1,0.917524899996351,12,1
1,1,1,0.497606899996754,12,1
1,3,1,0.670502800028771,12,1
1,3,1,0.772712799953297,12,1
1,2,1,0.805612399999518,12,1
1,1,1,0.454590699984692,12,1
1,2,1,0.683103899995331,12,1
1,2,0,0.744943999976385,12,0
1,3,1,0.74107000004733,12,1
1,3,1,0.720765800040681,12,1
1,2,0,0.722910799959209,12,0
1,1,1,0.485048900009133,12,1
1,2,1,0.469741699984297,12,1
1,2,1,0.50039589998778,12,1
1,3,1,0.598584700026549,12,1
1,1,1,0.608660199970473,12,1
1,1,1,0.567027500015683,12,1
1,3,1,0.569783599989023,12,1
1,1,1,0.532262199965771,12,1
1,3,1,0.687578900018707,12,1
1,1,1,0.540300299995579,12,1
1,1,1,0.445890899980441,12,1
1,1,1,0.405866600049194,12,1
1,2,1,0.534850600000937,12,1
1,1,0,0.51617899996927,12,0
1,3,1,0.62318650004454,12,1
1,3,1,0.408154999953695,12,1
1,1,1,0.447071000002325,12,1
1,1,1,0.657267100003082,12,1
1,3,1,0.712886599998455,12,1
1,2,1,0.391137099999469,12,1
1,2,1,0.451337400008924,12,1
1,2,1,0.425980800006073,12,1
1,3,0,0.68776760000037,12,0
1,3,1,0.483026799978688,12,1
1,1,1,0.479462100018281,12,1
1,3,1,0.55527000001166,12,1
1,3,1,0.433830099995248,12,1
1,2,1,0.565051999990828,12,1
1,1,1,0.516701899992768,12,1
1,2,1,0.514780699973926,12,1
1,3,0,0.504391600028612,12,0
1,1,0,0.464073300012387,12,0
1,2,1,0.566548599977978,12,1
1,3,1,0.790166400023736,12,1
1,3,0,0.56514680001419,12,0
1,2,1,0.722429000015836,12,1
1,1,1,0.50963269994827,12,1
1,3,1,0.526235099998303,12,1
1,2,1,0.451873200014234,12,1
1,3,1,0.54433980002068,12,1
1,1,1,0.493300300033297,12,1
1,3,1,0.631539699970745,12,1
1,2,1,0.536821599991526,12,1
1,2,0,0.755714200029615,12,0
1,3,1,0.731205799966119,12,1
1,2,1,0.51313300000038,12,1
1,1,1,0.618740899953991,12,1
1,1,1,0.331773500016425,12,1
1,2,1,0.513293399999384,12,1
1,2,1,0.693799900007434,12,1
1,2,1,0.637471300025936,12,1
1,2,1,0.517851199954748,12,1
1,1,1,0.644393099995796,12,1
1,2,1,0.567112699965946,12,1
1,2,1,0.465021600015461,12,1
1,1,0,0.544992500043008,12,0
1,1,1,0.752428099978715,12,1
1,1,1,0.535348100005649,12,1
1,3,1,0.760653999983333,12,1
1,3,1,0.606803699978627,12,1
1,3,1,0.635572500003036,12,1
1,1,0,0.564059900003485,12,0
1,3,1,0.703262399998493,12,1
1,3,1,0.650994699972216,12,1
1,3,1,0.542538100038655,12,1
1,2,1,0.671485400001984,12,1
1,1,1,0.565229300002102,12,1
1,2,1,0.686785500030965,12,1
1,2,1,0.632759900006931,12,1
1,3,0,0.531504199956544,12,0
1,1,1,0.517828800017014,12,1
1,1,0,0.53282439999748,12,0
1,1,1,0.323778599966317,12,1
1,1,1,0.282750600017607,12,1
1,1,1,0.351058000000194,12,1
1,2,1,0.598429500008933,12,1
0,1,1,0.59917260002112,12,0
0,2,1,0.682834099978209,12,0
0,3,1,0.62278299999889,12,0
0,1,1,0.535774599993601,12,0
0,2,1,0.772571600042284,12,0
0,2,1,0.584374300029594,12,0
0,1,1,0.753190900024492,12,0
0,3,1,0.475103800010402,12,0
0,3,1,0.637365699978545,12,0
0,2,1,0.756466799997725,12,0
0,2,0,0.604627699998673,12,1
0,2,1,0.359033599961549,12,0
0,3,1,0.515656900010072,12,0
0,2,1,0.737101100035943,12,0
0,2,0,0.969384299998637,12,1
0,2,1,0.648264599964023,12,0
0,1,1,0.782765999960247,12,0
0,2,1,0.636138800007757,12,0
0,2,1,0.42914749996271,12,0
0,3,1,0.649415299994871,12,0
0,1,1,0.63515919999918,12,0
0,1,1,0.52894180000294,12,0
0,1,0,0.677340700000059,12,1
0,2,1,0.639799800002947,12,0
0,3,1,0.580338799976744,12,0
0,2,1,0.471705599979032,12,0
0,3,0,0.59338429995114,12,1
0,3,1,0.660116900049616,12,0
0,2,1,0.760851499973796,12,0
0,3,1,0.686594299972057,12,0
0,3,1,0.392928200017195,12,0
0,2,1,0.720626700029243,12,0
0,1,1,0.581302299979143,12,0
0,2,1,0.656363399990369,12,0
0,2,1,0.543155900028069,12,0
0,3,0,0.949392699985765,12,1
0,1,1,0.722667599970009,12,0
0,3,1,0.624583000026178,12,0
0,2,1,0.741881099995226,12,0
0,1,1,0.700355100037996,12,0
0,2,0,0.597791600041091,12,1
0,2,1,0.821272099972703,12,0
0,1,1,0.464711900043767,12,0
0,3,1,0.789129400043748,12,0
0,3,1,0.479264899971895,12,0
0,3,1,0.364950700022746,12,0
0,2,0,0.612052700016648,12,1
0,1,0,0.698300999996718,12,1
0,3,1,0.464749999984633,12,0
0,2,1,0.537176000012551,12,0
0,1,1,0.577748699986842,12,0
0,2,1,0.552828600048088,12,0
0,1,1,0.604782500013243,12,0
0,3,0,0.772860100027174,12,1
0,1,0,0.721272700000554,12,1
0,2,1,0.731528399977833,12,0
0,2,1,0.517307600006461,12,0
0,1,1,0.3809220000403,12,0
0,1,1,0.309842699964065,12,0
0,3,0,0.689730599988252,12,1
0,2,1,0.509445799980313,12,0
0,3,1,0.610866200004239,12,0
0,3,1,0.634745999996085,12,0
0,3,1,0.747377099993173,12,0
0,3,1,0.63962829997763,12,0
0,2,1,0.916754100006074,12,0
0,1,1,0.938065099995583,12,0
0,3,1,0.561411200033035,12,0
0,1,1,0.643462799955159,12,0
0,2,1,0.704508499999065,12,0
0,1,0,0.655173199949786,12,1
0,1,1,0.508960099949036,12,0
0,3,1,0.500458499998786,12,0
0,2,1,0.920944000012241,12,0
0,3,1,0.850928500003647,12,0
0,1,0,0.514502900012303,12,1
0,1,1,0.463684400019702,12,0
0,1,1,0.583421699993778,12,0
0,1,1,0.573698199994396,12,0
0,3,1,0.607115200022236,12,0
0,3,0,0.707458199991379,12,1
0,1,1,0.579534500022419,12,0
0,1,1,0.415932899981271,12,0
0,1,1,0.393741599982604,12,0
0,1,1,0.332095900026616,12,0
0,1,1,0.581054700014647,12,0
0,2,1,0.479087699961383,12,0
0,1,1,0.500825299997814,12,0
0,3,1,0.84456430003047,12,0
0,1,1,0.521929800044745,12,0
0,2,1,0.647122999944258,12,0
0,2,1,0.571435299993027,12,0
0,1,1,0.511736200016458,12,0
0,2,1,0.399281400023028,12,0
0,3,1,0.562819899991155,12,0
0,3,1,0.576699099969119,12,0
0,3,1,0.860959900019225,12,0
0,2,1,0.703752899949905,12,0
0,1,1,0.583615400013514,12,0
0,2,1,0.61424620001344,12,0
0,1,1,0.65133700001752,12,0
0,1,1,0.614090199989732,12,0
0,1,1,0.585125699988566,12,0
0,3,1,0.614184300007764,12,0
0,3,1,0.624713400029577,12,0
0,1,1,0.59157689998392,12,0
0,1,1,0.628489099966828,12,0
0,2,1,0.55754780001007,12,0
0,3,1,0.56386279995786,12,0
0,1,0,0.487982799997553,12,1
0,3,1,0.685150400036946,12,0
0,2,1,0.814374100009445,12,0
0,1,1,0.605592100007925,12,0
0,1,1,0.605273800028954,12,0
0,1,1,0.609111700032372,12,0
0,2,1,0.562998800014611,12,0
0,1,1,0.697466499987058,12,0
0,3,0,0.521019100036938,12,1
0,2,1,0.718311099975836,12,0
0,3,1,0.578207099984866,12,0
0,1,1,0.620118400023784,12,0
0,2,1,0.753115600033198,12,0
0,1,1,0.509071000036784,12,0
0,1,1,0.477871999959461,12,0
0,2,0,0.617298699973617,12,1
0,3,1,0.645293800043873,12,0
0,3,1,0.562254099990241,12,0
0,1,1,0.563240699993912,12,0
0,3,0,0.674556799989659,12,1
0,2,0,0.532143299991731,12,1
0,1,1,0.871412900043651,12,0
0,3,0,0.415389599977061,12,1
0,3,0,0.509159700013697,12,1
0,1,1,0.749784599989653,12,0
0,3,1,0.591915099998005,12,0
0,2,1,0.649138599983416,12,0
0,3,1,0.898592899960931,12,0
0,3,1,0.571912800020073,12,0
0,3,1,0.683083899959456,12,0
0,1,1,0.669047300005332,12,0
0,2,1,0.575060200004373,12,0
0,3,1,0.7138253999874,12,0
0,1,0,0.410686100018211,12,1
0,1,1,0.689914700051304,12,0
0,2,1,0.716691899986472,12,0
0,2,1,0.835881899984088,12,0
0,3,0,0.734325699973851,12,1
0,2,1,0.777328600001056,12,0
0,3,1,0.894035800010897,12,0
0,3,1,0.577009500004351,12,0
0,2,1,0.548889300029259,12,0
0,3,1,0.649144300026819,12,0
0,2,0,0.668263000028674,12,1
0,1,1,0.598609799984843,12,0
0,1,1,0.612347800051793,12,0
0,3,0,0.596273399947677,12,1
0,2,0,0.401180199987721,12,1
0,2,1,0.672641100012697,12,0
0,2,1,0.540741299977526,12,0
0,2,1,0.565146000008099,12,0
0,2,1,0.531103499990422,12,0
0,3,1,0.68692840001313,12,0
0,2,1,0.677341799950227,12,0
0,2,1,0.465284499980044,12,0
0,2,1,0.593907100032084,12,0
0,1,1,0.574409199994989,12,0
0,1,1,0.521388599998318,12,0
0,2,0,0.571310799976345,12,1
0,3,1,0.65170509996824,12,0
0,3,0,0.578049100004137,12,1
0,1,1,0.559163599973544,12,0
0,1,1,0.620364199974574,12,0
0,3,1,0.665884900023229,12,0
0,3,1,0.618210999993607,12,0
0,1,1,0.609355700027663,12,0
0,2,0,0.478998799982946,12,1
1,2,1,1.00291109998943,13,1
1,1,1,0.750278400024399,13,1
1,2,1,0.672697299974971,13,1
1,2,1,0.650417500000913,13,1
1,3,1,0.601555500004906,13,1
1,3,0,0.763938600022811,13,0
1,2,1,0.801014500029851,13,1
1,2,1,0.695689199957997,13,1
1,2,1,0.552308799989987,13,1
1,1,1,0.635215599962976,13,1
1,2,1,0.482534000009764,13,1
1,3,1,0.67436230002204,13,1
1,1,1,0.512447699962649,13,1
1,1,1,0.524482800043188,13,1
1,1,1,0.496094300004188,13,1
1,1,1,0.420748800039291,13,1
1,1,1,0.682759900053497,13,1
1,2,1,0.634409400052391,13,1
1,3,1,0.831681500014383,13,1
1,3,1,0.947825299983378,13,1
1,3,1,0.472513900022022,13,1
1,3,1,0.565578299982008,13,1
1,2,1,0.74903369997628,13,1
1,3,1,0.687738200009335,13,1
1,2,1,0.514808200008702,13,1
1,1,1,0.601375799975358,13,1
1,1,1,0.50398400000995,13,1
1,1,1,0.662571099994238,13,1
1,2,1,0.758207000035327,13,1
1,2,1,0.483254100021441,13,1
1,3,1,0.560020299977623,13,1
1,3,1,0.494414300017525,13,1
1,3,1,0.638914400013164,13,1
1,3,1,0.464475499989931,13,1
1,2,1,0.500745599973015,13,1
1,3,1,0.558545799984131,13,1
1,3,1,0.627781599992886,13,1
1,2,1,0.477173599996604,13,1
1,2,1,0.684059499995783,13,1
1,2,1,0.622496499971021,13,1
1,1,1,0.484615400026087,13,1
1,1,1,0.373872500029393,13,1
1,3,1,0.564071500033606,13,1
1,1,1,0.568929700006265,13,1
1,3,1,0.556528200046159,13,1
1,3,1,0.583491800003685,13,1
1,1,1,0.427836799994111,13,1
1,1,1,0.481140799995046,13,1
1,2,1,0.556010200001765,13,1
1,3,1,0.520074100000784,13,1
1,2,1,0.463965900009498,13,1
1,1,1,0.382486199960113,13,1
1,3,1,0.422919699980412,13,1
1,3,1,0.366188199957833,13,1
1,1,1,0.461442500003614,13,1
1,3,1,0.628161999979056,13,1
1,2,1,0.507112799969036,13,1
1,1,1,0.568890499998815,13,1
1,1,1,0.461206200008746,13,1
1,1,1,0.740560900012497,13,1
1,1,1,0.500433999986853,13,1
1,3,1,0.452468400006182,13,1
1,3,1,0.702622500015423,13,1
1,3,1,0.535373299964704,13,1
1,2,1,0.686721500009298,13,1
1,3,1,0.575290300010238,13,1
1,1,1,0.455463299993426,13,1
1,3,1,0.672277500038035,13,1
1,3,1,0.643286400008947,13,1
1,2,1,0.525492499989923,13,1
1,3,1,0.495878400048241,13,1
1,1,1,0.549141600029543,13,1
1,2,1,0.429973100021016,13,1
1,1,1,0.576191900006961,13,1
1,1,1,0.546738000004552,13,1
1,2,1,0.478228299994953,13,1
1,2,1,0.547287499997765,13,1
1,1,1,0.439949799969327,13,1
1,1,1,0.507738000014797,13,1
1,2,1,0.557705899991561,13,1
1,2,1,0.580409699992742,13,1
1,1,1,0.461850400024559,13,1
1,1,1,0.494968100043479,13,1
1,3,1,0.719752500008326,13,1
1,1,1,0.501159899984486,13,1
1,2,1,0.642006199981552,13,1
1,3,1,0.520152500015683,13,1
1,2,1,0.561273399973288,13,1
1,1,1,0.704398799978662,13,1
1,1,1,0.663621099956799,13,1
1,1,1,0.481167699967045,13,1
1,2,1,0.550511800043751,13,1
1,2,1,0.699913599994034,13,1
1,3,1,0.642546799965203,13,1
1,3,1,0.613743699970655,13,1
1,2,1,0.547241499996744,13,1
1,2,1,0.362870300014038,13,1
1,2,1,0.667797500034794,13,1
1,2,1,0.482285199977923,13,1
1,3,1,0.661825900024269,13,1
1,3,1,0.677722199994605,13,1
1,2,1,0.407331600028556,13,1
1,2,1,0.469344699988142,13,1
1,3,1,0.729783500020858,13,1
1,2,1,0.507815000019036,13,1
1,1,1,0.465705299982801,13,1
1,1,1,0.428036500001326,13,1
1,3,1,0.544022299989592,13,1
1,1,1,0.456584799976554,13,1
1,3,1,0.624025099969003,13,1
1,3,1,0.565237200004049,13,1
1,3,1,0.597053199948277,13,1
1,1,1,0.768944500014186,13,1
1,3,1,0.623581899970304,13,1
1,2,1,0.798310900048818,13,1
1,3,0,0.378672300023027,13,0
1,2,1,0.589973299996927,13,1
1,2,1,0.548027899989393,13,1
1,3,1,0.658382800000254,13,1
1,1,1,0.476498799980618,13,1
1,3,1,0.450385299976915,13,1
1,3,1,0.668209599971306,13,1
1,2,1,0.485353500000201,13,1
1,3,1,0.575736799975857,13,1
1,2,1,0.419022800051607,13,1
1,2,1,0.482681199966464,13,1
1,2,1,0.486435999977402,13,1
1,2,1,0.380514100019354,13,1
1,1,1,0.386248599970713,13,1
1,1,1,0.384607999993023,13,1
1,1,1,0.361691199999768,13,1
1,2,1,0.523786499979906,13,1
1,1,1,0.536637000041083,13,1
1,3,1,0.667806299985386,13,1
1,2,1,0.70074509998085,13,1
1,1,1,0.546720000042114,13,1
1,1,1,0.49887419998413,13,1
1,2,1,0.578278500004672,13,1
1,1,1,0.674309299967717,13,1
1,1,1,0.449865900038276,13,1
1,1,1,0.529805400001351,13,1
1,1,0,0.539667200006079,13,0
1,3,1,0.619629200024065,13,1
1,1,1,0.450246300024446,13,1
1,1,1,0.469869400025345,13,1
1,1,1,0.857290299958549,13,1
1,3,1,0.665440699958708,13,1
1,2,1,0.910484199994244,13,1
1,2,1,0.480293700005859,13,1
1,3,0,0.435989800025709,13,0
1,2,1,0.534582099993713,13,1
1,2,1,0.503920299990568,13,1
1,1,1,0.391675399965607,13,1
1,2,0,0.559645300032571,13,0
1,1,1,0.527581100002863,13,1
1,3,1,0.934229200007394,13,1
1,3,1,0.742274899967015,13,1
1,2,1,0.840935899992473,13,1
1,3,1,0.542304199945647,13,1
1,2,0,0.796839499962516,13,0
1,3,1,0.865222099993844,13,1
1,1,1,0.63752220000606,13,1
1,3,1,0.474940599990077,13,1
1,3,1,0.506376800010912,13,1
1,1,1,0.552487200009637,13,1
1,3,1,0.472243299998809,13,1
1,3,1,0.565656599996146,13,1
1,3,1,0.518775900010951,13,1
1,2,1,0.825097699998878,13,1
1,3,1,0.524003200000152,13,1
1,1,1,0.509715199994389,13,1
1,2,1,0.663268500007689,13,1
1,2,1,0.474740499979816,13,1
1,1,1,0.555701999983285,13,1
1,2,1,0.537294999987353,13,1
1,2,1,0.498060900019482,13,1
1,1,1,0.463661599962506,13,1
0,2,1,0.533874700020533,13,0
0,3,1,0.720842399983667,13,0
0,2,1,0.74622209998779,13,0
0,1,1,0.626299199997447,13,0
0,3,1,0.654038299981039,13,0
0,1,1,0.611893100023735,13,0
0,3,1,0.477141699986532,13,0
0,1,1,0.664293500012718,13,0
0,1,1,0.890295799996238,13,0
0,1,1,0.56240340002114,13,0
0,3,1,0.560057300026529,13,0
0,3,1,1.03759050002554,13,0
0,2,1,0.580718900018837,13,0
0,3,1,0.733250799996313,13,0
0,2,1,0.481093100039288,13,0
0,3,1,0.543841199949384,13,0
0,1,1,0.993195700051729,13,0
0,3,1,0.489633699995466,13,0
0,2,1,0.583666000049561,13,0
0,3,1,0.711790600034874,13,0
0,3,1,0.918788700015284,13,0
0,1,1,0.575336900015827,13,0
0,3,1,0.641163700027391,13,0
0,2,1,0.543429200013634,13,0
0,2,1,0.499156099976972,13,0
0,2,1,0.515945999999531,13,0
0,1,1,0.611786400026176,13,0
0,3,1,0.926208499993663,13,0
0,2,1,0.523453700006939,13,0
0,1,1,0.518877999973483,13,0
0,1,1,0.481011199997738,13,0
0,2,1,0.6079444999923,13,0
0,2,1,0.720747100014705,13,0
0,2,1,0.551366900035646,13,0
0,2,0,0.514404300018214,13,1
0,1,1,0.579178999993019,13,0
0,2,1,0.716247100033797,13,0
0,3,1,0.455802500015125,13,0
0,2,1,0.518642899987753,13,0
0,3,1,0.613419900008012,13,0
0,3,1,0.748075799958315,13,0
0,1,1,0.707415700017009,13,0
0,2,1,0.452789800008759,13,0
0,1,1,0.493987100024242,13,0
0,2,1,0.527131300012115,13,0
0,3,1,0.635218699986581,13,0
0,2,1,0.534054899995681,13,0
0,1,1,0.690232400025707,13,0
0,3,1,0.444471499999054,13,0
0,3,1,0.543312900001183,13,0
0,2,1,0.437275700038299,13,0
0,3,1,0.451541000045836,13,0
0,2,1,0.714315099990927,13,0
0,3,1,0.646609599993099,13,0
0,1,1,0.83367109997198,13,0
0,3,1,0.761659000010695,13,0
0,3,1,0.732267000013962,13,0
0,1,1,0.46605799999088,13,0
0,3,1,0.517084399994928,13,0
0,2,1,0.676856599980965,13,0
0,1,1,0.496432500018273,13,0
0,3,1,0.619224600028247,13,0
0,3,1,0.469547700020485,13,0
0,1,1,0.628494700009469,13,0
0,1,1,0.486801599967293,13,0
0,1,1,0.561593100021128,13,0
0,2,1,0.560504799999762,13,0
0,2,1,0.60696329997154,13,0
0,1,1,0.64497050002683,13,0
0,2,1,0.708964299992658,13,0
0,1,1,0.60540860000765,13,0
0,3,1,0.843338900012895,13,0
0,3,1,0.490852200018708,13,0
0,3,1,0.518741799984127,13,0
0,3,1,0.81147840002086,13,0
0,2,1,0.590785600012168,13,0
0,1,1,0.590421999979299,13,0
0,3,1,0.686402999970596,13,0
0,1,1,0.837076900003012,13,0
0,3,1,0.656039000023156,13,0
0,2,1,0.52143610001076,13,0
0,3,1,0.741478799958713,13,0
0,2,1,0.57323360000737,13,0
0,2,1,0.495214599999599,13,0
0,2,1,0.481260300031863,13,0
0,3,1,0.515214400016703,13,0
0,3,1,0.505174999998417,13,0
0,1,1,0.586190000001807,13,0
0,2,1,0.537449900002684,13,0
0,1,1,0.407296699995641,13,0
0,1,1,0.468641799991019,13,0
0,1,1,0.669370600022376,13,0
0,1,1,0.54087610001443,13,0
0,2,1,0.494500799977686,13,0
0,1,1,0.523855400038883,13,0
0,1,0,0.575472299999092,13,1
0,1,1,0.83097299997462,13,0
0,3,1,0.451184500008821,13,0
0,3,1,0.622008199978154,13,0
0,1,1,0.495339899964165,13,0
0,3,1,0.666934700042475,13,0
0,1,1,0.563999399950262,13,0
0,3,1,0.791785400011577,13,0
0,1,1,0.630159199994523,13,0
0,2,1,0.470324599999003,13,0
0,3,1,0.644194699998479,13,0
0,1,1,0.500763199990615,13,0
0,2,1,0.894623000000138,13,0
0,2,1,0.662349499994889,13,0
0,1,1,0.738160000008065,13,0
0,3,1,0.652106699999422,13,0
0,3,1,0.559548599994741,13,0
0,3,1,0.671245300036389,13,0
0,2,1,0.453385300002992,13,0
0,2,1,0.53493670001626,13,0
0,2,1,0.461374600010458,13,0
0,1,0,0.39902329997858,13,1
0,3,1,0.503326600010041,13,0
0,2,1,0.478471800044645,13,0
0,3,1,0.630890299973544,13,0
0,2,1,0.764753600000404,13,0
0,2,1,0.633383799984585,13,0
0,1,0,0.709889699995983,13,1
0,1,1,1.0036024999572,13,0
0,3,1,0.746042099955957,13,0
0,1,1,0.462008499947842,13,0
0,2,1,0.420494499965571,13,0
0,1,1,0.461344400013331,13,0
0,1,1,0.4936792999506,13,0
0,1,1,0.581354999972973,13,0
0,2,1,0.629743100027554,13,0
0,3,1,0.742125399992801,13,0
0,2,1,0.659937100019306,13,0
0,3,1,0.494373199995607,13,0
0,2,1,0.471504400018603,13,0
0,3,1,0.628598299983423,13,0
0,3,1,0.615977499983273,13,0
0,3,1,0.59072679997189,13,0
0,2,1,0.526848000008613,13,0
0,2,1,0.481132900051307,13,0
0,1,1,0.561107099987566,13,0
0,2,1,0.566738900030032,13,0
0,1,0,0.619960999989416,13,1
0,2,1,0.668463499983773,13,0
0,2,1,0.569793700007722,13,0
0,1,1,0.740941199997906,13,0
0,1,1,1.05681169999298,13,0
0,2,1,0.506121499987785,13,0
0,3,1,0.649315800052136,13,0
0,3,1,0.472140999976546,13,0
0,3,1,0.380487199989147,13,0
0,3,1,0.571402399975341,13,0
0,3,1,0.537787899957038,13,0
0,1,1,0.650264400057495,13,0
0,3,1,0.491613899997901,13,0
0,1,0,0.549180499976501,13,1
0,2,1,0.608095899980981,13,0
0,1,1,0.567725500033703,13,0
0,1,1,0.734513800009154,13,0
0,2,1,0.535623100004159,13,0
0,2,1,0.562291899987031,13,0
0,1,1,0.619137900008354,13,0
0,1,1,0.693974299996626,13,0
0,2,1,0.865102800016757,13,0
0,1,1,0.490030200046021,13,0
0,1,1,0.714200299989898,13,0
0,2,1,0.488915900001302,13,0
0,3,1,0.65470340003958,13,0
0,1,1,0.472982999985106,13,0
0,2,1,0.557756399968639,13,0
0,2,1,0.479147900012322,13,0
0,2,1,0.483816699997988,13,0
0,1,1,0.43147469998803,13,0
0,3,1,0.561576100008097,13,0
0,2,1,0.727443999960087,13,0
0,1,1,0.606813699996565,13,0
0,3,1,0.816469299956225,13,0
0,3,1,0.53440689999843,13,0
0,2,1,0.755831199989188,13,0
1,3,0,0.419663999986369,14,0
1,3,1,0.865966700017452,14,1
1,2,0,0.509908499952871,14,0
1,2,1,0.830983599997126,14,1
1,1,1,0.535588699975051,14,1
1,1,1,0.682037800026592,14,1
1,3,0,0.67059930000687,14,0
1,1,1,0.912282400007825,14,1
1,1,1,0.56110940000508,14,1
1,1,1,0.675319499976467,14,1
1,1,1,0.456881600024644,14,1
1,3,0,0.873700500000268,14,0
1,3,1,0.482721599983051,14,1
1,1,1,0.562516200006939,14,1
1,2,0,0.86651779996464,14,0
1,1,0,0.593936299963389,14,0
1,2,0,0.657179300033022,14,0
1,2,1,0.587544499954674,14,1
1,2,1,0.888563300017267,14,1
1,3,0,0.742453599988949,14,0
1,1,1,0.625762999989092,14,1
1,1,1,0.510063100024126,14,1
1,3,1,0.818456200009678,14,1
1,3,1,0.641467000008561,14,1
1,3,1,0.538229400001001,14,1
1,2,1,1.04777780000586,14,1
1,2,1,0.448875300004147,14,1
1,3,1,0.89837999996962,14,1
1,2,1,0.476605999981984,14,1
1,1,1,0.454689500038512,14,1
1,3,1,0.834346499992535,14,1
1,1,1,0.411093299975619,14,1
1,1,1,0.54744260001462,14,1
1,3,0,0.26050450000912,14,0
1,1,1,0.505979500012472,14,1
1,2,1,0.590260299970396,14,1
1,3,1,0.816742999944836,14,1
1,3,1,0.501662799972109,14,1
1,2,0,0.923431699979119,14,0
1,3,1,0.716425599996001,14,1
1,1,0,0.774584099999629,14,0
1,3,0,0.695339599973522,14,0
1,1,1,0.938614299986511,14,1
1,2,1,0.870419000042602,14,1
1,3,0,0.606891500006896,14,0
1,3,1,0.758828400052153,14,1
1,3,0,1.01886780001223,14,0
1,1,1,0.591942099970765,14,1
1,3,1,0.525648099952377,14,1
1,3,1,0.416041899996344,14,1
1,2,0,0.622046500036959,14,0
1,3,1,0.681612999993376,14,1
1,3,1,0.523599499952979,14,1
1,3,1,0.720680000027642,14,1
1,3,1,0.599327299976721,14,1
1,2,1,0.813781999982893,14,1
1,2,1,0.645426699949894,14,1
1,1,1,0.540610999974888,14,1
1,1,1,0.587485999974888,14,1
1,2,0,0.590794199961238,14,0
1,2,0,0.556390699988697,14,0
1,3,0,0.704439699999057,14,0
1,2,1,0.675419099978171,14,1
1,3,1,0.70370059995912,14,1
1,1,1,0.526411099999677,14,1
1,2,1,0.761024900013581,14,1
1,2,1,0.685997000022326,14,1
1,2,1,0.695201300026383,14,1
1,3,1,0.86591579997912,14,1
1,1,1,0.654426499968395,14,1
1,3,1,0.807492399995681,14,1
1,2,1,0.735584300011396,14,1
1,3,1,0.840543599973898,14,1
1,2,0,0.977450300008059,14,0
1,3,1,0.614149699977133,14,1
1,1,0,0.959163399995305,14,0
1,3,1,0.71863509999821,14,1
1,2,1,0.538697900017723,14,1
1,2,1,0.72460359998513,14,1
1,1,1,0.495429300004616,14,1
1,2,1,0.657694800000172,14,1
1,1,1,0.61776460002875,14,1
1,1,1,0.43002659996273,14,1
1,2,1,0.601026299991645,14,1
1,3,1,0.643440699961502,14,1
1,1,1,0.499325499986298,14,1
1,3,1,0.66648279997753,14,1
1,2,1,0.707050299970433,14,1
1,2,1,0.579448900010902,14,1
1,1,1,0.461918699962553,14,1
1,3,1,0.464969699969515,14,1
1,3,1,0.552036100008991,14,1
1,3,1,0.546297799970489,14,1
1,1,1,0.638289500027895,14,1
1,2,0,0.725574999989476,14,0
1,3,1,0.536792900005821,14,1
1,2,1,0.512722799961921,14,1
1,2,1,0.899626399972476,14,1
1,2,1,0.883091600029729,14,1
1,2,1,0.584168000030331,14,1
1,2,1,0.708163100003731,14,1
1,2,0,0.674760999972932,14,0
1,1,1,0.620116899954155,14,1
1,3,1,0.782446299970616,14,1
1,2,0,0.674313099996652,14,0
1,3,0,0.45746710000094,14,0
1,2,1,0.50613550003618,14,1
1,2,0,0.635940799955279,14,0
1,1,0,0.677112500008661,14,0
1,1,1,0.495438599959016,14,1
1,3,1,0.523242600029334,14,1
1,2,1,0.549343000049703,14,1
1,1,1,0.724415200005751,14,1
1,3,0,0.542299599968828,14,0
1,1,1,0.648359000042547,14,1
1,1,1,0.435824999993201,14,1
1,3,1,0.539707100018859,14,1
1,3,1,0.452288900036365,14,1
1,2,0,0.547561899991706,14,0
1,2,1,0.720934699987993,14,1
1,1,1,0.733721099968534,14,1
1,3,1,0.668885199993383,14,1
1,3,1,0.369386700040195,14,1
1,1,1,0.807726999977604,14,1
1,1,1,0.47578949999297,14,1
1,1,1,0.258353000041097,14,1
1,1,1,0.602888400026131,14,1
1,3,1,0.483785599994007,14,1
1,2,1,0.761922699981369,14,1
1,1,1,0.622547399951145,14,1
1,1,1,0.91689170000609,14,1
1,3,1,0.569421999971382,14,1
1,1,1,0.505232799972873,14,1
1,2,1,0.838125599955674,14,1
1,1,1,0.604710499988869,14,1
1,1,1,0.491827399993781,14,1
1,3,0,0.792148799984716,14,0
1,2,1,0.696717399987392,14,1
1,2,1,0.511578399979044,14,1
1,2,1,0.402018500026315,14,1
1,3,1,0.739847699995153,14,1
1,2,1,0.58226569998078,14,1
1,1,1,0.55764569999883,14,1
1,2,1,0.758960100007243,14,1
1,2,1,0.975754599960055,14,1
1,3,1,0.58856599999126,14,1
1,3,1,0.354523700021673,14,1
1,2,1,0.616597999993246,14,1
1,2,1,0.552970899967477,14,1
1,1,1,0.529237099981401,14,1
1,3,1,0.615738299966324,14,1
1,2,0,0.6265168999671,14,0
1,1,1,0.437701300019398,14,1
1,3,1,0.580913600046188,14,1
1,3,1,0.8030138000031,14,1
1,2,1,0.899098099966068,14,1
1,1,1,0.469827499997336,14,1
1,1,1,0.707683100015856,14,1
1,1,1,0.580560599977616,14,1
1,1,1,0.98229239997454,14,1
1,1,1,0.597625299997162,14,1
1,2,1,0.637880499998573,14,1
1,1,1,0.762558199989144,14,1
1,3,1,0.697020200022962,14,1
1,3,1,0.885987300018314,14,1
1,2,1,0.887279399961699,14,1
1,1,1,0.445591600029729,14,1
0,2,1,0.753039999981411,14,0
0,2,1,0.496842299995478,14,0
0,2,1,0.579523899999913,14,0
0,1,1,0.715108899981715,14,0
0,1,1,0.653509699972346,14,0
0,1,1,0.810021199984476,14,0
0,2,1,0.998313700023573,14,0
0,3,1,0.895542500016745,14,0
0,3,1,0.569144699955359,14,0
0,2,1,0.790001999994274,14,0
0,2,1,0.695358600001782,14,0
0,3,0,0.836753099982161,14,1
0,3,1,0.937472599965986,14,0
0,3,1,0.534341099963058,14,0
0,3,0,0.609515999967698,14,1
0,2,1,0.781543099961709,14,0
0,3,0,0.915599699947052,14,1
0,2,1,0.656086999981198,14,0
0,1,1,0.578793699969538,14,0
0,1,0,0.738145000010263,14,1
0,3,1,0.658100499946158,14,0
0,2,1,0.639461799990386,14,0
0,3,0,0.921225199999753,14,1
0,1,0,0.538497100002132,14,1
0,3,1,0.566497099993285,14,0
0,1,1,0.587560899963137,14,0
0,3,0,0.577304200036451,14,1
0,2,0,0.478168800007552,14,1
0,2,0,0.728126399975736,14,1
0,1,0,0.513213600032032,14,1
0,3,0,0.511289199988823,14,1
0,1,1,0.670652300002985,14,0
0,2,1,0.804616999987047,14,0
0,1,1,0.789019199961331,14,0
0,3,0,0.955015500017907,14,1
0,2,1,0.858094900031574,14,0
0,1,0,0.81891450000694,14,1
0,1,0,0.799664799997117,14,1
0,1,1,0.643205399974249,14,0
0,2,1,0.803077900025528,14,0
0,2,1,0.742170899990015,14,0
0,2,0,0.8590278000338,14,1
0,2,0,1.01807260001078,14,1
0,2,1,0.757696799992118,14,0
0,1,1,0.59296209999593,14,0
0,1,1,0.795058900024742,14,0
0,2,0,0.675840799987782,14,1
0,3,1,0.74598840001272,14,0
0,3,1,0.818361399986316,14,0
0,3,0,0.533360600005835,14,1
0,3,1,0.669789000006858,14,0
0,2,1,0.896893800003454,14,0
0,2,1,0.526038200012408,14,0
0,1,1,0.59927470004186,14,0
0,1,1,0.637763599981554,14,0
0,2,1,0.757405599986669,14,0
0,1,0,0.607335500011686,14,1
0,3,1,0.719471099961083,14,0
0,1,1,0.725787000032142,14,0
0,2,1,0.917123200022615,14,0
0,3,0,0.800356700026896,14,1
0,1,1,0.683774299977813,14,0
0,1,0,0.43293489998905,14,1
0,1,1,0.660640299960505,14,0
0,2,1,0.677383600035682,14,0
0,1,1,0.679108199954499,14,0
0,2,1,0.728333699982613,14,0
0,3,1,0.754444899968803,14,0
0,2,1,0.606736199988518,14,0
0,2,1,0.527395599987358,14,0
0,3,1,0.789553999959026,14,0
0,1,0,0.695481300004758,14,1
0,3,1,0.560373899992555,14,0
0,1,1,0.663129799999297,14,0
0,3,1,0.700667200027965,14,0
0,2,1,0.654455300013069,14,0
0,2,1,0.527959300030489,14,0
0,2,1,0.502410599961877,14,0
0,3,1,0.572640200029127,14,0
0,1,0,0.652127300039865,14,1
0,2,0,0.868610900011845,14,1
0,1,1,0.77440039999783,14,0
0,1,0,0.815018200024497,14,1
0,2,1,0.74084269994637,14,0
0,1,1,0.591567299969029,14,0
0,2,1,0.673901200003456,14,0
0,3,1,0.857725800015032,14,0
0,1,1,0.514280599949416,14,0
0,3,1,0.654496299976017,14,0
0,3,1,0.686369600007311,14,0
0,1,1,0.564403099997435,14,0
0,1,0,0.993330399971455,14,1
0,3,1,1.00324019999243,14,0
0,1,0,0.933949299971573,14,1
0,3,1,0.754198599955998,14,0
0,1,1,0.624530799977947,14,0
0,2,1,0.684791499981657,14,0
0,2,1,0.605911899998318,14,0
0,1,1,0.747973599995021,14,0
0,3,0,0.824338800041005,14,1
0,2,0,0.746502699970733,14,1
0,3,1,0.874385299975984,14,0
0,1,0,0.826588900003117,14,1
0,2,1,0.78538119996665,14,0
0,2,1,0.756497299997136,14,0
0,1,1,0.579757299972698,14,0
0,3,1,0.586496700008865,14,0
0,3,1,0.773263799957931,14,0
0,2,1,0.454164800001308,14,0
0,1,1,0.605694499972742,14,0
0,1,1,0.299685999983922,14,0
0,2,1,0.509362599987071,14,0
0,1,1,0.525985000014771,14,0
0,3,1,0.917359000013676,14,0
0,1,1,0.773206099984236,14,0
0,3,1,0.877919299993664,14,0
0,1,1,0.637769700028002,14,0
0,3,1,0.968556100036949,14,0
0,1,1,0.630766200018115,14,0
0,3,1,1.03094279998913,14,0
0,1,1,0.773788799997419,14,0
0,2,1,0.701970299996901,14,0
0,2,1,0.642485599964857,14,0
0,3,1,0.628953100007493,14,0
0,1,1,0.599250099970959,14,0
0,1,0,0.767877500038594,14,1
0,1,1,0.605213599978015,14,0
0,1,1,0.710833000019193,14,0
0,3,0,1.02613279997604,14,1
0,2,1,0.784644100000151,14,0
0,1,1,0.702988600009121,14,0
0,1,0,0.336922899994534,14,1
0,3,1,0.724385800014716,14,0
0,3,1,0.799853100033943,14,0
0,3,1,1.04326179996133,14,0
0,2,1,0.503959399997257,14,0
0,2,1,0.74294289998943,14,0
0,3,1,0.763073899957817,14,0
0,2,1,0.557196899957489,14,0
0,2,1,0.9113393999869,14,0
0,2,1,0.956580600002781,14,0
0,1,1,0.676108299987391,14,0
0,1,1,0.783274099987466,14,0
0,2,1,0.926167100027669,14,0
0,1,1,0.502008799987379,14,0
0,3,1,0.554942999966443,14,0
0,3,1,0.636463000031654,14,0
0,2,1,0.647102399962023,14,0
0,2,1,0.756743000005372,14,0
0,3,1,0.851749000023119,14,0
0,1,0,0.304730400035623,14,1
0,2,1,0.599465400038753,14,0
0,2,1,0.662210699985735,14,0
0,3,1,0.636732799990568,14,0
0,3,1,0.995447099965531,14,0
0,1,1,0.755385399970692,14,0
0,1,1,0.611695200030226,14,0
0,2,1,0.567861700023059,14,0
0,1,1,0.771646100038197,14,0
0,2,1,0.765728800033685,14,0
0,3,1,0.837766400014516,14,0
0,3,1,0.922182799957227,14,0
0,1,1,0.66899450001074,14,0
0,3,1,0.839595399971586,14,0
1,1,1,0.73415059997933,15,1
1,1,1,0.694346400036011,15,1
1,1,1,0.46150510001462,15,1
1,3,1,0.634841600025538,15,1
1,2,1,0.746046299987938,15,1
1,3,0,0.513071099994704,15,0
1,1,1,0.824395799951162,15,1
1,3,0,0.468765900004655,15,0
1,2,1,0.693434500019066,15,1
1,3,1,0.794936100021005,15,1
1,2,1,0.820992399996612,15,1
1,1,1,0.492020200006664,15,1
1,2,1,0.403103399963584,15,1
1,2,1,0.860459599993192,15,1
1,1,1,0.848567299952265,15,1
1,1,1,0.548879199952353,15,1
1,2,1,0.938243799959309,15,1
1,3,1,0.631438500015065,15,1
1,3,0,0.526317099982407,15,0
1,1,0,0.709749199973885,15,0
1,1,1,0.606378299999051,15,1
1,3,1,0.465511000016704,15,1
1,3,1,0.821855699992739,15,1
1,1,1,0.743096599995624,15,1
1,2,1,0.489717899996322,15,1
1,2,1,0.681458999984898,15,1
1,1,1,0.679388999997173,15,1
1,3,1,0.450749599956907,15,1
1,3,1,0.773638599959668,15,1
1,3,1,0.574103299994022,15,1
1,2,1,0.628744399989955,15,1
1,1,1,0.510136099997908,15,1
1,3,0,0.446632499981206,15,0
1,2,1,0.885974999982864,15,1
1,3,0,0.363364400051069,15,0
1,2,1,0.61422930000117,15,1
1,3,1,0.646246700023767,15,1
1,3,1,0.518004199955612,15,1
1,3,0,0.645391199970618,15,0
1,3,1,0.619853000040166,15,1
1,3,1,0.392330400005449,15,1
1,2,1,0.430584400019143,15,1
1,2,1,0.407839199993759,15,1
1,3,0,0.478751700022258,15,0
1,2,1,0.682146299979649,15,1
1,2,1,0.414737799961586,15,1
1,2,1,0.838149900024291,15,1
1,1,1,0.395824800012633,15,1
1,3,1,0.489022599998862,15,1
1,2,0,0.921588099969085,15,0
1,2,1,0.324288000003435,15,1
1,2,1,0.353376500017475,15,1
1,2,1,0.41904390003765,15,1
1,3,1,0.662318999995477,15,1
1,3,1,0.352281100000255,15,1
1,1,1,0.497692300006747,15,1
1,3,1,0.586018999980297,15,1
1,1,1,0.674137599999085,15,1
1,1,1,0.562432900012936,15,1
1,1,1,0.665855599974748,15,1
1,2,1,0.411613099975511,15,1
1,3,1,0.621270300005563,15,1
1,3,1,0.371936900017317,15,1
1,1,1,0.967191900010221,15,1
1,3,1,0.612687500019092,15,1
1,2,1,0.314596600015648,15,1
1,1,1,0.543170599965379,15,1
1,3,0,0.50596860004589,15,0
1,1,1,0.525960900005884,15,1
1,1,1,0.479543599940371,15,1
1,3,1,0.523230999999214,15,1
1,2,0,0.697885199973825,15,0
1,3,0,0.582746999978554,15,0
1,1,1,0.517946099978872,15,1
1,2,1,0.807435599970631,15,1
1,1,1,0.607145299960393,15,1
1,3,1,0.504763399949297,15,1
1,3,1,0.455269600031897,15,1
1,2,1,0.419145599997137,15,1
1,3,1,0.557151599961799,15,1
1,3,1,0.609297999995761,15,1
1,1,1,0.49637290003011,15,1
1,1,1,0.379525500000454,15,1
1,1,1,0.516082999994978,15,1
1,1,1,0.473010099958628,15,1
1,2,1,0.422018200042658,15,1
1,2,0,0.561913000012282,15,0
1,3,1,0.487909699964803,15,1
1,3,1,0.586273399996571,15,1
1,3,1,0.684873100020923,15,1
1,2,1,0.309740799944848,15,1
1,3,1,0.750887300004251,15,1
1,1,1,0.621698900009505,15,1
1,3,1,0.529231900000013,15,1
1,1,1,0.332451299997047,15,1
1,3,1,0.70765900000697,15,1
1,3,1,0.395087899989448,15,1
1,2,1,0.640460100024939,15,1
1,1,1,0.299139200011268,15,1
1,3,1,0.28821050003171,15,1
1,1,1,0.715884100005496,15,1
1,1,1,0.586932400008664,15,1
1,2,1,0.560045499994885,15,1
1,1,1,0.56465220003156,15,1
1,3,1,0.402707800036296,15,1
1,1,1,0.63542890001554,15,1
1,3,1,0.484197500045411,15,1
1,1,1,0.511323200014886,15,1
1,2,1,0.302395299950149,15,1
1,1,1,0.599414600001182,15,1
1,3,1,0.688343800022267,15,1
1,2,1,0.351298499968834,15,1
1,3,1,0.627497299981769,15,1
1,1,1,0.529499700001907,15,1
1,2,1,0.490219499974046,15,1
1,1,1,0.518332099949475,15,1
1,2,0,0.754871400014963,15,0
1,2,1,0.501507700013462,15,1
1,2,1,0.474066299968399,15,1
1,3,1,0.479166700039059,15,1
1,3,1,0.362736299983226,15,1
1,3,1,0.476766099978704,15,1
1,2,1,0.495304999989457,15,1
1,2,1,0.364517799986061,15,1
1,1,1,0.447696799994446,15,1
1,2,1,0.438895100029185,15,1
1,2,1,0.399857900047209,15,1
1,2,1,0.505865800019819,15,1
1,2,1,0.542566000018269,15,1
1,2,1,0.369673000008333,15,1
1,2,1,0.555492200015578,15,1
1,3,1,0.583142200019211,15,1
1,1,1,0.592738099978305,15,1
1,1,1,0.480378600012045,15,1
1,3,1,0.591318899998441,15,1
1,3,1,0.535101799992844,15,1
1,2,1,0.558805699984077,15,1
1,2,1,0.915692400012631,15,1
1,1,1,0.911723299999721,15,1
1,1,1,0.447649899986573,15,1
1,3,1,0.576921599975321,15,1
1,1,1,0.58801540004788,15,1
1,1,1,0.609909099992365,15,1
1,3,1,0.500638799974695,15,1
1,2,1,0.509722399991006,15,1
1,1,1,0.482464999950025,15,1
1,2,1,0.878800700011197,15,1
1,1,1,0.758911199984141,15,1
1,2,1,0.437535700039007,15,1
1,1,1,0.444892100000288,15,1
1,2,1,0.635531600040849,15,1
1,1,1,0.406296600005589,15,1
1,3,1,0.515686099999584,15,1
1,3,1,0.436768000014126,15,1
1,1,1,0.51645539997844,15,1
1,3,1,0.586310299986508,15,1
1,3,1,0.557675499992911,15,1
1,1,1,0.484916399989743,15,1
1,2,1,0.430812800012063,15,1
1,1,1,0.568165600008797,15,1
1,3,1,0.468839999986812,15,1
1,1,1,0.724064000009093,15,1
1,2,1,0.679984499991406,15,1
1,1,1,0.800239200005308,15,1
1,1,1,0.653979399998207,15,1
1,1,1,0.621064200007822,15,1
1,2,1,0.634047699975781,15,1
1,1,1,0.472872600017581,15,1
1,1,1,0.600104299956001,15,1
1,1,1,0.674441799987108,15,1
1,2,1,0.435744400019757,15,1
1,2,1,0.630994500010274,15,1
1,3,1,0.565277400019113,15,1
1,3,1,0.590653399995063,15,1
0,1,1,0.434590800025035,15,0
0,1,0,0.814020199992228,15,1
0,3,0,0.757424099952914,15,1
0,1,1,0.747337099979632,15,0
0,1,0,0.842677099979483,15,1
0,2,1,0.655022599967197,15,0
0,2,1,0.923115999961738,15,0
0,2,1,0.779700999963097,15,0
0,3,0,0.685897100018337,15,1
0,2,1,0.604918099998031,15,0
0,3,1,0.926437699992675,15,0
0,3,1,0.42574340000283,15,0
0,1,1,0.311180099961348,15,0
0,2,1,0.413143900048453,15,0
0,2,1,0.459403999964707,15,0
0,3,0,0.640657300013117,15,1
0,2,1,0.377773199987132,15,0
0,1,1,0.836453299969435,15,0
0,3,1,0.562148400000297,15,0
0,2,1,0.810590000008233,15,0
0,3,1,0.698371500009671,15,0
0,1,0,1.01338489999762,15,1
0,2,1,0.586067700001877,15,0
0,1,1,0.916666099976283,15,0
0,3,1,0.476309899997432,15,0
0,1,1,1.05065849999664,15,0
0,3,1,0.528539000020828,15,0
0,1,1,1.01997429999756,15,0
0,2,1,0.494565800006967,15,0
0,2,1,0.373106300015934,15,0
0,3,1,0.586033600033261,15,0
0,2,1,0.431583600002341,15,0
0,1,0,0.70085530000506,15,1
0,2,1,0.901440500048921,15,0
0,1,1,0.938819800037891,15,0
0,3,1,0.779629900003783,15,0
0,1,1,0.535902199975681,15,0
0,1,1,0.46358409995446,15,0
0,1,1,0.677458999969531,15,0
0,1,0,0.840783299994655,15,1
0,3,0,0.670278100005817,15,1
0,1,1,0.480355300009251,15,0
0,2,1,0.526452300022356,15,0
0,3,1,0.728664099995513,15,0
0,2,1,0.864229700004216,15,0
0,2,1,0.458480099972803,15,0
0,2,1,0.79138279997278,15,0
0,2,1,0.520213400013745,15,0
0,1,1,0.586303299991414,15,0
0,2,1,0.848174299986567,15,0
0,3,1,0.500484299962409,15,0
0,3,1,0.401320799952373,15,0
0,1,1,0.488342799944803,15,0
0,3,1,0.603344299946912,15,0
0,3,1,0.508105700020678,15,0
0,2,1,0.540533299965318,15,0
0,1,1,0.484964400005993,15,0
0,1,1,0.487916899961419,15,0
0,2,1,0.872141300002113,15,0
0,2,1,0.430421700002626,15,0
0,2,1,0.570103399979416,15,0
0,3,1,0.729037699988112,15,0
0,2,0,0.678639799996745,15,1
0,2,1,0.553863900015131,15,0
0,3,1,0.757599400007166,15,0
0,1,1,0.477913900045678,15,0
0,1,0,0.642182399984449,15,1
0,3,1,0.735682099999394,15,0
0,3,1,0.639006600016728,15,0
0,2,1,0.773163700010628,15,0
0,2,0,0.885138799960259,15,1
0,2,1,0.912877800001297,15,0
0,2,1,0.786965799983591,15,0
0,2,1,0.491358700033743,15,0
0,3,1,1.00007259997074,15,0
0,2,1,0.666532400005963,15,0
0,1,1,0.564110699982848,15,0
0,1,1,0.519642199971713,15,0
0,2,1,0.756554000021424,15,0
0,3,1,0.667960099992342,15,0
0,1,1,0.7806600999902,15,0
0,1,1,0.751029300037771,15,0
0,2,1,0.560250100039411,15,0
0,3,1,0.640441099996679,15,0
0,3,1,0.43514050001977,15,0
0,2,1,0.662690800032578,15,0
0,2,1,0.611185099987779,15,0
0,2,1,0.685186500020791,15,0
0,2,1,0.487635999976192,15,0
0,3,1,0.544691499962937,15,0
0,3,1,0.380150699988008,15,0
0,3,1,0.599988300004043,15,0
0,3,1,0.391913199971896,15,0
0,3,1,0.458779799984768,15,0
0,3,1,0.543633499997668,15,0
0,1,1,0.581663999997545,15,0
0,3,1,0.633172600006219,15,0
0,1,1,0.689502499997616,15,0
0,2,1,0.51620820001699,15,0
0,2,1,0.408082699985243,15,0
0,1,1,0.748846100002993,15,0
0,3,1,0.493678900005762,15,0
0,1,0,0.433052500011399,15,1
0,2,1,0.858611000003293,15,0
0,2,1,0.678453000029549,15,0
0,3,1,0.617589000030421,15,0
0,3,1,0.6040340999607,15,0
0,1,1,0.774370800005272,15,0
0,1,1,0.845538499997929,15,0
0,3,1,0.488511500007007,15,0
0,3,1,0.665073499956634,15,0
0,3,1,0.634448600001633,15,0
0,1,0,0.455722799990326,15,1
0,3,1,0.424088300031144,15,0
0,1,1,0.569350799953099,15,0
0,3,1,0.409885799977928,15,0
0,1,1,0.388052200025413,15,0
0,3,1,0.562192099983804,15,0
0,3,1,0.670263900014106,15,0
0,2,1,0.8753039999865,15,0
0,2,1,0.576701099984348,15,0
0,2,1,0.592948400008027,15,0
0,2,1,0.471314399968833,15,0
0,2,1,0.594584100006614,15,0
0,1,1,0.393812199996319,15,0
0,2,1,0.504728400032036,15,0
0,2,1,0.668342499993742,15,0
0,1,1,0.800639300025068,15,0
0,3,1,0.560797500016633,15,0
0,1,1,0.498176700028125,15,0
0,2,0,0.509149299992714,15,1
0,1,1,0.795878099976107,15,0
0,1,1,0.516877199988812,15,0
0,2,1,0.632464000023901,15,0
0,3,1,0.778830200026277,15,0
0,3,1,0.528074299974833,15,0
0,1,1,0.569469599984586,15,0
0,3,1,0.607657100015786,15,0
0,2,1,0.644178299990017,15,0
0,3,1,0.847614599973895,15,0
0,3,1,0.575849899963941,15,0
0,2,1,0.864365599991288,15,0
0,1,1,0.701292300014757,15,0
0,1,1,0.508411300019361,15,0
0,1,1,0.343108900007792,15,0
0,1,1,0.678431899985299,15,0
0,1,1,0.681991600024048,15,0
0,1,1,0.492894600029103,15,0
0,3,1,0.57614309998462,15,0
0,1,1,0.680263400019612,15,0
0,1,1,0.528486699971836,15,0
0,1,1,0.836177100019995,15,0
0,2,1,0.483141299977433,15,0
0,2,1,0.76817450003,15,0
0,3,1,0.475795799982734,15,0
0,2,1,0.89537320000818,15,0
0,1,1,0.629663200001232,15,0
0,1,1,0.765984900004696,15,0
0,2,1,0.677794000017457,15,0
0,1,1,0.749729499977548,15,0
0,1,1,0.633100399980322,15,0
0,3,1,0.688818399969023,15,0
0,2,1,0.519543799979147,15,0
0,3,1,0.448880599986296,15,0
0,1,1,0.383908500021789,15,0
0,3,1,0.703762899967842,15,0
0,1,1,0.361388699966483,15,0
0,2,1,0.885133199975826,15,0
0,3,1,0.42779819999123,15,0
0,1,1,0.561811499996111,15,0
0,3,1,0.69106510002166,15,0
0,3,1,0.658362399961334,15,0
0,2,1,0.498620599973947,15,0
0,2,1,0.582704000000376,15,0
0,3,1,0.511977899994235,15,0
1,3,1,0.65146000002278,16,1
1,1,1,0.542133800045121,16,1
1,1,0,0.372978100029286,16,0
1,3,1,0.636845499975607,16,1
1,1,1,0.485932599985972,16,1
1,1,0,0.442890799953602,16,0
1,3,0,0.586385199974757,16,0
1,2,0,0.50706849998096,16,0
1,2,1,0.538489600003231,16,1
1,3,0,0.533345500007272,16,0
1,3,1,0.483294500038028,16,1
1,2,0,0.567475999996532,16,0
1,3,0,0.452962899988052,16,0
1,1,0,0.49764190003043,16,0
1,2,1,0.391886900004465,16,1
1,3,1,0.542519300011918,16,1
1,2,1,0.586718000005931,16,1
1,1,0,0.466666399966925,16,0
1,2,1,0.285837300005369,16,1
1,2,1,0.391378099971917,16,1
1,3,0,0.402298600005452,16,0
1,3,1,0.555019900028128,16,1
1,2,1,0.461401200038381,16,1
1,3,1,0.622243199963123,16,1
1,2,1,0.479057100019418,16,1
1,2,1,0.750416900031269,16,1
1,3,0,0.565811500011478,16,0
1,2,1,0.647907100035809,16,1
1,2,1,0.516663099988364,16,1
1,1,1,0.824625800014473,16,1
1,2,1,0.539103300019633,16,1
1,3,0,0.485756200039759,16,0
1,1,1,0.509908200008795,16,1
1,2,1,0.47013800003333,16,1
1,3,1,0.600381100026425,16,1
1,3,1,0.619480200053658,16,1
1,3,1,0.409145299985539,16,1
1,1,1,0.475230199983343,16,1
1,2,1,0.410670000012033,16,1
1,2,1,0.511198699998204,16,1
1,3,0,0.470906700007617,16,0
1,1,0,0.55464710004162,16,0
1,2,1,0.366549600032158,16,1
1,2,1,0.544267699995544,16,1
1,3,0,0.446596900001168,16,0
1,1,1,0.496559799998067,16,1
1,1,1,0.698122999980114,16,1
1,3,1,0.590188300004229,16,1
1,2,1,0.626823700033128,16,1
1,3,1,0.617725599964615,16,1
1,2,0,0.536190400016494,16,0
1,1,1,0.434764000005089,16,1
1,1,1,0.528348500025459,16,1
1,1,1,0.69427950005047,16,1
1,2,0,0.853832799999509,16,0
1,1,1,0.662041299976408,16,1
1,1,1,0.499463099986315,16,1
1,3,1,0.668977699999232,16,1
1,1,1,0.570574899960775,16,1
1,1,1,0.645605199970305,16,1
1,3,1,0.487238099973183,16,1
1,3,1,0.463020500028506,16,1
1,3,1,0.316018300014548,16,1
1,3,1,0.338361000001896,16,1
1,1,1,0.58339900005376,16,1
1,3,1,0.435377400019206,16,1
1,2,1,0.56519809999736,16,1
1,2,1,0.296412600029726,16,1
1,1,1,0.349578800029121,16,1
1,2,1,0.378931599960197,16,1
1,2,0,0.756922999978997,16,0
1,3,1,0.516424399975222,16,1
1,3,1,0.419781200005673,16,1
1,3,1,0.57353160000639,16,1
1,1,1,0.405511600023601,16,1
1,3,1,0.364549199992325,16,1
1,3,0,0.34871709998697,16,0
1,3,1,0.456238300015684,16,1
1,1,1,0.83363189996453,16,1
1,2,1,0.43442570004845,16,1
1,2,1,0.352034399984404,16,1
1,1,1,0.585597999976017,16,1
1,3,1,0.473428199999034,16,1
1,3,1,0.480018000002019,16,1
1,3,1,0.273893299978226,16,1
1,1,1,0.533130700001493,16,1
1,1,1,0.57737770001404,16,1
1,3,1,0.516813600028399,16,1
1,1,1,0.667264099989552,16,1
1,2,0,0.608919000020251,16,0
1,2,1,0.454611900029704,16,1
1,2,1,0.546119400009047,16,1
1,2,0,0.401163499976974,16,0
1,1,1,0.831559099955484,16,1
1,3,1,0.49194959999295,16,1
1,2,1,0.757191999990027,16,1
1,2,1,0.475586399959866,16,1
1,1,1,0.415724299964495,16,1
1,1,0,0.524511299969163,16,0
1,2,1,0.481127400009427,16,1
1,3,1,0.524139099987224,16,1
1,1,1,0.644372200011276,16,1
1,1,1,0.569530199980363,16,1
1,1,1,0.511460999958217,16,1
1,1,1,0.491183499980252,16,1
1,2,1,0.681184399989434,16,1
1,1,1,0.646208899968769,16,1
1,1,1,0.337037299992517,16,1
1,2,1,0.441952200024389,16,1
1,3,1,0.401253499963786,16,1
1,1,1,0.649636899994221,16,1
1,1,1,0.350202800007537,16,1
1,3,1,0.605463700019754,16,1
1,2,1,0.778047200001311,16,1
1,1,1,0.56190799997421,16,1
1,3,1,0.344648399972357,16,1
1,2,0,0.47532200004207,16,0
1,1,1,0.44861189997755,16,1
1,2,1,0.435360900009982,16,1
1,1,1,0.503461099986453,16,1
1,3,1,0.372351399972104,16,1
1,2,1,0.386789800017141,16,1
1,2,1,0.451880200009327,16,1
1,1,1,0.428102299978491,16,1
1,3,1,0.356167800026014,16,1
1,3,1,0.419746100029442,16,1
1,1,1,0.406267900019884,16,1
1,2,1,0.499211599992123,16,1
1,3,1,0.436790400010068,16,1
1,1,1,0.599917100043967,16,1
1,1,1,0.47504290001234,16,1
1,3,1,0.555102700018324,16,1
1,2,1,0.370710499992128,16,1
1,3,1,0.47888160002185,16,1
1,3,1,0.3948306000093,16,1
1,3,1,0.520325399993453,16,1
1,3,1,0.493963600019924,16,1
1,1,0,0.462320999999065,16,0
1,1,1,0.575729400035925,16,1
1,2,1,0.589222699985839,16,1
1,2,1,0.473904900019988,16,1
1,2,1,0.434972600021865,16,1
1,3,1,0.576651400013361,16,1
1,1,0,0.476985600020271,16,0
1,2,1,0.452779100043699,16,1
1,3,1,0.474394300021231,16,1
1,3,1,0.453537399997003,16,1
1,3,1,0.508722700004,16,1
1,1,1,0.504872499965131,16,1
1,1,1,0.599249300023075,16,1
1,1,1,0.538662499981001,16,1
1,2,1,0.537684500042815,16,1
1,2,1,0.438425900007132,16,1
1,1,1,0.555369100009557,16,1
1,2,1,0.583898900018539,16,1
1,3,1,0.431867400009651,16,1
1,2,1,0.379554500046652,16,1
1,1,1,0.471987100027036,16,1
1,2,1,0.443604700034484,16,1
1,2,1,0.47097390005365,16,1
1,1,0,0.384430499980226,16,0
1,3,1,0.392428799998015,16,1
1,3,1,0.432041499996558,16,1
1,2,1,0.366818999988027,16,1
1,1,1,0.270769599999767,16,1
1,1,1,0.5598209000309,16,1
1,1,1,0.40159110003151,16,1
1,3,1,0.488542900013272,16,1
1,3,1,0.640638899989426,16,1
1,2,0,0.9099441000144,16,0
1,1,1,0.441100600000937,16,1
1,2,1,0.388117199996486,16,1
1,2,1,0.50791250000475,16,1
1,2,1,0.374822899990249,16,1
1,2,1,0.367241800006013,16,1
1,2,1,0.453004000009969,16,1
1,1,0,0.336328300007153,16,0
1,1,1,0.460530299984384,16,1
1,3,1,0.56561559997499,16,1
1,3,1,0.687037700030487,16,1
0,1,1,0.476318900007755,16,0
0,2,1,0.453333100012969,16,0
0,1,1,0.415001399989706,16,0
0,1,1,0.410237200034317,16,0
0,1,1,0.453952200012282,16,0
0,3,1,0.47803689999273,16,0
0,2,1,0.484205200045835,16,0
0,3,1,0.631311800039839,16,0
0,2,1,0.474125900014769,16,0
0,1,1,0.367138400033582,16,0
0,1,1,0.66253869998036,16,0
0,2,1,0.510227899998426,16,0
0,3,1,0.573303600016516,16,0
0,1,1,0.684304499998689,16,0
0,1,1,0.729608000023291,16,0
0,3,1,0.963046699995175,16,0
0,1,1,0.530340700002853,16,0
0,2,1,0.543480499996804,16,0
0,3,1,0.51972989999922,16,0
0,3,0,0.323538500000723,16,1
0,2,0,0.395976700005122,16,1
0,2,1,0.673597300017718,16,0
0,3,1,0.562276700045913,16,0
0,2,1,0.58120620000409,16,0
0,1,1,0.746064000006299,16,0
0,1,1,0.643556900031399,16,0
0,2,1,0.556040199997369,16,0
0,1,1,0.696388100041077,16,0
0,2,1,0.407266800000798,16,0
0,2,1,0.817918399989139,16,0
0,3,1,0.589345999993384,16,0
0,3,1,0.58516449999297,16,0
0,2,1,0.537171499978285,16,0
0,1,0,0.531703600019682,16,1
0,1,1,0.733932300005108,16,0
0,2,1,0.729789200006053,16,0
0,3,1,0.556594799971208,16,0
0,1,1,0.687177199986763,16,0
0,1,1,0.517884099972434,16,0
0,3,1,0.583325400017202,16,0
0,2,1,0.552540300006513,16,0
0,2,0,0.379483999975491,16,1
0,3,1,0.552637900051195,16,0
0,2,1,0.44436860003043,16,0
0,1,1,0.464438599999994,16,0
0,1,1,0.605558200040832,16,0
0,3,1,0.79326950001996,16,0
0,1,1,0.436693700030446,16,0
0,3,1,0.50151030003326,16,0
0,1,1,0.412148600036744,16,0
0,1,1,0.365912000008393,16,0
0,1,1,0.644325500004925,16,0
0,2,0,0.673084800015204,16,1
0,3,1,0.524858799995854,16,0
0,2,1,0.455955500015989,16,0
0,3,1,0.700855600007344,16,0
0,3,1,0.693112500011921,16,0
0,1,1,0.498703700024635,16,0
0,2,1,0.534281899977941,16,0
0,2,1,0.525882000045385,16,0
0,3,1,0.48347640002612,16,0
0,2,1,0.651346800033934,16,0
0,3,1,0.559840800007805,16,0
0,3,1,0.482086900039576,16,0
0,1,1,0.445428000006359,16,0
0,1,1,0.627581400040071,16,0
0,1,1,0.718410999979824,16,0
0,1,1,0.634275100019295,16,0
0,2,0,0.229303700034507,16,1
0,1,1,0.625428300001658,16,0
0,2,1,0.667629099974874,16,0
0,2,1,0.725603900034912,16,0
0,2,1,0.584835499990731,16,0
0,1,1,0.599294400017243,16,0
0,1,1,0.36886670003878,16,0
0,2,1,0.451038200000767,16,0
0,1,1,0.406442400009837,16,0
0,3,1,0.904944400012027,16,0
0,2,1,0.762970299983863,16,0
0,3,1,0.76599449996138,16,0
0,1,1,0.560237700003199,16,0
0,3,1,0.632470000011381,16,0
0,3,1,0.521496400004253,16,0
0,2,1,0.448644699994475,16,0
0,1,1,0.483313700009603,16,0
0,2,1,0.612371199997142,16,0
0,3,1,0.803930900001433,16,0
0,1,1,0.537192800024059,16,0
0,3,1,0.605101599998306,16,0
0,1,1,0.712432300031651,16,0
0,3,1,0.532160200004,16,0
0,3,1,0.656046999967657,16,0
0,1,1,0.703083499975037,16,0
0,3,1,0.470477700000629,16,0
0,2,1,0.58318950003013,16,0
0,3,1,0.523291099991184,16,0
0,2,1,0.778248700022232,16,0
0,2,1,0.628683199989609,16,0
0,1,1,0.683514299977105,16,0
0,3,1,0.671914300008211,16,0
0,3,1,0.686639799969271,16,0
0,3,1,0.648212399974,16,0
0,3,1,0.539978599990718,16,0
0,1,1,0.619379099982325,16,0
0,1,1,0.633503700024448,16,0
0,3,1,0.473072000022512,16,0
0,2,1,0.534657699987292,16,0
0,3,1,0.557402200007346,16,0
0,3,1,0.702469199954066,16,0
0,1,1,0.405845800007228,16,0
0,3,0,0.514190200017765,16,1
0,3,1,0.585826200025622,16,0
0,2,1,0.57284699997399,16,0
0,1,1,0.800687099981587,16,0
0,2,1,0.53148790000705,16,0
0,2,0,0.333060600038152,16,1
0,2,1,0.930644200008828,16,0
0,3,1,0.579415999993216,16,0
0,1,1,0.476428700028919,16,0
0,3,1,0.473465499992017,16,0
0,3,1,0.450570599990897,16,0
0,2,1,0.449268900032621,16,0
0,2,1,0.686865600058809,16,0
0,3,1,0.598471299977973,16,0
0,2,1,0.547107900027186,16,0
0,2,1,0.418598300020676,16,0
0,1,1,0.531794100010302,16,0
0,3,1,0.539452700002585,16,0
0,1,1,0.550767900014762,16,0
0,1,1,0.621980900003109,16,0
0,3,1,0.627088200009894,16,0
0,1,1,0.662060100003146,16,0
0,2,1,0.587811900011729,16,0
0,3,1,0.567004200012889,16,0
0,1,1,0.731784000003245,16,0
0,1,1,0.462171700026374,16,0
0,2,1,0.844762999971863,16,0
0,2,1,0.445450400002301,16,0
0,3,1,0.553003999986686,16,0
0,3,1,0.607191900024191,16,0
0,3,1,0.454052599961869,16,0
0,2,1,0.458231099997647,16,0
0,3,1,0.668738200038206,16,0
0,2,1,0.516241100034676,16,0
0,3,1,0.484344800002873,16,0
0,2,1,0.518497599987313,16,0
0,3,1,0.544765800004825,16,0
0,1,1,0.716213100007735,16,0
0,1,1,0.785522399994079,16,0
0,2,1,0.376854899979662,16,0
0,1,1,0.452849399996921,16,0
0,1,1,0.540512600040529,16,0
0,2,0,0.272824799991213,16,1
0,1,1,0.638068800035398,16,0
0,1,1,0.493214899965096,16,0
0,2,1,0.465848899970297,16,0
0,3,1,0.444254400033969,16,0
0,2,1,0.50974840001436,16,0
0,2,1,0.552295700006653,16,0
0,2,1,0.499250599998049,16,0
0,1,1,0.457130299997516,16,0
0,1,1,0.559515099972486,16,0
0,3,1,0.545478499960154,16,0
0,2,1,0.440186900028493,16,0
0,1,1,0.548117500031367,16,0
0,2,1,0.440021899994463,16,0
0,3,1,0.525111399998423,16,0
0,1,1,0.729761000024155,16,0
0,2,1,0.716249100049026,16,0
0,2,1,0.443051400012337,16,0
0,3,1,0.544203099969309,16,0
0,3,1,0.46411529998295,16,0
0,2,1,0.435083699994721,16,0
0,3,1,0.639538499992341,16,0
0,3,1,0.417791100044269,16,0
0,1,1,0.733485400036443,16,0
0,1,1,0.447197500034235,16,0
0,2,1,0.409736599947792,16,0
0,2,1,0.759252400021069,16,0
0,3,1,0.50009880005382,16,0
1,2,0,0.622691100055818,17,0
1,2,1,0.637698400008958,17,1
1,1,1,0.710719700029586,17,1
1,3,1,0.670056800008751,17,1
1,3,1,0.497782399994321,17,1
1,3,1,0.682100099977106,17,1
1,3,1,0.589574499987066,17,1
1,1,1,0.568473800027277,17,1
1,3,1,0.500728300015908,17,1
1,2,0,0.649118400004227,17,0
1,2,0,0.575349799997639,17,0
1,3,1,0.564030699955765,17,1
1,2,1,0.673984799999744,17,1
1,3,0,0.685902099998202,17,0
1,2,0,0.590558799973223,17,0
1,2,1,0.647676300024614,17,1
1,1,1,0.53329270001268,17,1
1,1,1,0.554451200005133,17,1
1,2,0,0.664995600003749,17,0
1,2,1,0.577024700003676,17,1
1,2,1,0.471677500056103,17,1
1,3,1,0.680527799995616,17,1
1,2,1,0.547230199968908,17,1
1,1,1,0.814864300016779,17,1
1,2,0,0.483158199989703,17,0
1,3,1,0.554022099997383,17,1
1,2,1,0.292273200000636,17,1
1,3,1,0.678131199965719,17,1
1,2,1,0.557190300023649,17,1
1,1,1,0.578913200006355,17,1
1,1,1,0.259910400025547,17,1
1,1,1,0.471270699985325,17,1
1,3,1,0.633246799989138,17,1
1,1,1,0.584740599966608,17,1
1,3,1,0.483020799991209,17,1
1,2,1,0.463172200019471,17,1
1,1,1,0.536267100018449,17,1
1,2,1,0.692003500007559,17,1
1,3,1,0.574107500026003,17,1
1,2,1,0.523455000016838,17,1
1,2,1,0.37008219998097,17,1
1,3,1,0.533397200051695,17,1
1,3,1,0.291477499995381,17,1
1,3,1,0.517823999980465,17,1
1,3,1,0.492512199969497,17,1
1,1,1,0.484656299988274,17,1
1,3,1,0.426834699988831,17,1
1,3,1,0.351229499967303,17,1
1,3,1,0.530187900003511,17,1
1,1,1,0.57639790000394,17,1
1,1,1,0.512475399998948,17,1
1,2,1,0.468886800052132,17,1
1,2,1,0.369759399967734,17,1
1,2,1,0.5322298000101,17,1
1,1,1,0.617351600027177,17,1
1,2,1,0.466300799977034,17,1
1,2,1,0.55042450001929,17,1
1,2,1,0.521670699992683,17,1
1,3,0,0.389891099999659,17,0
1,1,1,0.511361500015482,17,1
1,1,1,0.439049499982502,17,1
1,2,1,0.586045000003651,17,1
1,1,1,0.524256400007289,17,1
1,1,1,0.467949500016402,17,1
1,2,0,0.404369800002314,17,0
1,1,1,0.516707299975678,17,1
1,3,1,0.583230899996124,17,1
1,1,1,0.478953499987256,17,1
1,3,1,0.826954299991485,17,1
1,1,1,0.477256699989084,17,1
1,1,1,0.584793299960438,17,1
1,1,1,0.411522599984892,17,1
1,1,1,0.395499400037806,17,1
1,1,1,0.328969399968628,17,1
1,1,1,0.484196300036274,17,1
1,1,1,0.469564200029708,17,1
1,1,1,0.415480299969204,17,1
1,1,1,0.448471100011375,17,1
1,1,1,0.522362300020177,17,1
1,2,1,0.587693899986334,17,1
1,1,1,0.593407800013665,17,1
1,2,1,0.397874300018884,17,1
1,1,1,0.468847199983429,17,1
1,2,1,0.408417699974962,17,1
1,1,1,0.480439000006299,17,1
1,2,1,0.435250399983488,17,1
1,2,1,0.313113900017925,17,1
1,3,1,0.585796299972571,17,1
1,2,1,0.441142899973784,17,1
1,2,1,0.534113500034437,17,1
1,2,1,0.253186199988704,17,1
1,2,1,0.281887000019196,17,1
1,2,1,0.371073200018145,17,1
1,1,1,0.388056800002232,17,1
1,3,1,0.46514240000397,17,1
1,1,1,0.410992600023746,17,1
1,3,1,0.48500329995295,17,1
1,3,1,0.503177400038112,17,1
1,3,1,0.434858499967959,17,1
1,3,1,0.303772900020704,17,1
1,2,1,0.566107499995269,17,1
1,1,1,0.350334600021597,17,1
1,2,1,0.495992199983448,17,1
1,3,1,0.362086999986786,17,1
1,1,1,0.509527900023386,17,1
1,2,1,0.495282699994277,17,1
1,3,0,0.63215780002065,17,0
1,3,1,0.397814200026914,17,1
1,3,1,0.325737199978903,17,1
1,3,1,0.315480299992487,17,1
1,1,1,0.477893400005996,17,1
1,2,1,0.447431800013874,17,1
1,1,1,0.479777300031856,17,1
1,3,1,0.55447659996571,17,1
1,1,1,0.509898599993903,17,1
1,2,1,0.815437799959909,17,1
1,2,1,0.464872000040486,17,1
1,2,1,0.600309000059497,17,1
1,1,1,0.477420300012454,17,1
1,3,1,0.332670200034045,17,1
1,1,1,0.47911859996384,17,1
1,3,1,0.491201800003182,17,1
1,1,1,0.578892599965911,17,1
1,2,1,0.493118100042921,17,1
1,3,1,0.413006599992514,17,1
1,3,1,0.550247800012585,17,1
1,1,1,0.53148110001348,17,1
1,3,1,0.604771900048945,17,1
1,2,1,0.587073899980169,17,1
1,2,1,0.519585400004871,17,1
1,3,1,0.480936400010251,17,1
1,2,1,0.476937900006305,17,1
1,2,0,1.05654530000174,17,0
1,1,1,0.513843900000211,17,1
1,1,1,0.498251100012567,17,1
1,2,1,0.563810400024522,17,1
1,3,1,0.493356099992525,17,1
1,1,1,0.562175700033549,17,1
1,3,1,0.43683979997877,17,1
1,1,1,0.452558699995279,17,1
1,1,1,0.433014500013087,17,1
1,1,1,0.383597200037912,17,1
1,3,1,0.604825199989136,17,1
1,1,1,0.567944800015539,17,1
1,3,1,0.355264300014824,17,1
1,3,1,0.522821299964562,17,1
1,1,1,0.614092000003438,17,1
1,3,0,0.56035449996125,17,0
1,3,1,0.463445200002752,17,1
1,1,1,0.774081200012006,17,1
1,3,1,0.542337999970187,17,1
1,2,1,0.730049400008284,17,1
1,2,1,0.713522700010799,17,1
1,3,1,0.452441700035706,17,1
1,1,1,0.473332200024743,17,1
1,1,1,0.48218720004661,17,1
1,2,1,0.700027299986687,17,1
1,2,1,0.311529400001746,17,1
1,1,1,0.519547599949874,17,1
1,2,1,0.543716400046833,17,1
1,3,0,0.382804699998815,17,0
1,3,1,0.330154899973422,17,1
1,3,1,0.461362099973485,17,1
1,1,1,0.479782899958082,17,1
1,3,1,0.619041299971286,17,1
1,2,1,0.456621899968013,17,1
1,2,1,0.301282400032505,17,1
1,3,1,0.971937199996319,17,1
1,2,1,0.542554699990433,17,1
1,1,1,0.498246700037271,17,1
1,3,1,0.442688100039959,17,1
1,3,1,0.414818300050683,17,1
1,3,1,0.469465599977411,17,1
1,1,1,0.469842499995138,17,1
1,1,1,0.454855000018142,17,1
1,2,1,0.471980299975257,17,1
1,3,1,0.470381500024814,17,1
1,2,1,0.788949200010393,17,1
1,3,1,0.42980580002768,17,1
1,2,1,0.468570200027898,17,1
0,3,1,0.491859000001568,17,0
0,1,1,0.803749900020193,17,0
0,2,1,0.578406599990558,17,0
0,2,1,0.657848000002559,17,0
0,2,1,0.596339099982288,17,0
0,3,1,0.664774499949999,17,0
0,3,1,0.631018400017638,17,0
0,2,1,0.685374099994078,17,0
0,1,1,0.595350900024641,17,0
0,2,1,0.582292600010987,17,0
0,2,1,0.754729699983727,17,0
0,1,0,0.639258500013966,17,1
0,2,1,0.6749536000425,17,0
0,1,1,0.649135700019542,17,0
0,2,1,0.590852699999232,17,0
0,3,1,0.530914000002667,17,0
0,1,1,0.515902000013739,17,0
0,3,1,0.542498200025875,17,0
0,2,1,0.566073899972253,17,0
0,1,1,0.68879589997232,17,0
0,1,1,0.612145500024781,17,0
0,1,1,0.485590999945998,17,0
0,2,1,0.55760719999671,17,0
0,3,1,0.680707000021357,17,0
0,2,1,0.701968399982434,17,0
0,3,1,0.616182900033891,17,0
0,2,1,0.924202400026843,17,0
0,2,1,0.621647899970412,17,0
0,2,1,0.390465400007088,17,0
0,3,1,0.590643299976364,17,0
0,2,1,0.687697599991225,17,0
0,3,1,0.530978300026618,17,0
0,2,0,0.641613699961454,17,1
0,3,1,0.344056500005536,17,0
0,3,1,0.491525299963541,17,0
0,1,1,0.531376699975226,17,0
0,1,0,0.542890399985481,17,1
0,2,0,0.70580269995844,17,1
0,1,1,0.522695299994666,17,0
0,1,1,0.614457099989522,17,0
0,1,1,0.520770200004335,17,0
0,1,1,0.665447300008964,17,0
0,1,1,0.370194400020409,17,0
0,1,1,0.564362999983132,17,0
0,1,1,0.680159899988212,17,0
0,3,1,0.788731099979486,17,0
0,2,1,0.636412899999414,17,0
0,2,1,0.534917999990284,17,0
0,3,1,0.530913399998099,17,0
0,3,1,0.651137899956666,17,0
0,2,1,0.436097499972675,17,0
0,2,1,0.461821399978362,17,0
0,1,1,0.522738799976651,17,0
0,2,1,0.672038700024132,17,0
0,1,1,0.43671020003967,17,0
0,1,1,0.622064600000158,17,0
0,3,1,0.512362400011625,17,0
0,2,1,0.53348320000805,17,0
0,3,1,0.466779600013979,17,0
0,1,1,0.509286999993492,17,0
0,2,1,0.596318900003098,17,0
0,3,1,0.561799200018868,17,0
0,2,1,0.652677299978677,17,0
0,3,1,0.53993069997523,17,0
0,3,1,0.522505899949465,17,0
0,1,1,0.475701299961656,17,0
0,3,1,0.744556399993598,17,0
0,3,1,0.556854599970393,17,0
0,2,0,0.409390899993014,17,1
0,1,1,0.530269699986093,17,0
0,3,1,0.466561499983072,17,0
0,3,1,0.586234299989883,17,0
0,2,1,0.648055199999362,17,0
0,3,1,0.515201300033368,17,0
0,1,1,0.474421699997038,17,0
0,1,1,0.752607100002933,17,0
0,2,1,0.559503700002097,17,0
0,2,1,0.532729500031564,17,0
0,3,1,0.522048600018024,17,0
0,2,1,0.483358400000725,17,0
0,3,0,0.503058000002056,17,1
0,3,1,0.571400400018319,17,0
0,3,1,0.691987099999096,17,0
0,3,1,0.554403599991929,17,0
0,1,1,0.440751100017224,17,0
0,2,1,0.507099000038579,17,0
0,3,1,0.497722600004636,17,0
0,1,0,0.493867200042587,17,1
0,2,1,0.568427900027018,17,0
0,3,1,0.332480399985798,17,0
0,2,1,0.499397400009912,17,0
0,3,1,0.405804100038949,17,0
0,1,1,0.758485800004564,17,0
0,1,0,0.310766300011892,17,1
0,2,0,0.3534956999938,17,1
0,2,0,0.49697560002096,17,1
0,3,1,0.580083400011063,17,0
0,1,1,0.530085199978203,17,0
0,2,0,0.49059689999558,17,1
0,1,1,0.693480599962641,17,0
0,1,1,0.584209399996325,17,0
0,2,1,0.555322900007013,17,0
0,1,0,0.662248499982525,17,1
0,3,1,0.543827300018165,17,0
0,3,1,0.553285099973436,17,0
0,3,1,0.571067700046115,17,0
0,1,1,0.633316299994476,17,0
0,3,1,0.82643710001139,17,0
0,2,0,0.489051400043536,17,1
0,3,1,0.434308799973223,17,0
0,1,0,0.461078600026667,17,1
0,3,0,0.505700100038666,17,1
0,2,1,0.753698299988173,17,0
0,3,1,0.722027399984654,17,0
0,2,1,0.659462399955373,17,0
0,1,1,0.80349300004309,17,0
0,1,1,0.539009700005408,17,0
0,2,1,0.63044679997256,17,0
0,3,1,0.563293499988504,17,0
0,2,1,0.639407900045626,17,0
0,3,1,0.44344150001416,17,0
0,3,1,0.584709799964912,17,0
0,1,1,0.603287500038277,17,0
0,1,1,0.502076799981296,17,0
0,1,1,0.578666399989743,17,0
0,3,1,0.54603909997968,17,0
0,2,1,0.542030999960843,17,0
0,3,1,0.538254800019786,17,0
0,2,1,0.529357699968386,17,0
0,2,1,0.489761399978306,17,0
0,3,1,0.56561440002406,17,0
0,1,1,0.582232600019779,17,0
0,2,1,0.602278600039426,17,0
0,3,1,0.575544100021943,17,0
0,1,1,0.681575299997348,17,0
0,2,1,0.57026239996776,17,0
0,1,1,0.448654900013935,17,0
0,1,1,0.509634599962737,17,0
0,1,1,0.666309599997476,17,0
0,3,1,0.867181700014044,17,0
0,1,1,0.884330300032161,17,0
0,2,1,0.591534300008789,17,0
0,3,1,0.729713200009428,17,0
0,1,1,0.603846299985889,17,0
0,1,1,0.590960300003644,17,0
0,3,1,0.614211199979763,17,0
0,1,1,0.682924399967305,17,0
0,1,1,0.678693900001235,17,0
0,3,1,0.628409299999475,17,0
0,2,1,0.752191599982325,17,0
0,1,1,0.610427400039043,17,0
0,1,0,0.419471999979578,17,1
0,1,1,0.548479999997653,17,0
0,3,1,0.593516500026453,17,0
0,1,1,0.400036500010174,17,0
0,3,1,0.663367600005586,17,0
0,3,1,0.584662100009155,17,0
0,3,1,0.567765799991321,17,0
0,3,1,0.530853800009936,17,0
0,1,1,0.639428599970415,17,0
0,1,1,0.478104999987409,17,0
0,2,1,0.559958999976516,17,0
0,3,1,0.515370099979918,17,0
0,2,1,0.689169500023127,17,0
0,3,1,1.02560809999704,17,0
0,2,1,0.641858400020283,17,0
0,1,1,0.654494599963073,17,0
0,1,1,0.662677799991798,17,0
0,2,1,0.701347899972461,17,0
0,1,1,0.675114699988626,17,0
0,2,1,0.593835299951024,17,0
0,2,1,0.573090600024443,17,0
0,2,1,0.626876599970274,17,0
0,3,1,0.585782899986953,17,0
0,3,1,0.461918799963314,17,0
0,2,1,0.602776399988215,17,0
0,2,1,0.642678599979263,17,0
0,2,1,0.471719499968458,17,0
0,1,1,0.552038399968296,17,0
0,2,1,0.543434699997306,17,0
1,2,1,0.849487699975725,18,1
1,2,1,0.5352987999795,18,1
1,2,1,0.827603700046893,18,1
1,1,1,0.65227550000418,18,1
1,3,1,0.569283100019675,18,1
1,3,0,0.643751700001303,18,0
1,3,1,0.633043000008911,18,1
1,2,1,0.938683199987281,18,1
1,2,0,0.569172199990135,18,0
1,2,1,0.593060999992304,18,1
1,2,1,0.486900100018829,18,1
1,2,1,0.570013999997173,18,1
1,1,0,0.728155399963725,18,0
1,1,1,0.582046700001229,18,1
1,1,1,0.463026700017508,18,1
1,2,1,0.619052699999884,18,1
1,2,0,0.788120300043374,18,0
1,1,1,0.530912500049453,18,1
1,1,1,0.415806100005284,18,1
1,3,0,0.730263999954332,18,0
1,3,1,0.67540830001235,18,1
1,1,1,0.533112400036771,18,1
1,1,1,0.447248199954629,18,1
1,1,1,0.578942399995867,18,1
1,3,1,0.59614799998235,18,1
1,3,1,0.648196100024506,18,1
1,1,1,0.601454799994826,18,1
1,3,1,0.565018700028304,18,1
1,2,1,0.646872400015127,18,1
1,3,1,0.587508500029799,18,1
1,2,1,0.629483900032938,18,1
1,3,1,0.574046099965926,18,1
1,3,1,0.502860700013116,18,1
1,1,1,0.41035560000455,18,1
1,1,1,0.403573899995536,18,1
1,1,0,0.732991600001696,18,0
1,1,1,0.527531900035683,18,1
1,1,1,0.432136800023727,18,1
1,3,1,0.540520199981984,18,1
1,3,1,0.417504400014877,18,1
1,2,1,0.673071399971377,18,1
1,3,1,0.505754699988756,18,1
1,2,1,0.703981200000271,18,1
1,3,1,0.424812600016594,18,1
1,2,1,0.460450000013225,18,1
1,1,1,0.568969999963883,18,1
1,1,1,0.416259699966758,18,1
1,1,1,0.540448899962939,18,1
1,2,1,0.499561500037089,18,1
1,3,1,0.376065999967977,18,1
1,3,0,0.53697400004603,18,0
1,3,1,0.391470999980811,18,1
1,3,1,0.756208499951754,18,1
1,1,1,0.446912299958058,18,1
1,1,1,0.497649699973408,18,1
1,2,1,0.565961400046945,18,1
1,3,1,0.413003800029401,18,1
1,3,1,0.366743999999017,18,1
1,3,1,0.325584500038531,18,1
1,2,1,0.489455599978101,18,1
1,3,0,0.687679500028025,18,0
1,1,1,0.400426400010474,18,1
1,3,1,0.519236999971326,18,1
1,3,1,0.430082899983972,18,1
1,2,1,0.462674400012475,18,1
1,1,1,0.509535000019241,18,1
1,3,1,0.549232800025493,18,1
1,1,1,0.544439600023907,18,1
1,3,1,0.584608100005426,18,1
1,2,1,0.52245910000056,18,1
1,2,1,0.76621819997672,18,1
1,3,1,0.404929599957541,18,1
1,3,1,0.569004099990707,18,1
1,1,1,0.553263399982825,18,1
1,1,1,0.411567099974491,18,1
1,3,1,0.544228599988855,18,1
1,1,1,0.537481300008949,18,1
1,1,1,0.534689100051764,18,1
1,1,1,0.299459400004707,18,1
1,2,1,0.567272799962666,18,1
1,2,1,0.446495999989565,18,1
1,1,1,0.5036421000259,18,1
1,3,1,0.676297499972861,18,1
1,3,1,0.301331800001208,18,1
1,2,1,0.350542200030759,18,1
1,1,1,0.386173299979419,18,1
1,2,1,0.469979399989825,18,1
1,3,0,0.704950799990911,18,0
1,1,1,0.390552699973341,18,1
1,3,1,0.52426859998377,18,1
1,2,1,0.920019800018054,18,1
1,1,1,0.62428499996895,18,1
1,1,1,0.549547799979337,18,1
1,2,1,0.468552500009537,18,1
1,1,1,0.456933900015429,18,1
1,2,1,0.73577369999839,18,1
1,2,1,0.719923400029074,18,1
1,3,0,0.58873419999145,18,0
1,1,1,0.502985999977682,18,1
1,1,1,0.474829499959014,18,1
1,3,1,0.532471999991685,18,1
1,2,1,0.641938699991442,18,1
1,3,1,0.624485399981495,18,1
1,2,1,0.463460099999793,18,1
1,2,1,0.29750139999669,18,1
1,2,1,0.498772099963389,18,1
1,1,1,0.408944499969948,18,1
1,1,1,0.454412700026296,18,1
1,2,1,0.768467199988663,18,1
1,3,0,0.638717799971346,18,0
1,3,1,0.429150999989361,18,1
1,2,1,0.467055600020103,18,1
1,3,1,0.547032400034368,18,1
1,3,1,0.517428099992685,18,1
1,1,1,0.422619800025132,18,1
1,1,1,0.517352900002152,18,1
1,2,1,0.445607300032862,18,1
1,1,1,0.514175400021486,18,1
1,2,1,0.429448299983051,18,1
1,1,1,0.562524600012694,18,1
1,1,1,0.347777599992696,18,1
1,3,1,0.529309600009583,18,1
1,2,1,0.437903499987442,18,1
1,3,1,0.454639400006272,18,1
1,1,1,0.571285300015006,18,1
1,1,1,0.781036600004882,18,1
1,3,1,0.660536299983505,18,1
1,2,1,0.488861199992243,18,1
1,2,1,0.424989500024822,18,1
1,1,1,0.480744900007267,18,1
1,2,1,0.404249800019898,18,1
1,3,1,0.371388799976557,18,1
1,2,1,0.588769900030456,18,1
1,1,1,0.394321599975228,18,1
1,1,1,0.40508310002042,18,1
1,3,1,0.629275299957953,18,1
1,3,1,0.505425299983472,18,1
1,1,1,0.74758990004193,18,1
1,2,1,0.315803499950562,18,1
1,2,1,0.337564699992072,18,1
1,1,1,0.490109600010328,18,1
1,2,1,0.51551890000701,18,1
1,2,1,0.427361199981533,18,1
1,1,1,0.415423200000077,18,1
1,3,0,0.373191000020597,18,0
1,2,1,0.45004029996926,18,1
1,1,0,0.573441499960609,18,0
1,1,1,0.462684200028889,18,1
1,1,1,0.50375819997862,18,1
1,2,1,0.448553900001571,18,1
1,3,1,0.397891100030392,18,1
1,3,1,0.591872200020589,18,1
1,1,1,0.722394500044174,18,1
1,2,1,0.271035000041593,18,1
1,3,1,0.48543509998126,18,1
1,3,1,0.600045399973169,18,1
1,2,1,0.531215800030623,18,1
1,2,1,0.554666999960318,18,1
1,2,0,0.541826399974525,18,0
1,3,1,0.45866520004347,18,1
1,1,1,0.424716099980287,18,1
1,3,1,0.458569800015539,18,1
1,3,1,0.552002800046466,18,1
1,2,1,0.640977100003511,18,1
1,3,1,0.459195500006899,18,1
1,3,1,0.452913200017065,18,1
1,2,1,0.419601399975363,18,1
1,2,1,0.502294400008395,18,1
1,1,1,0.503443099965807,18,1
1,2,1,0.423523999983445,18,1
1,2,1,0.412922999996226,18,1
1,1,0,0.585128900012933,18,0
1,3,1,0.497320000024047,18,1
1,3,1,0.66656260000309,18,1
1,1,1,0.540448900021147,18,1
1,1,1,0.496934599999804,18,1
1,2,1,0.364998999983072,18,1
1,2,1,0.472429400018882,18,1
1,2,1,0.502559099986684,18,1
1,3,1,0.385592399979942,18,1
0,3,1,0.878565199964214,18,0
0,1,1,0.885031900019385,18,0
0,3,1,0.613050499989185,18,0
0,1,1,0.584689099981915,18,0
0,1,1,0.546802400029264,18,0
0,1,1,0.533824099984486,18,0
0,1,1,0.484864700003527,18,0
0,3,0,0.854483000002801,18,1
0,3,1,0.619176400010474,18,0
0,3,1,0.58649630000582,18,0
0,3,1,0.52217060001567,18,0
0,2,0,0.71636150003178,18,1
0,1,1,0.565189399989322,18,0
0,2,1,0.590112600009888,18,0
0,2,1,0.466002199973445,18,0
0,2,1,1.0235013999627,18,0
0,2,1,0.870240599964745,18,0
0,3,1,0.594519400037825,18,0
0,3,1,0.760942900029477,18,0
0,3,1,0.912771800009068,18,0
0,2,1,0.58216769999126,18,0
0,3,0,0.788497700006701,18,1
0,3,1,0.504677299992181,18,0
0,3,1,0.625306700007059,18,0
0,2,1,0.507927900005598,18,0
0,2,0,0.737986900028773,18,1
0,2,1,0.541754000005312,18,0
0,3,1,0.480943600006867,18,0
0,1,1,0.713569100014865,18,0
0,1,1,0.579216499987524,18,0
0,2,1,0.745029599987902,18,0
0,3,1,0.533846599981189,18,0
0,1,1,0.622273100016173,18,0
0,3,1,0.615755999984685,18,0
0,2,1,0.572234900027979,18,0
0,2,1,0.509942199976649,18,0
0,1,1,0.821290499996394,18,0
0,2,1,0.675315400003456,18,0
0,3,1,0.740230099996552,18,0
0,3,1,0.458014399977401,18,0
0,1,1,0.627753300010227,18,0
0,2,1,0.463200300000608,18,0
0,1,1,0.434619699954055,18,0
0,1,1,0.554631999984849,18,0
0,2,0,0.995937600033358,18,1
0,2,1,0.693799100001343,18,0
0,3,0,0.397341700037941,18,1
0,1,1,0.560242499981541,18,0
0,3,1,0.742117300047539,18,0
0,3,1,0.498687999963295,18,0
0,1,1,0.47188719996484,18,0
0,1,1,0.511668300023302,18,0
0,1,1,0.377161599986721,18,0
0,1,1,0.284218300017528,18,0
0,2,1,0.565003700030502,18,0
0,2,1,0.521579499996733,18,0
0,1,1,0.478558800008614,18,0
0,2,1,0.429841899953317,18,0
0,3,0,0.42146350000985,18,1
0,2,1,0.494946799997706,18,0
0,2,0,0.574812899983954,18,1
0,1,1,0.544483199948445,18,0
0,1,1,0.604606000008062,18,0
0,3,1,0.655893599963747,18,0
0,2,1,0.432706399995368,18,0
0,3,1,0.587472999992315,18,0
0,3,1,0.665514299995266,18,0
0,2,1,0.543649500003085,18,0
0,2,1,0.524103499948978,18,0
0,3,0,0.495320100046229,18,1
0,2,1,0.729421299998648,18,0
0,2,1,0.48150000005262,18,0
0,1,0,0.774379900016356,18,1
0,2,1,0.598479399981443,18,0
0,3,1,0.847812100022566,18,0
0,3,1,0.568162599985953,18,0
0,2,1,0.50812999997288,18,0
0,1,1,0.612892600009218,18,0
0,1,1,0.554392199963331,18,0
0,1,1,0.738388099998701,18,0
0,3,1,0.607607499987353,18,0
0,2,1,0.597559500019997,18,0
0,3,1,0.753976400010288,18,0
0,1,1,0.413777699985076,18,0
0,1,1,0.697556699975394,18,0
0,1,1,0.581587100052275,18,0
0,3,1,0.608532999991439,18,0
0,1,1,0.371499700006098,18,0
0,1,1,0.506643900007475,18,0
0,3,1,0.568953500012867,18,0
0,2,1,0.527883899980225,18,0
0,2,1,0.627138099982403,18,0
0,3,0,0.50722189998487,18,1
0,1,0,0.684903499961365,18,1
0,2,1,0.47641390003264,18,0
0,3,1,0.931867700011935,18,0
0,1,1,0.653100399998948,18,0
0,3,1,0.599477700015996,18,0
0,1,0,0.319920599984471,18,1
0,1,1,0.492699800000992,18,0
0,2,1,0.666330200037919,18,0
0,1,0,0.671979100035969,18,1
0,2,1,0.771118999982718,18,0
0,2,1,0.470451299974229,18,0
0,2,1,0.653481399989687,18,0
0,1,1,0.459853300009854,18,0
0,3,0,0.393243499973323,18,1
0,3,1,0.538454900030047,18,0
0,2,1,0.482322600029875,18,0
0,1,1,0.466541000001598,18,0
0,1,1,0.435846299980767,18,0
0,2,0,0.743571700004395,18,1
0,1,1,0.660095400002319,18,0
0,3,1,0.720033599995077,18,0
0,2,1,0.785670699959155,18,0
0,3,1,0.620283799944445,18,0
0,2,0,0.594598299998324,18,1
0,2,1,0.516135899990331,18,0
0,2,1,0.729730599967297,18,0
0,1,1,0.477041100035422,18,0
0,3,1,0.549806599970907,18,0
0,1,1,0.559052199998405,18,0
0,2,1,0.456896399962716,18,0
0,1,0,0.356935999996495,18,1
0,1,1,0.629751199972816,18,0
0,2,1,0.653857400000561,18,0
0,1,1,0.517584900022484,18,0
0,2,1,0.68709730001865,18,0
0,1,1,0.608011100033764,18,0
0,2,1,0.553872300020885,18,0
0,1,1,0.445865500019863,18,0
0,3,1,0.515990599989891,18,0
0,1,1,0.840584499994293,18,0
0,1,1,0.489618099993095,18,0
0,3,0,0.375291400006972,18,1
0,1,1,0.4282481999835,18,0
0,3,1,0.467130100005306,18,0
0,3,1,0.52152400003979,18,0
0,3,0,0.421434200019576,18,1
0,1,1,0.47848079999676,18,0
0,2,1,0.765214300015941,18,0
0,3,1,0.619437200017273,18,0
0,2,1,0.573869099956937,18,0
0,3,1,0.743755400006194,18,0
0,3,1,0.406682400032878,18,0
0,3,1,0.569623099989258,18,0
0,3,1,0.559721199970227,18,0
0,3,1,0.603728499962017,18,0
0,1,0,0.415186600002926,18,1
0,2,1,0.509695800021291,18,0
0,1,1,0.543079399969429,18,0
0,1,1,0.470226000004914,18,0
0,1,1,0.444777199998498,18,0
0,3,1,0.630033800029196,18,0
0,2,1,0.685410299978685,18,0
0,1,1,0.470479500014335,18,0
0,3,1,0.451146100007463,18,0
0,1,1,0.806385500007309,18,0
0,2,1,0.459118899947498,18,0
0,3,0,0.534619700047188,18,1
0,3,1,0.587672800000291,18,0
0,2,1,0.461260100011714,18,0
0,2,1,0.57463019998977,18,0
0,3,1,0.895117100037169,18,0
0,2,1,0.959783900005277,18,0
0,1,1,0.64315550000174,18,0
0,3,1,0.527424000028986,18,0
0,2,0,0.756074299977627,18,1
0,3,1,0.628149199998006,18,0
0,2,1,0.451293800026178,18,0
0,2,1,0.579427899967413,18,0
0,1,1,0.426786099968012,18,0
0,2,1,0.471986200020183,18,0
0,3,0,0.571303599979728,18,1
0,2,1,0.571107399999164,18,0
0,2,1,0.529794999980368,18,0
0,3,1,0.5707631999976,18,0
0,1,1,0.67916579998564,18,0
0,3,1,0.60895140003413,18,0
1,1,1,0.587670400040224,19,1
1,1,1,0.49518889997853,19,1
1,2,1,0.461023000010755,19,1
1,2,1,0.514434000011533,19,1
1,1,1,0.660072700004093,19,1
1,2,1,0.551790299999993,19,1
1,1,1,0.535795899981167,19,1
1,1,1,0.386798400024418,19,1
1,1,1,0.589059400022961,19,1
1,1,1,0.423803300014697,19,1
1,1,1,0.380353199958336,19,1
1,3,0,0.456868299981579,19,0
1,3,1,0.4067703000037,19,1
1,3,1,0.828547799959779,19,1
1,3,1,0.469346800004132,19,1
1,1,1,0.586995300021954,19,1
1,3,1,0.559853599988855,19,1
1,2,0,0.499282200005837,19,0
1,2,1,0.336959399981424,19,1
1,1,1,0.620437200006563,19,1
1,3,0,0.350833299977239,19,0
1,1,1,0.584674299985636,19,1
1,2,1,0.474975899967831,19,1
1,1,1,0.575360100017861,19,1
1,1,1,0.361986399977468,19,1
1,1,1,0.40041589998873,19,1
1,3,1,0.647055300010834,19,1
1,3,0,0.430390699999407,19,0
1,1,1,0.534400100004859,19,1
1,1,1,0.509763100009877,19,1
1,2,0,0.651436500018463,19,0
1,1,1,0.481511700025294,19,1
1,3,1,0.799082600045949,19,1
1,2,1,0.552943599992432,19,1
1,3,1,0.759056199982297,19,1
1,2,1,0.936771899985615,19,1
1,2,1,0.689164099982008,19,1
1,3,1,0.525134800001979,19,1
1,3,1,0.629209199978504,19,1
1,2,1,0.422203199996147,19,1
1,1,1,0.581624199985527,19,1
1,3,1,0.484450299991295,19,1
1,1,1,0.491156800009776,19,1
1,1,1,0.405759999994189,19,1
1,3,1,0.564490300021134,19,1
1,3,1,0.741113899974152,19,1
1,1,1,0.474396699981298,19,1
1,2,1,0.616017599997576,19,1
1,3,1,0.530824099958409,19,1
1,1,1,0.938897499989253,19,1
1,3,1,0.673673700017389,19,1
1,1,1,0.716389300010633,19,1
1,3,1,0.784372800029814,19,1
1,1,1,0.736746700014919,19,1
1,2,1,0.426687600032892,19,1
1,2,1,0.654748600034509,19,1
1,1,1,0.670329499989748,19,1
1,1,1,0.557871900033206,19,1
1,3,1,0.48748109996086,19,1
1,3,1,0.518402599962428,19,1
1,2,1,0.724012599966954,19,1
1,1,1,0.510648000054061,19,1
1,3,1,0.544946599984542,19,1
1,3,1,0.471394399995916,19,1
1,1,0,0.346521200030111,19,0
1,2,1,0.50747740000952,19,1
1,2,1,0.479485500021838,19,1
1,1,1,0.486049500002991,19,1
1,2,1,0.465635199972894,19,1
1,2,0,0.799661200027913,19,0
1,2,1,0.276632599998266,19,1
1,3,1,0.514075800019782,19,1
1,3,1,0.643190999981016,19,1
1,2,1,0.558344099961687,19,1
1,1,1,0.641957499959972,19,1
1,2,1,0.466916400007904,19,1
1,3,1,0.579557000019122,19,1
1,1,1,0.444758300029207,19,1
1,1,1,0.461968199990224,19,1
1,2,1,0.443897399993148,19,1
1,1,1,0.869928899977822,19,1
1,3,1,0.582692200026941,19,1
1,2,1,0.633080600004178,19,1
1,1,1,0.570456099987496,19,1
1,2,1,0.433279199991375,19,1
1,1,1,0.878351499966811,19,1
1,1,1,0.686871300044004,19,1
1,3,1,0.734824499988463,19,1
1,1,1,0.593088000023272,19,1
1,1,1,0.510227799997665,19,1
1,3,0,0.514399399980903,19,0
1,2,1,0.772582900011912,19,1
1,3,1,0.621068299980834,19,1
1,3,1,0.29044170002453,19,1
1,1,1,0.445018200029153,19,1
1,2,1,0.517357099975925,19,1
1,2,1,0.396475999965332,19,1
1,3,1,0.507840899983421,19,1
1,1,1,0.567173999967054,19,1
1,1,1,0.375509699981194,19,1
1,1,1,0.532135499990545,19,1
1,2,1,0.579309299995657,19,1
1,2,1,0.497691499942448,19,1
1,2,1,0.40134839998791,19,1
1,2,1,0.269120300014038,19,1
1,2,1,0.287457600003108,19,1
1,2,1,0.268838500021957,19,1
1,3,0,0.430278300016653,19,0
1,1,1,0.654159799974877,19,1
1,2,1,0.469899000017904,19,1
1,1,1,0.526388400001451,19,1
1,2,1,0.664298099989537,19,1
1,3,1,0.514676599996164,19,1
1,2,1,0.890248899988364,19,1
1,2,1,0.441945300030056,19,1
1,2,1,0.282427800004371,19,1
1,3,1,0.653274799988139,19,1
1,2,1,0.555554400023539,19,1
1,1,1,0.529798900010064,19,1
1,3,1,0.764007799967658,19,1
1,2,1,0.556440500018653,19,1
1,3,1,0.485380800033454,19,1
1,3,1,0.493909700016957,19,1
1,2,1,0.66533679998247,19,1
1,2,1,0.378142900008243,19,1
1,2,1,0.256930000032298,19,1
1,2,1,0.331502599990927,19,1
1,1,1,0.907140500028618,19,1
1,2,1,0.477478799992241,19,1
1,2,1,0.547876299999189,19,1
1,1,1,0.71378430002369,19,1
1,1,0,0.437113099964336,19,0
1,3,1,0.439267999958247,19,1
1,2,1,0.600881699996535,19,1
1,3,1,0.48846920003416,19,1
1,1,1,0.578782800002955,19,1
1,2,1,0.526996599975973,19,1
1,3,1,0.791510199953336,19,1
1,2,0,0.34212899999693,19,0
1,2,1,0.516020299983211,19,1
1,3,0,0.658996500016656,19,0
1,1,0,0.423988100024872,19,0
1,3,1,0.454335100017488,19,1
1,3,1,0.565174699993804,19,1
1,2,1,0.496257500024512,19,1
1,3,1,0.566022299986798,19,1
1,1,1,0.524803199979942,19,1
1,2,1,0.582181900041178,19,1
1,2,1,0.472855200001504,19,1
1,3,1,0.505614000023343,19,1
1,2,1,0.529670999967493,19,1
1,1,1,0.532865200017113,19,1
1,3,1,0.678881599975284,19,1
1,1,1,0.563354100042488,19,1
1,3,1,0.515955700015184,19,1
1,3,0,0.459742600040045,19,0
1,1,1,0.494967499980703,19,1
1,3,1,0.569306000019424,19,1
1,3,1,0.534020200022496,19,1
1,2,1,0.581680000002962,19,1
1,3,1,0.576777299982496,19,1
1,1,1,0.737217499990948,19,1
1,2,1,0.481965699989814,19,1
1,3,1,0.624537500028964,19,1
1,2,1,0.513904899999034,19,1
1,1,1,0.636693599983118,19,1
1,1,1,0.436826399993151,19,1
1,1,1,0.782553399971221,19,1
1,3,1,0.79555059998529,19,1
1,3,1,0.462135799985845,19,1
1,3,1,0.49976279999828,19,1
1,1,1,0.568030500027817,19,1
1,3,1,0.610385000007227,19,1
1,1,1,0.55241299996851,19,1
1,3,1,0.708404799981508,19,1
1,3,1,0.747624699957669,19,1
1,2,1,0.448601100011729,19,1
1,3,1,0.575299500022084,19,1
1,3,1,0.592538599972613,19,1
1,2,1,0.522629000013694,19,1
0,1,1,0.595316099992488,19,0
0,3,1,0.767230499943253,19,0
0,1,1,0.456622299971059,19,0
0,1,1,0.675594899978023,19,0
0,2,1,0.554243999999017,19,0
0,3,0,0.601532400003634,19,1
0,3,1,0.552885099954437,19,0
0,1,1,0.509709399950225,19,0
0,2,1,0.749702200002503,19,0
0,2,1,0.588695199985523,19,0
0,2,0,0.560687899996992,19,1
0,1,1,0.611306200036779,19,0
0,2,1,0.77335510001285,19,0
0,1,1,0.528613000002224,19,0
0,3,1,0.733592299977317,19,0
0,3,1,0.617617200012319,19,0
0,1,1,0.649629699997604,19,0
0,2,1,0.660825999977533,19,0
0,2,1,0.514926999981981,19,0
0,2,1,0.566939799988177,19,0
0,3,1,0.657318999990821,19,0
0,1,0,0.497827600047458,19,1
0,1,1,0.629273900005501,19,0
0,3,1,0.622813199996017,19,0
0,2,0,0.719186300004367,19,1
0,1,1,0.736860900011379,19,0
0,2,1,0.50782270001946,19,0
0,1,1,0.826003399968613,19,0
0,2,1,0.803681499965023,19,0
0,2,1,0.819549200008623,19,0
0,3,1,0.633775900001638,19,0
0,1,1,0.590016899979673,19,0
0,1,1,0.645635999972001,19,0
0,2,1,0.556074799969792,19,0
0,3,0,0.470688799978234,19,1
0,1,0,0.544560500013176,19,1
0,2,1,0.796917099971324,19,0
0,1,1,0.748822299996391,19,0
0,1,1,0.828159799973946,19,0
0,2,1,0.58710509998491,19,0
0,2,1,0.882281199970748,19,0
0,2,1,0.816978499991819,19,0
0,3,1,0.702336199989077,19,0
0,1,1,0.789230199996382,19,0
0,3,1,0.635044499998912,19,0
0,3,1,0.620846299978439,19,0
0,3,1,1.03364289994352,19,0
0,2,1,0.603932800004259,19,0
0,3,1,0.595694500021636,19,0
0,1,1,0.793343199999072,19,0
0,1,0,0.382717000029515,19,1
0,3,1,0.597421599959489,19,0
0,3,1,0.384162699978333,19,0
0,2,0,0.502052199968603,19,1
0,1,1,0.603549799998291,19,0
0,2,1,0.628929099999368,19,0
0,1,1,0.585537599981762,19,0
0,3,1,0.625650600006338,19,0
0,3,1,0.68704190000426,19,0
0,2,1,0.530671299959067,19,0
0,3,1,0.58735380001599,19,0
0,3,0,0.501543799997307,19,1
0,3,1,0.621773199993186,19,0
0,3,1,0.681337999994867,19,0
0,2,1,0.542646000045352,19,0
0,3,1,0.5524934999994,19,0
0,2,0,0.632525200024247,19,1
0,2,1,0.409914700023364,19,0
0,2,1,0.640725800010841,19,0
0,1,1,0.741173399961554,19,0
0,3,1,0.768456399964634,19,0
0,2,1,0.672606599982828,19,0
0,3,1,0.65060579997953,19,0
0,3,1,0.762411199975759,19,0
0,1,1,0.666839699959382,19,0
0,2,1,0.675971599994227,19,0
0,1,1,0.538067499990575,19,0
0,3,1,0.590293699991889,19,0
0,1,1,0.602958599978592,19,0
0,2,1,0.704805999994278,19,0
0,3,1,0.484641599992756,19,0
0,3,1,0.424865900014993,19,0
0,1,1,0.686348699964583,19,0
0,3,1,0.649518500023987,19,0
0,3,1,0.772709799988661,19,0
0,1,1,0.451385400025174,19,0
0,2,1,0.754000799963251,19,0
0,1,1,0.658511399989948,19,0
0,2,1,0.661273199948482,19,0
0,2,1,0.530812900047749,19,0
0,2,1,0.459015300031751,19,0
0,3,1,0.722002400027122,19,0
0,2,1,0.626524699968286,19,0
0,2,1,0.619349199987482,19,0
0,2,1,0.361443100031465,19,0
0,1,1,0.469273899972904,19,0
0,1,1,0.761051399982534,19,0
0,2,1,0.582361500011757,19,0
0,1,0,0.646939400001429,19,1
0,1,1,0.649800600018352,19,0
0,1,1,0.447820700006559,19,0
0,3,1,0.720750500040594,19,0
0,1,1,0.582343299989589,19,0
0,3,1,0.662054399959743,19,0
0,2,0,0.499765599961393,19,1
0,1,1,0.558528600027785,19,0
0,2,1,0.514314300031401,19,0
0,2,1,0.611717400024645,19,0
0,3,1,0.571397399995476,19,0
0,2,1,0.597203999990597,19,0
0,2,1,0.580928099981975,19,0
0,3,1,0.550893999985419,19,0
0,1,1,0.532473500003107,19,0
0,3,1,0.76692439999897,19,0
0,1,1,0.755185100017115,19,0
0,1,1,0.860032500000671,19,0
0,2,0,0.718917199992575,19,1
0,3,1,0.524956799985375,19,0
0,3,1,0.481220300018322,19,0
0,1,1,0.595475299982354,19,0
0,1,1,0.359091599995736,19,0
0,2,1,0.959723900014069,19,0
0,1,1,0.598446600022726,19,0
0,1,1,0.690281899995171,19,0
0,1,1,0.891376800020225,19,0
0,1,0,0.377968700020574,19,1
0,1,1,0.433755000005476,19,0
0,3,1,0.515574799966998,19,0
0,3,1,0.608835000020918,19,0
0,1,1,0.551335600030143,19,0
0,2,1,0.824932200019248,19,0
0,2,1,0.743100300023798,19,0
0,3,1,0.557398100034334,19,0
0,1,1,0.60245920001762,19,0
0,2,1,0.686650499992538,19,0
0,3,1,0.497010299994145,19,0
0,1,1,0.521768799982965,19,0
0,3,1,0.500943000020925,19,0
0,2,1,0.589023599983193,19,0
0,2,1,0.596692499995697,19,0
0,2,1,0.373388100008015,19,0
0,1,1,0.537329900020268,19,0
0,2,1,0.469891200016718,19,0
0,3,1,0.537195099983364,19,0
0,1,1,0.534301100007724,19,0
0,3,1,0.508477000053972,19,0
0,3,1,0.624481499951798,19,0
0,1,1,0.69456639996497,19,0
0,2,1,0.509816900012083,19,0
0,3,1,0.57218069996452,19,0
0,3,1,0.562670100014657,19,0
0,1,1,0.624485999986064,19,0
0,1,1,0.714964799990412,19,0
0,3,1,0.517121999990195,19,0
0,3,1,0.591322899970692,19,0
0,2,1,0.602682100026868,19,0
0,3,1,0.81189179996727,19,0
0,1,1,0.86107029998675,19,0
0,2,1,0.916009200038388,19,0
0,1,1,0.705757500021718,19,0
0,3,1,0.595516200002749,19,0
0,2,1,0.612188500002958,19,0
0,1,1,0.623764599964488,19,0
0,1,1,0.505234399985056,19,0
0,2,1,0.493675799982157,19,0
0,3,1,0.66292379994411,19,0
0,1,1,0.905191300029401,19,0
0,2,1,0.899779599974863,19,0
0,2,1,0.617472200014163,19,0
0,2,1,0.58599689998664,19,0
0,3,1,0.685083099990152,19,0
0,3,1,0.466130599961616,19,0
0,2,1,0.830801700009033,19,0
0,3,1,0.602285100030713,19,0
0,2,1,0.589869899966288,19,0
0,3,1,0.656999900005758,19,0
1,2,1,0.687527999980375,20,1
1,1,1,0.413630200026091,20,1
1,1,1,0.367955499968957,20,1
1,3,0,0.453007300035097,20,0
1,3,1,0.585636600037105,20,1
1,2,1,0.630826199951116,20,1
1,3,1,0.457150699978229,20,1
1,1,1,0.459419200022239,20,1
1,2,1,0.640815999999177,20,1
1,1,1,0.487344199966174,20,1
1,3,1,0.586218400043435,20,1
1,3,0,0.528764300048351,20,0
1,2,1,0.600623600010294,20,1
1,2,0,0.559309199976269,20,0
1,2,1,0.68509039998753,20,1
1,2,1,0.416504999971949,20,1
1,1,1,0.427450399962254,20,1
1,1,1,0.483864700014237,20,1
1,2,1,0.553252400015481,20,1
1,2,1,0.54246000002604,20,1
1,3,1,0.703321600041818,20,1
1,1,0,0.615580699988641,20,0
1,1,1,0.576196799986064,20,1
1,2,1,0.649675699998625,20,1
1,2,1,0.480016399989836,20,1
1,2,1,0.463643900002353,20,1
1,1,1,0.428487800003495,20,1
1,2,1,0.495077400002629,20,1
1,3,1,0.812373900029343,20,1
1,2,1,0.780075099959504,20,1
1,1,1,0.416340800002217,20,1
1,1,1,0.723221299995203,20,1
1,1,1,0.709797399991658,20,1
1,3,0,0.511759299959522,20,0
1,1,1,0.424947799998336,20,1
1,1,1,0.449551999976393,20,1
1,1,1,0.527680200000759,20,1
1,1,1,0.434570499986876,20,1
1,3,0,0.516243899997789,20,0
1,1,1,0.447816799976863,20,1
1,2,1,0.697179099952336,20,1
1,3,1,0.625398800009862,20,1
1,1,1,0.371629000001121,20,1
1,2,1,0.345360100036487,20,1
1,2,1,0.55949790001614,20,1
1,2,1,0.479875899967737,20,1
1,2,1,0.462293099961244,20,1
1,1,1,0.450970100006089,20,1
1,3,1,1.00002859998494,20,1
1,3,1,0.707939699990675,20,1
1,1,1,0.507191699987743,20,1
1,3,1,0.847385699977167,20,1
1,2,1,0.607006399950478,20,1
1,2,1,0.69154890003847,20,1
1,1,1,0.35050100000808,20,1
1,2,1,0.51806289999513,20,1
1,2,1,0.646820799971465,20,1
1,3,1,0.579253799980506,20,1
1,3,1,0.747736899997108,20,1
1,3,1,0.621297400037292,20,1
1,3,1,0.314199600019492,20,1
1,3,1,0.282470999984071,20,1
1,1,1,0.391851400025189,20,1
1,1,1,0.484721400018316,20,1
1,3,1,0.524124799994752,20,1
1,2,1,0.507706199947279,20,1
1,3,0,0.492308200045954,20,0
1,2,1,0.59339049999835,20,1
1,2,1,0.530750399979297,20,1
1,2,1,0.544603399990592,20,1
1,2,0,0.68408159998944,20,0
1,1,1,0.356556500017177,20,1
1,2,1,0.550088400021195,20,1
1,1,1,0.439938299998175,20,1
1,1,1,0.785478300007526,20,1
1,1,0,0.366530600003898,20,0
1,2,1,0.622134400007781,20,1
1,1,1,0.6314339999808,20,1
1,1,1,0.378507499990519,20,1
1,3,1,0.425625200034119,20,1
1,3,1,0.603143500047736,20,1
1,3,1,0.60245769994799,20,1
1,1,1,0.514010399987455,20,1
1,1,1,0.505493000033312,20,1
1,2,1,0.63020440004766,20,1
1,1,1,0.59904890001053,20,1
1,3,1,0.695478500041645,20,1
1,3,1,0.517396799987182,20,1
1,1,1,0.481669899949338,20,1
1,1,1,0.35082870000042,20,1
1,2,1,0.506837000022642,20,1
1,2,1,0.551781199988909,20,1
1,2,1,0.571491299953777,20,1
1,3,1,0.388208399992436,20,1
1,2,1,0.545154099992942,20,1
1,3,1,0.552995699981693,20,1
1,2,1,0.473875700030476,20,1
1,2,1,0.489877299987711,20,1
1,3,0,0.461240299977362,20,0
1,2,1,0.609527900000103,20,1
1,1,1,0.48695490002865,20,1
1,1,1,0.300489000044763,20,1
1,2,1,0.516752300027292,20,1
1,1,1,0.519176699977834,20,1
1,1,1,0.542686200002208,20,1
1,2,1,0.69725239998661,20,1
1,3,1,0.570851499971468,20,1
1,2,1,0.585768099990673,20,1
1,3,1,0.633300599991344,20,1
1,2,1,0.639403000008315,20,1
1,1,1,0.395160900021438,20,1
1,1,1,0.498946900013834,20,1
1,3,1,0.748002000036649,20,1
1,2,1,0.471204100002069,20,1
1,2,0,0.391414499958046,20,0
1,1,1,0.33569959999295,20,1
1,3,1,0.515368000022136,20,1
1,1,1,0.470029399963096,20,1
1,3,0,0.341071099974215,20,0
1,2,1,0.669530600018334,20,1
1,1,1,0.400767499988433,20,1
1,3,1,0.421969600021839,20,1
1,3,1,0.762006799981464,20,1
1,2,1,0.515920499979984,20,1
1,1,1,0.389762000006158,20,1
1,3,1,0.502443500037771,20,1
1,2,1,0.840496100019664,20,1
1,2,1,0.66418690001592,20,1
1,1,1,0.326762199983932,20,1
1,1,1,0.67559070000425,20,1
1,3,1,0.273546199954581,20,1
1,3,1,0.570774699968752,20,1
1,2,1,0.71938330004923,20,1
1,1,1,0.484908399987034,20,1
1,3,1,0.45433509995928,20,1
1,1,1,0.468557999993209,20,1
1,2,1,0.594766199996229,20,1
1,2,1,0.560231300012674,20,1
1,1,1,0.433698099979665,20,1
1,3,1,0.576635600009467,20,1
1,3,1,0.497426800022367,20,1
1,3,1,1.02505749999546,20,1
1,2,1,0.585167800018098,20,1
1,2,1,0.493996599980164,20,1
1,1,1,0.53409010003088,20,1
1,3,1,0.618398999969941,20,1
1,2,0,0.494925200007856,20,0
1,2,1,0.510266099998262,20,1
1,3,1,0.508385900000576,20,1
1,2,1,0.552795099967625,20,1
1,3,1,0.79596760001732,20,1
1,3,1,0.38226299994858,20,1
1,3,1,0.60717889998341,20,1
1,3,1,0.662898600043263,20,1
1,1,1,0.445318699989002,20,1
1,3,1,0.477494699996896,20,1
1,1,1,0.501481999992393,20,1
1,3,1,0.535877199959941,20,1
1,2,1,0.484540500037838,20,1
1,3,1,0.666887400031555,20,1
1,3,1,0.662823699996807,20,1
1,3,1,0.461519500007853,20,1
1,3,1,0.392065299965907,20,1
1,1,1,0.645815700001549,20,1
1,2,1,0.42220750002889,20,1
1,1,1,0.533685699978378,20,1
1,1,1,0.465770799957681,20,1
1,3,1,0.540533100022003,20,1
1,3,1,0.564886400010437,20,1
1,1,1,0.526735699968413,20,1
1,3,1,0.586864399956539,20,1
1,1,1,0.417080899991561,20,1
1,1,1,0.494732099992689,20,1
1,2,1,0.561385300010443,20,1
1,3,1,0.702589900000021,20,1
1,1,1,0.486381899972912,20,1
1,1,1,0.778929499967489,20,1
1,3,1,0.529689199989662,20,1
1,3,1,0.442184899991844,20,1
0,3,0,0.359280799981207,20,1
0,2,1,0.738190100004431,20,0
0,2,1,0.595282000023872,20,0
0,2,1,0.624194500036538,20,0
0,1,1,0.664076799992472,20,0
0,3,1,0.952133000013418,20,0
0,3,1,0.615260999999009,20,0
0,3,1,0.509405600023456,20,0
0,2,1,0.515920499979984,20,0
0,1,1,0.585591700044461,20,0
0,1,1,0.54812429996673,20,0
0,2,1,0.811954399978276,20,0
0,3,1,0.625781899958383,20,0
0,3,1,0.798248399980366,20,0
0,2,0,0.510712100018281,20,1
0,3,1,0.590759499988053,20,0
0,3,1,0.767569099960383,20,0
0,2,1,0.643547300016508,20,0
0,2,1,0.704318400006741,20,0
0,1,1,0.627774799999315,20,0
0,2,1,0.75355889997445,20,0
0,1,1,0.935304600046948,20,0
0,3,1,0.721295900002588,20,0
0,1,1,0.665560900000855,20,0
0,1,1,0.330821899988223,20,0
0,1,1,0.524062200041953,20,0
0,2,1,0.505852099973708,20,0
0,1,1,0.565021099988371,20,0
0,2,1,0.492352099972777,20,0
0,2,1,0.453060699976049,20,0
0,2,1,0.474035499966703,20,0
0,1,1,0.69556919997558,20,0
0,1,1,0.427051800012123,20,0
0,1,0,0.598026200023014,20,1
0,3,1,0.799431699968409,20,0
0,2,1,0.637160799989942,20,0
0,2,1,0.912244400009513,20,0
0,1,1,0.565144099993631,20,0
0,3,1,0.578065599955153,20,0
0,3,1,0.659902699990198,20,0
0,3,1,0.645706099981908,20,0
0,3,1,0.921348200005013,20,0
0,2,1,0.647133399965242,20,0
0,1,1,0.602468499972019,20,0
0,2,1,0.554142799985129,20,0
0,1,1,0.652545899967663,20,0
0,1,1,0.534553400008008,20,0
0,2,1,0.41349760000594,20,0
0,3,0,0.579209699993953,20,1
0,3,1,0.537022500007879,20,0
0,3,1,0.427310200000647,20,0
0,3,1,0.794703899999149,20,0
0,1,1,0.543272699986119,20,0
0,2,1,0.545877200027462,20,0
0,3,1,0.330996200034861,20,0
0,2,1,0.686516399960965,20,0
0,3,1,0.74054090003483,20,0
0,1,1,0.55815460003214,20,0
0,3,1,0.615624300029594,20,0
0,2,1,0.50771249999525,20,0
0,2,1,0.41799359995639,20,0
0,3,1,0.521153200010303,20,0
0,3,1,0.501945699972566,20,0
0,2,1,0.383761300006881,20,0
0,1,1,0.436055500002112,20,0
0,2,1,0.534976699971594,20,0
0,1,1,0.569570499996189,20,0
0,1,1,0.505528800014872,20,0
0,2,1,0.51295039994875,20,0
0,1,1,0.339879399980418,20,0
0,3,1,0.631661099963821,20,0
0,3,1,0.376713200006634,20,0
0,3,1,0.534997299953829,20,0
0,1,1,0.589037899975665,20,0
0,3,1,0.693486600008328,20,0
0,2,1,0.638361599994823,20,0
0,3,1,0.431378999957815,20,0
0,1,1,0.454493700002786,20,0
0,1,1,0.4359998999862,20,0
0,2,1,0.678511900012381,20,0
0,1,1,0.578452399990056,20,0
0,1,1,0.561242000025231,20,0
0,3,1,0.918082099989988,20,0
0,1,1,0.813946899957955,20,0
0,2,1,0.644438799994532,20,0
0,2,1,0.331440199981444,20,0
0,1,1,0.644565500027966,20,0
0,3,1,0.673043499991763,20,0
0,1,1,0.388203400012571,20,0
0,3,1,0.453935099998489,20,0
0,2,1,0.441625199979171,20,0
0,3,1,0.610130899993237,20,0
0,1,1,0.521518800000194,20,0
0,3,1,0.621108199993614,20,0
0,1,0,0.478625799994916,20,1
0,3,1,0.490585899970029,20,0
0,3,1,0.465343300020322,20,0
0,2,1,0.498433100001421,20,0
0,1,1,0.40050039999187,20,0
0,3,1,0.486036200018134,20,0
0,1,1,0.61157920002006,20,0
0,2,1,0.982319900009315,20,0
0,2,1,0.366397799982224,20,0
0,2,1,0.544290300051216,20,0
0,3,1,0.533506500010844,20,0
0,2,1,0.589360300044063,20,0
0,1,1,0.721618300012778,20,0
0,2,1,0.602801799948793,20,0
0,2,1,0.641491499962285,20,0
0,3,1,0.551455400011037,20,0
0,1,1,0.50852750003105,20,0
0,3,1,0.468835999956354,20,0
0,3,1,0.805382299993653,20,0
0,2,1,0.582761299971025,20,0
0,2,1,0.491342000022996,20,0
0,1,1,0.406724000000395,20,0
0,1,1,0.531637400039472,20,0
0,1,1,0.447532300022431,20,0
0,1,1,0.442023100040387,20,0
0,2,1,0.671588500030339,20,0
0,3,1,0.628501600003801,20,0
0,1,1,0.439429999969434,20,0
0,1,1,0.429293700028211,20,0
0,2,1,0.52907829999458,20,0
0,3,1,0.558617099944968,20,0
0,3,1,0.613458899955731,20,0
0,2,1,0.518693700025324,20,0
0,3,1,0.61529960000189,20,0
0,2,1,0.396765300014522,20,0
0,2,1,0.809291300014593,20,0
0,3,1,0.635736200027168,20,0
0,1,1,0.697701499972027,20,0
0,1,1,0.629610300005879,20,0
0,2,1,1.01093679998303,20,0
0,2,1,0.527694799995515,20,0
0,2,1,0.407008899957873,20,0
0,2,1,0.44824569998309,20,0
0,1,1,0.665801199967973,20,0
0,2,1,0.4500551999663,20,0
0,3,1,0.606979500036687,20,0
0,2,1,0.437169100041501,20,0
0,1,1,0.541368300036993,20,0
0,2,1,1.00272379996022,20,0
0,1,1,0.517375199997332,20,0
0,2,1,0.820547199982684,20,0
0,1,1,0.620453700015787,20,0
0,2,1,0.606740600022022,20,0
0,3,1,0.555325000023004,20,0
0,3,1,0.528984699980356,20,0
0,3,1,0.502166599966586,20,0
0,3,1,0.549114099994767,20,0
0,1,1,0.647187600028701,20,0
0,1,1,0.493273700005375,20,0
0,2,1,0.501756499987096,20,0
0,1,1,0.53274200001033,20,0
0,1,1,0.628781099978369,20,0
0,3,1,0.577470399963204,20,0
0,3,1,0.60608699999284,20,0
0,2,1,0.63450779998675,20,0
0,1,1,0.693755600019358,20,0
0,3,1,0.596663800009992,20,0
0,3,1,0.549279199971352,20,0
0,2,1,0.611927599995397,20,0
0,1,1,0.475605599989649,20,0
0,3,1,0.518335999979172,20,0
0,1,1,0.622959500004072,20,0
0,3,1,0.565786199993454,20,0
0,1,1,0.719349500024691,20,0
0,1,1,0.529057999956422,20,0
0,3,1,0.580378000042401,20,0
0,3,1,0.615087300015148,20,0
0,1,1,0.563372499949764,20,0
0,2,1,0.789341899973806,20,0
0,1,1,0.531271399988327,20,0
0,2,1,0.339882500004023,20,0
0,3,1,0.612344900029711,20,0
0,2,1,0.552081800007727,20,0
0,2,1,0.497266600024886,20,0
0,1,1,0.559935400029644,20,0
0,3,1,0.415575299994089,20,0
1,3,0,0.5826905,21,0
1,1,1,0.3970354,21,1
1,2,0,0.5711661,21,0
1,1,1,0.5376786,21,1
1,3,1,0.7668836,21,1
1,3,0,0.5839484,21,0
1,1,1,0.5173704,21,1
1,1,1,0.5648591,21,1
1,3,0,0.4241264,21,0
1,1,1,0.4675133,21,1
1,2,0,0.4088272,21,0
1,2,0,0.5265709,21,0
1,2,1,0.5858964,21,1
1,2,1,0.8401283,21,1
1,2,1,0.8093854,21,1
1,2,1,0.7574322,21,1
1,1,1,0.4001196,21,1
1,2,0,0.4407723,21,0
1,2,0,0.4692032,21,0
1,2,0,0.397989,21,0
1,3,0,0.584362,21,0
1,3,1,1.016221,21,1
1,3,0,0.7069508,21,0
1,3,1,0.509127,21,1
1,1,1,0.4793627,21,1
1,2,0,0.7091846,21,0
1,2,1,0.636599,21,1
1,1,1,0.5995137,21,1
1,3,0,0.4731111,21,0
1,1,1,0.4855853,21,1
1,1,1,0.4202991,21,1
1,1,1,0.4176096,21,1
1,3,1,0.6908877,21,1
1,3,1,0.382949,21,1
1,1,1,0.5304661,21,1
1,1,1,0.4344738,21,1
1,3,1,0.5351847,21,1
1,3,0,0.3979033,21,0
1,1,1,0.4401753,21,1
1,1,1,0.3844656,21,1
1,3,1,0.593261,21,1
1,2,0,0.5141619,21,0
1,2,1,0.4927245,21,1
1,1,1,0.632004,21,1
1,3,1,0.6640496,21,1
1,2,1,0.560204,21,1
1,3,1,0.8225133,21,1
1,3,1,0.3831486,21,1
1,1,1,0.4201051,21,1
1,2,1,0.6149925,21,1
1,3,0,0.6569654,21,0
1,1,1,0.4935917,21,1
1,1,1,0.746873,21,1
1,3,1,0.7848397,21,1
1,2,0,0.4723277,21,0
1,1,0,0.5639561,21,0
1,3,1,0.6043592,21,1
1,3,1,0.9111556,21,1
1,1,1,0.3920641,21,1
1,1,1,0.3534165,21,1
1,1,1,0.4622993,21,1
1,2,0,0.561771,21,0
1,1,1,0.5553396,21,1
1,1,1,0.4984532,21,1
1,2,1,0.5652067,21,1
1,2,1,0.616796,21,1
1,3,1,0.7709737,21,1
1,2,1,0.9998566,21,1
1,1,1,0.6029172,21,1
1,3,1,0.9835734,21,1
1,3,0,0.5400859,21,0
1,1,1,0.4829869,21,1
1,2,1,0.8469719,21,1
1,1,1,0.5554251,21,1
1,3,1,1.0087061,21,1
1,3,0,0.7604109,21,0
1,1,1,0.4900762,21,1
1,3,0,0.5377749,21,0
1,1,1,0.7121627,21,1
1,1,1,0.5387033,21,1
1,1,1,0.4057665,21,1
1,3,1,0.7420866,21,1
1,3,1,0.5325295,21,1
1,3,1,0.7244556,21,1
1,1,1,0.5151786,21,1
1,3,1,0.8132509,21,1
1,3,1,0.5132389,21,1
1,2,0,0.4632642,21,0
1,2,0,0.4807583,21,0
1,3,1,0.6176028,21,1
1,1,0,0.4078953,21,0
1,2,1,0.4651067,21,1
1,3,0,0.6229019,21,0
1,3,1,0.4734152,21,1
1,1,1,0.5263315,21,1
1,2,1,0.6588086,21,1
1,3,0,0.4983326,21,0
1,2,1,0.5862942,21,1
1,2,1,0.5426394,21,1
1,1,1,0.5131512,21,1
1,2,1,0.4453203,21,1
1,3,1,0.5746366,21,1
1,3,0,0.7895302,21,0
1,2,0,0.6208239,21,0
1,2,1,0.4070546,21,1
1,2,1,0.433371,21,1
1,2,1,0.706932,21,1
1,2,0,0.5978082,21,0
1,3,1,0.9125488,21,1
1,3,1,0.5234893,21,1
1,1,0,0.4645206,21,0
1,1,1,0.4851175,21,1
1,1,0,0.3110441,21,0
1,3,1,0.697051,21,1
1,2,0,0.4676765,21,0
1,3,1,0.5942676,21,1
1,3,1,0.5277058,21,1
1,3,1,0.4064472,21,1
1,1,1,0.4149561,21,1
1,3,1,0.8645049,21,1
1,1,1,0.4982292,21,1
1,2,1,0.5487565,21,1
1,2,1,0.5558627,21,1
1,1,1,0.6039392,21,1
1,1,0,0.4228023,21,0
1,3,0,0.6144961,21,0
1,2,1,0.5199464,21,1
1,2,1,0.7861843,21,1
1,2,1,0.4440302,21,1
1,2,0,0.4297032,21,0
1,2,1,0.5148238,21,1
1,2,1,0.574586,21,1
1,1,1,0.6070949,21,1
1,2,1,0.5585001,21,1
1,1,1,1.0500998,21,1
1,2,1,0.5618635,21,1
1,1,1,0.4664362,21,1
1,3,1,0.750891,21,1
1,1,1,0.5569961,21,1
1,3,1,0.4729136,21,1
1,2,0,0.5880346,21,0
1,1,1,0.4551707,21,1
1,3,1,0.6142397,21,1
1,3,1,0.6296918,21,1
1,1,1,0.4123091,21,1
1,1,1,0.4585771,21,1
1,1,1,0.5965576,21,1
1,3,1,0.607659,21,1
1,1,1,0.446082,21,1
1,2,1,0.6838885,21,1
1,3,1,0.4633957,21,1
1,1,1,0.4731122,21,1
1,1,1,0.3754311,21,1
1,3,1,0.5259985,21,1
1,2,1,0.8552227,21,1
1,2,1,0.4324491,21,1
1,1,1,0.6616355,21,1
1,2,1,0.7438504,21,1
1,3,1,0.5901316,21,1
1,2,0,0.5640663,21,0
1,3,1,0.8712942,21,1
1,2,0,0.5076485,21,0
1,3,1,0.4842156,21,1
1,1,1,0.4800467,21,1
1,2,1,0.5201248,21,1
1,3,1,0.5744619,21,1
1,3,0,0.5042954,21,0
1,2,1,0.9109707,21,1
1,3,1,0.5425324,21,1
1,3,1,0.451344,21,1
1,1,1,0.623221,21,1
1,1,1,0.4298589,21,1
1,2,0,0.5023072,21,0
1,2,1,0.6724653,21,1
1,2,1,0.5900655,21,1
1,1,0,0.8909873,21,0
0,2,0,0.3683571,21,1
0,2,1,0.6485209,21,0
0,1,0,0.4156416,21,1
0,2,1,0.5348302,21,0
0,3,1,0.7199543,21,0
0,2,0,0.3725858,21,1
0,3,1,0.5069519,21,0
0,1,1,0.7245614,21,0
0,3,1,0.5114901,21,0
0,2,1,0.4674731,21,0
0,1,0,0.3834101,21,1
0,1,1,0.5777988,21,0
0,3,1,0.5655316,21,0
0,3,1,0.477916,21,0
0,3,1,0.6231958,21,0
0,1,1,0.5094803,21,0
0,3,1,0.4993287,21,0
0,2,1,0.4369212,21,0
0,2,1,0.3195123,21,0
0,3,1,0.3439642,21,0
0,2,0,0.5847186,21,1
0,1,1,0.5169207,21,0
0,3,1,0.6322255,21,0
0,1,0,0.5372092,21,1
0,2,1,0.5049715,21,0
0,1,1,0.8345648,21,0
0,1,1,0.5929912,21,0
0,3,1,0.5623034,21,0
0,1,1,0.6089674,21,0
0,3,1,0.9154734,21,0
0,3,1,0.4108957,21,0
0,1,1,0.6300683,21,0
0,2,1,0.6978013,21,0
0,3,1,0.6447689,21,0
0,2,1,0.84654,21,0
0,1,1,0.5761699,21,0
0,2,1,0.4916159,21,0
0,1,1,0.7627569,21,0
0,2,1,0.8391664,21,0
0,1,1,0.6109461,21,0
0,3,1,0.453898,21,0
0,3,1,0.5325379,21,0
0,1,1,0.6915979,21,0
0,2,1,0.4792659,21,0
0,3,1,0.4499074,21,0
0,1,0,0.4273398,21,1
0,1,1,0.6730594,21,0
0,2,1,0.5807054,21,0
0,2,0,0.5163683,21,1
0,1,1,0.6632711,21,0
0,2,0,0.5422614,21,1
0,2,0,0.4592905,21,1
0,3,1,0.5279734,21,0
0,2,0,0.634527,21,1
0,1,1,0.5008766,21,0
0,3,1,0.569741,21,0
0,1,1,0.8079357,21,0
0,2,1,0.553496,21,0
0,2,1,0.6485222,21,0
0,3,1,0.4463093,21,0
0,3,1,0.5723388,21,0
0,3,1,0.481451,21,0
0,2,1,0.8024474,21,0
0,1,0,0.4369788,21,1
0,3,0,0.5083196,21,1
0,2,0,0.9616122,21,1
0,3,1,0.8171226,21,0
0,2,1,0.480707,21,0
0,1,1,0.4984282,21,0
0,2,1,0.7211263,21,0
0,1,1,0.9457221,21,0
0,1,1,0.572201,21,0
0,2,1,0.6032582,21,0
0,2,1,0.528611,21,0
0,3,1,0.5785298,21,0
0,2,1,0.730772,21,0
0,3,1,0.5880373,21,0
0,3,1,0.6677056,21,0
0,1,1,0.5069049,21,0
0,3,1,0.7056936,21,0
0,3,1,0.5613884,21,0
0,3,1,0.8309849,21,0
0,2,1,0.580149,21,0
0,2,1,0.5142256,21,0
0,1,0,0.5302031,21,1
0,3,1,0.6742176,21,0
0,1,1,0.544387,21,0
0,1,1,0.468298,21,0
0,2,1,0.8684366,21,0
0,3,1,0.7192676,21,0
0,1,1,0.8098886,21,0
0,2,0,0.8799446,21,1
0,1,1,0.5615767,21,0
0,1,1,0.6851106,21,0
0,3,1,0.5340551,21,0
0,3,1,0.5902199,21,0
0,2,0,0.8799669,21,1
0,3,1,0.8191778,21,0
0,3,1,0.6719496,21,0
0,2,1,0.495396,21,0
0,2,0,0.7681299,21,1
0,2,1,0.7599901,21,0
0,1,1,0.577875,21,0
0,1,1,0.8390541,21,0
0,3,1,0.5605202,21,0
0,3,0,0.4961129,21,1
0,2,1,0.4721452,21,0
0,3,0,0.3130532,21,1
0,3,1,0.4918423,21,0
0,2,1,0.5035814,21,0
0,2,1,0.5113293,21,0
0,3,1,0.9589957,21,0
0,2,0,0.6733311,21,1
0,1,1,0.7106898,21,0
0,1,1,0.6192768,21,0
0,1,1,0.6378894,21,0
0,1,0,0.3974511,21,1
0,3,1,0.5600793,21,0
0,2,0,0.4070491,21,1
0,3,1,0.5976284,21,0
0,2,1,0.6239152,21,0
0,1,1,0.4832209,21,0
0,2,1,0.6284777,21,0
0,2,1,0.4877227,21,0
0,2,0,0.4869967,21,1
0,1,0,0.5530917,21,1
0,3,1,0.5902545,21,0
0,1,1,0.5711283,21,0
0,3,1,0.6388771,21,0
0,3,1,0.4396835,21,0
0,3,1,0.9374566,21,0
0,3,1,0.5046229,21,0
0,1,1,0.6997581,21,0
0,1,1,0.5965563,21,0
0,1,1,0.7142737,21,0
0,2,1,0.7661835,21,0
0,1,1,0.5296024,21,0
0,2,1,0.9044509,21,0
0,2,1,0.5895548,21,0
0,1,1,0.7686239,21,0
0,2,1,0.9665666,21,0
0,1,1,0.4812528,21,0
0,2,1,0.5094872,21,0
0,1,1,0.462126,21,0
0,1,1,0.7256926,21,0
0,1,1,0.5221734,21,0
0,3,1,0.7099692,21,0
0,2,1,0.8031318,21,0
0,1,1,0.7271031,21,0
0,2,1,0.5776252,21,0
0,2,1,0.6992134,21,0
0,1,0,0.5881937,21,1
0,1,1,0.5177137,21,0
0,1,0,0.4734832,21,1
0,1,1,0.5474463,21,0
0,2,0,0.353651,21,1
0,3,1,0.5381882,21,0
0,1,1,0.6088108,21,0
0,2,0,0.6729352,21,1
0,2,1,0.624601,21,0
0,3,1,0.7733534,21,0
0,2,1,0.5533652,21,0
0,3,1,0.5040574,21,0
0,2,1,0.8209935,21,0
0,3,1,0.5008866,21,0
0,3,1,0.5989516,21,0
0,3,1,0.426101,21,0
0,3,1,0.6477438,21,0
0,1,1,0.7529631,21,0
0,1,1,0.6623555,21,0
0,3,1,0.7105038,21,0
0,3,1,0.4327719,21,0
0,1,1,0.6464649,21,0
0,1,1,0.6889672,21,0
1,2,1,0.532546099973843,22,1
1,1,1,0.477036199998111,22,1
1,2,1,0.459644399990793,22,1
1,2,1,0.462536300008651,22,1
1,1,1,0.439146000018809,22,1
1,2,1,0.433055800036527,22,1
1,1,1,0.543246100016404,22,1
1,1,0,0.562323000049219,22,0
1,1,1,0.529957299993839,22,1
1,2,1,0.553181700001005,22,1
1,3,0,0.469124900002498,22,0
1,1,1,0.477393399982248,22,1
1,1,1,0.466993400012143,22,1
1,1,0,0.527917100000195,22,0
1,3,0,0.841183100012131,22,0
1,2,1,0.679835700022522,22,1
1,1,1,0.470719499979168,22,1
1,3,0,0.562419900030363,22,0
1,3,1,0.646301899978425,22,1
1,3,1,0.647998099972028,22,1
1,3,1,0.519405799976084,22,1
1,3,1,0.406583599979058,22,1
1,2,1,0.468085600004997,22,1
1,1,1,0.320132900029421,22,1
1,3,1,0.540531999955419,22,1
1,3,1,0.53865969995968,22,1
1,1,1,0.533164699969348,22,1
1,2,1,0.413843000016641,22,1
1,2,1,0.420377600006759,22,1
1,1,1,0.404428399982862,22,1
1,1,1,0.512008099991363,22,1
1,1,1,0.323808900022414,22,1
1,1,1,0.385889800032601,22,1
1,3,1,0.478240299969912,22,1
1,3,1,0.53201419999823,22,1
1,3,0,0.684314200014342,22,0
1,1,1,0.444479600002524,22,1
1,1,1,0.419482500001322,22,1
1,1,1,0.415088500012644,22,1
1,1,0,0.661969399952795,22,0
1,3,1,0.57499920000555,22,1
1,2,1,0.425633099977858,22,1
1,3,1,0.488605700025801,22,1
1,2,1,0.619542400003411,22,1
1,3,0,0.459549999970477,22,0
1,2,1,0.560014899994712,22,1
1,1,1,0.361017999995966,22,1
1,1,1,0.393818899989128,22,1
1,3,1,0.492078899987973,22,1
1,3,0,0.417594500002451,22,0
1,3,1,0.680691500019748,22,1
1,2,1,0.42827719997149,22,1
1,2,1,0.450848000007682,22,1
1,1,1,0.450798599980772,22,1
1,2,0,0.36431169998832,22,0
1,2,1,0.433014499954879,22,1
1,2,1,0.50153120001778,22,1
1,3,0,0.514790500048548,22,0
1,3,1,0.523582000052556,22,1
1,2,1,0.553998899995349,22,1
1,2,1,0.471705700038001,22,1
1,3,1,0.565071999968495,22,1
1,2,1,0.568962900026236,22,1
1,3,1,0.599316099949647,22,1
1,2,1,0.597680000006221,22,1
1,1,1,0.432308399991598,22,1
1,3,0,0.518972699996084,22,0
1,1,1,0.449793200008571,22,1
1,1,1,0.44036170002073,22,1
1,2,1,0.414275899995118,22,1
1,1,1,0.401918799965642,22,1
1,3,1,0.582963799999561,22,1
1,2,1,0.401156799984165,22,1
1,3,1,0.56759490002878,22,1
1,2,1,0.407747299992479,22,1
1,2,1,0.523715600022115,22,1
1,2,1,0.4925597999827,22,1
1,2,1,0.489073200034909,22,1
1,1,1,0.456056999973953,22,1
1,2,1,0.48643930000253,22,1
1,3,1,0.378559799981304,22,1
1,1,1,0.454378599999472,22,1
1,3,1,0.584358799969777,22,1
1,3,1,0.32088080001995,22,1
1,2,1,0.504301799985114,22,1
1,3,1,0.492764699971303,22,1
1,2,1,0.619904000021052,22,1
1,2,1,0.379779699956998,22,1
1,1,1,0.39481990004424,22,1
1,1,1,0.428149799990933,22,1
1,2,1,0.45671980001498,22,1
1,1,1,0.465167900023516,22,1
1,2,0,0.420836599951144,22,0
1,2,0,0.63051170000108,22,0
1,2,1,0.369425500044599,22,1
1,3,1,0.57362609996926,22,1
1,3,1,0.420955300040077,22,1
1,3,1,0.272772199998144,22,1
1,1,1,0.558569299988449,22,1
1,2,0,0.538789500016719,22,0
1,1,1,0.414547099964693,22,1
1,3,1,0.587514599959832,22,1
1,2,1,0.409778800036293,22,1
1,3,1,0.470994700037409,22,1
1,3,1,0.693595699965954,22,1
1,3,1,0.415046199981589,22,1
1,1,1,0.533243599988054,22,1
1,2,1,0.387324600014836,22,1
1,2,1,0.338495100033469,22,1
1,2,1,0.286463299999014,22,1
1,1,1,0.402960499981418,22,1
1,1,0,0.703873999998905,22,0
1,3,1,0.479417200025637,22,1
1,1,1,0.409403199970257,22,1
1,1,1,0.579560199985281,22,1
1,3,1,0.590792899951339,22,1
1,1,1,0.582636399951298,22,1
1,3,1,0.527231000014581,22,1
1,1,1,0.414309499959927,22,1
1,1,1,0.433291700028349,22,1
1,3,0,0.3528806999675,22,0
1,3,1,0.466848299955018,22,1
1,2,1,0.471048999985214,22,1
1,1,1,0.446227199980058,22,1
1,3,1,0.521780800016131,22,1
1,2,1,0.606336199969519,22,1
1,1,1,0.442422899999656,22,1
1,3,1,0.566523300018162,22,1
1,2,1,0.361724599963054,22,1
1,1,1,0.333327099971939,22,1
1,1,1,0.403526399983093,22,1
1,1,1,0.261897600023076,22,1
1,2,1,0.432929000002332,22,1
1,1,1,0.292690399975982,22,1
1,3,1,0.550529300002381,22,1
1,3,1,0.489004099974409,22,1
1,3,1,0.306381100032013,22,1
1,2,1,0.562667399994098,22,1
1,2,1,0.484933700005058,22,1
1,1,1,0.414887699997053,22,1
1,2,1,0.497025799995754,22,1
1,3,1,0.761604400002398,22,1
1,2,0,0.464947799977381,22,0
1,2,1,0.472915799997281,22,1
1,2,1,0.369352100009564,22,1
1,3,0,0.397897100017872,22,0
1,2,0,0.398251299979165,22,0
1,3,1,0.53178029996343,22,1
1,2,1,0.593199800001457,22,1
1,3,1,0.651371999992989,22,1
1,3,1,0.400882299989462,22,1
1,1,1,0.444752899988089,22,1
1,1,1,0.387537500006147,22,1
1,1,1,0.561950900009833,22,1
1,2,1,0.674234299978707,22,1
1,2,1,0.516219299985096,22,1
1,3,1,0.453821299946867,22,1
1,2,1,0.532159800000954,22,1
1,1,1,0.382004099956248,22,1
1,2,1,0.541588799969759,22,1
1,1,1,0.625092499947641,22,1
1,2,1,0.471496200014371,22,1
1,3,0,0.491763799975161,22,0
1,1,1,0.406068600015715,22,1
1,1,1,0.552087699994445,22,1
1,1,1,0.375826500006951,22,1
1,1,1,0.37284660001751,22,1
1,3,1,0.374706999980845,22,1
1,1,1,0.431612399988808,22,1
1,1,1,0.360854399972595,22,1
1,2,1,0.492971699975897,22,1
1,3,0,0.440861500042956,22,0
1,3,1,0.323697300045751,22,1
1,2,1,0.446418199979234,22,1
1,3,1,0.400212700013071,22,1
1,2,1,0.471297600015532,22,1
1,3,0,0.495282799995039,22,0
1,1,1,0.489072900032625,22,1
1,3,1,0.466007900016848,22,1
1,3,1,0.296638400002848,22,1
0,3,1,0.623117800045293,22,0
0,2,0,0.356535799975973,22,1
0,2,0,0.510566899960395,22,1
0,3,0,0.537443000008352,22,1
0,2,0,0.393123099987861,22,1
0,2,1,0.711540000047535,22,0
0,1,1,0.612685600004625,22,0
0,1,1,0.551568900002167,22,0
0,2,1,0.653140499955043,22,0
0,3,1,0.696913099964149,22,0
0,3,0,0.742127099947538,22,1
0,1,1,0.596199199964758,22,0
0,1,1,0.508785100013483,22,0
0,2,1,0.484123600006569,22,0
0,3,1,0.590783999999985,22,0
0,1,1,0.581817400001455,22,0
0,1,1,0.507300199999008,22,0
0,1,0,0.504320900014136,22,1
0,3,0,0.457577399967704,22,1
0,3,1,0.57137610000791,22,0
0,1,0,0.307799000001978,22,1
0,2,1,0.659067400032654,22,0
0,3,0,0.4620904000476,22,1
0,1,1,0.63622139999643,22,0
0,1,1,0.62510950001888,22,0
0,2,0,0.571272999979556,22,1
0,2,1,0.480442399973981,22,0
0,3,1,0.626001500000712,22,0
0,2,1,0.661836799990851,22,0
0,1,1,0.431610100029502,22,0
0,1,1,0.542454700043891,22,0
0,3,1,0.521335700002965,22,0
0,3,1,0.449040399980731,22,0
0,2,0,0.415139899996575,22,1
0,1,1,0.711863100004848,22,0
0,3,1,0.599457199976314,22,0
0,3,1,0.56561559997499,22,0
0,3,1,0.652789700019639,22,0
0,1,1,0.417079299979378,22,0
0,3,1,0.393904800002929,22,0
0,3,1,0.465946499956772,22,0
0,2,0,0.419622100016568,22,1
0,3,1,0.639950799988583,22,0
0,3,1,0.466210899990983,22,0
0,1,1,0.645182100008242,22,0
0,1,1,0.668745799979661,22,0
0,1,1,0.462227999989409,22,0
0,1,1,0.466655900003389,22,0
0,3,1,0.402889399963897,22,0
0,3,0,0.502385600004345,22,1
0,3,1,0.329120000009425,22,0
0,2,0,0.619535100006033,22,1
0,2,1,0.493249399994966,22,0
0,1,1,0.567607200006023,22,0
0,2,1,0.540757199982181,22,0
0,3,1,0.436817699985113,22,0
0,2,1,0.41869169997517,22,0
0,3,1,0.619011499977205,22,0
0,2,0,0.478919799963478,22,1
0,3,1,0.54879799997434,22,0
0,3,0,0.412232900038362,22,1
0,2,1,0.579020800010767,22,0
0,1,1,0.703671499970369,22,0
0,3,0,0.596625400008634,22,1
0,2,1,0.575587400002405,22,0
0,2,1,0.457032100006472,22,0
0,3,1,0.420871900045313,22,0
0,3,1,0.609865200007334,22,0
0,1,1,0.501471900031902,22,0
0,2,0,0.450143299996853,22,1
0,1,1,0.5954236999969,22,0
0,3,1,0.476137100020424,22,0
0,1,1,0.500023800006602,22,0
0,2,1,0.398230099992361,22,0
0,2,1,0.504863200010732,22,0
0,3,0,0.433238300029188,22,1
0,2,1,0.694386499992106,22,0
0,2,1,0.512290799990296,22,0
0,3,0,0.519491999992169,22,1
0,1,1,0.51855490001617,22,0
0,1,1,0.558944099990185,22,0
0,1,1,0.426993499975652,22,0
0,1,1,0.513222200039309,22,0
0,2,1,0.492895799980033,22,0
0,1,0,0.516180000035092,22,1
0,3,1,0.632676500012167,22,0
0,3,1,0.608483299962245,22,0
0,1,1,0.727547799993772,22,0
0,1,0,0.827794100041501,22,1
0,1,1,0.453034000005573,22,0
0,1,1,0.62242560001323,22,0
0,3,1,0.44777199998498,22,0
0,2,1,0.632214999990538,22,0
0,3,1,0.386452500009909,22,0
0,3,1,0.471979000023566,22,0
0,1,0,0.319029399950523,22,1
0,1,1,0.649245400039945,22,0
0,2,1,0.434835000021849,22,0
0,1,1,0.789736899954733,22,0
0,2,1,0.627630200004205,22,0
0,1,1,0.638646800012793,22,0
0,2,1,0.378826599975582,22,0
0,1,1,0.489210700034164,22,0
0,1,1,0.438914400001522,22,0
0,3,1,0.412026900041383,22,0
0,1,1,0.431812399998307,22,0
0,2,1,0.526694500003941,22,0
0,1,1,0.504409199988004,22,0
0,1,0,0.342384700023104,22,1
0,2,0,0.551512300036848,22,1
0,2,0,0.312503699969966,22,1
0,3,1,0.527177500014659,22,0
0,2,1,0.527893999998923,22,0
0,2,1,0.389268399972934,22,0
0,2,1,0.421847600024194,22,0
0,3,1,0.44159820000641,22,0
0,1,0,0.571455299970694,22,1
0,1,1,0.618853699997999,22,0
0,1,1,0.500043599982746,22,0
0,1,1,0.800815500027966,22,0
0,2,1,0.56610830000136,22,0
0,3,1,0.459185099985916,22,0
0,1,1,0.467184000008274,22,0
0,1,1,0.313818800030276,22,0
0,3,1,0.533527599996887,22,0
0,2,1,0.409570799965877,22,0
0,2,1,0.367750599980354,22,0
0,1,1,0.46698229998583,22,0
0,3,0,0.36280619999161,22,1
0,2,0,0.419300799956545,22,1
0,3,0,0.532024800020736,22,1
0,3,1,0.430408600019291,22,0
0,2,1,0.583243499975652,22,0
0,3,1,0.736263900005724,22,0
0,1,0,0.646063699969091,22,1
0,3,1,0.705943399982061,22,0
0,3,1,0.553011899988633,22,0
0,2,1,0.650207300030161,22,0
0,3,1,0.460840300016571,22,0
0,3,1,0.430458499991801,22,0
0,3,1,0.47352120000869,22,0
0,3,1,0.34071820002282,22,0
0,2,1,0.70528239995474,22,0
0,1,1,0.536435300018638,22,0
0,3,0,0.51684870000463,22,1
0,2,1,0.647604099998716,22,0
0,1,1,0.506081599975005,22,0
0,1,1,0.52945259999251,22,0
0,2,1,0.408753199968487,22,0
0,1,1,0.563064500049222,22,0
0,2,1,0.436673099990003,22,0
0,3,0,0.386392000014894,22,1
0,2,1,0.514459799975157,22,0
0,2,1,0.550660200009588,22,0
0,2,1,0.504391399968881,22,0
0,2,1,0.402937699982431,22,0
0,2,1,0.519316099991556,22,0
0,3,1,0.501995700004045,22,0
0,3,1,0.51871019997634,22,0
0,2,0,0.397509800037369,22,1
0,1,1,0.461268400016706,22,0
0,2,1,0.536830600001849,22,0
0,3,1,0.527919200016186,22,0
0,2,1,0.394798199995421,22,0
0,3,0,0.514332699996885,22,1
0,1,1,0.585177999979351,22,0
0,2,0,0.375328599999193,22,1
0,1,0,0.58299550000811,22,1
0,2,1,0.578171899949666,22,0
0,1,0,0.494028299988713,22,1
0,2,1,0.774973499996122,22,0
0,2,1,0.508672799973283,22,0
0,3,0,0.431156099948566,22,1
0,3,1,0.63605800003279,22,0
0,2,1,1.05886570003349,22,0
0,3,1,0.537073299987242,22,0
0,2,1,0.434012299985625,22,0
0,1,1,0.613986500015017,22,0
0,1,1,0.495142199972179,22,0
0,1,1,0.417147499974817,22,0
1,1,1,0.308331900043413,23,1
1,1,1,0.422393499989994,23,1
1,2,1,0.672217799990904,23,1
1,1,1,0.408187999972142,23,1
1,3,0,0.449330999981612,23,0
1,3,0,0.546959200000856,23,0
1,1,1,0.323663000017405,23,1
1,3,1,0.986792500014417,23,1
1,2,1,0.535486300010234,23,1
1,2,1,0.656526500009932,23,1
1,3,0,0.515170399972703,23,0
1,3,1,0.574386899999809,23,1
1,1,1,0.340430399985053,23,1
1,1,1,0.379931100003887,23,1
1,3,1,0.705231800035108,23,1
1,1,1,0.590282999968622,23,1
1,1,1,0.486273200018331,23,1
1,1,1,0.375507099961396,23,1
1,2,1,0.550900399975944,23,1
1,2,1,0.540737200004514,23,1
1,3,1,0.579309299995657,23,1
1,1,1,0.426288900023792,23,1
1,1,1,0.534105399972759,23,1
1,3,1,0.666122299968265,23,1
1,2,1,0.50008169998182,23,1
1,1,0,0.534527299983893,23,0
1,1,1,0.379813300038222,23,1
1,2,1,0.460965199978091,23,1
1,3,1,0.457638399966527,23,1
1,1,1,0.370118600025307,23,1
1,3,1,0.576242399984039,23,1
1,1,1,0.40817299997434,23,1
1,1,1,0.378746900008991,23,1
1,3,1,0.67622449999908,23,1
1,3,1,0.400859299988952,23,1
1,2,1,0.466943699982949,23,1
1,1,1,0.342356399982236,23,1
1,3,0,0.493271100043785,23,0
1,1,1,0.544790600019041,23,1
1,2,1,0.733479100046679,23,1
1,2,1,0.814394599990919,23,1
1,3,1,0.566648500040174,23,1
1,1,1,0.508451999980025,23,1
1,2,1,0.762130099989008,23,1
1,3,1,0.691386800026521,23,1
1,1,1,0.383033999998588,23,1
1,3,1,0.582809199986514,23,1
1,2,1,0.583873800002038,23,1
1,2,1,0.515555299993139,23,1
1,3,1,0.561480899981689,23,1
1,2,1,0.628833600028884,23,1
1,1,1,0.361046499980148,23,1
1,3,1,0.548599200032186,23,1
1,2,1,0.791655400011223,23,1
1,3,1,0.507629600004293,23,1
1,2,1,0.651960999995936,23,1
1,3,1,0.627385500003584,23,1
1,1,1,0.777854600048158,23,1
1,3,1,0.657935700030066,23,1
1,1,1,0.446206599997822,23,1
1,1,1,0.762332700018305,23,1
1,2,1,0.461636500025634,23,1
1,3,1,0.486626100027934,23,1
1,2,1,0.875865500012878,23,1
1,3,0,0.495625599985942,23,0
1,2,1,0.567617599968798,23,1
1,2,1,0.695462299976498,23,1
1,1,1,0.372857300040778,23,1
1,2,1,0.57569849997526,23,1
1,1,1,0.34926849999465,23,1
1,3,1,0.666213999968022,23,1
1,3,1,0.682056199992076,23,1
1,2,1,0.65148020000197,23,1
1,3,1,0.535811000037938,23,1
1,1,1,0.61620650003897,23,1
1,1,0,0.568175500025973,23,0
1,3,1,0.625196400040295,23,1
1,2,1,0.643116699997336,23,1
1,2,1,0.515856500016525,23,1
1,2,1,0.584383400040679,23,1
1,1,1,0.566761399968527,23,1
1,3,1,0.865434299979825,23,1
1,1,1,0.747077200037893,23,1
1,2,1,0.523970699985512,23,1
1,1,0,0.560171100019943,23,0
1,1,1,0.374964200018439,23,1
1,2,1,0.501997099956498,23,1
1,2,1,0.555797300010454,23,1
1,2,1,0.409198799985461,23,1
1,3,1,0.51706549996743,23,1
1,1,1,0.478355300030671,23,1
1,1,1,0.423862000054214,23,1
1,3,1,0.670244100037962,23,1
1,2,1,0.656744499981869,23,1
1,3,1,0.51852569996845,23,1
1,1,1,0.527309100027196,23,1
1,3,1,0.675416499958374,23,1
1,3,1,0.571992699988186,23,1
1,1,1,0.620168100052979,23,1
1,2,1,0.478879799949937,23,1
1,3,1,0.541334100009408,23,1
1,3,1,0.515088899992406,23,1
1,1,1,0.462280800042208,23,1
1,2,1,0.431848400039598,23,1
1,2,0,0.506517399975564,23,0
1,3,1,0.53041360003408,23,1
1,1,1,0.511180200031959,23,1
1,3,0,0.399037000024691,23,0
1,2,1,0.439578099991195,23,1
1,2,1,0.698360099981073,23,1
1,3,1,0.567784300015774,23,1
1,2,1,0.644572099961806,23,1
1,2,1,0.47649549995549,23,1
1,3,1,0.491821100004017,23,1
1,3,1,0.480944900016766,23,1
1,2,1,0.518256700015627,23,1
1,3,1,0.559695199946873,23,1
1,3,1,0.594294800015632,23,1
1,1,1,0.371281199972145,23,1
1,2,1,0.643095900013577,23,1
1,2,1,0.409966300008819,23,1
1,3,1,0.478007600002456,23,1
1,2,1,0.470774499990512,23,1
1,2,1,0.408021499984898,23,1
1,1,1,0.652403100044467,23,1
1,3,1,0.549082099983934,23,1
1,1,1,0.629585699993186,23,1
1,3,1,0.616695299977437,23,1
1,2,1,0.65152010001475,23,1
1,2,1,0.416751900047529,23,1
1,3,1,0.541539900004864,23,1
1,1,1,0.446727000002284,23,1
1,1,1,0.442023199982941,23,1
1,2,1,0.634242000000086,23,1
1,3,1,0.585313000017777,23,1
1,1,1,0.524850099987816,23,1
1,1,1,0.66336050000973,23,1
1,1,1,0.591586299997289,23,1
1,1,1,0.44017369998619,23,1
1,1,1,0.256591800018214,23,1
1,3,1,0.631348699971568,23,1
1,3,1,0.469869099964853,23,1
1,1,1,0.557964799983893,23,1
1,2,1,0.729978900053538,23,1
1,2,1,0.788271499972325,23,1
1,1,1,0.423263899981976,23,1
1,3,1,0.542384400032461,23,1
1,2,1,0.51905760000227,23,1
1,3,1,0.519469000049867,23,1
1,2,1,0.688554699998349,23,1
1,1,1,0.447171800013166,23,1
1,1,1,0.362762000004295,23,1
1,2,1,0.448577099945396,23,1
1,2,1,0.575771900010295,23,1
1,3,1,0.666062899981625,23,1
1,2,1,0.596389400016051,23,1
1,2,1,0.539089999976568,23,1
1,1,1,0.505148100026418,23,1
1,1,1,0.377058200014289,23,1
1,3,1,0.600591700000223,23,1
1,2,1,0.851711800030898,23,1
1,1,1,0.34145270002773,23,1
1,2,1,0.635357399994973,23,1
1,2,1,0.527387000038289,23,1
1,2,1,0.560746699979063,23,1
1,1,1,0.82719060004456,23,1
1,3,0,0.469570499961264,23,0
1,2,1,0.580208200030029,23,1
1,3,1,0.581747999996878,23,1
1,3,1,0.550105799979065,23,1
1,3,1,0.605335699976422,23,1
1,1,1,0.472023700014688,23,1
1,3,1,0.553910000016913,23,1
1,3,1,0.601583799987566,23,1
1,2,1,0.612829699995928,23,1
1,1,1,0.521677899989299,23,1
1,3,1,1.05699269997422,23,1
1,2,1,0.498552300035954,23,1
1,1,1,0.526745799987111,23,1
1,1,1,0.555183399992529,23,1
0,2,0,0.414540200028569,23,1
0,1,1,0.573023299977649,23,0
0,3,1,0.565456999989692,23,0
0,1,1,0.388140199996997,23,0
0,3,1,0.780327599961311,23,0
0,2,1,0.632790999952704,23,0
0,1,1,0.661083299957681,23,0
0,2,0,0.430249400029425,23,1
0,2,1,0.59252440003911,23,0
0,1,1,0.65778260002844,23,0
0,3,0,0.723002900020219,23,1
0,2,1,0.831061700009741,23,0
0,1,0,0.413027599977795,23,1
0,2,1,0.648557099979371,23,0
0,3,1,0.605434100027196,23,0
0,3,1,0.689746199990623,23,0
0,1,1,0.632605299993884,23,0
0,1,1,0.631238700007088,23,0
0,2,1,0.48551560001215,23,0
0,2,1,0.616914900019765,23,0
0,3,1,0.798765800020192,23,0
0,3,1,0.885393000033218,23,0
0,3,1,0.669157599972095,23,0
0,1,1,0.689825300010853,23,0
0,2,0,0.860209300008137,23,1
0,1,0,0.437780600041151,23,1
0,3,1,0.661826399969868,23,0
0,1,1,0.601338699983899,23,0
0,3,1,0.607573400018737,23,0
0,1,1,0.470793300017249,23,0
0,2,1,0.607839700009208,23,0
0,2,0,0.585844699991867,23,1
0,3,1,0.586354099970777,23,0
0,1,1,0.675237099989317,23,0
0,1,1,0.540514000051189,23,0
0,3,0,0.60214570001699,23,1
0,3,1,0.681231299997307,23,0
0,1,0,0.590258100011852,23,1
0,3,1,0.722938399994746,23,0
0,1,1,0.799364700040314,23,0
0,1,0,0.656468699977268,23,1
0,2,1,0.565744300023653,23,0
0,2,1,0.537911099963821,23,0
0,2,1,0.730214999988675,23,0
0,2,0,0.443591699993704,23,1
0,2,1,0.499223099963274,23,0
0,2,1,0.793562399980146,23,0
0,1,0,0.686177900002804,23,1
0,2,0,0.509519200015347,23,1
0,1,1,0.674754599982407,23,0
0,1,1,0.511971900006756,23,0
0,2,0,0.786051700008102,23,1
0,2,1,0.580330799974035,23,0
0,2,1,0.491382499982137,23,0
0,2,1,0.492093900043983,23,0
0,2,1,0.417435800016392,23,0
0,2,0,0.410590799991041,23,1
0,2,1,0.726686500012875,23,0
0,1,1,0.773353099997621,23,0
0,1,0,0.762249400024302,23,1
0,1,1,0.582837700028904,23,0
0,1,1,0.523310000018682,23,0
0,3,1,0.641181400045753,23,0
0,3,1,0.551608200010378,23,0
0,3,1,0.562010499997996,23,0
0,1,1,0.736614699999336,23,0
0,3,1,0.660820000048261,23,0
0,3,1,0.58580969995819,23,0
0,2,0,0.665203499956988,23,1
0,2,1,0.517517500033136,23,0
0,1,1,0.693868000002112,23,0
0,3,1,0.572685600025579,23,0
0,1,1,0.515892599942163,23,0
0,2,1,0.705421200022101,23,0
0,3,1,0.479339199955575,23,0
0,1,1,0.621553200006019,23,0
0,1,1,0.524167299969122,23,0
0,2,1,0.744010700029321,23,0
0,1,1,0.671266999968793,23,0
0,3,1,0.702651900006458,23,0
0,3,1,0.561872299993411,23,0
0,1,1,0.640944899991155,23,0
0,2,1,0.777321300003678,23,0
0,1,1,0.634970300015993,23,0
0,1,1,0.627397199976258,23,0
0,1,1,0.526529899972957,23,0
0,1,1,0.625412800000049,23,0
0,2,1,0.567830600019079,23,0
0,3,1,0.815715099975932,23,0
0,3,1,0.913256599975284,23,0
0,1,1,0.735234000021592,23,0
0,3,1,0.697028899972793,23,0
0,1,1,0.575726399954874,23,0
0,3,1,0.527548799989745,23,0
0,1,1,0.550262800010387,23,0
0,2,1,0.838073100021575,23,0
0,3,1,0.795608200016432,23,0
0,2,1,0.607933200022671,23,0
0,1,1,0.57550259999698,23,0
0,3,1,0.791034599998966,23,0
0,1,1,0.65348019998055,23,0
0,2,1,0.594384900003206,23,0
0,1,1,0.510256999987178,23,0
0,1,1,0.475302900013048,23,0
0,1,1,0.560101000010036,23,0
0,1,1,0.593937599973287,23,0
0,3,1,0.557775699999183,23,0
0,3,1,0.600678699964192,23,0
0,3,1,0.550475399999414,23,0
0,3,1,0.689576499979012,23,0
0,1,1,0.514886999968439,23,0
0,3,1,0.865775799960829,23,0
0,3,1,0.516678299987689,23,0
0,2,1,0.421075800026301,23,0
0,3,1,0.50933209998766,23,0
0,2,1,0.494325199979357,23,0
0,1,1,0.558945900003891,23,0
0,2,1,0.70372559997486,23,0
0,2,1,0.476373300014529,23,0
0,2,1,0.420065100013744,23,0
0,3,0,0.667880099965259,23,1
0,1,0,0.617743999988306,23,1
0,1,1,0.732865000027232,23,0
0,1,1,0.687961000017822,23,0
0,3,1,0.876572700042743,23,0
0,2,1,0.401139600027818,23,0
0,3,1,0.525137200020254,23,0
0,2,1,0.531202299986035,23,0
0,2,1,0.625443400000222,23,0
0,3,1,0.645686800009571,23,0
0,3,1,0.664745900023263,23,0
0,2,1,0.806529199995566,23,0
0,2,1,0.500063100014813,23,0
0,2,1,0.714750099985395,23,0
0,1,1,0.704362900054548,23,0
0,2,1,0.489476100017782,23,0
0,3,1,0.717972900019959,23,0
0,3,1,0.498795100022107,23,0
0,3,1,0.380385599972215,23,0
0,3,1,0.733013399993069,23,0
0,3,1,0.582056699960958,23,0
0,1,1,0.635383100016043,23,0
0,3,0,0.471257800003514,23,1
0,2,1,0.593792199972086,23,0
0,1,1,0.832332599966321,23,0
0,3,1,0.660610000020824,23,0
0,2,1,0.677840100019239,23,0
0,1,1,0.407317199977115,23,0
0,1,1,0.428024699969683,23,0
0,3,1,0.618429199967068,23,0
0,2,1,0.449494500004221,23,0
0,1,1,1.00983149994863,23,0
0,3,1,0.581287100038026,23,0
0,1,0,0.276146000018343,23,1
0,3,1,0.576964899955783,23,0
0,1,1,0.510060100001283,23,0
0,1,0,0.728404900000896,23,1
0,3,1,0.863457800005563,23,0
0,2,1,0.755011299974285,23,0
0,3,1,0.584267500031274,23,0
0,3,1,0.642775600019377,23,0
0,2,1,0.763530399999581,23,0
0,2,1,0.578720599994995,23,0
0,3,1,0.46135709999362,23,0
0,2,1,0.666100099973846,23,0
0,2,1,0.573690799996257,23,0
0,3,1,0.805013500037603,23,0
0,1,1,0.659862399974372,23,0
0,3,1,0.486798300000373,23,0
0,2,0,0.732765800028574,23,1
0,2,1,0.534557399980258,23,0
0,2,1,0.644855599966832,23,0
0,3,1,0.629431500041392,23,0
0,2,1,0.891681600012816,23,0
0,1,1,0.591003399982583,23,0
0,3,1,0.539994600054342,23,0
0,2,1,0.644179100054316,23,0
0,3,1,0.530646500003058,23,0
0,1,1,0.895263499987777,23,0
1,1,1,0.808126699994318,24,1
1,1,1,0.632346099999268,24,1
1,3,1,0.460229800024536,24,1
1,2,0,0.696084700000938,24,0
1,1,1,0.849157799966633,24,1
1,1,0,0.454797000042163,24,0
1,1,1,0.447430100000929,24,1
1,1,1,0.327918499999214,24,1
1,3,1,0.455041399982292,24,1
1,3,1,0.471194499987178,24,1
1,2,1,0.389594200009014,24,1
1,2,1,0.260567799967248,24,1
1,2,1,0.702274399984162,24,1
1,1,0,0.935712200007401,24,0
1,2,1,0.713851999957114,24,1
1,2,1,0.301251699973363,24,1
1,1,1,0.738907600054517,24,1
1,1,1,0.23437980003655,24,1
1,1,1,0.400905099988449,24,1
1,2,1,0.254573999962304,24,1
1,1,1,0.449983900005464,24,1
1,3,1,0.398312099976465,24,1
1,2,1,0.621537899947725,24,1
1,3,0,0.336879200011026,24,0
1,1,1,0.259898499993142,24,1
1,3,1,0.52288609999232,24,1
1,2,1,0.494357799994759,24,1
1,1,1,0.408231299952604,24,1
1,3,1,0.392581499996595,24,1
1,2,1,0.909869399969466,24,1
1,3,1,0.593689100001939,24,1
1,3,1,1.01854349998757,24,1
1,3,1,0.440153700008523,24,1
1,3,1,0.395347100042272,24,1
1,3,0,0.562457300024107,24,0
1,3,1,0.451864200003911,24,1
1,3,1,0.970950999995694,24,1
1,1,1,0.712135100038722,24,1
1,3,1,0.489034299971536,24,1
1,1,1,0.644830100005493,24,1
1,3,1,0.509389000013471,24,1
1,3,0,0.313282300019637,24,0
1,2,1,0.712435800000094,24,1
1,1,1,0.435349799983669,24,1
1,2,1,0.602234199992381,24,1
1,1,0,0.433281000005081,24,0
1,1,1,0.482096199993975,24,1
1,1,1,0.650986500026193,24,1
1,1,1,0.275862800015602,24,1
1,3,1,0.547755700012203,24,1
1,2,0,0.48592850001296,24,0
1,3,0,0.484120999986771,24,0
1,1,1,0.405261699983384,24,1
1,1,1,0.277562000032049,24,1
1,3,1,0.573201199993491,24,1
1,3,1,0.624454699980561,24,1
1,2,1,0.530367800034583,24,1
1,3,0,0.474767300009262,24,0
1,1,1,0.414618399983738,24,1
1,2,1,0.765577199985273,24,1
1,3,0,0.659880399995018,24,0
1,2,0,0.395443399960641,24,0
1,2,1,0.614398700010497,24,1
1,3,1,0.456389200000558,24,1
1,3,1,0.889887000026647,24,1
1,2,1,0.787785499996971,24,1
1,2,1,0.542114199954085,24,1
1,3,1,0.686513299995568,24,1
1,1,1,0.434761899989098,24,1
1,2,1,0.509018099983223,24,1
1,1,1,0.549617399985436,24,1
1,1,1,0.377692400012165,24,1
1,1,0,0.482297100010328,24,0
1,2,1,0.501826299994718,24,1
1,1,0,0.481368499982636,24,0
1,1,1,0.800692700024229,24,1
1,3,1,0.380857200012542,24,1
1,2,1,0.617180900007952,24,1
1,2,1,0.545755799976178,24,1
1,2,1,0.469264600018505,24,1
1,2,0,0.443120500014629,24,0
1,1,1,0.548492299974896,24,1
1,3,0,0.476780799974222,24,0
1,3,1,0.351572699961253,24,1
1,1,0,0.313458500022534,24,0
1,3,1,0.510265899996739,24,1
1,1,1,0.513590299990028,24,1
1,1,1,0.715789900044911,24,1
1,3,1,0.791916000016499,24,1
1,1,0,0.40582710003946,24,0
1,3,1,0.654734199983068,24,1
1,2,1,0.512339400011115,24,1
1,2,1,0.593557899992447,24,1
1,1,0,0.482553700043354,24,0
1,2,1,0.584760099998675,24,1
1,1,0,0.958695499983151,24,0
1,2,1,0.661788599973079,24,1
1,3,1,0.46899389999453,24,1
1,2,1,0.456951099971775,24,1
1,3,1,0.512533699977212,24,1
1,1,1,0.46902359998785,24,1
1,1,1,0.454641400021501,24,1
1,2,1,0.582579999987502,24,1
1,2,0,0.866563899966422,24,0
1,3,1,0.289988000004087,24,1
1,1,1,0.82882699999027,24,1
1,2,1,0.668955600005575,24,1
1,2,1,0.303015800018329,24,1
1,2,1,0.582046299998183,24,1
1,2,0,0.470264999952633,24,0
1,2,1,0.730114699981641,24,1
1,1,1,0.804197799996473,24,1
1,3,1,0.72342789999675,24,1
1,2,1,0.460494699946139,24,1
1,3,1,0.443568999995477,24,1
1,3,0,0.950013800000306,24,0
1,2,1,0.841119599994272,24,1
1,1,1,0.360129199980292,24,1
1,3,1,0.488234199990984,24,1
1,1,0,0.701944200030994,24,0
1,1,0,0.451767800026573,24,0
1,3,1,0.429035700042732,24,1
1,3,1,0.443658799980767,24,1
1,2,1,0.801045100030024,24,1
1,2,1,0.473868099972606,24,1
1,2,1,0.596046600025147,24,1
1,2,1,0.910286900005303,24,1
1,2,1,0.494435400003567,24,1
1,1,1,0.562083400029223,24,1
1,3,1,0.407803100009914,24,1
1,2,1,0.545863199979067,24,1
1,3,1,0.479576000012457,24,1
1,3,1,0.493167899956461,24,1
1,3,1,0.4123372999602,24,1
1,2,1,0.43452139996225,24,1
1,3,1,0.336367400013842,24,1
1,2,1,0.750035199976992,24,1
1,2,1,0.52163199998904,24,1
1,1,1,0.443745700002182,24,1
1,1,1,0.750401199969929,24,1
1,1,1,0.473874300019816,24,1
1,2,1,0.547939500014763,24,1
1,1,1,0.442597399989609,24,1
1,3,1,0.398086700006388,24,1
1,2,1,0.605766599997878,24,1
1,2,1,0.574675399984699,24,1
1,1,1,0.474676599958912,24,1
1,1,1,0.426053400035016,24,1
1,1,1,0.23286210000515,24,1
1,3,1,0.486284800048452,24,1
1,2,1,0.482992100005504,24,1
1,3,0,0.417717799951788,24,0
1,1,1,0.536791999998968,24,1
1,3,1,0.455926200025715,24,1
1,2,0,0.41795130004175,24,0
1,3,1,0.475181599962525,24,1
1,3,1,0.521530399972107,24,1
1,1,1,0.55812560004415,24,1
1,3,0,0.494518899999093,24,0
1,2,1,0.89611099998001,24,1
1,3,1,0.424474799947347,24,1
1,2,1,0.465759699989576,24,1
1,3,1,0.341322700027376,24,1
1,3,1,0.470220799965318,24,1
1,1,0,0.453759800002445,24,0
1,1,1,0.643409299955238,24,1
1,3,1,0.461721000028774,24,1
1,3,1,0.382302599959075,24,1
1,1,0,0.495502599980682,24,0
1,1,0,0.26333029998932,24,0
1,2,1,0.72191429999657,24,1
1,2,1,0.441949100000784,24,1
1,2,1,0.24703089997638,24,1
1,3,1,0.607117299980018,24,1
1,1,1,0.30572669999674,24,1
1,1,1,0.501943000010215,24,1
1,2,1,0.361159700027201,24,1
1,1,1,0.562605699989945,24,1
1,3,1,0.609761500032619,24,1
0,1,1,0.625169599952642,24,0
0,1,1,0.593564599985257,24,0
0,2,1,0.613288099993952,24,0
0,3,1,0.964007600035984,24,0
0,2,1,0.422524299996439,24,0
0,3,1,0.713737100013532,24,0
0,2,0,0.594602599972859,24,1
0,1,1,0.394213500025216,24,0
0,3,0,0.773479499970563,24,1
0,2,0,0.815400300023612,24,1
0,2,1,0.506365899986122,24,0
0,1,0,0.788141599972732,24,1
0,3,1,0.409087400010321,24,0
0,1,1,0.618722400045954,24,0
0,3,1,0.907059399993159,24,0
0,3,1,0.344426200026646,24,0
0,3,0,0.268641199974809,24,1
0,1,1,0.440977499994915,24,0
0,3,1,0.397364099975675,24,0
0,2,1,0.510484799975529,24,0
0,3,1,0.508532999956515,24,0
0,1,1,0.600889800000004,24,0
0,2,1,0.69528949999949,24,0
0,3,1,0.587930500041693,24,0
0,1,1,0.512735600001179,24,0
0,1,1,0.744474400009494,24,0
0,3,1,0.451054400007706,24,0
0,3,1,0.258142600010615,24,0
0,1,0,0.786750099970959,24,1
0,2,0,0.404530900006648,24,1
0,2,0,0.80827280000085,24,1
0,2,1,0.632352599990554,24,0
0,1,1,0.522799399972428,24,0
0,3,1,0.98859550000634,24,0
0,2,0,0.83282860001782,24,1
0,2,1,0.566177000000607,24,0
0,1,1,0.579999300010968,24,0
0,3,1,0.42914700001711,24,0
0,2,1,0.44930390000809,24,0
0,2,1,0.549691199965309,24,0
0,3,1,0.37859739997657,24,0
0,2,1,0.482706399983726,24,0
0,2,1,0.610520899994299,24,0
0,2,1,0.807757599977776,24,0
0,3,1,0.79726419999497,24,0
0,3,1,0.367641800025012,24,0
0,2,1,0.518799900019076,24,0
0,2,1,0.733907199988607,24,0
0,1,1,0.565575700020418,24,0
0,2,1,0.277477799972985,24,0
0,2,1,0.570570799987763,24,0
0,3,0,0.670750499994028,24,1
0,1,1,0.786601100000553,24,0
0,2,1,0.564770600001793,24,0
0,2,1,0.350622300000396,24,0
0,1,1,0.710850300034508,24,0
0,1,1,0.398955099983141,24,0
0,1,1,0.447951700014528,24,0
0,2,1,0.524564199964516,24,0
0,3,1,0.947211600025184,24,0
0,2,1,0.499015700013842,24,0
0,3,0,0.44651460001478,24,1
0,2,1,0.686936900019646,24,0
0,1,1,0.695253700017929,24,0
0,3,1,0.593932499992661,24,0
0,3,1,0.500586199981626,24,0
0,1,1,0.379647800000384,24,0
0,3,0,0.874119999993127,24,1
0,3,1,0.466713399975561,24,0
0,3,1,0.492409200000111,24,0
0,3,1,0.711462399980519,24,0
0,1,1,0.443741599970963,24,0
0,3,1,0.623709300009068,24,0
0,1,1,0.654989200003911,24,0
0,3,1,0.561906600021757,24,0
0,3,1,0.731063799990807,24,0
0,1,0,0.478819500014652,24,1
0,3,0,0.434136299998499,24,1
0,3,1,0.670636299997568,24,0
0,1,1,0.778300300007686,24,0
0,3,1,0.738588100008201,24,0
0,1,1,1.0346833000076,24,0
0,3,1,0.464107899984811,24,0
0,2,1,0.764195399999153,24,0
0,2,0,0.383959700004198,24,1
0,3,1,0.709860300004948,24,0
0,3,1,0.396595199999865,24,0
0,1,0,0.389878200017847,24,1
0,1,0,0.324678199947812,24,1
0,3,1,0.496094300004188,24,0
0,1,1,0.620467600005213,24,0
0,1,1,0.519363900006283,24,0
0,2,1,0.500959800032433,24,0
0,1,1,0.739489800005686,24,0
0,1,1,0.448354699998163,24,0
0,3,1,0.640341299993452,24,0
0,1,1,0.677365300012752,24,0
0,2,1,0.70751370000653,24,0
0,1,1,0.471242399944458,24,0
0,1,1,0.516239500022493,24,0
0,2,1,0.642596199992113,24,0
0,1,1,0.912202599982265,24,0
0,2,1,0.534603999985848,24,0
0,2,1,0.589087600004859,24,0
0,3,1,0.521150699991267,24,0
0,3,0,0.702519599988591,24,1
0,1,1,0.603361699962988,24,0
0,1,0,0.782824800000526,24,1
0,3,1,0.5599072999903,24,0
0,1,1,0.664822100021411,24,0
0,1,1,0.448932899977081,24,0
0,1,1,0.274389899976086,24,0
0,3,1,0.474913700018078,24,0
0,3,1,0.481896599987522,24,0
0,3,1,0.633512099971995,24,0
0,1,1,0.458176899992395,24,0
0,3,1,0.602668899984565,24,0
0,1,1,0.367001199978404,24,0
0,1,0,0.553628600027878,24,1
0,3,1,0.407790899975225,24,0
0,3,0,0.271835200022906,24,1
0,1,0,0.335629899986088,24,1
0,2,1,0.44590450002579,24,0
0,3,1,0.390597000019625,24,0
0,2,0,0.364982399973087,24,1
0,2,1,0.464503199968021,24,0
0,1,1,0.424863099993672,24,0
0,1,0,0.331023500009906,24,1
0,3,1,0.676081400015391,24,0
0,1,1,0.601144399959594,24,0
0,1,1,0.361476799997035,24,0
0,1,0,0.287140499975067,24,1
0,1,1,0.461764500010759,24,0
0,2,1,0.656231600034516,24,0
0,2,1,0.439229800016619,24,0
0,1,1,0.442512099980377,24,0
0,2,1,0.93172140000388,24,0
0,1,0,0.28564750001533,24,1
0,2,1,0.712117099959869,24,0
0,2,1,0.412969800003339,24,0
0,2,1,0.586136800004169,24,0
0,1,0,0.452385400014464,24,1
0,3,1,0.409578300022986,24,0
0,2,0,0.614044499990996,24,1
0,2,1,0.996062299993355,24,0
0,3,1,0.73001599998679,24,0
0,2,1,0.536152199958451,24,0
0,3,0,0.494651900022291,24,1
0,2,1,0.427924100018572,24,0
0,3,1,0.516212799993809,24,0
0,1,1,0.47033320000628,24,0
0,3,0,0.273334099969361,24,1
0,2,1,0.392139100003988,24,0
0,1,0,0.4893000999582,24,1
0,1,1,0.588059100031387,24,0
0,2,1,0.517326599976514,24,0
0,3,1,0.408615400025155,24,0
0,2,1,0.775040000036824,24,0
0,2,1,0.462269299954642,24,0
0,2,1,0.270455699996091,24,0
0,3,1,0.873903299972881,24,0
0,3,1,0.371396299975459,24,0
0,2,1,0.329842900042422,24,0
0,1,1,0.402575000014622,24,0
0,2,1,0.730417200014926,24,0
0,1,1,0.42391489999136,24,0
0,2,1,0.395836200041231,24,0
0,2,1,0.342288000043482,24,0
0,2,1,0.354242900037207,24,0
0,1,1,0.675303399970289,24,0
0,2,1,0.495290899998508,24,0
0,3,1,0.499661700043362,24,0
0,1,1,0.566362099954858,24,0
0,3,1,0.47802529996261,24,0
0,1,1,0.340734399971552,24,0
0,2,1,0.435564799990971,24,0
1,1,1,0.203476299997419,25,1
1,3,0,0.322212799976114,25,0
1,3,0,0.230263700010255,25,0
1,1,0,0.202240600017831,25,0
1,3,1,0.611017799994443,25,1
1,2,0,0.689450400008354,25,0
1,3,0,0.56479129998479,25,0
1,1,0,0.224169000051916,25,0
1,2,1,0.21954670001287,25,1
1,2,1,0.561537300003693,25,1
1,2,1,0.478578999987803,25,1
1,2,0,0.570750199956819,25,0
1,2,0,0.294736699957866,25,0
1,1,1,0.71340720000444,25,1
1,1,1,0.478470299975015,25,1
1,1,1,0.640003900043666,25,1
1,3,1,0.864614699967206,25,1
1,1,1,0.489469600026496,25,1
1,3,1,0.746483199996874,25,1
1,1,1,0.518119800020941,25,1
1,3,1,0.730294900014997,25,1
1,3,0,0.572168099984992,25,0
1,2,1,0.75808490003692,25,1
1,3,0,0.63054819998797,25,0
1,2,0,0.621491400001105,25,0
1,3,0,0.477985100005753,25,0
1,1,1,0.470583799993619,25,1
1,2,0,0.539160699991044,25,0
1,1,1,0.444670299999416,25,1
1,3,0,0.452269100002013,25,0
1,3,1,0.847380099992733,25,1
1,3,0,0.586133700038772,25,0
1,1,1,0.377569000003859,25,1
1,3,1,0.732252100016922,25,1
1,1,1,0.593569099961314,25,1
1,3,1,0.516380999993999,25,1
1,1,1,0.405279200000223,25,1
1,1,1,0.450040000025183,25,1
1,3,1,0.534106600040104,25,1
1,1,1,0.441991699975915,25,1
1,1,1,0.498579500010237,25,1
1,1,1,0.341448499995749,25,1
1,2,0,0.35506950004492,25,0
1,2,0,0.406938599946443,25,0
1,1,1,0.498464400006924,25,1
1,2,1,0.380010500026401,25,1
1,1,1,0.532272499985993,25,1
1,2,0,0.613462099980097,25,0
1,1,1,0.422874899988528,25,1
1,3,0,0.527465099992696,25,0
1,1,1,0.42003979999572,25,1
1,1,0,0.264997499994934,25,0
1,2,0,0.532774600025732,25,0
1,3,0,0.382944900018629,25,0
1,2,1,0.689388900005724,25,1
1,1,1,0.349016199994367,25,1
1,2,0,0.375386699975934,25,0
1,2,0,0.377802100032568,25,0
1,3,1,0.664782700012438,25,1
1,2,1,0.297545599984005,25,1
1,1,1,0.280615399999078,25,1
1,1,1,0.314076099952217,25,1
1,2,1,0.283411499985959,25,1
1,2,0,0.574993100017309,25,0
1,3,1,0.532782799971756,25,1
1,2,1,0.55980919994181,25,1
1,2,1,0.61548939999193,25,1
1,1,1,0.298648199997842,25,1
1,3,1,0.59835899999598,25,1
1,2,1,0.731770199956372,25,1
1,1,1,0.343999099975917,25,1
1,3,1,0.622119100007694,25,1
1,3,1,0.601983200001996,25,1
1,1,1,0.505629999970552,25,1
1,2,0,0.366476099996362,25,0
1,2,1,0.254980199970305,25,1
1,1,1,0.426277799997479,25,1
1,2,0,0.23419379995903,25,0
1,2,1,0.551969000021927,25,1
1,1,1,0.382846099964809,25,1
1,3,1,0.262020899972413,25,1
1,3,1,0.552410700009204,25,1
1,3,1,0.647443699999712,25,1
1,1,1,0.439287399989553,25,1
1,1,1,0.318721399991773,25,1
1,3,1,0.580941200023517,25,1
1,1,1,0.495886899996549,25,1
1,3,1,0.551983600016683,25,1
1,1,1,0.54022659995826,25,1
1,1,1,0.548445500025991,25,1
1,1,1,0.33392190001905,25,1
1,2,0,0.418230999959633,25,0
1,3,1,0.444067700009327,25,1
1,1,1,0.286988199979533,25,1
1,3,0,0.402163399965502,25,0
1,2,0,0.481597899983171,25,0
1,3,1,0.8177109999815,25,1
1,1,1,0.477360900025815,25,1
1,1,1,0.713379300024826,25,1
1,3,0,0.584302000002936,25,0
1,1,1,0.421104400011245,25,1
1,2,1,0.818769499950577,25,1
1,1,1,0.483328600006644,25,1
1,2,1,0.604339500016067,25,1
1,3,1,0.61849289998645,25,1
1,2,1,0.507109900005162,25,1
1,2,1,0.573138600040693,25,1
1,1,1,0.43385600001784,25,1
1,3,1,0.433974199986551,25,1
1,2,1,0.66886220005108,25,1
1,1,1,0.415625899971928,25,1
1,3,1,0.595422199985478,25,1
1,3,0,0.656385599984787,25,0
1,3,1,0.557311700016726,25,1
1,1,1,0.343957900011446,25,1
1,3,1,0.658977499988396,25,1
1,2,0,0.440965800022241,25,0
1,2,0,0.589206699980423,25,0
1,2,1,0.433411700010765,25,1
1,3,1,0.527158799988683,25,1
1,2,1,0.553230000019539,25,1
1,3,1,0.622515299997758,25,1
1,3,1,0.399916499969549,25,1
1,3,1,0.305189200036693,25,1
1,1,1,0.51681500003906,25,1
1,1,1,0.518108499993104,25,1
1,3,1,0.560794899996836,25,1
1,3,0,0.482223199971486,25,0
1,3,0,1.03419819998089,25,0
1,1,1,0.470299199980218,25,1
1,1,1,0.461112799996044,25,1
1,2,0,0.426544400048442,25,0
1,3,0,0.479868599970359,25,0
1,3,0,0.472568400029559,25,0
1,2,0,0.40913189999992,25,0
1,2,0,0.500459300004877,25,0
1,2,1,0.40392349998001,25,1
1,3,1,0.599171700014267,25,1
1,3,0,0.510105699999258,25,0
1,1,0,0.426660199998878,25,0
1,2,0,0.52934790001018,25,0
1,3,1,0.56770030001644,25,1
1,1,1,0.496345699997619,25,1
1,3,1,0.617666600039229,25,1
1,1,0,0.503134699945804,25,0
1,3,1,0.533048200013582,25,1
1,1,1,0.548454399977345,25,1
1,3,1,0.510806400037836,25,1
1,2,1,0.683722399990074,25,1
1,1,1,0.370290499995463,25,1
1,2,0,0.508459300035611,25,0
1,3,1,1.06188630004181,25,1
1,2,0,0.41861410002457,25,0
1,2,1,0.392049899965059,25,1
1,1,1,0.484718799998518,25,1
1,1,1,0.611371400009375,25,1
1,2,0,0.356847800023388,25,0
1,1,0,0.554215299955104,25,0
1,2,0,0.342633399995975,25,0
1,3,1,0.742567699984647,25,1
1,2,1,0.547742799972184,25,1
1,2,0,0.573273900023196,25,0
1,3,1,0.661640300008003,25,1
1,2,1,0.559755900001619,25,1
1,2,0,0.372754399955738,25,0
1,2,1,0.389310700003989,25,1
1,1,1,0.536495200009085,25,1
0,2,1,0.236870799970347,25,0
0,2,1,0.297705700038932,25,0
0,3,0,0.234087600023486,25,1
0,1,1,0.402205000049435,25,0
0,3,0,0.282853699987754,25,1
0,3,1,0.36221629998181,25,0
0,1,0,0.219473899982404,25,1
0,1,1,0.217718100000639,25,0
0,3,1,0.836494699993636,25,0
0,3,1,0.725598599994555,25,0
0,2,1,0.591416400042363,25,0
0,2,0,0.371127000020351,25,1
0,1,1,0.703958500002045,25,0
0,3,1,0.827377499954309,25,0
0,3,1,0.881317100021988,25,0
0,3,1,0.567793700029142,25,0
0,2,1,0.612199100025464,25,0
0,2,0,0.49146250000922,25,1
0,1,1,0.242060800024774,25,0
0,2,0,0.693189600016922,25,1
0,3,0,0.560215000004973,25,1
0,3,1,0.501758700003847,25,0
0,3,0,0.61916060000658,25,1
0,2,1,0.72817939997185,25,0
0,3,0,0.201466700003948,25,1
0,1,1,0.432351799972821,25,0
0,2,1,0.620932399993762,25,0
0,1,0,0.647892499982845,25,1
0,1,0,0.478984299988952,25,1
0,1,1,0.647170200012624,25,0
0,2,0,0.494036599993706,25,1
0,1,1,0.546039399981964,25,0
0,1,0,0.525726499967277,25,1
0,2,0,0.617700800008606,25,1
0,1,1,0.50323049997678,25,0
0,2,1,0.652629000018351,25,0
0,3,1,0.738629299972672,25,0
0,3,1,0.657239299966022,25,0
0,3,1,0.549331700021867,25,0
0,1,1,0.578631100011989,25,0
0,2,1,0.657014800002798,25,0
0,2,1,0.675792000023648,25,0
0,2,1,0.438216399983503,25,0
0,1,1,0.594043299963232,25,0
0,2,1,0.481551400036551,25,0
0,3,1,0.471313999965787,25,0
0,1,0,0.380898100032937,25,1
0,3,1,0.50300970004173,25,0
0,2,1,0.50017429998843,25,0
0,2,1,0.53572990000248,25,0
0,2,1,0.377662600018084,25,0
0,2,1,0.695639199984726,25,0
0,3,1,0.579566499975044,25,0
0,3,1,0.542644600034691,25,0
0,3,1,0.430081899976358,25,0
0,3,1,0.509779900021385,25,0
0,1,1,0.472572900005616,25,0
0,2,1,0.439308700035326,25,0
0,1,0,0.243873499974143,25,1
0,2,1,0.6297514999751,25,0
0,3,1,0.494804000016302,25,0
0,3,1,0.475632999965455,25,0
0,1,0,0.288627400004771,25,1
0,3,1,0.23832239996409,25,0
0,2,0,0.340700000000652,25,1
0,3,1,0.64199659996666,25,0
0,3,1,0.357829699991271,25,0
0,1,1,0.403117700014263,25,0
0,1,1,0.767446900019422,25,0
0,3,1,0.508915400016122,25,0
0,2,1,0.632939599978272,25,0
0,2,1,0.694122800021432,25,0
0,2,1,0.467525899992324,25,0
0,1,1,0.527180500037502,25,0
0,2,1,0.466536199965049,25,0
0,1,1,0.560800300037954,25,0
0,1,1,0.419897600018885,25,0
0,2,1,0.445358199998736,25,0
0,3,1,0.670671400032006,25,0
0,1,1,0.537989799981005,25,0
0,1,1,0.320158699993044,25,0
0,2,1,0.489053199999034,25,0
0,3,1,0.423494899994694,25,0
0,3,0,0.249122299952433,25,1
0,1,1,0.339602900028694,25,0
0,3,1,0.536670300003607,25,0
0,2,0,0.521040899970103,25,1
0,3,0,0.638374800037127,25,1
0,2,1,0.563073800003622,25,0
0,3,1,0.624838399991859,25,0
0,1,0,0.354681299999356,25,1
0,1,1,0.62587839999469,25,0
0,3,1,0.588109000003897,25,0
0,2,1,0.707576399960089,25,0
0,3,1,0.534965800005011,25,0
0,3,0,0.702374200045597,25,1
0,2,1,0.39178979996359,25,0
0,1,0,0.432257499953266,25,1
0,3,1,0.448107699980028,25,0
0,1,1,0.640681100019719,25,0
0,3,1,0.496461200003978,25,0
0,1,1,0.524983100011013,25,0
0,1,1,0.578901900036726,25,0
0,2,1,0.45628049998777,25,0
0,1,1,0.604756999993697,25,0
0,1,1,0.449665499967523,25,0
0,1,1,0.600290499976836,25,0
0,2,1,0.616954199969769,25,0
0,1,1,0.733028699993156,25,0
0,1,1,0.684930199990049,25,0
0,3,1,0.664813999959733,25,0
0,2,1,0.539977899985388,25,0
0,2,1,0.515453699976206,25,0
0,1,1,0.522869799984619,25,0
0,2,1,0.533745199965779,25,0
0,3,1,0.550618099980056,25,0
0,2,1,0.575195299985353,25,0
0,2,1,0.32735869998578,25,0
0,1,1,0.474803299992345,25,0
0,3,1,0.806545200000983,25,0
0,3,1,0.822425200021826,25,0
0,3,1,0.579489899973851,25,0
0,1,1,0.689027099986561,25,0
0,3,1,0.518004100013059,25,0
0,3,1,0.432539500005078,25,0
0,3,1,0.430054800002836,25,0
0,1,1,0.503515899996273,25,0
0,3,1,0.497761600010563,25,0
0,1,1,0.715301799995359,25,0
0,1,1,0.465125799993984,25,0
0,1,1,0.388747499964666,25,0
0,1,1,0.571443799941335,25,0
0,3,1,0.487559400033206,25,0
0,1,1,0.536276599974371,25,0
0,3,1,0.578458999982104,25,0
0,2,1,0.601439199992456,25,0
0,1,1,0.508406499982812,25,0
0,1,1,0.54474109999137,25,0
0,3,1,0.590342100011185,25,0
0,3,1,0.628202699997928,25,0
0,1,0,0.297277499979828,25,1
0,3,1,0.47597189998487,25,0
0,2,0,0.649928300001193,25,1
0,2,1,0.559009599965066,25,0
0,2,1,0.41265640000347,25,0
0,2,1,0.429175600002054,25,0
0,2,1,0.42206020001322,25,0
0,2,1,0.567939899978228,25,0
0,3,1,0.614176300005056,25,0
0,3,1,0.84185880003497,25,0
0,2,1,0.536890999996103,25,0
0,1,1,0.432549100019969,25,0
0,3,0,0.66438209998887,25,1
0,2,1,0.460630199988373,25,0
0,2,1,0.774913600005675,25,0
0,2,1,0.436054699996021,25,0
0,1,1,0.47923209995497,25,0
0,1,1,0.529447700013407,25,0
0,2,1,0.442247800005134,25,0
0,1,1,0.388123999990057,25,0
0,2,1,0.465390799974557,25,0
0,1,1,0.457406100002117,25,0
0,2,0,0.534125500009395,25,1
1,3,1,0.67800149996765,26,1
1,3,0,0.494953299988993,26,0
1,1,1,0.22459080000408,26,1
1,3,1,0.580091300013009,26,1
1,2,1,0.722693799994886,26,1
1,2,1,0.698394300008658,26,1
1,3,0,0.393813800008502,26,0
1,3,1,0.625928499968722,26,1
1,3,1,0.49508079997031,26,1
1,2,1,0.655903800041415,26,1
1,1,1,0.509922400000505,26,1
1,1,1,0.390298899961635,26,1
1,3,1,0.720704399980605,26,1
1,1,1,0.653317000018433,26,1
1,3,1,0.515572500007693,26,1
1,2,1,0.676901300030295,26,1
1,3,1,0.411191100021824,26,1
1,1,1,0.758984000014607,26,1
1,2,1,0.531506199971773,26,1
1,3,1,0.807441400014795,26,1
1,1,1,0.845172100001946,26,1
1,1,1,0.564905899984296,26,1
1,3,1,0.568761400005314,26,1
1,1,1,0.666337099974044,26,1
1,2,1,0.601696200028528,26,1
1,2,1,0.690912100020796,26,1
1,1,1,0.5492157000117,26,1
1,3,1,0.594576100003906,26,1
1,2,1,0.618744599982165,26,1
1,3,1,0.614577200030908,26,1
1,1,1,0.439350500004366,26,1
1,2,1,0.542646599991713,26,1
1,1,0,0.835972300032154,26,0
1,1,1,0.490237899997737,26,1
1,1,1,0.671108099981211,26,1
1,3,1,0.525594800012186,26,1
1,1,1,0.770821399986744,26,1
1,1,1,0.500035699980799,26,1
1,3,1,0.687396099965554,26,1
1,1,1,0.644648599962238,26,1
1,3,1,0.816686700040009,26,1
1,2,1,0.572772499988787,26,1
1,2,1,0.610290900047403,26,1
1,2,1,0.473983799980488,26,1
1,3,1,0.801583799999207,26,1
1,2,1,0.527017899963539,26,1
1,2,1,0.401455499988515,26,1
1,1,1,0.425084500049707,26,1
1,2,1,0.476282500021625,26,1
1,1,1,0.819840400014073,26,1
1,3,1,0.450881999975536,26,1
1,1,1,0.534371200017631,26,1
1,2,1,1.05641420005122,26,1
1,3,1,0.529824799974449,26,1
1,2,1,0.605145399982575,26,1
1,1,1,0.532747399993241,26,1
1,2,1,0.873491399979685,26,1
1,1,1,0.577820700011216,26,1
1,2,1,0.752728199993726,26,1
1,2,1,0.615253800002392,26,1
1,3,0,0.948666199983563,26,0
1,1,1,0.431825699983165,26,1
1,1,1,0.845197899965569,26,1
1,1,1,0.437842699990142,26,1
1,1,1,0.829946900019422,26,1
1,3,1,0.688284799980465,26,1
1,3,1,0.564459300017916,26,1
1,2,1,0.464161499985494,26,1
1,1,1,0.884747300005984,26,1
1,3,1,0.617329800035805,26,1
1,1,1,0.597752499976195,26,1
1,1,1,0.566655600036029,26,1
1,2,1,0.398748300038278,26,1
1,2,1,0.589791200007312,26,1
1,3,1,0.593177100003231,26,1
1,3,1,0.61926249996759,26,1
1,2,0,0.44384139997419,26,0
1,3,1,0.629142999998294,26,1
1,3,1,0.463751200004481,26,1
1,1,1,0.45588389999466,26,1
1,3,0,0.620484400016721,26,0
1,3,1,0.676271800009999,26,1
1,2,1,0.688998300000094,26,1
1,3,1,0.695586399990134,26,1
1,3,1,0.496108899998944,26,1
1,1,1,0.456952500040643,26,1
1,3,1,0.621630100009497,26,1
1,3,1,0.583848699985538,26,1
1,2,1,0.733547099982388,26,1
1,3,1,0.569923200004268,26,1
1,1,1,0.714023499982432,26,1
1,1,1,0.83417190000182,26,1
1,2,1,0.450444299960509,26,1
1,1,1,0.666190900024958,26,1
1,1,1,0.482013000000734,26,1
1,1,1,0.382058600021992,26,1
1,2,1,0.575622000033036,26,1
1,1,1,0.469362500007264,26,1
1,2,1,0.644744399993215,26,1
1,1,1,0.471483200031798,26,1
1,2,1,0.416692200000398,26,1
1,2,1,0.701436200004537,26,1
1,3,1,0.53964910004288,26,1
1,2,1,0.613512300013099,26,1
1,2,1,0.660646400006954,26,1
1,1,0,0.969288699969184,26,0
1,3,1,0.453590199991595,26,1
1,3,1,0.682141800003592,26,1
1,1,1,0.935529399954248,26,1
1,2,1,0.615746100025717,26,1
1,2,1,0.680863799992949,26,1
1,2,1,0.499092300015036,26,1
1,3,1,0.508734399976674,26,1
1,2,1,0.583404399978463,26,1
1,3,1,0.582836999965366,26,1
1,1,1,0.830180199991446,26,1
1,3,1,0.61181710002711,26,1
1,1,1,0.550848399987444,26,1
1,2,1,0.486287700012326,26,1
1,1,1,0.61099740001373,26,1
1,2,1,0.488365299999714,26,1
1,2,1,0.332206799997948,26,1
1,3,1,0.493586700002197,26,1
1,1,1,0.684700299985707,26,1
1,2,1,0.54382349998923,26,1
1,2,1,0.324969900015276,26,1
1,2,1,0.384187599993311,26,1
1,1,1,1.02829310001107,26,1
1,2,1,0.699240899994038,26,1
1,2,1,0.623795199964661,26,1
1,2,1,0.663894700002857,26,1
1,2,1,0.63203949999297,26,1
1,2,1,0.719285300001502,26,1
1,1,1,0.466225400043186,26,1
1,2,1,0.763498099986464,26,1
1,1,1,0.639653199992608,26,1
1,2,1,0.701918400009163,26,1
1,3,1,0.660457199963275,26,1
1,1,1,0.580921899992973,26,1
1,2,1,0.380429799959529,26,1
1,3,1,0.534624299965799,26,1
1,2,1,0.538999699987471,26,1
1,3,1,0.657932900008745,26,1
1,3,1,0.874665400013328,26,1
1,3,1,0.541593500005547,26,1
1,2,0,0.887767200008966,26,0
1,1,1,0.562218899955042,26,1
1,1,0,0.685465799993835,26,0
1,1,1,0.557856199971866,26,1
1,1,1,0.503112199949101,26,1
1,3,1,0.458902600046713,26,1
1,3,0,0.56292629998643,26,0
1,2,1,0.662352300016209,26,1
1,3,1,0.755095200031064,26,1
1,3,1,0.366555500018876,26,1
1,3,1,0.573874199995771,26,1
1,1,1,0.513873199990485,26,1
1,3,1,0.535421999986283,26,1
1,2,1,0.888682099990547,26,1
1,3,1,0.915728299994953,26,1
1,2,1,0.7395692000282,26,1
1,1,1,0.511957300012,26,1
1,1,1,0.62708260002546,26,1
1,3,1,0.535526900028344,26,1
1,1,1,0.639761400001589,26,1
1,3,1,0.652221500058658,26,1
0,2,1,0.508778600022197,26,0
0,1,0,0.293572900001891,26,1
0,3,0,0.444860299990978,26,1
0,2,1,0.658777500037104,26,0
0,3,1,0.559303799993359,26,0
0,3,1,0.579563500010408,26,0
0,1,0,0.501574699999765,26,1
0,3,1,0.614456300041638,26,0
0,2,1,0.701565399998799,26,0
0,3,1,0.580019999993965,26,0
0,3,1,0.574772300024051,26,0
0,2,1,0.713475500000641,26,0
0,1,1,0.774334599962458,26,0
0,2,1,0.506415700016078,26,0
0,1,1,0.689805899979547,26,0
0,2,1,0.562947699974757,26,0
0,1,1,0.848597100004554,26,0
0,1,1,0.678799900051672,26,0
0,1,1,0.630078200018033,26,0
0,2,1,0.552317699999548,26,0
0,3,1,0.499583300028462,26,0
0,1,1,0.89856120001059,26,0
0,3,1,0.666419999965001,26,0
0,2,1,0.562565299973357,26,0
0,1,0,0.917551500024274,26,1
0,3,0,0.41228270001011,26,1
0,3,1,1.00229449995095,26,0
0,2,1,0.803398800024297,26,0
0,2,1,0.676422699994873,26,0
0,2,1,0.510551799961831,26,0
0,2,1,0.506819600006565,26,0
0,1,1,0.725647600018419,26,0
0,3,1,0.527841900009662,26,0
0,3,1,0.616824600030668,26,0
0,1,1,0.770797900040634,26,0
0,3,1,0.763088000006974,26,0
0,1,1,0.574923900014255,26,0
0,2,1,0.764645700051915,26,0
0,2,1,0.676822100009304,26,0
0,1,0,0.395399199973326,26,1
0,1,1,0.692811999993864,26,0
0,3,0,0.929270600026939,26,1
0,3,1,0.615709600038826,26,0
0,1,1,0.721944399992935,26,0
0,2,1,0.739040000014938,26,0
0,3,1,0.706945199985057,26,0
0,2,1,0.709654900012538,26,0
0,2,1,0.715787299966905,26,0
0,3,1,0.711346800031606,26,0
0,1,0,0.483811900019646,26,1
0,3,1,0.772995900013484,26,0
0,1,1,0.699728100036737,26,0
0,1,1,0.83083330001682,26,0
0,1,1,0.622579200018663,26,0
0,1,1,0.530422699986957,26,0
0,1,1,0.462086500017904,26,0
0,2,0,0.573145000031218,26,1
0,1,1,0.507924299978185,26,0
0,2,1,0.916958699992392,26,0
0,2,1,0.879955700016581,26,0
0,3,1,0.75173989997711,26,0
0,2,1,0.719108899997082,26,0
0,1,1,0.689955600013491,26,0
0,2,1,0.874354599975049,26,0
0,1,1,0.609737699967809,26,0
0,3,1,0.746343500039075,26,0
0,2,1,0.734773100004531,26,0
0,1,1,0.5995165000204,26,0
0,1,1,0.868974800046999,26,0
0,3,1,0.605184800049756,26,0
0,3,1,0.678169600025285,26,0
0,2,1,0.826229400001466,26,0
0,2,1,0.838739000027999,26,0
0,2,1,0.47731119999662,26,0
0,1,1,0.739025599963497,26,0
0,3,1,0.69584559998475,26,0
0,1,1,0.699774399981834,26,0
0,3,1,0.724474999995437,26,0
0,1,1,0.580171199981123,26,0
0,3,1,0.480667800002266,26,0
0,2,0,0.442614700004924,26,1
0,3,1,0.862262399983592,26,0
0,3,1,0.9227944999584,26,0
0,3,1,0.723856600001454,26,0
0,1,1,0.980619599984493,26,0
0,2,1,0.933179999992717,26,0
0,2,1,0.844558200042229,26,0
0,2,1,0.895947200013325,26,0
0,2,1,0.700430300028529,26,0
0,1,1,0.721495000005234,26,0
0,3,1,1.04034970002249,26,0
0,2,1,0.934331599972211,26,0
0,2,1,0.543919100018684,26,0
0,3,1,0.599669800023548,26,0
0,3,1,0.695986800012179,26,0
0,3,1,0.795189099968411,26,0
0,1,1,0.821727700007614,26,0
0,2,1,0.609916299988981,26,0
0,1,1,0.682884000008926,26,0
0,3,1,0.74339359998703,26,0
0,3,1,0.748244300018996,26,0
0,2,1,0.946437900012825,26,0
0,2,0,0.63230170001043,26,1
0,1,1,0.744030000001658,26,0
0,3,1,0.57958919997327,26,0
0,1,1,0.420225999958348,26,0
0,3,1,0.639796099974774,26,0
0,2,1,0.72052510001231,26,0
0,3,1,0.956236700003501,26,0
0,1,1,0.564712099963799,26,0
0,1,1,0.504682200029492,26,0
0,1,1,0.71683240000857,26,0
0,3,1,0.51437759998953,26,0
0,3,1,0.581125000026077,26,0
0,3,1,0.595924700028263,26,0
0,1,1,0.643770400027279,26,0
0,1,1,0.593690000008792,26,0
0,3,1,0.873495000007097,26,0
0,1,0,0.392358999990392,26,1
0,2,1,0.490853600029368,26,0
0,1,1,0.602701399999205,26,0
0,1,1,0.522502600040752,26,0
0,2,1,0.707315300009213,26,0
0,1,1,0.574825999967288,26,0
0,1,1,0.767299300001469,26,0
0,3,1,0.522525799984578,26,0
0,3,1,0.423996999976225,26,0
0,2,0,1.0587287999806,26,1
0,2,1,0.520761799998581,26,0
0,3,1,0.561548900033813,26,0
0,1,1,0.622618800029159,26,0
0,2,1,0.485721300006844,26,0
0,3,1,0.804605400015134,26,0
0,3,1,0.631371000024956,26,0
0,2,0,0.505979900015518,26,1
0,1,1,0.524918099981733,26,0
0,3,1,1.01507540000603,26,0
0,2,1,0.915561300003901,26,0
0,2,1,0.755620600015391,26,0
0,1,1,0.590775899996515,26,0
0,2,1,0.985120300028939,26,0
0,3,1,0.674493500031531,26,0
0,3,0,0.398319000029005,26,1
0,1,1,0.469299199990928,26,0
0,1,1,0.589425400015898,26,0
0,2,0,0.763616700016428,26,1
0,2,1,0.942499700002372,26,0
0,2,1,0.613214699958917,26,0
0,1,1,0.563652999990154,26,0
0,3,1,0.636607400025241,26,0
0,3,1,0.931633399974089,26,0
0,3,1,0.981813299993519,26,0
0,1,1,0.778923100035172,26,0
0,2,1,0.857204800006002,26,0
0,1,1,0.536079499986954,26,0
0,1,0,0.806530599948019,26,1
0,3,1,0.669233700027689,26,0
0,2,1,0.615091099985875,26,0
0,2,0,0.730328699981328,26,1
0,2,1,0.979267400049139,26,0
1,1,1,0.234964799950831,27,1
1,2,1,0.782928099972196,27,1
1,1,1,0.535521699930541,27,1
1,2,1,0.541923000011593,27,1
1,2,0,0.738203900051303,27,0
1,1,1,0.394941100035794,27,1
1,3,1,0.680929600028321,27,1
1,1,1,0.365539700025693,27,1
1,1,1,0.443100599921308,27,1
1,1,1,0.546080900006928,27,1
1,1,1,0.479862899985164,27,1
1,1,1,0.866401099949144,27,1
1,3,1,0.663112199981697,27,1
1,1,1,0.417959400103427,27,1
1,3,0,0.767583000008017,27,0
1,2,1,0.838832100038417,27,1
1,2,0,0.954062400036491,27,0
1,1,0,0.965620400034823,27,0
1,1,1,0.412928999983706,27,1
1,3,1,0.638815599959344,27,1
1,1,1,0.276825099950656,27,1
1,2,1,0.624829400097951,27,1
1,3,1,0.549454000080004,27,1
1,3,0,0.647851799963973,27,0
1,2,1,0.585145700024441,27,1
1,2,1,0.874519200064242,27,1
1,2,1,0.715405700029805,27,1
1,2,1,0.650879200082272,27,1
1,1,1,0.381156399962492,27,1
1,2,1,0.58636590000242,27,1
1,2,1,0.748867099988274,27,1
1,3,0,0.376877700095065,27,0
1,2,1,0.583521599997766,27,1
1,1,1,0.383841300033964,27,1
1,1,1,0.803424700046889,27,1
1,2,1,0.723340900032781,27,1
1,3,1,0.568355600000359,27,1
1,3,1,0.753779000020586,27,1
1,2,1,0.895038900082,27,1
1,2,0,0.488352800020948,27,0
1,3,1,0.684601499931887,27,1
1,3,1,0.499042099923827,27,1
1,3,1,0.363126300042495,27,1
1,2,1,0.67866590002086,27,1
1,3,1,0.613540800055489,27,1
1,3,1,0.501771399984136,27,1
1,1,1,0.783702100045048,27,1
1,2,1,0.975622899946757,27,1
1,2,1,0.62862239999231,27,1
1,1,1,0.508766099927016,27,1
1,3,1,0.430972300004214,27,1
1,3,1,0.779662500019185,27,1
1,3,0,0.766585100092925,27,0
1,1,1,0.531916900072247,27,1
1,2,1,0.370274299988523,27,1
1,1,1,0.570966899977066,27,1
1,2,1,0.584767499938607,27,1
1,2,1,0.558578199939802,27,1
1,2,1,0.424829799914733,27,1
1,2,1,0.266546800034121,27,1
1,3,1,0.644566600094549,27,1
1,1,1,0.72147039999254,27,1
1,2,1,0.440792199922726,27,1
1,1,1,0.266752499970607,27,1
1,3,1,0.47652140003629,27,1
1,1,1,0.536754200002179,27,1
1,3,1,0.682861399953254,27,1
1,3,0,0.400992200011387,27,0
1,2,0,0.562883700011298,27,0
1,1,1,0.60219160001725,27,1
1,1,1,0.446539700031281,27,1
1,2,1,0.363239399972372,27,1
1,3,1,0.824182500015013,27,1
1,3,0,0.410703100031242,27,0
1,3,1,0.268487700028345,27,1
1,3,1,0.259379800059833,27,1
1,3,1,0.486098400084302,27,1
1,3,1,0.582454200019129,27,1
1,2,1,0.479649699991569,27,1
1,1,1,0.523872099933214,27,1
1,2,1,0.502028600079939,27,1
1,3,0,0.285418699961156,27,0
1,1,1,0.455346799921244,27,1
1,3,1,0.551181699964218,27,1
1,1,1,0.671022700029425,27,1
1,3,1,0.557780800038017,27,1
1,2,1,0.4249875000678,27,1
1,2,1,0.292966999928467,27,1
1,3,0,0.482607099926099,27,0
1,2,1,0.554095200030133,27,1
1,3,0,0.64463750005234,27,0
1,1,1,0.447152600041591,27,1
1,1,1,0.392709400039166,27,1
1,1,1,0.378670500009321,27,1
1,2,1,0.519987100036815,27,1
1,1,0,0.42765359999612,27,0
1,2,1,0.566315300064161,27,1
1,3,1,0.495236999937333,27,1
1,1,1,0.31872670003213,27,1
1,1,1,0.695145800011232,27,1
1,1,1,0.632984300027601,27,1
1,2,1,0.765494799939916,27,1
1,3,1,0.539578600088134,27,1
1,2,1,0.448841599980369,27,1
1,3,1,0.523049899959005,27,1
1,3,1,0.499497800017707,27,1
1,1,1,0.485675900010392,27,1
1,2,1,0.612059999955818,27,1
1,1,1,0.40769589995034,27,1
1,3,1,0.48891710001044,27,1
1,1,1,0.596731700003147,27,1
1,3,0,0.417755300062709,27,0
1,1,1,0.334531900007278,27,1
1,3,1,0.67702340008691,27,1
1,1,1,0.616987599991262,27,1
1,3,0,0.376692100078799,27,0
1,2,1,0.73414870002307,27,1
1,2,0,0.396033199969679,27,0
1,2,1,0.32373559998814,27,1
1,1,1,0.427909299964085,27,1
1,3,1,0.657529899966903,27,1
1,2,1,0.541207500034943,27,1
1,2,1,0.502996099996381,27,1
1,1,1,0.515848600072786,27,1
1,3,1,0.817823100020178,27,1
1,3,1,0.445043200044893,27,1
1,1,1,0.467380800051615,27,1
1,3,0,0.390731699997559,27,0
1,2,1,0.621605799999088,27,1
1,2,1,0.759431999991648,27,1
1,1,1,0.520812900038436,27,1
1,1,1,0.269249400007538,27,1
1,3,1,0.530560500104912,27,1
1,3,1,0.387930799974129,27,1
1,3,1,0.26883800001815,27,1
1,1,1,0.530129699967802,27,1
1,3,1,0.817069199983962,27,1
1,2,0,0.361387500073761,27,0
1,1,1,0.544267599936575,27,1
1,2,1,0.447740600095131,27,1
1,2,1,0.490611899993382,27,1
1,3,1,0.629932799958624,27,1
1,1,1,0.50465129991062,27,1
1,2,1,0.565222900011577,27,1
1,2,1,0.415154299931601,27,1
1,1,1,0.664679999928921,27,1
1,1,1,0.461139499908313,27,1
1,2,1,0.620060999994166,27,1
1,1,1,0.401728800032288,27,1
1,3,1,0.473928099963814,27,1
1,2,1,0.538038200000301,27,1
1,1,1,0.329394900007173,27,1
1,2,1,0.468516999972053,27,1
1,2,1,0.474301200010814,27,1
1,3,1,0.436381000094116,27,1
1,3,1,0.339718800038099,27,1
1,3,1,0.307760299998336,27,1
1,3,1,0.217584100086242,27,1
1,2,1,0.458596099982969,27,1
1,1,1,0.487640799954534,27,1
1,2,1,0.38716910011135,27,1
1,3,0,0.727968399995007,27,0
1,2,1,0.480213399976492,27,1
1,2,1,0.442089500022121,27,1
1,1,1,0.464131099986844,27,1
1,1,1,0.388040899997577,27,1
1,1,1,0.287919700029306,27,1
1,1,1,0.372258099960163,27,1
1,1,1,0.256862999987788,27,1
1,2,1,0.454720200039446,27,1
0,3,1,0.796915799961425,27,0
0,1,1,0.730435199919157,27,0
0,3,1,0.710275800083764,27,0
0,2,1,0.475888399989344,27,0
0,1,0,0.634228199953213,27,1
0,2,1,0.678797199972905,27,0
0,3,0,0.911794900079258,27,1
0,2,1,0.472477199975401,27,0
0,2,1,0.734236899996176,27,0
0,1,1,0.473768100026064,27,0
0,1,0,1.03507179999724,27,1
0,1,1,0.706090799998492,27,0
0,1,1,0.835713100037538,27,0
0,3,1,0.755269199959002,27,0
0,3,1,0.661623599939048,27,0
0,1,1,0.560250299982727,27,0
0,2,1,0.653259300044738,27,0
0,3,0,0.213596199988388,27,1
0,1,0,0.385876500047743,27,1
0,2,1,1.01028299995232,27,0
0,3,0,0.757501999964006,27,1
0,3,1,0.518525299965404,27,0
0,3,0,0.760130199952982,27,1
0,1,1,0.636832299991511,27,0
0,1,1,0.72158470004797,27,0
0,2,1,0.615503999986686,27,0
0,3,0,0.466265099938028,27,1
0,3,1,0.312032200046815,27,0
0,1,1,0.564667699974962,27,0
0,1,1,0.437819299986586,27,0
0,1,1,0.625602400046773,27,0
0,3,1,0.509974699933082,27,0
0,1,1,0.976996300043538,27,0
0,1,0,0.520778000005521,27,1
0,3,1,0.726178599987179,27,0
0,1,1,0.447944500017911,27,0
0,2,1,0.564418000052683,27,0
0,3,1,0.632053899927996,27,0
0,2,1,0.527166399988346,27,0
0,3,1,0.846072199987248,27,0
0,1,0,0.605815400020219,27,1
0,2,1,0.885156800039113,27,0
0,2,1,0.617476399987936,27,0
0,3,1,0.541434999904595,27,0
0,1,1,0.560746900038794,27,0
0,2,1,0.752612099982798,27,0
0,2,0,0.345660299994051,27,1
0,2,1,0.843052199925296,27,0
0,3,1,0.722544700023718,27,0
0,1,1,0.658387599978596,27,0
0,3,1,1.05997179995757,27,0
0,2,1,0.699049999937415,27,0
0,2,1,0.564988799975254,27,0
0,2,1,0.783691200078465,27,0
0,2,1,0.394080900005065,27,0
0,3,1,0.733133799978532,27,0
0,3,1,0.731291500036605,27,0
0,2,0,0.566125300014392,27,1
0,1,1,0.650754499947652,27,0
0,3,1,0.46162880002521,27,0
0,1,1,0.614190699998289,27,0
0,1,1,0.498781599919312,27,0
0,3,1,0.552428699913435,27,0
0,1,1,0.609224600018933,27,0
0,3,1,0.477141099981964,27,0
0,1,1,0.695405500009656,27,0
0,3,1,0.579435599967837,27,0
0,2,1,0.76998020010069,27,0
0,1,1,0.465275599970482,27,0
0,3,1,0.471635200083256,27,0
0,3,1,0.39042289997451,27,0
0,1,1,0.431560599943623,27,0
0,1,1,0.4044468998909,27,0
0,1,1,0.682647999958135,27,0
0,3,1,0.667588099953718,27,0
0,2,0,0.592864000005648,27,1
0,1,0,0.788303500041366,27,1
0,1,1,0.371212700032629,27,0
0,2,1,0.688907200004905,27,0
0,1,1,0.430585599970073,27,0
0,3,1,0.823237800039351,27,0
0,2,0,0.998348499997519,27,1
0,2,1,0.68427900003735,27,0
0,1,1,0.79413149994798,27,0
0,1,0,0.6545419000322,27,1
0,3,1,0.433452900033444,27,0
0,3,1,0.725457099964842,27,0
0,3,1,0.454028600011952,27,0
0,3,1,0.280386800062843,27,0
0,3,1,0.503615100053139,27,0
0,3,1,0.586162400082685,27,0
0,3,1,0.547775899991393,27,0
0,3,1,0.459777600015514,27,0
0,3,1,0.617445899988525,27,0
0,2,1,0.582829399965703,27,0
0,2,1,0.364027000032365,27,0
0,1,1,0.543080499977805,27,0
0,1,1,0.340015900088474,27,0
0,2,0,0.682317300001159,27,1
0,3,1,0.587116300011985,27,0
0,2,1,0.666015299968421,27,0
0,1,0,0.316190700046718,27,1
0,2,1,0.615791099960916,27,0
0,3,1,0.654243999975733,27,0
0,2,1,0.649072400061414,27,0
0,1,1,0.654720799997449,27,0
0,3,1,0.553740900009871,27,0
0,2,1,0.635353500023484,27,0
0,1,0,0.577378200017847,27,1
0,3,1,0.878641800023615,27,0
0,2,1,0.526572300004773,27,0
0,1,0,0.524224999942817,27,1
0,3,1,0.695287200040184,27,0
0,1,1,0.744761100038886,27,0
0,1,1,0.45710020000115,27,0
0,1,1,0.386641599936411,27,0
0,3,1,0.626722800079733,27,0
0,1,1,0.677949600038119,27,0
0,2,1,0.799816900049336,27,0
0,1,1,0.658612100058235,27,0
0,3,1,0.606438299990259,27,0
0,3,1,0.437325699953362,27,0
0,1,1,0.428965299972333,27,0
0,2,1,0.526503199944273,27,0
0,2,0,0.354479899979196,27,1
0,2,1,0.463405600050464,27,0
0,2,1,0.484372099977918,27,0
0,2,1,0.631692599970847,27,0
0,1,1,0.482119200052693,27,0
0,2,0,0.526248899986967,27,1
0,3,1,0.695703800069168,27,0
0,3,1,0.606281800079159,27,0
0,2,1,0.655155200045556,27,0
0,1,1,0.479100600001402,27,0
0,3,1,0.702890999964438,27,0
0,3,1,0.488140899920836,27,0
0,3,1,0.479513800004497,27,0
0,2,0,0.756100699887611,27,1
0,2,1,0.487207800033502,27,0
0,2,1,0.865524800028652,27,0
0,2,1,0.512277000001632,27,0
0,3,1,0.674223500071093,27,0
0,2,1,0.735814500018023,27,0
0,1,1,0.66813370003365,27,0
0,1,0,0.910453999997117,27,1
0,1,1,0.873137000016868,27,0
0,3,1,0.85401270003058,27,0
0,2,1,0.508964899927378,27,0
0,2,1,1.02911979996134,27,0
0,1,1,0.567693200078793,27,0
0,2,1,0.483765200013295,27,0
0,1,1,0.507597299991176,27,0
0,1,1,0.626574800000526,27,0
0,2,1,0.661988899926655,27,0
0,1,1,0.48582639999222,27,0
0,1,1,0.436300099943765,27,0
0,2,1,0.566955299931578,27,0
0,2,1,0.41125370003283,27,0
0,1,1,0.633791000000201,27,0
0,1,1,0.81638329999987,27,0
0,1,1,0.577465699985623,27,0
0,2,1,0.396655500051565,27,0
0,3,1,0.579026699997485,27,0
0,3,1,0.451791900093667,27,0
0,1,1,0.525001800036989,27,0
0,2,1,0.652531699975953,27,0
0,3,1,0.479288500035182,27,0
0,1,0,0.284989799954928,27,1
0,2,0,0.258099999977276,27,1
0,3,0,0.406416099984199,27,1
0,3,1,0.6837455999339,27,0
0,2,1,0.641917400062084,27,0
1,2,1,0.980973100056872,28,1
1,3,0,0.814208999974653,28,0
1,2,1,0.782144500059076,28,1
1,1,1,0.448144700028934,28,1
1,2,1,0.549565799999982,28,1
1,3,1,0.589211100013927,28,1
1,3,1,0.680272999918088,28,1
1,1,1,0.601553500047885,28,1
1,1,0,0.574384399922565,28,0
1,3,1,0.621389199979603,28,1
1,1,0,0.659602500032634,28,0
1,3,1,0.945112799992785,28,1
1,2,1,0.658442200045101,28,1
1,1,1,0.62005950009916,28,1
1,2,1,0.585725000011735,28,1
1,2,1,0.60378360003233,28,1
1,2,1,0.648925499990582,28,1
1,2,0,0.885888700024225,28,0
1,1,1,0.420186599949375,28,1
1,3,1,0.559582600020804,28,1
1,3,1,0.668207100010477,28,1
1,1,1,0.704484599991702,28,1
1,1,1,0.514891099999659,28,1
1,1,1,0.400307000032626,28,1
1,2,1,0.515200199908577,28,1
1,3,1,0.516599100083113,28,1
1,2,1,0.492162100039423,28,1
1,3,1,0.744724299991503,28,1
1,1,1,0.602299599908292,28,1
1,2,1,0.42905009991955,28,1
1,1,1,0.485979199991561,28,1
1,3,1,0.676315799937584,28,1
1,3,1,0.767649799934588,28,1
1,2,1,0.52139770006761,28,1
1,1,1,0.543716600048356,28,1
1,1,1,0.542416900047101,28,1
1,2,1,0.667535500018857,28,1
1,1,1,0.400080900057219,28,1
1,2,1,0.451025200076401,28,1
1,1,1,0.700710100005381,28,1
1,3,1,0.603414800018072,28,1
1,3,0,0.565516500035301,28,0
1,1,1,0.454724899958819,28,1
1,3,1,0.49653030000627,28,1
1,2,1,0.413704400067218,28,1
1,3,1,0.699985099956393,28,1
1,2,1,0.821585900033824,28,1
1,3,1,0.58503750001546,28,1
1,1,1,0.332585900090635,28,1
1,2,1,0.469471100019291,28,1
1,3,1,0.580091099953279,28,1
1,3,0,0.551080000004731,28,0
1,2,0,0.529452699935064,28,0
1,1,1,0.444468099973164,28,1
1,1,1,0.609628500067629,28,1
1,1,1,0.557032500044443,28,1
1,3,1,0.748441000003368,28,1
1,1,1,0.525685800006613,28,1
1,2,1,0.652062200009823,28,1
1,3,1,0.567927800002508,28,1
1,2,1,0.532906100037508,28,1
1,1,1,0.42619080003351,28,1
1,2,1,0.680333400028758,28,1
1,1,1,0.545153000042774,28,1
1,2,1,0.563538699992932,28,1
1,3,1,0.43996019999031,28,1
1,2,1,0.614313400001265,28,1
1,3,1,0.672612600028515,28,1
1,3,1,0.618982500047423,28,1
1,1,1,0.446504999999888,28,1
1,2,1,0.666293999995105,28,1
1,3,1,0.530702500022016,28,1
1,2,1,0.675343499984592,28,1
1,3,1,0.513229099917226,28,1
1,1,1,0.399340200005099,28,1
1,1,1,0.403333700029179,28,1
1,2,1,0.360602699918672,28,1
1,1,1,0.384265700005926,28,1
1,3,0,0.29477889998816,28,0
1,1,1,0.426590799936093,28,1
1,3,1,0.551822199951857,28,1
1,2,1,0.5563872999046,28,1
1,1,1,0.505655000102706,28,1
1,2,1,0.576512500061654,28,1
1,1,0,0.54524740006309,28,0
1,3,1,0.560000300058164,28,1
1,2,1,0.593827500008047,28,1
1,3,1,0.582646999973804,28,1
1,1,1,0.343226799974218,28,1
1,2,0,0.349246100056916,28,0
1,1,1,0.398541799979284,28,1
1,1,1,0.545053299982101,28,1
1,1,1,0.361771599971689,28,1
1,1,1,0.42654560005758,28,1
1,2,1,0.526872399961576,28,1
1,2,1,0.620120299980044,28,1
1,1,1,0.542570299934596,28,1
1,2,1,0.616500800009817,28,1
1,3,1,0.588181599974632,28,1
1,2,1,0.501191299990751,28,1
1,3,1,0.499754200107418,28,1
1,1,1,0.441012000082992,28,1
1,2,1,0.407526399940252,28,1
1,3,1,0.497475399984978,28,1
1,1,1,0.467860799981281,28,1
1,2,1,0.284907100023702,28,1
1,3,1,0.550257500028238,28,1
1,1,1,0.246984499972314,28,1
1,1,1,0.487654499942437,28,1
1,3,1,0.590360400034115,28,1
1,2,1,0.431395099963993,28,1
1,1,1,0.406728200032376,28,1
1,3,1,0.37697650003247,28,1
1,1,1,0.451707300031558,28,1
1,2,0,0.459841199917719,28,0
1,1,1,0.528043700032867,28,1
1,2,1,0.372406500042416,28,1
1,3,1,0.301457399968058,28,1
1,1,1,0.358756800065748,28,1
1,2,1,0.461904499912634,28,1
1,2,1,0.504929100046866,28,1
1,3,1,0.689816000056453,28,1
1,2,1,0.894963799975812,28,1
1,3,1,0.573150499956682,28,1
1,3,1,0.412992099998519,28,1
1,3,1,0.307668199995533,28,1
1,1,1,0.62961569998879,28,1
1,1,1,0.45247170003131,28,1
1,3,1,0.563943200046197,28,1
1,3,1,0.439897800097242,28,1
1,2,1,0.624706199974753,28,1
1,1,1,0.694863899960183,28,1
1,1,1,0.389779899967834,28,1
1,1,1,0.54402300005313,28,1
1,2,1,0.816664900048636,28,1
1,3,1,0.515231700032018,28,1
1,3,1,0.38398370007053,28,1
1,3,1,0.323493300005794,28,1
1,2,1,0.575736699975096,28,1
1,3,1,0.707402099971659,28,1
1,1,1,0.501844499958679,28,1
1,3,1,0.624790400033817,28,1
1,2,1,0.477260599960573,28,1
1,2,1,0.528789400006644,28,1
1,2,1,0.65134549990762,28,1
1,1,1,0.560225600027479,28,1
1,3,0,0.495012600091286,28,0
1,3,0,0.514719700091518,28,0
1,3,1,0.337580499937758,28,1
1,3,1,0.340132599929348,28,1
1,2,1,0.461127499933355,28,1
1,1,1,0.351944199996069,28,1
1,3,1,0.511003399966285,28,1
1,3,1,0.622790399938822,28,1
1,1,1,0.460333399940282,28,1
1,2,1,0.548010300030001,28,1
1,2,1,0.582676599966362,28,1
1,1,1,0.4652387999231,28,1
1,3,1,0.346016100025736,28,1
1,3,0,0.302696599974297,28,0
1,3,1,0.29308500001207,28,1
1,2,1,0.623694300069474,28,1
1,2,1,0.701396099990234,28,1
1,2,1,0.390777499997057,28,1
1,3,0,0.592081799986772,28,0
1,2,1,0.632259199977852,28,1
1,3,1,0.716332699987106,28,1
1,1,1,0.480578399961814,28,1
1,3,1,0.465858999988995,28,1
1,1,1,0.307910599978641,28,1
1,1,1,0.543925700010732,28,1
1,1,1,0.413293799967505,28,1
1,3,1,0.549698900082149,28,1
1,2,1,0.465800000005402,28,1
1,2,1,0.31897130003199,28,1
1,2,1,0.340788200031966,28,1
1,1,1,0.378451900091022,28,1
1,1,0,0.630690100020729,28,0
0,3,1,0.711296900059097,28,0
0,3,1,0.845661100000143,28,0
0,2,0,0.631243700045161,28,1
0,2,0,0.466722799930722,28,1
0,2,1,0.403506199945696,28,0
0,1,1,0.549313900060952,28,0
0,3,1,0.537790199974552,28,0
0,1,1,0.615599499898963,28,0
0,1,1,0.58576509996783,28,0
0,1,1,0.559415400028229,28,0
0,2,1,0.752021299907938,28,0
0,3,1,1.05719219997991,28,0
0,1,0,0.729525899980217,28,1
0,2,1,0.834886099910364,28,0
0,3,1,0.630671699997038,28,0
0,3,1,0.47471239999868,28,0
0,2,1,0.563891700003296,28,0
0,2,1,0.752908400027081,28,0
0,1,0,0.759781699976884,28,1
0,2,1,0.880820899968967,28,0
0,3,1,0.784681000048295,28,0
0,1,1,0.791822000057437,28,0
0,2,0,0.541066900012083,28,1
0,1,0,0.675030299928039,28,1
0,1,1,0.727921799989417,28,0
0,2,1,0.804182099993341,28,0
0,3,1,0.607705699978396,28,0
0,2,1,0.777112500043586,28,0
0,3,1,0.617223700042814,28,0
0,1,0,0.874864700017497,28,1
0,3,1,0.620500199962407,28,0
0,3,1,0.657373299938627,28,0
0,3,1,0.559059799998067,28,0
0,1,0,0.855792900081724,28,1
0,2,1,0.655671600019559,28,0
0,3,1,0.553333499934524,28,0
0,2,1,0.627933499985375,28,0
0,3,1,0.530326599953696,28,0
0,3,1,0.629132499918342,28,0
0,2,1,0.563623099937104,28,0
0,2,1,0.684105199994519,28,0
0,1,0,0.456686899997294,28,1
0,2,0,0.724943000008352,28,1
0,3,1,0.641969899996184,28,0
0,1,0,0.541718200081959,28,1
0,3,1,0.430907599977218,28,0
0,1,1,0.672895099967718,28,0
0,2,1,0.704619099968113,28,0
0,1,1,0.976101500098594,28,0
0,3,1,0.503230300033465,28,0
0,1,1,0.620001100003719,28,0
0,3,1,0.529912799946032,28,0
0,3,1,0.543819300015457,28,0
0,2,1,0.60965550004039,28,0
0,3,1,0.851340700057335,28,0
0,3,0,0.754717100062408,28,1
0,2,1,0.632510200026445,28,0
0,1,1,0.649367699981667,28,0
0,1,1,0.557917200028896,28,0
0,3,1,0.457362300017849,28,0
0,3,1,0.588777599972673,28,0
0,2,1,0.945165800047107,28,0
0,3,1,0.591292700031772,28,0
0,1,1,0.703150399960577,28,0
0,1,1,0.928156199981458,28,0
0,1,1,0.616484199999832,28,0
0,3,1,0.606637999997474,28,0
0,1,1,0.674955100053921,28,0
0,2,1,0.542022000066936,28,0
0,2,1,0.643154000048526,28,0
0,3,1,0.616491200053133,28,0
0,3,1,0.647586800041609,28,0
0,1,1,0.666688900091685,28,0
0,2,1,0.617362300050445,28,0
0,3,1,0.643583900062367,28,0
0,2,1,0.79143079998903,28,0
0,1,0,0.749879700015299,28,1
0,3,1,0.514025599928573,28,0
0,3,1,0.415631899959408,28,0
0,2,1,0.555616299971007,28,0
0,3,1,0.539695400046185,28,0
0,1,1,0.932893399964087,28,0
0,1,1,0.679163600085303,28,0
0,1,1,0.49181989999488,28,0
0,1,1,0.477786899893545,28,0
0,3,1,0.473530999966897,28,0
0,1,1,0.466631500050426,28,0
0,2,1,0.472040200023912,28,0
0,1,1,0.591047000023536,28,0
0,1,1,0.50654420000501,28,0
0,2,1,0.633872700040229,28,0
0,1,1,0.817494799965061,28,0
0,3,1,0.678459500079043,28,0
0,2,1,0.825179300038144,28,0
0,1,0,0.579019300057553,28,1
0,2,1,1.03782500000671,28,0
0,2,0,0.581415900029242,28,1
0,1,1,0.437020200071856,28,0
0,1,1,0.682528699981049,28,0
0,1,1,0.800746800028719,28,0
0,2,1,0.42605640005786,28,0
0,3,1,0.565397199941799,28,0
0,2,0,0.438528600032441,28,1
0,2,1,0.515894199954346,28,0
0,2,1,0.372178299934603,28,0
0,1,1,0.577615799964406,28,0
0,1,1,0.684195999987423,28,0
0,1,1,0.38035749993287,28,0
0,1,1,0.550526299979538,28,0
0,1,1,0.411925599910319,28,0
0,2,1,0.64929640002083,28,0
0,3,0,0.535615700064227,28,1
0,2,1,0.800448299967684,28,0
0,1,1,0.510190999950282,28,0
0,2,1,0.632226999965496,28,0
0,3,1,0.592458199942484,28,0
0,3,0,0.473235299927182,28,1
0,3,1,0.761816199985333,28,0
0,3,1,0.719661800074391,28,0
0,1,1,0.929541099932976,28,0
0,1,1,0.777223899960518,28,0
0,2,1,0.666692400001921,28,0
0,3,1,0.683008700027131,28,0
0,2,1,0.520159399951808,28,0
0,3,1,0.667640100000426,28,0
0,3,0,0.228819099953398,28,1
0,3,1,0.337967199971899,28,0
0,2,1,0.617673099972308,28,0
0,3,1,0.915264200069942,28,0
0,1,0,0.53003839997109,28,1
0,1,1,0.548955400008708,28,0
0,1,1,0.394429799984209,28,0
0,2,1,0.546220400021411,28,0
0,2,1,0.504681100021116,28,0
0,2,1,0.60319699998945,28,0
0,3,1,0.483829000033438,28,0
0,1,1,0.722671899944544,28,0
0,3,1,0.812419200083241,28,0
0,3,1,0.406678600003943,28,0
0,1,1,0.47234999993816,28,0
0,3,1,0.441742499941029,28,0
0,3,1,0.471692699939013,28,0
0,3,1,0.438899999950081,28,0
0,3,1,0.51290010008961,28,0
0,3,0,0.612051900010556,28,1
0,3,1,0.456157300039195,28,0
0,2,1,0.541166600072756,28,0
0,3,1,0.586685999995098,28,0
0,2,1,0.548601099988446,28,0
0,3,1,0.743072099983692,28,0
0,2,1,0.579556200071238,28,0
0,2,1,0.443853600067087,28,0
0,2,1,0.548283600015566,28,0
0,2,1,0.944457900011912,28,0
0,2,0,0.660944500006735,28,1
0,3,1,0.667881200090051,28,0
0,1,1,0.524432800011709,28,0
0,2,1,0.45231760002207,28,0
0,2,1,0.432205199962482,28,0
0,2,1,0.67150669998955,28,0
0,3,1,0.72482919995673,28,0
0,1,1,0.751340400078334,28,0
0,1,1,0.690100600011647,28,0
0,3,1,0.602311599999666,28,0
0,1,1,0.688535199966282,28,0
0,2,1,0.580486899940297,28,0
0,1,1,0.354675500071608,28,0
0,1,1,0.488974799984135,28,0
0,3,1,0.487743400037289,28,0
0,2,1,0.515100399963558,28,0
0,2,0,0.649855099967681,28,1
0,1,0,0.472206800011918,28,1
0,2,0,0.566346399951726,28,1
0,1,1,0.580051600001752,28,0
1,1,1,0.411028799950145,29,1
1,1,1,0.404485999955796,29,1
1,3,0,0.674652299960144,29,0
1,2,1,0.756324000074528,29,1
1,1,1,0.325256700045429,29,1
1,2,0,0.558383299969137,29,0
1,3,0,0.4465438000625,29,0
1,1,1,0.426682500052266,29,1
1,3,1,0.708695700042881,29,1
1,1,1,0.414891400025226,29,1
1,2,0,0.748717400012538,29,0
1,3,1,0.74152210005559,29,1
1,3,0,0.480196499964222,29,0
1,1,1,0.394714799942449,29,1
1,3,0,0.364892499987036,29,0
1,3,0,0.654277900001034,29,0
1,1,1,0.477427700068802,29,1
1,3,0,0.581432899925858,29,0
1,1,1,0.452445600065403,29,1
1,2,0,0.905780300032347,29,0
1,3,1,0.666385699994862,29,1
1,1,1,0.363247500034049,29,1
1,1,1,0.271640399936587,29,1
1,3,0,0.37271739996504,29,0
1,2,0,0.601689300034195,29,0
1,3,1,0.503954200074077,29,1
1,2,1,0.692988399998285,29,1
1,2,1,0.892547899973579,29,1
1,3,1,0.536568899988197,29,1
1,1,1,0.510559499962255,29,1
1,3,1,0.458354100002907,29,1
1,2,1,0.466680399957113,29,1
1,1,1,0.289119899971411,29,1
1,2,1,0.252091099973768,29,1
1,2,1,0.499904399970546,29,1
1,1,1,0.33651099994313,29,1
1,3,1,0.466072299983352,29,1
1,1,1,0.349077200051397,29,1
1,1,1,0.384332399931736,29,1
1,2,1,0.625222999951802,29,1
1,3,0,0.382596699986607,29,0
1,2,1,1.01404590008315,29,1
1,3,1,0.584200399927795,29,1
1,2,0,0.527712099952623,29,0
1,1,1,0.40091119997669,29,1
1,1,1,0.639012299943715,29,1
1,2,1,0.664970900048502,29,1
1,3,1,0.574064100044779,29,1
1,2,1,0.587600199971348,29,1
1,2,1,0.633491400047205,29,1
1,3,0,0.499732500058599,29,0
1,1,1,0.488755400059745,29,1
1,3,1,0.641444900073111,29,1
1,1,1,0.442267999984324,29,1
1,3,1,0.601356699946336,29,1
1,1,1,0.415435099974275,29,1
1,3,1,0.882070999941789,29,1
1,2,1,0.715286299935542,29,1
1,1,1,0.416890099993907,29,1
1,2,1,0.473267100052908,29,1
1,2,1,0.536127400002442,29,1
1,2,1,0.540284399990924,29,1
1,3,1,0.648632700089365,29,1
1,2,1,0.554011599975638,29,1
1,3,1,0.606869100010954,29,1
1,3,0,0.417104299995117,29,0
1,2,1,0.711263099918142,29,1
1,1,1,0.498344799969345,29,1
1,1,1,0.436232100008056,29,1
1,1,1,0.318282300024293,29,1
1,3,1,0.481640200014226,29,1
1,2,1,0.268437099992298,29,1
1,2,1,0.250093200011179,29,1
1,3,0,0.260086700087413,29,0
1,1,1,0.406639099936001,29,1
1,2,1,0.690475899958983,29,1
1,1,1,0.380065199919045,29,1
1,3,1,0.517426299978979,29,1
1,1,1,0.445295799989253,29,1
1,1,1,0.372968000010587,29,1
1,3,1,0.572170799947344,29,1
1,2,1,0.570318799931556,29,1
1,2,1,0.535285399993882,29,1
1,1,1,0.489667700021528,29,1
1,1,1,0.479560700012371,29,1
1,1,1,0.555940299993381,29,1
1,1,1,0.398922499967739,29,1
1,3,1,0.571718899998814,29,1
1,3,1,0.570175800006837,29,1
1,2,1,0.629555799998343,29,1
1,3,1,0.606021399958991,29,1
1,3,1,0.517189599922858,29,1
1,3,1,0.538995399954729,29,1
1,3,0,0.45788410003297,29,0
1,1,1,0.388281699968502,29,1
1,1,1,0.446456900099292,29,1
1,3,1,0.48003289999906,29,1
1,3,1,0.558668599929661,29,1
1,2,1,0.533908699988388,29,1
1,3,1,0.511311699985527,29,1
1,3,1,0.767727199941874,29,1
1,3,1,0.604125900077634,29,1
1,1,1,0.404913599952124,29,1
1,1,1,0.468120200093836,29,1
1,1,1,0.401719199959189,29,1
1,1,1,0.550965100061148,29,1
1,1,1,0.352596799959429,29,1
1,2,0,0.429169000010006,29,0
1,2,1,0.527882399968803,29,1
1,1,1,0.549058399978094,29,1
1,3,1,0.957473399932496,29,1
1,2,1,0.620185600011609,29,1
1,3,0,0.484030400053598,29,0
1,2,1,0.59308839996811,29,1
1,3,1,0.564189100055955,29,1
1,3,1,0.536971800029278,29,1
1,1,1,0.456339200027287,29,1
1,2,1,0.580783399986103,29,1
1,2,0,0.360047800000757,29,0
1,1,1,0.331472599995323,29,1
1,2,1,0.508968999958597,29,1
1,1,1,0.454864299972542,29,1
1,2,1,0.450071300030686,29,1
1,2,0,0.511775800026953,29,0
1,2,1,0.56394690007437,29,1
1,1,1,0.385614700033329,29,1
1,1,1,0.450600799988024,29,1
1,3,1,0.601370100048371,29,1
1,3,0,0.621250199968927,29,0
1,1,1,0.476347699994221,29,1
1,3,1,0.479053599992767,29,1
1,3,1,0.397689200006425,29,1
1,1,1,0.378847600077279,29,1
1,1,1,0.301660800003447,29,1
1,3,1,0.447467699996196,29,1
1,2,0,0.808384499978274,29,0
1,3,1,0.721751099918038,29,1
1,3,0,0.404962200089358,29,0
1,1,1,0.427355199935846,29,1
1,3,1,0.58775720000267,29,1
1,1,1,0.524749999982305,29,1
1,3,1,0.742114000022411,29,1
1,3,1,0.454263499937952,29,1
1,2,1,0.670952600077726,29,1
1,1,1,0.378482299973257,29,1
1,2,1,0.499770900001749,29,1
1,2,1,0.494224699912593,29,1
1,2,1,0.463096399907954,29,1
1,3,1,0.433240600046702,29,1
1,2,0,0.515218400047161,29,0
1,3,1,0.719108500052243,29,1
1,2,1,0.404792099958286,29,1
1,2,1,0.540600699954666,29,1
1,1,1,0.353861999930814,29,1
1,2,1,0.571023100055754,29,1
1,2,1,0.441023000050336,29,1
1,1,1,0.353230999899097,29,1
1,3,0,0.573175800032914,29,0
1,1,1,0.370776199968532,29,1
1,1,1,0.422588799963705,29,1
1,2,1,0.546565699973144,29,1
1,2,1,0.749612900079228,29,1
1,2,1,0.564931400003843,29,1
1,2,1,0.479326499975286,29,1
1,2,0,0.471057299990207,29,0
1,3,0,0.665628799935803,29,0
1,1,1,0.273334700032137,29,1
1,2,1,0.504794599954039,29,1
1,2,1,0.57459450000897,29,1
1,2,1,0.518652300001122,29,1
1,1,1,0.405574099975638,29,1
1,3,1,0.496106599923223,29,1
1,2,1,0.519562399946153,29,1
1,1,1,0.518918000045232,29,1
1,2,1,0.552463100058958,29,1
1,2,1,0.441220799926668,29,1
1,1,1,0.431004400015809,29,1
1,1,1,0.328968100016937,29,1
0,3,1,0.527266600052826,29,0
0,3,0,0.414430900011212,29,1
0,2,0,0.611831999965943,29,1
0,1,1,0.496791500016116,29,0
0,2,1,0.740197500097565,29,0
0,3,1,0.549143999931403,29,0
0,1,1,0.619422900024801,29,0
0,3,1,0.367706899996847,29,0
0,1,1,0.56659539998509,29,0
0,2,0,0.436780099989846,29,1
0,2,0,0.386905399966054,29,1
0,1,1,0.572083299979568,29,0
0,1,1,0.578305900096893,29,0
0,2,1,0.836721200030297,29,0
0,1,0,0.615070799947716,29,1
0,3,1,0.404574900050648,29,0
0,3,1,0.563763400074095,29,0
0,2,1,0.759772199904546,29,0
0,1,1,0.527294300030917,29,0
0,3,1,0.806246499996632,29,0
0,1,1,0.602353899972513,29,0
0,2,1,0.597712399903685,29,0
0,2,1,0.574856300023384,29,0
0,3,0,0.565336699946783,29,1
0,1,1,0.501453300006688,29,0
0,1,0,0.481615199940279,29,1
0,3,1,0.514891099999659,29,0
0,1,1,0.492357999901287,29,0
0,1,1,0.48449109995272,29,0
0,2,1,0.613858900032938,29,0
0,3,0,0.368261699914001,29,1
0,3,1,0.492846500012092,29,0
0,3,0,0.626445800065994,29,1
0,2,1,0.480841599986888,29,0
0,2,0,0.589000200037844,29,1
0,2,1,0.505420499946922,29,0
0,3,1,0.622027999954298,29,0
0,1,0,0.441308500012383,29,1
0,1,1,0.401657900074497,29,0
0,2,0,0.518983699963428,29,1
0,2,1,0.708934199996293,29,0
0,3,1,0.699445500038564,29,0
0,1,1,0.735900899977423,29,0
0,1,1,0.703221200034022,29,0
0,3,0,0.725671599968337,29,1
0,1,1,0.794125000014901,29,0
0,1,1,0.654028799966909,29,0
0,2,1,0.889823099947535,29,0
0,3,0,0.665539099951275,29,1
0,1,1,0.799494199920446,29,0
0,1,1,0.537770600058138,29,0
0,1,1,0.683361900039017,29,0
0,3,1,0.625087000080384,29,0
0,2,1,0.984453800017945,29,0
0,2,0,0.684090099995956,29,1
0,2,1,0.659331499948166,29,0
0,3,1,0.690806600032374,29,0
0,2,1,0.69943590008188,29,0
0,2,1,0.578899599961005,29,0
0,2,1,0.477505799965002,29,0
0,1,1,0.388241200009361,29,0
0,1,1,0.540326699963771,29,0
0,3,1,0.46547479997389,29,0
0,3,1,0.779228499974124,29,0
0,1,1,0.496685600024648,29,0
0,2,0,0.57635989994742,29,1
0,2,1,1.0175630999729,29,0
0,3,0,0.694710800074972,29,1
0,2,1,0.813753199996427,29,0
0,3,1,0.645152500015683,29,0
0,3,1,0.523800000082701,29,0
0,1,1,0.540066699963063,29,0
0,2,0,0.369640199933201,29,1
0,3,0,0.444911699974909,29,1
0,2,1,0.621572199976072,29,0
0,1,1,0.484867600025609,29,0
0,2,1,0.574235699954443,29,0
0,2,1,0.577631199965253,29,0
0,1,1,0.722003199975006,29,0
0,3,1,0.597702000057325,29,0
0,2,1,0.498133899993263,29,0
0,2,1,0.70306939992588,29,0
0,1,1,0.558142199995928,29,0
0,3,0,0.791998600005172,29,1
0,1,1,0.598965200013481,29,0
0,2,1,0.521137800067663,29,0
0,3,1,0.472506700083613,29,0
0,1,1,0.492086499929428,29,0
0,3,1,0.601023599971086,29,0
0,1,1,0.563646399998106,29,0
0,3,1,0.528595899930224,29,0
0,3,1,0.491536800051108,29,0
0,2,1,0.393081499962136,29,0
0,3,1,0.612647300004028,29,0
0,3,0,0.327793500036933,29,1
0,3,1,0.289347000070848,29,0
0,2,1,0.431476700003259,29,0
0,3,1,0.530294799944386,29,0
0,2,1,0.590550500084646,29,0
0,3,1,0.672305900021456,29,0
0,2,1,0.516475699958391,29,0
0,1,0,0.586529899970628,29,1
0,1,1,0.588305899989791,29,0
0,2,1,0.504151699948125,29,0
0,3,1,0.397819500067271,29,0
0,3,1,0.310845199972391,29,0
0,1,1,0.49316179996822,29,0
0,2,1,0.399001999991015,29,0
0,3,1,0.570352999959141,29,0
0,3,1,0.439466300071217,29,0
0,1,1,0.550770999980159,29,0
0,2,1,0.482994600082748,29,0
0,3,1,0.362761799944565,29,0
0,3,1,0.415856100036763,29,0
0,1,1,0.419426299980842,29,0
0,2,1,0.535732900025323,29,0
0,1,1,0.566083300043829,29,0
0,3,1,0.461701399995945,29,0
0,2,1,0.496566500049084,29,0
0,1,1,0.425220600096509,29,0
0,2,1,0.494334499933757,29,0
0,1,1,0.453587000025436,29,0
0,2,1,0.527129200054333,29,0
0,2,1,0.442959600011818,29,0
0,2,1,0.526509299990721,29,0
0,1,1,0.486950099933892,29,0
0,2,0,0.503920900053345,29,1
0,1,0,0.456048800027929,29,1
0,1,1,0.552112099947408,29,0
0,1,1,0.451229900005274,29,0
0,1,1,0.794540300033987,29,0
0,2,1,0.589726399979554,29,0
0,3,1,0.941824599984102,29,0
0,1,1,0.438401499995962,29,0
0,2,1,0.490149799967185,29,0
0,1,1,0.431297300034203,29,0
0,3,1,0.441212300094776,29,0
0,2,1,0.560040700016543,29,0
0,3,1,0.500071299960837,29,0
0,2,1,0.524388100020587,29,0
0,2,1,0.507667499943636,29,0
0,1,1,0.565621099900454,29,0
0,1,1,0.487460399977863,29,0
0,3,1,0.468442399986088,29,0
0,3,1,0.81396759999916,29,0
0,2,1,0.622558799921535,29,0
0,3,1,0.864919099956751,29,0
0,3,1,0.481897699995898,29,0
0,1,0,0.675010900013149,29,1
0,2,0,0.330392099916935,29,1
0,1,1,0.507069000042975,29,0
0,3,1,0.486778800026514,29,0
0,1,1,0.562976300017908,29,0
0,1,1,0.460152000072412,29,0
0,3,1,0.39829619997181,29,0
0,3,1,0.57084559998475,29,0
0,1,1,0.442533500026911,29,0
0,2,1,0.55868689995259,29,0
0,3,1,0.37966370000504,29,0
0,1,0,0.514610499958508,29,1
0,3,1,0.452201900072396,29,0
0,2,0,0.484188699978404,29,1
0,3,1,0.485512200044468,29,0
0,3,1,0.472667700028978,29,0
0,2,1,0.443517800071277,29,0
0,3,1,0.963109000003897,29,0
0,1,1,0.639445299981162,29,0
0,3,1,0.456026799976826,29,0
0,2,1,0.458843400003389,29,0
0,1,1,0.49275409989059,29,0
0,2,1,0.583649999927729,29,0
0,1,1,0.419289899989963,29,0
0,1,1,0.37086589995306,29,0
0,2,1,0.544765300001018,29,0
0,2,1,0.406146100023761,29,0
0,3,1,0.718909800052643,29,0
0,2,1,0.482965999981388,29,0
1,3,0,0.318882099934854,30,0
1,1,0,0.482438100036234,30,0
1,3,1,0.587639999925159,30,1
1,3,0,0.785600300063379,30,0
1,1,1,0.40892369998619,30,1
1,3,1,0.638898300006986,30,1
1,3,0,0.412363599985838,30,0
1,3,1,0.351544299977832,30,1
1,1,1,0.471773199969903,30,1
1,1,1,0.365723900031298,30,1
1,1,1,0.300118500017561,30,1
1,3,1,0.620631099911407,30,1
1,1,1,0.315858200076036,30,1
1,2,1,0.577260100049898,30,1
1,1,1,0.260933400015347,30,1
1,2,1,0.484522200073116,30,1
1,2,0,0.384827099973336,30,0
1,2,1,0.423920899978839,30,1
1,2,1,0.632450999924913,30,1
1,2,0,0.428082200000063,30,0
1,3,1,0.456420399947092,30,1
1,2,1,0.486580500029959,30,1
1,1,0,0.450997199979611,30,0
1,2,1,0.458877899916843,30,1
1,3,1,0.343807799974456,30,1
1,1,1,0.350021000020206,30,1
1,3,1,0.407677499926649,30,1
1,1,1,0.540575699997135,30,1
1,1,1,0.660167600028217,30,1
1,3,1,0.390260800020769,30,1
1,2,1,0.354165000026114,30,1
1,1,1,0.476581200025976,30,1
1,2,1,0.465115100028925,30,1
1,1,1,0.481057199998759,30,1
1,2,1,0.463527599931695,30,1
1,1,1,0.482271900051273,30,1
1,3,1,0.384351799963042,30,1
1,2,1,0.314302299986593,30,1
1,3,1,0.38635509996675,30,1
1,2,1,0.466755499946885,30,1
1,1,1,0.436664100037888,30,1
1,3,1,0.564344499958679,30,1
1,1,1,0.40946370002348,30,1
1,2,1,0.312501600012183,30,1
1,1,1,0.320725600002334,30,1
1,1,1,0.304680299945176,30,1
1,1,1,0.415731800021604,30,1
1,2,1,0.363473100005649,30,1
1,3,1,0.372747399960645,30,1
1,3,1,0.388705600053072,30,1
1,3,1,0.271545800031163,30,1
1,3,1,0.384794400073588,30,1
1,3,0,0.574052699957974,30,0
1,2,1,0.580340699991211,30,1
1,1,1,0.332841999945231,30,1
1,1,1,0.380235799937509,30,1
1,2,1,0.319195599993691,30,1
1,3,1,0.295018700067885,30,1
1,1,1,0.379703299957328,30,1
1,2,1,0.296507299994119,30,1
1,3,0,0.72914260008838,30,0
1,3,1,0.36556649999693,30,1
1,3,1,0.424147100071423,30,1
1,3,0,0.382868799963035,30,0
1,3,1,0.417990799993277,30,1
1,2,1,0.421764499973506,30,1
1,1,1,0.493227900005877,30,1
1,2,1,0.376053799991496,30,1
1,1,1,0.51679449994117,30,1
1,2,1,0.488039800082333,30,1
1,1,1,0.392633100040257,30,1
1,3,1,0.463037699926645,30,1
1,1,1,0.371078000054695,30,1
1,1,1,0.453914200072177,30,1
1,1,1,0.39909149997402,30,1
1,2,0,0.341818299959414,30,0
1,1,1,0.361236299970187,30,1
1,1,0,0.315643700072542,30,0
1,1,1,0.316245499998331,30,1
1,3,1,0.264562500058673,30,1
1,1,1,0.366563999908976,30,1
1,2,1,0.376722699962556,30,1
1,2,1,0.274096500012092,30,1
1,1,0,0.462927400018089,30,0
1,2,1,0.462828499963507,30,1
1,3,1,0.349861900089309,30,1
1,2,1,0.579841200029477,30,1
1,3,1,0.422680800082162,30,1
1,2,0,0.418383900076151,30,0
1,1,1,0.296120499959216,30,1
1,1,1,0.29666150000412,30,1
1,2,1,0.352432399988174,30,1
1,1,1,0.314354000031017,30,1
1,3,1,0.23656570003368,30,1
1,2,0,0.375143500044942,30,0
1,2,0,0.318010799936019,30,0
1,3,0,0.380546700092964,30,0
1,3,1,0.41551319998689,30,1
1,2,1,0.313392300042324,30,1
1,3,1,0.422760299989022,30,1
1,2,1,0.539211800089106,30,1
1,2,1,0.515563399996608,30,1
1,2,1,0.275806099991314,30,1
1,3,1,0.45100960007403,30,1
1,2,1,0.405142500065267,30,1
1,2,1,0.278332000016235,30,1
1,3,1,0.417499399976805,30,1
1,2,1,0.267146799946204,30,1
1,2,1,0.476389300078154,30,1
1,2,1,0.36144929996226,30,1
1,2,1,0.506208700011484,30,1
1,1,1,0.254108499968424,30,1
1,2,1,0.585390400025062,30,1
1,3,1,0.383400100050494,30,1
1,3,1,0.582436099997722,30,1
1,1,1,0.460333400056697,30,1
1,2,1,0.446202600025572,30,1
1,1,1,0.438995400094427,30,1
1,1,1,0.47589360002894,30,1
1,1,1,0.305538399959914,30,1
1,1,0,0.450123500078917,30,0
1,1,0,0.349162800004706,30,0
1,1,1,0.713651500060223,30,1
1,1,1,0.283912599901669,30,1
1,3,1,0.404591400059871,30,1
1,1,1,0.333239500061609,30,1
1,2,0,0.441360899945721,30,0
1,3,0,0.418145700008608,30,0
1,3,1,0.416384299984202,30,1
1,2,0,0.256047400063835,30,0
1,2,0,0.509399299975485,30,0
1,2,1,0.564750600024126,30,1
1,3,1,0.389541400014423,30,1
1,2,1,0.412840600009076,30,1
1,1,1,0.518332900013775,30,1
1,3,1,0.459931100020185,30,1
1,3,1,0.465344400028698,30,1
1,3,1,0.278644299949519,30,1
1,1,1,0.421553699998185,30,1
1,3,1,0.467290799948387,30,1
1,3,0,0.437513099983335,30,0
1,1,1,0.268279499956407,30,1
1,2,1,0.727286999928765,30,1
1,3,1,0.477870399947278,30,1
1,3,1,0.448449900024571,30,1
1,1,1,0.387815300025977,30,1
1,2,1,0.443588899914175,30,1
1,3,1,0.459320699912496,30,1
1,2,1,0.384132399922237,30,1
1,3,1,0.324961200007237,30,1
1,3,1,0.351299400092103,30,1
1,3,1,0.379169799969532,30,1
1,2,0,0.36868100007996,30,0
1,1,1,0.483019100036472,30,1
1,3,1,0.60490200005006,30,1
1,1,1,0.577520700055175,30,1
1,1,1,0.461185999913141,30,1
1,2,0,0.493289200006984,30,0
1,3,1,0.548248399980366,30,1
1,1,1,0.379281400004402,30,1
1,2,1,0.473707200028002,30,1
1,1,1,0.474878999986686,30,1
1,2,1,0.483354400028475,30,1
1,2,1,0.362249400001019,30,1
1,2,1,0.485115600051358,30,1
1,1,1,0.427296599955298,30,1
1,2,1,0.393400099943392,30,1
1,3,1,0.359894199995324,30,1
1,1,1,0.46215260005556,30,1
1,1,0,0.402026899973862,30,0
1,3,1,0.431244399980642,30,1
1,1,1,0.375987799954601,30,1
1,3,1,0.43539909995161,30,1
1,3,0,0.418926900019869,30,0
1,2,1,0.312471900018863,30,1
1,3,1,0.540515700005926,30,1
1,2,1,0.430524099967442,30,1
1,3,1,0.349857199937105,30,1
1,2,1,0.450455199927092,30,1
1,1,1,0.570174199994653,30,1
0,3,1,0.545331100001931,30,0
0,2,1,0.501420499989763,30,0
0,2,1,0.793704900075682,30,0
0,1,1,0.452471900032833,30,0
0,2,1,0.603589999955148,30,0
0,3,1,0.469271699897945,30,0
0,2,1,0.414217600016855,30,0
0,1,1,0.499509699991904,30,0
0,2,1,0.506608799914829,30,0
0,2,1,0.422417400055565,30,0
0,1,1,0.614271100028418,30,0
0,1,1,0.411574400030077,30,0
0,3,0,0.376336500048637,30,1
0,2,1,0.497500799945556,30,0
0,2,1,0.433387199998833,30,0
0,3,1,0.620011599967256,30,0
0,3,1,0.560281799989752,30,0
0,1,1,0.677869800012559,30,0
0,2,1,0.420406099990942,30,0
0,2,1,0.647295600036159,30,0
0,1,1,0.430374999996275,30,0
0,3,1,0.61776789999567,30,0
0,2,1,0.720387999899685,30,0
0,3,1,0.699434599955566,30,0
0,3,1,0.43372069997713,30,0
0,2,1,0.691708200029097,30,0
0,2,1,0.559306800016202,30,0
0,1,1,0.480853399960324,30,0
0,2,1,0.410710999974981,30,0
0,1,1,0.53241290000733,30,0
0,1,1,0.794452000060119,30,0
0,2,1,0.447331200004555,30,0
0,1,1,0.59517860005144,30,0
0,1,1,0.611363900010474,30,0
0,2,1,0.421277600107715,30,0
0,1,1,0.435003399965353,30,0
0,1,1,0.62084450002294,30,0
0,3,0,0.440059200045653,30,1
0,3,1,0.427537599927746,30,0
0,3,1,0.338712200056762,30,0
0,3,0,0.361504500033334,30,1
0,3,1,0.486490500043146,30,0
0,3,1,0.488297100062482,30,0
0,1,1,0.728658900014125,30,0
0,3,1,0.399733100086451,30,0
0,1,1,0.583216900005937,30,0
0,2,1,0.715852799941786,30,0
0,2,0,0.395321499905549,30,1
0,3,1,0.72588259994518,30,0
0,3,1,0.390564500004984,30,0
0,1,1,0.533900099922903,30,0
0,1,1,0.45739900006447,30,0
0,1,1,0.552087799995206,30,0
0,1,1,0.326393699971959,30,0
0,3,1,0.413451500004157,30,0
0,2,0,0.369514400023036,30,1
0,3,1,0.499963699956425,30,0
0,3,1,0.431637899950147,30,0
0,3,1,0.433825000072829,30,0
0,3,1,0.973442399990745,30,0
0,1,1,0.385199000011198,30,0
0,2,1,0.506313999998383,30,0
0,2,1,0.643477399949916,30,0
0,1,1,0.482331499923021,30,0
0,3,1,0.671572799910791,30,0
0,3,1,0.483970199944451,30,0
0,2,1,0.486057300004177,30,0
0,2,1,0.475573999923654,30,0
0,2,1,0.481786899967119,30,0
0,3,0,0.396344100008719,30,1
0,1,1,0.561018100008368,30,0
0,2,1,0.430411500041373,30,0
0,3,1,0.566179500077851,30,0
0,1,1,0.399276899988763,30,0
0,3,1,0.467581999953836,30,0
0,3,1,0.392709700041451,30,0
0,3,1,0.376443299930543,30,0
0,3,1,0.592139599961229,30,0
0,3,1,0.318532399949618,30,0
0,2,1,0.375170400016941,30,0
0,2,1,0.471373500069603,30,0
0,3,1,0.517848199931905,30,0
0,2,1,0.431878199917264,30,0
0,2,1,0.269648500019684,30,0
0,3,1,0.609437700011767,30,0
0,2,1,0.549577500089072,30,0
0,3,1,0.704811500036158,30,0
0,1,1,0.41293140000198,30,0
0,3,1,0.647133599966764,30,0
0,3,1,0.471778900013305,30,0
0,2,1,0.563902199966833,30,0
0,2,1,0.311187500017695,30,0
0,1,1,0.461081499932334,30,0
0,1,1,0.292837199987844,30,0
0,1,1,0.253821999998763,30,0
0,2,1,0.361685500014573,30,0
0,1,1,0.622898999950849,30,0
0,3,1,0.449982499936596,30,0
0,2,1,0.390861400053836,30,0
0,3,1,0.486111100064591,30,0
0,1,1,0.459420299972408,30,0
0,3,1,0.510536400019191,30,0
0,2,1,0.660365200019442,30,0
0,1,0,0.659946299972944,30,1
0,1,1,0.521860699984245,30,0
0,1,1,0.358580100000836,30,0
0,1,0,0.573816900025122,30,1
0,2,1,0.500163200078532,30,0
0,1,1,0.48323110002093,30,0
0,2,1,0.470070100040175,30,0
0,1,1,0.406824400066398,30,0
0,3,0,0.340956800035201,30,1
0,2,1,0.425390899996273,30,0
0,1,1,0.456277800025418,30,0
0,2,1,0.383326199953444,30,0
0,1,1,0.58276250003837,30,0
0,2,1,0.384786700014956,30,0
0,3,1,0.383216800051741,30,0
0,3,1,0.292118499986827,30,0
0,2,1,0.336468200082891,30,0
0,1,1,0.431981900008395,30,0
0,3,1,0.413165400037542,30,0
0,2,1,0.452067799982615,30,0
0,1,1,0.374418299994431,30,0
0,2,1,0.395964699913748,30,0
0,2,1,0.383634399971925,30,0
0,2,1,0.561287400079891,30,0
0,3,1,0.46892209991347,30,0
0,2,1,0.538183599943295,30,0
0,3,1,0.368508899933659,30,0
0,1,1,0.525363900000229,30,0
0,2,1,0.359414499951527,30,0
0,3,1,0.379453800036572,30,0
0,3,1,0.469153699930757,30,0
0,3,1,0.31276220001746,30,0
0,2,1,0.419079400016926,30,0
0,1,1,0.429039100068621,30,0
0,1,1,0.773152600042522,30,0
0,1,0,0.460961899952963,30,1
0,1,1,0.434908599941991,30,0
0,3,1,0.613609699998051,30,0
0,1,1,0.404386000009254,30,0
0,3,1,0.739989099907689,30,0
0,1,1,0.598432899918407,30,0
0,3,1,0.520327399950475,30,0
0,2,1,0.418155299965292,30,0
0,1,1,0.649469999945723,30,0
0,3,1,0.431836500065401,30,0
0,2,1,0.489487800048664,30,0
0,3,1,0.440707100089639,30,0
0,1,0,0.272358800051734,30,1
0,3,1,0.547026899992488,30,0
0,3,1,0.588571499916725,30,0
0,1,1,0.494357699993998,30,0
0,1,0,0.346538600046188,30,1
0,1,1,0.488530699978583,30,0
0,2,1,0.640361699974164,30,0
0,2,1,0.517717499984428,30,0
0,2,1,0.427482200087979,30,0
0,1,1,0.421372000011615,30,0
0,3,1,0.426191000035033,30,0
0,2,1,0.606579600018449,30,0
0,2,1,0.459265399957076,30,0
0,3,1,0.428078099968843,30,0
0,2,1,0.437703300034627,30,0
0,3,1,0.411853199941106,30,0
0,1,0,0.377837299951352,30,1
0,1,1,0.397542199934833,30,0
0,3,1,0.545202299952507,30,0
0,2,1,0.43151060002856,30,0
0,1,0,0.450065199984238,30,1
0,1,1,0.466008100076579,30,0
0,1,1,0.766704399953596,30,0
0,2,1,0.357921799994074,30,0
0,1,1,0.558231300092302,30,0
0,3,1,0.454002300044522,30,0
0,1,1,0.706561500090174,30,0
0,1,1,0.573467000038363,30,0
0,2,1,0.420503000030294,30,0
0,2,1,0.415080299950205,30,0
1,3,0,0.955819400027394,31,0
1,3,0,0.604087900021113,31,0
1,2,1,0.742987100034952,31,1
1,2,1,0.973594299983233,31,1
1,3,1,0.873863699962385,31,1
1,2,1,0.717354099964723,31,1
1,2,1,0.757702000089921,31,1
1,3,1,0.689765400020406,31,1
1,2,1,0.530804599984549,31,1
1,1,1,0.417706899926998,31,1
1,2,1,0.628289200016297,31,1
1,2,1,0.687796800048091,31,1
1,1,1,0.547758300090209,31,1
1,2,1,0.464730300009251,31,1
1,2,1,0.711014500004239,31,1
1,3,1,0.776809600065462,31,1
1,1,1,0.634848600020632,31,1
1,3,1,0.760750100016594,31,1
1,1,1,0.460832700016908,31,1
1,1,1,0.539268599939533,31,1
1,3,1,0.713793299975805,31,1
1,3,0,0.704519900027663,31,0
1,2,1,0.585365299950354,31,1
1,2,1,0.555002500070259,31,1
1,3,1,0.592613099957816,31,1
1,1,1,0.53080290008802,31,1
1,3,1,0.564375199959613,31,1
1,3,0,0.52873209991958,31,0
1,3,1,0.601977300015278,31,1
1,2,1,0.274281300022267,31,1
1,1,1,0.381227899924852,31,1
1,2,1,0.421779499971308,31,1
1,3,1,0.499386100098491,31,1
1,1,1,0.348469199961983,31,1
1,1,1,0.374635300016962,31,1
1,1,1,0.621957600000314,31,1
1,3,1,0.678722499986179,31,1
1,1,1,0.354154400061816,31,1
1,2,1,0.516553699970245,31,1
1,1,1,0.416267900029197,31,1
1,3,0,0.705333499936387,31,0
1,3,1,0.54364849999547,31,1
1,1,1,0.295648799976334,31,1
1,1,1,0.690727400011383,31,1
1,3,1,0.690515300026163,31,1
1,2,1,0.604751399951056,31,1
1,1,1,0.381779600051232,31,1
1,1,1,0.541172099998221,31,1
1,2,1,0.618271399987862,31,1
1,3,1,0.549366799998097,31,1
1,3,0,0.558350300067104,31,0
1,1,1,0.338685700087808,31,1
1,3,1,0.699245399911888,31,1
1,2,1,0.347811699961312,31,1
1,1,1,0.306630600010976,31,1
1,1,1,0.359700400033034,31,1
1,2,1,0.541973400046118,31,1
1,1,1,0.395446000038646,31,1
1,1,1,0.399617300019599,31,1
1,3,1,0.517349699977785,31,1
1,2,1,0.454286099993624,31,1
1,3,1,0.735408500069752,31,1
1,2,1,0.425517599913292,31,1
1,1,1,0.344907800084911,31,1
1,3,0,0.623569800052792,31,0
1,2,1,0.505148499971256,31,1
1,1,1,0.385727899963968,31,1
1,1,1,0.381623900029808,31,1
1,3,0,0.53269140003249,31,0
1,2,1,0.636128899990581,31,1
1,2,1,0.494312499999069,31,1
1,1,1,0.304416399914771,31,1
1,3,1,0.551067999913357,31,1
1,3,1,0.681766900001094,31,1
1,2,1,0.556118900072761,31,1
1,3,1,0.565750600071624,31,1
1,2,1,0.483001700020395,31,1
1,2,1,0.450922299991362,31,1
1,2,1,0.427919700043276,31,1
1,3,1,0.635003800038248,31,1
1,2,1,0.53158169996459,31,1
1,3,1,0.592685999930836,31,1
1,1,1,0.525945200002752,31,1
1,2,1,0.542501099989749,31,1
1,2,1,0.493359900079668,31,1
1,1,1,0.493125700042583,31,1
1,2,0,0.666487299953587,31,0
1,1,1,0.449041099986061,31,1
1,1,1,0.402144299936481,31,1
1,1,1,0.350447300006635,31,1
1,1,1,0.414345499943011,31,1
1,3,0,0.57721879996825,31,0
1,3,0,0.830292399972677,31,0
1,2,1,0.477781899971887,31,1
1,1,1,0.395674700033851,31,1
1,2,1,0.530146899982356,31,1
1,3,1,0.581223500077613,31,1
1,2,1,0.383968500071205,31,1
1,3,1,0.526495799887925,31,1
1,3,0,0.457483600010164,31,0
1,3,1,0.503830799949355,31,1
1,2,1,0.549811100005172,31,1
1,1,1,0.58398480003234,31,1
1,2,1,0.591731499996968,31,1
1,3,1,0.534346200060099,31,1
1,1,1,0.40934109990485,31,1
1,3,0,0.52158880000934,31,0
1,2,1,0.471125299925916,31,1
1,2,1,0.419289499986917,31,1
1,1,1,0.49751970008947,31,1
1,1,1,0.490256299963221,31,1
1,1,1,0.519361200043932,31,1
1,2,1,0.466475800029002,31,1
1,2,1,0.474885800038464,31,1
1,3,1,0.444669099990278,31,1
1,2,1,0.401169300079346,31,1
1,3,1,0.552278900053352,31,1
1,2,1,0.465280899894424,31,1
1,1,1,0.44723030005116,31,1
1,3,0,0.517247600015253,31,0
1,1,1,0.566828100010753,31,1
1,2,1,0.446669799974188,31,1
1,3,1,0.684739100048319,31,1
1,1,1,0.439799399930052,31,1
1,3,1,0.476873899926431,31,1
1,2,1,0.436523800017312,31,1
1,2,1,0.507797099999152,31,1
1,3,0,0.46584309998434,31,0
1,1,1,0.397491800016724,31,1
1,1,1,0.550390199990943,31,1
1,2,1,0.536057399935089,31,1
1,3,0,0.616156400064938,31,0
1,1,1,0.362963299965486,31,1
1,1,1,0.541699200053699,31,1
1,2,1,0.316322200000286,31,1
1,2,1,0.515751600032672,31,1
1,2,1,0.763325500069186,31,1
1,2,1,0.348322200006805,31,1
1,1,1,0.492571200011298,31,1
1,3,0,0.554915999993682,31,0
1,3,0,0.42112809990067,31,0
1,1,1,0.468918099999428,31,1
1,1,1,0.455467300023884,31,1
1,3,1,0.49454370001331,31,1
1,1,1,0.566638699965551,31,1
1,2,1,0.422217199928127,31,1
1,1,1,0.443948399974033,31,1
1,2,1,0.579745199996978,31,1
1,1,1,0.457085200003348,31,1
1,3,1,0.565049499971792,31,1
1,1,1,0.467080199974589,31,1
1,3,1,0.667123000021093,31,1
1,3,1,0.545195000013337,31,1
1,3,1,0.615698699955828,31,1
1,3,1,0.482493699993938,31,1
1,2,1,0.448266099905595,31,1
1,3,1,0.467566100065596,31,1
1,1,1,0.467078799963929,31,1
1,3,1,0.503102699993178,31,1
1,2,1,0.473546399967745,31,1
1,1,1,0.373791399993934,31,1
1,1,1,0.383421799982898,31,1
1,3,0,0.485816100030206,31,0
1,2,1,0.585947899962775,31,1
1,1,1,0.429337100009434,31,1
1,2,1,0.615072799962945,31,1
1,2,1,0.406854000058956,31,1
1,2,1,0.532953099929728,31,1
1,2,1,0.36470969999209,31,1
1,2,1,0.495131400064565,31,1
1,3,0,0.576970999944024,31,0
1,3,0,0.679317499976605,31,0
1,1,1,0.449271299992688,31,1
1,1,1,0.440949599957094,31,1
1,3,0,0.387502699973993,31,0
1,3,1,0.497043199953623,31,1
1,1,1,0.531541700009257,31,1
1,1,1,0.419210099964403,31,1
1,1,1,0.529006500029936,31,1
0,3,1,0.59013829997275,31,0
0,2,1,0.924719000002369,31,0
0,1,1,1.01659769995604,31,0
0,3,1,0.830041000037454,31,0
0,2,1,0.6750576000195,31,0
0,2,1,0.835984100005589,31,0
0,1,0,0.408024100004695,31,1
0,2,1,0.697464299970306,31,0
0,1,0,0.414472099975683,31,1
0,1,1,0.808400399982929,31,0
0,1,1,0.634407600038685,31,0
0,1,1,0.597531700041145,31,0
0,3,1,0.658752500079572,31,0
0,2,0,0.802032799925655,31,1
0,3,1,0.713877300033346,31,0
0,3,1,0.864214799948968,31,0
0,1,1,0.696700499975123,31,0
0,2,1,0.836474900017492,31,0
0,3,1,1.03348980005831,31,0
0,1,1,0.67255529994145,31,0
0,1,1,0.72403459995985,31,0
0,3,1,1.0129181999946,31,0
0,3,1,0.745956400060095,31,0
0,1,1,0.553502600057982,31,0
0,2,1,0.69265780004207,31,0
0,3,0,0.677713999990374,31,1
0,1,1,0.497783400001936,31,0
0,2,1,0.484664699994028,31,0
0,3,1,0.549611700000241,31,0
0,3,1,0.649005400016904,31,0
0,3,1,0.603750300011598,31,0
0,2,0,0.642628100002185,31,1
0,2,1,0.64527909993194,31,0
0,1,0,0.306382199982181,31,1
0,3,1,0.558635999914259,31,0
0,3,1,0.540139699936844,31,0
0,3,1,0.911684599937871,31,0
0,2,1,0.798484700033441,31,0
0,2,1,0.441683600074612,31,0
0,1,1,0.490872499998659,31,0
0,3,1,0.670622800011188,31,0
0,2,1,0.665914500015788,31,0
0,1,1,0.401357800001279,31,0
0,1,1,0.451880499953404,31,0
0,2,1,0.721767600043677,31,0
0,2,0,0.396143299993128,31,1
0,3,1,0.662909400067292,31,0
0,2,1,0.659139399998821,31,0
0,3,1,0.445203199982643,31,0
0,1,0,0.38407010002993,31,1
0,2,0,0.528871300048195,31,1
0,3,0,0.623765000025742,31,1
0,2,1,0.467629299964756,31,0
0,2,1,0.582801699987613,31,0
0,1,1,0.676038200035691,31,0
0,3,1,0.384419999900274,31,0
0,2,1,0.498962300014682,31,0
0,2,1,0.707828300073743,31,0
0,2,1,0.653427400044166,31,0
0,1,0,0.33104059996549,31,1
0,1,1,0.347448499989696,31,0
0,3,1,0.452386200078763,31,0
0,1,0,0.398271800018847,31,1
0,1,1,0.526577400043607,31,0
0,3,1,0.486147599993274,31,0
0,3,1,0.634253300027922,31,0
0,2,1,0.599883900023997,31,0
0,3,1,0.662557099945843,31,0
0,2,1,0.505464799934998,31,0
0,3,0,0.568620200036094,31,1
0,2,1,0.441123700002208,31,0
0,1,1,0.634618600015528,31,0
0,2,0,0.695669500040822,31,1
0,3,1,0.707899400033057,31,0
0,3,1,0.630044999998063,31,0
0,1,1,0.505561700090766,31,0
0,1,1,0.602197899948806,31,0
0,1,1,0.776227899943478,31,0
0,1,1,0.688385400106199,31,0
0,3,1,0.712618299992755,31,0
0,2,1,0.561835399945267,31,0
0,1,1,0.625748400110751,31,0
0,1,1,0.596113699954003,31,0
0,1,1,0.551428800099529,31,0
0,3,1,0.585205400013365,31,0
0,2,1,0.569004499935545,31,0
0,3,1,0.540714700007811,31,0
0,2,1,0.543986100004986,31,0
0,2,1,0.412524899933487,31,0
0,3,1,0.468672499991953,31,0
0,2,1,0.561457899981178,31,0
0,3,1,0.483977199997753,31,0
0,3,1,0.512611099984497,31,0
0,2,1,0.484899699920788,31,0
0,1,1,0.527473599999212,31,0
0,3,1,0.628518700017594,31,0
0,2,1,0.525795500027016,31,0
0,2,1,0.514549600076862,31,0
0,2,1,0.482225499930792,31,0
0,2,1,0.485525900032371,31,0
0,1,1,0.554751800023951,31,0
0,1,1,0.448407800053246,31,0
0,1,1,0.56304519996047,31,0
0,1,1,0.451970599940978,31,0
0,1,1,0.473951799911447,31,0
0,2,1,0.593830000027083,31,0
0,1,1,0.598658800008707,31,0
0,2,1,0.604088799911551,31,0
0,1,1,0.559363100095652,31,0
0,3,0,0.656013199943118,31,1
0,1,1,0.41805940004997,31,0
0,3,1,0.561598100000992,31,0
0,3,1,0.615951200015843,31,0
0,2,1,0.499312700005248,31,0
0,1,0,0.442879699985497,31,1
0,2,1,0.625220300047658,31,0
0,1,1,0.448442099965177,31,0
0,2,1,0.703576800064184,31,0
0,1,1,0.470114200026728,31,0
0,1,1,0.528401200077496,31,0
0,2,1,0.657869099988602,31,0
0,2,1,0.478122100001201,31,0
0,1,1,0.393747600028291,31,0
0,2,1,0.437967799953185,31,0
0,3,1,0.440450499998406,31,0
0,3,0,0.63562820001971,31,1
0,3,1,0.663582600071095,31,0
0,1,1,0.443325400003232,31,0
0,1,1,0.51362770004198,31,0
0,3,1,0.598982400028035,31,0
0,3,1,0.609585000085644,31,0
0,2,1,0.566638899967074,31,0
0,1,1,0.55960550007876,31,0
0,1,1,0.68982169998344,31,0
0,3,1,0.433331800042652,31,0
0,3,1,0.695560999913141,31,0
0,1,0,0.416598799987696,31,1
0,2,1,0.461337700020522,31,0
0,1,1,0.470626800088212,31,0
0,1,1,0.627404600032605,31,0
0,1,1,0.597414599964395,31,0
0,2,1,0.49533349997364,31,0
0,3,1,0.542247600038536,31,0
0,1,1,0.509339099982753,31,0
0,2,1,0.550339100067504,31,0
0,2,0,0.589254699996673,31,1
0,3,1,0.852374700014479,31,0
0,2,1,0.653631500084884,31,0
0,3,1,0.694217600044794,31,0
0,2,1,0.70640090003144,31,0
0,2,1,0.593087199958973,31,0
0,2,1,0.462633199989796,31,0
0,3,1,0.595704499981366,31,0
0,1,1,0.552612900035456,31,0
0,2,1,0.575064099975862,31,0
0,3,1,0.465933199971914,31,0
0,3,1,0.512242799974047,31,0
0,3,1,0.684506899910048,31,0
0,2,1,0.768733999924734,31,0
0,1,1,0.465816700016148,31,0
0,1,1,0.56231690000277,31,0
0,3,1,0.441168899997137,31,0
0,3,1,0.527097999933176,31,0
0,1,1,0.562862499966286,31,0
0,3,1,0.566114000044763,31,0
0,1,1,0.56714469997678,31,0
0,3,1,0.661737599992193,31,0
0,1,1,0.471002100035548,31,0
0,2,1,0.461774500086904,31,0
0,1,1,0.418087799916975,31,0
0,3,1,0.553585199988447,31,0
0,3,1,0.525542200077325,31,0
0,2,1,0.551130400039256,31,0
0,2,1,0.563500700052828,31,0
0,3,1,0.509654300054535,31,0
0,2,1,0.5041972999461,31,0
0,1,1,0.655324700055644,31,0
1,3,0,0.561596899991855,32,0
1,1,1,0.845474000088871,32,1
1,2,1,0.88448809995316,32,1
1,1,1,0.758331899996847,32,1
1,2,1,0.64242639997974,32,1
1,3,0,0.592682200018317,32,0
1,1,1,0.940616899984889,32,1
1,1,1,0.660674499929883,32,1
1,3,1,0.871522000059485,32,1
1,2,1,0.776479599997401,32,1
1,3,1,0.736621199990623,32,1
1,3,1,0.698236400028691,32,1
1,2,1,0.695941400015727,32,1
1,3,1,0.791302900062874,32,1
1,1,1,0.716357900062576,32,1
1,2,1,0.620913699967787,32,1
1,1,0,0.965373100014403,32,0
1,1,1,0.693310200003907,32,1
1,2,1,0.674989599967375,32,1
1,2,1,0.65632910002023,32,1
1,3,1,0.791290299966931,32,1
1,2,1,0.763880199985579,32,1
1,3,1,0.659656599978916,32,1
1,2,1,0.729550400050357,32,1
1,3,1,0.648272200021893,32,1
1,1,1,0.734886099933647,32,1
1,1,0,0.50227299996186,32,0
1,1,1,0.634236400015652,32,1
1,2,1,0.567654500016943,32,1
1,2,1,0.584367900039069,32,1
1,2,1,0.475525500020012,32,1
1,3,0,0.954784100060351,32,0
1,2,1,0.60011180001311,32,1
1,1,1,0.619039900018834,32,1
1,1,1,0.649955600034446,32,1
1,2,1,0.603832200053148,32,1
1,1,1,0.61461050005164,32,1
1,1,1,0.800219799974002,32,1
1,3,1,0.699191899970174,32,1
1,1,0,0.797260800027288,32,0
1,1,1,0.806898399954662,32,1
1,2,1,0.809056300087832,32,1
1,1,1,0.563582799979486,32,1
1,1,1,0.741278800065629,32,1
1,2,1,0.454185000038706,32,1
1,2,1,0.451331699965522,32,1
1,3,1,0.618835200089961,32,1
1,2,1,0.517790199955925,32,1
1,1,1,0.842383399954997,32,1
1,1,1,0.460288800066337,32,1
1,1,1,0.562352899927646,32,1
1,3,1,0.680128200096078,32,1
1,3,1,0.674566200003028,32,1
1,2,1,0.486561300000176,32,1
1,1,1,0.508790399995632,32,1
1,2,1,0.558557900018059,32,1
1,1,1,0.864269600016996,32,1
1,2,1,0.538128999993205,32,1
1,1,1,0.667450899956748,32,1
1,2,1,0.4939647000283,32,1
1,3,1,0.480206600041129,32,1
1,3,1,0.534943099948578,32,1
1,3,0,0.953063199995086,32,0
1,2,1,0.533592100022361,32,1
1,1,1,0.700584900099784,32,1
1,2,1,0.588908400037326,32,1
1,2,1,0.535720599931665,32,1
1,1,1,0.807318300008774,32,1
1,3,1,0.950793499941938,32,1
1,2,1,0.485708500025794,32,1
1,3,1,0.759297000011429,32,1
1,1,1,0.546370800002478,32,1
1,3,0,0.492249400005676,32,0
1,3,1,0.557982600061223,32,1
1,2,1,0.476365000009537,32,1
1,1,1,0.615937600028701,32,1
1,2,1,0.447960700024851,32,1
1,2,1,0.481374899973162,32,1
1,2,1,0.461979700019583,32,1
1,2,1,0.658380700042471,32,1
1,1,1,0.79961710004136,32,1
1,3,1,0.584732700022869,32,1
1,3,1,0.603085800074041,32,1
1,3,1,0.59950409992598,32,1
1,1,1,0.796455000061542,32,1
1,3,1,0.821200200007297,32,1
1,3,1,0.513600299949758,32,1
1,2,1,0.510745799983852,32,1
1,2,1,0.418572000111453,32,1
1,1,1,0.375502599985339,32,1
1,1,1,0.53600630001165,32,1
1,3,1,0.561115400050767,32,1
1,3,1,0.496536900056526,32,1
1,3,1,0.472172799985856,32,1
1,3,1,0.378776800003834,32,1
1,3,1,0.30769940011669,32,1
1,2,1,0.441110900021158,32,1
1,1,1,0.689437800087035,32,1
1,3,1,0.590193000040017,32,1
1,1,1,0.67727390001528,32,1
1,2,1,0.417206900077872,32,1
1,1,1,0.530835999990813,32,1
1,1,1,0.609909200109541,32,1
1,1,1,0.699442100012675,32,1
1,2,1,0.429313000058755,32,1
1,1,1,0.58022040000651,32,1
1,3,1,0.63195359997917,32,1
1,2,1,0.467554399976507,32,1
1,2,1,0.443044899962842,32,1
1,3,1,0.565656500053592,32,1
1,2,1,0.421415599994361,32,1
1,1,0,0.737560299923643,32,0
1,3,0,0.979525800095871,32,0
1,1,1,0.773853900027461,32,1
1,2,1,0.458388199913315,32,1
1,3,1,0.642634299932979,32,1
1,2,1,0.348888200009242,32,1
1,2,1,0.427998999948613,32,1
1,2,1,0.469035500078462,32,1
1,2,1,0.583339100005105,32,1
1,3,1,0.499043599935248,32,1
1,3,0,0.448868400068022,32,0
1,1,0,0.586523700039834,32,0
1,1,1,0.504712400026619,32,1
1,3,1,0.559850399964489,32,1
1,3,1,0.54567030002363,32,1
1,3,1,0.524754400015809,32,1
1,3,1,0.405568100046366,32,1
1,2,1,0.374248899985105,32,1
1,2,1,0.620959200081415,32,1
1,2,1,0.330672499956563,32,1
1,3,0,0.584823700017296,32,0
1,3,1,0.492662500008009,32,1
1,3,1,0.244094400084578,32,1
1,3,1,0.515638799988665,32,1
1,3,0,0.474210199899971,32,0
1,2,1,0.489369200076908,32,1
1,3,1,0.470152899972163,32,1
1,1,1,0.623977099894546,32,1
1,3,1,0.450383299961686,32,1
1,2,1,0.544251500046812,32,1
1,3,1,0.445774300023913,32,1
1,1,1,0.494330799905583,32,1
1,3,1,0.424675100017339,32,1
1,2,1,0.344939800095744,32,1
1,1,1,0.579351200023666,32,1
1,1,1,0.493978100013919,32,1
1,3,1,0.426529300049879,32,1
1,1,1,0.629080999991857,32,1
1,1,1,0.58527589996811,32,1
1,3,0,0.395276300027035,32,0
1,3,1,0.43637679994572,32,1
1,2,1,0.437421199982055,32,1
1,1,1,0.608644499909133,32,1
1,2,1,0.480892200022936,32,1
1,1,0,0.439659200026654,32,0
1,2,1,0.428190200007521,32,1
1,1,1,0.491223299992271,32,1
1,3,1,0.412752200034447,32,1
1,3,1,0.396310699987225,32,1
1,1,1,0.475416800007224,32,1
1,2,1,0.495247000013478,32,1
1,2,0,0.633079400053248,32,0
1,1,1,0.42704970005434,32,1
1,1,1,0.437394900014624,32,1
1,1,1,0.309479000046849,32,1
1,2,1,0.478748499997891,32,1
1,2,1,0.320260100066662,32,1
1,1,1,0.485981800011359,32,1
1,1,1,0.554456799989566,32,1
1,1,1,0.426046299980953,32,1
1,2,1,0.441050000023097,32,1
1,3,0,0.540561500005424,32,0
1,3,1,0.309838099987246,32,1
1,2,1,0.379566300078295,32,1
1,2,0,0.502410899964161,32,0
1,1,1,0.804100799956359,32,1
1,3,1,0.525600399938412,32,1
1,1,1,0.495293400017545,32,1
1,3,1,0.461241900105961,32,1
0,3,1,0.59421090001706,32,0
0,1,1,0.744028099928983,32,0
0,1,1,0.519906900008209,32,0
0,2,1,0.562046100036241,32,0
0,2,1,0.763646899955347,32,0
0,1,1,0.598346099955961,32,0
0,3,1,0.717237700009719,32,0
0,3,1,0.566376200062223,32,0
0,2,0,0.908542699995451,32,1
0,1,1,0.958825299981982,32,0
0,2,1,0.964753900072537,32,0
0,2,1,0.771532999933697,32,0
0,1,1,0.706212899996899,32,0
0,3,1,0.689552500029095,32,0
0,1,1,0.566243500099517,32,0
0,2,0,0.909209400066175,32,1
0,3,1,0.545814399956726,32,0
0,1,1,0.663000200060196,32,0
0,3,1,0.898603099980392,32,0
0,3,1,0.594287000014447,32,0
0,3,1,0.695973599911667,32,0
0,2,1,0.756147200008854,32,0
0,3,1,0.554720599902794,32,0
0,3,1,0.742755399900489,32,0
0,2,0,0.492306099971756,32,1
0,3,1,0.952708799974062,32,0
0,1,1,1.02862869994715,32,0
0,1,1,0.572087000007741,32,0
0,2,1,0.704355300054885,32,0
0,3,1,0.732184800086543,32,0
0,1,1,1.01373640005477,32,0
0,3,1,0.85846290003974,32,0
0,3,1,0.638198800035752,32,0
0,1,1,0.553397000068799,32,0
0,2,1,0.566500600078143,32,0
0,2,1,0.911743000033312,32,0
0,3,1,0.514012800063938,32,0
0,1,1,0.848835399956442,32,0
0,2,1,0.709357899962924,32,0
0,3,1,0.625032600015402,32,0
0,3,1,0.446851299959235,32,0
0,3,1,0.569249499938451,32,0
0,2,0,0.467892500106245,32,1
0,3,1,0.626477899961174,32,0
0,1,0,0.869664600002579,32,1
0,2,1,0.745225599966943,32,0
0,1,1,0.461283899960108,32,0
0,1,1,0.693902499973774,32,0
0,3,1,0.692404400091618,32,0
0,3,1,0.753411600016989,32,0
0,1,1,0.472566899959929,32,0
0,2,1,0.585544100031257,32,0
0,3,1,0.50307520001661,32,0
0,3,1,0.49445180001203,32,0
0,1,1,0.666920799994841,32,0
0,1,1,0.517432500026189,32,0
0,2,1,0.707507700077258,32,0
0,1,1,0.528430499951355,32,0
0,2,0,0.607378499931656,32,1
0,1,1,0.769902099971659,32,0
0,2,1,0.624335999949835,32,0
0,3,1,0.568336200085469,32,0
0,1,1,0.521145100006834,32,0
0,1,1,0.500295800040476,32,0
0,2,1,0.483242699992843,32,0
0,1,0,0.796381400083192,32,1
0,3,1,0.633391199982725,32,0
0,3,1,0.767637299955823,32,0
0,3,1,0.49011320003774,32,0
0,2,1,0.611736000049859,32,0
0,3,1,0.773642200045288,32,0
0,2,1,0.562548599904403,32,0
0,3,1,0.600733399973251,32,0
0,3,1,0.584315299987793,32,0
0,2,1,0.564165399991907,32,0
0,2,1,0.528128799982369,32,0
0,3,1,0.567384300054982,32,0
0,2,0,0.808542900020257,32,1
0,1,1,0.454629100044258,32,0
0,2,0,0.496668199892156,32,1
0,2,1,0.583623900078237,32,0
0,1,1,0.461169700021856,32,0
0,3,1,0.48732509999536,32,0
0,3,1,0.548077099956572,32,0
0,3,1,0.504363799933344,32,0
0,1,1,0.329877200070769,32,0
0,2,0,0.511026700027287,32,1
0,2,0,0.31902729999274,32,1
0,2,1,0.537338800029829,32,0
0,3,0,0.506241500028409,32,1
0,1,1,0.601423599990085,32,0
0,1,1,0.587106499937363,32,0
0,1,1,0.57067109993659,32,0
0,1,1,0.602764500072226,32,0
0,1,1,0.467876099981368,32,0
0,1,1,0.488020599936135,32,0
0,1,1,0.532012899988331,32,0
0,3,1,0.67339890007861,32,0
0,3,1,0.644540300010704,32,0
0,1,1,0.398701000027359,32,0
0,2,0,0.270268599968404,32,1
0,1,1,0.632847299915738,32,0
0,2,1,0.651758699910715,32,0
0,2,1,0.646401099977084,32,0
0,2,1,0.422475200030021,32,0
0,2,1,0.582490699947812,32,0
0,2,1,0.390643600025214,32,0
0,2,0,0.491614300059155,32,1
0,2,1,0.710928800050169,32,0
0,2,1,0.458185900002718,32,0
0,3,1,0.756007799995132,32,0
0,1,1,0.538695800001733,32,0
0,3,1,0.519705399987288,32,0
0,3,1,0.56309389998205,32,0
0,3,1,0.43316000001505,32,0
0,1,1,0.457166499923915,32,0
0,3,1,0.422110299929045,32,0
0,1,1,0.588414800004102,32,0
0,1,1,0.544476500013843,32,0
0,1,1,0.525481800083071,32,0
0,3,1,0.747588699916378,32,0
0,1,1,0.589915100019425,32,0
0,1,1,0.358859499916434,32,0
0,1,1,0.493025499978103,32,0
0,3,1,0.555837400024757,32,0
0,2,1,0.525943099986762,32,0
0,1,1,0.419542300049216,32,0
0,3,1,0.587621700018644,32,0
0,1,1,0.441262500011362,32,0
0,3,1,0.508970099966973,32,0
0,1,1,0.403191299992613,32,0
0,2,1,0.603434000047855,32,0
0,1,1,0.604319200036116,32,0
0,1,1,0.529013000079431,32,0
0,1,1,0.499383000074886,32,0
0,2,1,0.616868500015698,32,0
0,2,1,0.453923800028861,32,0
0,1,1,0.632860000012442,32,0
0,2,1,0.50987160007935,32,0
0,3,1,0.393956999992952,32,0
0,1,1,0.464074300020002,32,0
0,1,1,0.476734499912709,32,0
0,2,0,0.295379200018942,32,1
0,1,1,0.553683499922045,32,0
0,2,1,0.803999700001441,32,0
0,2,1,0.591639599995688,32,0
0,3,1,0.591159000061452,32,0
0,3,1,0.683609199943021,32,0
0,3,1,0.503595300018787,32,0
0,3,1,0.421930300071836,32,0
0,2,1,0.626605700002983,32,0
0,2,0,0.467075599939562,32,1
0,2,1,0.572825900046155,32,0
0,3,1,0.497651800047606,32,0
0,1,1,0.462417499977164,32,0
0,3,1,0.514002699987032,32,0
0,2,1,0.663329600007273,32,0
0,2,1,0.483207699959166,32,0
0,2,0,0.341064999927767,32,1
0,2,0,0.337421700009145,32,1
0,1,1,0.523733699927106,32,0
0,2,1,0.518463100073859,32,0
0,3,1,0.444814200047404,32,0
0,1,1,0.442891500075348,32,0
0,1,1,0.464359799982049,32,0
0,2,0,0.378653099993244,32,1
0,2,1,0.425260800053366,32,0
0,2,1,0.624063899973407,32,0
0,3,1,0.40328539989423,32,0
0,2,1,0.584659600048326,32,0
0,2,1,0.461861899937503,32,0
0,3,0,0.494527200004086,32,1
0,1,1,0.506273900042288,32,0
0,2,1,0.533223600010388,32,0
0,1,1,0.445103199919686,32,0
0,1,1,0.487347999936901,32,0
0,3,1,0.368507099919952,32,0
0,3,0,0.309626700007357,32,1
0,3,1,0.375696500064805,32,0
0,3,1,0.33792090008501,32,0
1,2,0,0.869915499933995,33,0
1,2,1,0.633600099943578,33,1
1,3,0,0.499277499970049,33,0
1,3,1,0.693917699973099,33,1
1,1,1,0.436053800047375,33,1
1,1,0,0.569497099961154,33,0
1,2,1,0.571013399981894,33,1
1,2,1,0.537132299970835,33,1
1,2,1,0.492114899912849,33,1
1,2,1,0.501239199889824,33,1
1,1,1,0.40084489993751,33,1
1,2,1,0.537539299926721,33,1
1,3,0,0.6916531000752,33,0
1,3,1,0.568286399939097,33,1
1,2,1,0.66004480002448,33,1
1,2,1,0.515340799931437,33,1
1,2,1,0.846818799967878,33,1
1,1,1,0.490417700028047,33,1
1,2,1,0.606227300013416,33,1
1,2,1,0.898570799967274,33,1
1,2,1,0.552655500010587,33,1
1,2,1,0.531429599970579,33,1
1,3,1,0.714120000018738,33,1
1,3,1,0.626140299951658,33,1
1,1,1,0.381363999913447,33,1
1,2,1,0.656851699925028,33,1
1,3,1,0.329897899995558,33,1
1,3,1,0.542050500051118,33,1
1,3,1,0.5626123000402,33,1
1,3,1,0.355999200022779,33,1
1,1,1,0.493337199906819,33,1
1,1,1,0.342159099993296,33,1
1,1,1,0.438609900069423,33,1
1,3,1,0.712587599991821,33,1
1,2,1,0.520578800002113,33,1
1,1,1,0.407521900022402,33,1
1,2,1,0.671273300074972,33,1
1,3,1,0.488590999972075,33,1
1,3,1,0.818519999971613,33,1
1,3,1,0.550453200004995,33,1
1,2,1,0.608273799996823,33,1
1,3,1,0.466071699978784,33,1
1,1,1,0.492011599941179,33,1
1,1,1,0.68917559995316,33,1
1,1,1,0.522927699959837,33,1
1,1,1,0.512518799980171,33,1
1,2,1,0.652959200087935,33,1
1,3,1,0.586812699912116,33,1
1,1,1,0.594846100080758,33,1
1,3,1,0.56812210008502,33,1
1,3,1,0.567128699971363,33,1
1,2,1,0.572553099947982,33,1
1,1,1,0.454024799983017,33,1
1,1,1,0.547607699991204,33,1
1,1,1,0.435068199993111,33,1
1,3,1,0.604878199985251,33,1
1,2,1,0.55638279998675,33,1
1,2,1,0.840773399919271,33,1
1,1,1,0.438113500014879,33,1
1,2,1,0.663318800041452,33,1
1,2,1,0.730059799971059,33,1
1,3,1,0.582456599920988,33,1
1,1,1,0.661433000001125,33,1
1,3,1,0.595118600060232,33,1
1,2,1,0.732557600014843,33,1
1,2,0,0.724334500031546,33,0
1,2,1,0.604918300057761,33,1
1,1,1,0.515673100017011,33,1
1,3,1,0.429382500005886,33,1
1,3,1,0.556140200002119,33,1
1,3,1,0.576550500001758,33,1
1,2,1,0.644626399967819,33,1
1,3,1,0.675339699955657,33,1
1,2,1,0.842723300098442,33,1
1,1,1,0.367559899925254,33,1
1,3,1,0.496888699941337,33,1
1,1,1,0.57740430010017,33,1
1,3,1,0.568232299992815,33,1
1,1,1,0.555235699983314,33,1
1,1,1,0.622885100077838,33,1
1,2,1,0.668140699970536,33,1
1,3,1,0.480227999971248,33,1
1,1,1,0.713718799990602,33,1
1,2,1,0.589337299927138,33,1
1,3,1,0.551361399935558,33,1
1,2,1,0.564179200096987,33,1
1,3,1,0.595084499916993,33,1
1,1,1,0.678842399967834,33,1
1,3,1,0.527084299945273,33,1
1,3,1,0.548414000077173,33,1
1,3,1,0.592753999982961,33,1
1,1,1,0.479233099962585,33,1
1,1,1,0.498465499957092,33,1
1,2,1,0.492691399995238,33,1
1,1,1,0.58066089998465,33,1
1,3,1,0.544215400004759,33,1
1,3,1,0.692266299971379,33,1
1,3,1,0.752715599955991,33,1
1,3,1,0.358814999926835,33,1
1,3,1,0.489513600012287,33,1
1,3,1,0.484655499923974,33,1
1,1,1,0.550160199985839,33,1
1,2,1,0.636997299967334,33,1
1,2,1,0.625776200089604,33,1
1,1,1,0.51595080003608,33,1
1,3,1,0.520524099934846,33,1
1,1,1,0.506619599997066,33,1
1,3,1,0.38039269996807,33,1
1,3,1,0.511250899988227,33,1
1,3,1,0.640361099969596,33,1
1,1,1,0.483207599958405,33,1
1,2,1,0.675952800083905,33,1
1,3,1,0.52583759999834,33,1
1,3,1,0.494898700038902,33,1
1,3,1,0.566976000089198,33,1
1,1,1,0.52933980000671,33,1
1,1,1,0.665182000026107,33,1
1,2,1,0.61652729997877,33,1
1,3,1,0.479207500000484,33,1
1,2,0,0.574551399913616,33,0
1,1,1,0.515752200037241,33,1
1,2,1,0.518167600035667,33,1
1,1,1,0.549236500053667,33,1
1,1,1,0.560391900013201,33,1
1,3,1,0.53608890005853,33,1
1,2,1,0.433267300017178,33,1
1,2,1,0.559710000059567,33,1
1,1,1,0.581327000050806,33,1
1,3,1,0.538943699910305,33,1
1,3,1,0.61996420007199,33,1
1,2,1,0.584505099919625,33,1
1,1,1,0.55575780000072,33,1
1,2,1,0.670241700019687,33,1
1,1,1,0.546261799987406,33,1
1,2,1,0.537550600012764,33,1
1,1,1,0.565953399986029,33,1
1,1,1,0.666599699994549,33,1
1,1,1,0.546222600038163,33,1
1,3,1,0.530417199945077,33,1
1,1,1,0.544134699972346,33,1
1,2,1,0.550012099905871,33,1
1,1,1,0.511060999939218,33,1
1,1,1,0.540639800019562,33,1
1,1,1,0.598866099957377,33,1
1,2,0,0.798736199969426,33,0
1,1,1,0.502502899966203,33,1
1,1,1,0.449292700039223,33,1
1,1,1,0.920348400017247,33,1
1,3,1,0.467984699993394,33,1
1,3,1,0.553996599977836,33,1
1,1,1,0.6203172999667,33,1
1,3,1,0.46746269997675,33,1
1,2,1,0.849218999966979,33,1
1,3,1,0.521223100018688,33,1
1,2,1,0.659941099933349,33,1
1,1,1,0.52292929997202,33,1
1,3,1,0.608540899935178,33,1
1,3,1,0.474562900024466,33,1
1,2,1,0.560091100051068,33,1
1,1,1,0.34958599996753,33,1
1,1,1,0.474009099998511,33,1
1,2,1,0.616336800041609,33,1
1,3,1,0.490137999993749,33,1
1,2,1,0.764568599988706,33,1
1,1,1,0.506342599983327,33,1
1,2,1,0.607641399954446,33,1
1,2,1,0.517942599952221,33,1
1,2,1,0.439058599993587,33,1
1,2,1,0.582419399986975,33,1
1,2,1,0.414701999980025,33,1
1,2,1,0.383331899996847,33,1
1,3,1,0.58877599996049,33,1
1,1,1,0.507528100046329,33,1
1,2,1,0.626419799984433,33,1
1,1,1,0.57735869998578,33,1
1,1,1,0.467351699946448,33,1
1,2,1,0.623802899965085,33,1
1,1,1,0.722301800036803,33,1
1,3,1,0.45864209998399,33,1
1,2,1,0.518129599979147,33,1
0,2,1,0.639970000018366,33,0
0,2,1,0.64469449990429,33,0
0,3,1,0.828634999925271,33,0
0,1,1,0.469117800006643,33,0
0,2,1,0.571665000054054,33,0
0,1,1,0.822576700011268,33,0
0,1,1,0.529900699970312,33,0
0,2,1,0.859789700014517,33,0
0,3,1,0.486649699974805,33,0
0,2,1,0.595714399940334,33,0
0,3,1,0.52263630006928,33,0
0,3,1,0.781281400006264,33,0
0,3,1,0.595467400038615,33,0
0,1,1,0.736301299999468,33,0
0,2,1,0.546358300023712,33,0
0,2,0,0.958359099924564,33,1
0,3,1,0.740218900027685,33,0
0,1,1,0.516173699987121,33,0
0,2,0,0.680146200000308,33,1
0,3,1,0.634497200022452,33,0
0,1,1,0.51962849998381,33,0
0,2,1,0.500778299989179,33,0
0,2,1,0.682805799995549,33,0
0,1,1,0.617505799978971,33,0
0,3,1,0.788268900010735,33,0
0,2,1,0.56771580001805,33,0
0,3,1,0.675780699937604,33,0
0,1,1,0.658377800020389,33,0
0,1,1,0.588099500047974,33,0
0,3,1,0.475686199963093,33,0
0,2,1,0.568741200026125,33,0
0,1,1,0.525529299979098,33,0
0,1,1,0.734348000027239,33,0
0,1,1,0.448627299978398,33,0
0,2,1,0.453420300036669,33,0
0,2,1,0.499385399976745,33,0
0,1,1,0.597434800001793,33,0
0,1,1,0.607364800060168,33,0
0,1,0,0.61714019998908,33,1
0,3,0,0.580628299969248,33,1
0,3,1,0.555409299908206,33,0
0,2,1,0.565258899936453,33,0
0,3,1,0.537795000011101,33,0
0,1,1,0.815504300058819,33,0
0,1,1,0.566553300013766,33,0
0,2,1,0.635269000078551,33,0
0,1,1,0.567343999980949,33,0
0,3,1,0.505646899924614,33,0
0,2,1,0.614936099969782,33,0
0,1,1,0.608487299992703,33,0
0,2,1,0.498799499939196,33,0
0,1,1,0.462340499972925,33,0
0,1,1,0.59991039999295,33,0
0,1,1,0.527988799964078,33,0
0,3,1,0.731055599986576,33,0
0,1,1,0.604536000057124,33,0
0,2,1,0.744764899951406,33,0
0,1,1,0.48723150009755,33,0
0,1,1,0.520662300055847,33,0
0,3,1,0.602867399924435,33,0
0,3,1,0.754346400033683,33,0
0,2,1,0.662578099989332,33,0
0,1,1,0.83581140008755,33,0
0,2,1,0.586204799939878,33,0
0,3,1,0.644836299936287,33,0
0,1,1,0.50732049997896,33,0
0,3,1,0.731327299959958,33,0
0,3,1,0.572440299903974,33,0
0,1,1,0.551586900022812,33,0
0,1,1,0.515160499955527,33,0
0,2,1,0.615150400088169,33,0
0,1,1,0.782118099974468,33,0
0,3,1,0.593984799925238,33,0
0,3,1,0.512108399998397,33,0
0,2,1,0.591007999959402,33,0
0,3,1,0.547028600005433,33,0
0,2,1,0.991403399966657,33,0
0,2,1,0.518392400001176,33,0
0,1,1,0.644486300065182,33,0
0,1,1,0.48678649996873,33,0
0,3,1,0.635762399993837,33,0
0,3,1,0.580933600082062,33,0
0,1,1,0.564179899985902,33,0
0,3,1,0.699073399999179,33,0
0,2,1,0.585880999919027,33,0
0,2,0,0.502205200027674,33,1
0,3,1,0.586161500075832,33,0
0,2,1,0.4902886999771,33,0
0,3,1,0.544637099956162,33,0
0,2,1,0.573887799982913,33,0
0,2,1,0.514720999985002,33,0
0,2,1,0.803992100059986,33,0
0,3,1,0.431022300035693,33,0
0,2,1,0.823253800044768,33,0
0,1,1,0.659201700007543,33,0
0,1,1,1.02603359997738,33,0
0,1,1,0.559195399982855,33,0
0,1,1,0.600670399959199,33,0
0,2,1,0.912631399929523,33,0
0,1,1,0.858430399908684,33,0
0,1,1,0.617603200022131,33,0
0,1,1,0.459037100081332,33,0
0,3,1,0.480798700009473,33,0
0,3,1,0.634021400008351,33,0
0,3,1,0.682054799981415,33,0
0,2,1,0.753887300030328,33,0
0,1,1,0.567222099984065,33,0
0,2,1,0.612594299949706,33,0
0,3,1,0.499692699988373,33,0
0,2,1,0.615449599921703,33,0
0,3,1,0.652839899994433,33,0
0,1,1,0.632448700023815,33,0
0,3,1,0.561998400022276,33,0
0,2,1,0.613679000060074,33,0
0,1,1,0.53794139996171,33,0
0,3,1,0.505964100011624,33,0
0,3,1,0.555731100030243,33,0
0,2,1,0.865769600030035,33,0
0,3,1,0.755017400020733,33,0
0,2,1,0.655797899933532,33,0
0,2,1,0.502407800056972,33,0
0,2,1,0.529294600011781,33,0
0,1,1,0.456177600077353,33,0
0,3,1,0.552163099986501,33,0
0,3,1,0.58995099994354,33,0
0,3,1,0.548772600013763,33,0
0,2,1,0.496299299993552,33,0
0,2,1,0.496646299958229,33,0
0,1,1,0.491439300007187,33,0
0,2,1,0.57515830011107,33,0
0,1,1,0.475575999938883,33,0
0,1,1,0.545894599985331,33,0
0,3,1,0.493447599932551,33,0
0,1,1,0.502013400080614,33,0
0,2,1,0.433153299964033,33,0
0,3,1,0.625593299977481,33,0
0,1,1,0.765887700021267,33,0
0,2,1,0.596515199984424,33,0
0,3,1,0.548468900029548,33,0
0,2,1,0.671769500011578,33,0
0,1,1,0.624084400013089,33,0
0,3,1,0.570871199946851,33,0
0,2,1,0.971818599966355,33,0
0,3,1,0.552071199985221,33,0
0,2,1,0.555784000083804,33,0
0,3,1,0.658840799937025,33,0
0,2,1,0.601273700012825,33,0
0,2,1,0.674161700066179,33,0
0,1,1,0.732538499985822,33,0
0,2,1,0.492136800079606,33,0
0,3,1,0.517354200012051,33,0
0,1,1,0.549832500051707,33,0
0,3,1,0.587735200067982,33,0
0,2,1,0.64054309995845,33,0
0,3,1,0.571051299921237,33,0
0,3,1,0.494659399962984,33,0
0,2,1,0.507651099935174,33,0
0,1,1,0.678647099994123,33,0
0,3,1,0.559386100037955,33,0
0,1,1,0.484036899986677,33,0
0,1,1,0.553080299985595,33,0
0,2,1,0.654479500022717,33,0
0,2,1,0.680321399937384,33,0
0,2,1,0.578964999993332,33,0
0,2,1,0.632761099957861,33,0
0,2,1,0.604526699986309,33,0
0,3,1,0.815330700017512,33,0
0,3,1,0.566071799956262,33,0
0,3,1,0.592833999893628,33,0
0,2,1,0.879331400035881,33,0
0,3,1,0.589887600042857,33,0
0,1,1,0.616402300074697,33,0
0,3,1,0.832516299909912,33,0
0,1,1,0.613130099955015,33,0
0,1,1,0.625244399998337,33,0
0,3,1,0.559045900008641,33,0
0,1,1,0.692142499960028,33,0
0,3,1,0.870948900002986,33,0
1,3,1,0.994660399970599,34,1
1,3,1,0.680029300041497,34,1
1,2,1,0.652203400037251,34,1
1,3,1,0.860225299955346,34,1
1,2,1,0.492323599988595,34,1
1,2,1,0.401333099929616,34,1
1,3,1,0.494242299930193,34,1
1,1,1,0.418093599961139,34,1
1,3,1,0.442057200009003,34,1
1,2,1,0.352200199966319,34,1
1,3,1,0.655927800107747,34,1
1,2,1,0.579886700026691,34,1
1,3,1,0.445569399977103,34,1
1,2,1,0.757222700049169,34,1
1,1,1,0.524266900029033,34,1
1,3,0,0.401445799972862,34,0
1,3,1,0.528643499943428,34,1
1,3,1,0.492078499984927,34,1
1,2,1,0.716988699976355,34,1
1,3,1,0.36072240001522,34,1
1,1,1,0.402014199993573,34,1
1,1,1,0.476041700108908,34,1
1,1,0,0.491653199889697,34,0
1,2,0,0.919397499994375,34,0
1,1,1,0.658066099975258,34,1
1,3,1,0.777554400032386,34,1
1,2,1,0.766651100013405,34,1
1,2,1,0.569800599943846,34,1
1,3,0,0.998960900004022,34,0
1,2,1,0.812088100006804,34,1
1,1,1,0.846111799939536,34,1
1,2,1,0.498725099954754,34,1
1,3,1,0.842206800007261,34,1
1,1,1,0.548996599973179,34,1
1,3,1,0.603352800011635,34,1
1,1,1,0.536762700066902,34,1
1,1,1,0.551575600053184,34,1
1,1,1,0.439856100012548,34,1
1,2,1,0.604997700080276,34,1
1,1,1,0.431458899984136,34,1
1,1,1,0.594293300062418,34,1
1,1,1,0.397632600041106,34,1
1,2,1,0.814547999994829,34,1
1,3,1,0.632047399994917,34,1
1,3,1,0.537304900004528,34,1
1,1,1,0.441680199932307,34,1
1,3,1,0.628860300057568,34,1
1,3,1,0.669701600098051,34,1
1,1,1,0.568470199941657,34,1
1,1,1,0.489512500003912,34,1
1,1,1,0.500128900050186,34,1
1,2,1,0.693242000066675,34,1
1,2,1,0.794363200082444,34,1
1,2,1,0.504679100005887,34,1
1,2,1,0.830785800004378,34,1
1,1,1,0.436845599906519,34,1
1,1,1,0.536016999976709,34,1
1,1,1,0.37629729998298,34,1
1,1,1,0.385681799962185,34,1
1,3,0,0.855091799981892,34,0
1,2,1,0.338652299949899,34,1
1,1,1,0.65303279994987,34,1
1,2,1,0.439806500100531,34,1
1,3,1,0.492324299993925,34,1
1,2,1,0.52388700004667,34,1
1,1,1,0.308257399941795,34,1
1,3,1,0.504269799916074,34,1
1,3,1,0.342215999960899,34,1
1,3,1,0.616062599932775,34,1
1,2,1,0.834662599954754,34,1
1,2,1,0.745827800012194,34,1
1,3,1,0.548940700013191,34,1
1,1,1,0.504596400074661,34,1
1,3,1,0.731445500045083,34,1
1,2,1,0.46203199995216,34,1
1,2,0,0.542139200028032,34,0
1,1,1,0.460123400087468,34,1
1,1,1,0.486863299971446,34,1
1,1,1,0.530548199894838,34,1
1,3,1,0.63543269992806,34,1
1,3,1,0.369584799977019,34,1
1,1,1,0.433834800031036,34,1
1,3,1,0.577817999990657,34,1
1,2,1,0.667822699993849,34,1
1,1,1,0.319671199889854,34,1
1,1,1,0.528400900075212,34,1
1,1,1,0.350159999914467,34,1
1,2,0,0.473040499957278,34,0
1,3,0,0.62379250000231,34,0
1,3,1,0.662428100011311,34,1
1,1,1,0.454422100097872,34,1
1,3,1,0.638668100000359,34,1
1,2,1,0.955881599918939,34,1
1,2,1,0.614232099964283,34,1
1,1,1,0.716951099922881,34,1
1,1,1,0.420320599921979,34,1
1,3,1,0.555082599981688,34,1
1,2,1,0.533055300009437,34,1
1,2,1,0.62947990000248,34,1
1,2,0,0.78775930008851,34,0
1,1,1,0.671810299973004,34,1
1,1,1,0.529085999936797,34,1
1,2,1,0.578213699976914,34,1
1,3,1,0.527111899922602,34,1
1,2,1,0.684897199971601,34,1
1,3,0,0.409145700046793,34,0
1,2,1,0.61517950007692,34,1
1,3,1,0.650607999996282,34,1
1,2,1,0.611078100046143,34,1
1,2,1,0.502556800027378,34,1
1,2,1,0.481205899966881,34,1
1,2,1,0.758322600042447,34,1
1,3,1,0.720359599916264,34,1
1,1,1,0.542286699987017,34,1
1,3,1,0.627537599997595,34,1
1,2,1,0.521524699986912,34,1
1,3,0,0.408320499933325,34,0
1,2,1,0.496027000015602,34,1
1,2,1,0.444953600061126,34,1
1,3,1,0.569937300053425,34,1
1,3,1,0.375315700075589,34,1
1,3,1,0.528637300012633,34,1
1,3,1,0.623934499919415,34,1
1,1,1,0.755879300064407,34,1
1,3,1,0.482805400039069,34,1
1,3,1,0.645097600063309,34,1
1,3,1,0.599299099994823,34,1
1,1,1,0.609790700022131,34,1
1,2,1,0.605793600087054,34,1
1,2,1,0.424064800026827,34,1
1,2,1,0.551965199992992,34,1
1,1,1,0.464483299991116,34,1
1,2,1,0.719369000056759,34,1
1,2,1,0.549939600052312,34,1
1,3,1,0.500915499986149,34,1
1,3,1,0.411862900014967,34,1
1,1,1,0.521974300034344,34,1
1,2,1,0.841850800090469,34,1
1,2,1,0.521159800002351,34,1
1,1,0,0.908606400014833,34,0
1,3,1,0.801951800007373,34,1
1,3,1,0.530225099995732,34,1
1,3,1,0.291679500020109,34,1
1,1,1,0.667824300006032,34,1
1,2,1,0.777639999985695,34,1
1,3,1,0.475116500048898,34,1
1,3,1,0.56838189996779,34,1
1,2,1,0.503129599965177,34,1
1,1,1,0.547380400006659,34,1
1,1,1,0.43360010010656,34,1
1,3,1,0.446586400037631,34,1
1,2,1,0.541620700038038,34,1
1,2,1,0.471291800029576,34,1
1,2,1,0.470026000053622,34,1
1,3,1,0.611531700007617,34,1
1,3,1,0.393848399980925,34,1
1,2,1,0.599680999992415,34,1
1,1,1,0.45902589999605,34,1
1,3,1,0.508356399950571,34,1
1,3,1,0.278436099993996,34,1
1,1,1,0.423787400010042,34,1
1,2,1,0.577441700035706,34,1
1,1,1,0.402937400038354,34,1
1,1,1,0.552356700063683,34,1
1,1,1,0.523944100015797,34,1
1,1,1,0.373222699970938,34,1
1,1,1,0.624113300000317,34,1
1,1,1,0.994894299888983,34,1
1,1,1,0.452804400003515,34,1
1,1,1,0.533079299959354,34,1
1,2,1,0.751811599940993,34,1
1,2,1,0.436258900095709,34,1
1,1,1,0.688277899986133,34,1
1,1,1,0.816172400023788,34,1
1,3,1,0.767796500003897,34,1
1,2,1,0.567220699973404,34,1
1,2,1,0.545017800061032,34,1
1,1,0,0.945608700043522,34,0
1,1,1,0.402307000011206,34,1
0,2,1,0.556026200065389,34,0
0,2,0,0.523960600025021,34,1
0,1,1,0.85465530003421,34,0
0,1,1,0.604147200006992,34,0
0,3,1,0.800408100010827,34,0
0,2,1,0.650459200027399,34,0
0,1,1,0.59727779997047,34,0
0,1,1,0.6002188998973,34,0
0,2,1,0.501052300096489,34,0
0,3,1,0.655988999991678,34,0
0,3,1,0.543326899991371,34,0
0,1,0,0.350173500017263,34,1
0,3,1,0.659068000037223,34,0
0,3,1,0.519061599974521,34,0
0,2,1,0.860099899931811,34,0
0,3,1,0.474709599977359,34,0
0,2,1,0.75988269993104,34,0
0,3,1,0.743303399998695,34,0
0,1,1,0.65582749992609,34,0
0,1,1,0.585590700036846,34,0
0,2,0,1.03750150010455,34,1
0,1,1,0.480692500015721,34,0
0,1,1,0.431973299942911,34,0
0,3,1,1.01073199999519,34,0
0,2,1,0.615547799970955,34,0
0,1,1,0.787497000070289,34,0
0,1,1,0.697178900009021,34,0
0,1,1,0.548004499985836,34,0
0,2,1,0.725059699965641,34,0
0,1,1,0.469311299966648,34,0
0,2,1,0.786463500000536,34,0
0,3,1,0.777462399913929,34,0
0,1,1,0.715967500000261,34,0
0,2,1,0.513729800004512,34,0
0,3,1,0.62546090001706,34,0
0,3,1,0.586299499962479,34,0
0,2,1,0.656045599956997,34,0
0,1,1,0.661135699949227,34,0
0,2,1,1.0076556999702,34,0
0,3,1,1.00184849998914,34,0
0,3,1,0.415594500023872,34,0
0,3,1,0.950631099985912,34,0
0,1,1,0.450344700017013,34,0
0,1,1,0.421360700041987,34,0
0,3,1,0.768037699977867,34,0
0,2,0,0.614556499989703,34,1
0,1,0,0.431606800062582,34,1
0,2,1,0.609614999964833,34,0
0,1,1,0.483620499959216,34,0
0,3,1,0.699221499962732,34,0
0,2,1,0.544147299951874,34,0
0,3,1,0.616211000015028,34,0
0,3,1,0.619619999895804,34,0
0,2,1,0.422585500054993,34,0
0,2,1,0.583717899979092,34,0
0,3,1,0.539170300005935,34,0
0,1,1,0.51313300000038,34,0
0,2,1,0.903028999920934,34,0
0,3,0,0.541499199927785,34,1
0,1,1,0.769856299972162,34,0
0,1,1,0.496639300021343,34,0
0,3,1,0.746624300023541,34,0
0,2,1,0.474115299992263,34,0
0,2,0,0.564373999950476,34,1
0,2,1,0.559423699975014,34,0
0,3,1,0.817559399991296,34,0
0,1,1,0.571648399927653,34,0
0,1,1,0.492795800091699,34,0
0,3,1,0.444429000024684,34,0
0,2,1,0.716058499994688,34,0
0,2,1,0.683980099973269,34,0
0,3,1,0.917844400042668,34,0
0,2,1,0.397437099949457,34,0
0,3,1,0.660513299982995,34,0
0,1,0,0.441558499936946,34,1
0,2,1,0.417328300070949,34,0
0,2,1,0.72174329997506,34,0
0,1,1,0.515996900037862,34,0
0,3,1,0.932380100013688,34,0
0,2,1,0.567522200057283,34,0
0,3,1,0.45834360003937,34,0
0,2,1,0.596390499966219,34,0
0,3,1,0.768854199908674,34,0
0,1,1,0.818244599970058,34,0
0,2,1,0.854151400038972,34,0
0,2,1,0.498588799964637,34,0
0,1,1,0.621263099950738,34,0
0,1,1,0.616093999939039,34,0
0,1,1,0.781462699989788,34,0
0,2,1,0.789625200093724,34,0
0,3,1,0.704801599960774,34,0
0,2,1,0.5713703999063,34,0
0,2,1,0.513415699941106,34,0
0,1,1,0.650478200055659,34,0
0,2,1,1.0331651000306,34,0
0,3,1,0.721476000035182,34,0
0,1,0,0.645302099990658,34,1
0,1,1,0.664851599955,34,0
0,1,1,0.536995499976911,34,0
0,3,1,0.53880099998787,34,0
0,1,1,0.418971900013275,34,0
0,1,1,0.613006999948993,34,0
0,3,1,0.682115599978715,34,0
0,2,1,0.4808196000522,34,0
0,3,1,0.740580499987118,34,0
0,2,1,0.618602399947122,34,0
0,1,1,0.645776299992576,34,0
0,2,1,0.423858999973163,34,0
0,2,1,0.486459600040689,34,0
0,1,1,0.609659099951386,34,0
0,3,1,0.513752000057139,34,0
0,2,0,0.444562699995004,34,1
0,2,1,0.512718899990432,34,0
0,3,1,0.69707140000537,34,0
0,1,1,0.518478200072423,34,0
0,1,1,0.526330500026233,34,0
0,3,1,0.535029100021347,34,0
0,1,1,0.435558800003491,34,0
0,1,1,0.607337999972515,34,0
0,3,1,0.605012499960139,34,0
0,3,1,0.435241799918003,34,0
0,3,1,0.48592310003005,34,0
0,1,1,0.466269499971531,34,0
0,3,1,0.531573199899867,34,0
0,3,1,0.66397130000405,34,0
0,1,1,0.710848100017756,34,0
0,1,1,0.548766399966553,34,0
0,1,1,0.47365900001023,34,0
0,3,1,0.645816300064325,34,0
0,2,0,0.444364899885841,34,1
0,1,1,0.568076099967584,34,0
0,3,1,0.452366800047457,34,0
0,2,1,0.504060200066306,34,0
0,2,1,0.610871699987911,34,0
0,3,1,0.562338500050828,34,0
0,3,1,0.574503100011498,34,0
0,3,0,0.487158300005831,34,1
0,1,1,0.545238099992275,34,0
0,3,1,0.623700900003314,34,0
0,1,1,0.642897000070661,34,0
0,3,1,0.740123299998231,34,0
0,3,1,0.429919900023378,34,0
0,2,1,0.577741899993271,34,0
0,3,1,0.730314299929887,34,0
0,3,0,0.340282900026068,34,1
0,1,1,0.722919899970293,34,0
0,1,0,0.578402300016023,34,1
0,1,1,0.584013500018045,34,0
0,1,1,0.694888700032607,34,0
0,2,1,0.685911900014617,34,0
0,1,1,0.60283840005286,34,0
0,1,1,0.50488659995608,34,0
0,2,1,0.388522000052035,34,0
0,2,1,0.574189899954945,34,0
0,3,1,0.740790399955586,34,0
0,2,1,0.398107800050639,34,0
0,3,1,0.668757500010543,34,0
0,2,1,0.513368900050409,34,0
0,3,1,0.513474200037308,34,0
0,3,1,0.562242100015283,34,0
0,3,1,0.78062949993182,34,0
0,2,1,0.602786400006153,34,0
0,3,1,0.513693599961698,34,0
0,2,1,0.606183400028385,34,0
0,2,1,0.526694100000896,34,0
0,2,1,0.440044300048612,34,0
0,1,1,0.78795380005613,34,0
0,1,1,0.55686130002141,34,0
0,2,1,0.544647900038399,34,0
0,2,1,0.585969600011595,34,0
0,3,1,0.656669299933128,34,0
0,1,0,0.364455000031739,34,1
0,2,1,0.53079190000426,34,0
0,2,1,0.506724299979396,34,0
0,1,1,0.924906199914403,34,0
0,2,1,0.478521600016393,34,0
1,3,1,0.546655099955387,35,1
1,1,1,0.831737200031057,35,1
1,1,1,0.559718700009398,35,1
1,2,1,0.476248400053009,35,1
1,1,0,0.684319599997252,35,0
1,1,0,0.68646490003448,35,0
1,2,1,0.821673900005408,35,1
1,1,1,0.728822399978526,35,1
1,2,0,0.641383399954066,35,0
1,3,0,0.587346000014804,35,0
1,2,1,0.682874199934304,35,1
1,1,1,0.467832800000906,35,1
1,1,1,0.771202999982052,35,1
1,1,1,0.475988400052302,35,1
1,3,1,0.516766999964602,35,1
1,2,1,0.865798800019547,35,1
1,1,1,0.643522499944083,35,1
1,2,0,0.699599100043997,35,0
1,2,0,0.649353099986911,35,0
1,3,0,0.515896099968813,35,0
1,1,1,0.327713700011373,35,1
1,2,1,0.960441800067201,35,1
1,3,1,0.602496600011364,35,1
1,1,1,0.651537399971858,35,1
1,1,1,0.42126350000035,35,1
1,3,1,0.857075600069948,35,1
1,1,1,0.339931400027126,35,1
1,2,1,0.609230299945921,35,1
1,2,1,0.472279099980369,35,1
1,1,1,0.676574399927631,35,1
1,3,0,0.27329139993526,35,0
1,3,0,0.452491700067185,35,0
1,2,1,0.701116799958982,35,1
1,3,1,0.55828710005153,35,1
1,1,1,0.566408300073817,35,1
1,3,1,0.558651400031522,35,1
1,1,1,0.596399000030942,35,1
1,3,1,0.605836700065993,35,1
1,3,1,0.617528600036167,35,1
1,3,0,0.912174499942921,35,0
1,3,1,0.539311000029556,35,1
1,1,1,0.515265399939381,35,1
1,2,1,0.481666299980134,35,1
1,2,1,0.557952899951488,35,1
1,1,1,0.454639700008556,35,1
1,3,1,0.404876000015065,35,1
1,3,1,0.65206929994747,35,1
1,2,1,0.588598900008947,35,1
1,2,1,0.499565099948086,35,1
1,3,1,0.53312149993144,35,1
1,2,1,0.526473200065084,35,1
1,1,0,0.614380799932405,35,0
1,3,1,0.418679900001734,35,1
1,1,1,0.4379687999608,35,1
1,2,1,0.57792289997451,35,1
1,2,1,0.383188600069843,35,1
1,2,1,0.206699700094759,35,1
1,3,1,0.451344099943526,35,1
1,1,1,0.43399639998097,35,1
1,1,1,0.329137200023979,35,1
1,2,1,0.804858000017703,35,1
1,3,1,0.391767399967648,35,1
1,2,1,0.406276999972761,35,1
1,3,0,0.46620410005562,35,0
1,3,1,0.422142900060862,35,1
1,1,1,0.464707000064664,35,1
1,1,0,0.409344900050201,35,0
1,1,1,0.472646699985489,35,1
1,3,1,0.474213599925861,35,1
1,2,1,0.414102599956095,35,1
1,2,1,0.469656700035557,35,1
1,3,1,0.485780399991199,35,1
1,3,1,0.471621499978937,35,1
1,1,1,0.394436899921857,35,1
1,2,1,0.391516299918294,35,1
1,1,1,0.416699900059029,35,1
1,1,1,0.262742500053719,35,1
1,3,1,0.404660999891348,35,1
1,2,1,0.298300000024028,35,1
1,1,1,0.432942799990997,35,1
1,3,1,0.4800138999708,35,1
1,3,1,0.419858400011435,35,1
1,3,1,0.514097200008109,35,1
1,1,1,0.445044699939899,35,1
1,3,1,0.457402899977751,35,1
1,1,1,0.457942300010473,35,1
1,2,1,0.785907799960114,35,1
1,2,0,0.394300899934024,35,0
1,1,1,0.367700599948876,35,1
1,2,0,0.407148499973118,35,0
1,1,1,0.468420399934985,35,1
1,1,1,0.438922000001185,35,1
1,3,0,0.410099099972285,35,0
1,2,1,0.441370700020343,35,1
1,2,1,0.32723330007866,35,1
1,2,0,0.390211699996144,35,0
1,1,1,0.369621000019833,35,1
1,2,1,0.535906699951738,35,1
1,1,1,0.502606200054288,35,1
1,1,1,0.462212600046769,35,1
1,1,1,0.454282500082627,35,1
1,2,1,0.747028599958867,35,1
1,2,1,0.50897989992518,35,1
1,3,0,0.41861880000215,35,0
1,2,1,0.582703500054777,35,1
1,2,1,0.527416199911386,35,1
1,2,1,0.710859499988146,35,1
1,1,1,0.472155900090002,35,1
1,2,1,0.589263899950311,35,1
1,2,1,0.808887399965897,35,1
1,1,1,0.465593199944124,35,1
1,3,0,0.494649300002493,35,0
1,2,1,0.700846299994737,35,1
1,2,1,0.471684899996035,35,1
1,3,1,0.578420800040476,35,1
1,2,1,0.418140400084667,35,1
1,3,1,0.575483100023121,35,1
1,3,0,0.400333600002341,35,0
1,3,1,0.576542699942365,35,1
1,2,1,0.718319699983113,35,1
1,3,1,0.554787600063719,35,1
1,1,1,0.572050499962643,35,1
1,3,1,0.484161200001836,35,1
1,1,1,0.525191700085998,35,1
1,3,1,0.536334299948066,35,1
1,3,1,0.458917199983262,35,1
1,1,1,0.434228500002064,35,1
1,1,1,0.408469800022431,35,1
1,3,1,0.473634500056505,35,1
1,1,1,1.03001670003869,35,1
1,1,1,0.412356099928729,35,1
1,1,1,0.348789000068791,35,1
1,2,1,0.475798500003293,35,1
1,2,1,0.478864200063981,35,1
1,2,1,0.518805500003509,35,1
1,2,1,0.463108900003135,35,1
1,2,1,0.45670770003926,35,1
1,1,1,0.543959299917333,35,1
1,1,1,0.500968500040472,35,1
1,1,1,0.451126099913381,35,1
1,3,0,0.434531999984756,35,0
1,3,1,0.461972199962474,35,1
1,3,1,0.689418699941598,35,1
1,3,1,0.347775200032629,35,1
1,1,1,0.400919000036083,35,1
1,2,1,0.74035500001628,35,1
1,3,1,0.520747900009155,35,1
1,2,1,0.43568100000266,35,1
1,3,1,0.428390800021589,35,1
1,3,1,0.376721100066788,35,1
1,2,1,0.520323700038716,35,1
1,3,1,0.436021800036542,35,1
1,1,1,0.45124520000536,35,1
1,3,1,0.41407150006853,35,1
1,1,1,0.456904200022109,35,1
1,2,1,0.462807500036433,35,1
1,3,1,0.424218300031498,35,1
1,1,1,0.70398250001017,35,1
1,2,1,0.406649900018238,35,1
1,1,1,0.381750900065526,35,1
1,1,1,0.570091300061904,35,1
1,3,1,0.483295799931511,35,1
1,3,1,0.367278299992904,35,1
1,3,1,0.42409610003233,35,1
1,1,1,0.477579899947159,35,1
1,1,1,0.519960299949162,35,1
1,1,1,0.520757500082254,35,1
1,2,1,0.71042960009072,35,1
1,3,1,0.400086399982683,35,1
1,3,1,0.455149400047958,35,1
1,2,1,0.582714100019075,35,1
1,1,1,0.510988100082614,35,1
1,3,1,0.461853399989195,35,1
1,2,1,0.664572400040925,35,1
1,3,1,0.430858099949546,35,1
0,2,0,0.755939700058661,35,1
0,1,1,0.761595699936152,35,0
0,2,1,0.54106670001056,35,0
0,1,1,0.677663199952804,35,0
0,2,0,0.599851400009356,35,1
0,1,0,1.02770249999594,35,1
0,1,1,0.980189400026575,35,0
0,1,0,0.641840699943714,35,1
0,1,1,0.716179199982435,35,0
0,1,1,0.384484099922702,35,0
0,2,0,0.758221299969591,35,1
0,3,1,0.91470580000896,35,0
0,2,1,1.01940039999317,35,0
0,1,1,0.574325199937448,35,0
0,3,0,0.675019100075588,35,1
0,2,1,0.669837399967946,35,0
0,3,1,0.64863960002549,35,0
0,2,1,0.812872299924493,35,0
0,2,1,0.556590899941511,35,0
0,2,1,0.644292599987239,35,0
0,3,1,0.490253699943423,35,0
0,2,1,0.735758499940857,35,0
0,2,1,0.709341099951416,35,0
0,2,1,0.30630330007989,35,0
0,2,1,0.240908399922773,35,0
0,3,1,0.596110100043006,35,0
0,1,1,0.254889800096862,35,0
0,3,1,0.433572300011292,35,0
0,3,1,0.569615499931388,35,0
0,2,1,0.859566200058907,35,0
0,3,1,0.506624900037423,35,0
0,2,1,0.383734999923036,35,0
0,1,1,0.488637400092557,35,0
0,3,1,0.702143699978478,35,0
0,3,0,0.46504359995015,35,1
0,3,1,0.673988800030202,35,0
0,1,0,0.742192100035027,35,1
0,1,0,0.899958099937066,35,1
0,2,1,0.768448899965733,35,0
0,1,1,0.632921199896373,35,0
0,1,1,0.58219069999177,35,0
0,1,0,0.482854500063695,35,1
0,3,1,0.605737400008366,35,0
0,3,0,0.555406500003301,35,1
0,1,1,0.701521900016814,35,0
0,2,1,0.652181599987671,35,0
0,2,1,0.691010300070047,35,0
0,2,1,0.582223600009456,35,0
0,1,0,0.682551800040528,35,1
0,3,1,0.574995100032538,35,0
0,2,0,0.674238999956287,35,1
0,1,0,0.777008300065063,35,1
0,1,1,0.745199700002559,35,0
0,2,1,0.482379199936986,35,0
0,2,0,0.601399300037883,35,1
0,3,1,0.577233200077899,35,0
0,2,1,0.44611400004942,35,0
0,2,1,0.659464600030333,35,0
0,1,0,0.321096200030297,35,1
0,1,1,0.606869700015523,35,0
0,3,1,0.548394399927929,35,0
0,1,1,0.554398400010541,35,0
0,2,1,0.647513099946082,35,0
0,1,1,0.482297300011851,35,0
0,3,1,0.469039899995551,35,0
0,3,1,0.571300399955362,35,0
0,1,1,0.508241200004704,35,0
0,2,1,0.421168999979272,35,0
0,2,1,0.654819200048223,35,0
0,3,1,0.586515299975872,35,0
0,1,1,0.496437099995092,35,0
0,1,0,0.384125099983066,35,1
0,3,1,0.645206000073813,35,0
0,3,1,0.669584600022063,35,0
0,3,1,0.516829499974847,35,0
0,3,1,0.526705499971285,35,0
0,2,1,0.762455499963835,35,0
0,3,1,0.478775699972175,35,0
0,3,1,0.453410800080746,35,0
0,2,1,0.610013899975456,35,0
0,3,1,0.489118700032122,35,0
0,3,1,0.475357500021346,35,0
0,1,1,0.436859100009315,35,0
0,3,1,0.536722099990584,35,0
0,3,1,0.585725599899888,35,0
0,1,1,0.528110700077377,35,0
0,2,1,0.584047500044107,35,0
0,3,1,0.543426000047475,35,0
0,3,1,0.354337599943392,35,0
0,2,1,0.730780099984258,35,0
0,3,1,0.561260499991477,35,0
0,2,1,0.55226390005555,35,0
0,1,1,0.492612799978815,35,0
0,2,1,0.466105100000277,35,0
0,1,1,0.4777502999641,35,0
0,1,1,0.473467200063169,35,0
0,3,1,0.54435919993557,35,0
0,2,1,0.545936099952087,35,0
0,3,1,0.571448999922723,35,0
0,1,1,0.501362799899653,35,0
0,1,1,0.546982800005935,35,0
0,2,1,0.534737500012852,35,0
0,3,1,0.520244700019248,35,0
0,2,1,0.596803300082684,35,0
0,1,0,0.557499899994582,35,1
0,3,1,0.580712199909613,35,0
0,2,1,0.686263900017366,35,0
0,1,0,0.404855999979191,35,1
0,3,1,0.515856999903917,35,0
0,2,1,0.483032000018284,35,0
0,2,1,0.468368300003931,35,0
0,2,1,0.727177200024016,35,0
0,3,1,0.406864200020209,35,0
0,3,1,0.468858100008219,35,0
0,3,1,0.826405200059526,35,0
0,2,1,0.718261700007133,35,0
0,1,1,0.973936200025491,35,0
0,1,1,0.455493499990553,35,0
0,3,1,0.632978399982676,35,0
0,1,1,0.469727099989541,35,0
0,1,1,0.706073799985461,35,0
0,1,1,0.66549279994797,35,0
0,1,1,0.631528300000355,35,0
0,1,1,0.576073899981566,35,0
0,1,1,0.518201499944553,35,0
0,1,1,0.583249900024384,35,0
0,2,0,0.516357899992727,35,1
0,1,1,0.652334799990058,35,0
0,1,0,0.417456900002435,35,1
0,3,1,0.538660300080664,35,0
0,2,1,0.447801500093192,35,0
0,1,1,0.63373389991466,35,0
0,2,1,0.631745000020601,35,0
0,2,1,0.561303000082262,35,0
0,3,1,0.484434500103816,35,0
0,2,1,0.523977200035006,35,0
0,3,1,0.853255200083368,35,0
0,3,1,0.426496400032192,35,0
0,2,1,0.536687499959953,35,0
0,1,1,0.464065999956802,35,0
0,2,1,0.414811900001951,35,0
0,1,1,0.482942200032994,35,0
0,1,1,0.521813199971803,35,0
0,2,0,0.461048600031063,35,1
0,1,1,0.44285710004624,35,0
0,2,1,0.493263700045645,35,0
0,2,1,0.438512200023979,35,0
0,3,1,0.539319099974819,35,0
0,3,1,0.395213500014506,35,0
0,3,1,0.518416499951854,35,0
0,3,1,0.460434799897484,35,0
0,2,1,0.577682500006631,35,0
0,3,1,0.537983099929988,35,0
0,2,1,0.395106700016186,35,0
0,1,1,0.504488800070249,35,0
0,1,0,0.466760599985719,35,1
0,2,1,0.578977999975905,35,0
0,3,1,0.414169600000605,35,0
0,3,1,0.441830100025982,35,0
0,3,1,0.490520899998955,35,0
0,1,1,0.468490100000054,35,0
0,3,1,0.458251799922436,35,0
0,1,1,0.490509000024758,35,0
0,3,1,0.451946699991822,35,0
0,1,1,0.572386999963783,35,0
0,2,1,0.663970699999481,35,0
0,2,1,0.494158399989828,35,0
0,1,1,0.506110599962994,35,0
0,3,1,0.458194799954072,35,0
0,3,1,0.409534499980509,35,0
0,2,1,0.434502899996005,35,0
0,3,1,0.438797199982218,35,0
0,3,1,0.507182899978943,35,0
0,2,1,0.578344800043851,35,0
0,1,1,0.545354200061411,35,0
0,2,1,0.487674299976788,35,0
0,1,1,0.51106799999252,35,0
0,2,1,0.61914500000421,35,0
1,3,0,0.511452200007625,36,0
1,2,1,1.00721779989544,36,1
1,2,1,0.898707399959676,36,1
1,3,1,0.757801699917763,36,1
1,2,1,0.964216199936345,36,1
1,3,1,0.990612099994905,36,1
1,1,1,0.549164799973369,36,1
1,3,1,0.739036599989049,36,1
1,2,1,0.706241899984889,36,1
1,2,1,0.669966000015847,36,1
1,1,1,0.5465710000135,36,1
1,1,1,0.521179700037464,36,1
1,3,1,0.896132700028829,36,1
1,1,0,0.783522500074469,36,0
1,3,1,0.612384399981238,36,1
1,3,1,0.823078599991277,36,1
1,1,1,0.646655000047758,36,1
1,2,1,0.46519979997538,36,1
1,1,1,0.761115400004201,36,1
1,2,1,0.618945199996233,36,1
1,1,1,0.508381600026041,36,1
1,1,1,0.74429390009027,36,1
1,3,1,0.616672999924049,36,1
1,1,1,0.540894399979152,36,1
1,1,1,0.540366499917582,36,1
1,3,0,0.603796600014903,36,0
1,3,1,0.590365100069903,36,1
1,2,1,0.525378499994986,36,1
1,2,1,0.5612082000589,36,1
1,3,1,0.631243700045161,36,1
1,3,1,0.461335100000724,36,1
1,2,1,0.626242200029083,36,1
1,2,1,0.518590199993923,36,1
1,2,1,0.449135800008662,36,1
1,2,1,0.427141399937682,36,1
1,1,1,0.526428999961354,36,1
1,3,1,0.710572699899785,36,1
1,1,1,0.482863600016572,36,1
1,3,1,0.540336599922739,36,1
1,3,1,0.583141000010073,36,1
1,3,1,0.555108599946834,36,1
1,3,1,0.505562999984249,36,1
1,2,1,0.771312199998647,36,1
1,3,1,0.724666099995375,36,1
1,2,1,0.66450369998347,36,1
1,2,1,0.63393809995614,36,1
1,3,1,0.984135700040497,36,1
1,1,1,0.471666200086474,36,1
1,2,1,0.652598900021985,36,1
1,1,1,0.545386200072244,36,1
1,3,1,0.479515099897981,36,1
1,1,1,0.478273400105536,36,1
1,1,1,0.538310999982059,36,1
1,2,0,0.725322899990715,36,0
1,2,1,0.487745700054802,36,1
1,1,1,0.988550100009888,36,1
1,1,1,0.618015100015327,36,1
1,1,1,0.423888700082898,36,1
1,1,1,0.415607800008729,36,1
1,2,1,0.899149599950761,36,1
1,1,1,0.484010200016201,36,1
1,1,1,0.395753599936143,36,1
1,2,1,0.53168909996748,36,1
1,1,1,0.507992099970579,36,1
1,3,1,0.772222100058571,36,1
1,2,1,0.534471499966457,36,1
1,3,1,0.574858299922198,36,1
1,1,1,0.439641100005247,36,1
1,3,1,0.622894000029191,36,1
1,2,1,0.581336200004444,36,1
1,2,1,0.676267300033942,36,1
1,1,1,0.52482599997893,36,1
1,1,1,0.439200899912976,36,1
1,3,1,0.596058499999344,36,1
1,2,1,0.616307600052096,36,1
1,1,1,0.462038500001654,36,1
1,2,1,0.802127800066955,36,1
1,2,1,0.650094500044361,36,1
1,2,1,0.562944500008598,36,1
1,3,1,0.603959599975497,36,1
1,3,1,0.537318299990147,36,1
1,1,1,0.546144399908371,36,1
1,3,1,0.600066099897958,36,1
1,3,1,0.483042499981821,36,1
1,1,1,0.443493800004944,36,1
1,2,1,0.453712499933317,36,1
1,2,1,0.474821600015275,36,1
1,3,1,0.508660199935548,36,1
1,2,1,0.497920299996622,36,1
1,2,1,0.504110300098546,36,1
1,3,1,0.516543900012039,36,1
1,3,1,0.465645399992354,36,1
1,1,1,0.467523399973288,36,1
1,1,1,0.567483799997717,36,1
1,1,1,0.320799599983729,36,1
1,2,1,0.51089769997634,36,1
1,2,1,0.598166599986143,36,1
1,1,1,0.455770200002007,36,1
1,1,0,0.538322699954733,36,0
1,2,1,0.431741300038993,36,1
1,2,1,0.414371000020765,36,1
1,2,1,0.510932600009255,36,1
1,3,1,0.754378099925816,36,1
1,2,1,0.610397099982947,36,1
1,2,1,0.674131100066006,36,1
1,1,1,0.566586200031452,36,1
1,1,1,0.524959899950773,36,1
1,1,1,0.354368699947372,36,1
1,1,1,0.322595600038767,36,1
1,2,1,0.498108600033447,36,1
1,1,1,0.37639299989678,36,1
1,1,1,0.341329699964263,36,1
1,2,1,0.431062799994834,36,1
1,3,1,0.432263700058684,36,1
1,3,0,0.499199100071564,36,0
1,1,1,0.482874399982393,36,1
1,3,1,0.552685700007714,36,1
1,2,1,0.58327169995755,36,1
1,3,1,0.616455800016411,36,1
1,1,1,0.492580899968743,36,1
1,2,1,0.444575399975292,36,1
1,1,1,0.609748300048523,36,1
1,1,1,0.5561012000544,36,1
1,2,1,0.509954000008292,36,1
1,3,1,0.936298299930058,36,1
1,3,1,0.503627200028859,36,1
1,3,1,0.52563580009155,36,1
1,3,1,0.304839099990204,36,1
1,2,1,0.579052700079046,36,1
1,3,1,0.636807000031695,36,1
1,3,1,0.586468900088221,36,1
1,3,1,0.536132599925622,36,1
1,1,1,0.6931528999703,36,1
1,1,1,0.435914100031368,36,1
1,1,1,0.431320999981835,36,1
1,1,1,0.412254800088704,36,1
1,3,1,0.527965899906121,36,1
1,1,1,0.532635599956848,36,1
1,3,1,0.662162499967963,36,1
1,2,1,0.553631499991752,36,1
1,1,1,0.349822500022128,36,1
1,2,1,0.635699999984354,36,1
1,3,1,0.615722700022161,36,1
1,3,1,0.49930760008283,36,1
1,3,1,0.385780499898829,36,1
1,3,1,0.314921399927698,36,1
1,3,1,0.258492500055581,36,1
1,1,1,0.446112799923867,36,1
1,2,1,0.498002499924041,36,1
1,1,1,0.367826599976979,36,1
1,2,1,0.432076499913819,36,1
1,1,1,0.44160510005895,36,1
1,1,1,0.368784900056198,36,1
1,1,1,0.561215599998832,36,1
1,2,1,0.490924899931997,36,1
1,2,1,0.608937800046988,36,1
1,1,1,0.613598299911246,36,1
1,3,1,0.517035799915902,36,1
1,3,1,0.529153599985875,36,1
1,2,1,0.548814799985848,36,1
1,2,1,0.411525400006212,36,1
1,2,1,0.487998500000685,36,1
1,3,1,0.532183700008318,36,1
1,1,1,0.511243400047533,36,1
1,3,1,0.53363319998607,36,1
1,2,1,0.599847999983467,36,1
1,2,1,0.417823099996895,36,1
1,2,1,0.394860400003381,36,1
1,3,1,0.591433599940501,36,1
1,1,1,0.447772299987264,36,1
1,1,1,0.444597500027157,36,1
1,2,1,0.792316899984144,36,1
1,3,1,0.554407499963418,36,1
1,1,1,0.381499400013126,36,1
1,3,1,0.557179299998097,36,1
1,2,1,0.54110740008764,36,1
1,3,1,0.523705500061624,36,1
1,3,1,0.633021799963899,36,1
1,2,1,0.440674400073476,36,1
0,2,1,0.682277499930933,36,0
0,3,1,0.795408100006171,36,0
0,1,1,0.600278800004162,36,0
0,1,1,0.716026600101031,36,0
0,2,1,1.06138079997618,36,0
0,1,1,0.642636599950492,36,0
0,3,1,0.728049500030465,36,0
0,3,1,0.648116599884816,36,0
0,2,1,0.847340999986045,36,0
0,3,1,0.739748100051656,36,0
0,1,1,0.600023100036196,36,0
0,1,1,0.751747499918565,36,0
0,2,1,0.836462500039488,36,0
0,1,1,0.665258900029585,36,0
0,1,1,0.604917300050147,36,0
0,1,1,0.731112199951895,36,0
0,2,1,0.780946899903938,36,0
0,2,1,0.910214800038375,36,0
0,2,1,0.571382699999958,36,0
0,2,1,0.52862949995324,36,0
0,2,1,0.661384399980307,36,0
0,1,1,0.615124200005084,36,0
0,2,1,0.731713099987246,36,0
0,1,1,0.651383500080556,36,0
0,1,1,0.588672499987297,36,0
0,1,1,0.663751100073569,36,0
0,3,1,0.720728400046937,36,0
0,1,1,0.588828300009482,36,0
0,1,1,0.553269999916665,36,0
0,3,1,0.665672099916264,36,0
0,2,1,0.648308100062422,36,0
0,3,1,0.719001400051638,36,0
0,3,1,0.833920700009912,36,0
0,3,1,0.501016800059006,36,0
0,1,1,0.575826400076039,36,0
0,1,1,0.653814799967222,36,0
0,1,1,0.591169300023466,36,0
0,2,1,0.637419199920259,36,0
0,3,1,0.495930599980056,36,0
0,3,1,0.62333029997535,36,0
0,1,1,0.483299799961969,36,0
0,1,1,0.551685300073586,36,0
0,1,1,0.630145200062543,36,0
0,3,1,0.73857919999864,36,0
0,3,1,0.72826610004995,36,0
0,2,0,0.430041799903847,36,1
0,3,1,0.737380900071003,36,0
0,3,1,0.577106700045988,36,0
0,3,1,0.753482400090434,36,0
0,2,1,0.599367000046186,36,0
0,2,1,0.656991300056688,36,0
0,2,1,0.721591599984095,36,0
0,2,1,0.982198400073685,36,0
0,1,1,0.550822799908929,36,0
0,3,1,0.826166499988176,36,0
0,1,1,0.596673000021838,36,0
0,3,1,0.671899999957532,36,0
0,3,1,0.648783899960108,36,0
0,2,1,0.790442500030622,36,0
0,2,1,0.563960500061512,36,0
0,2,1,0.611952600069344,36,0
0,3,1,0.699314100085758,36,0
0,1,1,0.572767399949953,36,0
0,3,1,0.654902999987826,36,0
0,1,1,0.594285099999979,36,0
0,3,1,0.871627100044861,36,0
0,3,1,0.545412399922498,36,0
0,1,1,0.479531700024381,36,0
0,2,1,0.480328600038774,36,0
0,2,1,0.856044200016186,36,0
0,1,1,0.516054600011557,36,0
0,3,1,0.513426200021058,36,0
0,1,1,0.726428400026634,36,0
0,1,1,0.448307799990289,36,0
0,2,1,0.657434600056149,36,0
0,3,1,0.601454799994826,36,0
0,3,1,0.47684720007237,36,0
0,2,1,0.561467299936339,36,0
0,3,1,0.63101250003092,36,0
0,2,1,0.617522099986672,36,0
0,3,1,0.603311799932271,36,0
0,3,1,0.615977499983273,36,0
0,3,1,0.54156449995935,36,0
0,1,1,0.5789748999523,36,0
0,1,1,0.641075899940915,36,0
0,2,1,0.880539599922486,36,0
0,1,1,0.556773000047542,36,0
0,1,1,0.48733579996042,36,0
0,1,1,0.634514400037006,36,0
0,2,1,0.664955599932,36,0
0,3,1,0.531733399955556,36,0
0,3,1,0.590622999938205,36,0
0,3,1,0.598457299987786,36,0
0,2,1,0.741856400039978,36,0
0,1,1,0.555890899966471,36,0
0,3,1,0.578726000036113,36,0
0,2,1,0.727725100005046,36,0
0,2,1,0.627322099986486,36,0
0,3,1,0.547808100003749,36,0
0,1,1,0.417566200019792,36,0
0,1,1,0.467686700052582,36,0
0,2,1,0.654542100033723,36,0
0,2,1,0.59651110006962,36,0
0,1,1,0.543484100024216,36,0
0,2,1,0.800529700005427,36,0
0,2,1,0.532240800093859,36,0
0,1,1,0.488782200030982,36,0
0,1,1,0.325779500068165,36,0
0,3,1,0.690453299903311,36,0
0,2,1,0.537968299933709,36,0
0,2,1,0.487089099944569,36,0
0,2,1,0.465657600085251,36,0
0,1,1,0.641549300053157,36,0
0,3,1,0.686488900100812,36,0
0,2,1,0.861055999994278,36,0
0,3,1,0.461696699960157,36,0
0,2,1,0.626740099978633,36,0
0,1,1,0.512656399980187,36,0
0,2,1,0.8194450000301,36,0
0,2,1,0.571009099949151,36,0
0,1,1,0.432538899942301,36,0
0,1,1,0.464135300018825,36,0
0,2,1,0.622646000003442,36,0
0,1,1,0.525046800030395,36,0
0,1,1,0.593004400026985,36,0
0,3,1,0.469220399972983,36,0
0,3,1,0.53003909997642,36,0
0,1,1,0.478651000070386,36,0
0,3,1,0.588210299960338,36,0
0,3,1,0.640696899965405,36,0
0,3,1,0.544216700014658,36,0
0,3,1,0.462165099917911,36,0
0,3,1,0.416810199967586,36,0
0,1,1,0.494691299973056,36,0
0,2,1,0.669022999936715,36,0
0,1,1,0.550047000055201,36,0
0,2,1,0.496247899951413,36,0
0,3,1,0.549651600071229,36,0
0,3,1,0.673594900057651,36,0
0,2,1,0.550844100071117,36,0
0,1,0,0.503948299912736,36,1
0,3,0,0.480900399968959,36,1
0,2,1,0.721579699893482,36,0
0,2,1,0.526093800086528,36,0
0,2,1,0.544012700091116,36,0
0,3,1,0.533827100065537,36,0
0,2,1,0.728444000007585,36,0
0,2,1,0.592422699905001,36,0
0,1,1,0.62408169999253,36,0
0,1,1,0.555940999998711,36,0
0,1,1,0.501881599891931,36,0
0,3,1,0.63423279998824,36,0
0,1,1,0.574780000024475,36,0
0,3,1,0.842939199996181,36,0
0,1,1,0.490423299954273,36,0
0,2,1,0.611866399995051,36,0
0,1,1,0.418737899977714,36,0
0,3,1,0.732415899983607,36,0
0,1,1,0.555349200032651,36,0
0,3,1,0.586556700058281,36,0
0,2,1,0.57729859999381,36,0
0,2,1,0.744887799955904,36,0
0,2,1,0.649562099948525,36,0
0,1,1,0.493961500003934,36,0
0,3,1,0.592569299973547,36,0
0,2,1,0.641142199980095,36,0
0,3,1,0.51668250001967,36,0
0,1,1,0.448697400046512,36,0
0,2,1,0.677155099925585,36,0
0,1,1,0.497160900034942,36,0
0,2,1,0.477484000031836,36,0
0,2,1,0.65323910000734,36,0
0,1,1,0.500667099957354,36,0
0,3,1,0.824929900001734,36,0
0,2,1,0.978836799971759,36,0
0,3,1,0.619424600037746,36,0
0,2,1,0.569872200023383,36,0
1,3,0,0.885396200000031,37,0
1,3,1,0.73922589999998,37,1
1,1,1,0.524501399999991,37,1
1,2,1,0.754365299999989,37,1
1,3,1,0.8471653,37,1
1,3,0,0.695804400000014,37,0
1,2,1,0.530932100000001,37,1
1,3,0,0.682533000000006,37,0
1,1,1,0.874560000000002,37,1
1,3,0,0.651128800000009,37,0
1,2,1,0.965792599999958,37,1
1,1,1,0.517065900000006,37,1
1,1,1,0.591850200000039,37,1
1,1,1,0.421180000000021,37,1
1,3,1,0.811915700000014,37,1
1,2,1,0.517398499999985,37,1
1,2,1,0.5142673,37,1
1,2,1,0.660261600000041,37,1
1,3,1,0.629819500000025,37,1
1,3,1,0.659735600000005,37,1
1,2,1,0.642463600000013,37,1
1,1,1,0.48676709999998,37,1
1,2,1,0.415710800000028,37,1
1,3,1,0.406076399999989,37,1
1,2,1,0.367366400000009,37,1
1,2,1,0.357564699999983,37,1
1,1,1,0.568575600000003,37,1
1,3,1,0.713994699999972,37,1
1,2,1,0.813502699999987,37,1
1,3,0,0.849911100000014,37,0
1,3,1,0.752987800000056,37,1
1,1,1,0.498534799999987,37,1
1,3,1,0.691674199999994,37,1
1,1,1,0.463291899999973,37,1
1,1,1,0.454962599999959,37,1
1,2,1,0.616779100000002,37,1
1,3,1,0.884890200000001,37,1
1,2,1,0.679470399999985,37,1
1,3,1,0.977309399999996,37,1
1,3,1,0.617202800000001,37,1
1,2,1,0.576642999999962,37,1
1,3,1,0.620748300000031,37,1
1,2,0,0.534028099999972,37,0
1,3,1,0.648400199999998,37,1
1,2,1,0.923714100000012,37,1
1,2,1,0.641194200000001,37,1
1,3,1,0.800258899999989,37,1
1,2,1,0.766728900000061,37,1
1,2,1,0.545389700000072,37,1
1,2,1,0.469167000000056,37,1
1,3,1,0.55298639999998,37,1
1,1,1,0.569024800000051,37,1
1,2,1,0.678660100000087,37,1
1,1,0,0.568332300000037,37,0
1,2,0,0.594520299999971,37,0
1,3,1,0.596147400000035,37,1
1,3,1,0.581216100000091,37,1
1,3,1,0.593957600000039,37,1
1,3,1,0.709960099999961,37,1
1,2,1,0.850476000000043,37,1
1,3,1,0.706283400000046,37,1
1,2,1,0.562836899999951,37,1
1,2,0,0.742653000000104,37,0
1,3,1,0.718882200000024,37,1
1,3,1,0.568697100000094,37,1
1,1,0,0.552998599999995,37,0
1,2,1,0.716084099999961,37,1
1,1,1,0.564300599999996,37,1
1,2,1,0.617122299999977,37,1
1,2,1,0.582207799999964,37,1
1,3,1,0.654487699999976,37,1
1,1,1,0.408231399999949,37,1
1,2,1,0.634185500000029,37,1
1,1,1,0.525833900000038,37,1
1,2,0,0.92059900000001,37,0
1,3,1,0.573311000000075,37,1
1,3,1,0.737570599999998,37,1
1,1,1,0.687364500000029,37,1
1,2,1,0.541334800000044,37,1
1,3,1,0.559023399999973,37,1
1,1,1,0.706207700000022,37,1
1,1,1,0.500258799999955,37,1
1,2,1,0.505123300000008,37,1
1,3,1,0.484204399999925,37,1
1,3,1,0.499776999999966,37,1
1,2,1,0.556173700000016,37,1
1,2,1,0.451332600000086,37,1
1,2,1,0.403796200000073,37,1
1,3,1,0.566622799999976,37,1
1,1,0,0.582432000000011,37,0
1,2,1,0.433828600000055,37,1
1,1,1,0.49835959999993,37,1
1,1,1,0.407283800000044,37,1
1,1,1,0.42329289999995,37,1
1,1,1,0.641734799999966,37,1
1,3,1,0.568213900000018,37,1
1,1,1,0.867508000000015,37,1
1,3,1,0.51829589999997,37,1
1,2,1,0.457865800000008,37,1
1,2,1,0.848973800000039,37,1
1,2,1,0.370356900000019,37,1
1,1,1,0.377448500000099,37,1
1,1,1,0.339312499999977,37,1
1,1,1,0.301955399999969,37,1
1,1,1,0.543276899999938,37,1
1,3,1,0.521544499999919,37,1
1,2,1,0.486852800000094,37,1
1,1,1,0.448891299999929,37,1
1,3,1,0.452943599999941,37,1
1,3,1,0.452853499999861,37,1
1,3,1,0.552889199999896,37,1
1,2,1,0.460996199999983,37,1
1,1,1,0.43819160000001,37,1
1,1,1,0.311361000000062,37,1
1,2,0,0.784431299999966,37,0
1,1,1,0.747348800000083,37,1
1,3,1,0.568703800000009,37,1
1,2,1,0.554404699999992,37,1
1,3,0,0.45043130000002,37,0
1,1,1,0.43888409999991,37,1
1,2,1,0.40160280000012,37,1
1,1,1,0.44817900000001,37,1
1,3,0,0.377066900000074,37,0
1,1,1,0.280913699999957,37,1
1,3,1,0.684398399999992,37,1
1,1,1,0.366244999999964,37,1
1,2,1,0.317198899999909,37,1
1,1,1,0.331408799999991,37,1
1,1,1,0.396354000000116,37,1
1,2,1,0.433764900000057,37,1
1,2,1,0.55163880000012,37,1
1,3,0,0.389607500000039,37,0
1,1,1,0.35448529999988,37,1
1,2,1,0.407730499999985,37,1
1,3,1,0.467216899999954,37,1
1,2,1,0.462569899999977,37,1
1,3,1,0.483474000000029,37,1
1,1,1,0.453647699999948,37,1
1,2,1,0.581976400000059,37,1
1,3,1,0.52171720000004,37,1
1,2,1,0.533160399999957,37,1
1,1,0,0.591231699999895,37,0
1,2,1,0.53698840000007,37,1
1,1,1,0.526870100000025,37,1
1,2,1,0.579509999999942,37,1
1,1,1,0.458836000000048,37,1
1,1,1,0.371572000000043,37,1
1,3,1,0.56465219999987,37,1
1,3,1,0.518778900000058,37,1
1,3,1,0.348711399999985,37,1
1,3,1,0.503237499999869,37,1
1,2,1,0.495179500000091,37,1
1,2,1,0.299768899999918,37,1
1,3,1,0.530713600000041,37,1
1,3,1,0.468540300000001,37,1
1,1,0,0.539162800000014,37,0
1,3,1,0.453724400000084,37,1
1,1,0,0.526683700000063,37,0
1,2,1,0.268304300000096,37,1
1,1,1,0.964966399999895,37,1
1,2,1,0.350549999999913,37,1
1,1,1,0.345509199999952,37,1
1,2,1,0.550555999999943,37,1
1,1,1,0.550129700000099,37,1
1,2,1,0.374614600000001,37,1
1,1,1,0.573064899999878,37,1
1,1,1,0.563999800000062,37,1
1,1,1,0.359363599999853,37,1
1,1,1,0.49837990000006,37,1
1,1,1,0.462570299999953,37,1
1,2,1,0.423094399999997,37,1
1,1,0,0.567950199999956,37,0
1,1,1,0.539988499999964,37,1
1,1,1,0.459813300000093,37,1
1,1,1,0.296544999999952,37,1
1,3,1,0.651073799999978,37,1
1,1,1,0.43049309999995,37,1
0,1,1,0.485078700000003,37,0
0,1,0,0.67553319999999,37,1
0,1,1,0.699866200000002,37,0
0,1,1,0.582300700000047,37,0
0,2,1,0.641947900000019,37,0
0,1,1,0.520291700000001,37,0
0,1,1,0.86077370000001,37,0
0,1,1,0.65025110000002,37,0
0,1,1,0.702069400000056,37,0
0,2,0,0.607610599999958,37,1
0,2,0,1.06717670000003,37,1
0,3,1,0.756456299999996,37,0
0,3,0,0.817075399999993,37,1
0,1,1,0.637187300000022,37,0
0,1,0,0.750254500000011,37,1
0,1,1,0.538080899999983,37,0
0,3,0,0.599273199999999,37,1
0,1,0,0.469496000000021,37,1
0,3,0,0.499873399999984,37,1
0,2,0,0.707160000000016,37,1
0,2,1,0.477337500000004,37,0
0,3,1,0.837928600000026,37,0
0,3,1,0.722106200000013,37,0
0,2,0,0.749528599999991,37,1
0,3,0,0.684494799999953,37,1
0,1,1,0.580028999999996,37,0
0,3,0,0.686986099999984,37,1
0,3,0,0.670646000000005,37,1
0,1,1,0.592701300000016,37,0
0,2,1,0.687399999999997,37,0
0,3,1,0.86773980000001,37,0
0,2,1,0.665741499999996,37,0
0,2,1,0.792906699999975,37,0
0,3,1,0.673001299999981,37,0
0,1,1,0.562109000000049,37,0
0,2,1,0.891300099999995,37,0
0,1,1,0.87860120000002,37,0
0,3,0,0.584156900000011,37,1
0,3,1,0.628736800000041,37,0
0,3,0,0.634608900000018,37,1
0,1,1,0.561164999999988,37,0
0,3,1,0.518240500000019,37,0
0,3,1,0.45077710000001,37,0
0,3,1,0.427939800000019,37,0
0,2,1,0.595500299999998,37,0
0,3,1,0.733246900000012,37,0
0,2,1,0.410316399999914,37,0
0,3,1,0.753698599999979,37,0
0,1,1,0.95209840000004,37,0
0,3,1,0.883778399999954,37,0
0,2,1,0.689167000000083,37,0
0,1,1,0.625873000000041,37,0
0,2,1,0.643748000000045,37,0
0,1,1,0.878035299999937,37,0
0,2,1,0.628621899999956,37,0
0,2,1,0.517272099999985,37,0
0,1,1,0.614548900000017,37,0
0,2,1,0.460333599999984,37,0
0,3,1,0.50377679999994,37,0
0,1,1,0.804029900000018,37,0
0,3,1,0.455743800000022,37,0
0,2,1,0.949990400000019,37,0
0,1,1,0.480239100000034,37,0
0,3,1,0.711167900000049,37,0
0,2,1,0.534299300000015,37,0
0,1,1,0.450313900000054,37,0
0,2,0,0.473171899999983,37,1
0,3,1,0.574622699999935,37,0
0,3,1,0.800825899999921,37,0
0,3,1,0.837492499999911,37,0
0,2,1,0.731366299999962,37,0
0,3,1,0.635092099999923,37,0
0,2,1,0.733523500000018,37,0
0,1,1,0.595402000000007,37,0
0,1,1,0.742523500000033,37,0
0,2,0,0.5455165999999,37,1
0,3,1,0.612523699999969,37,0
0,3,1,0.576513899999981,37,0
0,3,0,0.605377599999969,37,1
0,3,1,0.606899900000002,37,0
0,2,1,0.711409299999985,37,0
0,1,1,0.584420300000005,37,0
0,1,1,0.656806100000011,37,0
0,2,1,0.677179799999948,37,0
0,1,1,0.607174100000037,37,0
0,2,0,0.777919800000035,37,1
0,3,1,0.61719309999998,37,0
0,2,0,0.669605200000063,37,1
0,3,1,0.545542899999958,37,0
0,1,1,0.75477609999993,37,0
0,2,1,0.727176200000002,37,0
0,1,1,0.712033399999967,37,0
0,1,1,0.419873900000056,37,0
0,3,1,0.7210939,37,0
0,3,1,0.662900699999994,37,0
0,3,1,0.637321600000035,37,0
0,1,1,0.444805400000035,37,0
0,2,1,0.593147300000027,37,0
0,2,1,0.666662800000012,37,0
0,1,1,0.684131500000007,37,0
0,2,1,0.947214300000013,37,0
0,1,1,0.444677300000052,37,0
0,2,1,0.667116400000026,37,0
0,3,1,0.63764809999995,37,0
0,3,1,0.560670900000076,37,0
0,3,1,0.532996000000111,37,0
0,3,1,0.580950900000033,37,0
0,1,1,0.714324300000015,37,0
0,1,1,0.664998499999996,37,0
0,2,1,0.450730700000094,37,0
0,1,1,0.430240600000076,37,0
0,2,1,0.629159800000053,37,0
0,3,1,0.518144400000011,37,0
0,3,1,0.598045100000064,37,0
0,2,1,0.595693800000078,37,0
0,1,1,0.552801699999947,37,0
0,1,1,0.425692299999952,37,0
0,1,1,0.605732200000062,37,0
0,2,1,0.478016900000085,37,0
0,2,1,0.592899399999993,37,0
0,1,0,0.42454950000004,37,1
0,2,0,0.541352099999955,37,1
0,1,1,0.558699499999904,37,0
0,1,1,0.509887100000043,37,0
0,2,1,0.841794400000055,37,0
0,2,1,0.580987500000134,37,0
0,2,1,0.572892200000098,37,0
0,2,0,0.433747299999965,37,1
0,2,1,0.449883200000073,37,0
0,1,1,0.377809399999961,37,0
0,1,0,0.305667200000045,37,1
0,2,0,0.353234299999968,37,1
0,3,0,0.461134300000055,37,1
0,3,1,0.438992099999865,37,0
0,1,1,0.517034800000062,37,0
0,1,1,0.428750300000075,37,0
0,1,0,0.417531500000024,37,1
0,3,1,0.486141799999956,37,0
0,1,0,0.391332200000107,37,1
0,3,1,0.684808799999956,37,0
0,2,1,0.66839029999997,37,0
0,2,1,0.615941700000036,37,0
0,2,0,0.414002099999863,37,1
0,3,0,0.486764199999953,37,1
0,3,1,0.808843300000063,37,0
0,3,1,0.678429800000032,37,0
0,3,1,0.880256599999967,37,0
0,1,1,0.534084400000012,37,0
0,3,1,0.562395700000053,37,0
0,1,0,0.486703700000049,37,1
0,2,1,0.418335100000064,37,0
0,3,1,0.542261500000137,37,0
0,1,0,0.456432300000102,37,1
0,3,0,0.411158900000061,37,1
0,1,1,0.446047000000164,37,0
0,2,0,0.584040099999953,37,1
0,2,1,0.553682899999927,37,0
0,2,1,0.517383700000011,37,0
0,1,1,0.50439899999995,37,0
0,3,1,0.572979700000047,37,0
0,2,0,0.483319599999987,37,1
0,1,1,0.486711799999995,37,0
0,1,1,0.667088500000006,37,0
0,3,1,0.923296000000079,37,0
0,1,1,0.446074700000082,37,0
0,2,1,0.659859100000091,37,0
0,2,1,0.580167799999941,37,0
0,1,1,0.660750399999898,37,0
0,3,1,0.395509400000066,37,0
0,2,1,0.782523299999895,37,0
0,1,1,0.501668099999989,37,0
0,2,1,0.470559600000144,37,0
0,3,1,0.551967400000109,37,0
0,2,1,0.573755900000066,37,0
0,3,1,0.495231800000084,37,0
0,2,1,0.641970399999906,37,0
1,3,0,0.856369599991012,38,0
1,3,0,0.773763199991663,38,0
1,3,0,0.550233300004038,38,0
1,2,0,0.610722199999145,38,0
1,1,1,0.53899359999923,38,1
1,1,1,0.680983099999139,38,1
1,3,0,0.375098200005596,38,0
1,3,0,0.701236599998083,38,0
1,2,1,0.853373999998439,38,1
1,3,1,0.534086900006514,38,1
1,1,1,0.399011000001337,38,1
1,3,1,0.590106699994067,38,1
1,3,1,0.617686700003105,38,1
1,3,1,0.571720599997207,38,1
1,3,1,0.689368499995908,38,1
1,2,1,0.563209100000677,38,1
1,2,1,0.43625479999173,38,1
1,2,1,0.743184399994789,38,1
1,3,0,0.528601300000446,38,0
1,2,1,0.545838499994716,38,1
1,2,1,0.314531199997873,38,1
1,1,1,0.776776900005643,38,1
1,1,0,0.665893800003687,38,0
1,3,0,0.768246000006911,38,0
1,2,1,0.558674899992184,38,1
1,2,1,0.800204999992275,38,1
1,2,1,0.414099000001443,38,1
1,2,1,0.457275300010224,38,1
1,2,1,0.604456999993999,38,1
1,1,1,0.733749799997895,38,1
1,3,0,0.517637500001001,38,0
1,3,0,0.575254600000335,38,0
1,2,1,0.418164100003196,38,1
1,3,1,0.37777360000473,38,1
1,1,1,0.685507400005008,38,1
1,3,0,0.484867799998028,38,0
1,1,1,0.598557499994058,38,1
1,3,0,0.482640900008846,38,0
1,2,1,0.65250240000023,38,1
1,1,1,0.51939630000561,38,1
1,1,1,0.614796699999715,38,1
1,1,1,0.492371999993338,38,1
1,2,1,0.547751399994013,38,1
1,3,1,0.443025500004296,38,1
1,2,0,0.507454800012056,38,0
1,2,1,0.414502699990408,38,1
1,3,1,0.443678499999805,38,1
1,2,1,0.496339600009378,38,1
1,3,0,0.488156099992921,38,0
1,3,0,0.566954900001292,38,0
1,2,1,0.546095199999399,38,1
1,2,1,0.566259900006116,38,1
1,2,1,0.40943580000021,38,1
1,1,1,0.418778599996585,38,1
1,3,0,0.550652100006118,38,0
1,3,1,0.796815099995001,38,1
1,3,1,0.417969100002665,38,1
1,1,1,0.434130499997991,38,1
1,2,1,0.550669200005359,38,1
1,2,1,0.390454799999134,38,1
1,2,0,0.446229599998333,38,0
1,3,1,0.464327699999558,38,1
1,2,1,0.458595300005982,38,1
1,1,1,0.31420339999022,38,1
1,1,1,0.464749300008407,38,1
1,2,0,0.454708799996297,38,0
1,1,1,0.626075200008927,38,1
1,2,1,0.518553599991719,38,1
1,1,1,0.708758100008708,38,1
1,1,1,0.396142400000826,38,1
1,2,1,0.381734800001141,38,1
1,2,0,0.626612200008822,38,0
1,1,0,0.400317099993117,38,0
1,3,1,0.716442199991434,38,1
1,2,1,0.558829900008277,38,1
1,3,1,0.468731800006935,38,1
1,1,1,0.399723100010306,38,1
1,2,1,0.735386300002574,38,1
1,2,1,0.643827499996405,38,1
1,3,1,0.302779400008149,38,1
1,1,1,0.448507599998266,38,1
1,3,1,0.362669299996924,38,1
1,1,1,0.536516000007396,38,1
1,3,1,0.567063400012557,38,1
1,3,1,0.651002200000221,38,1
1,3,1,0.339547900002799,38,1
1,2,1,0.70059009999386,38,1
1,1,1,0.495996800003923,38,1
1,2,1,0.575868900006753,38,1
1,2,1,0.425695199999609,38,1
1,3,0,0.594639700007974,38,0
1,1,1,0.492728099998203,38,1
1,3,1,0.771636199991917,38,1
1,2,1,0.541547000000719,38,1
1,3,1,0.51703470000939,38,1
1,1,1,0.433491999996477,38,1
1,2,1,0.816686299993307,38,1
1,1,1,0.400178300013067,38,1
1,2,1,0.578805400000419,38,1
1,1,1,0.548656500002835,38,1
1,1,1,0.5758050000004,38,1
1,1,1,0.615855900003226,38,1
1,1,1,0.278889399996842,38,1
1,1,1,0.344817200006219,38,1
1,3,0,0.690047800002503,38,0
1,3,1,0.498796500003664,38,1
1,2,1,0.73519039999519,38,1
1,3,1,0.319684499991126,38,1
1,1,1,0.488763500005007,38,1
1,3,1,0.558425299997907,38,1
1,1,1,0.464924699990661,38,1
1,3,1,0.487449499996728,38,1
1,2,1,0.449031099997228,38,1
1,3,1,0.396530600002734,38,1
1,1,1,0.35384329999215,38,1
1,1,1,0.419706300002872,38,1
1,3,0,0.417215299996315,38,0
1,2,0,0.480834300004062,38,0
1,1,1,0.408845900004962,38,1
1,2,1,0.388371400011238,38,1
1,1,1,0.478279100003419,38,1
1,1,0,0.453963699997985,38,0
1,2,1,0.38087419999647,38,1
1,3,1,0.418289299996104,38,1
1,2,0,0.531917200001772,38,0
1,2,1,0.554444699999294,38,1
1,2,0,0.420137799999793,38,0
1,1,0,0.607258400006685,38,0
1,1,1,0.300423699998646,38,1
1,1,1,0.41737720000674,38,1
1,2,0,0.356213800012483,38,0
1,1,1,0.299622500009718,38,1
1,1,1,0.361478199993144,38,1
1,1,1,0.297716700006276,38,1
1,3,0,0.533375200000592,38,0
1,2,0,0.507912399989436,38,0
1,1,1,0.524700699999812,38,1
1,1,1,0.473288599998341,38,1
1,3,1,0.564843899992411,38,1
1,3,1,0.377171000014641,38,1
1,3,1,0.262742599996272,38,1
1,2,1,0.349561499999254,38,1
1,3,1,0.499504599996726,38,1
1,1,0,0.511336600000504,38,0
1,3,1,0.629819099995075,38,1
1,2,0,0.93171629999415,38,0
1,1,1,0.438915999999153,38,1
1,1,0,0.858583900000667,38,0
1,3,1,0.539002999998047,38,1
1,1,1,0.52261479999288,38,1
1,3,0,0.58161320000363,38,0
1,2,1,0.534890399998403,38,1
1,3,1,0.541081900009885,38,1
1,3,1,0.544102200001362,38,1
1,1,1,0.484181699997862,38,1
1,2,0,0.477006799992523,38,0
1,3,1,0.321128099996713,38,1
1,3,1,0.419031299999915,38,1
1,1,0,0.600845500011928,38,0
1,1,1,0.875919100013562,38,1
1,2,1,0.414963100003661,38,1
1,1,1,0.464873500008252,38,1
1,1,1,0.295144499992603,38,1
1,1,1,0.759566599997925,38,1
1,3,1,0.570130000007339,38,1
1,2,1,0.415177800008678,38,1
1,2,1,0.387415700010024,38,1
1,2,1,0.512969499992323,38,1
1,2,0,0.737026000002516,38,0
1,1,0,0.460911100002704,38,0
1,2,1,0.838544300000649,38,1
1,3,1,0.414581999997608,38,1
1,3,0,0.398236900000484,38,0
1,3,1,0.425413000004482,38,1
1,1,1,0.608899900005781,38,1
1,2,1,0.759380499992403,38,1
0,3,1,0.511354800008121,38,0
0,3,1,0.890870699993684,38,0
0,3,1,0.802984299996751,38,0
0,1,1,0.724856400003773,38,0
0,1,1,0.638003700005356,38,0
0,3,1,0.7706016000011,38,0
0,2,0,0.846759799998836,38,1
0,2,0,0.884441599991987,38,1
0,3,1,0.741658400002052,38,0
0,1,1,0.797727600001963,38,0
0,1,1,0.735646100001759,38,0
0,3,1,0.601983000000473,38,0
0,1,1,0.511048200001824,38,0
0,2,0,0.852348899992649,38,1
0,3,0,0.646398699987913,38,1
0,2,0,0.703000199995586,38,1
0,2,1,0.730412100005196,38,0
0,1,1,0.695233899998129,38,0
0,1,1,0.615237100006198,38,0
0,3,0,0.739470000000438,38,1
0,1,1,0.534904500003904,38,0
0,3,1,0.532917699994869,38,0
0,2,1,0.876455300007365,38,0
0,2,1,0.758796399997664,38,0
0,2,1,0.809377700003097,38,0
0,1,0,0.674833500001114,38,1
0,2,0,0.541189700001269,38,1
0,3,0,0.866369499999564,38,1
0,3,0,0.882161499990616,38,1
0,3,1,0.784935799994855,38,0
0,2,0,0.544173600006616,38,1
0,2,1,0.433587399995304,38,0
0,3,1,0.850648199993884,38,0
0,1,0,0.485158800001955,38,1
0,3,1,0.492071000000578,38,0
0,3,1,0.482141599990427,38,0
0,2,1,0.588492599999881,38,0
0,3,0,0.591249300006893,38,1
0,2,0,0.357679199994891,38,1
0,2,0,0.444470600006753,38,1
0,1,0,0.584389399999054,38,1
0,3,0,0.461985600006301,38,1
0,1,1,0.810841600003187,38,0
0,2,1,0.60759080000571,38,0
0,2,1,0.516194999989239,38,0
0,2,1,0.760510100008105,38,0
0,2,1,0.729602099992917,38,0
0,3,0,0.656382500004838,38,1
0,1,0,0.481618299992988,38,1
0,1,1,0.475527200003853,38,0
0,1,1,0.703776399997878,38,0
0,2,1,0.769906999994419,38,0
0,2,0,0.610106499996618,38,1
0,2,0,0.275606300012441,38,1
0,1,1,0.682128000000375,38,0
0,1,1,0.728624900002615,38,0
0,1,1,0.635027000011178,38,0
0,2,1,0.633289499994135,38,0
0,1,1,0.594694700004766,38,0
0,2,0,0.473212400000193,38,1
0,1,1,0.473083500008215,38,0
0,2,1,0.929989299998851,38,0
0,3,1,0.518031800005701,38,0
0,1,1,0.464921499995398,38,0
0,1,1,0.673019299996668,38,0
0,1,1,0.405318299992359,38,0
0,3,1,0.708360699994955,38,0
0,2,0,0.503191400013748,38,1
0,1,1,0.477915600000415,38,0
0,1,1,0.600673100008862,38,0
0,2,1,0.580951000010828,38,0
0,3,1,0.458299700010684,38,0
0,2,0,0.48440460000711,38,1
0,2,1,0.46154609999212,38,0
0,1,1,0.549730600003386,38,0
0,3,1,0.795931700005895,38,0
0,1,0,0.780825500012725,38,1
0,2,1,0.556350900005782,38,0
0,1,1,0.531040000001667,38,0
0,2,1,0.531372900004499,38,0
0,3,1,0.479400900003384,38,0
0,3,0,0.429338600006304,38,1
0,3,1,0.411511500002234,38,0
0,1,1,0.60982719999447,38,0
0,1,1,0.531739300000481,38,0
0,3,1,0.585574900003849,38,0
0,3,1,0.55007040000055,38,0
0,1,0,0.533811200002674,38,1
0,3,0,0.518703800000367,38,1
0,3,1,0.508484699996188,38,0
0,2,1,0.591290500000468,38,0
0,1,1,0.676175900007365,38,0
0,3,1,0.504672500013839,38,0
0,1,1,0.741783799996483,38,0
0,3,0,0.528331900000921,38,1
0,1,1,0.435980200010817,38,0
0,3,1,0.673390299998573,38,0
0,1,0,0.494569499991485,38,1
0,1,1,0.611893500012229,38,0
0,2,1,0.735998300006031,38,0
0,3,0,0.42004789999919,38,1
0,1,0,0.659952100002556,38,1
0,2,1,0.398067800007993,38,0
0,1,1,0.493079099993338,38,0
0,1,1,0.59980060000089,38,0
0,3,0,0.447078199998941,38,1
0,3,1,0.529301200003829,38,0
0,3,1,0.411991200002376,38,0
0,1,1,0.38032120000571,38,0
0,3,0,0.247154399999999,38,1
0,2,0,0.291511799994623,38,1
0,3,1,0.493444600011571,38,0
0,1,1,0.709375999998883,38,0
0,1,0,0.483752600004664,38,1
0,3,1,0.710227399991709,38,0
0,3,0,0.355301800009329,38,1
0,3,1,0.574002800000017,38,0
0,1,0,0.449239900000975,38,1
0,1,1,0.277623100002529,38,0
0,3,1,0.217905099998461,38,0
0,2,1,0.662010300002294,38,0
0,1,1,0.582890000005136,38,0
0,2,1,0.462576600009925,38,0
0,2,1,0.586624300005496,38,0
0,3,1,0.601295200001914,38,0
0,1,0,0.692981600004714,38,1
0,1,1,0.749240600009216,38,0
0,2,0,0.274893500012695,38,1
0,3,0,0.231424800003879,38,1
0,2,1,0.506776199996239,38,0
0,1,1,0.547763900001883,38,0
0,2,0,0.469350999992457,38,1
0,3,1,0.465445199995884,38,0
0,1,1,0.929591400010395,38,0
0,1,1,0.625924300009501,38,0
0,3,1,0.575099000008777,38,0
0,2,1,0.411136800001259,38,0
0,1,0,0.583939499992994,38,1
0,1,0,0.217297700000927,38,1
0,3,1,0.478776799995103,38,0
0,2,1,0.508853500010446,38,0
0,1,0,0.613832300005015,38,1
0,3,1,0.551986199992825,38,0
0,2,1,0.501467100009904,38,0
0,1,1,0.519608899994637,38,0
0,1,0,0.751718500003335,38,1
0,1,0,0.338257299998077,38,1
0,2,1,0.486253900002339,38,0
0,1,1,0.666502399995807,38,0
0,1,1,0.40131570000085,38,0
0,1,1,0.588539499993203,38,0
0,3,1,0.533794499991927,38,0
0,2,1,0.717660499998601,38,0
0,2,1,0.410972899990156,38,0
0,3,0,0.302848000006634,38,1
0,3,1,0.486260499994387,38,0
0,3,1,0.568647599997348,38,0
0,2,1,0.635903500005952,38,0
0,2,1,0.490040999997291,38,0
0,3,1,0.434359100006986,38,0
0,3,1,0.496632000009413,38,0
0,2,1,0.560693699997501,38,0
0,3,1,0.530786199989961,38,0
0,3,1,0.347803199998452,38,0
0,2,1,0.500139900002978,38,0
0,2,1,0.434347300004447,38,0
0,2,1,0.557086399989203,38,0
0,2,1,0.601071699988097,38,0
0,3,1,0.60398709999572,38,0
0,2,1,0.456293199997162,38,0
0,2,1,0.579561100006686,38,0
0,2,1,0.448823900005664,38,0
0,2,0,0.534211799997138,38,1
0,2,1,0.457021299996995,38,0
0,2,1,0.881932400006917,38,0
0,3,1,0.661991300003137,38,0
1,1,1,0.324745499994606,39,1
1,1,1,0.217485000001034,39,1
1,2,1,0.561436400021194,39,1
1,2,0,0.486639100010507,39,0
1,1,1,0.270573500019964,39,1
1,3,0,0.643073200015351,39,0
1,2,0,0.45925569999963,39,0
1,2,1,0.646461600001203,39,1
1,1,1,0.297699599992484,39,1
1,1,1,0.31318649998866,39,1
1,3,0,0.530891800008249,39,0
1,3,1,0.256351099989843,39,1
1,2,0,0.660405500006163,39,0
1,1,1,0.213104500027839,39,1
1,2,1,0.779981200001203,39,1
1,3,0,0.834941500012064,39,0
1,2,1,0.365456600004109,39,1
1,1,1,0.329314100003103,39,1
1,2,0,0.434789499995532,39,0
1,2,1,0.341181700001471,39,1
1,1,0,0.270199900027364,39,0
1,3,1,0.519921300001442,39,1
1,2,0,0.615754300000845,39,0
1,3,1,0.816730399994412,39,1
1,1,1,0.449976600008085,39,1
1,2,1,0.380275300005451,39,1
1,2,1,0.775385700020706,39,1
1,1,1,0.263377099996433,39,1
1,2,1,0.403016199998092,39,1
1,3,1,0.563001600006828,39,1
1,3,1,0.752351600007387,39,1
1,3,1,0.650382600026205,39,1
1,2,1,0.617942400014726,39,1
1,2,1,0.229583300009836,39,1
1,3,1,0.264754600008018,39,1
1,3,1,0.746411100000842,39,1
1,1,1,0.293690899998182,39,1
1,2,0,0.36402919999091,39,0
1,2,1,0.272203100001207,39,1
1,2,0,0.561526100005722,39,0
1,1,1,0.39166260001366,39,1
1,2,0,0.365439000015613,39,0
1,2,0,0.759883599996101,39,0
1,2,1,0.552398200001335,39,1
1,1,1,0.252042900014203,39,1
1,1,1,0.46755570001551,39,1
1,2,0,0.578370200004429,39,0
1,1,1,0.254607900016708,39,1
1,1,1,0.472879100008868,39,1
1,1,1,0.337117899995064,39,1
1,2,1,0.630708700016839,39,1
1,2,1,0.353563299984671,39,1
1,1,1,0.53808040000149,39,1
1,1,1,0.258718600001885,39,1
1,1,1,0.32491170000867,39,1
1,2,1,0.385891399986576,39,1
1,3,0,0.737281300011091,39,0
1,2,1,0.632323500001803,39,1
1,3,0,0.487826199998381,39,0
1,2,1,0.279054499987978,39,1
1,3,1,0.250915999989957,39,1
1,2,1,0.236111599981086,39,1
1,1,1,0.441346400009934,39,1
1,3,0,0.318335199990543,39,0
1,2,0,0.290786800003843,39,0
1,1,1,0.235377799981507,39,1
1,1,1,0.744518399995286,39,1
1,1,0,0.206116200017277,39,0
1,3,1,0.768776000011712,39,1
1,3,1,0.467540999990888,39,1
1,1,1,0.333267800015165,39,1
1,2,0,0.75263959998847,39,0
1,1,1,0.339684900012799,39,1
1,1,1,0.421299200010253,39,1
1,2,1,0.735084799991455,39,1
1,2,1,0.568341400008649,39,1
1,3,1,0.841240300011123,39,1
1,2,0,0.423029600002337,39,0
1,3,1,0.691645400016569,39,1
1,2,0,0.51953840002534,39,0
1,2,1,0.611002100020414,39,1
1,3,0,0.668377099995269,39,0
1,3,1,0.675800800003344,39,1
1,1,1,0.422758600005182,39,1
1,3,1,0.788599799998337,39,1
1,1,1,0.562123600015184,39,1
1,1,0,0.601278799993452,39,0
1,2,1,0.772800100006862,39,1
1,3,1,0.449402700003702,39,1
1,3,1,0.456149300007382,39,1
1,1,1,0.542258400004357,39,1
1,3,1,0.656213299982483,39,1
1,1,1,0.511741599999368,39,1
1,3,1,0.635307600023225,39,1
1,2,0,0.496538399980636,39,0
1,3,0,0.253881900018314,39,0
1,3,0,0.274520000006305,39,0
1,2,0,0.328284100018209,39,0
1,3,1,0.574322300002677,39,1
1,3,1,0.47729629999958,39,1
1,3,1,0.58852509999997,39,1
1,3,1,0.538063300016802,39,1
1,1,1,0.509809999988647,39,1
1,1,1,0.513844700006302,39,1
1,2,0,0.647181400010595,39,0
1,1,1,0.638842999993358,39,1
1,1,1,0.421042400004808,39,1
1,3,0,0.529763600003207,39,0
1,3,1,0.497922100010328,39,1
1,2,1,0.779101400024956,39,1
1,1,1,0.435509300004924,39,1
1,3,1,0.471363199991174,39,1
1,3,1,0.55347049998818,39,1
1,1,1,0.575464800000191,39,1
1,2,1,0.412100200017449,39,1
1,3,1,0.724535200017272,39,1
1,3,0,0.636929200001759,39,0
1,3,1,0.607052699982887,39,1
1,3,0,0.805541200010339,39,0
1,1,1,0.555217199987965,39,1
1,3,1,0.531372099998407,39,1
1,1,1,0.545253600022988,39,1
1,3,0,0.514037299988559,39,0
1,2,1,0.733279799984302,39,1
1,3,1,0.412670299992897,39,1
1,2,0,0.541096200002357,39,0
1,2,1,0.804335099994205,39,1
1,1,1,0.582417500001611,39,1
1,1,1,0.728466900007334,39,1
1,1,1,0.441441200004192,39,1
1,1,1,0.747618199995486,39,1
1,3,1,0.409468900004867,39,1
1,1,1,0.383357299986528,39,1
1,2,1,0.797690000006696,39,1
1,1,1,0.47010550001869,39,1
1,3,1,0.760714700008975,39,1
1,1,1,0.668610200023977,39,1
1,2,0,0.723807600006694,39,0
1,2,1,0.38221209999756,39,1
1,1,1,0.419485200021882,39,1
1,3,1,0.557831800018903,39,1
1,3,1,0.307812200015178,39,1
1,2,0,0.791086799988989,39,0
1,1,1,0.526122299983399,39,1
1,1,1,0.511373399989679,39,1
1,1,1,0.667452599998796,39,1
1,2,1,0.645300700009102,39,1
1,2,1,0.685673400002997,39,1
1,3,1,0.635503800003789,39,1
1,2,0,0.518197300028987,39,0
1,2,0,0.680448800005252,39,0
1,3,0,0.733422100020107,39,0
1,1,1,0.476324500021292,39,1
1,3,1,0.47475769999437,39,1
1,3,1,0.620310600002995,39,1
1,3,1,0.682060399994953,39,1
1,2,1,0.653364099998726,39,1
1,2,1,0.509429199999431,39,1
0,1,0,0.263229799980763,39,1
0,2,1,0.211985800007824,39,0
0,3,0,0.567740000027698,39,1
0,3,0,0.572614400007296,39,1
0,2,0,0.655426999990596,39,1
0,2,0,0.643452300020726,39,1
0,3,1,0.68064200002118,39,0
0,1,0,0.540412700007437,39,1
0,3,1,0.65855520000332,39,0
0,1,0,0.727186400006758,39,1
0,1,0,0.725471099984134,39,1
0,2,1,0.510110200004419,39,0
0,2,0,0.724391299998388,39,1
0,3,0,0.608337999990908,39,1
0,3,0,0.40664729999844,39,1
0,3,1,0.785346199991181,39,0
0,2,0,0.962833099998534,39,1
0,1,1,0.867029099987121,39,0
0,1,1,0.643356800021138,39,0
0,2,1,0.746104499994544,39,0
0,1,1,0.7689204000053,39,0
0,2,1,0.812130700011039,39,0
0,1,1,0.65616990000126,39,0
0,2,1,0.603602199989837,39,0
0,1,0,0.399666499986779,39,1
0,3,1,0.720733099995414,39,0
0,1,0,0.202999100001762,39,1
0,1,0,0.24464469999657,39,1
0,2,1,0.498787999997148,39,0
0,2,0,0.819116999977268,39,1
0,2,0,0.306786800007103,39,1
0,1,1,0.794681300001685,39,0
0,1,1,0.724845999997342,39,0
0,3,1,0.788280600012513,39,0
0,2,1,0.727375999995274,39,0
0,3,1,0.566389499988873,39,0
0,2,0,0.381068799993955,39,1
0,2,1,0.715607199992519,39,0
0,1,0,0.384878900018521,39,1
0,3,1,0.476812299981248,39,0
0,1,0,0.33954580000136,39,1
0,3,0,0.570200399990426,39,1
0,3,0,0.304210400005104,39,1
0,3,0,0.208385800011456,39,1
0,3,0,0.498976500006393,39,1
0,1,1,0.63638200002606,39,0
0,3,1,0.703794800007017,39,0
0,1,0,0.264760599995498,39,1
0,1,1,0.711304299999028,39,0
0,3,1,0.560676300025079,39,0
0,2,1,0.597855700005312,39,0
0,2,1,0.657047699991381,39,0
0,3,0,0.412385200004792,39,1
0,2,1,0.562096200010274,39,0
0,3,1,0.676335100026336,39,0
0,1,1,0.598930600011954,39,0
0,1,0,0.227366500010248,39,1
0,2,1,0.398973200004548,39,0
0,3,1,0.59090290000313,39,0
0,2,1,0.842310500011081,39,0
0,1,0,0.289079900016077,39,1
0,3,1,0.506557500018971,39,0
0,3,1,0.380275100003928,39,0
0,3,0,0.507254500000272,39,1
0,2,0,0.492104100005236,39,1
0,1,0,0.593600100022741,39,1
0,3,0,0.524229900009232,39,1
0,3,1,0.451193799992325,39,0
0,1,0,0.374015600013081,39,1
0,1,1,0.768079999979818,39,0
0,3,1,0.776227099995594,39,0
0,3,1,0.903434100007871,39,0
0,1,1,0.817169200017815,39,0
0,3,1,0.591606300004059,39,0
0,2,1,0.869332500005839,39,0
0,1,1,0.727539600018645,39,0
0,3,1,0.817997699981788,39,0
0,1,0,0.286683500016807,39,1
0,1,0,0.329576600022847,39,1
0,2,0,0.708715199987637,39,1
0,1,1,0.463113200006774,39,0
0,2,1,0.793323400022928,39,0
0,1,1,0.859347199992044,39,0
0,3,1,0.749230999994325,39,0
0,1,0,0.786530899989884,39,1
0,3,1,0.706700400012778,39,0
0,3,1,0.565653400000883,39,0
0,1,1,0.396516000007978,39,0
0,1,1,0.375505900010467,39,0
0,2,1,0.483846799994353,39,0
0,3,1,0.760378300008597,39,0
0,1,1,0.639341400004923,39,0
0,1,1,0.402276800014079,39,0
0,3,1,0.566970899992157,39,0
0,1,1,0.729674400005024,39,0
0,2,0,0.508029299991904,39,1
0,3,1,0.50328289999743,39,0
0,2,1,0.472334799997043,39,0
0,3,0,0.5327501000138,39,1
0,2,0,0.237320000014734,39,1
0,1,1,0.646361600025557,39,0
0,1,1,0.535004300007131,39,0
0,3,1,0.676099000003887,39,0
0,3,1,0.61339169999701,39,0
0,1,1,0.605576000001747,39,0
0,2,1,0.567911000020104,39,0
0,2,1,0.719435700011672,39,0
0,2,1,0.812570100009907,39,0
0,1,1,0.538457999995444,39,0
0,2,1,0.621069799992256,39,0
0,1,1,0.661724799982039,39,0
0,2,1,0.719110700010788,39,0
0,2,1,0.560944700002437,39,0
0,1,1,0.560358099988662,39,0
0,3,0,0.405090000014752,39,1
0,1,0,0.290750099986326,39,1
0,3,1,0.6134369999927,39,0
0,2,1,0.719261400023242,39,0
0,2,1,0.655210400000215,39,0
0,1,0,0.425536499998998,39,1
0,1,1,0.590350200014655,39,0
0,3,0,0.530585900007281,39,1
0,1,1,0.791700999980094,39,0
0,2,0,0.59829140000511,39,1
0,2,0,0.939086800004588,39,1
0,2,1,0.648532300023362,39,0
0,1,0,0.850654600013513,39,1
0,1,1,0.526425399992149,39,0
0,3,1,0.917065600020578,39,0
0,3,1,0.705070000025444,39,0
0,3,0,0.789396499982104,39,1
0,1,1,0.701418999989983,39,0
0,2,1,0.486955500004115,39,0
0,2,1,0.508186100021703,39,0
0,3,1,0.685161600005813,39,0
0,3,1,0.816144399985205,39,0
0,1,1,0.813354699988849,39,0
0,2,1,0.585576700017555,39,0
0,2,0,0.528518800012534,39,1
0,1,1,0.630256100004772,39,0
0,3,1,0.796335400023963,39,0
0,3,1,0.525890200020513,39,0
0,1,0,0.450964899995597,39,1
0,2,1,0.495945500006201,39,0
0,2,0,0.845477700000629,39,1
0,2,1,0.748365999985253,39,0
0,3,1,0.67068310000468,39,0
0,2,0,0.765447600017069,39,1
0,1,1,0.928827800002182,39,0
0,2,1,0.728185699990718,39,0
0,1,0,0.543794199998956,39,1
0,2,1,0.516446900030132,39,0
0,3,0,0.749761499988381,39,1
0,2,1,0.860754300025292,39,0
0,2,1,0.986191400006646,39,0
0,1,0,0.272861899982672,39,1
0,1,1,0.752634600008605,39,0
0,2,1,0.980584800010547,39,0
0,3,1,0.550295499997446,39,0
0,2,1,1.05261729998165,39,0
0,1,1,0.810358199989423,39,0
0,3,1,0.843632000003709,39,0
0,3,1,0.636427399993408,39,0
0,1,1,0.859821400023066,39,0
0,3,1,0.795363599987468,39,0
0,3,1,0.701461799995741,39,0
0,2,0,0.246454500011168,39,1
1,3,0,0.582256499968935,40,0
1,2,1,0.576340699975844,40,1
1,3,0,0.516112999990582,40,0
1,3,1,0.617647499981103,40,1
1,3,1,0.384478699997999,40,1
1,2,1,0.651877499971306,40,1
1,3,0,0.463079199980712,40,0
1,1,1,0.542992599977879,40,1
1,3,1,0.75952129997313,40,1
1,3,1,0.533648599957814,40,1
1,1,1,0.767833999969298,40,1
1,2,1,0.674719899980118,40,1
1,3,1,0.675362099980703,40,1
1,1,1,0.759527799964417,40,1
1,1,1,0.602789399970789,40,1
1,1,0,0.571160299965413,40,0
1,1,1,0.438683099957416,40,1
1,3,1,0.802004199969815,40,1
1,3,1,1.02627359997132,40,1
1,1,0,0.938831699982984,40,0
1,3,1,0.653523499990115,40,1
1,1,0,0.649570699984906,40,0
1,3,1,0.882441799971275,40,1
1,1,1,0.644156700000167,40,1
1,2,1,0.650122099963482,40,1
1,2,1,0.952639399969485,40,1
1,3,1,0.553891099989414,40,1
1,2,1,0.789176299964311,40,1
1,3,1,0.68395069995313,40,1
1,2,1,0.49846809997689,40,1
1,1,1,0.530152099992847,40,1
1,2,1,0.727756499982206,40,1
1,1,1,0.527923599991482,40,1
1,3,1,0.477861799998209,40,1
1,3,1,0.599284599971725,40,1
1,1,1,0.716036799974972,40,1
1,2,1,0.880714699975215,40,1
1,2,1,0.588682799978415,40,1
1,1,1,0.586457999976119,40,1
1,1,1,0.450220099970466,40,1
1,1,1,0.491834799962817,40,1
1,1,1,0.422312399983639,40,1
1,3,1,0.656214999966323,40,1
1,1,1,0.474887899967143,40,1
1,3,1,0.808032599976286,40,1
1,1,1,0.442686499969568,40,1
1,3,1,0.67719039999065,40,1
1,1,0,0.738113899977179,40,0
1,2,1,0.770135899976594,40,1
1,2,1,0.649570999958087,40,1
1,1,1,0.409091899986379,40,1
1,1,1,0.403665899968473,40,1
1,2,1,0.499786499975016,40,1
1,1,1,0.694263599958504,40,1
1,3,1,0.558130099962,40,1
1,1,1,0.610911199968541,40,1
1,2,1,0.601733699964825,40,1
1,2,1,0.71253949997481,40,1
1,2,1,0.416585399972973,40,1
1,2,1,0.303493799990974,40,1
1,1,1,0.507273099967279,40,1
1,3,1,0.611082899966277,40,1
1,2,1,0.958963199984282,40,1
1,3,1,0.682730599975912,40,1
1,2,1,0.731138799950713,40,1
1,1,1,0.477959599986207,40,1
1,1,1,0.550027199962642,40,1
1,1,1,0.687075399997411,40,1
1,1,1,0.354766199976439,40,1
1,2,1,0.689594599971315,40,1
1,2,1,0.69123659998877,40,1
1,2,1,0.502723499987042,40,1
1,1,1,0.427044999989448,40,1
1,2,1,0.497920499969041,40,1
1,3,1,0.717937699984759,40,1
1,1,1,0.90034699998796,40,1
1,3,1,0.692924999981187,40,1
1,2,1,0.585035599971889,40,1
1,2,1,0.597060499974759,40,1
1,3,1,0.64287129996228,40,1
1,2,1,0.737644999957411,40,1
1,1,1,0.384256599994842,40,1
1,3,1,0.605620599963004,40,1
1,2,1,0.661052399984328,40,1
1,2,1,0.400954899989301,40,1
1,3,0,0.54511709997314,40,0
1,1,1,0.653473799960921,40,1
1,3,1,0.586444299988216,40,1
1,1,1,0.45153739998932,40,1
1,1,1,0.66974949996802,40,1
1,3,1,0.523457199975383,40,1
1,3,1,0.514735099975951,40,1
1,1,1,0.649046799953794,40,1
1,2,1,0.44905309996102,40,1
1,1,1,0.498000499996124,40,1
1,3,1,0.806048499973258,40,1
1,3,1,0.739509399980307,40,1
1,3,1,0.685574599978281,40,1
1,2,1,0.638918499986175,40,1
1,2,1,0.626253899972653,40,1
1,3,1,0.570137599977897,40,1
1,2,1,0.681238599965582,40,1
1,1,1,0.553109099972062,40,1
1,3,1,0.493156499986071,40,1
1,3,1,0.482752199983224,40,1
1,2,1,0.424790199962445,40,1
1,3,0,0.668141899979673,40,0
1,1,1,0.780456099979347,40,1
1,1,1,0.527876899985131,40,1
1,3,1,0.667934599972796,40,1
1,3,1,0.578996299969731,40,1
1,2,1,0.801745499979006,40,1
1,2,1,0.496601099992404,40,1
1,3,1,0.621297499979846,40,1
1,3,1,0.604607899964321,40,1
1,3,1,0.507775499980198,40,1
1,1,1,0.436057799990522,40,1
1,2,0,0.725313299975824,40,0
1,2,1,0.527534399967408,40,1
1,2,1,0.386662199976854,40,1
1,1,1,0.525540199974785,40,1
1,2,1,0.682769899955019,40,1
1,2,1,0.436072699987562,40,1
1,3,1,0.598956899979385,40,1
1,1,1,0.562046399980318,40,1
1,1,1,0.477259399951436,40,1
1,1,1,0.424603399966145,40,1
1,2,1,0.735361699975329,40,1
1,1,0,0.482545599981677,40,0
1,3,1,0.616426299966406,40,1
1,2,1,0.535478299978422,40,1
1,2,1,0.77774639998097,40,1
1,2,1,0.463351699960185,40,1
1,1,1,0.550054299965268,40,1
1,3,1,0.473182399990037,40,1
1,1,1,0.471364999975776,40,1
1,2,1,0.568987799983006,40,1
1,2,1,0.644516599975759,40,1
1,2,1,0.494067999970866,40,1
1,2,1,0.473992899991572,40,1
1,3,1,0.525225799967302,40,1
1,3,1,0.611078199988697,40,1
1,1,1,0.513089299987769,40,1
1,3,1,0.533217899966985,40,1
1,3,1,0.471275899966713,40,1
1,3,1,0.356038899975829,40,1
1,2,1,0.506237399968086,40,1
1,3,0,0.451994099974399,40,0
1,1,1,0.490228499984369,40,1
1,3,1,0.572831799974665,40,1
1,2,1,0.531049999961397,40,1
1,2,1,0.37805509995087,40,1
1,3,1,0.46878339999239,40,1
1,1,1,0.438403799984371,40,1
1,3,1,0.57969869999215,40,1
1,3,1,0.5712451999716,40,1
1,1,1,0.496155999950133,40,1
1,1,1,0.378932399966288,40,1
1,2,1,0.821711399970809,40,1
1,1,1,0.54651649997686,40,1
1,2,1,0.559553799976129,40,1
1,1,1,0.418908399966313,40,1
1,2,1,0.495499599957839,40,1
1,2,1,0.386832599964691,40,1
1,3,1,0.464576899976237,40,1
1,1,1,0.427708499948494,40,1
1,3,1,0.61255069996696,40,1
1,2,1,0.50966889996198,40,1
1,3,1,0.558743999979924,40,1
1,1,1,0.483207999961451,40,1
1,2,1,0.693142699979944,40,1
1,1,1,0.478941999987001,40,1
1,1,1,0.46994729997823,40,1
0,3,0,0.871248099952936,40,1
0,1,0,0.535336699977051,40,1
0,2,0,0.740936099988176,40,1
0,3,0,0.504546699958155,40,1
0,1,1,0.667643199994927,40,0
0,1,1,0.817941299959784,40,0
0,1,1,0.634981399984099,40,0
0,2,1,0.746158199995989,40,0
0,1,1,0.964490799990017,40,0
0,3,0,0.822307399968849,40,1
0,3,1,0.736954499967396,40,0
0,3,1,0.849335099977907,40,0
0,1,1,0.869405899982667,40,0
0,3,1,0.851807299972279,40,0
0,2,1,0.704763099987758,40,0
0,2,1,0.990750099997967,40,0
0,3,1,0.575902299984591,40,0
0,3,1,0.649658099951921,40,0
0,3,1,0.473448599979747,40,0
0,1,1,0.795678499969654,40,0
0,1,1,0.682217799971113,40,0
0,1,1,0.534955999959493,40,0
0,1,1,0.556026399979601,40,0
0,3,1,0.68552209995687,40,0
0,2,1,0.790323899971554,40,0
0,3,0,0.598275999975158,40,1
0,3,1,0.790975099982461,40,0
0,3,1,0.574643599975388,40,0
0,1,1,0.873516199964797,40,0
0,1,1,0.793042499979492,40,0
0,1,0,0.569942999980412,40,1
0,3,1,0.856175399967469,40,0
0,1,0,0.607091299956664,40,1
0,2,0,0.698423799971351,40,1
0,3,1,0.682861999986926,40,0
0,2,1,0.635771299974294,40,0
0,2,1,0.626152899989393,40,0
0,3,1,0.82781239997712,40,0
0,2,1,1.01195379995625,40,0
0,2,1,0.926657499978319,40,0
0,3,1,0.74086169997463,40,0
0,3,1,0.609008099971106,40,0
0,3,1,0.531902299990179,40,0
0,2,0,0.884736699983478,40,1
0,2,1,0.468505299970275,40,0
0,1,1,0.630533799994737,40,0
0,1,0,0.362786299956497,40,1
0,3,1,0.83782499996596,40,0
0,1,0,0.628077699977439,40,1
0,1,1,0.581345799961127,40,0
0,3,1,1.04892169995583,40,0
0,3,1,0.409648599976208,40,0
0,2,0,0.724067899980582,40,1
0,1,1,0.888144699973054,40,0
0,2,0,1.05059379996965,40,1
0,2,1,0.578184599959059,40,0
0,2,1,0.685722199996235,40,0
0,3,1,0.570846999966307,40,0
0,1,1,0.630871699977433,40,0
0,2,1,0.507458099978976,40,0
0,1,1,0.71550009996281,40,0
0,3,1,0.466567699972074,40,0
0,2,1,0.912899299990386,40,0
0,2,1,0.523464899975806,40,0
0,2,1,0.591557099949569,40,0
0,1,1,0.680301399959717,40,0
0,1,1,0.774692299979506,40,0
0,2,1,0.599205299979076,40,0
0,1,1,0.673495999973966,40,0
0,3,1,0.53439229997457,40,0
0,1,1,0.497057199972915,40,0
0,2,1,0.651999799971236,40,0
0,1,0,0.56438379996689,40,1
0,3,1,0.590785499953199,40,0
0,3,1,0.533840999967651,40,0
0,3,1,0.421683199965628,40,0
0,1,1,0.454261399980169,40,0
0,1,1,0.911872399970889,40,0
0,2,1,0.74476079994929,40,0
0,2,1,0.74855999997817,40,0
0,3,1,1.02172479996807,40,0
0,2,1,0.675788799970178,40,0
0,3,1,0.625124699989101,40,0
0,3,1,0.685589599976083,40,0
0,2,1,0.615905999962706,40,0
0,1,1,0.538321999949403,40,0
0,2,0,0.433250199974282,40,1
0,2,1,0.725434399966616,40,0
0,1,1,0.64242429996375,40,0
0,3,1,0.576161799981492,40,0
0,2,1,0.508876399981091,40,0
0,2,1,0.868624699971406,40,0
0,1,1,0.911462099960772,40,0
0,2,1,0.79269169998588,40,0
0,2,1,0.561157399963122,40,0
0,3,1,0.673054599988973,40,0
0,2,1,0.626978599961149,40,0
0,2,0,0.342638199974317,40,1
0,1,1,0.635759199969471,40,0
0,2,1,1.03951539995614,40,0
0,3,1,0.580183799960651,40,0
0,2,0,0.332851699960884,40,1
0,1,1,0.764984899986302,40,0
0,2,1,0.681221499980893,40,0
0,3,1,0.648189899977297,40,0
0,1,1,0.683763199980604,40,0
0,3,1,0.702609799976926,40,0
0,2,1,0.579237199970521,40,0
0,3,1,0.828536999964854,40,0
0,3,1,0.665200399962487,40,0
0,1,1,0.560026299965102,40,0
0,2,1,0.94803219998721,40,0
0,3,1,0.684326099988539,40,0
0,3,1,0.640433799970197,40,0
0,3,1,0.702717899956042,40,0
0,1,1,0.715343399962876,40,0
0,2,1,0.621745499985991,40,0
0,1,1,0.446548899984919,40,0
0,1,1,0.537945099989884,40,0
0,2,1,0.723293299990473,40,0
0,3,1,0.558815499971388,40,0
0,2,0,0.481065799976932,40,1
0,1,1,0.702730299992254,40,0
0,3,1,0.7358962999715,40,0
0,1,1,0.495630099962,40,0
0,3,1,0.699807400000282,40,0
0,2,1,0.81504469999345,40,0
0,1,1,0.591148299979977,40,0
0,2,1,0.653629199950956,40,0
0,1,1,0.472095899982378,40,0
0,3,1,0.503786699962802,40,0
0,1,1,0.643829099979484,40,0
0,3,1,0.616174399969168,40,0
0,2,1,0.825163799978327,40,0
0,2,1,0.616746499959845,40,0
0,1,1,0.819567999977153,40,0
0,1,1,0.784279599989532,40,0
0,2,1,0.505316699971445,40,0
0,1,1,0.778520099964226,40,0
0,3,1,0.705187099956675,40,0
0,3,1,0.57682219997514,40,0
0,3,1,0.621002199972281,40,0
0,2,1,0.65192809997825,40,0
0,1,1,0.683983599970816,40,0
0,1,1,0.743029499979457,40,0
0,3,1,0.678686999977799,40,0
0,1,1,0.510890199977439,40,0
0,3,1,0.666270999994595,40,0
0,1,1,0.737177199975122,40,0
0,2,1,0.545452299964381,40,0
0,1,1,0.659971699991729,40,0
0,3,1,0.719464099995093,40,0
0,1,1,0.771924099972239,40,0
0,2,1,0.805085299973143,40,0
0,2,1,0.565521999989869,40,0
0,3,1,0.670764699956635,40,0
0,3,1,0.53211149998242,40,0
0,2,0,0.633866999996826,40,1
0,1,1,0.716816899977857,40,0
0,2,1,0.669477599964011,40,0
0,3,1,0.626309799961746,40,0
0,1,1,0.676690899970708,40,0
0,2,1,0.616496799950255,40,0
0,2,1,0.704280399950221,40,0
0,3,1,0.491601699963212,40,0
0,2,1,0.664601999975275,40,0
0,1,1,0.481625699991127,40,0
0,2,1,0.77894439996453,40,0
0,1,1,0.528303299972322,40,0
0,2,1,0.729808399977628,40,0
0,2,1,0.573391799960518,40,0
0,3,1,0.531664499954786,40,0
0,2,1,0.530386899976293,40,0
0,3,1,0.561266999982763,40,0
0,3,1,0.767988299980061,40,0
1,1,1,0.702762999979313,41,1
1,2,0,0.881419599987566,41,0
1,1,1,0.82569080000394,41,1
1,2,1,0.841898999991827,41,1
1,2,1,1.04925560002448,41,1
1,1,1,0.653400400013197,41,1
1,1,1,0.707670100004179,41,1
1,1,1,0.789128799980972,41,1
1,1,1,0.67504299999564,41,1
1,1,1,0.741430100024445,41,1
1,3,0,0.69702709998819,41,0
1,1,1,0.815685100009432,41,1
1,2,1,0.86387050000485,41,1
1,3,1,0.919071100011934,41,1
1,2,0,0.884879899997031,41,0
1,1,1,0.586942800000543,41,1
1,1,0,0.872911899990868,41,0
1,1,1,0.714755699998932,41,1
1,1,1,0.825621500000125,41,1
1,1,1,0.825472099997569,41,1
1,2,0,0.747147099988069,41,0
1,1,1,0.66914579999866,41,1
1,3,0,0.844931900006486,41,0
1,1,1,0.736821200000122,41,1
1,2,0,1.02968839998357,41,0
1,1,1,0.832250100007514,41,1
1,1,1,0.715841700002784,41,1
1,2,0,0.95607949999976,41,0
1,1,1,0.627498600020772,41,1
1,1,1,0.602367799991043,41,1
1,2,0,0.749872099986533,41,0
1,3,1,0.827482299995609,41,1
1,1,1,0.660936800006311,41,1
1,1,1,0.589389300002949,41,1
1,2,1,1.02241100001265,41,1
1,1,1,0.69608690001769,41,1
1,1,1,0.491705599997658,41,1
1,1,1,0.587762399984058,41,1
1,3,0,1.01718500000425,41,0
1,1,1,0.827009999979055,41,1
1,3,1,0.659327600005781,41,1
1,1,1,0.673840100003872,41,1
1,3,0,0.869609599991236,41,0
1,2,0,0.876071500009857,41,0
1,3,1,0.619991900020977,41,1
1,1,1,0.842978400003631,41,1
1,1,1,0.79781119999825,41,1
1,1,1,0.56433430002653,41,1
1,1,1,0.484190500021214,41,1
1,1,1,0.463877000001958,41,1
1,1,1,0.566030799993314,41,1
1,2,1,1.04888940000092,41,1
1,1,1,0.992743899987545,41,1
1,3,1,0.982526099978713,41,1
1,2,1,1.0657848000119,41,1
1,1,1,0.934845700016012,41,1
1,2,0,0.694076100015081,41,0
1,2,1,1.05480969999917,41,1
1,2,1,0.775530999992043,41,1
1,1,1,1.00191089999862,41,1
1,3,1,1.02984820000711,41,1
1,3,1,1.05423670000164,41,1
1,1,1,0.967402299982496,41,1
1,3,1,0.854403899982572,41,1
1,3,1,0.522222200001124,41,1
1,2,1,0.660069900011877,41,1
1,1,1,0.808085500000743,41,1
1,2,1,0.609644200012553,41,1
1,3,1,0.867812300013611,41,1
1,3,1,0.984179000020958,41,1
1,2,1,0.737229599995771,41,1
1,2,1,0.837051700014854,41,1
1,2,1,0.485149000014644,41,1
1,1,1,0.957933400000911,41,1
1,3,1,0.782328800007235,41,1
1,3,1,0.949596900027245,41,1
1,2,1,0.875975000002654,41,1
1,2,1,0.878289999993285,41,1
1,1,1,0.857734399993205,41,1
1,3,1,0.667174600006547,41,1
1,3,1,0.809358900005464,41,1
1,2,1,1.02486269999645,41,1
1,1,1,0.747363800008316,41,1
1,3,1,0.722658200014848,41,1
1,2,1,0.97554859999218,41,1
1,3,0,0.817065499984892,41,0
1,2,1,0.81893609999679,41,1
1,1,1,0.956206400005613,41,1
1,2,1,0.649806400004309,41,1
1,3,0,0.786998399998993,41,0
1,2,1,1.00505690000136,41,1
1,3,1,0.899283100006869,41,1
1,1,1,0.800286499987124,41,1
1,1,1,0.55978939999477,41,1
1,1,1,0.429361799993785,41,1
1,1,1,0.536519399989629,41,1
1,2,1,0.844931300001917,41,1
1,2,1,0.891320800001267,41,1
1,2,1,0.875807600008557,41,1
1,3,1,1.04591679997975,41,1
1,2,0,0.873514799983241,41,0
1,2,1,0.911763000010978,41,1
1,2,1,0.768940200010547,41,1
1,3,1,0.919839499983937,41,1
1,1,1,0.848707099998137,41,1
1,3,1,0.948019900009967,41,1
1,1,1,0.87390000000596,41,1
1,3,1,0.846986300020944,41,1
1,3,1,0.816760700021405,41,1
1,3,1,0.444983299996238,41,1
1,1,1,0.611153600009857,41,1
1,1,1,0.662923299998511,41,1
1,3,0,0.672997000016039,41,0
1,2,1,0.836955200007651,41,1
1,2,0,0.851782899990212,41,0
1,3,1,0.82378130001598,41,1
1,3,1,0.533263699995587,41,1
1,1,1,0.600031300011324,41,1
1,2,1,0.709577200002968,41,1
1,1,1,0.560496299993247,41,1
1,3,0,0.691690699983155,41,0
1,3,1,0.627033800003119,41,1
0,1,1,0.902443400002085,41,0
0,3,1,0.87869340000907,41,0
0,3,1,0.734212100011064,41,0
0,3,1,0.918244500004221,41,0
0,1,1,0.950275500013959,41,0
0,2,0,1.02455549998558,41,1
0,1,1,1.02033010000014,41,0
0,1,1,0.858330799994292,41,0
0,2,1,0.929033099993831,41,0
0,1,1,0.975846299988916,41,0
0,3,0,0.996123599994462,41,1
0,2,0,0.951535400003195,41,1
0,1,1,0.934977900004014,41,0
0,2,1,0.768717600003583,41,0
0,1,1,0.901558400015347,41,0
0,1,1,0.821294199995464,41,0
0,2,1,1.04418790002819,41,0
0,2,1,0.662448499992024,41,0
0,3,1,0.910642900009407,41,0
0,2,1,0.698138199979439,41,0
0,2,1,0.737485100020422,41,0
0,2,1,0.780510900018271,41,0
0,3,1,0.799551800009795,41,0
0,3,1,0.646033099998021,41,0
0,3,1,0.667226999998093,41,0
0,3,1,0.820731400017394,41,0
0,2,1,0.936985300009837,41,0
0,1,1,0.814270900009433,41,0
0,2,1,0.715094999992289,41,0
0,1,0,0.625698099989677,41,1
0,3,1,0.938243899989175,41,0
0,1,1,0.85976789999404,41,0
0,1,1,0.93656890001148,41,0
0,1,1,0.833222299988847,41,0
0,2,1,0.662717999977758,41,0
0,1,1,0.698743300017668,41,0
0,1,1,0.918261699989671,41,0
0,2,1,1.02431649999926,41,0
0,1,1,0.782069199980469,41,0
0,2,0,0.52314900001511,41,1
0,3,1,0.567079899978125,41,0
0,2,1,0.91974919999484,41,0
0,1,1,0.935042700002668,41,0
0,2,1,1.04269040000509,41,0
0,1,1,0.628310200001579,41,0
0,2,1,0.583022100006929,41,0
0,2,1,0.794964799977606,41,0
0,2,1,0.899249200010672,41,0
0,1,1,0.756062999978894,41,0
0,1,0,0.976907600008417,41,1
0,1,1,0.926021600025706,41,0
0,1,1,0.743419100006577,41,0
0,1,1,0.723142400005599,41,0
0,3,1,0.873363299993798,41,0
0,3,1,0.948244100000011,41,0
0,3,1,0.748600899998564,41,0
0,1,0,0.64517689999775,41,1
0,3,1,0.623296100005973,41,0
0,2,1,0.800146499997936,41,0
0,2,1,0.554969299992081,41,0
0,3,1,0.896010399999795,41,0
0,3,1,0.796826899982989,41,0
0,3,1,0.879554100014502,41,0
0,3,1,0.706095599976834,41,0
0,2,1,0.930875799997011,41,0
0,1,0,0.420025300001726,41,1
0,2,1,0.696662700007437,41,0
0,2,1,0.77317870000843,41,0
0,3,1,0.727658299991162,41,0
0,2,1,0.824423700018087,41,0
0,3,1,0.77111210001749,41,0
0,2,0,0.67567890000646,41,1
0,3,1,0.609070600010455,41,0
0,3,1,0.976215900009265,41,0
0,1,1,0.705289800011087,41,0
0,3,1,0.90608820001944,41,0
0,1,1,0.571036100009223,41,0
0,1,1,0.735298599989619,41,0
0,2,1,0.918150599987712,41,0
0,2,1,0.632634999987204,41,0
0,1,1,0.755396499997005,41,0
0,3,0,0.892867200018372,41,1
0,2,1,0.790979500015965,41,0
0,3,1,0.738337100017816,41,0
0,1,1,0.89609960000962,41,0
0,3,1,0.715950600017095,41,0
0,1,1,0.891463799984194,41,0
0,2,1,0.625408499996411,41,0
0,3,1,0.787003000004916,41,0
0,3,1,0.664531799993711,41,0
0,3,1,0.584812200017041,41,0
0,1,1,0.75926759999129,41,0
0,2,0,0.916066999983741,41,1
0,3,1,0.838193300005514,41,0
0,2,1,0.682983299979242,41,0
0,2,1,0.699246600008337,41,0
0,3,1,0.879855800012592,41,0
0,3,1,0.58217930002138,41,0
0,1,1,0.509984199976316,41,0
0,2,1,0.560331200016662,41,0
0,2,1,0.851623800001107,41,0
0,2,1,0.5696186000132,41,0
0,1,1,0.624506500025745,41,0
0,1,1,0.725003300001845,41,0
0,2,0,1.03207640000619,41,1
0,2,0,0.984620700008236,41,1
0,3,1,0.731848700001137,41,0
0,2,1,1.04686380000203,41,0
0,1,1,0.79110919998493,41,0
0,1,1,0.821905399992829,41,0
0,1,1,0.501741300016874,41,0
0,3,1,0.756791100022383,41,0
0,3,1,0.605482100014342,41,0
0,1,1,0.720631899981527,41,0
0,2,1,0.744187500007683,41,0
0,2,1,0.872929900011513,41,0
0,1,1,0.67298179998761,41,0
0,3,1,0.823186299996451,41,0
0,2,1,0.591700999997556,41,0
0,2,1,0.499069299985422,41,0
0,2,1,0.707183500024257,41,0
0,3,1,0.761388799990527,41,0
0,1,1,0.605742200015811,41,0
0,1,1,0.621531499986304,41,0
1,2,0,0.704083399992669,42,0
1,3,0,0.853932500001974,42,0
1,3,0,0.755876600014744,42,0
1,1,1,0.462664699996822,42,1
1,3,1,0.653651400003582,42,1
1,1,1,0.385286499978974,42,1
1,1,1,0.560600800003158,42,1
1,2,1,0.91845700002159,42,1
1,2,1,0.429832299996633,42,1
1,3,1,0.526973200001521,42,1
1,3,1,0.306883100012783,42,1
1,2,1,0.807466600002954,42,1
1,1,1,0.29447419999633,42,1
1,2,1,0.645277400006307,42,1
1,2,1,0.293058600014774,42,1
1,1,0,0.436470399989048,42,0
1,3,1,0.559455699985847,42,1
1,1,1,0.41409289999865,42,1
1,1,1,0.296644600020954,42,1
1,1,1,0.85739009999088,42,1
1,3,0,0.839777899993351,42,0
1,2,1,0.398460099997465,42,1
1,3,1,0.396420199977001,42,1
1,1,1,0.495550100022228,42,1
1,3,1,0.559917400008999,42,1
1,1,1,0.494439199974295,42,1
1,1,1,0.573268000007374,42,1
1,1,1,0.378800099977525,42,1
1,1,1,0.627605899993796,42,1
1,2,1,0.344569699984277,42,1
1,1,1,0.46270239999285,42,1
1,2,0,0.70489870000165,42,0
1,3,1,0.688329599972349,42,1
1,1,1,0.380210300005274,42,1
1,2,1,0.510318200016627,42,1
1,1,1,0.435213899996597,42,1
1,3,0,0.477738999994472,42,0
1,1,1,0.413381199992727,42,1
1,3,1,0.531806000013603,42,1
1,1,0,0.463870300009148,42,0
1,3,1,0.669642900000326,42,1
1,1,1,0.519745099998545,42,1
1,3,1,0.620420200022636,42,1
1,2,1,0.499906300014118,42,1
1,2,1,0.432686100015417,42,1
1,2,1,0.441410900006304,42,1
1,3,1,0.544909299991559,42,1
1,2,1,0.431028799997875,42,1
1,2,1,0.361999100015964,42,1
1,2,0,0.798934799997369,42,0
1,3,1,0.641080900008092,42,1
1,2,0,0.530426199984504,42,0
1,3,1,0.844579299999168,42,1
1,3,1,0.614745700004278,42,1
1,2,0,0.419671700015897,42,0
1,2,1,0.315356899984181,42,1
1,1,1,0.43790980000631,42,1
1,1,1,0.404111399984686,42,1
1,1,1,0.457694600016112,42,1
1,1,1,0.399179900006857,42,1
1,1,1,0.222948999988148,42,1
1,3,1,0.601543099997798,42,1
1,1,1,0.428545500006294,42,1
1,2,1,0.447541000001365,42,1
1,2,1,0.245388999988791,42,1
1,3,1,0.46683910000138,42,1
1,2,1,0.377878300001612,42,1
1,1,1,0.447475299995858,42,1
1,3,0,0.596088899997994,42,0
1,2,1,0.676496300002327,42,1
1,2,1,0.457837099995231,42,1
1,1,0,0.619435399974464,42,0
1,2,1,0.456689299986465,42,1
1,3,1,0.469140700006392,42,1
1,2,1,0.553381999983685,42,1
1,1,1,0.598942400014494,42,1
1,3,1,0.582096800004365,42,1
1,1,1,0.424730500002624,42,1
1,2,1,0.450919299997622,42,1
1,3,1,0.802305199991679,42,1
1,3,1,0.583018000004813,42,1
1,3,1,0.543125099997269,42,1
1,3,1,0.920004099985817,42,1
1,3,1,0.566450399986934,42,1
1,3,1,0.483226399985142,42,1
1,1,1,0.41780120000476,42,1
1,3,1,0.593186299985973,42,1
1,1,1,0.428889700007858,42,1
1,3,1,0.650108499976341,42,1
1,1,1,0.561019199987641,42,1
1,1,1,0.322389100008877,42,1
1,1,1,0.246389499981888,42,1
1,3,1,0.499535900016781,42,1
1,2,1,0.489676299999701,42,1
1,1,1,0.262465799984057,42,1
1,3,1,0.491358500003116,42,1
1,2,1,0.571328499994706,42,1
1,2,1,0.291333700006362,42,1
1,2,1,0.587430399988079,42,1
1,2,1,0.472481300006621,42,1
1,3,1,0.526622600009432,42,1
1,1,1,0.478638500004308,42,1
1,2,1,0.516453599993838,42,1
1,3,1,0.422640900011174,42,1
1,2,0,0.747984499990707,42,0
1,2,1,0.337356000003638,42,1
1,1,1,0.455947299982654,42,1
1,3,1,0.593342600011965,42,1
1,3,1,0.564282999985153,42,1
1,3,1,0.314547199988738,42,1
1,3,1,0.230887699988671,42,1
1,2,0,0.473767300019972,42,0
1,2,1,0.453758000017842,42,1
1,2,1,0.253026399994269,42,1
1,2,1,0.226607699994929,42,1
1,3,1,0.646764399978565,42,1
1,3,1,0.447710099979304,42,1
1,1,1,0.36043420000351,42,1
1,1,1,0.242397599999094,42,1
1,1,1,0.475122799980454,42,1
1,2,1,0.38152889997582,42,1
1,3,1,0.283547599974554,42,1
1,2,1,0.427851999993436,42,1
1,3,1,0.377761100011412,42,1
1,2,1,0.392840299988165,42,1
1,3,0,0.431015600013779,42,0
1,2,0,0.82304099999601,42,0
1,3,1,0.895297199982451,42,1
1,2,1,0.438977899990277,42,1
1,3,1,0.493960299994797,42,1
1,1,1,0.354357999982312,42,1
1,3,1,0.467564499995206,42,1
1,3,1,0.547563600004651,42,1
1,3,1,0.692908900004113,42,1
1,2,1,0.706258399994113,42,1
1,1,1,0.62868389999494,42,1
1,1,1,0.240745399991283,42,1
1,1,1,0.234269499982474,42,1
1,1,1,0.219144200003939,42,1
1,3,1,0.557741800002987,42,1
1,1,1,0.326297099993099,42,1
1,2,0,0.776354100002209,42,0
1,3,1,0.563704200001666,42,1
1,1,1,0.369304799998645,42,1
1,1,1,0.300200099998619,42,1
1,1,1,0.366562599985627,42,1
1,2,1,0.27044819999719,42,1
1,2,1,0.27265470000566,42,1
1,1,0,0.293208899995079,42,0
1,3,1,0.59459429999697,42,1
1,3,1,0.320376000017859,42,1
1,1,1,0.434021199995186,42,1
1,2,1,0.69893729998148,42,1
1,2,1,0.278801399981603,42,1
1,3,0,0.488431300007505,42,0
1,1,0,0.518133599980501,42,0
1,1,1,0.278617799980566,42,1
1,1,1,0.291973699990194,42,1
1,1,1,0.378674700012198,42,1
1,1,1,0.570921800012002,42,1
1,1,1,0.300897000008263,42,1
1,2,1,0.341433199995663,42,1
1,2,1,0.28351969999494,42,1
1,2,1,0.246567900001537,42,1
1,2,1,0.611101000016788,42,1
1,2,1,0.578672200004803,42,1
1,2,1,0.318168600002537,42,1
1,3,1,0.793059799994808,42,1
1,3,1,0.460022399987793,42,1
1,1,1,0.484614199987845,42,1
1,2,1,0.49859830000787,42,1
1,2,1,0.323515299998689,42,1
1,2,1,0.442395100020804,42,1
1,3,1,0.741667700000107,42,1
1,1,1,0.409963000012795,42,1
1,1,1,0.303205900010653,42,1
1,3,1,0.616381800005911,42,1
0,3,0,1.0018635999877,42,1
0,1,1,0.806815299991285,42,0
0,3,1,0.999431900010677,42,0
0,2,1,0.805129400017904,42,0
0,1,1,0.671552700019674,42,0
0,3,1,0.728594000014709,42,0
0,1,1,0.637933699996211,42,0
0,3,1,0.833957499999087,42,0
0,2,1,0.495901199989021,42,0
0,2,1,0.774601199984318,42,0
0,3,0,0.448747999995248,42,1
0,1,0,0.792854400002398,42,1
0,1,0,0.551427900005365,42,1
0,1,1,1.05416040000273,42,0
0,3,0,0.93872469998314,42,1
0,1,0,0.753495100012515,42,1
0,2,1,0.777354500023648,42,0
0,1,1,0.473610099987127,42,0
0,1,1,0.821681699977489,42,0
0,1,1,0.528139200003352,42,0
0,3,0,0.419763499987312,42,1
0,3,1,0.616744200000539,42,0
0,3,0,0.526443699985975,42,1
0,1,0,0.485864099988248,42,1
0,2,1,0.672396300011314,42,0
0,1,0,0.804351300001144,42,1
0,3,0,0.836150599992834,42,1
0,3,1,0.692098100000294,42,0
0,1,1,0.553956900024787,42,0
0,3,0,0.6485767000122,42,1
0,2,1,0.439658500021324,42,0
0,3,0,0.719420400011586,42,1
0,3,1,0.429768300004071,42,0
0,3,1,0.410345499985851,42,0
0,3,1,0.506350700015901,42,0
0,2,1,0.755960399983451,42,0
0,1,1,0.589128200022969,42,0
0,2,0,0.662839999975404,42,1
0,1,1,1.06143060000613,42,0
0,2,1,0.680517100001452,42,0
0,2,1,0.67861350000021,42,0
0,2,1,0.5725968000188,42,0
0,2,1,0.620188800006872,42,0
0,2,0,0.62513110000873,42,1
0,2,1,0.590799300000072,42,0
0,1,0,0.990144000010332,42,1
0,3,1,1.04588069999591,42,0
0,3,1,0.601587600016501,42,0
0,1,0,0.407303600019077,42,1
0,2,0,0.299574700009543,42,1
0,1,1,0.746594500000356,42,0
0,3,0,0.526201900007436,42,1
0,1,0,0.613911499996902,42,1
0,2,1,0.663998200005153,42,0
0,2,1,0.663962300022831,42,0
0,2,1,0.435222000000067,42,0
0,1,0,0.687491699995007,42,1
0,3,1,0.774111199978506,42,0
0,3,1,0.447144200006733,42,0
0,3,1,0.394442799995886,42,0
0,3,1,0.936043299996527,42,0
0,2,1,0.682020300009754,42,0
0,1,1,0.325136800005566,42,0
0,1,1,0.464912000024924,42,0
0,2,1,0.599240599985933,42,0
0,3,0,0.632279300014488,42,1
0,1,1,0.507888599997386,42,0
0,3,1,0.355599500006065,42,0
0,1,0,0.255382699979236,42,1
0,2,1,0.593554700026289,42,0
0,1,0,0.69942109999829,42,1
0,3,1,0.847288799996022,42,0
0,2,1,0.692218199983472,42,0
0,1,1,0.784398899995722,42,0
0,2,1,0.479005900007905,42,0
0,1,1,0.705916100007016,42,0
0,2,1,0.972488400002476,42,0
0,2,1,0.6411972999922,42,0
0,3,1,0.661491000006208,42,0
0,1,1,0.592800099984743,42,0
0,2,0,0.468702099984512,42,1
0,3,1,0.785906299977796,42,0
0,2,1,0.510591600002954,42,0
0,3,1,0.383331899996847,42,0
0,2,1,0.54557260000729,42,0
0,2,0,0.231019200000446,42,1
0,2,0,0.342240199999651,42,1
0,1,1,0.784087000007275,42,0
0,1,1,0.618697500001872,42,0
0,2,1,0.567238399991766,42,0
0,1,1,0.33268729998963,42,0
0,1,0,0.624763100000564,42,1
0,3,1,0.648831900005462,42,0
0,3,1,0.754833000013605,42,0
0,1,1,0.661727500002598,42,0
0,2,1,0.473151699989103,42,0
0,1,1,0.770407100004377,42,0
0,3,1,0.663452300010249,42,0
0,2,1,0.680024099972798,42,0
0,3,0,0.618027400021674,42,1
0,2,1,0.478694799996447,42,0
0,1,0,0.437769800017122,42,1
0,2,1,0.789554099988891,42,0
0,1,1,0.591281800006982,42,0
0,2,1,0.442507499974454,42,0
0,1,1,0.46185280001373,42,0
0,3,0,0.926733200001763,42,1
0,2,1,0.729606900014915,42,0
0,3,1,0.377047400019364,42,0
0,1,1,0.648520099988673,42,0
0,2,0,0.484494800009998,42,1
0,3,1,0.476198399992427,42,0
0,2,1,0.391727499983972,42,0
0,3,1,0.749417399987578,42,0
0,1,1,0.500176100002136,42,0
0,2,1,0.579760399996303,42,0
0,1,1,0.410720499989111,42,0
0,3,1,0.64889189999667,42,0
0,3,1,0.364763799996581,42,0
0,2,1,0.515942700003507,42,0
0,3,1,0.623329599999124,42,0
0,1,0,0.299053700000513,42,1
0,1,0,0.236793199990643,42,1
0,3,0,0.482382200018037,42,1
0,1,1,0.739746100007324,42,0
0,3,1,0.607582399999956,42,0
0,3,1,0.625910600007046,42,0
0,1,1,0.585779099987121,42,0
0,2,1,0.514214700000593,42,0
0,1,1,0.577221100014867,42,0
0,1,1,0.509772699995665,42,0
0,3,0,0.448067599994829,42,1
0,2,1,0.561927300004754,42,0
0,1,1,0.575906000012765,42,0
0,1,1,0.47378640001989,42,0
0,2,0,0.649311799992574,42,1
0,2,1,0.363390599988634,42,0
0,3,1,0.539026699989336,42,0
0,3,1,0.465998800005764,42,0
0,3,1,0.355476800003089,42,0
0,3,1,0.347618300002068,42,0
0,3,1,0.605194000003394,42,0
0,1,0,0.434652700001607,42,1
0,3,1,0.671722999977646,42,0
0,1,1,0.384501399996225,42,0
0,2,1,0.886264600005234,42,0
0,2,1,0.67231919997721,42,0
0,1,1,0.667767899984028,42,0
0,3,1,0.515505799994571,42,0
0,2,0,0.401385100005427,42,1
0,3,1,0.449475000001257,42,0
0,3,1,0.553331799979787,42,0
0,2,1,0.4194215000025,42,0
0,2,1,0.262353400001302,42,0
0,3,1,0.279210500011686,42,0
0,2,0,0.361957699991763,42,1
0,1,1,0.589358900004299,42,0
0,2,1,0.741518299997551,42,0
0,3,1,0.813840499991784,42,0
0,1,1,0.536867999995593,42,0
0,1,1,0.48308099998394,42,0
0,1,1,0.538782899995567,42,0
0,2,1,0.644920399994589,42,0
0,3,1,0.414112500002375,42,0
0,3,1,0.502746499987552,42,0
0,1,1,0.653105900011724,42,0
0,2,1,0.43989639999927,42,0
0,1,1,0.634840299986536,42,0
0,3,1,0.649829100002535,42,0
0,2,0,0.413303900015308,42,1
0,1,0,0.337452100007795,42,1
0,1,1,0.385641999979271,42,0
0,2,1,0.625493400002597,42,0
0,3,1,0.525398199999472,42,0
0,2,1,0.574729399988428,42,0
0,3,1,0.528564800013555,42,0
0,2,0,0.425173299998278,42,1
0,2,1,0.622176100005163,42,0
1,1,1,0.572599900042405,43,1
1,2,1,0.965861500037136,43,1
1,2,1,0.483257200045045,43,1
1,1,1,0.791410600038944,43,1
1,3,1,0.434315300022718,43,1
1,2,1,0.64848620002158,43,1
1,1,0,0.6579576000222,43,0
1,2,1,0.57764130004216,43,1
1,1,1,0.850896300020395,43,1
1,3,1,0.501329700025963,43,1
1,2,1,0.463486600026954,43,1
1,1,1,0.383559900044929,43,1
1,1,1,0.521341300016502,43,1
1,3,1,0.666030899999896,43,1
1,1,1,0.695977000024868,43,1
1,1,1,0.646315700025298,43,1
1,3,1,0.552545600017766,43,1
1,2,1,0.465537200012477,43,1
1,3,1,0.627708600048209,43,1
1,1,1,0.785842200013576,43,1
1,3,1,0.437441300047794,43,1
1,1,1,0.39665840001544,43,1
1,3,1,0.450662400049623,43,1
1,3,1,0.496075500035658,43,1
1,1,1,0.585115500027314,43,1
1,3,1,0.470958900026744,43,1
1,2,1,0.577524700027425,43,1
1,1,0,0.751775000011548,43,0
1,3,1,0.562157200009096,43,1
1,2,1,0.658358500018949,43,1
1,2,1,0.544817300047725,43,1
1,2,1,0.445600100036245,43,1
1,3,1,0.449929500027793,43,1
1,1,1,1.04194570003892,43,1
1,2,1,0.693226300005335,43,1
1,2,1,0.737962300016079,43,1
1,3,1,0.53276610004832,43,1
1,2,1,0.547905000013998,43,1
1,2,1,0.420480100030545,43,1
1,3,1,0.48784210003214,43,1
1,3,1,0.699965300009353,43,1
1,1,1,0.764958600018872,43,1
1,3,1,0.49624410000979,43,1
1,2,1,0.497022400028072,43,1
1,1,1,0.50963770004455,43,1
1,3,1,0.469656600034796,43,1
1,3,1,0.699780600029044,43,1
1,1,1,0.384550300019328,43,1
1,1,1,0.502849900018191,43,1
1,2,1,0.580858000030275,43,1
1,1,1,0.511110200022813,43,1
1,2,1,0.626537300035125,43,1
1,2,1,0.530735700041987,43,1
1,3,1,0.426597100042272,43,1
1,2,1,0.405080900003668,43,1
1,1,1,0.563946200039936,43,1
1,1,1,0.432772800035309,43,1
1,2,1,0.44025930002681,43,1
1,1,1,0.667909600015264,43,1
1,2,1,0.650898400024744,43,1
1,1,1,0.481471600010991,43,1
1,3,1,0.535977800027467,43,1
1,1,1,0.497930900048232,43,1
1,2,1,0.410763600026257,43,1
1,3,1,0.443385700025829,43,1
1,3,1,0.411065100022824,43,1
1,1,1,0.512481600046158,43,1
1,2,1,0.500810900033684,43,1
1,1,1,0.538830100034829,43,1
1,1,1,0.44829410003149,43,1
1,2,1,0.391387700015912,43,1
1,2,1,0.380569800006924,43,1
1,1,1,0.399514500022633,43,1
1,1,1,0.448533300019335,43,1
1,3,1,0.481149100029143,43,1
1,2,1,0.436037500010571,43,1
1,2,1,0.423505200044019,43,1
1,2,0,0.907692600012524,43,0
1,3,1,0.48010230003274,43,1
1,3,1,0.553843300032895,43,1
1,3,1,0.52997540004435,43,1
1,3,1,0.554795600037323,43,1
1,1,1,0.489912400022149,43,1
1,2,1,0.578998100041645,43,1
1,3,1,0.44964620002429,43,1
1,1,1,0.466069300018717,43,1
1,3,1,0.504773400025442,43,1
1,2,1,0.515910500020254,43,1
1,2,0,0.49762630002806,43,0
1,2,1,0.410309700004291,43,1
1,1,1,0.435880600038217,43,1
1,2,1,0.464966700004879,43,1
1,3,1,0.487614300014684,43,1
1,2,1,0.47604470004444,43,1
1,1,1,0.669969800015679,43,1
1,2,1,0.559756900038337,43,1
1,3,1,0.407815200014738,43,1
1,3,1,0.434389200032456,43,1
1,3,1,0.506020300032105,43,1
1,2,1,0.470294800034026,43,1
1,1,1,0.375359300029231,43,1
1,3,1,0.452382300049067,43,1
1,3,1,0.496704700024566,43,1
1,3,1,0.374705800000811,43,1
1,2,1,0.584715900040464,43,1
1,3,1,0.533091100020101,43,1
1,3,1,0.516657800006215,43,1
1,2,1,0.42087430000538,43,1
1,2,1,0.514513900037855,43,1
1,3,1,0.409826300019631,43,1
1,1,1,0.562604600039776,43,1
1,1,1,0.398524900025222,43,1
1,2,1,0.499680600012653,43,1
1,2,1,0.466469100036193,43,1
1,1,1,0.462861100008013,43,1
1,3,1,0.44910430003074,43,1
1,2,1,0.423183700011577,43,1
1,3,1,0.465991800039774,43,1
1,3,1,0.413795800006483,43,1
1,2,1,0.419311800040305,43,1
1,3,1,0.498313800024334,43,1
1,1,1,0.441383400029736,43,1
1,3,1,0.569179500016617,43,1
1,1,1,0.426840600004653,43,1
1,1,1,0.546391100040637,43,1
1,2,1,0.487767500046175,43,1
1,2,1,0.461503300030017,43,1
1,1,1,0.412292000051821,43,1
1,3,1,0.545282800041605,43,1
1,1,0,0.347721700032707,43,0
1,1,0,0.539663200033829,43,0
1,1,1,0.432068500027526,43,1
1,3,1,0.490721000009216,43,1
1,3,1,0.528042900026776,43,1
1,1,0,0.524360500043258,43,0
1,2,1,0.596058800030733,43,1
1,1,1,0.365167500043754,43,1
1,3,1,0.396530000027269,43,1
1,3,1,0.35554180003237,43,1
1,3,1,0.387627600022824,43,1
1,1,1,0.461406700051157,43,1
1,3,1,0.571133800025564,43,1
1,1,1,0.495492800051579,43,1
1,2,1,0.336744800006272,43,1
1,2,1,0.40909310002462,43,1
1,2,1,0.679819100041641,43,1
1,2,1,0.413126500003273,43,1
1,1,0,0.566196700034197,43,0
1,1,1,0.349520800024038,43,1
1,1,1,0.404039900022326,43,1
1,3,1,0.388356300041778,43,1
1,2,1,0.400998500030255,43,1
1,1,1,0.364768000028562,43,1
1,1,1,0.43007410003338,43,1
1,1,1,0.585796000028495,43,1
1,1,1,0.528282900020713,43,1
1,2,1,0.559690700029023,43,1
1,2,1,0.355895200016676,43,1
1,3,1,0.582293700019363,43,1
1,2,1,0.430361600010656,43,1
1,3,1,0.465834800008452,43,1
1,3,1,0.450851100031286,43,1
1,3,1,0.471904900012305,43,1
1,3,1,0.478340000030585,43,1
1,2,1,0.464518600027077,43,1
1,3,1,0.591590400028508,43,1
1,1,1,0.781535800022539,43,1
1,2,1,0.432266300020274,43,1
1,1,1,0.550573200016515,43,1
1,2,1,0.508449000044493,43,1
1,1,1,0.549976400012383,43,1
1,2,1,0.449770900042495,43,1
1,1,1,0.575246500025969,43,1
1,1,1,0.668025100021623,43,1
1,2,1,0.449548100004904,43,1
1,2,1,0.519338400044944,43,1
1,3,1,0.541229000024032,43,1
1,3,1,0.53209840002819,43,1
1,3,1,0.849156500014942,43,1
0,2,1,0.6416876000294,43,0
0,3,0,0.663885800022399,43,1
0,1,0,0.624790800007759,43,1
0,1,1,0.837345800042385,43,0
0,3,1,0.4868725000415,43,0
0,1,1,0.939447100041434,43,0
0,1,1,0.542202200042084,43,0
0,3,0,0.70421460000216,43,1
0,1,1,0.687375300040003,43,0
0,1,1,0.484829200024251,43,0
0,2,1,0.422384900011821,43,0
0,2,0,0.528494300029706,43,1
0,3,1,0.720397500030231,43,0
0,3,1,0.625475200009532,43,0
0,3,1,0.648839700035751,43,0
0,1,1,0.692560600029537,43,0
0,3,0,0.674698000046192,43,1
0,3,1,0.559725400031311,43,0
0,1,1,0.7356927000219,43,0
0,3,0,0.871032800030662,43,1
0,2,0,0.559332300035749,43,1
0,1,1,0.613228800008073,43,0
0,1,1,0.790835500025423,43,0
0,2,1,0.498411000036867,43,0
0,2,1,0.957646500028204,43,0
0,1,1,0.64705270002014,43,0
0,1,1,0.711458500038134,43,0
0,3,1,0.85162980001769,43,0
0,1,0,0.896267500036629,43,1
0,3,0,0.751416700019035,43,1
0,1,1,0.521187200036366,43,0
0,1,1,0.599236300011398,43,0
0,1,1,0.560910200030776,43,0
0,2,1,0.61473070003558,43,0
0,1,1,0.996432900021318,43,0
0,3,0,0.658181200007675,43,1
0,2,1,0.636302300030366,43,0
0,1,1,0.495651100034593,43,0
0,1,1,0.58572810003534,43,0
0,2,1,0.505692100006854,43,0
0,3,1,0.613657500041882,43,0
0,2,1,0.729096800030675,43,0
0,2,1,0.6105755000317,43,0
0,3,1,0.7248676000454,43,0
0,3,1,0.473156000021845,43,0
0,1,1,0.586825300037162,43,0
0,2,1,0.970970900030807,43,0
0,3,1,0.539743000030285,43,0
0,2,1,0.463309100043261,43,0
0,1,1,0.672726600023452,43,0
0,2,1,0.444068000040716,43,0
0,1,0,0.723734200029867,43,1
0,2,1,0.424257400038186,43,0
0,3,1,0.61889370001154,43,0
0,2,1,0.549306700035231,43,0
0,2,1,0.537058800022351,43,0
0,1,1,0.752540200017393,43,0
0,3,1,0.631012900004862,43,0
0,3,1,0.688832200044999,43,0
0,1,1,0.526574600022286,43,0
0,1,1,0.765515700040851,43,0
0,1,1,0.513435300003039,43,0
0,1,1,0.595293900027173,43,0
0,1,1,0.360709200031124,43,0
0,2,1,0.610579600033816,43,0
0,3,1,0.565440600039437,43,0
0,2,1,0.47855620001792,43,0
0,1,0,0.510348500014516,43,1
0,2,1,0.485182100033853,43,0
0,3,1,0.666234300035285,43,0
0,3,1,0.505302000034135,43,0
0,2,1,0.442898700013757,43,0
0,2,1,0.728217600029893,43,0
0,2,1,0.604163400043035,43,0
0,1,1,0.919755800015992,43,0
0,3,1,0.599761000019498,43,0
0,2,1,0.447068800014677,43,0
0,1,1,0.454608100029873,43,0
0,1,1,0.580617500032531,43,0
0,3,1,0.623057400051039,43,0
0,2,1,0.624493800045457,43,0
0,3,1,0.453810200007865,43,0
0,3,1,0.816884500003653,43,0
0,2,1,0.498161100025754,43,0
0,2,1,0.797210200020345,43,0
0,1,1,0.638566400040872,43,0
0,2,1,0.67847840001923,43,0
0,2,1,0.557925800036173,43,0
0,2,1,0.516848100029165,43,0
0,1,1,0.653802700020606,43,0
0,3,1,0.476460800040513,43,0
0,3,1,0.613533900032053,43,0
0,3,1,0.484728300012648,43,0
0,2,1,0.599396100034937,43,0
0,1,1,0.654371100041317,43,0
0,2,1,0.590707800001837,43,0
0,2,1,0.516439800034277,43,0
0,3,1,0.648619300016435,43,0
0,3,1,0.782106900005601,43,0
0,3,1,0.434852600039449,43,0
0,1,1,1.01305970002431,43,0
0,2,1,0.502811500045937,43,0
0,2,1,0.509599600016372,43,0
0,1,1,0.551094300026307,43,0
0,2,1,0.557170600019163,43,0
0,1,1,0.638840100029483,43,0
0,3,1,0.932753700035391,43,0
0,1,1,0.641631600039545,43,0
0,2,1,0.547899200028041,43,0
0,3,1,0.583688500046264,43,0
0,3,1,0.51239220003481,43,0
0,1,1,0.468675500043901,43,0
0,2,1,0.625028500013286,43,0
0,2,1,0.589790000027278,43,0
0,2,1,0.565658500010613,43,0
0,2,1,0.489994400035357,43,0
0,1,1,0.557101400045212,43,0
0,2,1,0.484745000023395,43,0
0,2,1,0.405938700016122,43,0
0,2,1,0.598495800019009,43,0
0,2,1,0.581811100011691,43,0
0,3,1,0.538666200038278,43,0
0,3,1,0.453211100015324,43,0
0,3,1,0.60477250002441,43,0
0,3,1,0.478809200023534,43,0
0,1,1,0.52190070002689,43,0
0,1,1,0.535982700035674,43,0
0,2,1,0.447703000041656,43,0
0,1,1,0.520096400025068,43,0
0,3,1,0.605985800037161,43,0
0,3,1,0.705438200035132,43,0
0,1,1,0.508576000022003,43,0
0,3,1,0.546019800036447,43,0
0,1,1,0.455815200024517,43,0
0,2,1,0.495191900001373,43,0
0,1,1,0.474936700018588,43,0
0,3,1,0.757723200018518,43,0
0,1,1,0.47790920000989,43,0
0,2,1,0.63375210002414,43,0
0,2,1,0.635296000022208,43,0
0,2,1,0.510971700015943,43,0
0,3,1,0.495063500013202,43,0
0,3,1,0.422064700018382,43,0
0,3,1,0.500728600018192,43,0
0,3,1,0.743456700030947,43,0
0,2,1,0.548886900010984,43,0
0,2,1,0.541440300032264,43,0
0,1,1,0.517348200024571,43,0
0,1,1,0.512490900029661,43,0
0,3,1,0.86271100002341,43,0
0,2,1,0.495351300021866,43,0
0,2,1,0.475944300007541,43,0
0,1,0,0.488500600011321,43,1
0,3,1,0.552727700036485,43,0
0,1,1,0.532410400046501,43,0
0,3,1,0.485950400005095,43,0
0,3,1,0.47603590003564,43,0
0,1,1,0.778852300019935,43,0
0,2,1,0.604116200032877,43,0
0,1,1,0.78039060003357,43,0
0,2,1,0.469097500026692,43,0
0,2,1,0.592941500042798,43,0
0,3,1,0.44476830001804,43,0
0,2,1,0.433349900034955,43,0
0,3,1,0.572402800025884,43,0
0,3,1,0.624282000033418,43,0
0,3,1,0.643315300025279,43,0
0,3,1,0.492052300047362,43,0
0,3,1,0.563448300032178,43,0
0,2,1,0.79800680000335,43,0
0,1,1,0.634155400039162,43,0
0,1,0,0.778450000012526,43,1
0,1,1,0.513021000020672,43,0
0,1,1,0.466693400026998,43,0
0,1,1,0.667200900032185,43,0
0,2,1,0.543740300025092,43,0
0,3,1,0.711287200043444,43,0
1,3,1,0.680057500023395,44,1
1,2,1,0.709672300028615,44,1
1,1,1,0.460168399964459,44,1
1,2,1,0.895299099967815,44,1
1,2,1,1.02887889998965,44,1
1,3,1,0.841840600012802,44,1
1,2,0,0.862266800017096,44,0
1,3,1,0.899873099988326,44,1
1,3,1,0.472091599949636,44,1
1,3,1,0.399857899989001,44,1
1,1,1,0.844509899965487,44,1
1,1,1,0.405192300095223,44,1
1,2,0,0.995435000048019,44,0
1,1,1,0.547791999997571,44,1
1,1,1,0.499753499985673,44,1
1,2,1,0.755157700041309,44,1
1,2,1,0.278104800032452,44,1
1,3,1,0.516160600003786,44,1
1,1,0,0.909964399994351,44,0
1,1,1,0.400703199906275,44,1
1,1,1,0.565109900082462,44,1
1,1,1,0.462919900077395,44,1
1,1,1,0.404964699991979,44,1
1,3,0,0.474675599951297,44,0
1,2,1,0.483068500063382,44,1
1,2,1,0.306882500066422,44,1
1,2,1,0.319442899897695,44,1
1,3,0,0.446814500028268,44,0
1,2,1,0.527350699994713,44,1
1,3,0,0.447118200012483,44,0
1,3,1,0.457868600031361,44,1
1,2,1,0.589570799958892,44,1
1,3,1,0.609432599972934,44,1
1,3,1,0.280712500098161,44,1
1,1,1,0.396793599938974,44,1
1,1,1,0.369465199997649,44,1
1,1,1,0.585960200056434,44,1
1,3,1,0.49751420004759,44,1
1,3,1,0.46655859996099,44,1
1,3,1,0.586849899962544,44,1
1,2,0,0.751962399925105,44,0
1,1,1,0.589692399953492,44,1
1,3,1,0.306728699943051,44,1
1,1,0,0.473651800071821,44,0
1,2,1,0.456053300062194,44,1
1,3,1,0.620649000047706,44,1
1,3,1,0.533551899949089,44,1
1,1,1,0.336652500089258,44,1
1,2,1,0.765087499981746,44,1
1,2,1,0.721044400008395,44,1
1,2,1,0.500268800067715,44,1
1,3,0,0.752547599957325,44,0
1,1,0,0.433191499905661,44,0
1,3,1,0.459263000055216,44,1
1,2,1,0.675554399960674,44,1
1,3,1,1.03511820000131,44,1
1,3,1,0.441667900071479,44,1
1,2,0,0.712090899934992,44,0
1,2,1,0.362547699944116,44,1
1,2,1,0.803696800023317,44,1
1,1,0,0.440634400001727,44,0
1,3,1,0.455475799972191,44,1
1,3,1,0.708217000006698,44,1
1,3,1,0.431769600021653,44,1
1,3,1,0.335313800023869,44,1
1,3,1,0.340946099953726,44,1
1,3,1,0.254052700009197,44,1
1,1,0,0.494033399969339,44,0
1,2,0,0.65082999994047,44,0
1,3,1,0.521452700020745,44,1
1,1,0,0.419687700108625,44,0
1,3,0,0.612414799979888,44,0
1,2,0,0.77608430001419,44,0
1,1,1,0.407158400048502,44,1
1,1,1,0.599284099997021,44,1
1,3,1,0.506659799953923,44,1
1,1,1,0.683242400060408,44,1
1,3,1,0.468727499945089,44,1
1,2,1,0.670003999955952,44,1
1,3,1,0.559723499929532,44,1
1,2,1,1.06749719998334,44,1
1,3,1,0.477702199947089,44,1
1,3,0,0.592112899990752,44,0
1,2,0,0.404037000029348,44,0
1,1,1,0.581655099987984,44,1
1,1,1,0.50310459989123,44,1
1,3,1,0.424401500029489,44,1
1,2,1,0.597723399987444,44,1
1,1,1,0.533297499991022,44,1
1,3,1,0.620963900000788,44,1
1,2,1,0.505779700004496,44,1
1,1,1,0.887761199963279,44,1
1,3,1,0.49160499998834,44,1
1,1,1,0.575900299940258,44,1
1,1,0,0.866259300033562,44,0
1,3,1,0.433577499934472,44,1
1,2,0,0.804254400078207,44,0
1,2,1,0.549915199982934,44,1
1,3,1,0.519990399945527,44,1
1,2,1,0.561485599959269,44,1
1,3,1,0.477385499980301,44,1
1,1,1,0.47395370004233,44,1
1,3,1,0.417492900043726,44,1
1,3,1,0.345145600032993,44,1
1,1,1,0.646718199946918,44,1
1,1,1,0.508968600071967,44,1
1,3,1,0.470374300028197,44,1
1,2,0,0.632453400059603,44,0
1,2,0,0.361999699962325,44,0
1,1,1,0.369023700011894,44,1
1,2,0,0.704031100030988,44,0
1,2,1,0.38944790000096,44,1
1,3,1,0.499488599947654,44,1
1,1,1,0.565655100042932,44,1
1,3,0,0.586117399972863,44,0
1,1,1,0.714171999949031,44,1
1,1,1,0.436416499898769,44,1
1,1,1,0.44389009999577,44,1
1,1,1,0.325110399979167,44,1
1,1,1,0.340556500013918,44,1
1,3,1,0.413589800009504,44,1
1,3,0,0.534447700018063,44,0
1,2,0,0.621548199909739,44,0
1,1,1,0.513145199976861,44,1
1,2,1,0.733478100039065,44,1
1,3,1,0.448671599966474,44,1
1,2,0,0.428666599909775,44,0
1,3,1,0.481155800051056,44,1
1,3,1,0.543448399985209,44,1
1,2,1,0.648634699988179,44,1
1,3,1,0.573158900020644,44,1
1,2,0,0.667038999963552,44,0
1,2,1,0.711806599982083,44,1
1,2,1,0.371940600103699,44,1
1,3,1,0.668337899958715,44,1
1,1,1,0.718670200090855,44,1
1,3,1,0.403116900008172,44,1
1,1,1,0.554285300080664,44,1
1,1,1,0.560581900062971,44,1
1,1,1,0.573758400045335,44,1
1,1,1,0.426854499964975,44,1
1,1,1,0.741290700039826,44,1
1,3,1,0.499703400069848,44,1
1,3,1,0.586667400086299,44,1
1,1,1,0.39299919991754,44,1
1,3,1,0.443282799911685,44,1
1,2,1,0.569036100059748,44,1
1,2,1,0.502502200077288,44,1
1,2,1,0.39982189994771,44,1
1,2,1,0.653305299929343,44,1
1,3,1,0.679127199924551,44,1
1,3,1,0.602289100061171,44,1
1,1,1,0.710146200028248,44,1
1,2,1,0.511750599951483,44,1
1,1,1,0.651453999918886,44,1
1,1,1,0.499217699980363,44,1
1,1,1,0.559017900028266,44,1
1,1,1,0.645421100081876,44,1
1,1,1,0.478887000004761,44,1
1,2,1,0.577328599989414,44,1
1,2,0,0.724872800055891,44,0
1,2,1,0.455748599953949,44,1
1,1,1,0.511214200058021,44,1
1,3,0,0.557109099929221,44,0
1,2,1,0.491980199934915,44,1
1,1,1,0.596743699978106,44,1
1,2,1,0.642250100034289,44,1
1,2,0,0.576663799933158,44,0
1,1,1,0.43458860006649,44,1
1,2,0,0.533295200089924,44,0
1,2,1,0.670165800023824,44,1
1,1,1,0.595691599999554,44,1
1,2,1,0.682394900009967,44,1
1,2,1,0.818326800013892,44,1
1,2,1,0.782473200000823,44,1
1,2,1,0.51838649995625,44,1
1,1,1,0.629830399993807,44,1
0,1,0,0.376678100088611,44,1
0,1,1,0.729504699935205,44,0
0,2,0,0.592789199901745,44,1
0,2,0,0.496321899932809,44,1
0,1,1,0.644851500052027,44,0
0,1,1,0.767738400027156,44,0
0,1,0,0.632370900013484,44,1
0,3,1,0.840616400004365,44,0
0,2,1,0.654837500071153,44,0
0,2,1,0.883791500004008,44,0
0,1,0,0.681403600028716,44,1
0,2,1,0.631705500069074,44,0
0,2,1,0.82197809999343,44,0
0,1,0,0.628762900014408,44,1
0,3,0,0.465133200050332,44,1
0,1,0,0.386304600047879,44,1
0,3,1,0.68134240002837,44,0
0,1,1,0.706656299997121,44,0
0,3,0,0.488160400069319,44,1
0,2,1,0.530746200005524,44,0
0,2,1,0.852297500008717,44,0
0,3,0,0.461249599931762,44,1
0,2,1,0.806026500067674,44,0
0,2,1,0.573655699961819,44,0
0,2,0,0.399464300018735,44,1
0,2,1,0.675927500007674,44,0
0,2,0,0.661461599986069,44,1
0,1,0,0.412068099947646,44,1
0,1,1,0.933006199891679,44,0
0,2,0,0.51422510005068,44,1
0,2,1,0.636609700042754,44,0
0,2,0,0.424885399988852,44,1
0,3,0,0.347234299988486,44,1
0,2,1,0.596198500017636,44,0
0,3,0,0.264799199998379,44,1
0,3,1,0.787847299943678,44,0
0,3,0,0.427135200006887,44,1
0,2,1,0.56581629998982,44,0
0,1,1,0.635443900013342,44,0
0,2,0,0.404581199982204,44,1
0,3,1,0.618039399967529,44,0
0,3,1,0.665033200057223,44,0
0,2,1,0.733920899918303,44,0
0,1,0,0.624871200066991,44,1
0,1,1,0.785065800067969,44,0
0,3,1,0.693515000049956,44,0
0,3,1,0.456034800037742,44,0
0,3,1,0.736210600007325,44,0
0,2,1,0.667749600019306,44,0
0,1,1,0.615119999973103,44,0
0,2,1,0.699709000065923,44,0
0,3,1,0.727074299938977,44,0
0,3,1,0.669591099955142,44,0
0,1,0,0.593883999972604,44,1
0,1,0,0.604162300005555,44,1
0,1,1,0.688538599992171,44,0
0,3,1,0.922744399984367,44,0
0,1,1,0.535573299974203,44,0
0,3,1,0.691460400004871,44,0
0,3,1,0.570935099967755,44,0
0,1,1,0.514261499978602,44,0
0,1,1,0.498928099987097,44,0
0,1,1,0.740051800035872,44,0
0,2,1,0.584052399965003,44,0
0,3,1,0.648955799988471,44,0
0,1,1,0.517951800022274,44,0
0,3,0,0.393684300011955,44,1
0,1,1,0.717806700034998,44,0
0,2,1,0.482906399993226,44,0
0,3,1,0.71735249995254,44,0
0,3,1,0.386390800005756,44,0
0,1,1,0.700955800013617,44,0
0,3,1,0.385957499966025,44,0
0,2,0,0.634223100030795,44,1
0,1,1,0.498189699952491,44,0
0,3,1,0.72696260001976,44,0
0,2,1,0.470629899995402,44,0
0,1,1,0.471294100047089,44,0
0,3,1,0.876881300006062,44,0
0,3,0,0.427363599999808,44,1
0,1,1,0.596030800021254,44,0
0,1,1,0.665859999950044,44,0
0,3,1,0.626704199938104,44,0
0,1,0,0.342511700000614,44,1
0,1,1,0.564878100063652,44,0
0,2,0,0.58072099997662,44,1
0,2,1,0.763097299961373,44,0
0,2,1,0.544467500061728,44,0
0,2,1,0.911647400003858,44,0
0,3,1,0.570071500027552,44,0
0,1,1,0.838238899945281,44,0
0,3,1,0.641318899928592,44,0
0,1,1,0.501232400070876,44,0
0,2,1,0.645134899998084,44,0
0,1,0,0.477135600056499,44,1
0,2,1,1.05584539996926,44,0
0,2,1,0.801377699943259,44,0
0,2,0,0.882135399966501,44,1
0,3,0,0.549507800024003,44,1
0,1,1,0.786066700005904,44,0
0,3,1,0.979097200091928,44,0
0,1,1,0.614210000028834,44,0
0,2,1,0.465583699988201,44,0
0,2,1,0.563733099959791,44,0
0,2,0,0.945382100064307,44,1
0,2,1,0.641806099913083,44,0
0,1,0,0.808500700048171,44,1
0,3,0,0.517497399938293,44,1
0,2,1,0.88274619996082,44,0
0,1,0,0.586139099905267,44,1
0,3,1,0.634807499940507,44,0
0,3,0,0.419590399949811,44,1
0,2,1,0.698188200010918,44,0
0,1,0,0.363336500013247,44,1
0,2,1,0.564670599997044,44,0
0,1,1,0.52863019995857,44,0
0,3,1,0.618455399991944,44,0
0,2,1,0.748953700065613,44,0
0,1,0,0.660709099960513,44,1
0,3,1,0.643884899909608,44,0
0,3,1,0.532011499977671,44,0
0,1,1,0.581830400042236,44,0
0,1,0,0.478261100011878,44,1
0,3,1,0.644685599952936,44,0
0,1,1,0.572455700021237,44,0
0,1,1,0.479535099933855,44,0
0,3,0,0.347361100022681,44,1
0,1,1,0.577636400004849,44,0
0,1,1,0.869917400064878,44,0
0,1,1,0.574807800003327,44,0
0,1,1,0.494346900028177,44,0
0,2,1,0.653452200000174,44,0
0,3,0,0.580808900063857,44,1
0,1,1,0.848640099982731,44,0
0,3,1,0.619272000039928,44,0
0,1,1,0.509890599991195,44,0
0,2,1,0.5814979999559,44,0
0,3,1,0.584045900031924,44,0
0,2,1,0.583639699965715,44,0
0,3,1,0.555632399977185,44,0
0,2,1,0.585061199963093,44,0
0,2,1,0.668444899958558,44,0
0,1,1,0.653330400004052,44,0
0,2,1,0.564023199956864,44,0
0,3,0,0.47972059994936,44,1
0,3,1,0.576119099976495,44,0
0,2,1,0.666699900059029,44,0
0,3,1,0.477850600029342,44,0
0,3,1,0.510055500082672,44,0
0,1,1,0.60096029995475,44,0
0,2,0,0.753096699947491,44,1
0,3,1,0.728975199977867,44,0
0,2,1,0.657536699902266,44,0
0,2,0,0.685446300078183,44,1
0,3,1,0.486227200017311,44,0
0,3,1,0.418995099957101,44,0
0,1,1,0.519269499927759,44,0
0,1,1,0.590610300074331,44,0
0,3,1,0.497394699952565,44,0
0,3,1,0.534216300002299,44,0
0,3,1,0.463575500063598,44,0
0,3,1,0.782645200029947,44,0
0,3,1,0.547724100062624,44,0
0,2,1,0.61581039999146,44,0
0,3,1,0.536889099981636,44,0
0,1,0,0.757986799930222,44,1
0,2,1,0.528875699965283,44,0
0,3,1,0.445964799961075,44,0
0,2,0,0.498055899981409,44,1
0,2,0,0.463619699934497,44,1
0,2,1,0.633930400013924,44,0
0,1,1,0.482978100073524,44,0
1,3,0,0.58974750014022,45,0
1,2,0,0.756797699956223,45,0
1,1,1,0.564514999976382,45,1
1,2,0,0.764559699920937,45,0
1,3,1,0.579724699957296,45,1
1,2,0,0.752755699912086,45,0
1,2,1,0.475646500010043,45,1
1,2,1,0.803784299874678,45,1
1,1,1,0.64225949998945,45,1
1,2,0,0.653095199959353,45,0
1,1,1,0.556589500047266,45,1
1,3,0,0.566076199989766,45,0
1,3,1,0.498114600079134,45,1
1,3,1,0.616556299850345,45,1
1,2,0,0.712899799924344,45,0
1,1,1,0.416223600041121,45,1
1,3,1,0.526488000061363,45,1
1,2,1,0.610337499994785,45,1
1,1,1,0.397843000013381,45,1
1,2,0,0.518971899989992,45,0
1,3,1,0.689351700013503,45,1
1,1,1,0.647278200136498,45,1
1,2,1,0.384024000028148,45,1
1,2,1,0.657346799969673,45,1
1,3,0,0.605415700003505,45,0
1,3,1,0.705276400083676,45,1
1,2,1,0.642226200085133,45,1
1,3,1,0.718040199950337,45,1
1,1,1,0.635339500149712,45,1
1,1,1,0.716355599928647,45,1
1,2,1,0.696002800017595,45,1
1,3,1,0.54439750011079,45,1
1,3,1,0.507189899915829,45,1
1,1,1,0.535156199941412,45,1
1,2,1,0.536567599978298,45,1
1,1,1,0.258462900063023,45,1
1,1,1,0.599756699986756,45,1
1,2,1,0.306430099997669,45,1
1,1,1,0.405034799827263,45,1
1,1,1,0.601457299897447,45,1
1,2,1,0.508792500011623,45,1
1,3,1,0.531335200183094,45,1
1,2,1,0.604177600005642,45,1
1,1,1,0.478019199799746,45,1
1,1,1,0.394004300003871,45,1
1,3,1,0.594460500171408,45,1
1,1,1,0.769368299981579,45,1
1,2,0,0.631012700032443,45,0
1,2,1,0.335034700110555,45,1
1,3,1,0.542496700072661,45,1
1,1,1,0.664493199903518,45,1
1,1,0,0.473801499931142,45,0
1,3,1,0.668330000014976,45,1
1,3,1,0.642580099869519,45,1
1,1,1,0.657715100096539,45,1
1,2,1,0.43881560000591,45,1
1,2,1,0.473182499874383,45,1
1,2,1,0.430352000053972,45,1
1,1,1,0.576970599824563,45,1
1,1,1,0.78636149992235,45,1
1,1,1,0.497190400026739,45,1
1,3,0,0.382640199968591,45,0
1,1,1,0.658925900002941,45,1
1,1,1,0.336524799931794,45,1
1,2,1,0.764251600019634,45,1
1,3,0,0.560454500140622,45,0
1,1,1,0.523617600090802,45,1
1,1,1,0.512647100025788,45,1
1,2,1,0.599613800179213,45,1
1,1,1,0.498396500013769,45,1
1,2,1,0.524453099817038,45,1
1,3,1,0.511353599838912,45,1
1,3,1,0.396427999949083,45,1
1,2,1,0.518659300170839,45,1
1,1,1,0.433800200000405,45,1
1,1,0,0.911142600001767,45,0
1,1,1,0.396019699983299,45,1
1,2,1,0.630980199901387,45,1
1,3,1,0.484616199973971,45,1
1,1,0,1.01053129998036,45,0
1,1,1,0.285786299966276,45,1
1,3,1,0.488434799946845,45,1
1,2,1,1.02323220018297,45,1
1,2,1,0.390624399995431,45,1
1,1,1,0.755105899879709,45,1
1,2,1,0.506836000131443,45,1
1,1,1,0.631422099890187,45,1
1,3,1,0.427349200006574,45,1
1,1,1,0.892412499990314,45,1
1,2,1,0.558572799898684,45,1
1,3,1,0.484845000086352,45,1
1,3,1,0.532523699803278,45,1
1,1,1,0.558100600028411,45,1
1,3,1,0.453619800042361,45,1
1,3,1,0.686075699981302,45,1
1,2,0,0.652272699866444,45,0
1,2,1,0.708186900010332,45,1
1,3,1,0.423636000137776,45,1
1,3,1,0.380553199909627,45,1
1,1,1,0.541959299938753,45,1
1,3,1,0.513271900126711,45,1
1,2,1,0.536649200133979,45,1
1,2,1,0.610329399816692,45,1
1,2,1,0.358502800110728,45,1
1,3,1,0.493633899837732,45,1
1,2,1,0.701065500034019,45,1
1,3,1,0.39427990000695,45,1
1,1,1,0.45885009993799,45,1
1,1,1,0.700941700022668,45,1
1,1,1,0.3908333000727,45,1
1,3,0,0.349717000033706,45,0
1,2,1,0.431594499852508,45,1
1,1,0,0.444396999897435,45,0
1,1,1,0.559457399882376,45,1
1,1,1,0.584350799908862,45,1
1,3,1,0.564318099990487,45,1
1,2,1,0.45919939992018,45,1
1,3,1,0.509533799951896,45,1
1,3,1,0.353978099999949,45,1
1,1,1,0.486706600058824,45,1
1,2,1,0.550869999919087,45,1
1,3,1,0.362183200195432,45,1
1,3,1,0.601682099979371,45,1
1,3,1,0.393075600033626,45,1
1,3,1,0.554469699971378,45,1
1,1,1,0.447524499846622,45,1
1,1,1,0.415642000036314,45,1
1,3,1,0.416584599995986,45,1
1,2,0,0.523592500016093,45,0
1,2,1,0.579956199973822,45,1
1,1,1,0.354672299930826,45,1
1,3,1,0.457858100067824,45,1
1,3,1,0.447003599954769,45,1
1,2,1,0.48378079989925,45,1
1,2,1,0.708615999901667,45,1
1,3,1,0.49237130000256,45,1
1,1,1,0.534850400174037,45,1
1,1,1,0.352695999899879,45,1
1,3,1,0.470675799995661,45,1
1,2,1,0.52284949994646,45,1
1,2,1,0.543284200131893,45,1
1,2,1,0.703818500041962,45,1
1,2,1,0.661152599845082,45,1
1,2,1,0.583556199911982,45,1
1,2,1,0.584254599874839,45,1
1,1,0,0.503896299982443,45,0
1,1,1,0.362536299973726,45,1
1,3,1,0.450575500028208,45,1
1,3,1,0.284240700071678,45,1
1,1,1,0.341354599921033,45,1
1,2,1,0.483449200168252,45,1
1,1,1,0.419144000159577,45,1
1,3,1,0.470451100030914,45,1
1,1,1,0.579860300058499,45,1
1,2,1,0.585593899944797,45,1
1,2,1,0.370713699841872,45,1
1,2,1,0.266274499939755,45,1
1,2,1,0.632390399929136,45,1
1,2,1,0.253019200172275,45,1
1,2,1,0.216753199929371,45,1
1,3,1,0.345458100084215,45,1
1,3,1,0.479805000126362,45,1
1,3,1,0.378655300009996,45,1
1,3,1,0.257088500075042,45,1
1,3,1,0.222700000042096,45,1
1,3,0,0.45881410012953,45,0
1,2,1,0.511122100055218,45,1
1,1,1,0.520341799827293,45,1
1,3,1,0.362405300140381,45,1
1,3,1,0.325719699962065,45,1
1,3,1,0.442485499894246,45,1
1,2,1,0.681046500103548,45,1
1,2,1,0.574331799987704,45,1
1,1,1,0.472297200001776,45,1
1,1,1,0.533488499931991,45,1
1,1,1,0.633719300152734,45,1
1,3,1,0.474771199980751,45,1
0,2,0,0.809509799815714,45,1
0,3,1,0.532708500046283,45,0
0,2,1,0.568393100053072,45,0
0,1,1,0.703657899983227,45,0
0,3,1,0.790577900130302,45,0
0,2,1,0.637243999866769,45,0
0,1,1,0.765476499916986,45,0
0,1,1,0.57679620012641,45,0
0,2,1,0.583028999855742,45,0
0,1,0,0.520043500000611,45,1
0,2,1,0.477132499916479,45,0
0,1,1,0.57340220012702,45,0
0,2,1,0.677971400087699,45,0
0,2,1,0.543491899967194,45,0
0,1,1,0.445901700062677,45,0
0,1,0,0.555069499881938,45,1
0,3,1,0.615892200032249,45,0
0,1,1,0.553388700122014,45,0
0,3,1,0.537486399989575,45,0
0,3,1,0.684812400024384,45,0
0,3,1,0.811446399893612,45,0
0,3,1,0.618767600040883,45,0
0,3,1,0.726011199876666,45,0
0,1,1,0.884972400031984,45,0
0,3,1,0.570473599946126,45,0
0,1,1,0.616621300112456,45,0
0,2,0,0.223139900015667,45,1
0,1,1,0.618815400172025,45,0
0,3,1,0.711069100070745,45,0
0,1,1,0.416665900032967,45,0
0,3,1,0.590544099919498,45,0
0,2,1,0.453901899978518,45,0
0,1,0,0.632659799885005,45,1
0,2,1,0.56661200011149,45,0
0,2,1,0.460705599980429,45,0
0,3,1,0.553618800127879,45,0
0,3,1,0.774930000072345,45,0
0,2,1,0.486422199988738,45,0
0,2,0,0.568523599999025,45,1
0,1,1,0.694782000035048,45,0
0,1,1,0.95125769986771,45,0
0,3,1,0.681024999823421,45,0
0,1,1,0.953259899979457,45,0
0,1,1,0.596833700081334,45,0
0,3,1,0.772541400045156,45,0
0,2,1,0.671132700052112,45,0
0,3,1,0.712952400092036,45,0
0,1,1,0.492836499819532,45,0
0,1,1,0.515262400032952,45,0
0,2,1,0.702936899848282,45,0
0,1,0,0.835536299971864,45,1
0,1,1,0.628691100049764,45,0
0,3,1,0.996113199973479,45,0
0,2,1,0.544218600029126,45,0
0,1,1,0.449781500035897,45,0
0,2,1,0.509515699930489,45,0
0,2,1,0.739648899994791,45,0
0,1,1,0.631950099952519,45,0
0,1,1,0.757384799886495,45,0
0,3,1,0.583910099929199,45,0
0,2,1,0.517424799967557,45,0
0,1,1,0.738979700021446,45,0
0,3,1,0.587142500095069,45,0
0,2,1,0.391729400027543,45,0
0,3,1,0.567262700060382,45,0
0,3,1,0.595773800043389,45,0
0,3,1,0.426723600132391,45,0
0,1,1,0.412121800007299,45,0
0,1,0,1.00769690005109,45,1
0,3,1,0.673383499961346,45,0
0,3,1,0.65411560004577,45,0
0,3,1,0.850975000066683,45,0
0,3,1,0.663639399921522,45,0
0,1,1,0.716399500146508,45,0
0,2,0,0.714049099944532,45,1
0,1,1,0.680207399884239,45,0
0,3,1,0.539447099901736,45,0
0,1,0,0.614029200049117,45,1
0,2,1,0.494895899901167,45,0
0,1,1,0.939449599944055,45,0
0,2,0,0.414310999913141,45,1
0,2,1,0.706350899999961,45,0
0,3,1,0.636363699799404,45,0
0,3,1,0.850886099971831,45,0
0,3,1,0.487728799926117,45,0
0,2,1,0.609291800064966,45,0
0,1,1,0.609434699872509,45,0
0,3,1,0.717693699989468,45,0
0,1,1,0.537537100026384,45,0
0,2,1,0.524391500046477,45,0
0,2,1,0.867882499936968,45,0
0,2,0,0.538654800038785,45,1
0,1,1,0.637302100192755,45,0
0,3,1,0.679794500116259,45,0
0,2,1,0.990864100167528,45,0
0,3,1,0.565327799879014,45,0
0,2,1,0.652727100066841,45,0
0,1,1,0.84910920006223,45,0
0,2,1,0.511684500146657,45,0
0,1,1,0.419482100056484,45,0
0,1,1,0.758966200053692,45,0
0,2,1,0.66541130002588,45,0
0,2,1,0.535336700035259,45,0
0,3,1,0.713287899969146,45,0
0,1,1,0.547379900002852,45,0
0,1,1,0.62706119986251,45,0
0,3,1,0.580396699951962,45,0
0,3,1,0.556669299956411,45,0
0,2,0,0.514166200067848,45,1
0,2,1,0.808810299960896,45,0
0,3,1,0.438427099958062,45,0
0,1,0,0.342438099905849,45,1
0,3,1,0.609111400088295,45,0
0,2,0,0.501897800015286,45,1
0,3,1,0.728158599929884,45,0
0,3,1,0.675224300008267,45,0
0,3,1,0.746179200010374,45,0
0,2,1,0.657680599950254,45,0
0,1,1,0.483443500008434,45,0
0,3,1,0.530099800089374,45,0
0,2,0,0.539693499915302,45,1
0,1,0,0.478432500036433,45,1
0,1,1,0.51695440011099,45,0
0,2,1,0.506591300014406,45,0
0,2,0,0.211318000219762,45,1
0,2,1,0.477084799902514,45,0
0,3,1,0.533542199991643,45,0
0,1,1,0.551555600017309,45,0
0,2,1,0.71645459998399,45,0
0,2,1,0.605621499940753,45,0
0,3,1,0.650694200070575,45,0
0,3,1,0.588101200060919,45,0
0,2,1,0.706429099896923,45,0
0,2,0,0.469701499911025,45,1
0,1,1,0.574008400086313,45,0
0,1,1,0.419813799904659,45,0
0,2,1,0.465886899968609,45,0
0,3,1,0.517646000022069,45,0
0,1,1,0.600701100192964,45,0
0,1,1,1.05316860019229,45,0
0,2,1,0.439294799929485,45,0
0,1,0,0.506713300012052,45,1
0,1,1,0.520003299927339,45,0
0,3,0,0.460520099848509,45,1
0,1,1,0.865388799924403,45,0
0,2,1,0.913776299916208,45,0
0,3,1,0.667945999884978,45,0
0,3,1,0.516778700053692,45,0
0,2,1,0.769135899841785,45,0
0,2,1,0.380981100024655,45,0
0,2,1,0.281448699999601,45,0
0,3,1,0.464659500168636,45,0
0,2,1,0.432723199948668,45,0
0,3,1,0.5846018998418,45,0
0,1,1,0.446289399871603,45,0
0,3,1,0.497761399950832,45,0
0,1,1,0.366916100028902,45,0
0,3,1,0.690137200057507,45,0
0,2,1,0.837754599982873,45,0
0,3,1,0.613452899968252,45,0
0,1,1,0.510237599955872,45,0
0,1,1,0.49231359991245,45,0
0,3,1,0.456421199953184,45,0
0,2,1,0.673735700082034,45,0
0,1,0,0.416957400040701,45,1
0,2,0,0.343631300143898,45,1
0,1,1,0.67054310021922,45,0
0,2,1,0.503977500135079,45,0
0,3,1,0.398958100005984,45,0
0,2,1,0.733999900054187,45,0
0,2,0,0.541381199844182,45,1
0,3,1,0.631292199948803,45,0
0,3,1,0.74637100007385,45,0
0,1,1,0.570701000047848,45,0
0,1,1,0.484545799903572,45,0
0,1,1,0.458898200187832,45,0
0,3,1,0.726610300131142,45,0
0,3,1,0.519562300061807,45,0
1,2,1,1.03048929991201,47,1
1,2,1,0.605944199953228,47,1
1,3,1,0.535881299991161,47,1
1,1,1,0.637336199870333,47,1
1,2,1,0.61119329999201,47,1
1,2,1,0.404711799928918,47,1
1,2,1,0.574364200001583,47,1
1,1,1,0.526985199889168,47,1
1,1,1,0.427342099836096,47,1
1,1,1,0.472215099958703,47,1
1,2,0,0.823126599891111,47,0
1,3,1,0.852488399948925,47,1
1,3,1,0.455998599994928,47,1
1,1,1,0.466952099930495,47,1
1,2,1,0.777991299983114,47,1
1,1,1,0.57873720000498,47,1
1,1,1,0.594314999878407,47,1
1,3,0,0.7537809999194,47,0
1,1,1,0.562598200049251,47,1
1,3,1,0.863455600105226,47,1
1,3,1,0.585287800058722,47,1
1,3,1,0.618122400017455,47,1
1,1,1,0.614599300082773,47,1
1,1,1,0.397315900074318,47,1
1,1,1,0.660996300168335,47,1
1,1,1,0.460297900019214,47,1
1,3,1,0.58867619978264,47,1
1,2,1,0.825994099956006,47,1
1,3,1,0.738922900054604,47,1
1,2,1,0.625702899880707,47,1
1,1,1,0.4984912998043,47,1
1,2,1,0.585678600007668,47,1
1,3,1,0.318526899907738,47,1
1,3,1,0.615459500113502,47,1
1,1,1,0.391239099903032,47,1
1,3,1,0.476553600048646,47,1
1,1,1,0.423260100185871,47,1
1,3,1,0.626196600031108,47,1
1,2,1,0.713832000037655,47,1
1,3,0,0.682617299957201,47,0
1,1,1,0.37806270015426,47,1
1,2,1,0.310208500130102,47,1
1,2,1,0.580148999812081,47,1
1,1,1,0.404236000031233,47,1
1,3,1,0.543299000011757,47,1
1,2,1,0.402063899906352,47,1
1,1,1,0.499710800126195,47,1
1,3,1,0.423669399926439,47,1
1,1,1,0.35355559992604,47,1
1,1,1,0.394751300103962,47,1
1,2,0,0.775896299863234,47,0
1,2,1,0.486868899781257,47,1
1,1,1,0.606096899835393,47,1
1,1,1,0.589346599997953,47,1
1,1,1,0.339165800018236,47,1
1,1,1,0.686303999973461,47,1
1,2,1,0.582029999932274,47,1
1,2,0,0.641967999981716,47,0
1,3,0,0.607221500016749,47,0
1,3,1,0.55803250009194,47,1
1,3,1,0.454024099977687,47,1
1,1,1,0.485154699999839,47,1
1,2,0,0.412185800028965,47,0
1,3,1,0.530113300075755,47,1
1,1,1,0.612395599950105,47,1
1,2,0,0.523066399851814,47,0
1,3,1,0.657719099894166,47,1
1,2,0,0.587864000117406,47,0
1,3,1,0.641822000034153,47,1
1,2,1,0.420573599869385,47,1
1,3,1,0.827909699873999,47,1
1,2,0,0.539368500001729,47,0
1,2,1,0.463784400140867,47,1
1,2,1,0.491038999985904,47,1
1,1,1,0.58367109997198,47,1
1,2,1,0.583917899988592,47,1
1,1,1,0.6273666000925,47,1
1,1,1,0.891527800122276,47,1
1,2,1,0.782462399918586,47,1
1,1,1,0.601315099978819,47,1
1,2,1,0.564363599987701,47,1
1,2,1,0.8239885000512,47,1
1,1,1,0.670472300145775,47,1
1,1,0,0.538820399902761,47,0
1,1,1,0.379234099993482,47,1
1,1,1,0.715780299855396,47,1
1,1,1,0.453343300148845,47,1
1,2,1,0.521600200096145,47,1
1,2,1,0.515946100000292,47,1
1,1,1,0.562289100140333,47,1
1,3,1,0.644862300017849,47,1
1,2,1,0.215697700157762,47,1
1,1,1,0.590932599967346,47,1
1,2,1,0.670906299958006,47,1
1,1,1,0.742212399840355,47,1
1,2,1,0.869188999990001,47,1
1,3,1,0.698917899979278,47,1
1,2,1,0.608601400163025,47,1
1,3,1,0.597728700144216,47,1
1,1,1,0.39393479982391,47,1
1,2,0,0.546667200047523,47,0
1,2,1,0.603229500120506,47,1
1,3,0,0.454455000115559,47,0
1,3,1,0.401155299972743,47,1
1,3,1,0.33798209996894,47,1
1,3,1,0.549081100150943,47,1
1,2,0,0.566595999989659,47,0
1,2,0,0.366926999995485,47,0
1,2,1,0.335229199845344,47,1
1,1,1,0.424558300059289,47,1
1,3,1,0.568279800005257,47,1
1,2,0,0.570504100061953,47,0
1,3,1,0.639832800021395,47,1
1,3,1,0.342856500064954,47,1
1,3,1,0.527713699964806,47,1
1,3,1,0.52731389994733,47,1
1,2,1,0.453756800154224,47,1
1,2,1,0.795080800075084,47,1
1,2,0,0.571991000091657,47,0
1,2,1,0.476399200037122,47,1
1,2,1,0.575552399968728,47,1
1,2,1,0.538046899950132,47,1
1,3,1,0.767070900183171,47,1
1,2,1,0.394023100147024,47,1
1,3,1,0.816582600120455,47,1
1,3,1,0.403555399971083,47,1
1,3,1,0.402582099894062,47,1
1,1,1,0.659409600077197,47,1
1,1,1,0.463701799977571,47,1
1,1,1,0.319007799960673,47,1
1,3,1,0.890358800068498,47,1
1,1,1,0.423217300092801,47,1
1,2,0,0.747230399865657,47,0
1,3,1,0.514529099920765,47,1
1,1,1,0.52038999996148,47,1
1,2,1,0.548893200000748,47,1
1,1,1,0.658273699926212,47,1
1,1,1,0.492500099819154,47,1
1,2,1,0.437690899940208,47,1
1,3,1,0.434614300029352,47,1
1,3,1,0.733478500042111,47,1
1,2,1,0.798867000034079,47,1
1,3,1,0.650557399960235,47,1
1,1,1,0.564056500094011,47,1
1,1,1,0.512528800172731,47,1
1,1,1,0.48659859993495,47,1
1,1,1,0.387976200086996,47,1
1,3,0,0.451154100010172,47,0
1,1,1,0.47651240020059,47,1
1,3,1,0.612675999989733,47,1
1,2,1,0.626648999983445,47,1
1,3,1,0.771265299990773,47,1
1,1,1,0.758186799939722,47,1
1,3,1,0.567713099997491,47,1
1,2,0,0.612705999985337,47,0
1,2,1,0.459066100185737,47,1
1,3,1,0.878985099960119,47,1
1,3,1,0.4425465001259,47,1
1,3,1,0.561326999915764,47,1
1,3,1,0.566277700010687,47,1
1,3,1,0.878918600035831,47,1
1,1,1,0.559824500000104,47,1
1,3,1,0.695084700128064,47,1
1,3,0,0.569515999872237,47,0
1,2,0,1.04597609979101,47,0
1,2,1,0.240637599956244,47,1
1,3,1,0.405227900017053,47,1
1,2,0,0.58828889997676,47,0
1,1,1,0.371578400023282,47,1
1,1,1,0.42492530005984,47,1
1,2,1,0.471115299966186,47,1
1,3,1,0.553915099939331,47,1
1,1,1,0.435421800008044,47,1
1,1,1,0.414949900005013,47,1
1,3,1,0.634965100092813,47,1
1,3,1,0.37547990004532,47,1
1,1,1,0.446304799988866,47,1
1,1,1,0.572588300099596,47,1
0,1,1,0.646989700151607,47,0
0,3,1,0.712137199938297,47,0
0,1,0,0.681810099864379,47,1
0,3,1,0.670017700176686,47,0
0,1,1,0.717926300130785,47,0
0,2,0,0.603039300069213,47,1
0,2,1,0.844167099799961,47,0
0,3,0,0.560868500033394,47,1
0,2,0,0.554084199946374,47,1
0,2,1,0.67764709983021,47,0
0,3,0,0.740761599969119,47,1
0,1,1,0.967544399900362,47,0
0,1,1,0.617087600054219,47,0
0,3,1,0.600432300008833,47,0
0,3,1,0.737967900000513,47,0
0,2,1,0.954715200001374,47,0
0,3,1,0.838547999970615,47,0
0,1,1,0.753856400027871,47,0
0,1,1,0.886456100037321,47,0
0,1,1,0.742451099911705,47,0
0,3,0,0.940140899969265,47,1
0,2,1,0.68701669992879,47,0
0,2,1,0.825309300096706,47,0
0,2,1,0.561029700096697,47,0
0,3,1,0.706056300085038,47,0
0,3,1,0.585393599933013,47,0
0,3,1,0.514260800089687,47,0
0,3,1,0.524154500104487,47,0
0,2,1,0.589837699895725,47,0
0,3,0,0.387927199946716,47,1
0,2,1,0.647969200043008,47,0
0,2,1,0.541868100175634,47,0
0,3,1,0.746169199934229,47,0
0,2,1,0.604664099868387,47,0
0,1,1,0.602629099972546,47,0
0,2,1,0.604407999897376,47,0
0,3,1,0.63194220000878,47,0
0,1,1,0.552327400073409,47,0
0,2,1,0.91683670016937,47,0
0,2,1,1.0551642999053,47,0
0,1,1,0.752920200116932,47,0
0,2,1,0.725401600124314,47,0
0,1,1,0.736430399818346,47,0
0,1,1,0.619287299923599,47,0
0,2,1,0.486600100062788,47,0
0,3,1,0.685314399888739,47,0
0,1,1,0.670432399958372,47,0
0,2,1,0.895034200046211,47,0
0,2,1,0.37705840007402,47,0
0,3,1,0.894571200013161,47,0
0,2,0,0.844248600071296,47,1
0,2,1,0.518071800004691,47,0
0,3,1,0.568800000008196,47,0
0,2,1,0.778194700134918,47,0
0,1,1,0.966024599969387,47,0
0,2,1,0.31877680006437,47,0
0,2,1,0.556639899965376,47,0
0,1,1,0.444893999956548,47,0
0,2,1,0.587223399896175,47,0
0,3,1,0.445658500073478,47,0
0,2,1,0.593173400033265,47,0
0,3,1,0.491939600091428,47,0
0,1,1,0.644082099897787,47,0
0,1,0,0.467652999795973,47,1
0,1,0,0.45539589994587,47,1
0,2,1,0.512033900013193,47,0
0,1,1,0.607330000028014,47,0
0,1,1,0.533894200110808,47,0
0,3,0,0.712387399980798,47,1
0,1,1,0.432637500111014,47,0
0,2,1,0.511023900005966,47,0
0,2,1,0.500473799882457,47,0
0,3,1,0.54136580019258,47,0
0,3,1,0.678199400193989,47,0
0,3,1,0.643727299990132,47,0
0,2,1,0.598775399848819,47,0
0,1,1,0.471007599961013,47,0
0,2,1,0.546445299871266,47,0
0,3,0,0.579728899989277,47,1
0,3,1,0.91509860008955,47,0
0,1,1,0.573548800079152,47,0
0,3,0,0.635611600009724,47,1
0,1,1,0.752366299973801,47,0
0,1,1,0.715525500010699,47,0
0,1,1,0.870114100165665,47,0
0,3,1,0.480726199923083,47,0
0,3,1,0.81260950001888,47,0
0,1,1,0.492437200155109,47,0
0,1,1,0.785895100096241,47,0
0,3,1,0.55699329986237,47,0
0,3,1,0.631337000057101,47,0
0,3,1,0.771259599830955,47,0
0,2,1,0.475297599798068,47,0
0,1,0,0.747050900012255,47,1
0,1,1,0.5364785999991,47,0
0,2,1,0.622124699875712,47,0
0,2,1,0.552653900114819,47,0
0,1,1,0.796671200077981,47,0
0,1,1,0.525279199937358,47,0
0,1,1,0.521431100089103,47,0
0,3,0,0.848481900058687,47,1
0,2,1,0.555817800108343,47,0
0,3,1,0.808826399967074,47,0
0,3,1,0.714458300033584,47,0
0,3,1,0.418586999876425,47,0
0,3,1,0.386017199838534,47,0
0,2,1,0.686315800063312,47,0
0,2,1,0.310204199980944,47,0
0,1,1,0.765910899965093,47,0
0,3,1,0.663169699953869,47,0
0,1,1,0.646438000025228,47,0
0,1,1,0.532917300006375,47,0
0,3,1,0.484650400001556,47,0
0,1,1,0.550913000013679,47,0
0,1,1,0.727717699948698,47,0
0,3,1,0.598249699920416,47,0
0,3,0,0.646975700045004,47,1
0,3,1,0.479826399823651,47,0
0,3,1,0.565614900086075,47,0
0,1,0,0.417711400194094,47,1
0,1,1,0.610486099962145,47,0
0,2,1,0.690663600107655,47,0
0,3,0,0.653688800055534,47,1
0,2,0,0.644972499925643,47,1
0,3,1,0.673745699925348,47,0
0,3,1,0.631773500004783,47,0
0,3,1,0.71152379992418,47,0
0,3,0,0.746211499907076,47,1
0,3,0,0.541747400071472,47,1
0,1,1,0.655747199896723,47,0
0,1,1,0.464345600223169,47,0
0,2,1,0.764894499909133,47,0
0,1,1,0.540844700066373,47,0
0,1,1,0.636243999935687,47,0
0,2,1,0.550833699991927,47,0
0,2,0,0.404643699992448,47,1
0,3,0,0.920045299921185,47,1
0,2,1,0.677160599967465,47,0
0,1,0,0.33738339995034,47,1
0,1,0,0.584565500030294,47,1
0,1,1,0.877394699957222,47,0
0,2,1,0.637245399877429,47,0
0,2,1,0.621974400011823,47,0
0,1,0,0.351378000108525,47,1
0,1,0,0.310000299941748,47,1
0,1,0,0.50237140012905,47,1
0,1,1,0.569347599986941,47,0
0,3,1,0.720022200141102,47,0
0,1,1,0.620993199991062,47,0
0,1,1,0.819896700093523,47,0
0,2,1,0.51154650002718,47,0
0,3,1,0.537769000045955,47,0
0,2,1,0.839451899984851,47,0
0,1,1,0.616085600107908,47,0
0,3,1,0.739842799957842,47,0
0,2,1,0.572070599999279,47,0
0,3,1,0.536476100096479,47,0
0,2,1,0.557940500089899,47,0
0,3,1,0.690279100090265,47,0
0,2,1,0.586471499875188,47,0
0,3,1,0.701152499997988,47,0
0,2,1,0.642235599923879,47,0
0,1,0,0.52218300011009,47,1
0,1,1,0.675340399844572,47,0
0,3,1,0.589786099968478,47,0
0,2,1,0.57145360019058,47,0
0,2,1,0.688977100187913,47,0
0,2,1,0.582952799974009,47,0
0,1,1,0.746061400044709,47,0
0,2,1,0.591092000016943,47,0
0,2,0,0.706071199849248,47,1
0,3,0,0.904390300158411,47,1
0,3,1,0.73528220015578,47,0
0,2,1,0.693543600151315,47,0
0,1,1,0.586060300003737,47,0
0,1,1,0.55900470004417,47,0
0,2,1,0.613556200172752,47,0
